bench,run,seed,seg_size,k,snapshot,executed_ops,avg_us,p99_us,throughput,global_event_t,sqrt_seg,log2_seg
E,1,42,50,2,1,300,17.461,127.9,57270.5,1,7.071,5.644
E,1,42,50,2,2,600,9.479,25.8,105496.4,1,7.071,5.644
E,1,42,50,2,3,900,11.218,25.3,89139.8,1,7.071,5.644
E,1,42,50,2,4,1200,12.013,76.6,83245.5,1,7.071,5.644
E,1,42,50,2,5,1500,9.661,25.9,103509.0,1,7.071,5.644
E,1,42,50,2,6,1800,10.995,31.7,90950.4,1,7.071,5.644
E,1,42,50,2,7,2100,13.238,71.3,75538.2,1,7.071,5.644
E,1,42,50,2,8,2400,13.832,46.7,72294.4,1,7.071,5.644
E,1,42,50,2,9,2700,14.009,43.6,71382.7,1,7.071,5.644
E,1,42,50,2,10,3000,17.348,72.3,57643.5,1,7.071,5.644
E,1,42,50,2,11,3300,22.496,73.2,44452.3,1,7.071,5.644
E,1,42,50,2,12,3600,20.536,62.0,48695.8,1,7.071,5.644
E,1,42,50,2,13,3900,19.701,63.3,50759.7,1,7.071,5.644
E,1,42,50,2,14,4200,28.209,100.5,35449.3,1,7.071,5.644
E,1,42,50,2,15,4500,24.285,77.1,41177.7,1,7.071,5.644
E,1,42,50,2,16,4800,24.078,78.7,41531.7,1,7.071,5.644
E,1,42,50,2,17,5100,29.501,92.4,33897.5,1,7.071,5.644
E,1,42,50,2,18,5400,27.505,84.6,36357.5,1,7.071,5.644
E,1,42,50,2,19,5700,28.165,97.1,35505.1,1,7.071,5.644
E,1,42,50,2,20,6000,32.116,93.8,31136.8,1,7.071,5.644
E,1,42,50,2,21,6300,29.562,92.6,33827.2,1,7.071,5.644
E,1,42,50,2,22,6600,10.383,30.0,96314.4,1,7.071,5.644
E,1,42,50,2,23,6900,8.467,25.6,118101.0,1,7.071,5.644
E,1,42,50,2,24,7200,10.43,47.3,95874.2,1,7.071,5.644
E,1,42,50,2,25,7500,8.572,23.9,116663.4,1,7.071,5.644
E,1,42,50,2,26,7800,7.084,17.5,141163.2,1,7.071,5.644
E,1,42,50,2,27,8100,7.909,19.4,126432.9,1,7.071,5.644
E,1,42,50,2,28,8400,8.769,18.2,114038.1,1,7.071,5.644
E,1,42,50,2,29,8700,10.43,22.2,95880.3,1,7.071,5.644
E,1,42,50,2,30,9000,12.892,35.9,77565.5,1,7.071,5.644
E,1,42,50,2,31,9300,18.261,139.9,54762.5,1,7.071,5.644
E,1,42,50,2,32,9600,13.866,32.1,72120.6,1,7.071,5.644
E,1,42,50,2,33,9900,15.717,35.9,63626.7,1,7.071,5.644
E,1,42,50,2,34,10200,16.605,40.7,60221.6,1,7.071,5.644
E,1,42,50,2,35,10500,17.153,43.7,58300.0,1,7.071,5.644
E,1,42,50,2,36,10800,20.458,63.7,48881.4,1,7.071,5.644
E,1,42,50,2,37,11100,20.373,50.0,49083.8,1,7.071,5.644
E,1,42,50,2,38,11400,22.702,57.4,44049.0,1,7.071,5.644
E,1,42,50,2,39,11700,21.28,56.2,46991.7,1,7.071,5.644
E,1,42,50,2,40,12000,22.937,73.8,43598.3,1,7.071,5.644
E,1,42,50,3,1,300,16.969,129.2,58929.8,1,7.071,5.644
E,1,42,50,3,2,600,9.23,26.2,108346.3,1,7.071,5.644
E,1,42,50,3,3,900,11.717,53.1,85346.1,1,7.071,5.644
E,1,42,50,3,4,1200,11.106,78.8,90038.7,1,7.071,5.644
E,1,42,50,3,5,1500,9.441,26.0,105924.7,1,7.071,5.644
E,1,42,50,3,6,1800,10.678,28.4,93650.5,1,7.071,5.644
E,1,42,50,3,7,2100,13.017,72.1,76822.6,1,7.071,5.644
E,1,42,50,3,8,2400,13.1,68.2,76337.8,1,7.071,5.644
E,1,42,50,3,9,2700,13.702,43.9,72982.0,1,7.071,5.644
E,1,42,50,3,10,3000,16.951,79.3,58994.7,1,7.071,5.644
E,1,42,50,3,11,3300,22.1,70.3,45248.9,1,7.071,5.644
E,1,42,50,3,12,3600,20.109,59.9,49728.2,1,7.071,5.644
E,1,42,50,3,13,3900,19.795,63.9,50517.0,1,7.071,5.644
E,1,42,50,3,14,4200,21.193,67.9,47186.1,1,7.071,5.644
E,1,42,50,3,15,4500,23.843,73.7,41941.0,1,7.071,5.644
E,1,42,50,3,16,4800,23.587,78.7,42395.6,1,7.071,5.644
E,1,42,50,3,17,5100,28.727,87.5,34810.9,1,7.071,5.644
E,1,42,50,3,18,5400,27.053,85.5,36964.5,1,7.071,5.644
E,1,42,50,3,19,5700,27.447,87.9,36433.4,1,7.071,5.644
E,1,42,50,3,20,6000,31.652,101.9,31593.9,1,7.071,5.644
E,1,42,50,3,21,6300,28.241,92.7,35409.1,1,7.071,5.644
E,1,42,50,3,22,6600,10.208,30.6,97962.4,1,7.071,5.644
E,1,42,50,3,23,6900,8.297,25.4,120530.3,1,7.071,5.644
E,1,42,50,3,24,7200,9.924,30.2,100769.2,1,7.071,5.644
E,1,42,50,3,25,7500,8.596,24.4,116337.7,1,7.071,5.644
E,1,42,50,3,26,7800,6.997,17.8,142911.6,1,7.071,5.644
E,1,42,50,3,27,8100,7.755,19.6,128943.5,1,7.071,5.644
E,1,42,50,3,28,8400,8.733,18.1,114503.8,1,7.071,5.644
E,1,42,50,3,29,8700,13.52,24.2,73964.5,1,7.071,5.644
E,1,42,50,3,30,9000,12.315,28.0,81204.0,1,7.071,5.644
E,1,42,50,3,31,9300,17.876,138.8,55939.9,1,7.071,5.644
E,1,42,50,3,32,9600,13.808,32.4,72421.8,1,7.071,5.644
E,1,42,50,3,33,9900,16.74,41.3,59736.0,1,7.071,5.644
E,1,42,50,3,34,10200,16.623,39.3,60157.6,1,7.071,5.644
E,1,42,50,3,35,10500,17.116,43.6,58424.9,1,7.071,5.644
E,1,42,50,3,36,10800,20.535,98.1,48696.6,1,7.071,5.644
E,1,42,50,3,37,11100,20.243,48.9,49400.6,1,7.071,5.644
E,1,42,50,3,38,11400,22.154,56.9,45137.9,1,7.071,5.644
E,1,42,50,3,39,11700,21.145,57.3,47293.2,1,7.071,5.644
E,1,42,50,3,40,12000,22.653,63.1,44143.6,1,7.071,5.644
E,1,42,50,4,1,300,16.703,128.1,59869.5,1,7.071,5.644
E,1,42,50,4,2,600,9.213,34.5,108538.4,1,7.071,5.644
E,1,42,50,4,3,900,10.572,27.8,94589.5,1,7.071,5.644
E,1,42,50,4,4,1200,10.122,71.3,98794.7,1,7.071,5.644
E,1,42,50,4,5,1500,8.815,25.7,113443.0,1,7.071,5.644
E,1,42,50,4,6,1800,9.807,27.4,101964.5,1,7.071,5.644
E,1,42,50,4,7,2100,12.691,76.5,78796.0,1,7.071,5.644
E,1,42,50,4,8,2400,11.87,39.3,84246.0,1,7.071,5.644
E,1,42,50,4,9,2700,12.659,42.4,78995.2,1,7.071,5.644
E,1,42,50,4,10,3000,15.752,72.6,63482.7,1,7.071,5.644
E,1,42,50,4,11,3300,20.646,69.2,48434.8,1,7.071,5.644
E,1,42,50,4,12,3600,18.739,57.4,53364.6,1,7.071,5.644
E,1,42,50,4,13,3900,18.416,61.0,54301.6,1,7.071,5.644
E,1,42,50,4,14,4200,19.773,68.8,50574.9,1,7.071,5.644
E,1,42,50,4,15,4500,22.09,73.5,45269.3,1,7.071,5.644
E,1,42,50,4,16,4800,22.02,76.6,45413.9,1,7.071,5.644
E,1,42,50,4,17,5100,26.411,79.8,37863.0,1,7.071,5.644
E,1,42,50,4,18,5400,25.75,84.3,38834.4,1,7.071,5.644
E,1,42,50,4,19,5700,25.603,88.9,39057.4,1,7.071,5.644
E,1,42,50,4,20,6000,29.232,91.0,34209.5,1,7.071,5.644
E,1,42,50,4,21,6300,28.464,95.5,35131.7,1,7.071,5.644
E,1,42,50,4,22,6600,10.266,30.9,97408.9,1,7.071,5.644
E,1,42,50,4,23,6900,8.252,25.4,121177.8,1,7.071,5.644
E,1,42,50,4,24,7200,9.541,25.8,104807.1,1,7.071,5.644
E,1,42,50,4,25,7500,8.316,24.4,120254.9,1,7.071,5.644
E,1,42,50,4,26,7800,9.118,32.0,109673.2,1,7.071,5.644
E,1,42,50,4,27,8100,11.173,29.0,89504.1,1,7.071,5.644
E,1,42,50,4,28,8400,14.081,34.0,71017.7,1,7.071,5.644
E,1,42,50,4,29,8700,17.8,44.3,56180.8,1,7.071,5.644
E,1,42,50,4,30,9000,17.389,43.2,57506.5,1,7.071,5.644
E,1,42,50,4,31,9300,19.314,141.3,51775.9,1,7.071,5.644
E,1,42,50,4,32,9600,14.215,33.4,70349.9,1,7.071,5.644
E,1,42,50,4,33,9900,15.012,35.5,66613.4,1,7.071,5.644
E,1,42,50,4,34,10200,16.475,39.7,60699.2,1,7.071,5.644
E,1,42,50,4,35,10500,17.301,45.0,57801.2,1,7.071,5.644
E,1,42,50,4,36,10800,19.021,56.8,52573.5,1,7.071,5.644
E,1,42,50,4,37,11100,19.867,52.3,50334.7,1,7.071,5.644
E,1,42,50,4,38,11400,22.283,61.5,44877.3,1,7.071,5.644
E,1,42,50,4,39,11700,20.998,56.6,47623.6,1,7.071,5.644
E,1,42,50,4,40,12000,22.931,78.4,43608.5,1,7.071,5.644
E,1,42,50,5,1,300,16.74,126.4,59738.3,1,7.071,5.644
E,1,42,50,5,2,600,9.563,37.7,104569.7,1,7.071,5.644
E,1,42,50,5,3,900,10.713,26.4,93344.5,1,7.071,5.644
E,1,42,50,5,4,1200,10.313,72.3,96961.8,1,7.071,5.644
E,1,42,50,5,5,1500,8.766,25.8,114077.1,1,7.071,5.644
E,1,42,50,5,6,1800,9.904,27.4,100965.9,1,7.071,5.644
E,1,42,50,5,7,2100,12.825,73.9,77972.7,1,7.071,5.644
E,1,42,50,5,8,2400,11.99,39.3,83402.8,1,7.071,5.644
E,1,42,50,5,9,2700,12.862,43.9,77746.4,1,7.071,5.644
E,1,42,50,5,10,3000,16.321,71.1,61272.0,1,7.071,5.644
E,1,42,50,5,11,3300,20.585,69.4,48579.1,1,7.071,5.644
E,1,42,50,5,12,3600,18.668,55.7,53568.6,1,7.071,5.644
E,1,42,50,5,13,3900,18.418,67.8,54294.7,1,7.071,5.644
E,1,42,50,5,14,4200,19.696,65.7,50770.9,1,7.071,5.644
E,1,42,50,5,15,4500,21.935,67.4,45589.9,1,7.071,5.644
E,1,42,50,5,16,4800,21.88,80.2,45704.5,1,7.071,5.644
E,1,42,50,5,17,5100,27.053,85.8,36964.9,1,7.071,5.644
E,1,42,50,5,18,5400,25.374,78.9,39409.9,1,7.071,5.644
E,1,42,50,5,19,5700,25.619,88.8,39033.0,1,7.071,5.644
E,1,42,50,5,20,6000,29.265,91.0,34170.9,1,7.071,5.644
E,1,42,50,5,21,6300,28.384,124.7,35231.5,1,7.071,5.644
E,1,42,50,5,22,6600,10.213,31.2,97914.4,1,7.071,5.644
E,1,42,50,5,23,6900,8.399,25.8,119066.5,1,7.071,5.644
E,1,42,50,5,24,7200,9.535,26.9,104873.1,1,7.071,5.644
E,1,42,50,5,25,7500,8.945,38.0,111790.1,1,7.071,5.644
E,1,42,50,5,26,7800,7.053,18.2,141790.4,1,7.071,5.644
E,1,42,50,5,27,8100,7.78,18.8,128534.7,1,7.071,5.644
E,1,42,50,5,28,8400,8.663,22.4,115429.0,1,7.071,5.644
E,1,42,50,5,29,8700,10.49,24.7,95325.9,1,7.071,5.644
E,1,42,50,5,30,9000,12.508,39.8,79946.7,1,7.071,5.644
E,1,42,50,5,31,9300,17.943,140.6,55732.0,1,7.071,5.644
E,1,42,50,5,32,9600,13.713,32.0,72923.5,1,7.071,5.644
E,1,42,50,5,33,9900,15.368,38.0,65071.7,1,7.071,5.644
E,1,42,50,5,34,10200,16.411,39.6,60936.0,1,7.071,5.644
E,1,42,50,5,35,10500,16.851,44.0,59343.7,1,7.071,5.644
E,1,42,50,5,36,10800,22.809,137.0,43842.3,1,7.071,5.644
E,1,42,50,5,37,11100,19.996,49.2,50010.0,1,7.071,5.644
E,1,42,50,5,38,11400,21.663,54.5,46161.7,1,7.071,5.644
E,1,42,50,5,39,11700,21.391,58.2,46748.6,1,7.071,5.644
E,1,42,50,5,40,12000,21.745,59.4,45986.9,1,7.071,5.644
E,1,42,50,6,1,300,16.588,126.3,60285.8,1,7.071,5.644
E,1,42,50,6,2,600,8.83,25.8,113246.0,1,7.071,5.644
E,1,42,50,6,3,900,11.153,47.9,89662.0,1,7.071,5.644
E,1,42,50,6,4,1200,13.07,125.6,76509.1,1,7.071,5.644
E,1,42,50,6,5,1500,8.779,25.5,113908.2,1,7.071,5.644
E,1,42,50,6,6,1800,9.895,31.8,101064.5,1,7.071,5.644
E,1,42,50,6,7,2100,12.679,76.7,78868.5,1,7.071,5.644
E,1,42,50,6,8,2400,11.904,39.5,84003.0,1,7.071,5.644
E,1,42,50,6,9,2700,12.751,42.7,78423.2,1,7.071,5.644
E,1,42,50,6,10,3000,15.848,72.8,63100.8,1,7.071,5.644
E,1,42,50,6,11,3300,21.808,71.7,45854.7,1,7.071,5.644
E,1,42,50,6,12,3600,18.721,58.1,53415.0,1,7.071,5.644
E,1,42,50,6,13,3900,18.67,69.3,53562.8,1,7.071,5.644
E,1,42,50,6,14,4200,19.835,68.4,50416.8,1,7.071,5.644
E,1,42,50,6,15,4500,21.725,67.6,46029.9,1,7.071,5.644
E,1,42,50,6,16,4800,23.832,93.8,41960.4,1,7.071,5.644
E,1,42,50,6,17,5100,26.873,86.7,37211.6,1,7.071,5.644
E,1,42,50,6,18,5400,26.379,86.0,37908.5,1,7.071,5.644
E,1,42,50,6,19,5700,25.313,85.6,39505.4,1,7.071,5.644
E,1,42,50,6,20,6000,29.633,94.9,33746.2,1,7.071,5.644
E,1,42,50,6,21,6300,29.213,89.8,34231.7,1,7.071,5.644
E,1,42,50,6,22,6600,10.393,31.3,96215.5,1,7.071,5.644
E,1,42,50,6,23,6900,8.451,26.3,118333.9,1,7.071,5.644
E,1,42,50,6,24,7200,9.652,26.5,103605.5,1,7.071,5.644
E,1,42,50,6,25,7500,8.328,23.5,120076.8,1,7.071,5.644
E,1,42,50,6,26,7800,7.218,18.6,138542.5,1,7.071,5.644
E,1,42,50,6,27,8100,7.751,19.5,129010.0,1,7.071,5.644
E,1,42,50,6,28,8400,8.733,18.4,114508.2,1,7.071,5.644
E,1,42,50,6,29,8700,10.296,21.5,97125.1,1,7.071,5.644
E,1,42,50,6,30,9000,12.021,28.2,83190.0,1,7.071,5.644
E,1,42,50,6,31,9300,18.522,141.2,53988.9,1,7.071,5.644
E,1,42,50,6,32,9600,13.677,32.0,73115.4,1,7.071,5.644
E,1,42,50,6,33,9900,14.923,35.7,67012.1,1,7.071,5.644
E,1,42,50,6,34,10200,16.775,40.9,59613.7,1,7.071,5.644
E,1,42,50,6,35,10500,16.87,43.9,59276.8,1,7.071,5.644
E,1,42,50,6,36,10800,19.858,74.6,50356.7,1,7.071,5.644
E,1,42,50,6,37,11100,19.905,49.0,50237.8,1,7.071,5.644
E,1,42,50,6,38,11400,21.592,54.7,46314.2,1,7.071,5.644
E,1,42,50,6,39,11700,21.367,57.5,46800.4,1,7.071,5.644
E,1,42,50,6,40,12000,21.605,59.4,46286.3,1,7.071,5.644
E,1,42,50,8,1,300,17.695,131.1,56512.1,1,7.071,5.644
E,1,42,50,8,2,600,8.661,26.6,115460.2,1,7.071,5.644
E,1,42,50,8,3,900,10.375,33.4,96388.6,1,7.071,5.644
E,1,42,50,8,4,1200,10.163,72.7,98399.4,1,7.071,5.644
E,1,42,50,8,5,1500,8.487,25.3,117831.9,1,7.071,5.644
E,1,42,50,8,6,1800,10.191,63.2,98129.0,1,7.071,5.644
E,1,42,50,8,7,2100,12.011,72.5,83257.0,1,7.071,5.644
E,1,42,50,8,8,2400,11.588,38.4,86296.2,1,7.071,5.644
E,1,42,50,8,9,2700,12.41,41.7,80582.3,1,7.071,5.644
E,1,42,50,8,10,3000,17.228,94.2,58043.9,1,7.071,5.644
E,1,42,50,8,11,3300,20.293,70.4,49277.3,1,7.071,5.644
E,1,42,50,8,12,3600,18.729,61.8,53394.1,1,7.071,5.644
E,1,42,50,8,13,3900,17.394,59.5,57490.0,1,7.071,5.644
E,1,42,50,8,14,4200,19.119,63.8,52304.0,1,7.071,5.644
E,1,42,50,8,15,4500,21.294,67.7,46960.9,1,7.071,5.644
E,1,42,50,8,16,4800,21.237,79.9,47086.9,1,7.071,5.644
E,1,42,50,8,17,5100,26.365,79.8,37928.6,1,7.071,5.644
E,1,42,50,8,18,5400,24.61,76.9,40634.4,1,7.071,5.644
E,1,42,50,8,19,5700,25.065,83.5,39896.8,1,7.071,5.644
E,1,42,50,8,20,6000,28.341,89.4,35285.0,1,7.071,5.644
E,1,42,50,8,21,6300,29.795,87.8,33562.3,1,7.071,5.644
E,1,42,50,8,22,6600,10.368,30.7,96450.6,1,7.071,5.644
E,1,42,50,8,23,6900,8.292,26.1,120603.0,1,7.071,5.644
E,1,42,50,8,24,7200,9.601,28.1,104155.8,1,7.071,5.644
E,1,42,50,8,25,7500,9.201,47.6,108687.8,1,7.071,5.644
E,1,42,50,8,26,7800,7.078,19.3,141276.2,1,7.071,5.644
E,1,42,50,8,27,8100,7.76,19.4,128866.0,1,7.071,5.644
E,1,42,50,8,28,8400,8.712,18.5,114788.6,1,7.071,5.644
E,1,42,50,8,29,8700,10.322,21.7,96877.3,1,7.071,5.644
E,1,42,50,8,30,9000,12.416,38.3,80543.4,1,7.071,5.644
E,1,42,50,8,31,9300,18.209,141.8,54916.9,1,7.071,5.644
E,1,42,50,8,32,9600,13.653,33.7,73245.8,1,7.071,5.644
E,1,42,50,8,33,9900,15.572,36.4,64216.4,1,7.071,5.644
E,1,42,50,8,34,10200,16.63,39.9,60133.5,1,7.071,5.644
E,1,42,50,8,35,10500,16.8,44.3,59523.8,1,7.071,5.644
E,1,42,50,8,36,10800,19.912,73.9,50221.8,1,7.071,5.644
E,1,42,50,8,37,11100,19.986,49.5,50035.0,1,7.071,5.644
E,1,42,50,8,38,11400,22.128,57.3,45191.6,1,7.071,5.644
E,1,42,50,8,39,11700,20.931,57.7,47776.8,1,7.071,5.644
E,1,42,50,8,40,12000,21.67,62.0,46146.0,1,7.071,5.644
E,1,42,50,10,1,300,17.445,131.1,57321.9,1,7.071,5.644
E,1,42,50,10,2,600,8.715,26.2,114740.3,1,7.071,5.644
E,1,42,50,10,3,900,10.511,26.0,95141.4,1,7.071,5.644
E,1,42,50,10,4,1200,15.135,136.3,66070.6,1,7.071,5.644
E,1,42,50,10,5,1500,8.671,25.2,115322.5,1,7.071,5.644
E,1,42,50,10,6,1800,9.675,27.2,103362.7,1,7.071,5.644
E,1,42,50,10,7,2100,12.004,72.2,83303.3,1,7.071,5.644
E,1,42,50,10,8,2400,12.248,72.9,81648.2,1,7.071,5.644
E,1,42,50,10,9,2700,12.466,41.7,80220.3,1,7.071,5.644
E,1,42,50,10,10,3000,15.528,78.0,64399.8,1,7.071,5.644
E,1,42,50,10,11,3300,20.504,73.6,48771.8,1,7.071,5.644
E,1,42,50,10,12,3600,18.167,54.6,55045.9,1,7.071,5.644
E,1,42,50,10,13,3900,17.361,59.7,57600.4,1,7.071,5.644
E,1,42,50,10,14,4200,20.025,71.9,49937.6,1,7.071,5.644
E,1,42,50,10,15,4500,21.096,65.9,47402.4,1,7.071,5.644
E,1,42,50,10,16,4800,22.488,122.4,44468.2,1,7.071,5.644
E,1,42,50,10,17,5100,25.946,78.0,38542.1,1,7.071,5.644
E,1,42,50,10,18,5400,25.595,77.4,39070.6,1,7.071,5.644
E,1,42,50,10,19,5700,24.626,83.9,40606.9,1,7.071,5.644
E,1,42,50,10,20,6000,29.792,93.4,33566.4,1,7.071,5.644
E,1,42,50,10,21,6300,28.989,88.2,34495.4,1,7.071,5.644
E,1,42,50,10,22,6600,11.449,48.0,87343.9,1,7.071,5.644
E,1,42,50,10,23,6900,8.662,27.0,115451.2,1,7.071,5.644
E,1,42,50,10,24,7200,9.804,26.5,101999.2,1,7.071,5.644
E,1,42,50,10,25,7500,8.564,24.2,116772.4,1,7.071,5.644
E,1,42,50,10,26,7800,7.173,18.7,139405.2,1,7.071,5.644
E,1,42,50,10,27,8100,7.983,19.7,125271.4,1,7.071,5.644
E,1,42,50,10,28,8400,9.574,32.7,104445.9,1,7.071,5.644
E,1,42,50,10,29,8700,10.571,22.6,94601.4,1,7.071,5.644
E,1,42,50,10,30,9000,12.116,28.2,82535.5,1,7.071,5.644
E,1,42,50,10,31,9300,18.354,141.4,54485.0,1,7.071,5.644
E,1,42,50,10,32,9600,13.81,32.2,72413.0,1,7.071,5.644
E,1,42,50,10,33,9900,15.119,35.6,66140.5,1,7.071,5.644
E,1,42,50,10,34,10200,16.491,41.1,60639.1,1,7.071,5.644
E,1,42,50,10,35,10500,17.419,45.2,57407.5,1,7.071,5.644
E,1,42,50,10,36,10800,19.175,65.6,52152.1,1,7.071,5.644
E,1,42,50,10,37,11100,20.409,52.7,48998.0,1,7.071,5.644
E,1,42,50,10,38,11400,21.707,54.6,46068.1,1,7.071,5.644
E,1,42,50,10,39,11700,20.951,56.9,47729.7,1,7.071,5.644
E,1,42,50,10,40,12000,21.963,61.8,45531.8,1,7.071,5.644
E,1,42,50,14,1,300,18.684,123.2,53520.8,1,7.071,5.644
E,1,42,50,14,2,600,8.989,31.2,111251.2,1,7.071,5.644
E,1,42,50,14,3,900,10.606,26.5,94283.3,1,7.071,5.644
E,1,42,50,14,4,1200,10.322,84.6,96883.6,1,7.071,5.644
E,1,42,50,14,5,1500,8.721,25.3,114665.7,1,7.071,5.644
E,1,42,50,14,6,1800,10.419,38.2,95975.4,1,7.071,5.644
E,1,42,50,14,7,2100,12.397,77.5,80664.7,1,7.071,5.644
E,1,42,50,14,8,2400,11.755,38.9,85067.8,1,7.071,5.644
E,1,42,50,14,9,2700,12.591,42.4,79421.8,1,7.071,5.644
E,1,42,50,14,10,3000,16.374,121.2,61073.7,1,7.071,5.644
E,1,42,50,14,11,3300,20.582,70.3,48585.4,1,7.071,5.644
E,1,42,50,14,12,3600,18.853,59.5,53041.0,1,7.071,5.644
E,1,42,50,14,13,3900,17.616,60.2,56767.7,1,7.071,5.644
E,1,42,50,14,14,4200,19.294,64.3,51828.7,1,7.071,5.644
E,1,42,50,14,15,4500,21.795,72.7,45882.1,1,7.071,5.644
E,1,42,50,14,16,4800,21.452,75.0,46616.4,1,7.071,5.644
E,1,42,50,14,17,5100,26.513,80.3,37717.3,1,7.071,5.644
E,1,42,50,14,18,5400,24.828,77.5,40277.1,1,7.071,5.644
E,1,42,50,14,19,5700,25.268,83.8,39575.7,1,7.071,5.644
E,1,42,50,14,20,6000,28.512,89.4,35072.5,1,7.071,5.644
E,1,42,50,14,21,6300,29.935,88.0,33405.3,1,7.071,5.644
E,1,42,50,14,22,6600,10.504,31.9,95198.8,1,7.071,5.644
E,1,42,50,14,23,6900,8.593,26.1,116378.3,1,7.071,5.644
E,1,42,50,14,24,7200,10.024,31.7,99760.6,1,7.071,5.644
E,1,42,50,14,25,7500,8.813,25.7,113464.4,1,7.071,5.644
E,1,42,50,14,26,7800,7.249,18.3,137956.4,1,7.071,5.644
E,1,42,50,14,27,8100,7.912,19.9,126390.3,1,7.071,5.644
E,1,42,50,14,28,8400,8.882,20.9,112587.3,1,7.071,5.644
E,1,42,50,14,29,8700,10.528,22.2,94981.8,1,7.071,5.644
E,1,42,50,14,30,9000,12.497,28.4,80021.3,1,7.071,5.644
E,1,42,50,14,31,9300,17.987,141.3,55596.7,1,7.071,5.644
E,1,42,50,14,32,9600,13.923,38.2,71823.6,1,7.071,5.644
E,1,42,50,14,33,9900,15.374,38.3,65046.3,1,7.071,5.644
E,1,42,50,14,34,10200,16.601,40.1,60238.5,1,7.071,5.644
E,1,42,50,14,35,10500,17.012,44.3,58780.9,1,7.071,5.644
E,1,42,50,14,36,10800,19.904,75.4,50241.2,1,7.071,5.644
E,1,42,50,14,37,11100,20.076,52.9,49810.7,1,7.071,5.644
E,1,42,50,14,38,11400,22.252,54.9,44939.1,1,7.071,5.644
E,1,42,50,14,39,11700,21.606,61.8,46284.2,1,7.071,5.644
E,1,42,50,14,40,12000,21.811,59.8,45849.1,1,7.071,5.644
E,1,42,50,20,1,300,18.953,124.2,52762.1,1,7.071,5.644
E,1,42,50,20,2,600,9.008,28.0,111016.6,1,7.071,5.644
E,1,42,50,20,3,900,10.696,25.8,93490.0,1,7.071,5.644
E,1,42,50,20,4,1200,10.584,78.7,94482.2,1,7.071,5.644
E,1,42,50,20,5,1500,9.107,26.2,109805.6,1,7.071,5.644
E,1,42,50,20,6,1800,9.873,27.4,101289.7,1,7.071,5.644
E,1,42,50,20,7,2100,12.243,75.8,81679.3,1,7.071,5.644
E,1,42,50,20,8,2400,11.829,38.8,84535.6,1,7.071,5.644
E,1,42,50,20,9,2700,13.236,43.1,75549.6,1,7.071,5.644
E,1,42,50,20,10,3000,15.814,87.2,63236.4,1,7.071,5.644
E,1,42,50,20,11,3300,23.748,71.6,42108.8,1,7.071,5.644
E,1,42,50,20,12,3600,18.963,74.9,52735.2,1,7.071,5.644
E,1,42,50,20,13,3900,17.519,60.1,57079.8,1,7.071,5.644
E,1,42,50,20,14,4200,19.276,64.3,51878.9,1,7.071,5.644
E,1,42,50,20,15,4500,21.537,67.9,46431.7,1,7.071,5.644
E,1,42,50,20,16,4800,21.409,74.9,46708.6,1,7.071,5.644
E,1,42,50,20,17,5100,26.387,77.4,37897.5,1,7.071,5.644
E,1,42,50,20,18,5400,24.657,76.9,40556.4,1,7.071,5.644
E,1,42,50,20,19,5700,25.238,87.2,39622.8,1,7.071,5.644
E,1,42,50,20,20,6000,28.562,89.3,35011.1,1,7.071,5.644
E,1,42,50,20,21,6300,30.499,90.5,32787.6,1,7.071,5.644
E,1,42,50,20,22,6600,10.737,31.0,93133.0,1,7.071,5.644
E,1,42,50,20,23,6900,8.825,26.5,113310.2,1,7.071,5.644
E,1,42,50,20,24,7200,10.328,39.7,96821.0,1,7.071,5.644
E,1,42,50,20,25,7500,8.656,24.1,115522.4,1,7.071,5.644
E,1,42,50,20,26,7800,7.407,18.1,135007.4,1,7.071,5.644
E,1,42,50,20,27,8100,8.057,20.2,124115.7,1,7.071,5.644
E,1,42,50,20,28,8400,9.036,19.0,110668.4,1,7.071,5.644
E,1,42,50,20,29,8700,11.003,25.3,90884.3,1,7.071,5.644
E,1,42,50,20,30,9000,12.882,28.9,77625.7,1,7.071,5.644
E,1,42,50,20,31,9300,17.996,139.1,55567.9,1,7.071,5.644
E,1,42,50,20,32,9600,14.185,37.7,70495.4,1,7.071,5.644
E,1,42,50,20,33,9900,15.223,36.6,65690.1,1,7.071,5.644
E,1,42,50,20,34,10200,16.711,41.3,59840.8,1,7.071,5.644
E,1,42,50,20,35,10500,17.49,53.3,57176.6,1,7.071,5.644
E,1,42,50,20,36,10800,22.997,110.9,43483.3,1,7.071,5.644
E,1,42,50,20,37,11100,21.242,55.5,47076.6,1,7.071,5.644
E,1,42,50,20,38,11400,23.025,65.5,43430.4,1,7.071,5.644
E,1,42,50,20,39,11700,21.209,57.4,47149.1,1,7.071,5.644
E,1,42,50,20,40,12000,22.538,65.1,44370.2,1,7.071,5.644
E,1,42,100,2,1,300,15.514,98.5,64457.9,1,10.0,6.644
E,1,42,100,2,2,600,6.346,10.5,157579.6,1,10.0,6.644
E,1,42,100,2,3,900,7.726,14.8,129438.7,1,10.0,6.644
E,1,42,100,2,4,1200,7.44,35.5,134402.5,1,10.0,6.644
E,1,42,100,2,5,1500,8.151,18.4,122684.4,1,10.0,6.644
E,1,42,100,2,6,1800,9.189,18.4,108825.8,1,10.0,6.644
E,1,42,100,2,7,2100,10.966,24.8,91193.7,1,10.0,6.644
E,1,42,100,2,8,2400,12.277,26.6,81455.4,1,10.0,6.644
E,1,42,100,2,9,2700,14.113,34.1,70855.0,1,10.0,6.644
E,1,42,100,2,10,3000,15.365,36.3,65081.6,1,10.0,6.644
E,1,42,100,2,11,3300,21.046,42.8,47514.2,1,10.0,6.644
E,1,42,100,2,12,3600,18.065,44.2,55355.7,1,10.0,6.644
E,1,42,100,2,13,3900,18.574,49.0,53837.7,1,10.0,6.644
E,1,42,100,2,14,4200,21.448,68.0,46625.1,1,10.0,6.644
E,1,42,100,2,15,4500,22.922,63.3,43626.2,1,10.0,6.644
E,1,42,100,2,16,4800,24.795,84.2,40330.2,1,10.0,6.644
E,1,42,100,2,17,5100,26.849,75.0,37245.8,1,10.0,6.644
E,1,42,100,2,18,5400,27.756,81.2,36027.8,1,10.0,6.644
E,1,42,100,2,19,5700,31.041,82.9,32215.5,1,10.0,6.644
E,1,42,100,2,20,6000,32.315,90.3,30945.7,1,10.0,6.644
E,1,42,100,2,21,6300,21.13,82.8,47326.1,1,10.0,6.644
E,1,42,100,2,22,6600,9.155,37.5,109233.9,1,10.0,6.644
E,1,42,100,2,23,6900,6.862,16.6,145730.1,1,10.0,6.644
E,1,42,100,2,24,7200,8.147,17.3,122739.6,1,10.0,6.644
E,1,42,100,2,25,7500,9.749,19.7,102571.1,1,10.0,6.644
E,1,42,100,2,26,7800,10.67,21.4,93723.6,1,10.0,6.644
E,1,42,100,2,27,8100,11.966,34.7,83572.4,1,10.0,6.644
E,1,42,100,2,28,8400,8.494,23.6,117730.2,1,10.0,6.644
E,1,42,100,2,29,8700,9.302,28.0,107507.6,1,10.0,6.644
E,1,42,100,2,30,9000,11.495,35.4,86996.9,1,10.0,6.644
E,1,42,100,2,31,9300,18.271,85.5,54732.5,1,10.0,6.644
E,1,42,100,2,32,9600,14.616,40.6,68418.2,1,10.0,6.644
E,1,42,100,2,33,9900,15.613,44.9,64049.2,1,10.0,6.644
E,1,42,100,2,34,10200,25.541,102.8,39152.2,1,10.0,6.644
E,1,42,100,2,35,10500,20.667,56.8,48387.1,1,10.0,6.644
E,1,42,100,2,36,10800,21.335,58.2,46870.6,1,10.0,6.644
E,1,42,100,2,37,11100,21.435,57.6,46652.7,1,10.0,6.644
E,1,42,100,2,38,11400,23.233,62.2,43042.8,1,10.0,6.644
E,1,42,100,2,39,11700,23.555,60.6,42454.4,1,10.0,6.644
E,1,42,100,2,40,12000,24.582,59.3,40680.7,1,10.0,6.644
E,1,42,100,3,1,300,16.445,98.5,60808.8,1,10.0,6.644
E,1,42,100,3,2,600,6.101,12.4,163898.6,1,10.0,6.644
E,1,42,100,3,3,900,8.227,44.3,121551.0,1,10.0,6.644
E,1,42,100,3,4,1200,6.693,16.7,149402.4,1,10.0,6.644
E,1,42,100,3,5,1500,7.946,18.8,125849.5,1,10.0,6.644
E,1,42,100,3,6,1800,9.001,18.5,111094.7,1,10.0,6.644
E,1,42,100,3,7,2100,10.672,24.8,93703.1,1,10.0,6.644
E,1,42,100,3,8,2400,12.577,46.7,79510.2,1,10.0,6.644
E,1,42,100,3,9,2700,13.515,31.7,73991.9,1,10.0,6.644
E,1,42,100,3,10,3000,15.05,36.3,66446.7,1,10.0,6.644
E,1,42,100,3,11,3300,22.299,68.3,44844.4,1,10.0,6.644
E,1,42,100,3,12,3600,17.734,45.6,56387.8,1,10.0,6.644
E,1,42,100,3,13,3900,18.264,49.2,54751.5,1,10.0,6.644
E,1,42,100,3,14,4200,22.133,70.8,45180.7,1,10.0,6.644
E,1,42,100,3,15,4500,23.051,63.6,43381.4,1,10.0,6.644
E,1,42,100,3,16,4800,23.954,81.2,41746.7,1,10.0,6.644
E,1,42,100,3,17,5100,26.431,73.8,37833.9,1,10.0,6.644
E,1,42,100,3,18,5400,27.232,81.9,36722.0,1,10.0,6.644
E,1,42,100,3,19,5700,30.818,83.1,32448.2,1,10.0,6.644
E,1,42,100,3,20,6000,31.752,89.9,31494.4,1,10.0,6.644
E,1,42,100,3,21,6300,21.849,83.1,45769.4,1,10.0,6.644
E,1,42,100,3,22,6600,7.816,20.2,127937.3,1,10.0,6.644
E,1,42,100,3,23,6900,6.567,17.3,152284.2,1,10.0,6.644
E,1,42,100,3,24,7200,7.786,17.3,128441.1,1,10.0,6.644
E,1,42,100,3,25,7500,9.322,19.6,107276.9,1,10.0,6.644
E,1,42,100,3,26,7800,10.26,21.4,97465.9,1,10.0,6.644
E,1,42,100,3,27,8100,11.515,31.9,86843.3,1,10.0,6.644
E,1,42,100,3,28,8400,8.162,25.1,122524.0,1,10.0,6.644
E,1,42,100,3,29,8700,8.901,28.1,112342.7,1,10.0,6.644
E,1,42,100,3,30,9000,11.232,35.5,89034.0,1,10.0,6.644
E,1,42,100,3,31,9300,18.233,86.5,54845.6,1,10.0,6.644
E,1,42,100,3,32,9600,14.074,40.3,71053.0,1,10.0,6.644
E,1,42,100,3,33,9900,15.178,44.2,65883.4,1,10.0,6.644
E,1,42,100,3,34,10200,17.818,51.0,56123.0,1,10.0,6.644
E,1,42,100,3,35,10500,18.093,49.4,55270.0,1,10.0,6.644
E,1,42,100,3,36,10800,19.902,54.6,50245.4,1,10.0,6.644
E,1,42,100,3,37,11100,22.052,69.7,45346.7,1,10.0,6.644
E,1,42,100,3,38,11400,22.485,57.8,44473.4,1,10.0,6.644
E,1,42,100,3,39,11700,23.723,69.1,42152.6,1,10.0,6.644
E,1,42,100,3,40,12000,23.49,59.4,42570.7,1,10.0,6.644
E,1,42,100,4,1,300,15.413,98.9,64880.3,1,10.0,6.644
E,1,42,100,4,2,600,6.047,16.4,165371.2,1,10.0,6.644
E,1,42,100,4,3,900,6.985,14.7,143170.8,1,10.0,6.644
E,1,42,100,4,4,1200,5.945,15.6,168208.5,1,10.0,6.644
E,1,42,100,4,5,1500,7.099,16.1,140871.5,1,10.0,6.644
E,1,42,100,4,6,1800,8.199,16.2,121966.1,1,10.0,6.644
E,1,42,100,4,7,2100,9.919,22.5,100820.0,1,10.0,6.644
E,1,42,100,4,8,2400,12.029,30.2,83130.1,1,10.0,6.644
E,1,42,100,4,9,2700,12.784,31.9,78222.8,1,10.0,6.644
E,1,42,100,4,10,3000,14.257,36.7,70142.6,1,10.0,6.644
E,1,42,100,4,11,3300,20.514,44.8,48748.0,1,10.0,6.644
E,1,42,100,4,12,3600,16.735,46.0,59755.0,1,10.0,6.644
E,1,42,100,4,13,3900,17.499,49.5,57146.1,1,10.0,6.644
E,1,42,100,4,14,4200,20.962,69.4,47705.4,1,10.0,6.644
E,1,42,100,4,15,4500,24.468,63.7,40870.3,1,10.0,6.644
E,1,42,100,4,16,4800,23.425,74.5,42690.0,1,10.0,6.644
E,1,42,100,4,17,5100,25.326,73.9,39485.6,1,10.0,6.644
E,1,42,100,4,18,5400,26.005,82.8,38453.6,1,10.0,6.644
E,1,42,100,4,19,5700,29.956,85.0,33381.9,1,10.0,6.644
E,1,42,100,4,20,6000,30.142,89.5,33176.7,1,10.0,6.644
E,1,42,100,4,21,6300,20.29,83.9,49285.4,1,10.0,6.644
E,1,42,100,4,22,6600,7.765,44.0,128783.0,1,10.0,6.644
E,1,42,100,4,23,6900,5.891,17.1,169740.9,1,10.0,6.644
E,1,42,100,4,24,7200,7.072,16.0,141409.4,1,10.0,6.644
E,1,42,100,4,25,7500,8.534,17.5,117178.3,1,10.0,6.644
E,1,42,100,4,26,7800,9.561,19.5,104595.2,1,10.0,6.644
E,1,42,100,4,27,8100,10.066,23.2,99347.6,1,10.0,6.644
E,1,42,100,4,28,8400,8.081,23.7,123747.0,1,10.0,6.644
E,1,42,100,4,29,8700,8.244,26.0,121300.3,1,10.0,6.644
E,1,42,100,4,30,9000,10.33,33.5,96805.4,1,10.0,6.644
E,1,42,100,4,31,9300,16.077,85.9,62202.0,1,10.0,6.644
E,1,42,100,4,32,9600,13.688,38.6,73056.7,1,10.0,6.644
E,1,42,100,4,33,9900,14.162,41.8,70609.8,1,10.0,6.644
E,1,42,100,4,34,10200,16.011,42.3,62458.3,1,10.0,6.644
E,1,42,100,4,35,10500,17.503,64.0,57134.2,1,10.0,6.644
E,1,42,100,4,36,10800,18.643,51.5,53639.4,1,10.0,6.644
E,1,42,100,4,37,11100,19.475,55.4,51347.9,1,10.0,6.644
E,1,42,100,4,38,11400,22.658,65.3,44133.9,1,10.0,6.644
E,1,42,100,4,39,11700,21.931,60.2,45597.6,1,10.0,6.644
E,1,42,100,4,40,12000,23.453,68.4,42637.9,1,10.0,6.644
E,1,42,100,5,1,300,15.834,98.7,63153.9,1,10.0,6.644
E,1,42,100,5,2,600,5.61,10.9,178263.7,1,10.0,6.644
E,1,42,100,5,3,900,7.013,14.2,142585.5,1,10.0,6.644
E,1,42,100,5,4,1200,6.011,13.9,166361.7,1,10.0,6.644
E,1,42,100,5,5,1500,7.881,39.0,126882.1,1,10.0,6.644
E,1,42,100,5,6,1800,8.404,16.4,118986.2,1,10.0,6.644
E,1,42,100,5,7,2100,9.957,26.5,100431.9,1,10.0,6.644
E,1,42,100,5,8,2400,11.318,26.9,88354.8,1,10.0,6.644
E,1,42,100,5,9,2700,13.273,48.7,75342.8,1,10.0,6.644
E,1,42,100,5,10,3000,14.304,36.9,69910.5,1,10.0,6.644
E,1,42,100,5,11,3300,19.818,42.5,50460.0,1,10.0,6.644
E,1,42,100,5,12,3600,17.491,49.1,57171.2,1,10.0,6.644
E,1,42,100,5,13,3900,17.492,49.4,57167.9,1,10.0,6.644
E,1,42,100,5,14,4200,19.658,58.1,50869.0,1,10.0,6.644
E,1,42,100,5,15,4500,22.074,64.4,45301.5,1,10.0,6.644
E,1,42,100,5,16,4800,22.764,69.0,43929.7,1,10.0,6.644
E,1,42,100,5,17,5100,25.851,81.6,38683.7,1,10.0,6.644
E,1,42,100,5,18,5400,25.679,81.7,38942.3,1,10.0,6.644
E,1,42,100,5,19,5700,32.748,107.0,30536.2,1,10.0,6.644
E,1,42,100,5,20,6000,29.973,88.7,33363.0,1,10.0,6.644
E,1,42,100,5,21,6300,21.209,83.7,47150.5,1,10.0,6.644
E,1,42,100,5,22,6600,7.209,21.6,138709.0,1,10.0,6.644
E,1,42,100,5,23,6900,5.817,17.2,171909.9,1,10.0,6.644
E,1,42,100,5,24,7200,7.039,16.3,142072.3,1,10.0,6.644
E,1,42,100,5,25,7500,8.926,26.6,112032.3,1,10.0,6.644
E,1,42,100,5,26,7800,9.591,20.1,104264.4,1,10.0,6.644
E,1,42,100,5,27,8100,10.047,23.3,99528.9,1,10.0,6.644
E,1,42,100,5,28,8400,7.479,23.0,133701.7,1,10.0,6.644
E,1,42,100,5,29,8700,8.077,26.2,123808.3,1,10.0,6.644
E,1,42,100,5,30,9000,11.005,40.5,90867.8,1,10.0,6.644
E,1,42,100,5,31,9300,16.761,87.3,59662.3,1,10.0,6.644
E,1,42,100,5,32,9600,13.273,42.0,75340.9,1,10.0,6.644
E,1,42,100,5,33,9900,14.51,43.0,68918.0,1,10.0,6.644
E,1,42,100,5,34,10200,16.306,42.3,61327.1,1,10.0,6.644
E,1,42,100,5,35,10500,16.869,46.9,59280.3,1,10.0,6.644
E,1,42,100,5,36,10800,19.323,78.1,51752.7,1,10.0,6.644
E,1,42,100,5,37,11100,19.614,55.1,50983.1,1,10.0,6.644
E,1,42,100,5,38,11400,21.232,53.2,47098.7,1,10.0,6.644
E,1,42,100,5,39,11700,22.228,59.3,44989.0,1,10.0,6.644
E,1,42,100,5,40,12000,22.002,56.4,45449.7,1,10.0,6.644
E,1,42,100,6,1,300,16.93,98.3,59065.6,1,10.0,6.644
E,1,42,100,6,2,600,5.617,10.6,178041.5,1,10.0,6.644
E,1,42,100,6,3,900,7.098,14.9,140884.8,1,10.0,6.644
E,1,42,100,6,4,1200,6.021,13.8,166085.4,1,10.0,6.644
E,1,42,100,6,5,1500,7.179,16.6,139288.7,1,10.0,6.644
E,1,42,100,6,6,1800,9.152,24.0,109269.7,1,10.0,6.644
E,1,42,100,6,7,2100,9.909,22.7,100915.0,1,10.0,6.644
E,1,42,100,6,8,2400,11.563,27.0,86485.3,1,10.0,6.644
E,1,42,100,6,9,2700,12.728,32.0,78564.9,1,10.0,6.644
E,1,42,100,6,10,3000,16.272,72.7,61456.5,1,10.0,6.644
E,1,42,100,6,11,3300,20.639,42.5,48452.7,1,10.0,6.644
E,1,42,100,6,12,3600,16.662,44.5,60015.6,1,10.0,6.644
E,1,42,100,6,13,3900,18.04,52.0,55431.3,1,10.0,6.644
E,1,42,100,6,14,4200,19.614,58.0,50983.1,1,10.0,6.644
E,1,42,100,6,15,4500,21.831,63.5,45807.1,1,10.0,6.644
E,1,42,100,6,16,4800,22.535,68.9,44375.4,1,10.0,6.644
E,1,42,100,6,17,5100,26.006,83.9,38452.2,1,10.0,6.644
E,1,42,100,6,18,5400,25.65,80.7,38986.9,1,10.0,6.644
E,1,42,100,6,19,5700,30.531,85.3,32753.2,1,10.0,6.644
E,1,42,100,6,20,6000,29.619,88.6,33761.7,1,10.0,6.644
E,1,42,100,6,21,6300,21.506,86.1,46499.4,1,10.0,6.644
E,1,42,100,6,22,6600,7.036,20.5,142126.2,1,10.0,6.644
E,1,42,100,6,23,6900,5.848,17.2,170998.7,1,10.0,6.644
E,1,42,100,6,24,7200,7.094,16.9,140964.2,1,10.0,6.644
E,1,42,100,6,25,7500,8.572,17.3,116658.9,1,10.0,6.644
E,1,42,100,6,26,7800,10.038,28.7,99618.1,1,10.0,6.644
E,1,42,100,6,27,8100,10.11,24.4,98915.2,1,10.0,6.644
E,1,42,100,6,28,8400,7.569,22.9,132123.7,1,10.0,6.644
E,1,42,100,6,29,8700,8.153,26.4,122649.2,1,10.0,6.644
E,1,42,100,6,30,9000,10.443,33.7,95757.9,1,10.0,6.644
E,1,42,100,6,31,9300,16.802,68.4,59515.5,1,10.0,6.644
E,1,42,100,6,32,9600,13.172,38.4,75916.7,1,10.0,6.644
E,1,42,100,6,33,9900,14.311,42.0,69874.7,1,10.0,6.644
E,1,42,100,6,34,10200,16.938,47.8,59038.8,1,10.0,6.644
E,1,42,100,6,35,10500,17.034,46.8,58706.1,1,10.0,6.644
E,1,42,100,6,36,10800,18.63,51.5,53676.9,1,10.0,6.644
E,1,42,100,6,37,11100,20.12,57.5,49701.8,1,10.0,6.644
E,1,42,100,6,38,11400,21.385,58.5,46761.7,1,10.0,6.644
E,1,42,100,6,39,11700,22.289,60.6,44864.5,1,10.0,6.644
E,1,42,100,6,40,12000,22.025,56.3,45402.3,1,10.0,6.644
E,1,42,100,8,1,300,16.042,98.8,62335.1,1,10.0,6.644
E,1,42,100,8,2,600,5.459,10.6,183183.7,1,10.0,6.644
E,1,42,100,8,3,900,6.916,14.7,144599.2,1,10.0,6.644
E,1,42,100,8,4,1200,5.887,13.0,169875.4,1,10.0,6.644
E,1,42,100,8,5,1500,7.672,30.1,130344.1,1,10.0,6.644
E,1,42,100,8,6,1800,8.176,15.8,122304.2,1,10.0,6.644
E,1,42,100,8,7,2100,9.767,21.6,102385.6,1,10.0,6.644
E,1,42,100,8,8,2400,11.385,27.2,87832.3,1,10.0,6.644
E,1,42,100,8,9,2700,12.626,32.0,79203.7,1,10.0,6.644
E,1,42,100,8,10,3000,14.378,51.2,69552.3,1,10.0,6.644
E,1,42,100,8,11,3300,19.796,42.8,50514.4,1,10.0,6.644
E,1,42,100,8,12,3600,16.329,44.6,61240.7,1,10.0,6.644
E,1,42,100,8,13,3900,17.86,52.3,55990.0,1,10.0,6.644
E,1,42,100,8,14,4200,19.394,57.9,51562.3,1,10.0,6.644
E,1,42,100,8,15,4500,21.973,75.6,45510.4,1,10.0,6.644
E,1,42,100,8,16,4800,22.337,68.9,44769.4,1,10.0,6.644
E,1,42,100,8,17,5100,25.385,84.4,39393.9,1,10.0,6.644
E,1,42,100,8,18,5400,25.502,80.8,39212.6,1,10.0,6.644
E,1,42,100,8,19,5700,32.011,91.7,31238.9,1,10.0,6.644
E,1,42,100,8,20,6000,29.359,88.6,34061.5,1,10.0,6.644
E,1,42,100,8,21,6300,25.329,98.4,39481.0,1,10.0,6.644
E,1,42,100,8,22,6600,6.837,19.7,146255.9,1,10.0,6.644
E,1,42,100,8,23,6900,5.629,17.1,177641.0,1,10.0,6.644
E,1,42,100,8,24,7200,6.837,17.9,146270.1,1,10.0,6.644
E,1,42,100,8,25,7500,8.553,20.3,116918.0,1,10.0,6.644
E,1,42,100,8,26,7800,9.851,21.2,101509.1,1,10.0,6.644
E,1,42,100,8,27,8100,9.765,22.3,102403.1,1,10.0,6.644
E,1,42,100,8,28,8400,7.255,22.6,137829.7,1,10.0,6.644
E,1,42,100,8,29,8700,7.861,24.9,127204.9,1,10.0,6.644
E,1,42,100,8,30,9000,10.096,32.3,99049.1,1,10.0,6.644
E,1,42,100,8,31,9300,16.266,88.1,61477.9,1,10.0,6.644
E,1,42,100,8,32,9600,12.74,36.9,78490.9,1,10.0,6.644
E,1,42,100,8,33,9900,13.79,40.3,72516.3,1,10.0,6.644
E,1,42,100,8,34,10200,16.311,42.9,61308.3,1,10.0,6.644
E,1,42,100,8,35,10500,16.515,45.0,60552.2,1,10.0,6.644
E,1,42,100,8,36,10800,18.117,49.7,55196.8,1,10.0,6.644
E,1,42,100,8,37,11100,19.768,62.4,50586.0,1,10.0,6.644
E,1,42,100,8,38,11400,20.713,50.9,48278.9,1,10.0,6.644
E,1,42,100,8,39,11700,22.137,68.8,45173.9,1,10.0,6.644
E,1,42,100,8,40,12000,21.471,56.2,46574.5,1,10.0,6.644
E,1,42,100,10,1,300,15.795,99.2,63312.5,1,10.0,6.644
E,1,42,100,10,2,600,5.453,10.7,183374.1,1,10.0,6.644
E,1,42,100,10,3,900,6.91,16.0,144724.8,1,10.0,6.644
E,1,42,100,10,4,1200,5.897,15.0,169577.8,1,10.0,6.644
E,1,42,100,10,5,1500,7.033,15.4,142180.1,1,10.0,6.644
E,1,42,100,10,6,1800,9.031,36.9,110729.7,1,10.0,6.644
E,1,42,100,10,7,2100,9.705,24.4,103043.2,1,10.0,6.644
E,1,42,100,10,8,2400,11.096,26.8,90119.8,1,10.0,6.644
E,1,42,100,10,9,2700,12.762,33.1,78357.6,1,10.0,6.644
E,1,42,100,10,10,3000,14.731,54.7,67884.1,1,10.0,6.644
E,1,42,100,10,11,3300,19.69,42.6,50788.1,1,10.0,6.644
E,1,42,100,10,12,3600,16.341,44.8,61195.8,1,10.0,6.644
E,1,42,100,10,13,3900,17.882,51.9,55921.1,1,10.0,6.644
E,1,42,100,10,14,4200,19.455,58.0,51400.7,1,10.0,6.644
E,1,42,100,10,15,4500,21.993,86.3,45468.3,1,10.0,6.644
E,1,42,100,10,16,4800,24.107,81.5,41482.3,1,10.0,6.644
E,1,42,100,10,17,5100,25.702,80.9,38907.5,1,10.0,6.644
E,1,42,100,10,18,5400,26.517,85.2,37711.2,1,10.0,6.644
E,1,42,100,10,19,5700,30.547,85.3,32736.8,1,10.0,6.644
E,1,42,100,10,20,6000,29.337,92.8,34086.6,1,10.0,6.644
E,1,42,100,10,21,6300,21.882,89.0,45699.0,1,10.0,6.644
E,1,42,100,10,22,6600,7.058,21.2,141689.9,1,10.0,6.644
E,1,42,100,10,23,6900,5.679,17.3,176087.3,1,10.0,6.644
E,1,42,100,10,24,7200,6.91,17.4,144710.8,1,10.0,6.644
E,1,42,100,10,25,7500,8.236,16.0,121413.2,1,10.0,6.644
E,1,42,100,10,26,7800,10.069,27.8,99311.5,1,10.0,6.644
E,1,42,100,10,27,8100,9.717,22.0,102915.9,1,10.0,6.644
E,1,42,100,10,28,8400,7.324,23.2,136531.2,1,10.0,6.644
E,1,42,100,10,29,8700,7.83,25.0,127713.9,1,10.0,6.644
E,1,42,100,10,30,9000,10.114,32.0,98869.6,1,10.0,6.644
E,1,42,100,10,31,9300,16.543,86.5,60447.3,1,10.0,6.644
E,1,42,100,10,32,9600,12.955,37.5,77188.3,1,10.0,6.644
E,1,42,100,10,33,9900,13.923,40.2,71823.6,1,10.0,6.644
E,1,42,100,10,34,10200,16.192,53.2,61758.9,1,10.0,6.644
E,1,42,100,10,35,10500,16.538,45.1,60466.8,1,10.0,6.644
E,1,42,100,10,36,10800,18.125,49.7,55173.4,1,10.0,6.644
E,1,42,100,10,37,11100,19.497,60.5,51289.9,1,10.0,6.644
E,1,42,100,10,38,11400,20.971,56.4,47684.1,1,10.0,6.644
E,1,42,100,10,39,11700,21.236,55.3,47089.8,1,10.0,6.644
E,1,42,100,10,40,12000,22.054,61.0,45343.2,1,10.0,6.644
E,1,42,100,14,1,300,17.415,99.9,57422.9,1,10.0,6.644
E,1,42,100,14,2,600,5.564,11.0,179737.6,1,10.0,6.644
E,1,42,100,14,3,900,7.274,14.8,137482.3,1,10.0,6.644
E,1,42,100,14,4,1200,6.083,18.7,164401.6,1,10.0,6.644
E,1,42,100,14,5,1500,7.091,15.5,141023.9,1,10.0,6.644
E,1,42,100,14,6,1800,8.127,15.7,123051.7,1,10.0,6.644
E,1,42,100,14,7,2100,9.779,22.0,102263.4,1,10.0,6.644
E,1,42,100,14,8,2400,11.273,27.1,88710.2,1,10.0,6.644
E,1,42,100,14,9,2700,13.574,33.8,73672.1,1,10.0,6.644
E,1,42,100,14,10,3000,14.09,37.0,70970.6,1,10.0,6.644
E,1,42,100,14,11,3300,20.074,42.9,49814.9,1,10.0,6.644
E,1,42,100,14,12,3600,17.639,52.3,56693.6,1,10.0,6.644
E,1,42,100,14,13,3900,17.248,49.6,57977.7,1,10.0,6.644
E,1,42,100,14,14,4200,20.366,70.3,49102.2,1,10.0,6.644
E,1,42,100,14,15,4500,21.302,62.5,46943.2,1,10.0,6.644
E,1,42,100,14,16,4800,22.328,69.2,44787.5,1,10.0,6.644
E,1,42,100,14,17,5100,25.958,86.4,38524.3,1,10.0,6.644
E,1,42,100,14,18,5400,25.463,82.6,39273.2,1,10.0,6.644
E,1,42,100,14,19,5700,31.079,92.2,32176.1,1,10.0,6.644
E,1,42,100,14,20,6000,30.101,99.5,33221.5,1,10.0,6.644
E,1,42,100,14,21,6300,21.22,85.5,47125.4,1,10.0,6.644
E,1,42,100,14,22,6600,6.825,19.7,146520.1,1,10.0,6.644
E,1,42,100,14,23,6900,5.693,17.5,175664.6,1,10.0,6.644
E,1,42,100,14,24,7200,7.39,23.3,135311.9,1,10.0,6.644
E,1,42,100,14,25,7500,8.499,17.2,117665.5,1,10.0,6.644
E,1,42,100,14,26,7800,9.318,19.4,107323.0,1,10.0,6.644
E,1,42,100,14,27,8100,9.851,23.7,101509.1,1,10.0,6.644
E,1,42,100,14,28,8400,7.378,23.1,135532.0,1,10.0,6.644
E,1,42,100,14,29,8700,7.928,25.0,126140.5,1,10.0,6.644
E,1,42,100,14,30,9000,11.307,37.7,88440.8,1,10.0,6.644
E,1,42,100,14,31,9300,16.317,88.5,61284.5,1,10.0,6.644
E,1,42,100,14,32,9600,12.856,37.6,77782.7,1,10.0,6.644
E,1,42,100,14,33,9900,14.331,41.4,69778.8,1,10.0,6.644
E,1,42,100,14,34,10200,15.62,40.7,64020.5,1,10.0,6.644
E,1,42,100,14,35,10500,16.484,45.1,60663.7,1,10.0,6.644
E,1,42,100,14,36,10800,18.655,50.6,53604.9,1,10.0,6.644
E,1,42,100,14,37,11100,19.089,53.2,52385.3,1,10.0,6.644
E,1,42,100,14,38,11400,20.981,56.1,47662.2,1,10.0,6.644
E,1,42,100,14,39,11700,22.023,64.1,45407.8,1,10.0,6.644
E,1,42,100,14,40,12000,21.668,60.7,46151.7,1,10.0,6.644
E,1,42,100,20,1,300,16.377,99.4,61062.5,1,10.0,6.644
E,1,42,100,20,2,600,5.819,19.1,171850.8,1,10.0,6.644
E,1,42,100,20,3,900,7.353,18.0,135998.9,1,10.0,6.644
E,1,42,100,20,4,1200,5.985,14.9,167075.1,1,10.0,6.644
E,1,42,100,20,5,1500,7.076,15.6,141316.1,1,10.0,6.644
E,1,42,100,20,6,1800,8.12,15.7,123147.6,1,10.0,6.644
E,1,42,100,20,7,2100,9.769,22.2,102364.6,1,10.0,6.644
E,1,42,100,20,8,2400,12.29,34.8,81366.9,1,10.0,6.644
E,1,42,100,20,9,2700,12.742,32.5,78482.7,1,10.0,6.644
E,1,42,100,20,10,3000,14.146,37.2,70691.4,1,10.0,6.644
E,1,42,100,20,11,3300,20.852,95.4,47957.0,1,10.0,6.644
E,1,42,100,20,12,3600,16.474,45.9,60701.7,1,10.0,6.644
E,1,42,100,20,13,3900,17.226,50.2,58050.7,1,10.0,6.644
E,1,42,100,20,14,4200,20.216,58.7,49465.0,1,10.0,6.644
E,1,42,100,20,15,4500,21.298,63.0,46952.8,1,10.0,6.644
E,1,42,100,20,16,4800,23.01,82.2,43458.7,1,10.0,6.644
E,1,42,100,20,17,5100,24.913,74.3,40140.2,1,10.0,6.644
E,1,42,100,20,18,5400,26.148,83.1,38243.8,1,10.0,6.644
E,1,42,100,20,19,5700,30.158,86.2,33158.7,1,10.0,6.644
E,1,42,100,20,20,6000,30.13,94.1,33189.9,1,10.0,6.644
E,1,42,100,20,21,6300,21.883,84.4,45698.3,1,10.0,6.644
E,1,42,100,20,22,6600,6.917,20.0,144564.4,1,10.0,6.644
E,1,42,100,20,23,6900,6.17,21.0,162074.5,1,10.0,6.644
E,1,42,100,20,24,7200,7.016,17.4,142524.6,1,10.0,6.644
E,1,42,100,20,25,7500,8.366,16.6,119526.7,1,10.0,6.644
E,1,42,100,20,26,7800,9.365,19.8,106776.8,1,10.0,6.644
E,1,42,100,20,27,8100,9.885,22.4,101160.0,1,10.0,6.644
E,1,42,100,20,28,8400,7.494,23.5,133434.1,1,10.0,6.644
E,1,42,100,20,29,8700,8.68,31.0,115211.8,1,10.0,6.644
E,1,42,100,20,30,9000,10.296,32.6,97121.9,1,10.0,6.644
E,1,42,100,20,31,9300,19.746,86.9,50643.2,1,10.0,6.644
E,1,42,100,20,32,9600,13.395,37.4,74652.9,1,10.0,6.644
E,1,42,100,20,33,9900,14.051,40.6,71169.3,1,10.0,6.644
E,1,42,100,20,34,10200,15.742,40.9,63525.7,1,10.0,6.644
E,1,42,100,20,35,10500,16.741,46.7,59733.6,1,10.0,6.644
E,1,42,100,20,36,10800,18.565,83.0,53863.8,1,10.0,6.644
E,1,42,100,20,37,11100,19.059,55.1,52468.7,1,10.0,6.644
E,1,42,100,20,38,11400,25.065,83.7,39896.3,1,10.0,6.644
E,1,42,100,20,39,11700,34.772,90.9,28758.8,1,10.0,6.644
E,1,42,100,20,40,12000,28.523,93.7,35059.0,1,10.0,6.644
E,1,42,175,2,1,300,44.183,98.3,22633.3,2,13.229,7.451
E,1,42,175,2,2,600,15.478,59.1,64606.4,2,13.229,7.451
E,1,42,175,2,3,900,12.167,54.1,82187.3,2,13.229,7.451
E,1,42,175,2,4,1200,9.527,45.4,104961.2,2,13.229,7.451
E,1,42,175,2,5,1500,7.108,20.8,140693.2,2,13.229,7.451
E,1,42,175,2,6,1800,6.947,23.2,143947.0,2,13.229,7.451
E,1,42,175,2,7,2100,8.582,21.3,116518.4,2,13.229,7.451
E,1,42,175,2,8,2400,11.005,30.1,90870.5,2,13.229,7.451
E,1,42,175,2,9,2700,10.343,25.4,96683.8,2,13.229,7.451
E,1,42,175,2,10,3000,12.088,40.9,82724.4,2,13.229,7.451
E,1,42,175,2,11,3300,19.055,49.6,52480.6,2,13.229,7.451
E,1,42,175,2,12,3600,14.885,37.5,67183.2,2,13.229,7.451
E,1,42,175,2,13,3900,15.779,44.2,63375.4,2,13.229,7.451
E,1,42,175,2,14,4200,18.381,49.1,54404.0,2,13.229,7.451
E,1,42,175,2,15,4500,19.047,56.3,52501.7,2,13.229,7.451
E,1,42,175,2,16,4800,19.482,55.3,51328.6,2,13.229,7.451
E,1,42,175,2,17,5100,22.312,67.6,44818.9,2,13.229,7.451
E,1,42,175,2,18,5400,22.614,69.2,44220.4,2,13.229,7.451
E,1,42,175,2,19,5700,24.878,75.2,40195.6,2,13.229,7.451
E,1,42,175,2,20,6000,25.785,81.0,38782.7,2,13.229,7.451
E,1,42,175,2,21,6300,22.861,77.0,43742.6,2,13.229,7.451
E,1,42,175,2,22,6600,10.042,24.1,99585.1,2,13.229,7.451
E,1,42,175,2,23,6900,8.604,18.6,116225.0,2,13.229,7.451
E,1,42,175,2,24,7200,10.264,24.1,97427.9,2,13.229,7.451
E,1,42,175,2,25,7500,11.27,47.5,88731.1,2,13.229,7.451
E,1,42,175,2,26,7800,11.536,23.6,86685.2,2,13.229,7.451
E,1,42,175,2,27,8100,11.915,24.7,83927.8,2,13.229,7.451
E,1,42,175,2,28,8400,12.245,24.0,81668.2,2,13.229,7.451
E,1,42,175,2,29,8700,14.771,39.7,67698.7,2,13.229,7.451
E,1,42,175,2,30,9000,15.009,32.3,66628.2,2,13.229,7.451
E,1,42,175,2,31,9300,20.042,48.3,49895.2,2,13.229,7.451
E,1,42,175,2,32,9600,17.34,45.8,57671.2,2,13.229,7.451
E,1,42,175,2,33,9900,17.672,39.2,56585.6,2,13.229,7.451
E,1,42,175,2,34,10200,19.077,40.7,52420.1,2,13.229,7.451
E,1,42,175,2,35,10500,18.272,44.1,54727.5,2,13.229,7.451
E,1,42,175,2,36,10800,20.814,47.5,48043.8,2,13.229,7.451
E,1,42,175,2,37,11100,21.817,51.0,45836.5,2,13.229,7.451
E,1,42,175,2,38,11400,22.94,54.2,43592.6,2,13.229,7.451
E,1,42,175,2,39,11700,21.934,55.6,45591.3,2,13.229,7.451
E,1,42,175,2,40,12000,23.223,58.5,43061.4,2,13.229,7.451
E,1,42,175,3,1,300,18.549,56.9,53911.3,2,13.229,7.451
E,1,42,175,3,2,600,8.483,35.9,117887.4,2,13.229,7.451
E,1,42,175,3,3,900,7.694,23.0,129971.4,2,13.229,7.451
E,1,42,175,3,4,1200,8.951,42.0,111723.5,2,13.229,7.451
E,1,42,175,3,5,1500,6.748,18.6,148184.7,2,13.229,7.451
E,1,42,175,3,6,1800,6.73,20.3,148581.1,2,13.229,7.451
E,1,42,175,3,7,2100,8.334,20.2,119995.2,2,13.229,7.451
E,1,42,175,3,8,2400,9.459,24.1,105719.4,2,13.229,7.451
E,1,42,175,3,9,2700,10.108,25.6,98928.3,2,13.229,7.451
E,1,42,175,3,10,3000,11.858,41.1,84331.2,2,13.229,7.451
E,1,42,175,3,11,3300,16.734,35.1,59757.4,2,13.229,7.451
E,1,42,175,3,12,3600,15.453,44.1,64711.0,2,13.229,7.451
E,1,42,175,3,13,3900,15.641,43.4,63934.5,2,13.229,7.451
E,1,42,175,3,14,4200,17.649,49.2,56661.5,2,13.229,7.451
E,1,42,175,3,15,4500,19.385,56.6,51586.3,2,13.229,7.451
E,1,42,175,3,16,4800,19.243,55.5,51967.0,2,13.229,7.451
E,1,42,175,3,17,5100,22.108,65.4,45233.2,2,13.229,7.451
E,1,42,175,3,18,5400,22.29,69.2,44863.8,2,13.229,7.451
E,1,42,175,3,19,5700,24.448,78.1,40903.7,2,13.229,7.451
E,1,42,175,3,20,6000,25.536,81.1,39159.9,2,13.229,7.451
E,1,42,175,3,21,6300,21.346,76.4,46847.2,2,13.229,7.451
E,1,42,175,3,22,6600,9.263,22.6,107960.3,2,13.229,7.451
E,1,42,175,3,23,6900,7.986,17.0,125219.1,2,13.229,7.451
E,1,42,175,3,24,7200,9.648,20.5,103652.0,2,13.229,7.451
E,1,42,175,3,25,7500,9.937,23.7,100630.6,2,13.229,7.451
E,1,42,175,3,26,7800,11.839,32.4,84464.2,2,13.229,7.451
E,1,42,175,3,27,8100,11.253,24.8,88867.8,2,13.229,7.451
E,1,42,175,3,28,8400,11.749,24.7,85116.1,2,13.229,7.451
E,1,42,175,3,29,8700,13.097,26.5,76351.4,2,13.229,7.451
E,1,42,175,3,30,9000,14.911,38.6,67063.1,2,13.229,7.451
E,1,42,175,3,31,9300,18.912,48.4,52877.4,2,13.229,7.451
E,1,42,175,3,32,9600,15.728,36.1,63580.9,2,13.229,7.451
E,1,42,175,3,33,9900,17.442,43.8,57332.9,2,13.229,7.451
E,1,42,175,3,34,10200,17.977,40.9,55627.7,2,13.229,7.451
E,1,42,175,3,35,10500,17.159,44.5,58279.6,2,13.229,7.451
E,1,42,175,3,36,10800,20.322,50.4,49207.8,2,13.229,7.451
E,1,42,175,3,37,11100,20.168,49.9,49583.5,2,13.229,7.451
E,1,42,175,3,38,11400,22.779,61.5,43900.7,2,13.229,7.451
E,1,42,175,3,39,11700,20.715,56.4,48274.2,2,13.229,7.451
E,1,42,175,3,40,12000,22.448,66.3,44548.1,2,13.229,7.451
E,1,42,175,4,1,300,17.851,46.0,56020.3,2,13.229,7.451
E,1,42,175,4,2,600,7.803,25.4,128161.3,2,13.229,7.451
E,1,42,175,4,3,900,7.379,22.0,135513.6,2,13.229,7.451
E,1,42,175,4,4,1200,9.111,43.4,109757.4,2,13.229,7.451
E,1,42,175,4,5,1500,7.034,21.0,142173.4,2,13.229,7.451
E,1,42,175,4,6,1800,6.501,22.4,153830.4,2,13.229,7.451
E,1,42,175,4,7,2100,8.058,20.7,124105.4,2,13.229,7.451
E,1,42,175,4,8,2400,8.59,20.3,116409.9,2,13.229,7.451
E,1,42,175,4,9,2700,9.748,25.6,102581.7,2,13.229,7.451
E,1,42,175,4,10,3000,12.399,47.3,80653.8,2,13.229,7.451
E,1,42,175,4,11,3300,16.399,35.2,60978.1,2,13.229,7.451
E,1,42,175,4,12,3600,14.348,37.9,69694.5,2,13.229,7.451
E,1,42,175,4,13,3900,15.608,44.4,64068.3,2,13.229,7.451
E,1,42,175,4,14,4200,17.169,49.3,58243.4,2,13.229,7.451
E,1,42,175,4,15,4500,18.193,56.3,54965.2,2,13.229,7.451
E,1,42,175,4,16,4800,19.898,57.6,50256.3,2,13.229,7.451
E,1,42,175,4,17,5100,21.484,66.0,46547.0,2,13.229,7.451
E,1,42,175,4,18,5400,22.27,71.3,44902.8,2,13.229,7.451
E,1,42,175,4,19,5700,23.424,75.4,42691.9,2,13.229,7.451
E,1,42,175,4,20,6000,25.444,81.6,39302.0,2,13.229,7.451
E,1,42,175,4,21,6300,20.088,76.8,49780.1,2,13.229,7.451
E,1,42,175,4,22,6600,8.027,21.8,124579.6,2,13.229,7.451
E,1,42,175,4,23,6900,6.74,16.3,148360.7,2,13.229,7.451
E,1,42,175,4,24,7200,8.793,27.0,113722.5,2,13.229,7.451
E,1,42,175,4,25,7500,8.655,26.6,115540.2,2,13.229,7.451
E,1,42,175,4,26,7800,9.298,22.2,107546.2,2,13.229,7.451
E,1,42,175,4,27,8100,9.563,20.5,104573.3,2,13.229,7.451
E,1,42,175,4,28,8400,10.499,23.8,95244.2,2,13.229,7.451
E,1,42,175,4,29,8700,12.344,28.4,81011.0,2,13.229,7.451
E,1,42,175,4,30,9000,12.814,30.0,78041.7,2,13.229,7.451
E,1,42,175,4,31,9300,17.415,47.6,57422.9,2,13.229,7.451
E,1,42,175,4,32,9600,14.94,48.4,66934.4,2,13.229,7.451
E,1,42,175,4,33,9900,16.076,41.2,62203.2,2,13.229,7.451
E,1,42,175,4,34,10200,15.972,40.8,62609.6,2,13.229,7.451
E,1,42,175,4,35,10500,15.785,50.9,63352.6,2,13.229,7.451
E,1,42,175,4,36,10800,18.315,50.2,54601.0,2,13.229,7.451
E,1,42,175,4,37,11100,17.936,49.8,55752.8,2,13.229,7.451
E,1,42,175,4,38,11400,20.819,62.7,48032.3,2,13.229,7.451
E,1,42,175,4,39,11700,18.669,54.7,53565.7,2,13.229,7.451
E,1,42,175,4,40,12000,18.942,58.7,52791.8,2,13.229,7.451
E,1,42,175,5,1,300,18.615,49.3,53720.1,2,13.229,7.451
E,1,42,175,5,2,600,7.623,27.6,131187.7,2,13.229,7.451
E,1,42,175,5,3,900,7.332,23.8,136394.7,2,13.229,7.451
E,1,42,175,5,4,1200,8.467,40.6,118110.2,2,13.229,7.451
E,1,42,175,5,5,1500,6.425,19.4,155633.9,2,13.229,7.451
E,1,42,175,5,6,1800,6.299,20.5,158755.3,2,13.229,7.451
E,1,42,175,5,7,2100,8.774,29.0,113973.1,2,13.229,7.451
E,1,42,175,5,8,2400,8.597,19.9,116324.2,2,13.229,7.451
E,1,42,175,5,9,2700,9.657,25.7,103555.4,2,13.229,7.451
E,1,42,175,5,10,3000,11.434,39.8,87458.4,2,13.229,7.451
E,1,42,175,5,11,3300,17.015,52.2,58772.8,2,13.229,7.451
E,1,42,175,5,12,3600,14.296,37.8,69948.0,2,13.229,7.451
E,1,42,175,5,13,3900,15.158,46.3,65973.2,2,13.229,7.451
E,1,42,175,5,14,4200,17.596,49.5,56830.0,2,13.229,7.451
E,1,42,175,5,15,4500,18.167,55.3,55043.9,2,13.229,7.451
E,1,42,175,5,16,4800,18.772,56.0,53271.8,2,13.229,7.451
E,1,42,175,5,17,5100,21.746,66.5,45985.5,2,13.229,7.451
E,1,42,175,5,18,5400,21.621,69.7,46252.0,2,13.229,7.451
E,1,42,175,5,19,5700,24.046,75.8,41587.0,2,13.229,7.451
E,1,42,175,5,20,6000,24.879,81.7,40194.5,2,13.229,7.451
E,1,42,175,5,21,6300,20.38,77.1,49066.9,2,13.229,7.451
E,1,42,175,5,22,6600,7.901,24.0,126566.3,2,13.229,7.451
E,1,42,175,5,23,6900,6.738,16.7,148419.3,2,13.229,7.451
E,1,42,175,5,24,7200,8.048,20.2,124254.5,2,13.229,7.451
E,1,42,175,5,25,7500,8.49,23.4,117781.0,2,13.229,7.451
E,1,42,175,5,26,7800,9.315,19.4,107353.7,2,13.229,7.451
E,1,42,175,5,27,8100,10.967,24.2,91182.7,2,13.229,7.451
E,1,42,175,5,28,8400,10.604,23.7,94301.1,2,13.229,7.451
E,1,42,175,5,29,8700,11.44,25.4,87415.2,2,13.229,7.451
E,1,42,175,5,30,9000,12.748,29.9,78441.6,2,13.229,7.451
E,1,42,175,5,31,9300,18.722,47.4,53412.1,2,13.229,7.451
E,1,42,175,5,32,9600,13.927,35.5,71803.0,2,13.229,7.451
E,1,42,175,5,33,9900,14.862,35.9,67287.2,2,13.229,7.451
E,1,42,175,5,34,10200,16.781,44.5,59592.4,2,13.229,7.451
E,1,42,175,5,35,10500,15.186,44.4,65851.6,2,13.229,7.451
E,1,42,175,5,36,10800,17.128,45.5,58385.1,2,13.229,7.451
E,1,42,175,5,37,11100,18.523,50.5,53986.9,2,13.229,7.451
E,1,42,175,5,38,11400,19.721,54.5,50707.4,2,13.229,7.451
E,1,42,175,5,39,11700,19.077,56.2,52419.1,2,13.229,7.451
E,1,42,175,5,40,12000,19.073,58.6,52431.0,2,13.229,7.451
E,1,42,175,6,1,300,19.125,47.5,52288.5,2,13.229,7.451
E,1,42,175,6,2,600,7.546,25.1,132514.7,2,13.229,7.451
E,1,42,175,6,3,900,7.388,24.9,135354.7,2,13.229,7.451
E,1,42,175,6,4,1200,8.58,40.6,116550.1,2,13.229,7.451
E,1,42,175,6,5,1500,6.787,19.9,147347.7,2,13.229,7.451
E,1,42,175,6,6,1800,6.498,21.4,153893.5,2,13.229,7.451
E,1,42,175,6,7,2100,8.079,20.2,123782.8,2,13.229,7.451
E,1,42,175,6,8,2400,8.654,20.3,115557.9,2,13.229,7.451
E,1,42,175,6,9,2700,9.872,25.7,101293.2,2,13.229,7.451
E,1,42,175,6,10,3000,11.994,50.2,83375.0,2,13.229,7.451
E,1,42,175,6,11,3300,16.457,35.2,60763.2,2,13.229,7.451
E,1,42,175,6,12,3600,14.333,37.8,69767.4,2,13.229,7.451
E,1,42,175,6,13,3900,15.233,43.6,65645.5,2,13.229,7.451
E,1,42,175,6,14,4200,17.886,49.6,55909.7,2,13.229,7.451
E,1,42,175,6,15,4500,18.234,55.7,54842.6,2,13.229,7.451
E,1,42,175,6,16,4800,20.665,72.5,48390.2,2,13.229,7.451
E,1,42,175,6,17,5100,21.391,66.5,46749.4,2,13.229,7.451
E,1,42,175,6,18,5400,21.943,70.7,45573.3,2,13.229,7.451
E,1,42,175,6,19,5700,23.714,75.8,42169.2,2,13.229,7.451
E,1,42,175,6,20,6000,24.857,81.8,40229.6,2,13.229,7.451
E,1,42,175,6,21,6300,20.668,77.0,48384.0,2,13.229,7.451
E,1,42,175,6,22,6600,7.925,22.7,126188.3,2,13.229,7.451
E,1,42,175,6,23,6900,6.71,15.8,149031.3,2,13.229,7.451
E,1,42,175,6,24,7200,8.156,18.6,122604.1,2,13.229,7.451
E,1,42,175,6,25,7500,9.522,53.9,105020.0,2,13.229,7.451
E,1,42,175,6,26,7800,18.623,52.1,53697.0,2,13.229,7.451
E,1,42,175,6,27,8100,19.543,56.4,51168.3,2,13.229,7.451
E,1,42,175,6,28,8400,20.942,64.6,47750.9,2,13.229,7.451
E,1,42,175,6,29,8700,19.321,53.6,51756.3,2,13.229,7.451
E,1,42,175,6,30,9000,25.404,78.3,39363.9,2,13.229,7.451
E,1,42,175,6,31,9300,31.28,77.6,31969.0,2,13.229,7.451
E,1,42,175,6,32,9600,19.56,61.8,51124.7,2,13.229,7.451
E,1,42,175,6,33,9900,25.569,62.9,39109.4,2,13.229,7.451
E,1,42,175,6,34,10200,19.621,55.7,50966.7,2,13.229,7.451
E,1,42,175,6,35,10500,20.174,69.3,49567.9,2,13.229,7.451
E,1,42,175,6,36,10800,28.185,86.9,35480.3,2,13.229,7.451
E,1,42,175,6,37,11100,29.225,77.1,34216.9,2,13.229,7.451
E,1,42,175,6,38,11400,33.718,88.5,29658.0,2,13.229,7.451
E,1,42,175,6,39,11700,39.141,112.2,25548.4,2,13.229,7.451
E,1,42,175,6,40,12000,32.288,94.2,30971.6,2,13.229,7.451
E,1,42,175,8,1,300,26.764,70.0,37363.6,2,13.229,7.451
E,1,42,175,8,2,600,12.852,51.1,77810.9,2,13.229,7.451
E,1,42,175,8,3,900,12.294,39.5,81342.7,2,13.229,7.451
E,1,42,175,8,4,1200,14.234,73.4,70256.0,2,13.229,7.451
E,1,42,175,8,5,1500,10.573,33.9,94583.5,2,13.229,7.451
E,1,42,175,8,6,1800,6.542,21.7,152866.2,2,13.229,7.451
E,1,42,175,8,7,2100,7.968,21.5,125496.7,2,13.229,7.451
E,1,42,175,8,8,2400,9.2,29.6,108695.7,2,13.229,7.451
E,1,42,175,8,9,2700,9.609,27.7,104072.7,2,13.229,7.451
E,1,42,175,8,10,3000,11.474,41.5,87156.1,2,13.229,7.451
E,1,42,175,8,11,3300,16.523,35.0,60520.5,2,13.229,7.451
E,1,42,175,8,12,3600,15.068,52.1,66364.3,2,13.229,7.451
E,1,42,175,8,13,3900,15.204,44.7,65772.2,2,13.229,7.451
E,1,42,175,8,14,4200,17.018,48.9,58762.5,2,13.229,7.451
E,1,42,175,8,15,4500,19.069,65.2,52442.0,2,13.229,7.451
E,1,42,175,8,16,4800,18.792,57.9,53215.1,2,13.229,7.451
E,1,42,175,8,17,5100,21.613,69.1,46267.7,2,13.229,7.451
E,1,42,175,8,18,5400,21.603,69.0,46289.9,2,13.229,7.451
E,1,42,175,8,19,5700,23.218,75.5,43069.4,2,13.229,7.451
E,1,42,175,8,20,6000,27.342,89.1,36574.2,2,13.229,7.451
E,1,42,175,8,21,6300,20.049,77.0,49878.6,2,13.229,7.451
E,1,42,175,8,22,6600,9.074,39.1,110201.0,2,13.229,7.451
E,1,42,175,8,23,6900,9.482,32.6,105459.3,2,13.229,7.451
E,1,42,175,8,24,7200,8.672,32.7,115309.2,2,13.229,7.451
E,1,42,175,8,25,7500,12.572,58.9,79541.8,2,13.229,7.451
E,1,42,175,8,26,7800,9.116,26.2,109697.2,2,13.229,7.451
E,1,42,175,8,27,8100,13.608,51.5,73486.2,2,13.229,7.451
E,1,42,175,8,28,8400,14.27,40.5,70075.4,2,13.229,7.451
E,1,42,175,8,29,8700,12.394,32.5,80682.0,2,13.229,7.451
E,1,42,175,8,30,9000,18.203,58.4,54935.0,2,13.229,7.451
E,1,42,175,8,31,9300,20.031,55.8,49921.8,2,13.229,7.451
E,1,42,175,8,32,9600,13.57,54.4,73692.0,2,13.229,7.451
E,1,42,175,8,33,9900,15.26,37.0,65532.2,2,13.229,7.451
E,1,42,175,8,34,10200,20.662,62.6,48397.2,2,13.229,7.451
E,1,42,175,8,35,10500,16.433,65.0,60851.9,2,13.229,7.451
E,1,42,175,8,36,10800,19.496,63.3,51291.7,2,13.229,7.451
E,1,42,175,8,37,11100,16.973,49.0,58918.3,2,13.229,7.451
E,1,42,175,8,38,11400,19.392,54.6,51566.8,2,13.229,7.451
E,1,42,175,8,39,11700,17.708,56.0,56470.6,2,13.229,7.451
E,1,42,175,8,40,12000,17.885,58.2,55913.8,2,13.229,7.451
E,1,42,175,10,1,300,17.999,43.7,55558.6,2,13.229,7.451
E,1,42,175,10,2,600,8.334,44.7,119985.6,2,13.229,7.451
E,1,42,175,10,3,900,7.605,30.5,131486.7,2,13.229,7.451
E,1,42,175,10,4,1200,8.582,41.2,116518.4,2,13.229,7.451
E,1,42,175,10,5,1500,6.356,19.3,157323.5,2,13.229,7.451
E,1,42,175,10,6,1800,6.327,21.3,158052.9,2,13.229,7.451
E,1,42,175,10,7,2100,7.958,20.5,125654.4,2,13.229,7.451
E,1,42,175,10,8,2400,9.395,29.9,106443.4,2,13.229,7.451
E,1,42,175,10,9,2700,9.783,25.9,102214.6,2,13.229,7.451
E,1,42,175,10,10,3000,11.452,40.7,87318.4,2,13.229,7.451
E,1,42,175,10,11,3300,16.529,35.3,60498.5,2,13.229,7.451
E,1,42,175,10,12,3600,14.795,40.4,67590.4,2,13.229,7.451
E,1,42,175,10,13,3900,15.256,44.4,65549.4,2,13.229,7.451
E,1,42,175,10,14,4200,17.108,48.9,58453.3,2,13.229,7.451
E,1,42,175,10,15,4500,18.462,56.6,54165.3,2,13.229,7.451
E,1,42,175,10,16,4800,18.668,55.9,53568.6,2,13.229,7.451
E,1,42,175,10,17,5100,21.562,70.4,46377.2,2,13.229,7.451
E,1,42,175,10,18,5400,21.486,69.4,46541.2,2,13.229,7.451
E,1,42,175,10,19,5700,23.131,75.3,43232.7,2,13.229,7.451
E,1,42,175,10,20,6000,25.663,81.7,38966.1,2,13.229,7.451
E,1,42,175,10,21,6300,19.616,77.6,50979.7,2,13.229,7.451
E,1,42,175,10,22,6600,7.548,23.4,132485.4,2,13.229,7.451
E,1,42,175,10,23,6900,6.346,17.0,157579.6,2,13.229,7.451
E,1,42,175,10,24,7200,7.672,19.3,130338.5,2,13.229,7.451
E,1,42,175,10,25,7500,8.03,23.3,124527.8,2,13.229,7.451
E,1,42,175,10,26,7800,8.852,18.3,112973.1,2,13.229,7.451
E,1,42,175,10,27,8100,9.192,19.2,108790.2,2,13.229,7.451
E,1,42,175,10,28,8400,10.662,24.8,93794.0,2,13.229,7.451
E,1,42,175,10,29,8700,11.054,25.9,90465.0,2,13.229,7.451
E,1,42,175,10,30,9000,12.273,30.4,81477.5,2,13.229,7.451
E,1,42,175,10,31,9300,16.454,46.9,60775.5,2,13.229,7.451
E,1,42,175,10,32,9600,13.536,43.9,73875.2,2,13.229,7.451
E,1,42,175,10,33,9900,14.168,35.5,70581.6,2,13.229,7.451
E,1,42,175,10,34,10200,14.959,40.9,66849.4,2,13.229,7.451
E,1,42,175,10,35,10500,14.778,49.2,67669.7,2,13.229,7.451
E,1,42,175,10,36,10800,16.22,47.7,61652.3,2,13.229,7.451
E,1,42,175,10,37,11100,16.931,49.2,59062.1,2,13.229,7.451
E,1,42,175,10,38,11400,19.482,57.4,51328.6,2,13.229,7.451
E,1,42,175,10,39,11700,17.816,55.2,56130.4,2,13.229,7.451
E,1,42,175,10,40,12000,18.008,58.6,55531.9,2,13.229,7.451
E,1,42,175,14,1,300,18.383,57.8,54397.1,2,13.229,7.451
E,1,42,175,14,2,600,7.463,24.9,134000.4,2,13.229,7.451
E,1,42,175,14,3,900,7.26,23.3,137747.3,2,13.229,7.451
E,1,42,175,14,4,1200,8.539,40.0,117105.1,2,13.229,7.451
E,1,42,175,14,5,1500,6.717,32.4,148883.4,2,13.229,7.451
E,1,42,175,14,6,1800,6.498,21.9,153885.6,2,13.229,7.451
E,1,42,175,14,7,2100,8.063,20.3,124023.3,2,13.229,7.451
E,1,42,175,14,8,2400,8.63,20.0,115879.3,2,13.229,7.451
E,1,42,175,14,9,2700,9.706,28.1,103032.6,2,13.229,7.451
E,1,42,175,14,10,3000,12.186,45.4,82059.2,2,13.229,7.451
E,1,42,175,14,11,3300,17.287,39.7,57848.1,2,13.229,7.451
E,1,42,175,14,12,3600,14.346,41.7,69704.2,2,13.229,7.451
E,1,42,175,14,13,3900,15.308,45.0,65325.3,2,13.229,7.451
E,1,42,175,14,14,4200,19.303,58.7,51806.3,2,13.229,7.451
E,1,42,175,14,15,4500,18.408,55.9,54324.2,2,13.229,7.451
E,1,42,175,14,16,4800,19.903,62.3,50242.8,2,13.229,7.451
E,1,42,175,14,17,5100,21.433,66.8,46656.3,2,13.229,7.451
E,1,42,175,14,18,5400,21.677,69.8,46131.8,2,13.229,7.451
E,1,42,175,14,19,5700,23.973,78.5,41714.2,2,13.229,7.451
E,1,42,175,14,20,6000,24.833,81.5,40268.5,2,13.229,7.451
E,1,42,175,14,21,6300,21.418,79.8,46689.7,2,13.229,7.451
E,1,42,175,14,22,6600,7.555,24.1,132362.7,2,13.229,7.451
E,1,42,175,14,23,6900,6.383,17.7,156666.1,2,13.229,7.451
E,1,42,175,14,24,7200,7.708,19.5,129729.7,2,13.229,7.451
E,1,42,175,14,25,7500,9.262,39.4,107972.0,2,13.229,7.451
E,1,42,175,14,26,7800,10.433,26.5,95846.6,2,13.229,7.451
E,1,42,175,14,27,8100,13.61,36.9,73477.2,2,13.229,7.451
E,1,42,175,14,28,8400,16.969,43.1,58932.1,2,13.229,7.451
E,1,42,175,14,29,8700,13.132,40.4,76151.8,2,13.229,7.451
E,1,42,175,14,30,9000,13.342,45.9,74953.2,2,13.229,7.451
E,1,42,175,14,31,9300,18.494,49.4,54072.6,2,13.229,7.451
E,1,42,175,14,32,9600,13.856,49.7,72170.9,2,13.229,7.451
E,1,42,175,14,33,9900,14.197,35.6,70435.8,2,13.229,7.451
E,1,42,175,14,34,10200,15.063,41.4,66387.8,2,13.229,7.451
E,1,42,175,14,35,10500,15.368,59.9,65068.9,2,13.229,7.451
E,1,42,175,14,36,10800,16.383,46.4,61038.9,2,13.229,7.451
E,1,42,175,14,37,11100,16.942,49.3,59024.9,2,13.229,7.451
E,1,42,175,14,38,11400,19.536,55.4,51186.7,2,13.229,7.451
E,1,42,175,14,39,11700,17.726,56.4,56414.3,2,13.229,7.451
E,1,42,175,14,40,12000,18.039,59.0,55436.5,2,13.229,7.451
E,1,42,175,20,1,300,19.87,66.7,50328.0,2,13.229,7.451
E,1,42,175,20,2,600,7.735,25.3,129288.1,2,13.229,7.451
E,1,42,175,20,3,900,11.256,51.8,88841.5,2,13.229,7.451
E,1,42,175,20,4,1200,15.216,77.3,65721.7,2,13.229,7.451
E,1,42,175,20,5,1500,8.964,53.7,111557.3,2,13.229,7.451
E,1,42,175,20,6,1800,7.058,31.7,141676.5,2,13.229,7.451
E,1,42,175,20,7,2100,8.765,28.0,114090.1,2,13.229,7.451
E,1,42,175,20,8,2400,9.627,28.9,103870.9,2,13.229,7.451
E,1,42,175,20,9,2700,10.629,36.2,94082.2,2,13.229,7.451
E,1,42,175,20,10,3000,17.509,69.4,57113.5,2,13.229,7.451
E,1,42,175,20,11,3300,28.347,62.2,35276.7,2,13.229,7.451
E,1,42,175,20,12,3600,18.333,63.3,54546.4,2,13.229,7.451
E,1,42,175,20,13,3900,23.976,79.7,41707.8,2,13.229,7.451
E,1,42,175,20,14,4200,31.052,90.4,32204.4,2,13.229,7.451
E,1,42,175,20,15,4500,28.815,98.9,34704.5,2,13.229,7.451
E,1,42,175,20,16,4800,25.224,89.5,39644.8,2,13.229,7.451
E,1,42,175,20,17,5100,31.414,105.9,31832.9,2,13.229,7.451
E,1,42,175,20,18,5400,27.529,103.0,36325.8,2,13.229,7.451
E,1,42,175,20,19,5700,24.389,76.6,41002.1,2,13.229,7.451
E,1,42,175,20,20,6000,25.15,82.1,39762.0,2,13.229,7.451
E,1,42,175,20,21,6300,24.109,77.6,41478.3,2,13.229,7.451
E,1,42,175,20,22,6600,7.625,26.1,131147.5,2,13.229,7.451
E,1,42,175,20,23,6900,6.358,18.1,157290.4,2,13.229,7.451
E,1,42,175,20,24,7200,7.717,20.4,129578.4,2,13.229,7.451
E,1,42,175,20,25,7500,7.862,22.6,127188.7,2,13.229,7.451
E,1,42,175,20,26,7800,9.341,25.0,107058.8,2,13.229,7.451
E,1,42,175,20,27,8100,9.268,19.8,107902.0,2,13.229,7.451
E,1,42,175,20,28,8400,10.107,23.4,98944.6,2,13.229,7.451
E,1,42,175,20,29,8700,10.918,25.9,91589.1,2,13.229,7.451
E,1,42,175,20,30,9000,12.077,30.7,82799.7,2,13.229,7.451
E,1,42,175,20,31,9300,18.762,54.8,53300.2,2,13.229,7.451
E,1,42,175,20,32,9600,12.851,34.8,77817.0,2,13.229,7.451
E,1,42,175,20,33,9900,13.993,36.3,71466.0,2,13.229,7.451
E,1,42,175,20,34,10200,15.569,52.4,64231.6,2,13.229,7.451
E,1,42,175,20,35,10500,14.218,45.0,70333.4,2,13.229,7.451
E,1,42,175,20,36,10800,16.045,46.1,62326.0,2,13.229,7.451
E,1,42,175,20,37,11100,17.177,51.5,58218.5,2,13.229,7.451
E,1,42,175,20,38,11400,24.202,83.8,41318.9,2,13.229,7.451
E,1,42,175,20,39,11700,18.294,65.0,54663.7,2,13.229,7.451
E,1,42,175,20,40,12000,17.987,59.7,55596.7,2,13.229,7.451
E,1,42,300,2,1,300,22.232,58.2,44979.5,2,17.321,8.229
E,1,42,300,2,2,600,15.914,31.3,62839.1,2,17.321,8.229
E,1,42,300,2,3,900,16.599,27.1,60243.4,2,17.321,8.229
E,1,42,300,2,4,1200,18.306,41.1,54627.9,2,17.321,8.229
E,1,42,300,2,5,1500,18.536,32.0,53948.1,2,17.321,8.229
E,1,42,300,2,6,1800,18.66,32.6,53590.6,2,17.321,8.229
E,1,42,300,2,7,2100,21.018,54.6,47579.0,2,17.321,8.229
E,1,42,300,2,8,2400,20.107,43.3,49734.8,2,17.321,8.229
E,1,42,300,2,9,2700,21.585,47.5,46329.2,2,17.321,8.229
E,1,42,300,2,10,3000,22.266,47.7,44911.5,2,17.321,8.229
E,1,42,300,2,11,3300,26.899,96.0,37175.6,2,17.321,8.229
E,1,42,300,2,12,3600,25.44,56.8,39308.7,2,17.321,8.229
E,1,42,300,2,13,3900,24.913,66.1,40139.1,2,17.321,8.229
E,1,42,300,2,14,4200,22.15,64.0,45146.0,2,17.321,8.229
E,1,42,300,2,15,4500,23.455,66.4,42634.2,2,17.321,8.229
E,1,42,300,2,16,4800,23.369,74.3,42792.3,2,17.321,8.229
E,1,42,300,2,17,5100,27.209,78.2,36752.5,2,17.321,8.229
E,1,42,300,2,18,5400,24.783,75.2,40349.7,2,17.321,8.229
E,1,42,300,2,19,5700,24.907,81.2,40149.9,2,17.321,8.229
E,1,42,300,2,20,6000,29.481,88.4,33920.5,2,17.321,8.229
E,1,42,300,2,21,6300,24.971,84.1,40045.9,2,17.321,8.229
E,1,42,300,2,22,6600,14.849,30.8,67344.6,2,17.321,8.229
E,1,42,300,2,23,6900,14.902,27.2,67103.6,2,17.321,8.229
E,1,42,300,2,24,7200,15.392,28.2,64967.4,2,17.321,8.229
E,1,42,300,2,25,7500,26.978,66.1,37067.7,2,17.321,8.229
E,1,42,300,2,26,7800,23.278,53.7,42959.6,2,17.321,8.229
E,1,42,300,2,27,8100,19.446,46.4,51424.4,2,17.321,8.229
E,1,42,300,2,28,8400,17.608,42.6,56791.3,2,17.321,8.229
E,1,42,300,2,29,8700,20.147,44.7,49634.4,2,17.321,8.229
E,1,42,300,2,30,9000,21.078,50.6,47442.8,2,17.321,8.229
E,1,42,300,2,31,9300,26.221,64.8,38137.4,2,17.321,8.229
E,1,42,300,2,32,9600,21.963,56.8,45531.1,2,17.321,8.229
E,1,42,300,2,33,9900,23.807,63.4,42005.0,2,17.321,8.229
E,1,42,300,2,34,10200,24.566,63.7,40706.1,2,17.321,8.229
E,1,42,300,2,35,10500,24.962,72.4,40060.9,2,17.321,8.229
E,1,42,300,2,36,10800,26.942,73.2,37117.2,2,17.321,8.229
E,1,42,300,2,37,11100,27.987,80.4,35731.3,2,17.321,8.229
E,1,42,300,2,38,11400,28.687,80.9,34859.0,2,17.321,8.229
E,1,42,300,2,39,11700,28.993,86.7,34491.5,2,17.321,8.229
E,1,42,300,2,40,12000,30.2,84.9,33112.2,2,17.321,8.229
E,1,42,300,3,1,300,20.29,38.2,49284.6,2,17.321,8.229
E,1,42,300,3,2,600,13.817,29.5,72376.4,2,17.321,8.229
E,1,42,300,3,3,900,15.084,32.0,66296.9,2,17.321,8.229
E,1,42,300,3,4,1200,15.442,29.3,64757.1,2,17.321,8.229
E,1,42,300,3,5,1500,15.907,30.4,62866.7,2,17.321,8.229
E,1,42,300,3,6,1800,16.84,38.0,59381.2,2,17.321,8.229
E,1,42,300,3,7,2100,17.494,39.8,57163.5,2,17.321,8.229
E,1,42,300,3,8,2400,17.282,41.8,57864.8,2,17.321,8.229
E,1,42,300,3,9,2700,18.606,46.3,53746.1,2,17.321,8.229
E,1,42,300,3,10,3000,19.574,49.0,51089.1,2,17.321,8.229
E,1,42,300,3,11,3300,23.892,59.1,41855.0,2,17.321,8.229
E,1,42,300,3,12,3600,22.314,56.3,44814.2,2,17.321,8.229
E,1,42,300,3,13,3900,21.465,61.0,46586.7,2,17.321,8.229
E,1,42,300,3,14,4200,20.008,64.1,49979.2,2,17.321,8.229
E,1,42,300,3,15,4500,20.728,66.1,48243.9,2,17.321,8.229
E,1,42,300,3,16,4800,21.132,75.4,47322.3,2,17.321,8.229
E,1,42,300,3,17,5100,27.659,76.2,36154.6,2,17.321,8.229
E,1,42,300,3,18,5400,22.38,74.6,44682.1,2,17.321,8.229
E,1,42,300,3,19,5700,22.433,81.0,44577.8,2,17.321,8.229
E,1,42,300,3,20,6000,26.256,85.7,38086.0,2,17.321,8.229
E,1,42,300,3,21,6300,22.485,84.1,44474.8,2,17.321,8.229
E,1,42,300,3,22,6600,12.897,25.6,77535.4,2,17.321,8.229
E,1,42,300,3,23,6900,14.329,30.9,69788.5,2,17.321,8.229
E,1,42,300,3,24,7200,14.205,30.3,70399.4,2,17.321,8.229
E,1,42,300,3,25,7500,15.31,29.5,65316.8,2,17.321,8.229
E,1,42,300,3,26,7800,15.933,41.3,62762.8,2,17.321,8.229
E,1,42,300,3,27,8100,15.791,37.2,63325.9,2,17.321,8.229
E,1,42,300,3,28,8400,15.635,36.3,63957.7,2,17.321,8.229
E,1,42,300,3,29,8700,23.998,64.5,41670.7,2,17.321,8.229
E,1,42,300,3,30,9000,24.433,60.0,40928.8,2,17.321,8.229
E,1,42,300,3,31,9300,26.471,62.6,37777.7,2,17.321,8.229
E,1,42,300,3,32,9600,20.44,57.2,48922.9,2,17.321,8.229
E,1,42,300,3,33,9900,22.229,63.8,44986.3,2,17.321,8.229
E,1,42,300,3,34,10200,22.855,63.9,43754.7,2,17.321,8.229
E,1,42,300,3,35,10500,22.902,69.0,43664.9,2,17.321,8.229
E,1,42,300,3,36,10800,24.705,73.5,40477.6,2,17.321,8.229
E,1,42,300,3,37,11100,25.704,79.8,38904.4,2,17.321,8.229
E,1,42,300,3,38,11400,26.369,79.1,37923.3,2,17.321,8.229
E,1,42,300,3,39,11700,26.342,87.1,37961.7,2,17.321,8.229
E,1,42,300,3,40,12000,27.942,84.9,35788.4,2,17.321,8.229
E,1,42,300,4,1,300,17.504,47.9,57130.9,2,17.321,8.229
E,1,42,300,4,2,600,10.078,28.6,99229.3,2,17.321,8.229
E,1,42,300,4,3,900,11.098,24.9,90106.4,2,17.321,8.229
E,1,42,300,4,4,1200,11.454,26.5,87303.2,2,17.321,8.229
E,1,42,300,4,5,1500,13.054,41.3,76602.9,2,17.321,8.229
E,1,42,300,4,6,1800,13.088,36.8,76403.9,2,17.321,8.229
E,1,42,300,4,7,2100,13.182,32.1,75859.1,2,17.321,8.229
E,1,42,300,4,8,2400,13.23,35.6,75587.7,2,17.321,8.229
E,1,42,300,4,9,2700,14.677,37.7,68135.4,2,17.321,8.229
E,1,42,300,4,10,3000,14.727,39.2,67904.0,2,17.321,8.229
E,1,42,300,4,11,3300,18.908,45.3,52886.7,2,17.321,8.229
E,1,42,300,4,12,3600,17.576,50.9,56896.9,2,17.321,8.229
E,1,42,300,4,13,3900,16.515,51.1,60549.8,2,17.321,8.229
E,1,42,300,4,14,4200,15.13,53.9,66093.9,2,17.321,8.229
E,1,42,300,4,15,4500,16.612,58.3,60196.2,2,17.321,8.229
E,1,42,300,4,16,4800,15.169,61.2,65923.9,2,17.321,8.229
E,1,42,300,4,17,5100,18.495,64.1,54067.7,2,17.321,8.229
E,1,42,300,4,18,5400,17.093,61.3,58503.5,2,17.321,8.229
E,1,42,300,4,19,5700,17.557,68.5,56956.3,2,17.321,8.229
E,1,42,300,4,20,6000,20.14,72.8,49651.6,2,17.321,8.229
E,1,42,300,4,21,6300,19.055,71.1,52478.7,2,17.321,8.229
E,1,42,300,4,22,6600,9.869,26.4,101330.8,2,17.321,8.229
E,1,42,300,4,23,6900,10.422,25.1,95950.9,2,17.321,8.229
E,1,42,300,4,24,7200,11.503,39.2,86936.4,2,17.321,8.229
E,1,42,300,4,25,7500,11.918,27.8,83906.7,2,17.321,8.229
E,1,42,300,4,26,7800,12.37,27.6,80840.7,2,17.321,8.229
E,1,42,300,4,27,8100,12.736,32.6,78519.6,2,17.321,8.229
E,1,42,300,4,28,8400,13.288,37.3,75255.9,2,17.321,8.229
E,1,42,300,4,29,8700,14.383,36.8,69528.1,2,17.321,8.229
E,1,42,300,4,30,9000,15.475,45.1,64620.3,2,17.321,8.229
E,1,42,300,4,31,9300,20.145,80.1,49639.3,2,17.321,8.229
E,1,42,300,4,32,9600,16.342,51.4,61190.8,2,17.321,8.229
E,1,42,300,4,33,9900,17.593,56.6,56839.7,2,17.321,8.229
E,1,42,300,4,34,10200,20.046,61.1,49886.1,2,17.321,8.229
E,1,42,300,4,35,10500,18.378,63.8,54413.9,2,17.321,8.229
E,1,42,300,4,36,10800,21.22,70.5,47126.1,2,17.321,8.229
E,1,42,300,4,37,11100,21.661,73.6,46166.6,2,17.321,8.229
E,1,42,300,4,38,11400,22.199,76.6,45047.8,2,17.321,8.229
E,1,42,300,4,39,11700,22.94,79.6,43592.6,2,17.321,8.229
E,1,42,300,4,40,12000,23.515,82.3,42526.6,2,17.321,8.229
E,1,42,300,5,1,300,17.362,76.2,57597.1,2,17.321,8.229
E,1,42,300,5,2,600,9.903,28.1,100976.1,2,17.321,8.229
E,1,42,300,5,3,900,10.921,24.3,91563.9,2,17.321,8.229
E,1,42,300,5,4,1200,11.291,26.2,88563.5,2,17.321,8.229
E,1,42,300,5,5,1500,12.398,27.4,80656.0,2,17.321,8.229
E,1,42,300,5,6,1800,12.061,27.4,82911.9,2,17.321,8.229
E,1,42,300,5,7,2100,12.886,32.0,77605.6,2,17.321,8.229
E,1,42,300,5,8,2400,12.686,35.0,78825.0,2,17.321,8.229
E,1,42,300,5,9,2700,14.372,55.4,69578.1,2,17.321,8.229
E,1,42,300,5,10,3000,14.298,39.3,69938.2,2,17.321,8.229
E,1,42,300,5,11,3300,18.302,45.6,54639.8,2,17.321,8.229
E,1,42,300,5,12,3600,17.627,50.1,56731.2,2,17.321,8.229
E,1,42,300,5,13,3900,16.231,51.1,61610.5,2,17.321,8.229
E,1,42,300,5,14,4200,14.958,53.4,66855.3,2,17.321,8.229
E,1,42,300,5,15,4500,16.307,55.8,61323.4,2,17.321,8.229
E,1,42,300,5,16,4800,15.127,61.3,66105.5,2,17.321,8.229
E,1,42,300,5,17,5100,18.344,66.0,54514.7,2,17.321,8.229
E,1,42,300,5,18,5400,16.848,61.7,59355.4,2,17.321,8.229
E,1,42,300,5,19,5700,17.387,68.5,57513.1,2,17.321,8.229
E,1,42,300,5,20,6000,19.255,69.9,51933.7,2,17.321,8.229
E,1,42,300,5,21,6300,19.31,70.7,51786.6,2,17.321,8.229
E,1,42,300,5,22,6600,9.591,25.4,104264.4,2,17.321,8.229
E,1,42,300,5,23,6900,9.995,23.4,100053.3,2,17.321,8.229
E,1,42,300,5,24,7200,11.732,41.1,85237.0,2,17.321,8.229
E,1,42,300,5,25,7500,11.859,29.6,84321.8,2,17.321,8.229
E,1,42,300,5,26,7800,12.189,27.3,82043.4,2,17.321,8.229
E,1,42,300,5,27,8100,12.412,33.1,80569.4,2,17.321,8.229
E,1,42,300,5,28,8400,12.959,38.2,77164.5,2,17.321,8.229
E,1,42,300,5,29,8700,14.251,37.0,70170.5,2,17.321,8.229
E,1,42,300,5,30,9000,15.17,45.3,65918.1,2,17.321,8.229
E,1,42,300,5,31,9300,19.941,61.5,50147.1,2,17.321,8.229
E,1,42,300,5,32,9600,16.252,51.4,61530.9,2,17.321,8.229
E,1,42,300,5,33,9900,17.368,56.6,57576.1,2,17.321,8.229
E,1,42,300,5,34,10200,19.389,59.5,51575.6,2,17.321,8.229
E,1,42,300,5,35,10500,18.032,61.6,55455.9,2,17.321,8.229
E,1,42,300,5,36,10800,20.226,67.4,49442.1,2,17.321,8.229
E,1,42,300,5,37,11100,22.799,81.4,43861.6,2,17.321,8.229
E,1,42,300,5,38,11400,22.247,77.7,44949.9,2,17.321,8.229
E,1,42,300,5,39,11700,22.904,78.6,43661.1,2,17.321,8.229
E,1,42,300,5,40,12000,23.575,78.4,42417.2,2,17.321,8.229
E,1,42,300,6,1,300,17.294,48.4,57823.5,2,17.321,8.229
E,1,42,300,6,2,600,9.955,28.2,100452.0,2,17.321,8.229
E,1,42,300,6,3,900,10.704,25.6,93420.1,2,17.321,8.229
E,1,42,300,6,4,1200,11.214,26.1,89171.6,2,17.321,8.229
E,1,42,300,6,5,1500,12.102,29.4,82631.0,2,17.321,8.229
E,1,42,300,6,6,1800,12.352,32.2,80960.7,2,17.321,8.229
E,1,42,300,6,7,2100,12.886,32.4,77605.6,2,17.321,8.229
E,1,42,300,6,8,2400,12.851,35.8,77817.0,2,17.321,8.229
E,1,42,300,6,9,2700,13.604,39.6,73506.0,2,17.321,8.229
E,1,42,300,6,10,3000,14.289,39.2,69985.5,2,17.321,8.229
E,1,42,300,6,11,3300,18.266,45.7,54747.5,2,17.321,8.229
E,1,42,300,6,12,3600,16.863,49.0,59301.4,2,17.321,8.229
E,1,42,300,6,13,3900,16.17,51.1,61844.2,2,17.321,8.229
E,1,42,300,6,14,4200,14.759,53.7,67753.7,2,17.321,8.229
E,1,42,300,6,15,4500,16.319,59.3,61278.3,2,17.321,8.229
E,1,42,300,6,16,4800,14.897,61.9,67129.1,2,17.321,8.229
E,1,42,300,6,17,5100,18.137,64.7,55135.9,2,17.321,8.229
E,1,42,300,6,18,5400,16.545,61.0,60441.2,2,17.321,8.229
E,1,42,300,6,19,5700,17.241,68.5,58000.2,2,17.321,8.229
E,1,42,300,6,20,6000,19.222,70.3,52022.8,2,17.321,8.229
E,1,42,300,6,21,6300,20.529,70.9,48711.6,2,17.321,8.229
E,1,42,300,6,22,6600,10.043,28.2,99575.1,2,17.321,8.229
E,1,42,300,6,23,6900,9.965,24.1,100351.2,2,17.321,8.229
E,1,42,300,6,24,7200,11.001,29.0,90903.6,2,17.321,8.229
E,1,42,300,6,25,7500,12.18,28.7,82099.6,2,17.321,8.229
E,1,42,300,6,26,7800,12.244,27.8,81674.9,2,17.321,8.229
E,1,42,300,6,27,8100,12.425,33.3,80485.1,2,17.321,8.229
E,1,42,300,6,28,8400,12.492,31.7,80049.1,2,17.321,8.229
E,1,42,300,6,29,8700,14.737,40.4,67854.9,2,17.321,8.229
E,1,42,300,6,30,9000,15.258,45.4,65540.8,2,17.321,8.229
E,1,42,300,6,31,9300,19.467,45.7,51369.9,2,17.321,8.229
E,1,42,300,6,32,9600,16.787,52.5,59569.9,2,17.321,8.229
E,1,42,300,6,33,9900,17.518,57.0,57083.1,2,17.321,8.229
E,1,42,300,6,34,10200,20.052,89.5,49870.3,2,17.321,8.229
E,1,42,300,6,35,10500,18.214,61.6,54902.8,2,17.321,8.229
E,1,42,300,6,36,10800,20.125,67.2,49689.4,2,17.321,8.229
E,1,42,300,6,37,11100,22.086,76.4,45276.9,2,17.321,8.229
E,1,42,300,6,38,11400,21.945,73.3,45569.2,2,17.321,8.229
E,1,42,300,6,39,11700,22.392,81.9,44658.8,2,17.321,8.229
E,1,42,300,6,40,12000,23.238,78.7,43033.0,2,17.321,8.229
E,1,42,300,8,1,300,16.049,38.1,62310.5,2,17.321,8.229
E,1,42,300,8,2,600,8.935,28.4,111919.4,2,17.321,8.229
E,1,42,300,8,3,900,9.597,25.1,104195.6,2,17.321,8.229
E,1,42,300,8,4,1200,10.518,30.6,95078.1,2,17.321,8.229
E,1,42,300,8,5,1500,10.51,26.5,95147.5,2,17.321,8.229
E,1,42,300,8,6,1800,10.602,27.4,94321.8,2,17.321,8.229
E,1,42,300,8,7,2100,11.402,28.3,87701.4,2,17.321,8.229
E,1,42,300,8,8,2400,15.294,35.1,65383.7,2,17.321,8.229
E,1,42,300,8,9,2700,11.905,34.4,83998.3,2,17.321,8.229
E,1,42,300,8,10,3000,12.715,35.1,78649.3,2,17.321,8.229
E,1,42,300,8,11,3300,16.623,41.5,60156.4,2,17.321,8.229
E,1,42,300,8,12,3600,15.141,48.4,66044.4,2,17.321,8.229
E,1,42,300,8,13,3900,14.439,46.3,69256.9,2,17.321,8.229
E,1,42,300,8,14,4200,13.394,48.6,74658.4,2,17.321,8.229
E,1,42,300,8,15,4500,15.332,64.7,65224.5,2,17.321,8.229
E,1,42,300,8,16,4800,13.415,56.7,74543.4,2,17.321,8.229
E,1,42,300,8,17,5100,16.149,58.8,61923.3,2,17.321,8.229
E,1,42,300,8,18,5400,15.114,67.3,66162.4,2,17.321,8.229
E,1,42,300,8,19,5700,15.697,62.7,63706.4,2,17.321,8.229
E,1,42,300,8,20,6000,17.257,64.3,57947.5,2,17.321,8.229
E,1,42,300,8,21,6300,18.506,65.0,54035.6,2,17.321,8.229
E,1,42,300,8,22,6600,8.941,27.6,111848.5,2,17.321,8.229
E,1,42,300,8,23,6900,8.798,24.6,113662.2,2,17.321,8.229
E,1,42,300,8,24,7200,9.779,27.9,102263.4,2,17.321,8.229
E,1,42,300,8,25,7500,11.175,35.5,89485.5,2,17.321,8.229
E,1,42,300,8,26,7800,11.277,28.1,88678.7,2,17.321,8.229
E,1,42,300,8,27,8100,11.342,30.0,88165.3,2,17.321,8.229
E,1,42,300,8,28,8400,11.281,29.2,88644.6,2,17.321,8.229
E,1,42,300,8,29,8700,12.397,37.3,80662.5,2,17.321,8.229
E,1,42,300,8,30,9000,11.076,24.9,90285.3,2,17.321,8.229
E,1,42,300,8,31,9300,15.376,29.6,65036.4,2,17.321,8.229
E,1,42,300,8,32,9600,11.327,28.4,88282.0,2,17.321,8.229
E,1,42,300,8,33,9900,12.495,40.0,80034.1,2,17.321,8.229
E,1,42,300,8,34,10200,12.809,31.0,78068.1,2,17.321,8.229
E,1,42,300,8,35,10500,12.305,33.8,81267.8,2,17.321,8.229
E,1,42,300,8,36,10800,13.068,36.2,76522.8,2,17.321,8.229
E,1,42,300,8,37,11100,14.603,39.8,68479.1,2,17.321,8.229
E,1,42,300,8,38,11400,14.581,39.3,68584.0,2,17.321,8.229
E,1,42,300,8,39,11700,14.806,41.3,67540.2,2,17.321,8.229
E,1,42,300,8,40,12000,15.791,45.1,63327.2,2,17.321,8.229
E,1,42,300,10,1,300,15.837,35.1,63144.6,2,17.321,8.229
E,1,42,300,10,2,600,9.074,28.2,110200.9,2,17.321,8.229
E,1,42,300,10,3,900,9.675,26.3,103355.6,2,17.321,8.229
E,1,42,300,10,4,1200,9.788,27.2,102162.4,2,17.321,8.229
E,1,42,300,10,5,1500,10.39,25.3,96249.5,2,17.321,8.229
E,1,42,300,10,6,1800,10.544,27.3,94840.7,2,17.321,8.229
E,1,42,300,10,7,2100,12.391,35.0,80703.7,2,17.321,8.229
E,1,42,300,10,8,2400,11.91,32.7,83965.4,2,17.321,8.229
E,1,42,300,10,9,2700,11.687,34.2,85565.2,2,17.321,8.229
E,1,42,300,10,10,3000,12.538,35.1,79757.5,2,17.321,8.229
E,1,42,300,10,11,3300,17.251,41.5,57968.8,2,17.321,8.229
E,1,42,300,10,12,3600,14.476,43.2,69081.4,2,17.321,8.229
E,1,42,300,10,13,3900,14.287,46.5,69995.3,2,17.321,8.229
E,1,42,300,10,14,4200,13.875,58.4,72073.8,2,17.321,8.229
E,1,42,300,10,15,4500,14.028,51.3,71286.0,2,17.321,8.229
E,1,42,300,10,16,4800,13.299,56.5,75191.8,2,17.321,8.229
E,1,42,300,10,17,5100,16.887,61.2,59217.1,2,17.321,8.229
E,1,42,300,10,18,5400,14.303,56.1,69915.4,2,17.321,8.229
E,1,42,300,10,19,5700,15.579,62.9,64190.4,2,17.321,8.229
E,1,42,300,10,20,6000,17.878,75.2,55935.7,2,17.321,8.229
E,1,42,300,10,21,6300,18.185,65.1,54991.4,2,17.321,8.229
E,1,42,300,10,22,6600,12.242,26.3,81683.8,2,17.321,8.229
E,1,42,300,10,23,6900,8.951,25.3,111719.4,2,17.321,8.229
E,1,42,300,10,24,7200,10.315,31.6,96949.3,2,17.321,8.229
E,1,42,300,10,25,7500,10.692,28.7,93530.8,2,17.321,8.229
E,1,42,300,10,26,7800,11.033,24.8,90639.9,2,17.321,8.229
E,1,42,300,10,27,8100,11.324,30.0,88308.0,2,17.321,8.229
E,1,42,300,10,28,8400,11.875,30.2,84212.9,2,17.321,8.229
E,1,42,300,10,29,8700,12.255,37.2,81601.6,2,17.321,8.229
E,1,42,300,10,30,9000,11.09,30.6,90174.0,2,17.321,8.229
E,1,42,300,10,31,9300,15.334,29.4,65213.1,2,17.321,8.229
E,1,42,300,10,32,9600,11.742,31.1,85166.8,2,17.321,8.229
E,1,42,300,10,33,9900,12.242,31.8,81683.8,2,17.321,8.229
E,1,42,300,10,34,10200,12.816,32.6,78029.5,2,17.321,8.229
E,1,42,300,10,35,10500,12.28,33.9,81431.0,2,17.321,8.229
E,1,42,300,10,36,10800,13.511,37.5,74011.9,2,17.321,8.229
E,1,42,300,10,37,11100,14.135,40.7,70746.4,2,17.321,8.229
E,1,42,300,10,38,11400,14.619,38.8,68405.7,2,17.321,8.229
E,1,42,300,10,39,11700,15.399,61.9,64940.7,2,17.321,8.229
E,1,42,300,10,40,12000,15.553,43.4,64297.7,2,17.321,8.229
E,1,42,300,14,1,300,16.241,36.4,61571.3,2,17.321,8.229
E,1,42,300,14,2,600,8.857,27.8,112909.3,2,17.321,8.229
E,1,42,300,14,3,900,9.574,26.2,104445.9,2,17.321,8.229
E,1,42,300,14,4,1200,9.934,26.9,100664.4,2,17.321,8.229
E,1,42,300,14,5,1500,10.904,30.6,91709.5,2,17.321,8.229
E,1,42,300,14,6,1800,10.737,27.7,93133.0,2,17.321,8.229
E,1,42,300,14,7,2100,11.351,29.1,88098.0,2,17.321,8.229
E,1,42,300,14,8,2400,11.315,32.2,88375.7,2,17.321,8.229
E,1,42,300,14,9,2700,12.119,41.4,82512.8,2,17.321,8.229
E,1,42,300,14,10,3000,12.497,35.4,80021.3,2,17.321,8.229
E,1,42,300,14,11,3300,16.494,42.0,60628.1,2,17.321,8.229
E,1,42,300,14,12,3600,14.93,44.4,66980.7,2,17.321,8.229
E,1,42,300,14,13,3900,14.914,51.5,67052.6,2,17.321,8.229
E,1,42,300,14,14,4200,13.078,49.3,76466.2,2,17.321,8.229
E,1,42,300,14,15,4500,13.97,51.8,71582.0,2,17.321,8.229
E,1,42,300,14,16,4800,14.454,60.8,69183.4,2,17.321,8.229
E,1,42,300,14,17,5100,16.286,59.3,61402.4,2,17.321,8.229
E,1,42,300,14,18,5400,14.263,56.6,70109.8,2,17.321,8.229
E,1,42,300,14,19,5700,16.719,69.6,59811.0,2,17.321,8.229
E,1,42,300,14,20,6000,17.381,65.2,57533.0,2,17.321,8.229
E,1,42,300,14,21,6300,18.55,66.0,53908.4,2,17.321,8.229
E,1,42,300,14,22,6600,9.258,35.2,108014.7,2,17.321,8.229
E,1,42,300,14,23,6900,8.806,25.7,113558.9,2,17.321,8.229
E,1,42,300,14,24,7200,9.744,29.2,102623.7,2,17.321,8.229
E,1,42,300,14,25,7500,10.566,27.5,94640.2,2,17.321,8.229
E,1,42,300,14,26,7800,11.931,47.8,83817.6,2,17.321,8.229
E,1,42,300,14,27,8100,11.454,31.2,87308.3,2,17.321,8.229
E,1,42,300,14,28,8400,11.328,29.0,88276.8,2,17.321,8.229
E,1,42,300,14,29,8700,12.165,34.7,82203.0,2,17.321,8.229
E,1,42,300,14,30,9000,11.062,25.5,90402.3,2,17.321,8.229
E,1,42,300,14,31,9300,15.787,39.3,63341.9,2,17.321,8.229
E,1,42,300,14,32,9600,11.279,29.1,88657.7,2,17.321,8.229
E,1,42,300,14,33,9900,12.127,32.1,82458.4,2,17.321,8.229
E,1,42,300,14,34,10200,13.289,36.0,75252.1,2,17.321,8.229
E,1,42,300,14,35,10500,12.387,34.5,80729.8,2,17.321,8.229
E,1,42,300,14,36,10800,13.097,37.1,76351.4,2,17.321,8.229
E,1,42,300,14,37,11100,13.871,39.8,72094.6,2,17.321,8.229
E,1,42,300,14,38,11400,15.262,43.3,65522.2,2,17.321,8.229
E,1,42,300,14,39,11700,14.735,41.1,67867.2,2,17.321,8.229
E,1,42,300,14,40,12000,15.225,43.9,65681.4,2,17.321,8.229
E,1,42,300,20,1,300,16.039,41.2,62348.0,2,17.321,8.229
E,1,42,300,20,2,600,8.665,28.7,115406.8,2,17.321,8.229
E,1,42,300,20,3,900,9.03,26.7,110741.9,2,17.321,8.229
E,1,42,300,20,4,1200,9.43,27.0,106048.3,2,17.321,8.229
E,1,42,300,20,5,1500,9.962,24.8,100378.1,2,17.321,8.229
E,1,42,300,20,6,1800,10.14,27.5,98622.6,2,17.321,8.229
E,1,42,300,20,7,2100,11.206,28.5,89235.3,2,17.321,8.229
E,1,42,300,20,8,2400,10.517,29.8,95081.1,2,17.321,8.229
E,1,42,300,20,9,2700,11.245,33.8,88931.0,2,17.321,8.229
E,1,42,300,20,10,3000,11.914,33.7,83937.2,2,17.321,8.229
E,1,42,300,20,11,3300,16.548,39.9,60429.0,2,17.321,8.229
E,1,42,300,20,12,3600,13.775,42.2,72595.3,2,17.321,8.229
E,1,42,300,20,13,3900,13.851,45.4,72197.0,2,17.321,8.229
E,1,42,300,20,14,4200,13.461,48.1,74286.8,2,17.321,8.229
E,1,42,300,20,15,4500,13.328,44.9,75031.9,2,17.321,8.229
E,1,42,300,20,16,4800,12.839,55.0,77887.7,2,17.321,8.229
E,1,42,300,20,17,5100,15.449,57.2,64727.7,2,17.321,8.229
E,1,42,300,20,18,5400,14.083,54.6,71009.3,2,17.321,8.229
E,1,42,300,20,19,5700,14.754,60.7,67776.7,2,17.321,8.229
E,1,42,300,20,20,6000,16.439,61.7,60831.0,2,17.321,8.229
E,1,42,300,20,21,6300,18.844,63.9,53068.2,2,17.321,8.229
E,1,42,300,20,22,6600,8.641,27.7,115731.8,2,17.321,8.229
E,1,42,300,20,23,6900,8.59,24.3,116418.9,2,17.321,8.229
E,1,42,300,20,24,7200,9.46,28.7,105704.5,2,17.321,8.229
E,1,42,300,20,25,7500,11.857,41.9,84340.7,2,17.321,8.229
E,1,42,300,20,26,7800,10.965,27.4,91199.3,2,17.321,8.229
E,1,42,300,20,27,8100,11.139,33.0,89777.4,2,17.321,8.229
E,1,42,300,20,28,8400,11.198,28.7,89304.3,2,17.321,8.229
E,1,42,300,20,29,8700,13.498,40.1,74085.0,2,17.321,8.229
E,1,42,300,20,30,9000,13.422,41.8,74506.4,2,17.321,8.229
E,1,42,300,20,31,9300,17.678,43.4,56567.5,2,17.321,8.229
E,1,42,300,20,32,9600,14.836,47.7,67405.1,2,17.321,8.229
E,1,42,300,20,33,9900,15.861,53.0,63047.7,2,17.321,8.229
E,1,42,300,20,34,10200,16.974,54.4,58912.5,2,17.321,8.229
E,1,42,300,20,35,10500,16.833,59.1,59408.3,2,17.321,8.229
E,1,42,300,20,36,10800,18.227,63.1,54863.7,2,17.321,8.229
E,1,42,300,20,37,11100,19.325,68.7,51746.4,2,17.321,8.229
E,1,42,300,20,38,11400,20.337,73.9,49170.7,2,17.321,8.229
E,1,42,300,20,39,11700,19.618,73.6,50973.6,2,17.321,8.229
E,1,42,300,20,40,12000,21.555,80.7,46392.2,2,17.321,8.229
E,1,42,500,2,1,300,21.877,45.4,45710.1,2,22.361,8.966
E,1,42,500,2,2,600,18.13,52.9,55156.2,2,22.361,8.966
E,1,42,500,2,3,900,17.753,37.2,56329.6,2,22.361,8.966
E,1,42,500,2,4,1200,6.599,25.4,151545.8,2,22.361,8.966
E,1,42,500,2,5,1500,8.589,25.8,116432.5,2,22.361,8.966
E,1,42,500,2,6,1800,10.175,32.4,98283.3,2,22.361,8.966
E,1,42,500,2,7,2100,12.839,30.9,77885.7,2,22.361,8.966
E,1,42,500,2,8,2400,13.407,32.9,74587.9,2,22.361,8.966
E,1,42,500,2,9,2700,14.968,37.7,66810.7,2,22.361,8.966
E,1,42,500,2,10,3000,17.717,43.4,56444.0,2,22.361,8.966
E,1,42,500,2,11,3300,21.444,51.9,46633.1,2,22.361,8.966
E,1,42,500,2,12,3600,22.17,55.8,45105.3,2,22.361,8.966
E,1,42,500,2,13,3900,23.027,64.8,43426.7,2,22.361,8.966
E,1,42,500,2,14,4200,26.472,75.1,37775.8,2,22.361,8.966
E,1,42,500,2,15,4500,28.715,76.2,34824.6,2,22.361,8.966
E,1,42,500,2,16,4800,28.739,85.2,34795.9,2,22.361,8.966
E,1,42,500,2,17,5100,30.976,87.6,32282.7,2,22.361,8.966
E,1,42,500,2,18,5400,33.285,95.0,30043.3,2,22.361,8.966
E,1,42,500,2,19,5700,35.912,101.5,27845.8,2,22.361,8.966
E,1,42,500,2,20,6000,38.24,107.7,26150.6,2,22.361,8.966
E,1,42,500,2,21,6300,32.539,103.5,30732.4,2,22.361,8.966
E,1,42,500,2,22,6600,21.951,53.5,45556.0,2,22.361,8.966
E,1,42,500,2,23,6900,21.801,38.1,45870.2,2,22.361,8.966
E,1,42,500,2,24,7200,22.867,44.6,43731.8,2,22.361,8.966
E,1,42,500,2,25,7500,25.423,60.3,39335.0,2,22.361,8.966
E,1,42,500,2,26,7800,25.414,42.7,39348.4,2,22.361,8.966
E,1,42,500,2,27,8100,26.01,52.8,38446.8,2,22.361,8.966
E,1,42,500,2,28,8400,23.63,49.2,42318.5,2,22.361,8.966
E,1,42,500,2,29,8700,27.704,54.6,36095.9,2,22.361,8.966
E,1,42,500,2,30,9000,28.103,61.8,35583.4,2,22.361,8.966
E,1,42,500,2,31,9300,28.749,59.9,34784.2,2,22.361,8.966
E,1,42,500,2,32,9600,24.021,82.5,41630.8,2,22.361,8.966
E,1,42,500,2,33,9900,25.135,66.2,39785.7,2,22.361,8.966
E,1,42,500,2,34,10200,26.852,68.4,37241.6,2,22.361,8.966
E,1,42,500,2,35,10500,26.628,69.2,37554.5,2,22.361,8.966
E,1,42,500,2,36,10800,30.157,76.6,33159.4,2,22.361,8.966
E,1,42,500,2,37,11100,31.323,80.1,31925.1,2,22.361,8.966
E,1,42,500,2,38,11400,31.628,84.9,31617.2,2,22.361,8.966
E,1,42,500,2,39,11700,36.104,138.3,27697.8,2,22.361,8.966
E,1,42,500,2,40,12000,34.099,90.6,29326.4,2,22.361,8.966
E,1,42,500,3,1,300,20.661,57.0,48400.4,2,22.361,8.966
E,1,42,500,3,2,600,15.398,50.9,64943.5,2,22.361,8.966
E,1,42,500,3,3,900,15.452,39.7,64716.5,2,22.361,8.966
E,1,42,500,3,4,1200,6.136,21.5,162981.5,2,22.361,8.966
E,1,42,500,3,5,1500,8.57,27.8,116686.1,2,22.361,8.966
E,1,42,500,3,6,1800,9.795,32.4,102089.4,2,22.361,8.966
E,1,42,500,3,7,2100,11.098,27.0,90103.6,2,22.361,8.966
E,1,42,500,3,8,2400,12.903,38.5,77501.4,2,22.361,8.966
E,1,42,500,3,9,2700,14.941,40.2,66929.9,2,22.361,8.966
E,1,42,500,3,10,3000,16.474,43.3,60701.7,2,22.361,8.966
E,1,42,500,3,11,3300,20.554,52.8,48652.3,2,22.361,8.966
E,1,42,500,3,12,3600,21.472,60.8,46571.6,2,22.361,8.966
E,1,42,500,3,13,3900,21.023,61.8,47567.0,2,22.361,8.966
E,1,42,500,3,14,4200,24.383,67.4,41011.6,2,22.361,8.966
E,1,42,500,3,15,4500,27.606,74.8,36224.0,2,22.361,8.966
E,1,42,500,3,16,4800,28.06,83.5,35638.3,2,22.361,8.966
E,1,42,500,3,17,5100,30.132,87.4,33187.3,2,22.361,8.966
E,1,42,500,3,18,5400,32.679,95.0,30600.7,2,22.361,8.966
E,1,42,500,3,19,5700,35.251,101.5,28367.7,2,22.361,8.966
E,1,42,500,3,20,6000,37.433,109.8,26714.4,2,22.361,8.966
E,1,42,500,3,21,6300,28.242,103.7,35408.3,2,22.361,8.966
E,1,42,500,3,22,6600,17.307,33.4,57779.0,2,22.361,8.966
E,1,42,500,3,23,6900,18.638,42.1,53652.9,2,22.361,8.966
E,1,42,500,3,24,7200,19.231,38.8,51998.5,2,22.361,8.966
E,1,42,500,3,25,7500,20.015,56.7,49961.7,2,22.361,8.966
E,1,42,500,3,26,7800,21.487,43.1,46539.8,2,22.361,8.966
E,1,42,500,3,27,8100,20.766,45.0,48155.6,2,22.361,8.966
E,1,42,500,3,28,8400,22.674,64.1,44104.0,2,22.361,8.966
E,1,42,500,3,29,8700,24.274,61.7,41195.8,2,22.361,8.966
E,1,42,500,3,30,9000,24.251,59.1,41234.8,2,22.361,8.966
E,1,42,500,3,31,9300,25.296,60.0,39532.5,2,22.361,8.966
E,1,42,500,3,32,9600,19.758,61.5,50613.3,2,22.361,8.966
E,1,42,500,3,33,9900,21.271,66.8,47013.1,2,22.361,8.966
E,1,42,500,3,34,10200,23.964,98.8,41728.7,2,22.361,8.966
E,1,42,500,3,35,10500,22.338,71.1,44766.8,2,22.361,8.966
E,1,42,500,3,36,10800,26.054,75.8,38382.3,2,22.361,8.966
E,1,42,500,3,37,11100,26.647,80.5,37527.2,2,22.361,8.966
E,1,42,500,3,38,11400,27.313,85.0,36612.6,2,22.361,8.966
E,1,42,500,3,39,11700,26.439,84.5,37822.9,2,22.361,8.966
E,1,42,500,3,40,12000,29.263,90.4,34172.5,2,22.361,8.966
E,1,42,500,4,1,300,18.659,45.7,53592.5,2,22.361,8.966
E,1,42,500,4,2,600,13.201,50.2,75751.8,2,22.361,8.966
E,1,42,500,4,3,900,12.695,37.1,78769.1,2,22.361,8.966
E,1,42,500,4,4,1200,5.484,18.8,182337.6,2,22.361,8.966
E,1,42,500,4,5,1500,7.872,23.6,127032.5,2,22.361,8.966
E,1,42,500,4,6,1800,9.719,31.6,102894.8,2,22.361,8.966
E,1,42,500,4,7,2100,10.722,27.5,93266.2,2,22.361,8.966
E,1,42,500,4,8,2400,12.054,32.0,82960.0,2,22.361,8.966
E,1,42,500,4,9,2700,14.728,40.4,67896.3,2,22.361,8.966
E,1,42,500,4,10,3000,15.931,43.3,62770.7,2,22.361,8.966
E,1,42,500,4,11,3300,20.477,51.6,48836.1,2,22.361,8.966
E,1,42,500,4,12,3600,21.813,66.3,45844.9,2,22.361,8.966
E,1,42,500,4,13,3900,20.641,61.3,48446.5,2,22.361,8.966
E,1,42,500,4,14,4200,24.272,75.6,41199.2,2,22.361,8.966
E,1,42,500,4,15,4500,26.749,75.1,37385.0,2,22.361,8.966
E,1,42,500,4,16,4800,27.151,81.7,36831.5,2,22.361,8.966
E,1,42,500,4,17,5100,29.234,87.5,34206.4,2,22.361,8.966
E,1,42,500,4,18,5400,31.777,98.3,31469.6,2,22.361,8.966
E,1,42,500,4,19,5700,34.683,103.3,28832.6,2,22.361,8.966
E,1,42,500,4,20,6000,37.259,107.6,26838.9,2,22.361,8.966
E,1,42,500,4,21,6300,26.578,100.0,37625.6,2,22.361,8.966
E,1,42,500,4,22,6600,11.966,38.4,83572.4,2,22.361,8.966
E,1,42,500,4,23,6900,12.202,37.2,81951.5,2,22.361,8.966
E,1,42,500,4,24,7200,13.384,38.3,74716.1,2,22.361,8.966
E,1,42,500,4,25,7500,13.23,31.7,75587.7,2,22.361,8.966
E,1,42,500,4,26,7800,14.941,38.7,66928.4,2,22.361,8.966
E,1,42,500,4,27,8100,14.906,35.8,67087.1,2,22.361,8.966
E,1,42,500,4,28,8400,14.516,36.5,68891.1,2,22.361,8.966
E,1,42,500,4,29,8700,15.408,38.3,64902.7,2,22.361,8.966
E,1,42,500,4,30,9000,16.054,42.3,62288.5,2,22.361,8.966
E,1,42,500,4,31,9300,18.519,45.4,53999.6,2,22.361,8.966
E,1,42,500,4,32,9600,13.075,46.8,76483.8,2,22.361,8.966
E,1,42,500,4,33,9900,14.669,52.4,68169.4,2,22.361,8.966
E,1,42,500,4,34,10200,16.615,52.2,60186.6,2,22.361,8.966
E,1,42,500,4,35,10500,15.554,55.9,64292.1,2,22.361,8.966
E,1,42,500,4,36,10800,17.131,60.2,58374.8,2,22.361,8.966
E,1,42,500,4,37,11100,19.271,64.8,51892.3,2,22.361,8.966
E,1,42,500,4,38,11400,19.139,62.8,52248.4,2,22.361,8.966
E,1,42,500,4,39,11700,20.644,75.8,48439.4,2,22.361,8.966
E,1,42,500,4,40,12000,20.129,65.9,49678.7,2,22.361,8.966
E,1,42,500,5,1,300,18.82,45.7,53134.0,2,22.361,8.966
E,1,42,500,5,2,600,13.144,51.2,76078.4,2,22.361,8.966
E,1,42,500,5,3,900,12.704,38.1,78713.3,2,22.361,8.966
E,1,42,500,5,4,1200,5.599,17.7,178592.6,2,22.361,8.966
E,1,42,500,5,5,1500,7.158,18.6,139697.3,2,22.361,8.966
E,1,42,500,5,6,1800,10.249,39.5,97570.5,2,22.361,8.966
E,1,42,500,5,7,2100,10.833,28.0,92307.7,2,22.361,8.966
E,1,42,500,5,8,2400,11.992,31.6,83386.6,2,22.361,8.966
E,1,42,500,5,9,2700,13.89,37.8,71992.5,2,22.361,8.966
E,1,42,500,5,10,3000,16.621,46.4,60163.6,2,22.361,8.966
E,1,42,500,5,11,3300,20.519,52.3,48736.1,2,22.361,8.966
E,1,42,500,5,12,3600,20.704,66.8,48299.1,2,22.361,8.966
E,1,42,500,5,13,3900,20.482,61.3,48824.2,2,22.361,8.966
E,1,42,500,5,14,4200,23.995,67.8,41675.9,2,22.361,8.966
E,1,42,500,5,15,4500,26.788,75.6,37329.7,2,22.361,8.966
E,1,42,500,5,16,4800,27.209,88.3,36753.0,2,22.361,8.966
E,1,42,500,5,17,5100,29.296,87.5,34134.7,2,22.361,8.966
E,1,42,500,5,18,5400,40.647,148.5,24602.1,2,22.361,8.966
E,1,42,500,5,19,5700,35.36,103.5,28280.5,2,22.361,8.966
E,1,42,500,5,20,6000,37.21,107.8,26874.5,2,22.361,8.966
E,1,42,500,5,21,6300,34.632,123.5,28874.8,2,22.361,8.966
E,1,42,500,5,22,6600,17.708,85.8,56471.7,2,22.361,8.966
E,1,42,500,5,23,6900,18.187,74.5,54985.3,2,22.361,8.966
E,1,42,500,5,24,7200,16.455,86.8,60773.0,2,22.361,8.966
E,1,42,500,5,25,7500,13.425,40.5,74487.9,2,22.361,8.966
E,1,42,500,5,26,7800,15.854,54.9,63075.6,2,22.361,8.966
E,1,42,500,5,27,8100,14.192,33.7,70462.2,2,22.361,8.966
E,1,42,500,5,28,8400,14.247,41.3,70190.2,2,22.361,8.966
E,1,42,500,5,29,8700,16.036,52.6,62358.4,2,22.361,8.966
E,1,42,500,5,30,9000,15.568,42.3,64235.7,2,22.361,8.966
E,1,42,500,5,31,9300,18.885,41.6,52952.1,2,22.361,8.966
E,1,42,500,5,32,9600,13.572,48.5,73679.3,2,22.361,8.966
E,1,42,500,5,33,9900,14.402,51.8,69434.8,2,22.361,8.966
E,1,42,500,5,34,10200,15.486,51.4,64573.1,2,22.361,8.966
E,1,42,500,5,35,10500,16.019,73.1,62424.6,2,22.361,8.966
E,1,42,500,5,36,10800,16.875,59.5,59260.4,2,22.361,8.966
E,1,42,500,5,37,11100,18.301,64.4,54641.8,2,22.361,8.966
E,1,42,500,5,38,11400,19.144,68.0,52236.6,2,22.361,8.966
E,1,42,500,5,39,11700,18.98,67.3,52688.0,2,22.361,8.966
E,1,42,500,5,40,12000,20.222,71.9,49451.9,2,22.361,8.966
E,1,42,500,6,1,300,17.393,46.1,57495.5,2,22.361,8.966
E,1,42,500,6,2,600,12.368,55.2,80853.8,2,22.361,8.966
E,1,42,500,6,3,900,12.949,43.5,77226.0,2,22.361,8.966
E,1,42,500,6,4,1200,5.684,19.1,175922.1,2,22.361,8.966
E,1,42,500,6,5,1500,7.109,18.8,140660.2,2,22.361,8.966
E,1,42,500,6,6,1800,9.187,31.8,108849.5,2,22.361,8.966
E,1,42,500,6,7,2100,13.14,27.5,76101.6,2,22.361,8.966
E,1,42,500,6,8,2400,12.662,37.4,78974.4,2,22.361,8.966
E,1,42,500,6,9,2700,13.93,37.8,71789.2,2,22.361,8.966
E,1,42,500,6,10,3000,15.775,43.8,63391.4,2,22.361,8.966
E,1,42,500,6,11,3300,22.139,60.2,45168.5,2,22.361,8.966
E,1,42,500,6,12,3600,19.829,56.9,50430.3,2,22.361,8.966
E,1,42,500,6,13,3900,20.391,61.6,49040.4,2,22.361,8.966
E,1,42,500,6,14,4200,23.97,72.6,41719.4,2,22.361,8.966
E,1,42,500,6,15,4500,27.211,77.9,36749.4,2,22.361,8.966
E,1,42,500,6,16,4800,27.923,82.4,35812.8,2,22.361,8.966
E,1,42,500,6,17,5100,30.135,91.8,33184.0,2,22.361,8.966
E,1,42,500,6,18,5400,31.096,93.6,32158.1,2,22.361,8.966
E,1,42,500,6,19,5700,34.941,103.1,28619.9,2,22.361,8.966
E,1,42,500,6,20,6000,37.365,110.7,26762.8,2,22.361,8.966
E,1,42,500,6,21,6300,25.056,99.6,39910.6,2,22.361,8.966
E,1,42,500,6,22,6600,11.119,40.3,89933.4,2,22.361,8.966
E,1,42,500,6,23,6900,11.836,39.4,84488.0,2,22.361,8.966
E,1,42,500,6,24,7200,12.773,43.6,78288.1,2,22.361,8.966
E,1,42,500,6,25,7500,12.585,36.2,79461.8,2,22.361,8.966
E,1,42,500,6,26,7800,14.569,38.3,68638.9,2,22.361,8.966
E,1,42,500,6,27,8100,13.574,34.7,73672.1,2,22.361,8.966
E,1,42,500,6,28,8400,13.387,34.4,74699.3,2,22.361,8.966
E,1,42,500,6,29,8700,14.524,38.2,68851.6,2,22.361,8.966
E,1,42,500,6,30,9000,15.608,43.0,64071.1,2,22.361,8.966
E,1,42,500,6,31,9300,17.206,42.1,58119.3,2,22.361,8.966
E,1,42,500,6,32,9600,12.365,47.2,80871.3,2,22.361,8.966
E,1,42,500,6,33,9900,14.569,54.3,68640.5,2,22.361,8.966
E,1,42,500,6,34,10200,15.192,51.8,65825.6,2,22.361,8.966
E,1,42,500,6,35,10500,14.69,53.8,68075.1,2,22.361,8.966
E,1,42,500,6,36,10800,16.82,59.6,59454.2,2,22.361,8.966
E,1,42,500,6,37,11100,17.56,64.4,56946.5,2,22.361,8.966
E,1,42,500,6,38,11400,18.081,62.5,55305.6,2,22.361,8.966
E,1,42,500,6,39,11700,19.241,68.8,51972.3,2,22.361,8.966
E,1,42,500,6,40,12000,19.206,65.8,52068.0,2,22.361,8.966
E,1,42,500,8,1,300,16.177,46.0,61814.9,2,22.361,8.966
E,1,42,500,8,2,600,12.559,61.3,79626.3,2,22.361,8.966
E,1,42,500,8,3,900,11.173,37.9,89498.8,2,22.361,8.966
E,1,42,500,8,4,1200,5.312,17.3,188241.2,2,22.361,8.966
E,1,42,500,8,5,1500,6.935,18.5,144203.0,2,22.361,8.966
E,1,42,500,8,6,1800,9.126,31.7,109581.0,2,22.361,8.966
E,1,42,500,8,7,2100,10.866,38.4,92030.2,2,22.361,8.966
E,1,42,500,8,8,2400,12.255,34.0,81601.6,2,22.361,8.966
E,1,42,500,8,9,2700,13.521,37.8,73957.2,2,22.361,8.966
E,1,42,500,8,10,3000,15.406,43.2,64911.2,2,22.361,8.966
E,1,42,500,8,11,3300,21.641,55.8,46207.9,2,22.361,8.966
E,1,42,500,8,12,3600,19.347,56.0,51686.7,2,22.361,8.966
E,1,42,500,8,13,3900,20.713,62.0,48278.1,2,22.361,8.966
E,1,42,500,8,14,4200,22.705,66.1,44042.5,2,22.361,8.966
E,1,42,500,8,15,4500,26.797,79.5,37317.1,2,22.361,8.966
E,1,42,500,8,16,4800,26.148,81.9,38243.4,2,22.361,8.966
E,1,42,500,8,17,5100,30.307,106.1,32995.7,2,22.361,8.966
E,1,42,500,8,18,5400,30.849,94.1,32416.3,2,22.361,8.966
E,1,42,500,8,19,5700,34.594,103.5,28907.0,2,22.361,8.966
E,1,42,500,8,20,6000,36.998,108.2,27028.5,2,22.361,8.966
E,1,42,500,8,21,6300,22.578,103.7,44290.9,2,22.361,8.966
E,1,42,500,8,22,6600,9.086,33.2,110059.4,2,22.361,8.966
E,1,42,500,8,23,6900,10.173,38.7,98296.2,2,22.361,8.966
E,1,42,500,8,24,7200,10.581,36.2,94509.0,2,22.361,8.966
E,1,42,500,8,25,7500,10.361,31.5,96512.7,2,22.361,8.966
E,1,42,500,8,26,7800,11.641,38.0,85900.8,2,22.361,8.966
E,1,42,500,8,27,8100,12.059,41.7,82927.9,2,22.361,8.966
E,1,42,500,8,28,8400,14.828,38.3,67441.5,2,22.361,8.966
E,1,42,500,8,29,8700,11.862,35.3,84305.2,2,22.361,8.966
E,1,42,500,8,30,9000,12.173,35.6,82146.8,2,22.361,8.966
E,1,42,500,8,31,9300,15.556,38.7,64283.9,2,22.361,8.966
E,1,42,500,8,32,9600,10.171,39.2,98315.5,2,22.361,8.966
E,1,42,500,8,33,9900,11.813,43.9,84654.9,2,22.361,8.966
E,1,42,500,8,34,10200,12.541,43.8,79738.5,2,22.361,8.966
E,1,42,500,8,35,10500,12.765,47.4,78337.2,2,22.361,8.966
E,1,42,500,8,36,10800,13.617,50.5,73439.4,2,22.361,8.966
E,1,42,500,8,37,11100,14.516,55.0,68891.1,2,22.361,8.966
E,1,42,500,8,38,11400,15.822,59.0,63203.1,2,22.361,8.966
E,1,42,500,8,39,11700,15.698,57.8,63702.4,2,22.361,8.966
E,1,42,500,8,40,12000,16.262,56.2,61491.8,2,22.361,8.966
E,1,42,500,10,1,300,16.71,46.0,59843.2,2,22.361,8.966
E,1,42,500,10,2,600,11.639,51.7,85920.5,2,22.361,8.966
E,1,42,500,10,3,900,11.149,38.0,89691.5,2,22.361,8.966
E,1,42,500,10,4,1200,6.183,22.1,161725.1,2,22.361,8.966
E,1,42,500,10,5,1500,7.107,19.5,140712.9,2,22.361,8.966
E,1,42,500,10,6,1800,9.603,34.8,104137.8,2,22.361,8.966
E,1,42,500,10,7,2100,10.409,27.9,96067.6,2,22.361,8.966
E,1,42,500,10,8,2400,11.882,32.3,84160.9,2,22.361,8.966
E,1,42,500,10,9,2700,14.582,43.4,68579.3,2,22.361,8.966
E,1,42,500,10,10,3000,15.71,43.9,63652.4,2,22.361,8.966
E,1,42,500,10,11,3300,20.214,52.6,49469.9,2,22.361,8.966
E,1,42,500,10,12,3600,20.052,57.7,49869.5,2,22.361,8.966
E,1,42,500,10,13,3900,20.483,62.4,48821.8,2,22.361,8.966
E,1,42,500,10,14,4200,23.862,68.3,41907.6,2,22.361,8.966
E,1,42,500,10,15,4500,26.532,76.7,37689.9,2,22.361,8.966
E,1,42,500,10,16,4800,27.223,85.5,36734.1,2,22.361,8.966
E,1,42,500,10,17,5100,28.953,88.6,34538.7,2,22.361,8.966
E,1,42,500,10,18,5400,31.293,98.9,31955.7,2,22.361,8.966
E,1,42,500,10,19,5700,34.352,101.8,29110.7,2,22.361,8.966
E,1,42,500,10,20,6000,36.729,108.4,27226.7,2,22.361,8.966
E,1,42,500,10,21,6300,23.193,104.1,43116.5,2,22.361,8.966
E,1,42,500,10,22,6600,9.234,34.2,108291.5,2,22.361,8.966
E,1,42,500,10,23,6900,9.434,35.6,105999.6,2,22.361,8.966
E,1,42,500,10,24,7200,13.059,54.6,76575.5,2,22.361,8.966
E,1,42,500,10,25,7500,10.749,36.4,93029.0,2,22.361,8.966
E,1,42,500,10,26,7800,11.88,40.2,84177.5,2,22.361,8.966
E,1,42,500,10,27,8100,11.424,33.4,87532.5,2,22.361,8.966
E,1,42,500,10,28,8400,12.094,58.3,82687.9,2,22.361,8.966
E,1,42,500,10,29,8700,12.245,40.5,81668.2,2,22.361,8.966
E,1,42,500,10,30,9000,12.413,35.8,80560.7,2,22.361,8.966
E,1,42,500,10,31,9300,15.038,37.8,66496.7,2,22.361,8.966
E,1,42,500,10,32,9600,13.037,43.4,76702.8,2,22.361,8.966
E,1,42,500,10,33,9900,12.297,48.5,81318.4,2,22.361,8.966
E,1,42,500,10,34,10200,12.616,44.2,79266.5,2,22.361,8.966
E,1,42,500,10,35,10500,12.808,49.8,78078.2,2,22.361,8.966
E,1,42,500,10,36,10800,13.811,50.7,72404.3,2,22.361,8.966
E,1,42,500,10,37,11100,14.607,55.3,68461.9,2,22.361,8.966
E,1,42,500,10,38,11400,15.129,53.6,66096.8,2,22.361,8.966
E,1,42,500,10,39,11700,16.334,59.1,61223.2,2,22.361,8.966
E,1,42,500,10,40,12000,16.42,56.2,60901.3,2,22.361,8.966
E,1,42,500,14,1,300,16.408,46.0,60945.9,2,22.361,8.966
E,1,42,500,14,2,600,11.27,51.4,88731.1,2,22.361,8.966
E,1,42,500,14,3,900,11.762,39.6,85017.2,2,22.361,8.966
E,1,42,500,14,4,1200,5.426,16.8,184309.2,2,22.361,8.966
E,1,42,500,14,5,1500,6.943,18.8,144030.0,2,22.361,8.966
E,1,42,500,14,6,1800,9.319,33.9,107303.8,2,22.361,8.966
E,1,42,500,14,7,2100,10.12,27.9,98817.5,2,22.361,8.966
E,1,42,500,14,8,2400,12.411,32.5,80573.7,2,22.361,8.966
E,1,42,500,14,9,2700,13.632,38.6,73356.8,2,22.361,8.966
E,1,42,500,14,10,3000,15.462,43.4,64676.1,2,22.361,8.966
E,1,42,500,14,11,3300,20.33,59.7,49187.6,2,22.361,8.966
E,1,42,500,14,12,3600,19.289,56.3,51843.0,2,22.361,8.966
E,1,42,500,14,13,3900,20.498,62.8,48784.5,2,22.361,8.966
E,1,42,500,14,14,4200,23.259,65.1,42994.1,2,22.361,8.966
E,1,42,500,14,15,4500,26.454,75.8,37801.0,2,22.361,8.966
E,1,42,500,14,16,4800,26.965,83.2,37084.7,2,22.361,8.966
E,1,42,500,14,17,5100,29.303,91.5,34126.2,2,22.361,8.966
E,1,42,500,14,18,5400,31.082,94.1,32173.0,2,22.361,8.966
E,1,42,500,14,19,5700,34.525,102.0,28964.2,2,22.361,8.966
E,1,42,500,14,20,6000,37.414,110.7,26727.7,2,22.361,8.966
E,1,42,500,14,21,6300,22.463,100.6,44518.3,2,22.361,8.966
E,1,42,500,14,22,6600,8.803,33.0,113601.9,2,22.361,8.966
E,1,42,500,14,23,6900,9.052,36.7,110472.8,2,22.361,8.966
E,1,42,500,14,24,7200,10.468,37.6,95532.3,2,22.361,8.966
E,1,42,500,14,25,7500,10.098,31.9,99032.8,2,22.361,8.966
E,1,42,500,14,26,7800,11.422,38.7,87550.3,2,22.361,8.966
E,1,42,500,14,27,8100,10.7,33.4,93460.9,2,22.361,8.966
E,1,42,500,14,28,8400,11.368,40.3,87963.7,2,22.361,8.966
E,1,42,500,14,29,8700,11.446,36.0,87369.3,2,22.361,8.966
E,1,42,500,14,30,9000,11.814,36.1,84647.7,2,22.361,8.966
E,1,42,500,14,31,9300,14.111,36.1,70866.7,2,22.361,8.966
E,1,42,500,14,32,9600,11.137,41.5,89788.1,2,22.361,8.966
E,1,42,500,14,33,9900,11.591,44.1,86271.4,2,22.361,8.966
E,1,42,500,14,34,10200,12.324,43.3,81144.7,2,22.361,8.966
E,1,42,500,14,35,10500,12.149,48.1,82311.3,2,22.361,8.966
E,1,42,500,14,36,10800,13.782,54.9,72556.7,2,22.361,8.966
E,1,42,500,14,37,11100,14.218,55.4,70331.7,2,22.361,8.966
E,1,42,500,14,38,11400,14.772,59.1,67694.1,2,22.361,8.966
E,1,42,500,14,39,11700,16.173,61.0,61832.7,2,22.361,8.966
E,1,42,500,14,40,12000,15.979,56.3,62580.8,2,22.361,8.966
E,1,42,500,20,1,300,16.641,46.7,60091.3,2,22.361,8.966
E,1,42,500,20,2,600,11.523,51.4,86780.4,2,22.361,8.966
E,1,42,500,20,3,900,10.737,37.9,93138.8,2,22.361,8.966
E,1,42,500,20,4,1200,6.023,19.5,166039.4,2,22.361,8.966
E,1,42,500,20,5,1500,7.042,19.9,142005.1,2,22.361,8.966
E,1,42,500,20,6,1800,9.221,33.5,108444.2,2,22.361,8.966
E,1,42,500,20,7,2100,10.137,28.1,98645.3,2,22.361,8.966
E,1,42,500,20,8,2400,11.765,32.4,84997.9,2,22.361,8.966
E,1,42,500,20,9,2700,14.252,39.4,70167.2,2,22.361,8.966
E,1,42,500,20,10,3000,15.664,44.5,63839.3,2,22.361,8.966
E,1,42,500,20,11,3300,19.939,52.6,50153.8,2,22.361,8.966
E,1,42,500,20,12,3600,19.745,57.6,50646.6,2,22.361,8.966
E,1,42,500,20,13,3900,20.254,62.4,49373.0,2,22.361,8.966
E,1,42,500,20,14,4200,23.276,68.1,42962.1,2,22.361,8.966
E,1,42,500,20,15,4500,26.316,75.8,37999.7,2,22.361,8.966
E,1,42,500,20,16,4800,26.814,83.3,37293.9,2,22.361,8.966
E,1,42,500,20,17,5100,28.76,88.0,34770.5,2,22.361,8.966
E,1,42,500,20,18,5400,31.2,93.7,32050.9,2,22.361,8.966
E,1,42,500,20,19,5700,35.227,103.7,28387.3,2,22.361,8.966
E,1,42,500,20,20,6000,36.621,108.2,27306.5,2,22.361,8.966
E,1,42,500,20,21,6300,24.044,119.7,41591.0,2,22.361,8.966
E,1,42,500,20,22,6600,8.268,34.9,120953.1,2,22.361,8.966
E,1,42,500,20,23,6900,8.524,36.9,117311.2,2,22.361,8.966
E,1,42,500,20,24,7200,9.424,35.5,106115.8,2,22.361,8.966
E,1,42,500,20,25,7500,10.081,37.0,99199.8,2,22.361,8.966
E,1,42,500,20,26,7800,10.544,39.7,94837.7,2,22.361,8.966
E,1,42,500,20,27,8100,9.911,34.0,100898.0,2,22.361,8.966
E,1,42,500,20,28,8400,10.152,35.1,98506.0,2,22.361,8.966
E,1,42,500,20,29,8700,10.854,40.8,92134.8,2,22.361,8.966
E,1,42,500,20,30,9000,10.851,32.5,92160.2,2,22.361,8.966
E,1,42,500,20,31,9300,13.374,34.9,74770.1,2,22.361,8.966
E,1,42,500,20,32,9600,8.917,35.2,112141.2,2,22.361,8.966
E,1,42,500,20,33,9900,10.507,39.7,95171.6,2,22.361,8.966
E,1,42,500,20,34,10200,11.723,42.6,85304.8,2,22.361,8.966
E,1,42,500,20,35,10500,11.041,42.7,90568.8,2,22.361,8.966
E,1,42,500,20,36,10800,11.98,45.3,83474.8,2,22.361,8.966
E,1,42,500,20,37,11100,12.778,49.7,78257.5,2,22.361,8.966
E,1,42,500,20,38,11400,14.117,53.2,70834.9,2,22.361,8.966
E,1,42,500,20,39,11700,14.04,51.9,71226.8,2,22.361,8.966
E,1,42,500,20,40,12000,14.404,50.4,69426.8,2,22.361,8.966
E,1,42,800,2,1,300,31.657,73.7,31588.9,3,28.284,9.644
E,1,42,800,2,2,600,24.647,82.7,40572.3,3,28.284,9.644
E,1,42,800,2,3,900,24.963,74.4,40058.7,3,28.284,9.644
E,1,42,800,2,4,1200,26.095,75.6,38321.5,3,28.284,9.644
E,1,42,800,2,5,1500,25.171,49.5,39728.3,3,28.284,9.644
E,1,42,800,2,6,1800,26.2,56.2,38167.9,3,28.284,9.644
E,1,42,800,2,7,2100,26.898,66.7,37177.0,3,28.284,9.644
E,1,42,800,2,8,2400,29.46,74.6,33944.3,3,28.284,9.644
E,1,42,800,2,9,2700,27.842,80.8,35917.4,3,28.284,9.644
E,1,42,800,2,10,3000,29.791,82.1,33567.2,3,28.284,9.644
E,1,42,800,2,11,3300,33.371,86.8,29965.8,3,28.284,9.644
E,1,42,800,2,12,3600,28.32,80.1,35310.7,3,28.284,9.644
E,1,42,800,2,13,3900,29.588,68.9,33797.5,3,28.284,9.644
E,1,42,800,2,14,4200,28.141,85.5,35535.8,3,28.284,9.644
E,1,42,800,2,15,4500,26.545,56.2,37672.3,3,28.284,9.644
E,1,42,800,2,16,4800,26.699,54.8,37454.1,3,28.284,9.644
E,1,42,800,2,17,5100,32.409,55.4,30855.3,3,28.284,9.644
E,1,42,800,2,18,5400,27.54,71.2,36310.8,3,28.284,9.644
E,1,42,800,2,19,5700,26.735,61.3,37403.7,3,28.284,9.644
E,1,42,800,2,20,6000,29.011,82.5,34469.3,3,28.284,9.644
E,1,42,800,2,21,6300,40.284,99.9,24824.0,4,28.284,9.644
E,1,42,800,2,22,6600,25.905,78.6,38603.1,4,28.284,9.644
E,1,42,800,2,23,6900,24.343,78.8,41079.0,4,28.284,9.644
E,1,42,800,2,24,7200,19.958,84.3,50106.1,4,28.284,9.644
E,1,42,800,2,25,7500,20.918,68.2,47805.0,4,28.284,9.644
E,1,42,800,2,26,7800,21.859,80.4,45747.7,4,28.284,9.644
E,1,42,800,2,27,8100,22.248,67.7,44947.2,4,28.284,9.644
E,1,42,800,2,28,8400,20.817,59.4,48038.4,4,28.284,9.644
E,1,42,800,2,29,8700,22.04,61.1,45371.4,4,28.284,9.644
E,1,42,800,2,30,9000,24.064,71.6,41555.3,4,28.284,9.644
E,1,42,800,2,31,9300,23.434,71.7,42672.4,4,28.284,9.644
E,1,42,800,2,32,9600,24.357,69.7,41055.4,4,28.284,9.644
E,1,42,800,2,33,9900,27.101,77.0,36899.0,4,28.284,9.644
E,1,42,800,2,34,10200,29.713,82.6,33655.3,4,28.284,9.644
E,1,42,800,2,35,10500,26.507,69.3,37725.4,4,28.284,9.644
E,1,42,800,2,36,10800,28.41,73.0,35198.9,4,28.284,9.644
E,1,42,800,2,37,11100,28.069,71.7,35626.9,4,28.284,9.644
E,1,42,800,2,38,11400,29.643,83.4,33735.2,4,28.284,9.644
E,1,42,800,2,39,11700,28.844,77.5,34668.9,4,28.284,9.644
E,1,42,800,2,40,12000,32.313,84.1,30947.6,4,28.284,9.644
E,1,42,800,3,1,300,27.934,70.3,35799.1,3,28.284,9.644
E,1,42,800,3,2,600,21.492,77.9,46528.2,3,28.284,9.644
E,1,42,800,3,3,900,21.585,62.6,46327.8,3,28.284,9.644
E,1,42,800,3,4,1200,24.286,78.5,41176.6,3,28.284,9.644
E,1,42,800,3,5,1500,23.066,62.0,43353.2,3,28.284,9.644
E,1,42,800,3,6,1800,22.773,51.2,43912.3,3,28.284,9.644
E,1,42,800,3,7,2100,24.813,72.5,40302.0,3,28.284,9.644
E,1,42,800,3,8,2400,24.155,56.2,41399.3,3,28.284,9.644
E,1,42,800,3,9,2700,24.186,62.8,41346.2,3,28.284,9.644
E,1,42,800,3,10,3000,26.045,65.7,38395.6,3,28.284,9.644
E,1,42,800,3,11,3300,27.921,86.9,35815.3,3,28.284,9.644
E,1,42,800,3,12,3600,23.276,73.2,42962.7,3,28.284,9.644
E,1,42,800,3,13,3900,23.932,65.3,41785.6,3,28.284,9.644
E,1,42,800,3,14,4200,23.72,78.5,42158.5,3,28.284,9.644
E,1,42,800,3,15,4500,22.421,55.4,44600.4,3,28.284,9.644
E,1,42,800,3,16,4800,21.664,53.6,46158.8,3,28.284,9.644
E,1,42,800,3,17,5100,24.034,55.9,41607.1,3,28.284,9.644
E,1,42,800,3,18,5400,21.775,55.5,45923.5,3,28.284,9.644
E,1,42,800,3,19,5700,33.75,105.0,29629.6,3,28.284,9.644
E,1,42,800,3,20,6000,30.163,93.3,33152.8,3,28.284,9.644
E,1,42,800,3,21,6300,36.426,62.5,27453.2,4,28.284,9.644
E,1,42,800,3,22,6600,21.834,76.3,45800.1,4,28.284,9.644
E,1,42,800,3,23,6900,19.051,54.9,52491.6,4,28.284,9.644
E,1,42,800,3,24,7200,16.211,75.0,61685.2,4,28.284,9.644
E,1,42,800,3,25,7500,17.278,59.4,57878.2,4,28.284,9.644
E,1,42,800,3,26,7800,17.11,57.4,58444.2,4,28.284,9.644
E,1,42,800,3,27,8100,19.933,70.3,50168.9,4,28.284,9.644
E,1,42,800,3,28,8400,16.482,48.7,60673.5,4,28.284,9.644
E,1,42,800,3,29,8700,17.858,62.1,55996.3,4,28.284,9.644
E,1,42,800,3,30,9000,19.785,63.8,50542.5,4,28.284,9.644
E,1,42,800,3,31,9300,18.616,52.9,53717.2,4,28.284,9.644
E,1,42,800,3,32,9600,18.752,53.8,53328.6,4,28.284,9.644
E,1,42,800,3,33,9900,21.43,72.8,46664.3,4,28.284,9.644
E,1,42,800,3,34,10200,22.643,61.1,44163.8,4,28.284,9.644
E,1,42,800,3,35,10500,21.213,67.2,47140.9,4,28.284,9.644
E,1,42,800,3,36,10800,21.83,59.1,45809.2,4,28.284,9.644
E,1,42,800,3,37,11100,24.093,74.3,41506.4,4,28.284,9.644
E,1,42,800,3,38,11400,23.967,73.5,41723.5,4,28.284,9.644
E,1,42,800,3,39,11700,24.0,71.9,41667.2,4,28.284,9.644
E,1,42,800,3,40,12000,25.064,72.6,39897.3,4,28.284,9.644
E,1,42,800,4,1,300,23.051,60.3,43382.1,3,28.284,9.644
E,1,42,800,4,2,600,15.928,62.1,62781.2,3,28.284,9.644
E,1,42,800,4,3,900,17.083,55.0,58538.9,3,28.284,9.644
E,1,42,800,4,4,1200,16.504,69.1,60591.4,3,28.284,9.644
E,1,42,800,4,5,1500,16.679,50.4,59954.4,3,28.284,9.644
E,1,42,800,4,6,1800,18.681,71.3,53531.3,3,28.284,9.644
E,1,42,800,4,7,2100,18.305,58.0,54628.9,3,28.284,9.644
E,1,42,800,4,8,2400,18.159,52.0,55068.1,3,28.284,9.644
E,1,42,800,4,9,2700,20.222,80.4,49451.1,3,28.284,9.644
E,1,42,800,4,10,3000,19.791,58.5,50528.9,3,28.284,9.644
E,1,42,800,4,11,3300,23.021,87.9,43438.6,3,28.284,9.644
E,1,42,800,4,12,3600,16.691,70.6,59912.5,3,28.284,9.644
E,1,42,800,4,13,3900,18.64,66.0,53647.1,3,28.284,9.644
E,1,42,800,4,14,4200,18.024,71.2,55482.6,3,28.284,9.644
E,1,42,800,4,15,4500,15.588,53.0,64151.9,3,28.284,9.644
E,1,42,800,4,16,4800,15.938,51.6,62744.4,3,28.284,9.644
E,1,42,800,4,17,5100,16.697,58.4,59892.2,3,28.284,9.644
E,1,42,800,4,18,5400,16.138,52.6,61965.5,3,28.284,9.644
E,1,42,800,4,19,5700,16.665,60.3,60006.0,3,28.284,9.644
E,1,42,800,4,20,6000,15.907,63.0,62866.7,3,28.284,9.644
E,1,42,800,4,21,6300,29.688,66.3,33683.3,4,28.284,9.644
E,1,42,800,4,22,6600,17.539,67.9,57015.8,4,28.284,9.644
E,1,42,800,4,23,6900,14.754,55.1,67776.7,4,28.284,9.644
E,1,42,800,4,24,7200,12.444,69.8,80362.2,4,28.284,9.644
E,1,42,800,4,25,7500,14.158,58.4,70631.4,4,28.284,9.644
E,1,42,800,4,26,7800,13.192,57.7,75801.6,4,28.284,9.644
E,1,42,800,4,27,8100,14.271,58.6,70072.2,4,28.284,9.644
E,1,42,800,4,28,8400,14.365,48.5,69613.6,4,28.284,9.644
E,1,42,800,4,29,8700,14.732,59.6,67877.9,4,28.284,9.644
E,1,42,800,4,30,9000,14.74,56.4,67841.1,4,28.284,9.644
E,1,42,800,4,31,9300,15.509,43.8,64477.3,4,28.284,9.644
E,1,42,800,4,32,9600,15.914,55.7,62836.4,4,28.284,9.644
E,1,42,800,4,33,9900,17.405,75.7,57455.9,4,28.284,9.644
E,1,42,800,4,34,10200,17.789,56.0,56215.6,4,28.284,9.644
E,1,42,800,4,35,10500,17.425,63.5,57388.8,4,28.284,9.644
E,1,42,800,4,36,10800,17.44,45.9,57340.5,4,28.284,9.644
E,1,42,800,4,37,11100,17.611,63.0,56783.8,4,28.284,9.644
E,1,42,800,4,38,11400,19.369,72.4,51628.9,4,28.284,9.644
E,1,42,800,4,39,11700,18.523,59.8,53986.0,4,28.284,9.644
E,1,42,800,4,40,12000,20.281,82.1,49308.0,4,28.284,9.644
E,1,42,800,5,1,300,23.49,58.9,42571.9,3,28.284,9.644
E,1,42,800,5,2,600,15.639,57.5,63941.3,3,28.284,9.644
E,1,42,800,5,3,900,16.408,55.9,60947.1,3,28.284,9.644
E,1,42,800,5,4,1200,16.796,67.1,59538.0,3,28.284,9.644
E,1,42,800,5,5,1500,16.107,48.0,62084.8,3,28.284,9.644
E,1,42,800,5,6,1800,16.926,57.0,59079.5,3,28.284,9.644
E,1,42,800,5,7,2100,18.407,57.2,54328.1,3,28.284,9.644
E,1,42,800,5,8,2400,17.826,52.6,56096.8,3,28.284,9.644
E,1,42,800,5,9,2700,19.143,61.0,52238.4,3,28.284,9.644
E,1,42,800,5,10,3000,20.853,63.4,47954.0,3,28.284,9.644
E,1,42,800,5,11,3300,21.942,87.4,45574.0,3,28.284,9.644
E,1,42,800,5,12,3600,17.825,79.2,56101.0,3,28.284,9.644
E,1,42,800,5,13,3900,18.425,65.2,54275.1,3,28.284,9.644
E,1,42,800,5,14,4200,16.603,60.8,60231.3,3,28.284,9.644
E,1,42,800,5,15,4500,16.009,55.4,62466.2,3,28.284,9.644
E,1,42,800,5,16,4800,15.709,55.5,63657.8,3,28.284,9.644
E,1,42,800,5,17,5100,16.091,52.3,62146.5,3,28.284,9.644
E,1,42,800,5,18,5400,16.843,61.4,59371.8,3,28.284,9.644
E,1,42,800,5,19,5700,16.432,55.5,60855.6,3,28.284,9.644
E,1,42,800,5,20,6000,15.812,63.7,63241.8,3,28.284,9.644
E,1,42,800,5,21,6300,30.653,65.7,32622.9,4,28.284,9.644
E,1,42,800,5,22,6600,16.302,63.9,61343.4,4,28.284,9.644
E,1,42,800,5,23,6900,14.753,67.5,67782.8,4,28.284,9.644
E,1,42,800,5,24,7200,12.123,70.2,82490.1,4,28.284,9.644
E,1,42,800,5,25,7500,12.694,58.9,78775.3,4,28.284,9.644
E,1,42,800,5,26,7800,12.649,49.3,79057.6,4,28.284,9.644
E,1,42,800,5,27,8100,14.886,71.1,67178.7,4,28.284,9.644
E,1,42,800,5,28,8400,13.682,49.8,73088.7,4,28.284,9.644
E,1,42,800,5,29,8700,14.228,60.1,70282.3,4,28.284,9.644
E,1,42,800,5,30,9000,14.692,61.0,68065.8,4,28.284,9.644
E,1,42,800,5,31,9300,14.759,44.4,67755.3,4,28.284,9.644
E,1,42,800,5,32,9600,14.139,48.7,70724.7,4,28.284,9.644
E,1,42,800,5,33,9900,16.713,71.6,59832.5,4,28.284,9.644
E,1,42,800,5,34,10200,17.534,62.0,57033.1,4,28.284,9.644
E,1,42,800,5,35,10500,16.559,62.6,60391.3,4,28.284,9.644
E,1,42,800,5,36,10800,17.838,57.2,56059.0,4,28.284,9.644
E,1,42,800,5,37,11100,16.281,60.0,61422.5,4,28.284,9.644
E,1,42,800,5,38,11400,17.357,68.3,57613.6,4,28.284,9.644
E,1,42,800,5,39,11700,19.287,65.9,51848.4,4,28.284,9.644
E,1,42,800,5,40,12000,23.441,91.0,42660.3,4,28.284,9.644
E,1,42,800,6,1,300,23.039,61.9,43405.3,3,28.284,9.644
E,1,42,800,6,2,600,15.141,58.9,66047.3,3,28.284,9.644
E,1,42,800,6,3,900,15.928,57.8,62783.8,3,28.284,9.644
E,1,42,800,6,4,1200,16.926,81.9,59079.5,3,28.284,9.644
E,1,42,800,6,5,1500,19.424,63.8,51482.7,3,28.284,9.644
E,1,42,800,6,6,1800,16.486,51.3,60657.5,3,28.284,9.644
E,1,42,800,6,7,2100,17.621,58.0,56749.4,3,28.284,9.644
E,1,42,800,6,8,2400,17.161,55.5,58272.8,3,28.284,9.644
E,1,42,800,6,9,2700,19.293,76.9,51832.3,3,28.284,9.644
E,1,42,800,6,10,3000,19.54,56.6,51177.1,3,28.284,9.644
E,1,42,800,6,11,3300,20.677,86.6,48362.1,3,28.284,9.644
E,1,42,800,6,12,3600,16.296,80.3,61364.7,3,28.284,9.644
E,1,42,800,6,13,3900,137.045,91.1,7296.9,3,28.284,9.644
E,1,42,800,6,14,4200,17.414,82.4,57426.2,3,28.284,9.644
E,1,42,800,6,15,4500,14.662,50.2,68202.0,3,28.284,9.644
E,1,42,800,6,16,4800,14.549,58.5,68731.7,3,28.284,9.644
E,1,42,800,6,17,5100,15.872,54.1,63004.0,3,28.284,9.644
E,1,42,800,6,18,5400,14.949,54.0,66895.6,3,28.284,9.644
E,1,42,800,6,19,5700,15.222,55.2,65694.4,3,28.284,9.644
E,1,42,800,6,20,6000,16.531,78.2,60492.4,3,28.284,9.644
E,1,42,800,6,21,6300,28.73,58.0,34806.8,4,28.284,9.644
E,1,42,800,6,22,6600,15.807,63.8,63261.8,4,28.284,9.644
E,1,42,800,6,23,6900,14.177,60.5,70538.4,4,28.284,9.644
E,1,42,800,6,24,7200,11.541,70.5,86645.1,4,28.284,9.644
E,1,42,800,6,25,7500,12.163,57.4,82216.6,4,28.284,9.644
E,1,42,800,6,26,7800,12.589,67.7,79436.5,4,28.284,9.644
E,1,42,800,6,27,8100,12.894,58.8,77553.5,4,28.284,9.644
E,1,42,800,6,28,8400,12.517,45.8,79893.5,4,28.284,9.644
E,1,42,800,6,29,8700,13.07,58.7,76511.1,4,28.284,9.644
E,1,42,800,6,30,9000,14.1,59.7,70922.0,4,28.284,9.644
E,1,42,800,6,31,9300,13.688,42.8,73054.9,4,28.284,9.644
E,1,42,800,6,32,9600,12.955,47.7,77190.3,4,28.284,9.644
E,1,42,800,6,33,9900,16.075,78.0,62209.7,4,28.284,9.644
E,1,42,800,6,34,10200,15.511,55.7,64471.8,4,28.284,9.644
E,1,42,800,6,35,10500,14.863,63.8,67281.2,4,28.284,9.644
E,1,42,800,6,36,10800,16.018,56.0,62431.1,4,28.284,9.644
E,1,42,800,6,37,11100,16.065,67.9,62245.8,4,28.284,9.644
E,1,42,800,6,38,11400,16.702,71.3,59874.3,4,28.284,9.644
E,1,42,800,6,39,11700,19.602,77.6,51016.1,4,28.284,9.644
E,1,42,800,6,40,12000,24.456,107.2,40889.2,4,28.284,9.644
E,1,42,800,8,1,300,22.717,68.1,44019.3,3,28.284,9.644
E,1,42,800,8,2,600,13.919,58.4,71846.0,3,28.284,9.644
E,1,42,800,8,3,900,14.378,59.1,69550.7,3,28.284,9.644
E,1,42,800,8,4,1200,15.31,74.6,65315.4,3,28.284,9.644
E,1,42,800,8,5,1500,14.245,48.4,70198.4,3,28.284,9.644
E,1,42,800,8,6,1800,15.065,62.6,66377.6,3,28.284,9.644
E,1,42,800,8,7,2100,16.653,62.6,60048.0,3,28.284,9.644
E,1,42,800,8,8,2400,15.9,58.2,62894.4,3,28.284,9.644
E,1,42,800,8,9,2700,16.925,60.9,59083.0,3,28.284,9.644
E,1,42,800,8,10,3000,18.697,67.0,53483.6,3,28.284,9.644
E,1,42,800,8,11,3300,18.525,88.0,53980.1,3,28.284,9.644
E,1,42,800,8,12,3600,13.357,70.1,74865.2,3,28.284,9.644
E,1,42,800,8,13,3900,15.844,70.9,63116.7,3,28.284,9.644
E,1,42,800,8,14,4200,13.055,76.8,76597.1,3,28.284,9.644
E,1,42,800,8,15,4500,12.166,46.8,82198.6,3,28.284,9.644
E,1,42,800,8,16,4800,11.753,57.7,85087.1,3,28.284,9.644
E,1,42,800,8,17,5100,13.246,68.0,75494.5,3,28.284,9.644
E,1,42,800,8,18,5400,12.137,54.4,82392.7,3,28.284,9.644
E,1,42,800,8,19,5700,12.514,55.4,79908.4,3,28.284,9.644
E,1,42,800,8,20,6000,12.025,56.0,83160.1,3,28.284,9.644
E,1,42,800,8,21,6300,26.052,52.9,38385.3,4,28.284,9.644
E,1,42,800,8,22,6600,13.173,62.7,75912.9,4,28.284,9.644
E,1,42,800,8,23,6900,12.206,76.9,81924.7,4,28.284,9.644
E,1,42,800,8,24,7200,10.23,70.7,97748.5,4,28.284,9.644
E,1,42,800,8,25,7500,10.731,55.6,93185.1,4,28.284,9.644
E,1,42,800,8,26,7800,10.653,50.7,93867.3,4,28.284,9.644
E,1,42,800,8,27,8100,11.385,53.5,87834.9,4,28.284,9.644
E,1,42,800,8,28,8400,17.171,55.2,58237.7,4,28.284,9.644
E,1,42,800,8,29,8700,12.415,61.6,80549.9,4,28.284,9.644
E,1,42,800,8,30,9000,11.991,57.0,83393.6,4,28.284,9.644
E,1,42,800,8,31,9300,13.073,52.1,76495.5,4,28.284,9.644
E,1,42,800,8,32,9600,11.919,49.4,83897.3,4,28.284,9.644
E,1,42,800,8,33,9900,13.657,71.7,73220.7,4,28.284,9.644
E,1,42,800,8,34,10200,13.623,55.5,73407.1,4,28.284,9.644
E,1,42,800,8,35,10500,13.863,66.2,72136.2,4,28.284,9.644
E,1,42,800,8,36,10800,13.76,49.6,72674.4,4,28.284,9.644
E,1,42,800,8,37,11100,13.216,60.0,75665.9,4,28.284,9.644
E,1,42,800,8,38,11400,16.045,84.7,62326.0,4,28.284,9.644
E,1,42,800,8,39,11700,15.33,64.1,65231.6,4,28.284,9.644
E,1,42,800,8,40,12000,15.656,59.5,63873.3,4,28.284,9.644
E,1,42,800,10,1,300,20.791,53.1,48097.7,3,28.284,9.644
E,1,42,800,10,2,600,13.619,59.8,73425.0,3,28.284,9.644
E,1,42,800,10,3,900,16.25,72.1,61537.2,3,28.284,9.644
E,1,42,800,10,4,1200,14.639,62.1,68309.1,3,28.284,9.644
E,1,42,800,10,5,1500,14.557,54.8,68697.0,3,28.284,9.644
E,1,42,800,10,6,1800,15.572,57.7,64217.8,3,28.284,9.644
E,1,42,800,10,7,2100,15.736,58.8,63547.2,3,28.284,9.644
E,1,42,800,10,8,2400,15.72,55.1,63613.2,3,28.284,9.644
E,1,42,800,10,9,2700,17.947,68.0,55720.7,3,28.284,9.644
E,1,42,800,10,10,3000,17.709,59.6,56469.5,3,28.284,9.644
E,1,42,800,10,11,3300,18.391,86.9,54374.4,3,28.284,9.644
E,1,42,800,10,12,3600,14.483,98.6,69044.9,3,28.284,9.644
E,1,42,800,10,13,3900,14.823,71.1,67464.3,3,28.284,9.644
E,1,42,800,10,14,4200,13.019,74.5,76808.9,3,28.284,9.644
E,1,42,800,10,15,4500,12.229,47.0,81775.1,3,28.284,9.644
E,1,42,800,10,16,4800,12.747,53.6,78451.9,3,28.284,9.644
E,1,42,800,10,17,5100,12.23,51.6,81763.9,3,28.284,9.644
E,1,42,800,10,18,5400,12.1,53.6,82644.6,3,28.284,9.644
E,1,42,800,10,19,5700,13.111,58.2,76271.8,3,28.284,9.644
E,1,42,800,10,20,6000,12.499,62.5,80008.5,3,28.284,9.644
E,1,42,800,10,21,6300,25.677,52.5,38945.4,4,28.284,9.644
E,1,42,800,10,22,6600,13.833,62.1,72292.6,4,28.284,9.644
E,1,42,800,10,23,6900,11.407,51.7,87665.5,4,28.284,9.644
E,1,42,800,10,24,7200,9.772,70.8,102336.7,4,28.284,9.644
E,1,42,800,10,25,7500,10.616,54.9,94197.4,4,28.284,9.644
E,1,42,800,10,26,7800,10.789,50.3,92687.0,4,28.284,9.644
E,1,42,800,10,27,8100,11.668,63.1,85707.0,4,28.284,9.644
E,1,42,800,10,28,8400,11.069,46.2,90342.4,4,28.284,9.644
E,1,42,800,10,29,8700,11.885,52.3,84139.7,4,28.284,9.644
E,1,42,800,10,30,9000,11.597,55.8,86231.7,4,28.284,9.644
E,1,42,800,10,31,9300,12.817,55.4,78023.4,4,28.284,9.644
E,1,42,800,10,32,9600,11.678,50.4,85631.1,4,28.284,9.644
E,1,42,800,10,33,9900,13.527,73.0,73924.4,4,28.284,9.644
E,1,42,800,10,34,10200,14.017,56.0,71340.2,4,28.284,9.644
E,1,42,800,10,35,10500,13.373,66.8,74777.5,4,28.284,9.644
E,1,42,800,10,36,10800,13.443,47.0,74388.1,4,28.284,9.644
E,1,42,800,10,37,11100,13.064,59.3,76548.2,4,28.284,9.644
E,1,42,800,10,38,11400,15.029,70.3,66539.5,4,28.284,9.644
E,1,42,800,10,39,11700,14.38,56.1,69539.4,4,28.284,9.644
E,1,42,800,10,40,12000,15.0,55.9,66668.1,4,28.284,9.644
E,1,42,800,14,1,300,20.572,59.1,48609.0,3,28.284,9.644
E,1,42,800,14,2,600,14.041,79.4,71218.3,3,28.284,9.644
E,1,42,800,14,3,900,13.747,51.3,72743.1,3,28.284,9.644
E,1,42,800,14,4,1200,13.726,55.6,72852.7,3,28.284,9.644
E,1,42,800,14,5,1500,14.302,54.0,69920.3,3,28.284,9.644
E,1,42,800,14,6,1800,14.373,59.6,69573.3,3,28.284,9.644
E,1,42,800,14,7,2100,14.884,53.9,67187.7,3,28.284,9.644
E,1,42,800,14,8,2400,15.108,55.7,66188.6,3,28.284,9.644
E,1,42,800,14,9,2700,17.203,60.1,58128.3,3,28.284,9.644
E,1,42,800,14,10,3000,17.025,62.3,58738.3,3,28.284,9.644
E,1,42,800,14,11,3300,17.225,86.6,58056.3,3,28.284,9.644
E,1,42,800,14,12,3600,12.242,70.0,81683.8,3,28.284,9.644
E,1,42,800,14,13,3900,13.137,63.4,76120.9,3,28.284,9.644
E,1,42,800,14,14,4200,11.646,62.8,85866.4,3,28.284,9.644
E,1,42,800,14,15,4500,11.714,50.9,85370.4,3,28.284,9.644
E,1,42,800,14,16,4800,10.99,59.0,90994.6,3,28.284,9.644
E,1,42,800,14,17,5100,11.102,54.8,90076.6,3,28.284,9.644
E,1,42,800,14,18,5400,10.983,51.4,91052.6,3,28.284,9.644
E,1,42,800,14,19,5700,11.433,54.2,87468.7,3,28.284,9.644
E,1,42,800,14,20,6000,12.59,64.3,79426.0,3,28.284,9.644
E,1,42,800,14,21,6300,25.235,55.9,39628.0,4,28.284,9.644
E,1,42,800,14,22,6600,12.36,62.4,80904.0,4,28.284,9.644
E,1,42,800,14,23,6900,10.809,50.3,92518.4,4,28.284,9.644
E,1,42,800,14,24,7200,9.174,69.9,109007.7,4,28.284,9.644
E,1,42,800,14,25,7500,9.973,53.1,100274.1,4,28.284,9.644
E,1,42,800,14,26,7800,10.014,51.9,99863.5,4,28.284,9.644
E,1,42,800,14,27,8100,11.462,60.0,87242.3,4,28.284,9.644
E,1,42,800,14,28,8400,10.466,49.8,95550.5,4,28.284,9.644
E,1,42,800,14,29,8700,11.288,54.5,88589.7,4,28.284,9.644
E,1,42,800,14,30,9000,11.039,53.9,90585.2,4,28.284,9.644
E,1,42,800,14,31,9300,12.008,52.5,83277.8,4,28.284,9.644
E,1,42,800,14,32,9600,11.185,48.7,89405.4,4,28.284,9.644
E,1,42,800,14,33,9900,12.751,73.0,78427.3,4,28.284,9.644
E,1,42,800,14,34,10200,12.509,54.6,79942.4,4,28.284,9.644
E,1,42,800,14,35,10500,12.159,63.0,82245.9,4,28.284,9.644
E,1,42,800,14,36,10800,12.475,46.3,80162.5,4,28.284,9.644
E,1,42,800,14,37,11100,12.191,58.3,82025.5,4,28.284,9.644
E,1,42,800,14,38,11400,14.245,68.2,70201.7,4,28.284,9.644
E,1,42,800,14,39,11700,14.386,58.1,69510.4,4,28.284,9.644
E,1,42,800,14,40,12000,14.226,57.6,70293.8,4,28.284,9.644
E,1,42,800,20,1,300,20.871,72.9,47914.1,3,28.284,9.644
E,1,42,800,20,2,600,12.817,56.4,78021.4,3,28.284,9.644
E,1,42,800,20,3,900,13.192,51.6,75803.5,3,28.284,9.644
E,1,42,800,20,4,1200,13.596,58.5,73552.9,3,28.284,9.644
E,1,42,800,20,5,1500,13.639,49.2,73319.2,3,28.284,9.644
E,1,42,800,20,6,1800,13.949,52.7,71689.7,3,28.284,9.644
E,1,42,800,20,7,2100,14.634,56.5,68334.0,3,28.284,9.644
E,1,42,800,20,8,2400,15.168,55.6,65926.8,3,28.284,9.644
E,1,42,800,20,9,2700,16.002,66.6,62493.5,3,28.284,9.644
E,1,42,800,20,10,3000,16.502,63.1,60598.7,3,28.284,9.644
E,1,42,800,20,11,3300,17.9,87.4,55865.9,3,28.284,9.644
E,1,42,800,20,12,3600,11.892,70.3,84092.5,3,28.284,9.644
E,1,42,800,20,13,3900,12.981,63.3,77037.6,3,28.284,9.644
E,1,42,800,20,14,4200,11.625,63.0,86021.5,3,28.284,9.644
E,1,42,800,20,15,4500,11.625,52.8,86019.0,3,28.284,9.644
E,1,42,800,20,16,4800,10.655,60.6,93855.6,3,28.284,9.644
E,1,42,800,20,17,5100,10.565,53.4,94649.2,3,28.284,9.644
E,1,42,800,20,18,5400,10.75,53.2,93020.4,3,28.284,9.644
E,1,42,800,20,19,5700,12.276,58.1,81457.5,3,28.284,9.644
E,1,42,800,20,20,6000,10.858,58.8,92098.0,3,28.284,9.644
E,1,42,800,20,21,6300,25.285,53.0,39549.1,4,28.284,9.644
E,1,42,800,20,22,6600,12.493,64.2,80042.7,4,28.284,9.644
E,1,42,800,20,23,6900,10.485,53.3,95374.4,4,28.284,9.644
E,1,42,800,20,24,7200,9.068,70.7,110281.9,4,28.284,9.644
E,1,42,800,20,25,7500,9.677,53.8,103341.4,4,28.284,9.644
E,1,42,800,20,26,7800,9.96,57.1,100405.0,4,28.284,9.644
E,1,42,800,20,27,8100,10.21,54.5,97946.4,4,28.284,9.644
E,1,42,800,20,28,8400,10.221,46.7,97841.0,4,28.284,9.644
E,1,42,800,20,29,8700,11.122,52.3,89914.6,4,28.284,9.644
E,1,42,800,20,30,9000,10.528,54.4,94987.8,4,28.284,9.644
E,1,42,800,20,31,9300,11.652,64.6,85819.7,4,28.284,9.644
E,1,42,800,20,32,9600,10.502,48.0,95223.0,4,28.284,9.644
E,1,42,800,20,33,9900,12.277,72.2,81450.9,4,28.284,9.644
E,1,42,800,20,34,10200,11.924,54.4,83866.8,4,28.284,9.644
E,1,42,800,20,35,10500,13.507,65.7,74033.9,4,28.284,9.644
E,1,42,800,20,36,10800,12.59,55.7,79426.0,4,28.284,9.644
E,1,42,800,20,37,11100,11.906,59.8,83993.6,4,28.284,9.644
E,1,42,800,20,38,11400,14.1,70.0,70922.0,4,28.284,9.644
E,1,42,800,20,39,11700,14.594,82.1,68519.7,4,28.284,9.644
E,1,42,800,20,40,12000,13.65,60.3,73260.1,4,28.284,9.644
E,2,43,50,2,1,300,19.59,43.0,51045.6,1,7.071,5.644
E,2,43,50,2,2,600,8.005,44.2,124916.7,1,7.071,5.644
E,2,43,50,2,3,900,9.412,43.3,106247.4,1,7.071,5.644
E,2,43,50,2,4,1200,9.689,42.5,103206.3,1,7.071,5.644
E,2,43,50,2,5,1500,12.229,50.8,81770.6,1,7.071,5.644
E,2,43,50,2,6,1800,12.052,44.3,82976.1,1,7.071,5.644
E,2,43,50,2,7,2100,11.948,32.8,83693.7,1,7.071,5.644
E,2,43,50,2,8,2400,13.375,37.8,74768.2,1,7.071,5.644
E,2,43,50,2,9,2700,16.023,46.3,62411.6,1,7.071,5.644
E,2,43,50,2,10,3000,21.77,48.2,45934.8,1,7.071,5.644
E,2,43,50,2,11,3300,19.021,54.9,52574.4,1,7.071,5.644
E,2,43,50,2,12,3600,20.704,57.5,48299.1,1,7.071,5.644
E,2,43,50,2,13,3900,21.607,62.7,46280.6,1,7.071,5.644
E,2,43,50,2,14,4200,23.017,70.2,43446.2,1,7.071,5.644
E,2,43,50,2,15,4500,24.443,71.6,40912.1,1,7.071,5.644
E,2,43,50,2,16,4800,24.966,76.4,40055.0,1,7.071,5.644
E,2,43,50,2,17,5100,26.84,81.3,37257.8,1,7.071,5.644
E,2,43,50,2,18,5400,29.075,88.6,34393.4,1,7.071,5.644
E,2,43,50,2,19,5700,32.655,94.1,30623.2,1,7.071,5.644
E,2,43,50,2,20,6000,31.626,94.0,31619.6,1,7.071,5.644
E,2,43,50,2,21,6300,10.951,48.1,91313.1,1,7.071,5.644
E,2,43,50,2,22,6600,9.627,45.5,103870.9,1,7.071,5.644
E,2,43,50,2,23,6900,10.293,42.8,97153.4,1,7.071,5.644
E,2,43,50,2,24,7200,10.332,41.8,96783.6,1,7.071,5.644
E,2,43,50,2,25,7500,12.039,43.5,83061.1,1,7.071,5.644
E,2,43,50,2,26,7800,13.83,48.0,72306.6,1,7.071,5.644
E,2,43,50,2,27,8100,14.492,44.9,69005.2,1,7.071,5.644
E,2,43,50,2,28,8400,14.516,43.9,68889.5,1,7.071,5.644
E,2,43,50,2,29,8700,16.473,45.3,60706.6,1,7.071,5.644
E,2,43,50,2,30,9000,16.03,50.1,62384.3,1,7.071,5.644
E,2,43,50,2,31,9300,23.732,54.8,42137.2,1,7.071,5.644
E,2,43,50,2,32,9600,19.749,59.9,50636.3,1,7.071,5.644
E,2,43,50,2,33,9900,21.869,64.5,45726.8,1,7.071,5.644
E,2,43,50,2,34,10200,22.292,70.8,44858.5,1,7.071,5.644
E,2,43,50,2,35,10500,24.009,75.6,41651.0,1,7.071,5.644
E,2,43,50,2,36,10800,26.176,90.4,38203.4,1,7.071,5.644
E,2,43,50,2,37,11100,22.483,85.0,44478.7,1,7.071,5.644
E,2,43,50,2,38,11400,26.138,90.7,38258.5,1,7.071,5.644
E,2,43,50,2,39,11700,25.057,94.2,39909.0,1,7.071,5.644
E,2,43,50,2,40,12000,28.24,100.5,35410.3,1,7.071,5.644
E,2,43,50,3,1,300,18.929,42.7,52829.0,1,7.071,5.644
E,2,43,50,3,2,600,7.718,43.5,129561.6,1,7.071,5.644
E,2,43,50,3,3,900,9.353,43.6,106913.7,1,7.071,5.644
E,2,43,50,3,4,1200,9.931,44.4,100698.2,1,7.071,5.644
E,2,43,50,3,5,1500,11.355,44.7,88069.5,1,7.071,5.644
E,2,43,50,3,6,1800,11.727,43.0,85275.7,1,7.071,5.644
E,2,43,50,3,7,2100,11.713,33.1,85377.7,1,7.071,5.644
E,2,43,50,3,8,2400,13.93,40.6,71789.2,1,7.071,5.644
E,2,43,50,3,9,2700,15.227,43.6,65672.8,1,7.071,5.644
E,2,43,50,3,10,3000,21.724,48.6,46031.3,1,7.071,5.644
E,2,43,50,3,11,3300,19.158,58.0,52198.4,1,7.071,5.644
E,2,43,50,3,12,3600,20.258,55.2,49363.2,1,7.071,5.644
E,2,43,50,3,13,3900,21.721,79.7,46039.1,1,7.071,5.644
E,2,43,50,3,14,4200,22.242,67.7,44960.7,1,7.071,5.644
E,2,43,50,3,15,4500,25.054,76.4,39913.8,1,7.071,5.644
E,2,43,50,3,16,4800,24.517,77.3,40788.6,1,7.071,5.644
E,2,43,50,3,17,5100,27.131,82.2,36857.8,1,7.071,5.644
E,2,43,50,3,18,5400,28.154,87.4,35518.5,1,7.071,5.644
E,2,43,50,3,19,5700,32.809,96.4,30479.8,1,7.071,5.644
E,2,43,50,3,20,6000,31.103,93.9,32151.2,1,7.071,5.644
E,2,43,50,3,21,6300,11.107,47.8,90030.6,1,7.071,5.644
E,2,43,50,3,22,6600,9.321,45.1,107280.8,1,7.071,5.644
E,2,43,50,3,23,6900,10.186,43.5,98174.0,1,7.071,5.644
E,2,43,50,3,24,7200,10.363,44.1,96500.3,1,7.071,5.644
E,2,43,50,3,25,7500,12.467,44.8,80209.6,1,7.071,5.644
E,2,43,50,3,26,7800,13.091,44.0,76390.3,1,7.071,5.644
E,2,43,50,3,27,8100,14.159,44.9,70626.4,1,7.071,5.644
E,2,43,50,3,28,8400,14.218,43.6,70333.4,1,7.071,5.644
E,2,43,50,3,29,8700,15.932,44.2,62766.8,1,7.071,5.644
E,2,43,50,3,30,9000,15.647,50.1,63908.7,1,7.071,5.644
E,2,43,50,3,31,9300,24.144,69.7,41417.6,1,7.071,5.644
E,2,43,50,3,32,9600,18.986,58.6,52670.4,1,7.071,5.644
E,2,43,50,3,33,9900,21.107,64.6,47376.9,1,7.071,5.644
E,2,43,50,3,34,10200,21.792,73.9,45887.7,1,7.071,5.644
E,2,43,50,3,35,10500,23.561,75.6,42443.0,1,7.071,5.644
E,2,43,50,3,36,10800,24.685,80.9,40511.0,1,7.071,5.644
E,2,43,50,3,37,11100,22.084,85.2,45281.0,1,7.071,5.644
E,2,43,50,3,38,11400,26.071,92.9,38357.3,1,7.071,5.644
E,2,43,50,3,39,11700,24.697,96.5,40490.8,1,7.071,5.644
E,2,43,50,3,40,12000,27.694,100.9,36109.3,1,7.071,5.644
E,2,43,50,4,1,300,18.915,42.9,52869.0,1,7.071,5.644
E,2,43,50,4,2,600,7.191,43.7,139069.2,1,7.071,5.644
E,2,43,50,4,3,900,9.212,45.4,108550.1,1,7.071,5.644
E,2,43,50,4,4,1200,9.227,43.6,108381.5,1,7.071,5.644
E,2,43,50,4,5,1500,10.777,45.5,92793.1,1,7.071,5.644
E,2,43,50,4,6,1800,11.133,43.4,89825.7,1,7.071,5.644
E,2,43,50,4,7,2100,11.169,44.4,89536.2,1,7.071,5.644
E,2,43,50,4,8,2400,13.233,45.4,75568.6,1,7.071,5.644
E,2,43,50,4,9,2700,14.362,42.4,69629.8,1,7.071,5.644
E,2,43,50,4,10,3000,21.493,51.4,46526.1,1,7.071,5.644
E,2,43,50,4,11,3300,17.149,53.5,58313.6,1,7.071,5.644
E,2,43,50,4,12,3600,19.299,53.6,51817.1,1,7.071,5.644
E,2,43,50,4,13,3900,22.032,80.4,45387.8,1,7.071,5.644
E,2,43,50,4,14,4200,21.214,66.0,47138.7,1,7.071,5.644
E,2,43,50,4,15,4500,23.538,76.1,42483.9,1,7.071,5.644
E,2,43,50,4,16,4800,23.45,75.6,42643.3,1,7.071,5.644
E,2,43,50,4,17,5100,26.044,81.0,38397.0,1,7.071,5.644
E,2,43,50,4,18,5400,29.93,87.2,33411.3,1,7.071,5.644
E,2,43,50,4,19,5700,31.749,95.3,31497.1,1,7.071,5.644
E,2,43,50,4,20,6000,30.683,92.5,32591.3,1,7.071,5.644
E,2,43,50,4,21,6300,10.656,54.8,93846.8,1,7.071,5.644
E,2,43,50,4,22,6600,8.952,43.7,111706.9,1,7.071,5.644
E,2,43,50,4,23,6900,9.633,43.6,103806.2,1,7.071,5.644
E,2,43,50,4,24,7200,9.633,42.5,103813.4,1,7.071,5.644
E,2,43,50,4,25,7500,11.856,45.1,84347.9,1,7.071,5.644
E,2,43,50,4,26,7800,13.796,50.3,72484.8,1,7.071,5.644
E,2,43,50,4,27,8100,13.517,44.6,73982.7,1,7.071,5.644
E,2,43,50,4,28,8400,13.465,43.6,74268.4,1,7.071,5.644
E,2,43,50,4,29,8700,15.997,59.9,62511.7,1,7.071,5.644
E,2,43,50,4,30,9000,14.902,49.6,67106.6,1,7.071,5.644
E,2,43,50,4,31,9300,22.989,54.9,43499.7,1,7.071,5.644
E,2,43,50,4,32,9600,19.125,68.3,52288.5,1,7.071,5.644
E,2,43,50,4,33,9900,20.292,63.7,49279.7,1,7.071,5.644
E,2,43,50,4,34,10200,21.149,68.5,47282.8,1,7.071,5.644
E,2,43,50,4,35,10500,22.824,75.3,43813.5,1,7.071,5.644
E,2,43,50,4,36,10800,23.737,83.1,42127.7,1,7.071,5.644
E,2,43,50,4,37,11100,21.182,84.3,47209.2,1,7.071,5.644
E,2,43,50,4,38,11400,24.721,89.2,40450.9,1,7.071,5.644
E,2,43,50,4,39,11700,23.791,93.6,42032.7,1,7.071,5.644
E,2,43,50,4,40,12000,26.709,104.1,37441.0,1,7.071,5.644
E,2,43,50,5,1,300,19.471,46.7,51358.4,1,7.071,5.644
E,2,43,50,5,2,600,7.265,43.1,137646.3,1,7.071,5.644
E,2,43,50,5,3,900,8.752,43.1,114264.0,1,7.071,5.644
E,2,43,50,5,4,1200,9.268,42.8,107898.2,1,7.071,5.644
E,2,43,50,5,5,1500,10.979,44.3,91080.2,1,7.071,5.644
E,2,43,50,5,6,1800,11.493,42.8,87009.5,1,7.071,5.644
E,2,43,50,5,7,2100,11.09,32.2,90174.0,1,7.071,5.644
E,2,43,50,5,8,2400,12.5,39.6,80002.1,1,7.071,5.644
E,2,43,50,5,9,2700,14.962,45.9,66834.5,1,7.071,5.644
E,2,43,50,5,10,3000,21.174,49.3,47227.7,1,7.071,5.644
E,2,43,50,5,11,3300,17.007,51.5,58799.3,1,7.071,5.644
E,2,43,50,5,12,3600,20.092,59.2,49770.2,1,7.071,5.644
E,2,43,50,5,13,3900,20.448,61.6,48904.5,1,7.071,5.644
E,2,43,50,5,14,4200,21.701,68.9,46080.8,1,7.071,5.644
E,2,43,50,5,15,4500,23.019,72.8,43442.4,1,7.071,5.644
E,2,43,50,5,16,4800,23.72,76.7,42157.9,1,7.071,5.644
E,2,43,50,5,17,5100,26.736,84.3,37402.3,1,7.071,5.644
E,2,43,50,5,18,5400,28.419,94.8,35187.7,1,7.071,5.644
E,2,43,50,5,19,5700,31.815,91.9,31432.0,1,7.071,5.644
E,2,43,50,5,20,6000,35.378,97.4,28265.9,1,7.071,5.644
E,2,43,50,5,21,6300,10.708,49.3,93388.1,1,7.071,5.644
E,2,43,50,5,22,6600,9.273,48.4,107840.0,1,7.071,5.644
E,2,43,50,5,23,6900,10.795,51.2,92635.5,1,7.071,5.644
E,2,43,50,5,24,7200,10.439,50.6,95791.6,1,7.071,5.644
E,2,43,50,5,25,7500,11.64,48.5,85910.6,1,7.071,5.644
E,2,43,50,5,26,7800,12.984,46.7,77017.9,1,7.071,5.644
E,2,43,50,5,27,8100,15.3,57.6,65359.5,1,7.071,5.644
E,2,43,50,5,28,8400,14.727,51.7,67901.0,1,7.071,5.644
E,2,43,50,5,29,8700,16.017,49.1,62432.4,1,7.071,5.644
E,2,43,50,5,30,9000,15.933,52.9,62761.5,1,7.071,5.644
E,2,43,50,5,31,9300,26.568,65.7,37639.3,1,7.071,5.644
E,2,43,50,5,32,9600,18.795,59.5,53205.6,1,7.071,5.644
E,2,43,50,5,33,9900,34.094,104.8,29330.4,1,7.071,5.644
E,2,43,50,5,34,10200,33.595,101.8,29766.6,1,7.071,5.644
E,2,43,50,5,35,10500,36.715,113.8,27237.1,1,7.071,5.644
E,2,43,50,5,36,10800,32.486,136.4,30782.2,1,7.071,5.644
E,2,43,50,5,37,11100,22.285,88.2,44872.6,1,7.071,5.644
E,2,43,50,5,38,11400,24.399,87.5,40984.7,1,7.071,5.644
E,2,43,50,5,39,11700,24.855,121.8,40233.4,1,7.071,5.644
E,2,43,50,5,40,12000,26.076,99.3,38349.9,1,7.071,5.644
E,2,43,50,6,1,300,19.914,61.3,50215.9,1,7.071,5.644
E,2,43,50,6,2,600,7.194,43.6,139004.8,1,7.071,5.644
E,2,43,50,6,3,900,8.665,42.4,115411.3,1,7.071,5.644
E,2,43,50,6,4,1200,8.956,42.6,111661.1,1,7.071,5.644
E,2,43,50,6,5,1500,11.622,53.1,86041.3,1,7.071,5.644
E,2,43,50,6,6,1800,11.16,43.2,89605.7,1,7.071,5.644
E,2,43,50,6,7,2100,11.039,32.2,90585.2,1,7.071,5.644
E,2,43,50,6,8,2400,12.485,36.8,80098.3,1,7.071,5.644
E,2,43,50,6,9,2700,15.147,45.6,66019.7,1,7.071,5.644
E,2,43,50,6,10,3000,20.961,49.8,47708.4,1,7.071,5.644
E,2,43,50,6,11,3300,16.934,50.7,59052.8,1,7.071,5.644
E,2,43,50,6,12,3600,20.11,55.7,49725.7,1,7.071,5.644
E,2,43,50,6,13,3900,20.392,61.3,49038.8,1,7.071,5.644
E,2,43,50,6,14,4200,22.329,76.5,44785.5,1,7.071,5.644
E,2,43,50,6,15,4500,23.173,70.6,43153.1,1,7.071,5.644
E,2,43,50,6,16,4800,23.953,76.8,41748.4,1,7.071,5.644
E,2,43,50,6,17,5100,25.384,80.6,39394.4,1,7.071,5.644
E,2,43,50,6,18,5400,27.041,88.2,36980.9,1,7.071,5.644
E,2,43,50,6,19,5700,30.766,91.1,32503.8,1,7.071,5.644
E,2,43,50,6,20,6000,31.431,95.7,31816.1,1,7.071,5.644
E,2,43,50,6,21,6300,10.011,43.9,99890.1,1,7.071,5.644
E,2,43,50,6,22,6600,9.032,45.7,110721.5,1,7.071,5.644
E,2,43,50,6,23,6900,10.013,44.9,99866.9,1,7.071,5.644
E,2,43,50,6,24,7200,10.84,52.1,92253.8,1,7.071,5.644
E,2,43,50,6,25,7500,11.393,44.0,87770.6,1,7.071,5.644
E,2,43,50,6,26,7800,12.593,45.0,79411.3,1,7.071,5.644
E,2,43,50,6,27,8100,14.226,54.5,70295.5,1,7.071,5.644
E,2,43,50,6,28,8400,13.789,44.8,72523.3,1,7.071,5.644
E,2,43,50,6,29,8700,15.13,45.0,66092.4,1,7.071,5.644
E,2,43,50,6,30,9000,14.867,49.8,67264.6,1,7.071,5.644
E,2,43,50,6,31,9300,23.487,56.7,42576.1,1,7.071,5.644
E,2,43,50,6,32,9600,18.24,58.0,54825.6,1,7.071,5.644
E,2,43,50,6,33,9900,21.892,66.1,45679.5,1,7.071,5.644
E,2,43,50,6,34,10200,20.463,68.2,48867.9,1,7.071,5.644
E,2,43,50,6,35,10500,23.104,75.4,43283.2,1,7.071,5.644
E,2,43,50,6,36,10800,23.315,79.7,42890.8,1,7.071,5.644
E,2,43,50,6,37,11100,21.723,84.9,46033.5,1,7.071,5.644
E,2,43,50,6,38,11400,24.412,88.6,40963.5,1,7.071,5.644
E,2,43,50,6,39,11700,24.111,95.4,41474.8,1,7.071,5.644
E,2,43,50,6,40,12000,26.146,99.7,38246.8,1,7.071,5.644
E,2,43,50,8,1,300,19.382,43.6,51594.3,1,7.071,5.644
E,2,43,50,8,2,600,7.211,44.2,138670.6,1,7.071,5.644
E,2,43,50,8,3,900,9.009,46.7,111004.2,1,7.071,5.644
E,2,43,50,8,4,1200,11.924,45.3,83864.5,1,7.071,5.644
E,2,43,50,8,5,1500,10.758,44.8,92957.0,1,7.071,5.644
E,2,43,50,8,6,1800,10.997,43.1,90931.1,1,7.071,5.644
E,2,43,50,8,7,2100,11.397,43.3,87742.4,1,7.071,5.644
E,2,43,50,8,8,2400,12.303,37.0,81281.0,1,7.071,5.644
E,2,43,50,8,9,2700,14.125,42.2,70796.5,1,7.071,5.644
E,2,43,50,8,10,3000,21.318,63.9,46908.0,1,7.071,5.644
E,2,43,50,8,11,3300,16.927,50.6,59077.2,1,7.071,5.644
E,2,43,50,8,12,3600,19.088,53.7,52388.0,1,7.071,5.644
E,2,43,50,8,13,3900,20.501,66.2,48778.1,1,7.071,5.644
E,2,43,50,8,14,4200,21.133,66.1,47318.6,1,7.071,5.644
E,2,43,50,8,15,4500,23.332,74.9,42859.0,1,7.071,5.644
E,2,43,50,8,16,4800,23.231,74.7,43045.3,1,7.071,5.644
E,2,43,50,8,17,5100,25.476,82.1,39252.1,1,7.071,5.644
E,2,43,50,8,18,5400,26.618,86.7,37569.0,1,7.071,5.644
E,2,43,50,8,19,5700,31.23,91.7,32020.2,1,7.071,5.644
E,2,43,50,8,20,6000,30.138,91.5,33180.3,1,7.071,5.644
E,2,43,50,8,21,6300,10.064,43.4,99367.3,1,7.071,5.644
E,2,43,50,8,22,6600,8.933,45.0,111948.7,1,7.071,5.644
E,2,43,50,8,23,6900,9.531,43.6,104924.5,1,7.071,5.644
E,2,43,50,8,24,7200,9.585,42.9,104326.1,1,7.071,5.644
E,2,43,50,8,25,7500,11.599,43.7,86214.3,1,7.071,5.644
E,2,43,50,8,26,7800,12.691,44.2,78798.1,1,7.071,5.644
E,2,43,50,8,27,8100,13.414,45.2,74550.8,1,7.071,5.644
E,2,43,50,8,28,8400,13.451,43.9,74343.9,1,7.071,5.644
E,2,43,50,8,29,8700,15.588,50.6,64151.9,1,7.071,5.644
E,2,43,50,8,30,9000,14.861,49.4,67291.7,1,7.071,5.644
E,2,43,50,8,31,9300,22.339,53.6,44765.4,1,7.071,5.644
E,2,43,50,8,32,9600,19.078,59.2,52415.5,1,7.071,5.644
E,2,43,50,8,33,9900,20.332,63.3,49182.7,1,7.071,5.644
E,2,43,50,8,34,10200,20.56,69.8,48638.1,1,7.071,5.644
E,2,43,50,8,35,10500,22.665,74.6,44120.2,1,7.071,5.644
E,2,43,50,8,36,10800,22.98,77.4,43516.7,1,7.071,5.644
E,2,43,50,8,37,11100,21.547,86.0,46410.9,1,7.071,5.644
E,2,43,50,8,38,11400,24.065,87.2,41553.6,1,7.071,5.644
E,2,43,50,8,39,11700,24.376,94.8,41024.5,1,7.071,5.644
E,2,43,50,8,40,12000,25.802,98.6,38757.2,1,7.071,5.644
E,2,43,50,10,1,300,19.405,41.6,51534.0,1,7.071,5.644
E,2,43,50,10,2,600,7.154,44.1,139788.5,1,7.071,5.644
E,2,43,50,10,3,900,8.628,43.8,115901.7,1,7.071,5.644
E,2,43,50,10,4,1200,9.764,48.0,102420.5,1,7.071,5.644
E,2,43,50,10,5,1500,10.868,44.2,92016.1,1,7.071,5.644
E,2,43,50,10,6,1800,11.086,43.5,90203.8,1,7.071,5.644
E,2,43,50,10,7,2100,11.134,40.1,89815.0,1,7.071,5.644
E,2,43,50,10,8,2400,12.482,36.7,80117.5,1,7.071,5.644
E,2,43,50,10,9,2700,14.38,41.9,69539.4,1,7.071,5.644
E,2,43,50,10,10,3000,20.688,47.2,48336.4,1,7.071,5.644
E,2,43,50,10,11,3300,17.279,53.7,57872.6,1,7.071,5.644
E,2,43,50,10,12,3600,19.749,59.9,50634.6,1,7.071,5.644
E,2,43,50,10,13,3900,20.183,61.2,49546.7,1,7.071,5.644
E,2,43,50,10,14,4200,21.834,68.4,45800.1,1,7.071,5.644
E,2,43,50,10,15,4500,22.869,70.2,43728.0,1,7.071,5.644
E,2,43,50,10,16,4800,23.952,80.3,41750.7,1,7.071,5.644
E,2,43,50,10,17,5100,25.168,79.4,39733.0,1,7.071,5.644
E,2,43,50,10,18,5400,27.21,87.0,36751.6,1,7.071,5.644
E,2,43,50,10,19,5700,30.507,89.2,32779.7,1,7.071,5.644
E,2,43,50,10,20,6000,31.217,128.4,32033.5,1,7.071,5.644
E,2,43,50,10,21,6300,9.785,43.2,102200.7,1,7.071,5.644
E,2,43,50,10,22,6600,8.898,44.1,112389.0,1,7.071,5.644
E,2,43,50,10,23,6900,10.207,49.2,97968.8,1,7.071,5.644
E,2,43,50,10,24,7200,12.68,46.2,78864.4,1,7.071,5.644
E,2,43,50,10,25,7500,11.278,43.3,88670.8,1,7.071,5.644
E,2,43,50,10,26,7800,12.417,44.4,80532.6,1,7.071,5.644
E,2,43,50,10,27,8100,14.001,56.4,71425.2,1,7.071,5.644
E,2,43,50,10,28,8400,13.438,43.2,74417.7,1,7.071,5.644
E,2,43,50,10,29,8700,14.901,43.6,67108.1,1,7.071,5.644
E,2,43,50,10,30,9000,15.208,50.1,65753.4,1,7.071,5.644
E,2,43,50,10,31,9300,22.53,57.3,44384.6,1,7.071,5.644
E,2,43,50,10,32,9600,18.086,57.9,55291.4,1,7.071,5.644
E,2,43,50,10,33,9900,20.765,64.1,48158.0,1,7.071,5.644
E,2,43,50,10,34,10200,20.349,68.1,49143.3,1,7.071,5.644
E,2,43,50,10,35,10500,23.58,75.2,42409.4,1,7.071,5.644
E,2,43,50,10,36,10800,23.099,79.4,43291.3,1,7.071,5.644
E,2,43,50,10,37,11100,21.487,83.5,46539.8,1,7.071,5.644
E,2,43,50,10,38,11400,24.166,88.1,41381.0,1,7.071,5.644
E,2,43,50,10,39,11700,24.155,96.9,41399.3,1,7.071,5.644
E,2,43,50,10,40,12000,26.014,98.6,38440.8,1,7.071,5.644
E,2,43,50,14,1,300,22.208,82.3,45028.8,1,7.071,5.644
E,2,43,50,14,2,600,5.869,45.4,170396.5,1,7.071,5.644
E,2,43,50,14,3,900,8.88,44.0,112616.8,1,7.071,5.644
E,2,43,50,14,4,1200,9.128,42.2,109553.0,1,7.071,5.644
E,2,43,50,14,5,1500,10.996,44.1,90942.2,1,7.071,5.644
E,2,43,50,14,6,1800,11.462,46.2,87247.4,1,7.071,5.644
E,2,43,50,14,7,2100,11.126,32.5,89879.6,1,7.071,5.644
E,2,43,50,14,8,2400,12.608,37.1,79314.7,1,7.071,5.644
E,2,43,50,14,9,2700,14.395,42.4,69470.2,1,7.071,5.644
E,2,43,50,14,10,3000,22.106,49.7,45235.9,1,7.071,5.644
E,2,43,50,14,11,3300,16.788,50.4,59567.5,1,7.071,5.644
E,2,43,50,14,12,3600,20.364,65.5,49105.5,1,7.071,5.644
E,2,43,50,14,13,3900,20.603,61.7,48535.8,1,7.071,5.644
E,2,43,50,14,14,4200,21.325,69.0,46894.1,1,7.071,5.644
E,2,43,50,14,15,4500,23.87,81.0,41893.6,1,7.071,5.644
E,2,43,50,14,16,4800,23.408,75.4,42720.4,1,7.071,5.644
E,2,43,50,14,17,5100,26.324,90.1,37987.7,1,7.071,5.644
E,2,43,50,14,18,5400,26.583,87.3,37617.6,1,7.071,5.644
E,2,43,50,14,19,5700,31.554,90.8,31692.0,1,7.071,5.644
E,2,43,50,14,20,6000,32.352,91.9,30910.0,1,7.071,5.644
E,2,43,50,14,21,6300,10.275,44.3,97326.8,1,7.071,5.644
E,2,43,50,14,22,6600,9.061,44.9,110367.1,1,7.071,5.644
E,2,43,50,14,23,6900,9.817,44.6,101864.1,1,7.071,5.644
E,2,43,50,14,24,7200,10.433,45.7,95846.6,1,7.071,5.644
E,2,43,50,14,25,7500,11.809,44.7,84678.8,1,7.071,5.644
E,2,43,50,14,26,7800,12.658,44.3,78999.3,1,7.071,5.644
E,2,43,50,14,27,8100,13.703,48.8,72978.5,1,7.071,5.644
E,2,43,50,14,28,8400,14.38,46.3,69539.4,1,7.071,5.644
E,2,43,50,14,29,8700,15.261,45.1,65526.5,1,7.071,5.644
E,2,43,50,14,30,9000,15.033,49.8,66520.3,1,7.071,5.644
E,2,43,50,14,31,9300,23.677,57.8,42235.1,1,7.071,5.644
E,2,43,50,14,32,9600,18.575,59.3,53836.8,1,7.071,5.644
E,2,43,50,14,33,9900,21.514,64.1,46481.4,1,7.071,5.644
E,2,43,50,14,34,10200,20.764,68.5,48160.3,1,7.071,5.644
E,2,43,50,14,35,10500,23.019,74.9,43443.0,1,7.071,5.644
E,2,43,50,14,36,10800,23.7,79.7,42194.1,1,7.071,5.644
E,2,43,50,14,37,11100,21.259,83.7,47038.9,1,7.071,5.644
E,2,43,50,14,38,11400,25.635,89.7,39009.2,1,7.071,5.644
E,2,43,50,14,39,11700,23.883,93.2,41870.2,1,7.071,5.644
E,2,43,50,14,40,12000,26.897,99.6,37179.3,1,7.071,5.644
E,2,43,50,20,1,300,21.003,45.6,47613.0,1,7.071,5.644
E,2,43,50,20,2,600,7.438,43.9,134450.8,1,7.071,5.644
E,2,43,50,20,3,900,9.0,43.8,111115.2,1,7.071,5.644
E,2,43,50,20,4,1200,9.114,42.1,109717.3,1,7.071,5.644
E,2,43,50,20,5,1500,11.042,44.3,90560.6,1,7.071,5.644
E,2,43,50,20,6,1800,12.138,47.5,82385.9,1,7.071,5.644
E,2,43,50,20,7,2100,11.185,32.2,89408.1,1,7.071,5.644
E,2,43,50,20,8,2400,12.643,37.2,79097.2,1,7.071,5.644
E,2,43,50,20,9,2700,14.433,42.6,69285.7,1,7.071,5.644
E,2,43,50,20,10,3000,21.672,49.6,46143.2,1,7.071,5.644
E,2,43,50,20,11,3300,17.132,50.6,58369.2,1,7.071,5.644
E,2,43,50,20,12,3600,20.433,69.3,48941.2,1,7.071,5.644
E,2,43,50,20,13,3900,20.687,61.9,48340.3,1,7.071,5.644
E,2,43,50,20,14,4200,21.858,67.0,45750.5,1,7.071,5.644
E,2,43,50,20,15,4500,23.337,74.2,42849.8,1,7.071,5.644
E,2,43,50,20,16,4800,23.858,76.8,41914.7,1,7.071,5.644
E,2,43,50,20,17,5100,25.967,80.5,38510.9,1,7.071,5.644
E,2,43,50,20,18,5400,27.524,88.9,36331.9,1,7.071,5.644
E,2,43,50,20,19,5700,31.079,92.2,32175.7,1,7.071,5.644
E,2,43,50,20,20,6000,32.376,92.4,30886.8,1,7.071,5.644
E,2,43,50,20,21,6300,10.144,43.7,98583.7,1,7.071,5.644
E,2,43,50,20,22,6600,9.087,43.7,110043.3,1,7.071,5.644
E,2,43,50,20,23,6900,9.795,43.8,102096.4,1,7.071,5.644
E,2,43,50,20,24,7200,10.695,57.2,93501.6,1,7.071,5.644
E,2,43,50,20,25,7500,11.477,44.2,87133.3,1,7.071,5.644
E,2,43,50,20,26,7800,12.668,44.1,78937.0,1,7.071,5.644
E,2,43,50,20,27,8100,13.727,44.9,72850.9,1,7.071,5.644
E,2,43,50,20,28,8400,14.516,45.0,68891.1,1,7.071,5.644
E,2,43,50,20,29,8700,15.246,45.0,65592.4,1,7.071,5.644
E,2,43,50,20,30,9000,15.087,49.6,66282.2,1,7.071,5.644
E,2,43,50,20,31,9300,23.131,53.9,43231.4,1,7.071,5.644
E,2,43,50,20,32,9600,18.515,59.2,54009.3,1,7.071,5.644
E,2,43,50,20,33,9900,20.634,63.9,48462.9,1,7.071,5.644
E,2,43,50,20,34,10200,20.528,68.3,48714.7,1,7.071,5.644
E,2,43,50,20,35,10500,23.406,79.7,42724.1,1,7.071,5.644
E,2,43,50,20,36,10800,23.417,78.1,42704.6,1,7.071,5.644
E,2,43,50,20,37,11100,21.134,83.9,47316.4,1,7.071,5.644
E,2,43,50,20,38,11400,24.879,88.9,40194.5,1,7.071,5.644
E,2,43,50,20,39,11700,23.705,93.2,42184.6,1,7.071,5.644
E,2,43,50,20,40,12000,26.75,99.1,37382.7,1,7.071,5.644
E,2,43,100,2,1,300,20.391,69.2,49040.4,1,10.0,6.644
E,2,43,100,2,2,600,9.446,15.8,105864.9,1,10.0,6.644
E,2,43,100,2,3,900,11.862,27.1,84302.8,1,10.0,6.644
E,2,43,100,2,4,1200,13.424,25.3,74493.4,1,10.0,6.644
E,2,43,100,2,5,1500,15.661,32.2,63854.2,1,10.0,6.644
E,2,43,100,2,6,1800,17.667,40.1,56602.7,1,10.0,6.644
E,2,43,100,2,7,2100,12.811,67.3,78060.0,1,10.0,6.644
E,2,43,100,2,8,2400,12.131,20.3,82433.4,1,10.0,6.644
E,2,43,100,2,9,2700,14.316,25.9,69851.9,1,10.0,6.644
E,2,43,100,2,10,3000,20.46,41.6,48876.7,1,10.0,6.644
E,2,43,100,2,11,3300,16.819,27.6,59457.8,1,10.0,6.644
E,2,43,100,2,12,3600,19.358,36.5,51658.2,1,10.0,6.644
E,2,43,100,2,13,3900,20.372,39.0,49087.8,1,10.0,6.644
E,2,43,100,2,14,4200,22.368,43.9,44706.1,1,10.0,6.644
E,2,43,100,2,15,4500,25.11,58.3,39824.2,1,10.0,6.644
E,2,43,100,2,16,4800,25.93,58.4,38565.9,1,10.0,6.644
E,2,43,100,2,17,5100,28.997,61.6,34486.7,1,10.0,6.644
E,2,43,100,2,18,5400,31.643,68.2,31602.2,1,10.0,6.644
E,2,43,100,2,19,5700,20.794,66.9,48090.8,1,10.0,6.644
E,2,43,100,2,20,6000,17.8,72.2,56178.7,1,10.0,6.644
E,2,43,100,2,21,6300,9.661,44.0,103508.9,1,10.0,6.644
E,2,43,100,2,22,6600,9.314,22.8,107365.3,1,10.0,6.644
E,2,43,100,2,23,6900,9.823,21.5,101805.4,1,10.0,6.644
E,2,43,100,2,24,7200,10.357,22.5,96556.2,1,10.0,6.644
E,2,43,100,2,25,7500,11.648,28.5,85854.1,1,10.0,6.644
E,2,43,100,2,26,7800,12.791,36.7,78177.9,1,10.0,6.644
E,2,43,100,2,27,8100,12.433,29.0,80429.0,1,10.0,6.644
E,2,43,100,2,28,8400,13.072,27.0,76497.4,1,10.0,6.644
E,2,43,100,2,29,8700,14.169,32.0,70578.3,1,10.0,6.644
E,2,43,100,2,30,9000,14.784,35.0,67640.7,1,10.0,6.644
E,2,43,100,2,31,9300,11.327,25.5,88284.6,1,10.0,6.644
E,2,43,100,2,32,9600,6.584,22.7,151875.7,1,10.0,6.644
E,2,43,100,2,33,9900,8.452,36.6,118319.8,1,10.0,6.644
E,2,43,100,2,34,10200,9.791,29.3,102134.6,1,10.0,6.644
E,2,43,100,2,35,10500,11.027,30.7,90686.5,1,10.0,6.644
E,2,43,100,2,36,10800,12.368,28.2,80851.6,1,10.0,6.644
E,2,43,100,2,37,11100,13.2,31.7,75755.7,1,10.0,6.644
E,2,43,100,2,38,11400,14.792,39.7,67604.1,1,10.0,6.644
E,2,43,100,2,39,11700,16.06,37.9,62265.2,1,10.0,6.644
E,2,43,100,2,40,12000,17.089,42.9,58516.0,1,10.0,6.644
E,2,43,100,3,1,300,21.462,78.8,46594.7,1,10.0,6.644
E,2,43,100,3,2,600,9.419,29.3,106168.3,1,10.0,6.644
E,2,43,100,3,3,900,10.651,19.9,93890.8,1,10.0,6.644
E,2,43,100,3,4,1200,12.327,24.5,81124.9,1,10.0,6.644
E,2,43,100,3,5,1500,15.426,49.3,64827.0,1,10.0,6.644
E,2,43,100,3,6,1800,16.584,39.9,60297.9,1,10.0,6.644
E,2,43,100,3,7,2100,12.081,68.4,82774.6,1,10.0,6.644
E,2,43,100,3,8,2400,10.827,19.0,92358.8,1,10.0,6.644
E,2,43,100,3,9,2700,13.504,27.2,74052.1,1,10.0,6.644
E,2,43,100,3,10,3000,18.538,32.3,53942.3,1,10.0,6.644
E,2,43,100,3,11,3300,13.019,24.7,76810.8,1,10.0,6.644
E,2,43,100,3,12,3600,15.722,36.8,63605.1,1,10.0,6.644
E,2,43,100,3,13,3900,16.739,38.4,59739.5,1,10.0,6.644
E,2,43,100,3,14,4200,18.34,43.9,54524.6,1,10.0,6.644
E,2,43,100,3,15,4500,20.869,64.6,47917.2,1,10.0,6.644
E,2,43,100,3,16,4800,21.498,53.2,46515.2,1,10.0,6.644
E,2,43,100,3,17,5100,24.437,57.9,40921.5,1,10.0,6.644
E,2,43,100,3,18,5400,26.059,63.9,38374.5,1,10.0,6.644
E,2,43,100,3,19,5700,19.475,69.5,51347.9,1,10.0,6.644
E,2,43,100,3,20,6000,16.874,72.2,59263.9,1,10.0,6.644
E,2,43,100,3,21,6300,8.499,22.0,117660.9,1,10.0,6.644
E,2,43,100,3,22,6600,8.881,21.9,112595.7,1,10.0,6.644
E,2,43,100,3,23,6900,9.364,20.8,106788.2,1,10.0,6.644
E,2,43,100,3,24,7200,10.027,22.4,99730.7,1,10.0,6.644
E,2,43,100,3,25,7500,10.721,22.9,93274.9,1,10.0,6.644
E,2,43,100,3,26,7800,11.392,27.0,87778.3,1,10.0,6.644
E,2,43,100,3,27,8100,12.096,36.8,82669.7,1,10.0,6.644
E,2,43,100,3,28,8400,12.581,30.6,79484.9,1,10.0,6.644
E,2,43,100,3,29,8700,12.945,30.3,77249.9,1,10.0,6.644
E,2,43,100,3,30,9000,13.823,35.3,72344.9,1,10.0,6.644
E,2,43,100,3,31,9300,10.502,43.8,95217.0,1,10.0,6.644
E,2,43,100,3,32,9600,5.91,22.5,169195.2,1,10.0,6.644
E,2,43,100,3,33,9900,7.213,23.2,138638.6,1,10.0,6.644
E,2,43,100,3,34,10200,8.7,27.4,114938.1,1,10.0,6.644
E,2,43,100,3,35,10500,10.215,29.8,97892.1,1,10.0,6.644
E,2,43,100,3,36,10800,11.722,35.8,85309.7,1,10.0,6.644
E,2,43,100,3,37,11100,12.555,32.5,79649.5,1,10.0,6.644
E,2,43,100,3,38,11400,13.135,34.2,76130.5,1,10.0,6.644
E,2,43,100,3,39,11700,14.819,37.9,67479.4,1,10.0,6.644
E,2,43,100,3,40,12000,16.479,46.2,60683.3,1,10.0,6.644
E,2,43,100,4,1,300,21.967,84.9,45522.1,1,10.0,6.644
E,2,43,100,4,2,600,6.999,18.4,142884.3,1,10.0,6.644
E,2,43,100,4,3,900,8.769,18.8,114038.1,1,10.0,6.644
E,2,43,100,4,4,1200,10.254,22.8,97522.9,1,10.0,6.644
E,2,43,100,4,5,1500,12.666,29.7,78953.6,1,10.0,6.644
E,2,43,100,4,6,1800,15.543,46.9,64336.3,1,10.0,6.644
E,2,43,100,4,7,2100,10.489,67.8,95341.0,1,10.0,6.644
E,2,43,100,4,8,2400,8.62,17.6,116009.3,1,10.0,6.644
E,2,43,100,4,9,2700,10.596,23.7,94375.2,1,10.0,6.644
E,2,43,100,4,10,3000,16.43,60.7,60863.0,1,10.0,6.644
E,2,43,100,4,11,3300,9.085,16.8,110075.6,1,10.0,6.644
E,2,43,100,4,12,3600,9.955,17.7,100455.4,1,10.0,6.644
E,2,43,100,4,13,3900,10.877,21.6,91937.1,1,10.0,6.644
E,2,43,100,4,14,4200,12.776,32.2,78271.8,1,10.0,6.644
E,2,43,100,4,15,4500,13.343,26.6,74947.5,1,10.0,6.644
E,2,43,100,4,16,4800,14.374,28.5,69571.7,1,10.0,6.644
E,2,43,100,4,17,5100,15.441,32.0,64761.2,1,10.0,6.644
E,2,43,100,4,18,5400,15.518,33.6,64442.7,1,10.0,6.644
E,2,43,100,4,19,5700,15.361,66.4,65101.3,1,10.0,6.644
E,2,43,100,4,20,6000,15.195,77.8,65809.7,1,10.0,6.644
E,2,43,100,4,21,6300,7.903,22.9,126528.8,1,10.0,6.644
E,2,43,100,4,22,6600,8.115,22.1,123228.6,1,10.0,6.644
E,2,43,100,4,23,6900,7.93,21.4,126098.1,1,10.0,6.644
E,2,43,100,4,24,7200,8.754,22.2,114229.1,1,10.0,6.644
E,2,43,100,4,25,7500,9.312,22.0,107392.2,1,10.0,6.644
E,2,43,100,4,26,7800,10.29,35.0,97178.6,1,10.0,6.644
E,2,43,100,4,27,8100,10.169,25.4,98334.9,1,10.0,6.644
E,2,43,100,4,28,8400,10.407,23.4,96086.1,1,10.0,6.644
E,2,43,100,4,29,8700,10.618,26.0,94176.7,1,10.0,6.644
E,2,43,100,4,30,9000,11.849,47.9,84392.9,1,10.0,6.644
E,2,43,100,4,31,9300,9.235,20.2,108287.6,1,10.0,6.644
E,2,43,100,4,32,9600,5.212,14.8,191864.9,1,10.0,6.644
E,2,43,100,4,33,9900,6.128,13.8,163185.4,1,10.0,6.644
E,2,43,100,4,34,10200,7.765,16.9,128777.4,1,10.0,6.644
E,2,43,100,4,35,10500,9.062,21.7,110350.9,1,10.0,6.644
E,2,43,100,4,36,10800,10.342,23.4,96690.0,1,10.0,6.644
E,2,43,100,4,37,11100,11.351,29.0,88095.4,1,10.0,6.644
E,2,43,100,4,38,11400,11.673,33.8,85667.8,1,10.0,6.644
E,2,43,100,4,39,11700,13.772,40.0,72612.9,1,10.0,6.644
E,2,43,100,4,40,12000,15.184,45.9,65857.4,1,10.0,6.644
E,2,43,100,5,1,300,28.149,77.8,35524.8,1,10.0,6.644
E,2,43,100,5,2,600,6.942,24.2,144057.7,1,10.0,6.644
E,2,43,100,5,3,900,8.652,19.1,115584.7,1,10.0,6.644
E,2,43,100,5,4,1200,10.111,22.4,98902.2,1,10.0,6.644
E,2,43,100,5,5,1500,13.052,33.1,76618.6,1,10.0,6.644
E,2,43,100,5,6,1800,14.128,37.1,70781.4,1,10.0,6.644
E,2,43,100,5,7,2100,10.455,66.9,95645.0,1,10.0,6.644
E,2,43,100,5,8,2400,8.49,17.2,117785.6,1,10.0,6.644
E,2,43,100,5,9,2700,11.089,29.4,90176.7,1,10.0,6.644
E,2,43,100,5,10,3000,16.208,29.3,61696.7,1,10.0,6.644
E,2,43,100,5,11,3300,9.079,16.5,110144.3,1,10.0,6.644
E,2,43,100,5,12,3600,9.853,17.6,101488.5,1,10.0,6.644
E,2,43,100,5,13,3900,11.332,40.8,88245.7,1,10.0,6.644
E,2,43,100,5,14,4200,12.554,27.8,79658.0,1,10.0,6.644
E,2,43,100,5,15,4500,13.174,27.0,75907.1,1,10.0,6.644
E,2,43,100,5,16,4800,14.243,28.9,70209.9,1,10.0,6.644
E,2,43,100,5,17,5100,15.707,35.4,63665.9,1,10.0,6.644
E,2,43,100,5,18,5400,15.499,34.5,64520.3,1,10.0,6.644
E,2,43,100,5,19,5700,15.386,65.9,64994.2,1,10.0,6.644
E,2,43,100,5,20,6000,15.332,74.2,65223.0,1,10.0,6.644
E,2,43,100,5,21,6300,7.769,23.1,128716.7,1,10.0,6.644
E,2,43,100,5,22,6600,8.046,22.1,124290.5,1,10.0,6.644
E,2,43,100,5,23,6900,7.907,21.1,126475.6,1,10.0,6.644
E,2,43,100,5,24,7200,8.648,22.7,115633.7,1,10.0,6.644
E,2,43,100,5,25,7500,9.656,38.1,103559.0,1,10.0,6.644
E,2,43,100,5,26,7800,9.564,22.0,104555.1,1,10.0,6.644
E,2,43,100,5,27,8100,10.015,25.3,99846.9,1,10.0,6.644
E,2,43,100,5,28,8400,10.297,25.2,97115.6,1,10.0,6.644
E,2,43,100,5,29,8700,10.487,25.8,95353.1,1,10.0,6.644
E,2,43,100,5,30,9000,11.912,39.5,83949.0,1,10.0,6.644
E,2,43,100,5,31,9300,9.335,20.5,107123.7,1,10.0,6.644
E,2,43,100,5,32,9600,5.127,14.9,195045.8,1,10.0,6.644
E,2,43,100,5,33,9900,6.047,14.2,165371.3,1,10.0,6.644
E,2,43,100,5,34,10200,7.584,16.9,131850.7,1,10.0,6.644
E,2,43,100,5,35,10500,10.395,61.1,96200.1,1,10.0,6.644
E,2,43,100,5,36,10800,9.919,22.8,100816.6,1,10.0,6.644
E,2,43,100,5,37,11100,11.333,28.9,88235.3,1,10.0,6.644
E,2,43,100,5,38,11400,11.603,34.0,86182.1,1,10.0,6.644
E,2,43,100,5,39,11700,14.412,51.9,69385.0,1,10.0,6.644
E,2,43,100,5,40,12000,14.538,43.6,68783.7,1,10.0,6.644
E,2,43,100,6,1,300,23.049,88.6,43386.5,1,10.0,6.644
E,2,43,100,6,2,600,6.967,17.8,143533.8,1,10.0,6.644
E,2,43,100,6,3,900,8.754,18.6,114237.8,1,10.0,6.644
E,2,43,100,6,4,1200,10.184,22.5,98193.3,1,10.0,6.644
E,2,43,100,6,5,1500,13.451,30.7,74345.7,1,10.0,6.644
E,2,43,100,6,6,1800,14.249,37.2,70182.0,1,10.0,6.644
E,2,43,100,6,7,2100,10.377,68.0,96363.9,1,10.0,6.644
E,2,43,100,6,8,2400,8.536,16.4,117146.3,1,10.0,6.644
E,2,43,100,6,9,2700,11.38,33.2,87873.5,1,10.0,6.644
E,2,43,100,6,10,3000,15.919,29.5,62816.7,1,10.0,6.644
E,2,43,100,6,11,3300,7.954,17.4,125722.9,1,10.0,6.644
E,2,43,100,6,12,3600,8.758,17.3,114185.7,1,10.0,6.644
E,2,43,100,6,13,3900,10.196,36.8,98077.7,1,10.0,6.644
E,2,43,100,6,14,4200,11.223,26.1,89102.7,1,10.0,6.644
E,2,43,100,6,15,4500,11.847,26.2,84411.9,1,10.0,6.644
E,2,43,100,6,16,4800,12.631,28.5,79172.4,1,10.0,6.644
E,2,43,100,6,17,5100,13.944,31.9,71713.7,1,10.0,6.644
E,2,43,100,6,18,5400,13.666,32.6,73176.1,1,10.0,6.644
E,2,43,100,6,19,5700,15.013,66.5,66608.9,1,10.0,6.644
E,2,43,100,6,20,6000,15.29,72.0,65403.6,1,10.0,6.644
E,2,43,100,6,21,6300,7.923,23.0,126220.1,1,10.0,6.644
E,2,43,100,6,22,6600,7.936,22.1,126013.3,1,10.0,6.644
E,2,43,100,6,23,6900,7.862,20.9,127199.5,1,10.0,6.644
E,2,43,100,6,24,7200,8.733,22.6,114512.5,1,10.0,6.644
E,2,43,100,6,25,7500,9.21,21.8,108577.6,1,10.0,6.644
E,2,43,100,6,26,7800,10.264,49.1,97431.1,1,10.0,6.644
E,2,43,100,6,27,8100,9.988,25.0,100120.1,1,10.0,6.644
E,2,43,100,6,28,8400,10.45,23.6,95693.8,1,10.0,6.644
E,2,43,100,6,29,8700,10.491,26.0,95319.8,1,10.0,6.644
E,2,43,100,6,30,9000,12.231,38.4,81761.7,1,10.0,6.644
E,2,43,100,6,31,9300,9.975,24.3,100254.0,1,10.0,6.644
E,2,43,100,6,32,9600,5.155,15.2,193986.4,1,10.0,6.644
E,2,43,100,6,33,9900,6.038,14.3,165608.6,1,10.0,6.644
E,2,43,100,6,34,10200,7.687,17.1,130089.8,1,10.0,6.644
E,2,43,100,6,35,10500,9.082,21.9,110103.9,1,10.0,6.644
E,2,43,100,6,36,10800,10.422,24.0,95953.9,1,10.0,6.644
E,2,43,100,6,37,11100,11.39,29.4,87796.3,1,10.0,6.644
E,2,43,100,6,38,11400,11.635,34.1,85947.6,1,10.0,6.644
E,2,43,100,6,39,11700,13.747,38.1,72741.4,1,10.0,6.644
E,2,43,100,6,40,12000,14.863,46.0,67282.7,1,10.0,6.644
E,2,43,100,8,1,300,20.842,71.8,47980.0,1,10.0,6.644
E,2,43,100,8,2,600,6.585,17.4,151868.0,1,10.0,6.644
E,2,43,100,8,3,900,8.16,17.8,122549.0,1,10.0,6.644
E,2,43,100,8,4,1200,9.639,21.8,103748.8,1,10.0,6.644
E,2,43,100,8,5,1500,11.917,28.3,83916.1,1,10.0,6.644
E,2,43,100,8,6,1800,13.352,35.6,74895.2,1,10.0,6.644
E,2,43,100,8,7,2100,9.947,67.6,100529.5,1,10.0,6.644
E,2,43,100,8,8,2400,8.578,29.3,116572.8,1,10.0,6.644
E,2,43,100,8,9,2700,10.047,22.4,99528.9,1,10.0,6.644
E,2,43,100,8,10,3000,14.337,28.0,69748.0,1,10.0,6.644
E,2,43,100,8,11,3300,6.139,12.9,162884.2,1,10.0,6.644
E,2,43,100,8,12,3600,6.622,13.7,151004.1,1,10.0,6.644
E,2,43,100,8,13,3900,7.964,24.1,125570.3,1,10.0,6.644
E,2,43,100,8,14,4200,7.73,17.0,129366.1,1,10.0,6.644
E,2,43,100,8,15,4500,8.452,16.2,118319.9,1,10.0,6.644
E,2,43,100,8,16,4800,8.928,18.2,112003.0,1,10.0,6.644
E,2,43,100,8,17,5100,8.746,17.7,114338.0,1,10.0,6.644
E,2,43,100,8,18,5400,9.457,27.2,105738.1,1,10.0,6.644
E,2,43,100,8,19,5700,12.996,65.0,76948.7,1,10.0,6.644
E,2,43,100,8,20,6000,13.939,71.8,71742.9,1,10.0,6.644
E,2,43,100,8,21,6300,7.409,22.0,134971.0,1,10.0,6.644
E,2,43,100,8,22,6600,7.572,21.7,132071.3,1,10.0,6.644
E,2,43,100,8,23,6900,7.906,23.0,126486.2,1,10.0,6.644
E,2,43,100,8,24,7200,7.895,22.3,126667.8,1,10.0,6.644
E,2,43,100,8,25,7500,8.32,21.9,120197.1,1,10.0,6.644
E,2,43,100,8,26,7800,12.241,22.3,81690.4,1,10.0,6.644
E,2,43,100,8,27,8100,9.029,23.6,110750.2,1,10.0,6.644
E,2,43,100,8,28,8400,10.161,24.2,98412.3,1,10.0,6.644
E,2,43,100,8,29,8700,9.157,22.5,109206.1,1,10.0,6.644
E,2,43,100,8,30,9000,10.016,26.6,99836.9,1,10.0,6.644
E,2,43,100,8,31,9300,8.943,19.7,111815.1,1,10.0,6.644
E,2,43,100,8,32,9600,4.858,11.9,205846.0,1,10.0,6.644
E,2,43,100,8,33,9900,6.385,20.5,156608.9,1,10.0,6.644
E,2,43,100,8,34,10200,7.286,16.0,137255.8,1,10.0,6.644
E,2,43,100,8,35,10500,8.747,21.2,114320.5,1,10.0,6.644
E,2,43,100,8,36,10800,9.111,23.0,109753.4,1,10.0,6.644
E,2,43,100,8,37,11100,10.728,31.3,93214.0,1,10.0,6.644
E,2,43,100,8,38,11400,11.343,34.7,88162.7,1,10.0,6.644
E,2,43,100,8,39,11700,13.14,38.1,76105.4,1,10.0,6.644
E,2,43,100,8,40,12000,13.796,43.4,72486.5,1,10.0,6.644
E,2,43,100,10,1,300,21.566,71.7,46368.6,1,10.0,6.644
E,2,43,100,10,2,600,6.826,66.7,146505.8,1,10.0,6.644
E,2,43,100,10,3,900,8.265,18.5,120987.3,1,10.0,6.644
E,2,43,100,10,4,1200,9.589,21.4,104286.1,1,10.0,6.644
E,2,43,100,10,5,1500,13.077,40.1,76470.1,1,10.0,6.644
E,2,43,100,10,6,1800,13.585,36.3,73612.4,1,10.0,6.644
E,2,43,100,10,7,2100,10.056,66.7,99446.4,1,10.0,6.644
E,2,43,100,10,8,2400,8.0,17.9,125000.0,1,10.0,6.644
E,2,43,100,10,9,2700,10.414,23.9,96021.5,1,10.0,6.644
E,2,43,100,10,10,3000,14.706,28.3,67999.5,1,10.0,6.644
E,2,43,100,10,11,3300,6.265,13.9,159625.4,1,10.0,6.644
E,2,43,100,10,12,3600,6.764,13.1,147841.5,1,10.0,6.644
E,2,43,100,10,13,3900,7.383,16.6,135440.2,1,10.0,6.644
E,2,43,100,10,14,4200,8.446,54.1,118394.6,1,10.0,6.644
E,2,43,100,10,15,4500,8.527,16.0,117274.6,1,10.0,6.644
E,2,43,100,10,16,4800,8.962,17.5,111586.4,1,10.0,6.644
E,2,43,100,10,17,5100,8.876,18.1,112659.1,1,10.0,6.644
E,2,43,100,10,18,5400,9.335,19.0,107123.7,1,10.0,6.644
E,2,43,100,10,19,5700,13.652,65.0,73249.3,1,10.0,6.644
E,2,43,100,10,20,6000,14.313,76.8,69868.2,1,10.0,6.644
E,2,43,100,10,21,6300,7.51,23.0,133149.9,1,10.0,6.644
E,2,43,100,10,22,6600,7.711,22.3,129679.3,1,10.0,6.644
E,2,43,100,10,23,6900,7.428,22.3,134625.8,1,10.0,6.644
E,2,43,100,10,24,7200,9.018,28.9,110893.4,1,10.0,6.644
E,2,43,100,10,25,7500,8.534,23.2,117178.4,1,10.0,6.644
E,2,43,100,10,26,7800,9.084,22.3,110087.7,1,10.0,6.644
E,2,43,100,10,27,8100,8.997,24.5,111144.0,1,10.0,6.644
E,2,43,100,10,28,8400,9.385,22.5,106556.8,1,10.0,6.644
E,2,43,100,10,29,8700,10.064,34.9,99367.4,1,10.0,6.644
E,2,43,100,10,30,9000,10.123,25.5,98784.9,1,10.0,6.644
E,2,43,100,10,31,9300,9.279,20.7,107770.3,1,10.0,6.644
E,2,43,100,10,32,9600,4.809,12.0,207957.8,1,10.0,6.644
E,2,43,100,10,33,9900,5.78,13.2,173010.4,1,10.0,6.644
E,2,43,100,10,34,10200,7.234,16.1,138242.4,1,10.0,6.644
E,2,43,100,10,35,10500,8.982,27.2,111333.8,1,10.0,6.644
E,2,43,100,10,36,10800,9.088,23.1,110039.3,1,10.0,6.644
E,2,43,100,10,37,11100,10.775,29.5,92807.4,1,10.0,6.644
E,2,43,100,10,38,11400,10.873,34.3,91970.9,1,10.0,6.644
E,2,43,100,10,39,11700,13.378,42.0,74747.7,1,10.0,6.644
E,2,43,100,10,40,12000,13.671,43.5,73149.3,1,10.0,6.644
E,2,43,100,14,1,300,21.0,70.3,47619.0,1,10.0,6.644
E,2,43,100,14,2,600,6.726,17.3,148676.8,1,10.0,6.644
E,2,43,100,14,3,900,8.306,17.9,120399.8,1,10.0,6.644
E,2,43,100,14,4,1200,10.472,37.8,95492.8,1,10.0,6.644
E,2,43,100,14,5,1500,12.349,28.8,80978.2,1,10.0,6.644
E,2,43,100,14,6,1800,13.635,36.4,73338.9,1,10.0,6.644
E,2,43,100,14,7,2100,10.194,67.2,98093.7,1,10.0,6.644
E,2,43,100,14,8,2400,8.8,25.7,113632.1,1,10.0,6.644
E,2,43,100,14,9,2700,10.164,22.7,98383.2,1,10.0,6.644
E,2,43,100,14,10,3000,14.631,28.4,68348.0,1,10.0,6.644
E,2,43,100,14,11,3300,5.543,12.9,180418.6,1,10.0,6.644
E,2,43,100,14,12,3600,5.921,13.7,168880.9,1,10.0,6.644
E,2,43,100,14,13,3900,6.559,39.9,152470.0,1,10.0,6.644
E,2,43,100,14,14,4200,7.331,20.2,136413.2,1,10.0,6.644
E,2,43,100,14,15,4500,7.344,15.8,136171.7,1,10.0,6.644
E,2,43,100,14,16,4800,7.4,17.5,135129.1,1,10.0,6.644
E,2,43,100,14,17,5100,7.306,16.5,136873.8,1,10.0,6.644
E,2,43,100,14,18,5400,7.512,17.0,133114.4,1,10.0,6.644
E,2,43,100,14,19,5700,14.195,67.3,70447.3,1,10.0,6.644
E,2,43,100,14,20,6000,15.124,73.0,66120.1,1,10.0,6.644
E,2,43,100,14,21,6300,7.846,24.4,127458.9,1,10.0,6.644
E,2,43,100,14,22,6600,7.902,22.5,126555.6,1,10.0,6.644
E,2,43,100,14,23,6900,7.526,21.4,132878.6,1,10.0,6.644
E,2,43,100,14,24,7200,9.002,29.5,111086.4,1,10.0,6.644
E,2,43,100,14,25,7500,8.52,22.2,117370.9,1,10.0,6.644
E,2,43,100,14,26,7800,9.07,25.5,110249.5,1,10.0,6.644
E,2,43,100,14,27,8100,9.096,23.5,109934.4,1,10.0,6.644
E,2,43,100,14,28,8400,9.432,22.8,106025.8,1,10.0,6.644
E,2,43,100,14,29,8700,10.027,27.2,99734.0,1,10.0,6.644
E,2,43,100,14,30,9000,10.381,26.0,96329.8,1,10.0,6.644
E,2,43,100,14,31,9300,9.341,21.5,107051.1,1,10.0,6.644
E,2,43,100,14,32,9600,4.821,12.1,207411.5,1,10.0,6.644
E,2,43,100,14,33,9900,5.734,11.7,174408.5,1,10.0,6.644
E,2,43,100,14,34,10200,7.253,17.4,137880.3,1,10.0,6.644
E,2,43,100,14,35,10500,9.167,28.7,109090.9,1,10.0,6.644
E,2,43,100,14,36,10800,9.079,23.3,110148.3,1,10.0,6.644
E,2,43,100,14,37,11100,10.757,29.6,92965.6,1,10.0,6.644
E,2,43,100,14,38,11400,10.897,34.5,91771.2,1,10.0,6.644
E,2,43,100,14,39,11700,13.512,64.9,74010.1,1,10.0,6.644
E,2,43,100,14,40,12000,13.722,43.6,72873.9,1,10.0,6.644
E,2,43,100,20,1,300,25.637,72.0,39006.1,1,10.0,6.644
E,2,43,100,20,2,600,6.576,17.2,152068.1,1,10.0,6.644
E,2,43,100,20,3,900,8.292,18.3,120598.2,1,10.0,6.644
E,2,43,100,20,4,1200,9.493,21.4,105344.4,1,10.0,6.644
E,2,43,100,20,5,1500,12.41,31.6,80580.2,1,10.0,6.644
E,2,43,100,20,6,1800,13.474,36.1,74215.2,1,10.0,6.644
E,2,43,100,20,7,2100,10.106,69.0,98951.1,1,10.0,6.644
E,2,43,100,20,8,2400,7.931,16.7,126092.8,1,10.0,6.644
E,2,43,100,20,9,2700,9.866,22.3,101354.8,1,10.0,6.644
E,2,43,100,20,10,3000,14.989,51.6,66717.1,1,10.0,6.644
E,2,43,100,20,11,3300,5.429,13.1,184207.3,1,10.0,6.644
E,2,43,100,20,12,3600,5.603,13.7,178486.4,1,10.0,6.644
E,2,43,100,20,13,3900,6.037,16.7,165636.1,1,10.0,6.644
E,2,43,100,20,14,4200,6.326,13.5,158069.4,1,10.0,6.644
E,2,43,100,20,15,4500,6.608,14.2,151331.7,1,10.0,6.644
E,2,43,100,20,16,4800,7.667,24.6,130429.1,1,10.0,6.644
E,2,43,100,20,17,5100,6.77,12.3,147710.5,1,10.0,6.644
E,2,43,100,20,18,5400,6.803,12.9,147001.2,1,10.0,6.644
E,2,43,100,20,19,5700,12.907,66.3,77479.3,1,10.0,6.644
E,2,43,100,20,20,6000,15.733,91.4,63559.3,1,10.0,6.644
E,2,43,100,20,21,6300,7.776,23.7,128600.8,1,10.0,6.644
E,2,43,100,20,22,6600,7.805,23.1,128128.5,1,10.0,6.644
E,2,43,100,20,23,6900,7.151,21.6,139847.1,1,10.0,6.644
E,2,43,100,20,24,7200,7.686,22.9,130112.3,1,10.0,6.644
E,2,43,100,20,25,7500,7.958,22.2,125665.0,1,10.0,6.644
E,2,43,100,20,26,7800,9.317,35.3,107330.7,1,10.0,6.644
E,2,43,100,20,27,8100,8.62,23.5,116009.3,1,10.0,6.644
E,2,43,100,20,28,8400,8.584,22.2,116491.3,1,10.0,6.644
E,2,43,100,20,29,8700,8.353,20.5,119722.2,1,10.0,6.644
E,2,43,100,20,30,9000,8.806,23.8,113563.2,1,10.0,6.644
E,2,43,100,20,31,9300,9.397,20.9,106420.7,1,10.0,6.644
E,2,43,100,20,32,9600,4.92,14.4,203252.1,1,10.0,6.644
E,2,43,100,20,33,9900,5.719,12.3,174866.0,1,10.0,6.644
E,2,43,100,20,34,10200,7.052,16.1,141810.5,1,10.0,6.644
E,2,43,100,20,35,10500,8.846,22.5,113045.5,1,10.0,6.644
E,2,43,100,20,36,10800,9.057,23.7,110415.9,1,10.0,6.644
E,2,43,100,20,37,11100,11.412,37.8,87627.1,1,10.0,6.644
E,2,43,100,20,38,11400,11.167,35.6,89549.6,1,10.0,6.644
E,2,43,100,20,39,11700,13.005,38.6,76895.5,1,10.0,6.644
E,2,43,100,20,40,12000,13.567,44.0,73706.4,1,10.0,6.644
E,2,43,175,2,1,300,20.129,36.1,49678.7,2,13.229,7.451
E,2,43,175,2,2,600,13.152,33.0,76032.1,2,13.229,7.451
E,2,43,175,2,3,900,15.067,30.9,66368.7,2,13.229,7.451
E,2,43,175,2,4,1200,15.628,27.9,63987.7,2,13.229,7.451
E,2,43,175,2,5,1500,17.316,33.7,57748.9,2,13.229,7.451
E,2,43,175,2,6,1800,19.601,45.1,51018.7,2,13.229,7.451
E,2,43,175,2,7,2100,20.028,43.9,49929.3,2,13.229,7.451
E,2,43,175,2,8,2400,22.231,51.8,44981.6,2,13.229,7.451
E,2,43,175,2,9,2700,23.361,58.2,42807.0,2,13.229,7.451
E,2,43,175,2,10,3000,28.073,64.6,35621.0,2,13.229,7.451
E,2,43,175,2,11,3300,26.342,68.1,37962.2,2,13.229,7.451
E,2,43,175,2,12,3600,29.218,90.7,34225.9,2,13.229,7.451
E,2,43,175,2,13,3900,30.483,82.3,32805.5,2,13.229,7.451
E,2,43,175,2,14,4200,31.761,92.3,31485.5,2,13.229,7.451
E,2,43,175,2,15,4500,34.624,99.2,28881.4,2,13.229,7.451
E,2,43,175,2,16,4800,33.416,99.1,29925.5,2,13.229,7.451
E,2,43,175,2,17,5100,38.434,110.5,26018.4,2,13.229,7.451
E,2,43,175,2,18,5400,38.946,113.2,25676.6,2,13.229,7.451
E,2,43,175,2,19,5700,43.539,119.8,22967.9,2,13.229,7.451
E,2,43,175,2,20,6000,38.264,124.2,26134.0,2,13.229,7.451
E,2,43,175,2,21,6300,11.003,33.1,90887.1,2,13.229,7.451
E,2,43,175,2,22,6600,11.357,18.1,88054.0,2,13.229,7.451
E,2,43,175,2,23,6900,12.857,23.3,77776.6,2,13.229,7.451
E,2,43,175,2,24,7200,13.592,27.5,73574.5,2,13.229,7.451
E,2,43,175,2,25,7500,16.237,40.7,61587.7,2,13.229,7.451
E,2,43,175,2,26,7800,17.169,38.9,58243.4,2,13.229,7.451
E,2,43,175,2,27,8100,19.99,58.2,50025.0,2,13.229,7.451
E,2,43,175,2,28,8400,20.576,53.8,48599.5,2,13.229,7.451
E,2,43,175,2,29,8700,22.406,56.1,44631.6,2,13.229,7.451
E,2,43,175,2,30,9000,23.006,64.7,43466.3,2,13.229,7.451
E,2,43,175,2,31,9300,29.364,67.2,34054.9,2,13.229,7.451
E,2,43,175,2,32,9600,26.226,77.4,38129.6,2,13.229,7.451
E,2,43,175,2,33,9900,27.982,79.6,35737.3,2,13.229,7.451
E,2,43,175,2,34,10200,28.186,85.6,35479.0,2,13.229,7.451
E,2,43,175,2,35,10500,32.301,101.6,30959.1,2,13.229,7.451
E,2,43,175,2,36,10800,33.227,96.2,30095.7,2,13.229,7.451
E,2,43,175,2,37,11100,32.69,101.4,30590.1,2,13.229,7.451
E,2,43,175,2,38,11400,36.352,107.6,27509.1,2,13.229,7.451
E,2,43,175,2,39,11700,34.335,110.9,29124.8,2,13.229,7.451
E,2,43,175,2,40,12000,39.544,121.2,25288.3,2,13.229,7.451
E,2,43,175,3,1,300,20.365,34.5,49103.0,2,13.229,7.451
E,2,43,175,3,2,600,11.878,31.0,84186.9,2,13.229,7.451
E,2,43,175,3,3,900,14.295,29.2,69954.5,2,13.229,7.451
E,2,43,175,3,4,1200,14.232,28.6,70265.8,2,13.229,7.451
E,2,43,175,3,5,1500,16.093,33.5,62138.8,2,13.229,7.451
E,2,43,175,3,6,1800,17.966,41.5,55661.7,2,13.229,7.451
E,2,43,175,3,7,2100,18.517,44.8,54004.4,2,13.229,7.451
E,2,43,175,3,8,2400,19.964,51.6,50090.2,2,13.229,7.451
E,2,43,175,3,9,2700,22.289,57.7,44864.5,2,13.229,7.451
E,2,43,175,3,10,3000,26.15,64.1,38240.4,2,13.229,7.451
E,2,43,175,3,11,3300,26.266,85.9,38072.5,2,13.229,7.451
E,2,43,175,3,12,3600,27.124,74.7,36868.2,2,13.229,7.451
E,2,43,175,3,13,3900,29.116,82.0,34345.8,2,13.229,7.451
E,2,43,175,3,14,4200,29.998,92.9,33335.2,2,13.229,7.451
E,2,43,175,3,15,4500,31.6,92.9,31645.2,2,13.229,7.451
E,2,43,175,3,16,4800,32.46,100.0,30807.1,2,13.229,7.451
E,2,43,175,3,17,5100,36.18,106.7,27639.8,2,13.229,7.451
E,2,43,175,3,18,5400,36.404,112.8,27469.8,2,13.229,7.451
E,2,43,175,3,19,5700,41.545,120.5,24070.1,2,13.229,7.451
E,2,43,175,3,20,6000,38.425,149.6,26024.9,2,13.229,7.451
E,2,43,175,3,21,6300,9.769,26.7,102364.6,2,13.229,7.451
E,2,43,175,3,22,6600,10.61,19.2,94247.7,2,13.229,7.451
E,2,43,175,3,23,6900,12.861,32.3,77754.4,2,13.229,7.451
E,2,43,175,3,24,7200,12.895,27.9,77547.4,2,13.229,7.451
E,2,43,175,3,25,7500,14.876,34.5,67223.9,2,13.229,7.451
E,2,43,175,3,26,7800,16.76,50.0,59664.7,2,13.229,7.451
E,2,43,175,3,27,8100,18.051,46.4,55399.6,2,13.229,7.451
E,2,43,175,3,28,8400,18.464,50.0,54158.5,2,13.229,7.451
E,2,43,175,3,29,8700,22.096,64.8,45257.1,2,13.229,7.451
E,2,43,175,3,30,9000,20.808,62.2,48059.2,2,13.229,7.451
E,2,43,175,3,31,9300,28.824,73.8,34692.9,2,13.229,7.451
E,2,43,175,3,32,9600,25.604,73.7,39056.4,2,13.229,7.451
E,2,43,175,3,33,9900,27.628,79.7,36195.6,2,13.229,7.451
E,2,43,175,3,34,10200,27.178,86.0,36794.5,2,13.229,7.451
E,2,43,175,3,35,10500,30.923,94.4,32338.4,2,13.229,7.451
E,2,43,175,3,36,10800,32.634,97.1,30643.2,2,13.229,7.451
E,2,43,175,3,37,11100,30.843,101.4,32422.6,2,13.229,7.451
E,2,43,175,3,38,11400,34.983,107.1,28585.0,2,13.229,7.451
E,2,43,175,3,39,11700,34.341,118.6,29119.7,2,13.229,7.451
E,2,43,175,3,40,12000,36.532,118.8,27373.5,2,13.229,7.451
E,2,43,175,4,1,300,18.289,33.8,54678.7,2,13.229,7.451
E,2,43,175,4,2,600,9.127,31.5,109569.0,2,13.229,7.451
E,2,43,175,4,3,900,10.19,21.6,98132.2,2,13.229,7.451
E,2,43,175,4,4,1200,11.095,24.7,90133.4,2,13.229,7.451
E,2,43,175,4,5,1500,19.273,44.7,51887.0,2,13.229,7.451
E,2,43,175,4,6,1800,23.008,57.3,43463.8,2,13.229,7.451
E,2,43,175,4,7,2100,24.177,82.1,41362.2,2,13.229,7.451
E,2,43,175,4,8,2400,16.944,46.4,59019.1,2,13.229,7.451
E,2,43,175,4,9,2700,18.662,53.3,53584.8,2,13.229,7.451
E,2,43,175,4,10,3000,23.721,59.2,42156.7,2,13.229,7.451
E,2,43,175,4,11,3300,20.805,60.8,48066.1,2,13.229,7.451
E,2,43,175,4,12,3600,27.156,69.0,36824.3,2,13.229,7.451
E,2,43,175,4,13,3900,25.791,84.8,38773.7,2,13.229,7.451
E,2,43,175,4,14,4200,24.657,80.9,40556.4,2,13.229,7.451
E,2,43,175,4,15,4500,27.595,91.4,36238.4,2,13.229,7.451
E,2,43,175,4,16,4800,27.098,93.0,36903.5,2,13.229,7.451
E,2,43,175,4,17,5100,31.292,99.2,31957.4,2,13.229,7.451
E,2,43,175,4,18,5400,31.458,105.7,31788.8,2,13.229,7.451
E,2,43,175,4,19,5700,37.399,121.7,26738.4,2,13.229,7.451
E,2,43,175,4,20,6000,34.113,115.4,29314.3,2,13.229,7.451
E,2,43,175,4,21,6300,7.968,26.0,125496.7,2,13.229,7.451
E,2,43,175,4,22,6600,8.732,18.5,114525.7,2,13.229,7.451
E,2,43,175,4,23,6900,10.172,21.5,98312.3,2,13.229,7.451
E,2,43,175,4,24,7200,13.977,39.9,71544.4,2,13.229,7.451
E,2,43,175,4,25,7500,12.926,32.0,77365.5,2,13.229,7.451
E,2,43,175,4,26,7800,14.538,38.7,68783.7,2,13.229,7.451
E,2,43,175,4,27,8100,16.517,45.1,60543.7,2,13.229,7.451
E,2,43,175,4,28,8400,17.276,49.7,57883.8,2,13.229,7.451
E,2,43,175,4,29,8700,19.003,56.2,52622.3,2,13.229,7.451
E,2,43,175,4,30,9000,19.493,72.4,51299.6,2,13.229,7.451
E,2,43,175,4,31,9300,25.288,64.9,39544.4,2,13.229,7.451
E,2,43,175,4,32,9600,23.21,74.2,43084.3,2,13.229,7.451
E,2,43,175,4,33,9900,23.952,75.2,41749.6,2,13.229,7.451
E,2,43,175,4,34,10200,25.478,89.3,39249.0,2,13.229,7.451
E,2,43,175,4,35,10500,27.726,89.4,36067.7,2,13.229,7.451
E,2,43,175,4,36,10800,30.29,93.7,33014.2,2,13.229,7.451
E,2,43,175,4,37,11100,28.501,98.4,35086.5,2,13.229,7.451
E,2,43,175,4,38,11400,32.852,105.6,30439.5,2,13.229,7.451
E,2,43,175,4,39,11700,31.383,110.6,31864.7,2,13.229,7.451
E,2,43,175,4,40,12000,33.891,116.3,29506.6,2,13.229,7.451
E,2,43,175,5,1,300,18.26,34.8,54764.5,2,13.229,7.451
E,2,43,175,5,2,600,8.998,31.6,111139.9,2,13.229,7.451
E,2,43,175,5,3,900,10.056,21.1,99443.1,2,13.229,7.451
E,2,43,175,5,4,1200,10.969,24.3,91166.0,2,13.229,7.451
E,2,43,175,5,5,1500,14.17,37.2,70571.6,2,13.229,7.451
E,2,43,175,5,6,1800,14.234,37.6,70254.3,2,13.229,7.451
E,2,43,175,5,7,2100,15.327,40.8,65244.3,2,13.229,7.451
E,2,43,175,5,8,2400,17.739,53.0,56373.0,2,13.229,7.451
E,2,43,175,5,9,2700,18.125,53.4,55171.4,2,13.229,7.451
E,2,43,175,5,10,3000,23.459,89.8,42627.0,2,13.229,7.451
E,2,43,175,5,11,3300,21.341,67.1,46858.2,2,13.229,7.451
E,2,43,175,5,12,3600,22.727,67.2,43999.9,2,13.229,7.451
E,2,43,175,5,13,3900,25.748,78.4,38837.5,2,13.229,7.451
E,2,43,175,5,14,4200,24.522,81.1,40780.3,2,13.229,7.451
E,2,43,175,5,15,4500,27.615,91.1,36211.8,2,13.229,7.451
E,2,43,175,5,16,4800,27.216,92.3,36743.5,2,13.229,7.451
E,2,43,175,5,17,5100,30.802,97.9,32465.8,2,13.229,7.451
E,2,43,175,5,18,5400,31.769,107.6,31477.2,2,13.229,7.451
E,2,43,175,5,19,5700,36.369,111.1,27495.7,2,13.229,7.451
E,2,43,175,5,20,6000,33.773,117.8,29609.2,2,13.229,7.451
E,2,43,175,5,21,6300,7.943,23.8,125902.3,2,13.229,7.451
E,2,43,175,5,22,6600,9.068,19.4,110277.9,2,13.229,7.451
E,2,43,175,5,23,6900,10.251,22.2,97554.6,2,13.229,7.451
E,2,43,175,5,24,7200,10.981,25.8,91069.2,2,13.229,7.451
E,2,43,175,5,25,7500,12.832,31.9,77930.2,2,13.229,7.451
E,2,43,175,5,26,7800,14.602,40.9,68482.2,2,13.229,7.451
E,2,43,175,5,27,8100,16.064,44.6,62251.0,2,13.229,7.451
E,2,43,175,5,28,8400,16.73,48.5,59771.7,2,13.229,7.451
E,2,43,175,5,29,8700,19.141,54.4,52244.8,2,13.229,7.451
E,2,43,175,5,30,9000,18.613,60.1,53724.9,2,13.229,7.451
E,2,43,175,5,31,9300,24.997,64.8,40004.8,2,13.229,7.451
E,2,43,175,5,32,9600,22.047,69.0,45357.6,2,13.229,7.451
E,2,43,175,5,33,9900,23.742,75.0,42118.9,2,13.229,7.451
E,2,43,175,5,34,10200,25.092,83.3,39852.8,2,13.229,7.451
E,2,43,175,5,35,10500,27.694,88.5,36108.9,2,13.229,7.451
E,2,43,175,5,36,10800,32.973,108.5,30328.2,2,13.229,7.451
E,2,43,175,5,37,11100,29.121,100.2,34339.5,2,13.229,7.451
E,2,43,175,5,38,11400,32.049,105.0,31201.9,2,13.229,7.451
E,2,43,175,5,39,11700,31.359,110.2,31888.8,2,13.229,7.451
E,2,43,175,5,40,12000,34.91,119.1,28645.4,2,13.229,7.451
E,2,43,175,6,1,300,18.579,35.9,53825.2,2,13.229,7.451
E,2,43,175,6,2,600,9.066,31.9,110298.2,2,13.229,7.451
E,2,43,175,6,3,900,10.094,21.5,99068.7,2,13.229,7.451
E,2,43,175,6,4,1200,11.134,24.3,89817.7,2,13.229,7.451
E,2,43,175,6,5,1500,12.804,30.0,78102.6,2,13.229,7.451
E,2,43,175,6,6,1800,14.9,40.6,67115.6,2,13.229,7.451
E,2,43,175,6,7,2100,15.205,40.7,65766.4,2,13.229,7.451
E,2,43,175,6,8,2400,16.432,46.5,60855.6,2,13.229,7.451
E,2,43,175,6,9,2700,18.422,53.9,54281.9,2,13.229,7.451
E,2,43,175,6,10,3000,22.146,59.4,45154.2,2,13.229,7.451
E,2,43,175,6,11,3300,21.525,73.5,46456.9,2,13.229,7.451
E,2,43,175,6,12,3600,22.798,67.8,43862.9,2,13.229,7.451
E,2,43,175,6,13,3900,25.516,82.3,39191.6,2,13.229,7.451
E,2,43,175,6,14,4200,24.507,81.1,40805.2,2,13.229,7.451
E,2,43,175,6,15,4500,27.716,87.5,36080.2,2,13.229,7.451
E,2,43,175,6,16,4800,27.126,93.0,36865.0,2,13.229,7.451
E,2,43,175,6,17,5100,31.525,105.2,31721.2,2,13.229,7.451
E,2,43,175,6,18,5400,32.035,108.1,31215.9,2,13.229,7.451
E,2,43,175,6,19,5700,36.708,114.0,27242.0,2,13.229,7.451
E,2,43,175,6,20,6000,33.394,114.4,29945.5,2,13.229,7.451
E,2,43,175,6,21,6300,7.852,23.4,127356.1,2,13.229,7.451
E,2,43,175,6,22,6600,8.551,18.0,116945.4,2,13.229,7.451
E,2,43,175,6,23,6900,10.027,22.5,99730.7,2,13.229,7.451
E,2,43,175,6,24,7200,11.818,30.1,84616.7,2,13.229,7.451
E,2,43,175,6,25,7500,12.949,32.1,77228.0,2,13.229,7.451
E,2,43,175,6,26,7800,14.177,37.3,70535.1,2,13.229,7.451
E,2,43,175,6,27,8100,16.953,50.1,58986.6,2,13.229,7.451
E,2,43,175,6,28,8400,16.48,48.0,60680.8,2,13.229,7.451
E,2,43,175,6,29,8700,18.616,54.3,53717.2,2,13.229,7.451
E,2,43,175,6,30,9000,19.653,65.8,50883.7,2,13.229,7.451
E,2,43,175,6,31,9300,24.993,64.5,40011.7,2,13.229,7.451
E,2,43,175,6,32,9600,22.712,71.3,44030.2,2,13.229,7.451
E,2,43,175,6,33,9900,24.103,76.9,41488.6,2,13.229,7.451
E,2,43,175,6,34,10200,24.826,83.4,40280.9,2,13.229,7.451
E,2,43,175,6,35,10500,27.695,89.1,36108.0,2,13.229,7.451
E,2,43,175,6,36,10800,30.273,93.7,33032.4,2,13.229,7.451
E,2,43,175,6,37,11100,28.372,98.5,35246.0,2,13.229,7.451
E,2,43,175,6,38,11400,32.433,104.7,30832.8,2,13.229,7.451
E,2,43,175,6,39,11700,31.524,110.9,31721.9,2,13.229,7.451
E,2,43,175,6,40,12000,33.8,116.1,29585.8,2,13.229,7.451
E,2,43,175,8,1,300,17.473,34.5,57230.1,2,13.229,7.451
E,2,43,175,8,2,600,8.042,31.2,124342.0,2,13.229,7.451
E,2,43,175,8,3,900,9.049,21.3,110505.4,2,13.229,7.451
E,2,43,175,8,4,1200,10.175,29.6,98280.1,2,13.229,7.451
E,2,43,175,8,5,1500,11.782,32.9,84872.8,2,13.229,7.451
E,2,43,175,8,6,1800,12.569,34.2,79558.7,2,13.229,7.451
E,2,43,175,8,7,2100,13.963,38.2,71619.6,2,13.229,7.451
E,2,43,175,8,8,2400,15.478,49.6,64606.4,2,13.229,7.451
E,2,43,175,8,9,2700,16.701,50.9,59877.9,2,13.229,7.451
E,2,43,175,8,10,3000,20.976,57.0,47673.5,2,13.229,7.451
E,2,43,175,8,11,3300,20.973,64.8,47679.6,2,13.229,7.451
E,2,43,175,8,12,3600,21.678,67.7,46129.7,2,13.229,7.451
E,2,43,175,8,13,3900,24.807,77.1,40311.2,2,13.229,7.451
E,2,43,175,8,14,4200,23.125,78.2,43242.6,2,13.229,7.451
E,2,43,175,8,15,4500,26.292,87.2,38034.4,2,13.229,7.451
E,2,43,175,8,16,4800,25.456,90.2,39283.0,2,13.229,7.451
E,2,43,175,8,17,5100,29.521,97.5,33873.8,2,13.229,7.451
E,2,43,175,8,18,5400,30.104,103.3,33218.5,2,13.229,7.451
E,2,43,175,8,19,5700,34.924,110.4,28633.3,2,13.229,7.451
E,2,43,175,8,20,6000,32.404,116.9,30860.7,2,13.229,7.451
E,2,43,175,8,21,6300,7.24,25.5,138115.2,2,13.229,7.451
E,2,43,175,8,22,6600,7.98,18.3,125308.0,2,13.229,7.451
E,2,43,175,8,23,6900,9.394,20.1,106450.9,2,13.229,7.451
E,2,43,175,8,24,7200,10.834,30.8,92302.0,2,13.229,7.451
E,2,43,175,8,25,7500,12.049,30.4,82996.7,2,13.229,7.451
E,2,43,175,8,26,7800,13.614,37.0,73455.6,2,13.229,7.451
E,2,43,175,8,27,8100,15.386,43.4,64994.1,2,13.229,7.451
E,2,43,175,8,28,8400,15.893,46.7,62922.1,2,13.229,7.451
E,2,43,175,8,29,8700,17.862,52.7,55984.8,2,13.229,7.451
E,2,43,175,8,30,9000,18.358,60.5,54473.2,2,13.229,7.451
E,2,43,175,8,31,9300,24.386,63.8,41007.1,2,13.229,7.451
E,2,43,175,8,32,9600,21.699,70.1,46084.4,2,13.229,7.451
E,2,43,175,8,33,9900,23.361,76.1,42807.0,2,13.229,7.451
E,2,43,175,8,34,10200,24.135,82.0,41433.6,2,13.229,7.451
E,2,43,175,8,35,10500,27.608,87.6,36221.8,2,13.229,7.451
E,2,43,175,8,36,10800,29.578,92.5,33809.3,2,13.229,7.451
E,2,43,175,8,37,11100,27.796,97.8,35976.4,2,13.229,7.451
E,2,43,175,8,38,11400,31.926,103.9,31322.1,2,13.229,7.451
E,2,43,175,8,39,11700,30.12,106.8,33200.9,2,13.229,7.451
E,2,43,175,8,40,12000,33.589,118.1,29771.4,2,13.229,7.451
E,2,43,175,10,1,300,17.926,54.4,55783.9,2,13.229,7.451
E,2,43,175,10,2,600,8.346,33.0,119817.9,2,13.229,7.451
E,2,43,175,10,3,900,9.234,22.1,108299.3,2,13.229,7.451
E,2,43,175,10,4,1200,10.037,21.9,99628.1,2,13.229,7.451
E,2,43,175,10,5,1500,12.02,29.2,83192.4,2,13.229,7.451
E,2,43,175,10,6,1800,13.24,35.7,75528.7,2,13.229,7.451
E,2,43,175,10,7,2100,14.186,39.0,70492.1,2,13.229,7.451
E,2,43,175,10,8,2400,15.366,44.5,65080.2,2,13.229,7.451
E,2,43,175,10,9,2700,19.813,75.3,50471.9,2,13.229,7.451
E,2,43,175,10,10,3000,21.439,57.0,46644.7,2,13.229,7.451
E,2,43,175,10,11,3300,20.125,66.3,49689.4,2,13.229,7.451
E,2,43,175,10,12,3600,21.717,65.5,46046.9,2,13.229,7.451
E,2,43,175,10,13,3900,23.88,78.1,41875.5,2,13.229,7.451
E,2,43,175,10,14,4200,23.215,78.3,43075.0,2,13.229,7.451
E,2,43,175,10,15,4500,25.956,86.5,38527.2,2,13.229,7.451
E,2,43,175,10,16,4800,25.91,91.0,38594.6,2,13.229,7.451
E,2,43,175,10,17,5100,29.888,95.9,33458.2,2,13.229,7.451
E,2,43,175,10,18,5400,29.665,102.9,33709.4,2,13.229,7.451
E,2,43,175,10,19,5700,35.603,117.2,28087.3,2,13.229,7.451
E,2,43,175,10,20,6000,32.669,110.1,30609.7,2,13.229,7.451
E,2,43,175,10,21,6300,7.412,26.7,134922.4,2,13.229,7.451
E,2,43,175,10,22,6600,8.222,19.6,121620.0,2,13.229,7.451
E,2,43,175,10,23,6900,9.552,20.5,104690.1,2,13.229,7.451
E,2,43,175,10,24,7200,10.407,25.0,96086.1,2,13.229,7.451
E,2,43,175,10,25,7500,12.77,35.9,78310.6,2,13.229,7.451
E,2,43,175,10,26,7800,13.778,37.6,72581.2,2,13.229,7.451
E,2,43,175,10,27,8100,15.35,42.4,65148.0,2,13.229,7.451
E,2,43,175,10,28,8400,16.451,49.1,60787.8,2,13.229,7.451
E,2,43,175,10,29,8700,18.113,53.1,55208.0,2,13.229,7.451
E,2,43,175,10,30,9000,17.96,59.2,55679.3,2,13.229,7.451
E,2,43,175,10,31,9300,25.373,74.2,39411.5,2,13.229,7.451
E,2,43,175,10,32,9600,21.55,68.2,46403.7,2,13.229,7.451
E,2,43,175,10,33,9900,23.886,76.1,41865.5,2,13.229,7.451
E,2,43,175,10,34,10200,24.132,82.1,41438.2,2,13.229,7.451
E,2,43,175,10,35,10500,28.304,88.9,35331.1,2,13.229,7.451
E,2,43,175,10,36,10800,29.189,93.1,34259.1,2,13.229,7.451
E,2,43,175,10,37,11100,28.878,97.8,34628.4,2,13.229,7.451
E,2,43,175,10,38,11400,31.99,104.2,31260.1,2,13.229,7.451
E,2,43,175,10,39,11700,30.249,107.3,33058.6,2,13.229,7.451
E,2,43,175,10,40,12000,33.834,116.8,29556.1,2,13.229,7.451
E,2,43,175,14,1,300,17.953,34.6,55700.0,2,13.229,7.451
E,2,43,175,14,2,600,9.129,35.9,109541.0,2,13.229,7.451
E,2,43,175,14,3,900,9.527,22.6,104968.5,2,13.229,7.451
E,2,43,175,14,4,1200,10.219,22.5,97860.1,2,13.229,7.451
E,2,43,175,14,5,1500,12.203,29.8,81949.3,2,13.229,7.451
E,2,43,175,14,6,1800,13.743,35.9,72762.5,2,13.229,7.451
E,2,43,175,14,7,2100,14.389,39.6,69495.9,2,13.229,7.451
E,2,43,175,14,8,2400,15.597,44.8,64116.3,2,13.229,7.451
E,2,43,175,14,9,2700,17.832,68.8,56077.9,2,13.229,7.451
E,2,43,175,14,10,3000,21.243,57.4,47073.6,2,13.229,7.451
E,2,43,175,14,11,3300,19.836,59.0,50414.2,2,13.229,7.451
E,2,43,175,14,12,3600,22.379,65.8,44684.1,2,13.229,7.451
E,2,43,175,14,13,3900,23.744,75.2,42115.3,2,13.229,7.451
E,2,43,175,14,14,4200,23.778,80.7,42055.1,2,13.229,7.451
E,2,43,175,14,15,4500,25.656,86.6,38976.7,2,13.229,7.451
E,2,43,175,14,16,4800,27.783,103.6,35993.2,2,13.229,7.451
E,2,43,175,14,17,5100,29.511,96.7,33886.1,2,13.229,7.451
E,2,43,175,14,18,5400,30.375,103.5,32922.2,2,13.229,7.451
E,2,43,175,14,19,5700,35.726,125.3,27990.6,2,13.229,7.451
E,2,43,175,14,20,6000,32.334,114.3,30927.2,2,13.229,7.451
E,2,43,175,14,21,6300,7.828,34.0,127746.6,2,13.229,7.451
E,2,43,175,14,22,6600,8.347,19.4,119808.3,2,13.229,7.451
E,2,43,175,14,23,6900,9.725,20.9,102827.8,2,13.229,7.451
E,2,43,175,14,24,7200,10.539,25.0,94888.7,2,13.229,7.451
E,2,43,175,14,25,7500,13.318,46.3,75086.4,2,13.229,7.451
E,2,43,175,14,26,7800,14.43,37.1,69301.7,2,13.229,7.451
E,2,43,175,14,27,8100,15.53,43.2,64391.5,2,13.229,7.451
E,2,43,175,14,28,8400,16.326,47.3,61253.2,2,13.229,7.451
E,2,43,175,14,29,8700,18.419,53.8,54290.8,2,13.229,7.451
E,2,43,175,14,30,9000,17.901,59.2,55863.8,2,13.229,7.451
E,2,43,175,14,31,9300,25.114,68.0,39819.0,2,13.229,7.451
E,2,43,175,14,32,9600,21.56,70.3,46382.2,2,13.229,7.451
E,2,43,175,14,33,9900,23.927,75.9,41794.4,2,13.229,7.451
E,2,43,175,14,34,10200,24.091,82.6,41508.7,2,13.229,7.451
E,2,43,175,14,35,10500,27.654,94.4,36161.1,2,13.229,7.451
E,2,43,175,14,36,10800,29.176,92.7,34275.1,2,13.229,7.451
E,2,43,175,14,37,11100,28.611,99.6,34951.6,2,13.229,7.451
E,2,43,175,14,38,11400,31.416,103.3,31830.6,2,13.229,7.451
E,2,43,175,14,39,11700,31.165,110.3,32086.9,2,13.229,7.451
E,2,43,175,14,40,12000,34.324,116.7,29133.8,2,13.229,7.451
E,2,43,175,20,1,300,18.245,41.3,54810.5,2,13.229,7.451
E,2,43,175,20,2,600,8.414,36.4,118844.8,2,13.229,7.451
E,2,43,175,20,3,900,9.056,22.3,110424.0,2,13.229,7.451
E,2,43,175,20,4,1200,9.818,21.8,101857.2,2,13.229,7.451
E,2,43,175,20,5,1500,11.676,28.5,85645.8,2,13.229,7.451
E,2,43,175,20,6,1800,13.267,35.2,75373.1,2,13.229,7.451
E,2,43,175,20,7,2100,13.775,37.4,72593.5,2,13.229,7.451
E,2,43,175,20,8,2400,15.086,44.0,66286.6,2,13.229,7.451
E,2,43,175,20,9,2700,17.231,51.6,58036.1,2,13.229,7.451
E,2,43,175,20,10,3000,20.818,56.4,48035.4,2,13.229,7.451
E,2,43,175,20,11,3300,19.229,58.4,52004.8,2,13.229,7.451
E,2,43,175,20,12,3600,22.268,65.1,44907.5,2,13.229,7.451
E,2,43,175,20,13,3900,23.214,74.1,43076.8,2,13.229,7.451
E,2,43,175,20,14,4200,23.346,77.5,42834.5,2,13.229,7.451
E,2,43,175,20,15,4500,25.263,85.8,39583.6,2,13.229,7.451
E,2,43,175,20,16,4800,26.14,90.9,38255.1,2,13.229,7.451
E,2,43,175,20,17,5100,29.006,94.9,34476.0,2,13.229,7.451
E,2,43,175,20,18,5400,30.836,106.7,32430.0,2,13.229,7.451
E,2,43,175,20,19,5700,35.101,107.2,28488.9,2,13.229,7.451
E,2,43,175,20,20,6000,32.4,109.6,30864.2,2,13.229,7.451
E,2,43,175,20,21,6300,7.912,27.9,126385.0,2,13.229,7.451
E,2,43,175,20,22,6600,8.155,19.8,122624.2,2,13.229,7.451
E,2,43,175,20,23,6900,9.562,20.6,104580.6,2,13.229,7.451
E,2,43,175,20,24,7200,10.432,24.7,95858.9,2,13.229,7.451
E,2,43,175,20,25,7500,12.252,31.0,81619.3,2,13.229,7.451
E,2,43,175,20,26,7800,14.208,44.2,70384.5,2,13.229,7.451
E,2,43,175,20,27,8100,15.322,42.1,65267.0,2,13.229,7.451
E,2,43,175,20,28,8400,15.964,47.1,62642.2,2,13.229,7.451
E,2,43,175,20,29,8700,18.368,55.6,54442.5,2,13.229,7.451
E,2,43,175,20,30,9000,17.683,58.8,56550.4,2,13.229,7.451
E,2,43,175,20,31,9300,24.645,66.7,40576.2,2,13.229,7.451
E,2,43,175,20,32,9600,21.312,67.9,46922.7,2,13.229,7.451
E,2,43,175,20,33,9900,23.259,76.4,42993.5,2,13.229,7.451
E,2,43,175,20,34,10200,28.179,91.7,35487.0,2,13.229,7.451
E,2,43,175,20,35,10500,27.448,90.4,36432.1,2,13.229,7.451
E,2,43,175,20,36,10800,29.032,92.2,34444.4,2,13.229,7.451
E,2,43,175,20,37,11100,28.217,99.1,35439.6,2,13.229,7.451
E,2,43,175,20,38,11400,31.167,102.8,32085.6,2,13.229,7.451
E,2,43,175,20,39,11700,31.631,111.9,31614.6,2,13.229,7.451
E,2,43,175,20,40,12000,33.527,116.4,29826.4,2,13.229,7.451
E,2,43,300,2,1,300,23.015,49.2,43449.9,2,17.321,8.229
E,2,43,300,2,2,600,14.968,28.2,66809.2,2,17.321,8.229
E,2,43,300,2,3,900,14.723,31.8,67919.4,2,17.321,8.229
E,2,43,300,2,4,1200,14.981,30.1,66751.2,2,17.321,8.229
E,2,43,300,2,5,1500,14.952,32.6,66879.2,2,17.321,8.229
E,2,43,300,2,6,1800,12.446,28.9,80347.1,2,17.321,8.229
E,2,43,300,2,7,2100,9.98,26.3,100197.1,2,17.321,8.229
E,2,43,300,2,8,2400,10.909,47.9,91667.4,2,17.321,8.229
E,2,43,300,2,9,2700,10.607,25.5,94277.4,2,17.321,8.229
E,2,43,300,2,10,3000,14.422,24.6,69338.5,2,17.321,8.229
E,2,43,300,2,11,3300,12.312,29.8,81221.6,2,17.321,8.229
E,2,43,300,2,12,3600,7.384,42.2,135434.0,2,17.321,8.229
E,2,43,300,2,13,3900,6.232,15.5,160470.8,2,17.321,8.229
E,2,43,300,2,14,4200,8.292,27.4,120603.0,2,17.321,8.229
E,2,43,300,2,15,4500,10.514,27.6,95108.3,2,17.321,8.229
E,2,43,300,2,16,4800,12.701,35.3,78734.0,2,17.321,8.229
E,2,43,300,2,17,5100,17.315,56.8,57752.3,2,17.321,8.229
E,2,43,300,2,18,5400,17.53,49.6,57045.1,2,17.321,8.229
E,2,43,300,2,19,5700,22.141,58.6,45165.1,2,17.321,8.229
E,2,43,300,2,20,6000,27.989,59.7,35728.7,2,17.321,8.229
E,2,43,300,2,21,6300,16.175,33.7,61825.1,2,17.321,8.229
E,2,43,300,2,22,6600,16.352,42.9,61153.4,2,17.321,8.229
E,2,43,300,2,23,6900,15.66,37.7,63857.0,2,17.321,8.229
E,2,43,300,2,24,7200,15.33,35.9,65231.6,2,17.321,8.229
E,2,43,300,2,25,7500,13.962,32.8,71623.0,2,17.321,8.229
E,2,43,300,2,26,7800,13.833,29.8,72289.2,2,17.321,8.229
E,2,43,300,2,27,8100,14.565,27.8,68656.2,2,17.321,8.229
E,2,43,300,2,28,8400,15.642,36.1,63931.8,2,17.321,8.229
E,2,43,300,2,29,8700,14.056,27.5,71144.0,2,17.321,8.229
E,2,43,300,2,30,9000,14.41,28.6,69397.9,2,17.321,8.229
E,2,43,300,2,31,9300,12.048,43.3,83001.3,2,17.321,8.229
E,2,43,300,2,32,9600,9.86,30.2,101416.5,2,17.321,8.229
E,2,43,300,2,33,9900,11.014,28.1,90790.8,2,17.321,8.229
E,2,43,300,2,34,10200,11.756,27.9,85062.9,2,17.321,8.229
E,2,43,300,2,35,10500,14.2,27.7,70422.5,2,17.321,8.229
E,2,43,300,2,36,10800,15.979,34.8,62583.4,2,17.321,8.229
E,2,43,300,2,37,11100,16.486,36.0,60656.3,2,17.321,8.229
E,2,43,300,2,38,11400,18.644,44.0,53635.6,2,17.321,8.229
E,2,43,300,2,39,11700,19.28,49.0,51867.2,2,17.321,8.229
E,2,43,300,2,40,12000,20.589,50.6,48569.6,2,17.321,8.229
E,2,43,300,3,1,300,21.33,45.4,46881.6,2,17.321,8.229
E,2,43,300,3,2,600,14.827,45.4,67446.0,2,17.321,8.229
E,2,43,300,3,3,900,13.562,31.0,73737.3,2,17.321,8.229
E,2,43,300,3,4,1200,13.233,28.6,75568.6,2,17.321,8.229
E,2,43,300,3,5,1500,14.45,37.7,69204.2,2,17.321,8.229
E,2,43,300,3,6,1800,11.776,30.3,84916.1,2,17.321,8.229
E,2,43,300,3,7,2100,9.648,30.7,103652.0,2,17.321,8.229
E,2,43,300,3,8,2400,9.729,28.2,102782.0,2,17.321,8.229
E,2,43,300,3,9,2700,10.467,33.1,95541.4,2,17.321,8.229
E,2,43,300,3,10,3000,13.623,23.6,73407.1,2,17.321,8.229
E,2,43,300,3,11,3300,11.797,29.3,84767.3,2,17.321,8.229
E,2,43,300,3,12,3600,6.955,28.4,143774.6,2,17.321,8.229
E,2,43,300,3,13,3900,6.246,13.0,160102.4,2,17.321,8.229
E,2,43,300,3,14,4200,8.811,30.1,113498.8,2,17.321,8.229
E,2,43,300,3,15,4500,10.616,29.1,94194.5,2,17.321,8.229
E,2,43,300,3,16,4800,12.755,35.6,78402.7,2,17.321,8.229
E,2,43,300,3,17,5100,16.023,43.2,62409.0,2,17.321,8.229
E,2,43,300,3,18,5400,18.28,51.7,54704.6,2,17.321,8.229
E,2,43,300,3,19,5700,20.885,55.2,47881.2,2,17.321,8.229
E,2,43,300,3,20,6000,27.562,65.3,36281.8,2,17.321,8.229
E,2,43,300,3,21,6300,14.147,29.5,70688.0,2,17.321,8.229
E,2,43,300,3,22,6600,14.08,30.9,71022.7,2,17.321,8.229
E,2,43,300,3,23,6900,14.659,36.4,68215.9,2,17.321,8.229
E,2,43,300,3,24,7200,13.869,30.5,72101.5,2,17.321,8.229
E,2,43,300,3,25,7500,12.602,31.1,79354.6,2,17.321,8.229
E,2,43,300,3,26,7800,12.515,28.4,79906.2,2,17.321,8.229
E,2,43,300,3,27,8100,13.71,37.8,72939.5,2,17.321,8.229
E,2,43,300,3,28,8400,13.549,32.3,73808.0,2,17.321,8.229
E,2,43,300,3,29,8700,12.63,29.9,79178.7,2,17.321,8.229
E,2,43,300,3,30,9000,13.765,40.8,72648.0,2,17.321,8.229
E,2,43,300,3,31,9300,11.035,27.6,90618.0,2,17.321,8.229
E,2,43,300,3,32,9600,8.605,27.8,116211.5,2,17.321,8.229
E,2,43,300,3,33,9900,10.443,27.7,95754.9,2,17.321,8.229
E,2,43,300,3,34,10200,11.247,27.4,88910.0,2,17.321,8.229
E,2,43,300,3,35,10500,14.552,37.7,68719.1,2,17.321,8.229
E,2,43,300,3,36,10800,14.684,33.5,68102.9,2,17.321,8.229
E,2,43,300,3,37,11100,15.852,36.6,63083.5,2,17.321,8.229
E,2,43,300,3,38,11400,19.135,56.8,52259.3,2,17.321,8.229
E,2,43,300,3,39,11700,20.007,54.9,49983.3,2,17.321,8.229
E,2,43,300,3,40,12000,20.937,55.8,47763.1,2,17.321,8.229
E,2,43,300,4,1,300,21.531,40.0,46443.9,2,17.321,8.229
E,2,43,300,4,2,600,12.381,28.4,80768.9,2,17.321,8.229
E,2,43,300,4,3,900,11.694,30.1,85516.4,2,17.321,8.229
E,2,43,300,4,4,1200,12.53,34.4,79808.5,2,17.321,8.229
E,2,43,300,4,5,1500,12.421,31.8,80508.8,2,17.321,8.229
E,2,43,300,4,6,1800,10.215,29.3,97895.3,2,17.321,8.229
E,2,43,300,4,7,2100,9.214,26.9,108534.4,2,17.321,8.229
E,2,43,300,4,8,2400,8.813,26.7,113468.7,2,17.321,8.229
E,2,43,300,4,9,2700,10.848,34.4,92180.1,2,17.321,8.229
E,2,43,300,4,10,3000,13.078,25.7,76466.2,2,17.321,8.229
E,2,43,300,4,11,3300,11.021,29.7,90733.1,2,17.321,8.229
E,2,43,300,4,12,3600,6.721,27.5,148787.4,2,17.321,8.229
E,2,43,300,4,13,3900,6.164,13.1,162223.5,2,17.321,8.229
E,2,43,300,4,14,4200,8.671,30.8,115331.4,2,17.321,8.229
E,2,43,300,4,15,4500,10.481,26.9,95410.7,2,17.321,8.229
E,2,43,300,4,16,4800,16.252,37.3,61532.2,2,17.321,8.229
E,2,43,300,4,17,5100,16.969,51.0,58932.1,2,17.321,8.229
E,2,43,300,4,18,5400,17.526,49.9,57058.1,2,17.321,8.229
E,2,43,300,4,19,5700,20.797,55.5,48083.9,2,17.321,8.229
E,2,43,300,4,20,6000,26.929,73.8,37135.1,2,17.321,8.229
E,2,43,300,4,21,6300,12.054,30.8,82960.0,2,17.321,8.229
E,2,43,300,4,22,6600,12.29,36.9,81367.0,2,17.321,8.229
E,2,43,300,4,23,6900,12.896,39.6,77545.4,2,17.321,8.229
E,2,43,300,4,24,7200,12.061,28.8,82914.2,2,17.321,8.229
E,2,43,300,4,25,7500,11.016,30.7,90779.8,2,17.321,8.229
E,2,43,300,4,26,7800,10.664,28.1,93773.5,2,17.321,8.229
E,2,43,300,4,27,8100,11.981,37.1,83467.8,2,17.321,8.229
E,2,43,300,4,28,8400,12.078,31.8,82792.9,2,17.321,8.229
E,2,43,300,4,29,8700,10.794,27.5,92641.2,2,17.321,8.229
E,2,43,300,4,30,9000,11.256,27.8,88844.1,2,17.321,8.229
E,2,43,300,4,31,9300,10.494,28.5,95292.6,2,17.321,8.229
E,2,43,300,4,32,9600,7.877,22.3,126951.8,2,17.321,8.229
E,2,43,300,4,33,9900,9.04,23.3,110623.6,2,17.321,8.229
E,2,43,300,4,34,10200,10.217,23.0,97872.9,2,17.321,8.229
E,2,43,300,4,35,10500,12.294,26.7,81338.3,2,17.321,8.229
E,2,43,300,4,36,10800,13.544,34.4,73831.6,2,17.321,8.229
E,2,43,300,4,37,11100,14.767,36.2,67717.0,2,17.321,8.229
E,2,43,300,4,38,11400,15.878,42.6,62978.9,2,17.321,8.229
E,2,43,300,4,39,11700,19.364,58.9,51642.2,2,17.321,8.229
E,2,43,300,4,40,12000,19.042,50.8,52516.4,2,17.321,8.229
E,2,43,300,5,1,300,20.434,34.6,48938.8,2,17.321,8.229
E,2,43,300,5,2,600,12.428,28.6,80461.3,2,17.321,8.229
E,2,43,300,5,3,900,12.87,42.6,77700.1,2,17.321,8.229
E,2,43,300,5,4,1200,12.222,30.7,81819.7,2,17.321,8.229
E,2,43,300,5,5,1500,12.546,32.4,79708.8,2,17.321,8.229
E,2,43,300,5,6,1800,10.478,29.7,95438.1,2,17.321,8.229
E,2,43,300,5,7,2100,9.649,35.2,103634.1,2,17.321,8.229
E,2,43,300,5,8,2400,8.92,27.5,112103.5,2,17.321,8.229
E,2,43,300,5,9,2700,9.503,25.4,105229.9,2,17.321,8.229
E,2,43,300,5,10,3000,12.922,26.3,77385.4,2,17.321,8.229
E,2,43,300,5,11,3300,11.739,39.3,85183.7,2,17.321,8.229
E,2,43,300,5,12,3600,7.026,30.3,142321.8,2,17.321,8.229
E,2,43,300,5,13,3900,6.218,18.4,160814.8,2,17.321,8.229
E,2,43,300,5,14,4200,8.289,26.0,120646.7,2,17.321,8.229
E,2,43,300,5,15,4500,10.432,27.8,95858.9,2,17.321,8.229
E,2,43,300,5,16,4800,12.712,35.4,78663.8,2,17.321,8.229
E,2,43,300,5,17,5100,16.739,44.8,59739.5,2,17.321,8.229
E,2,43,300,5,18,5400,17.441,50.0,57337.3,2,17.321,8.229
E,2,43,300,5,19,5700,21.633,59.6,46225.7,2,17.321,8.229
E,2,43,300,5,20,6000,27.215,71.0,36744.4,2,17.321,8.229
E,2,43,300,5,21,6300,11.946,30.6,83712.4,2,17.321,8.229
E,2,43,300,5,22,6600,13.123,48.5,76204.0,2,17.321,8.229
E,2,43,300,5,23,6900,12.15,38.8,82302.3,2,17.321,8.229
E,2,43,300,5,24,7200,12.137,30.3,82394.9,2,17.321,8.229
E,2,43,300,5,25,7500,10.982,30.7,91055.3,2,17.321,8.229
E,2,43,300,5,26,7800,11.618,36.5,86070.9,2,17.321,8.229
E,2,43,300,5,27,8100,11.366,27.7,87979.1,2,17.321,8.229
E,2,43,300,5,28,8400,11.801,30.7,84736.2,2,17.321,8.229
E,2,43,300,5,29,8700,10.803,27.7,92569.7,2,17.321,8.229
E,2,43,300,5,30,9000,11.62,30.4,86058.5,2,17.321,8.229
E,2,43,300,5,31,9300,9.788,23.4,102165.9,2,17.321,8.229
E,2,43,300,5,32,9600,7.905,22.2,126496.9,2,17.321,8.229
E,2,43,300,5,33,9900,9.001,23.4,111102.9,2,17.321,8.229
E,2,43,300,5,34,10200,10.273,23.1,97345.7,2,17.321,8.229
E,2,43,300,5,35,10500,13.3,30.3,75186.1,2,17.321,8.229
E,2,43,300,5,36,10800,13.075,33.6,76483.8,2,17.321,8.229
E,2,43,300,5,37,11100,14.726,36.3,67907.1,2,17.321,8.229
E,2,43,300,5,38,11400,16.584,43.3,60297.9,2,17.321,8.229
E,2,43,300,5,39,11700,17.554,49.0,56967.1,2,17.321,8.229
E,2,43,300,5,40,12000,18.712,50.7,53442.6,2,17.321,8.229
E,2,43,300,6,1,300,19.721,31.9,50706.5,2,17.321,8.229
E,2,43,300,6,2,600,12.44,31.3,80383.7,2,17.321,8.229
E,2,43,300,6,3,900,11.659,31.7,85773.1,2,17.321,8.229
E,2,43,300,6,4,1200,11.61,28.1,86132.6,2,17.321,8.229
E,2,43,300,6,5,1500,12.004,30.6,83307.9,2,17.321,8.229
E,2,43,300,6,6,1800,11.443,35.1,87392.2,2,17.321,8.229
E,2,43,300,6,7,2100,9.036,27.9,110672.5,2,17.321,8.229
E,2,43,300,6,8,2400,8.843,28.2,113088.1,2,17.321,8.229
E,2,43,300,6,9,2700,9.375,25.0,106666.7,2,17.321,8.229
E,2,43,300,6,10,3000,13.627,37.8,73383.7,2,17.321,8.229
E,2,43,300,6,11,3300,10.989,30.4,91000.1,2,17.321,8.229
E,2,43,300,6,12,3600,6.842,28.3,146163.2,2,17.321,8.229
E,2,43,300,6,13,3900,6.275,16.3,159371.0,2,17.321,8.229
E,2,43,300,6,14,4200,8.334,25.7,119990.4,2,17.321,8.229
E,2,43,300,6,15,4500,10.96,32.6,91243.6,2,17.321,8.229
E,2,43,300,6,16,4800,16.272,36.7,61454.0,2,17.321,8.229
E,2,43,300,6,17,5100,15.826,42.4,63187.2,2,17.321,8.229
E,2,43,300,6,18,5400,17.921,51.9,55800.5,2,17.321,8.229
E,2,43,300,6,19,5700,20.899,58.4,47849.2,2,17.321,8.229
E,2,43,300,6,20,6000,26.618,62.2,37568.6,2,17.321,8.229
E,2,43,300,6,21,6300,11.781,30.4,84884.8,2,17.321,8.229
E,2,43,300,6,22,6600,12.038,32.0,83068.0,2,17.321,8.229
E,2,43,300,6,23,6900,138.904,40.2,7199.2,2,17.321,8.229
E,2,43,300,6,24,7200,13.001,40.0,76915.2,2,17.321,8.229
E,2,43,300,6,25,7500,10.914,32.0,91622.6,2,17.321,8.229
E,2,43,300,6,26,7800,10.622,28.8,94144.2,2,17.321,8.229
E,2,43,300,6,27,8100,11.849,42.0,84392.9,2,17.321,8.229
E,2,43,300,6,28,8400,11.721,31.5,85317.0,2,17.321,8.229
E,2,43,300,6,29,8700,10.503,27.5,95207.9,2,17.321,8.229
E,2,43,300,6,30,9000,10.874,28.1,91962.5,2,17.321,8.229
E,2,43,300,6,31,9300,12.318,31.8,81182.0,2,17.321,8.229
E,2,43,300,6,32,9600,7.932,26.3,126076.9,2,17.321,8.229
E,2,43,300,6,33,9900,8.937,23.8,111890.2,2,17.321,8.229
E,2,43,300,6,34,10200,10.119,24.6,98820.7,2,17.321,8.229
E,2,43,300,6,35,10500,12.574,27.8,79529.2,2,17.321,8.229
E,2,43,300,6,36,10800,13.288,33.7,75257.8,2,17.321,8.229
E,2,43,300,6,37,11100,14.679,36.7,68126.1,2,17.321,8.229
E,2,43,300,6,38,11400,15.753,42.7,63481.3,2,17.321,8.229
E,2,43,300,6,39,11700,18.399,57.6,54351.8,2,17.321,8.229
E,2,43,300,6,40,12000,18.682,52.2,53528.4,2,17.321,8.229
E,2,43,300,8,1,300,20.179,45.7,49555.7,2,17.321,8.229
E,2,43,300,8,2,600,12.67,34.2,78924.5,2,17.321,8.229
E,2,43,300,8,3,900,11.13,32.3,89844.6,2,17.321,8.229
E,2,43,300,8,4,1200,11.256,29.2,88844.2,2,17.321,8.229
E,2,43,300,8,5,1500,12.511,48.2,79931.8,2,17.321,8.229
E,2,43,300,8,6,1800,10.036,32.4,99644.6,2,17.321,8.229
E,2,43,300,8,7,2100,8.758,26.6,114181.3,2,17.321,8.229
E,2,43,300,8,8,2400,8.59,29.0,116414.4,2,17.321,8.229
E,2,43,300,8,9,2700,9.126,25.1,109577.0,2,17.321,8.229
E,2,43,300,8,10,3000,13.015,37.3,76836.4,2,17.321,8.229
E,2,43,300,8,11,3300,10.786,29.9,92709.9,2,17.321,8.229
E,2,43,300,8,12,3600,6.903,29.3,144871.6,2,17.321,8.229
E,2,43,300,8,13,3900,6.31,13.5,158478.5,2,17.321,8.229
E,2,43,300,8,14,4200,8.306,26.4,120394.9,2,17.321,8.229
E,2,43,300,8,15,4500,12.218,46.0,81846.5,2,17.321,8.229
E,2,43,300,8,16,4800,12.862,35.8,77750.4,2,17.321,8.229
E,2,43,300,8,17,5100,15.886,42.5,62949.8,2,17.321,8.229
E,2,43,300,8,18,5400,18.023,55.7,55485.7,2,17.321,8.229
E,2,43,300,8,19,5700,20.995,58.5,47631.1,2,17.321,8.229
E,2,43,300,8,20,6000,27.047,62.9,36972.7,2,17.321,8.229
E,2,43,300,8,21,6300,11.82,37.9,84600.0,2,17.321,8.229
E,2,43,300,8,22,6600,11.744,41.6,85152.3,2,17.321,8.229
E,2,43,300,8,23,6900,10.963,34.1,91213.1,2,17.321,8.229
E,2,43,300,8,24,7200,11.788,39.8,84834.4,2,17.321,8.229
E,2,43,300,8,25,7500,10.262,33.1,97446.9,2,17.321,8.229
E,2,43,300,8,26,7800,9.862,28.5,101399.3,2,17.321,8.229
E,2,43,300,8,27,8100,10.299,28.2,97099.9,2,17.321,8.229
E,2,43,300,8,28,8400,10.998,31.5,90928.4,2,17.321,8.229
E,2,43,300,8,29,8700,10.824,37.5,92390.1,2,17.321,8.229
E,2,43,300,8,30,9000,10.437,28.8,95816.0,2,17.321,8.229
E,2,43,300,8,31,9300,9.468,23.2,105618.9,2,17.321,8.229
E,2,43,300,8,32,9600,7.372,22.1,135642.3,2,17.321,8.229
E,2,43,300,8,33,9900,8.507,24.6,117550.2,2,17.321,8.229
E,2,43,300,8,34,10200,10.601,29.6,94333.7,2,17.321,8.229
E,2,43,300,8,35,10500,12.003,26.8,83314.8,2,17.321,8.229
E,2,43,300,8,36,10800,12.605,34.3,79333.6,2,17.321,8.229
E,2,43,300,8,37,11100,14.431,37.2,69295.3,2,17.321,8.229
E,2,43,300,8,38,11400,16.035,49.7,62363.6,2,17.321,8.229
E,2,43,300,8,39,11700,17.311,49.9,57766.7,2,17.321,8.229
E,2,43,300,8,40,12000,18.728,51.4,53395.0,2,17.321,8.229
E,2,43,300,10,1,300,19.838,46.0,50407.5,2,17.321,8.229
E,2,43,300,10,2,600,11.466,30.5,87211.8,2,17.321,8.229
E,2,43,300,10,3,900,11.121,31.7,89917.3,2,17.321,8.229
E,2,43,300,10,4,1200,11.012,29.0,90810.0,2,17.321,8.229
E,2,43,300,10,5,1500,12.866,46.4,77726.2,2,17.321,8.229
E,2,43,300,10,6,1800,10.102,34.1,98990.3,2,17.321,8.229
E,2,43,300,10,7,2100,8.784,29.5,113847.7,2,17.321,8.229
E,2,43,300,10,8,2400,8.589,28.7,116432.5,2,17.321,8.229
E,2,43,300,10,9,2700,9.472,25.8,105574.3,2,17.321,8.229
E,2,43,300,10,10,3000,12.777,23.1,78263.6,2,17.321,8.229
E,2,43,300,10,11,3300,10.708,28.5,93391.0,2,17.321,8.229
E,2,43,300,10,12,3600,6.757,27.6,148002.0,2,17.321,8.229
E,2,43,300,10,13,3900,6.288,13.9,159041.5,2,17.321,8.229
E,2,43,300,10,14,4200,8.377,25.7,119369.7,2,17.321,8.229
E,2,43,300,10,15,4500,10.944,28.1,91374.3,2,17.321,8.229
E,2,43,300,10,16,4800,12.796,37.0,78147.4,2,17.321,8.229
E,2,43,300,10,17,5100,15.881,42.5,62969.6,2,17.321,8.229
E,2,43,300,10,18,5400,17.971,51.7,55644.2,2,17.321,8.229
E,2,43,300,10,19,5700,20.939,55.5,47757.0,2,17.321,8.229
E,2,43,300,10,20,6000,26.318,59.9,37997.3,2,17.321,8.229
E,2,43,300,10,21,6300,10.999,30.4,90914.6,2,17.321,8.229
E,2,43,300,10,22,6600,14.681,38.9,68116.8,2,17.321,8.229
E,2,43,300,10,23,6900,10.727,30.2,93222.7,2,17.321,8.229
E,2,43,300,10,24,7200,11.913,37.5,83939.6,2,17.321,8.229
E,2,43,300,10,25,7500,10.293,31.5,97150.3,2,17.321,8.229
E,2,43,300,10,26,7800,10.049,28.7,99515.7,2,17.321,8.229
E,2,43,300,10,27,8100,10.373,27.5,96407.2,2,17.321,8.229
E,2,43,300,10,28,8400,11.846,45.0,84416.7,2,17.321,8.229
E,2,43,300,10,29,8700,10.101,32.5,99000.1,2,17.321,8.229
E,2,43,300,10,30,9000,10.61,29.8,94250.7,2,17.321,8.229
E,2,43,300,10,31,9300,9.42,22.7,106160.9,2,17.321,8.229
E,2,43,300,10,32,9600,7.331,21.9,136413.2,2,17.321,8.229
E,2,43,300,10,33,9900,9.631,40.5,103831.3,2,17.321,8.229
E,2,43,300,10,34,10200,10.171,25.5,98322.0,2,17.321,8.229
E,2,43,300,10,35,10500,11.845,26.8,84423.8,2,17.321,8.229
E,2,43,300,10,36,10800,12.449,34.0,80329.9,2,17.321,8.229
E,2,43,300,10,37,11100,14.927,37.9,66992.7,2,17.321,8.229
E,2,43,300,10,38,11400,15.579,42.8,64189.0,2,17.321,8.229
E,2,43,300,10,39,11700,17.133,50.0,58366.9,2,17.321,8.229
E,2,43,300,10,40,12000,18.714,57.1,53435.0,2,17.321,8.229
E,2,43,300,14,1,300,20.24,46.2,49407.9,2,17.321,8.229
E,2,43,300,14,2,600,13.566,38.1,73715.5,2,17.321,8.229
E,2,43,300,14,3,900,11.402,36.3,87703.9,2,17.321,8.229
E,2,43,300,14,4,1200,11.216,30.4,89158.3,2,17.321,8.229
E,2,43,300,14,5,1500,11.843,37.6,84438.1,2,17.321,8.229
E,2,43,300,14,6,1800,9.76,31.8,102459.0,2,17.321,8.229
E,2,43,300,14,7,2100,8.686,26.5,115127.8,2,17.321,8.229
E,2,43,300,14,8,2400,8.659,27.6,115486.8,2,17.321,8.229
E,2,43,300,14,9,2700,9.085,25.3,110075.6,2,17.321,8.229
E,2,43,300,14,10,3000,12.673,28.4,78907.9,2,17.321,8.229
E,2,43,300,14,11,3300,10.702,29.5,93437.6,2,17.321,8.229
E,2,43,300,14,12,3600,6.883,29.9,145278.5,2,17.321,8.229
E,2,43,300,14,13,3900,6.338,13.7,157770.2,2,17.321,8.229
E,2,43,300,14,14,4200,8.397,25.6,119085.4,2,17.321,8.229
E,2,43,300,14,15,4500,11.325,39.5,88300.2,2,17.321,8.229
E,2,43,300,14,16,4800,13.504,37.7,74052.1,2,17.321,8.229
E,2,43,300,14,17,5100,16.071,43.0,62223.9,2,17.321,8.229
E,2,43,300,14,18,5400,18.039,52.7,55436.5,2,17.321,8.229
E,2,43,300,14,19,5700,21.04,56.0,47527.8,2,17.321,8.229
E,2,43,300,14,20,6000,27.003,60.1,37032.9,2,17.321,8.229
E,2,43,300,14,21,6300,11.263,30.7,88788.9,2,17.321,8.229
E,2,43,300,14,22,6600,11.617,40.9,86083.2,2,17.321,8.229
E,2,43,300,14,23,6900,10.84,31.3,92250.9,2,17.321,8.229
E,2,43,300,14,24,7200,11.48,35.7,87110.6,2,17.321,8.229
E,2,43,300,14,25,7500,10.715,34.6,93330.0,2,17.321,8.229
E,2,43,300,14,26,7800,9.949,30.2,100512.6,2,17.321,8.229
E,2,43,300,14,27,8100,10.31,28.0,96990.1,2,17.321,8.229
E,2,43,300,14,28,8400,10.759,31.4,92948.3,2,17.321,8.229
E,2,43,300,14,29,8700,10.723,39.5,93257.5,2,17.321,8.229
E,2,43,300,14,30,9000,10.591,29.6,94419.8,2,17.321,8.229
E,2,43,300,14,31,9300,9.381,23.2,106598.4,2,17.321,8.229
E,2,43,300,14,32,9600,7.319,22.6,136636.9,2,17.321,8.229
E,2,43,300,14,33,9900,8.505,24.0,117582.5,2,17.321,8.229
E,2,43,300,14,34,10200,10.48,31.6,95419.8,2,17.321,8.229
E,2,43,300,14,35,10500,11.814,27.0,84645.3,2,17.321,8.229
E,2,43,300,14,36,10800,12.492,34.1,80049.1,2,17.321,8.229
E,2,43,300,14,37,11100,14.435,37.6,69276.1,2,17.321,8.229
E,2,43,300,14,38,11400,15.489,43.2,64563.3,2,17.321,8.229
E,2,43,300,14,39,11700,17.176,49.6,58219.6,2,17.321,8.229
E,2,43,300,14,40,12000,19.312,65.0,51782.2,2,17.321,8.229
E,2,43,300,20,1,300,32.384,80.6,30879.4,2,17.321,8.229
E,2,43,300,20,2,600,20.853,57.7,47954.0,2,17.321,8.229
E,2,43,300,20,3,900,17.643,64.7,56679.7,2,17.321,8.229
E,2,43,300,20,4,1200,11.663,34.5,85743.7,2,17.321,8.229
E,2,43,300,20,5,1500,12.12,37.1,82510.5,2,17.321,8.229
E,2,43,300,20,6,1800,10.797,37.8,92621.2,2,17.321,8.229
E,2,43,300,20,7,2100,9.066,26.8,110306.3,2,17.321,8.229
E,2,43,300,20,8,2400,9.085,29.0,110067.5,2,17.321,8.229
E,2,43,300,20,9,2700,9.324,25.9,107246.3,2,17.321,8.229
E,2,43,300,20,10,3000,13.307,32.3,75150.3,2,17.321,8.229
E,2,43,300,20,11,3300,11.11,30.9,90009.0,2,17.321,8.229
E,2,43,300,20,12,3600,7.044,28.5,141964.8,2,17.321,8.229
E,2,43,300,20,13,3900,6.574,14.1,152122.1,2,17.321,8.229
E,2,43,300,20,14,4200,8.6,26.0,116283.6,2,17.321,8.229
E,2,43,300,20,15,4500,10.954,28.7,91293.6,2,17.321,8.229
E,2,43,300,20,16,4800,13.269,36.2,75361.7,2,17.321,8.229
E,2,43,300,20,17,5100,16.187,43.2,61779.2,2,17.321,8.229
E,2,43,300,20,18,5400,17.656,50.6,56639.0,2,17.321,8.229
E,2,43,300,20,19,5700,30.565,82.7,32717.2,2,17.321,8.229
E,2,43,300,20,20,6000,31.202,67.4,32049.2,2,17.321,8.229
E,2,43,300,20,21,6300,11.668,38.7,85702.0,2,17.321,8.229
E,2,43,300,20,22,6600,11.739,40.3,85183.7,2,17.321,8.229
E,2,43,300,20,23,6900,10.925,35.0,91533.2,2,17.321,8.229
E,2,43,300,20,24,7200,12.474,39.4,80166.7,2,17.321,8.229
E,2,43,300,20,25,7500,10.479,33.4,95432.0,2,17.321,8.229
E,2,43,300,20,26,7800,10.084,28.9,99163.7,2,17.321,8.229
E,2,43,300,20,27,8100,10.426,28.4,95914.1,2,17.321,8.229
E,2,43,300,20,28,8400,11.614,34.1,86103.0,2,17.321,8.229
E,2,43,300,20,29,8700,9.97,30.1,100300.9,2,17.321,8.229
E,2,43,300,20,30,9000,10.278,28.3,97298.3,2,17.321,8.229
E,2,43,300,20,31,9300,9.602,23.1,104141.4,2,17.321,8.229
E,2,43,300,20,32,9600,7.44,22.2,134414.6,2,17.321,8.229
E,2,43,300,20,33,9900,9.023,29.3,110823.8,2,17.321,8.229
E,2,43,300,20,34,10200,9.922,23.1,100786.1,2,17.321,8.229
E,2,43,300,20,35,10500,11.867,27.3,84269.7,2,17.321,8.229
E,2,43,300,20,36,10800,12.508,34.3,79948.8,2,17.321,8.229
E,2,43,300,20,37,11100,15.23,45.9,65661.3,2,17.321,8.229
E,2,43,300,20,38,11400,15.465,43.7,64662.1,2,17.321,8.229
E,2,43,300,20,39,11700,17.259,49.7,57940.8,2,17.321,8.229
E,2,43,300,20,40,12000,18.74,52.5,53362.7,2,17.321,8.229
E,2,43,500,2,1,300,29.274,57.1,34160.4,2,22.361,8.966
E,2,43,500,2,2,600,24.274,72.1,41195.8,2,22.361,8.966
E,2,43,500,2,3,900,25.069,59.8,39889.4,2,22.361,8.966
E,2,43,500,2,4,1200,26.332,68.9,37977.1,2,22.361,8.966
E,2,43,500,2,5,1500,27.32,67.8,36602.8,2,22.361,8.966
E,2,43,500,2,6,1800,28.577,73.0,34993.6,2,22.361,8.966
E,2,43,500,2,7,2100,28.743,76.8,34791.1,2,22.361,8.966
E,2,43,500,2,8,2400,30.287,74.4,33017.1,2,22.361,8.966
E,2,43,500,2,9,2700,31.61,81.3,31635.6,2,22.361,8.966
E,2,43,500,2,10,3000,37.211,95.2,26873.8,2,22.361,8.966
E,2,43,500,2,11,3300,32.399,88.7,30864.8,2,22.361,8.966
E,2,43,500,2,12,3600,47.168,139.5,21201.0,2,22.361,8.966
E,2,43,500,2,13,3900,41.06,109.9,24354.4,2,22.361,8.966
E,2,43,500,2,14,4200,36.601,99.1,27321.4,2,22.361,8.966
E,2,43,500,2,15,4500,37.394,101.0,26742.0,2,22.361,8.966
E,2,43,500,2,16,4800,40.565,113.3,24651.8,2,22.361,8.966
E,2,43,500,2,17,5100,42.209,114.3,23691.4,2,22.361,8.966
E,2,43,500,2,18,5400,39.729,118.0,25170.5,2,22.361,8.966
E,2,43,500,2,19,5700,43.182,148.4,23157.6,2,22.361,8.966
E,2,43,500,2,20,6000,43.239,119.6,23127.4,2,22.361,8.966
E,2,43,500,2,21,6300,21.653,44.4,46183.0,2,22.361,8.966
E,2,43,500,2,22,6600,21.32,36.4,46903.6,2,22.361,8.966
E,2,43,500,2,23,6900,22.321,56.0,44801.5,2,22.361,8.966
E,2,43,500,2,24,7200,21.476,49.0,46562.9,2,22.361,8.966
E,2,43,500,2,25,7500,23.934,55.0,41781.6,2,22.361,8.966
E,2,43,500,2,26,7800,24.576,48.7,40690.1,2,22.361,8.966
E,2,43,500,2,27,8100,25.209,51.1,39667.9,2,22.361,8.966
E,2,43,500,2,28,8400,24.685,46.8,40511.0,2,22.361,8.966
E,2,43,500,2,29,8700,20.517,71.6,48740.1,2,22.361,8.966
E,2,43,500,2,30,9000,19.134,53.2,52262.1,2,22.361,8.966
E,2,43,500,2,31,9300,26.145,100.2,38248.7,2,22.361,8.966
E,2,43,500,2,32,9600,22.451,57.0,44541.4,2,22.361,8.966
E,2,43,500,2,33,9900,24.147,62.4,41413.0,2,22.361,8.966
E,2,43,500,2,34,10200,22.605,65.3,44238.0,2,22.361,8.966
E,2,43,500,2,35,10500,23.693,66.5,42207.2,2,22.361,8.966
E,2,43,500,2,36,10800,27.62,71.3,36205.2,2,22.361,8.966
E,2,43,500,2,37,11100,25.735,73.9,38857.1,2,22.361,8.966
E,2,43,500,2,38,11400,29.17,76.1,34282.2,2,22.361,8.966
E,2,43,500,2,39,11700,27.038,82.7,36985.0,2,22.361,8.966
E,2,43,500,2,40,12000,28.966,82.2,34522.8,2,22.361,8.966
E,2,43,500,3,1,300,27.084,56.8,36922.2,2,22.361,8.966
E,2,43,500,3,2,600,22.656,54.4,44139.1,2,22.361,8.966
E,2,43,500,3,3,900,23.141,60.2,43213.3,2,22.361,8.966
E,2,43,500,3,4,1200,26.744,90.2,37392.0,2,22.361,8.966
E,2,43,500,3,5,1500,25.274,68.5,39566.9,2,22.361,8.966
E,2,43,500,3,6,1800,27.256,76.2,36688.7,2,22.361,8.966
E,2,43,500,3,7,2100,25.97,72.5,38506.0,2,22.361,8.966
E,2,43,500,3,8,2400,29.127,83.7,34332.0,2,22.361,8.966
E,2,43,500,3,9,2700,28.733,81.1,34802.8,2,22.361,8.966
E,2,43,500,3,10,3000,35.24,107.2,28376.8,2,22.361,8.966
E,2,43,500,3,11,3300,31.839,93.3,31407.7,2,22.361,8.966
E,2,43,500,3,12,3600,31.344,92.5,31904.4,2,22.361,8.966
E,2,43,500,3,13,3900,35.789,102.1,27941.3,2,22.361,8.966
E,2,43,500,3,14,4200,33.556,97.0,29800.6,2,22.361,8.966
E,2,43,500,3,15,4500,35.275,106.0,28348.7,2,22.361,8.966
E,2,43,500,3,16,4800,36.831,112.2,27151.0,2,22.361,8.966
E,2,43,500,3,17,5100,39.166,112.6,25532.4,2,22.361,8.966
E,2,43,500,3,18,5400,36.349,118.8,27510.8,2,22.361,8.966
E,2,43,500,3,19,5700,39.194,128.3,25514.3,2,22.361,8.966
E,2,43,500,3,20,6000,39.613,119.8,25244.5,2,22.361,8.966
E,2,43,500,3,21,6300,19.031,51.1,52546.8,2,22.361,8.966
E,2,43,500,3,22,6600,18.208,36.2,54920.9,2,22.361,8.966
E,2,43,500,3,23,6900,18.345,37.7,54509.8,2,22.361,8.966
E,2,43,500,3,24,7200,19.203,51.6,52076.1,2,22.361,8.966
E,2,43,500,3,25,7500,19.696,38.9,50772.6,2,22.361,8.966
E,2,43,500,3,26,7800,22.638,72.9,44174.2,2,22.361,8.966
E,2,43,500,3,27,8100,24.529,59.9,40768.6,2,22.361,8.966
E,2,43,500,3,28,8400,23.589,59.2,42393.2,2,22.361,8.966
E,2,43,500,3,29,8700,17.793,49.9,56201.9,2,22.361,8.966
E,2,43,500,3,30,9000,16.535,53.6,60476.6,2,22.361,8.966
E,2,43,500,3,31,9300,23.835,58.2,41955.1,2,22.361,8.966
E,2,43,500,3,32,9600,19.498,56.9,51287.3,2,22.361,8.966
E,2,43,500,3,33,9900,21.007,62.4,47603.9,2,22.361,8.966
E,2,43,500,3,34,10200,20.104,65.4,49740.5,2,22.361,8.966
E,2,43,500,3,35,10500,21.222,66.7,47120.2,2,22.361,8.966
E,2,43,500,3,36,10800,24.289,70.3,41170.9,2,22.361,8.966
E,2,43,500,3,37,11100,22.29,72.9,44863.2,2,22.361,8.966
E,2,43,500,3,38,11400,26.81,77.6,37299.5,2,22.361,8.966
E,2,43,500,3,39,11700,23.397,76.4,42740.5,2,22.361,8.966
E,2,43,500,3,40,12000,26.372,82.7,37919.0,2,22.361,8.966
E,2,43,500,4,1,300,23.658,50.8,42268.4,2,22.361,8.966
E,2,43,500,4,2,600,18.967,51.2,52724.1,2,22.361,8.966
E,2,43,500,4,3,900,19.353,59.1,51670.7,2,22.361,8.966
E,2,43,500,4,4,1200,20.736,70.1,48225.3,2,22.361,8.966
E,2,43,500,4,5,1500,21.348,65.3,46842.1,2,22.361,8.966
E,2,43,500,4,6,1800,23.223,74.1,43061.4,2,22.361,8.966
E,2,43,500,4,7,2100,21.971,70.6,45513.8,2,22.361,8.966
E,2,43,500,4,8,2400,24.395,74.4,40991.4,2,22.361,8.966
E,2,43,500,4,9,2700,24.437,81.3,40921.6,2,22.361,8.966
E,2,43,500,4,10,3000,29.945,86.1,33394.9,2,22.361,8.966
E,2,43,500,4,11,3300,26.918,89.2,37150.3,2,22.361,8.966
E,2,43,500,4,12,3600,28.157,96.2,35514.7,2,22.361,8.966
E,2,43,500,4,13,3900,31.282,99.7,31967.6,2,22.361,8.966
E,2,43,500,4,14,4200,30.261,98.0,33046.2,2,22.361,8.966
E,2,43,500,4,15,4500,30.712,100.4,32560.9,2,22.361,8.966
E,2,43,500,4,16,4800,32.863,111.8,30429.4,2,22.361,8.966
E,2,43,500,4,17,5100,35.311,114.2,28319.8,2,22.361,8.966
E,2,43,500,4,18,5400,31.352,117.8,31895.6,2,22.361,8.966
E,2,43,500,4,19,5700,34.252,126.3,29195.4,2,22.361,8.966
E,2,43,500,4,20,6000,34.635,129.9,28872.2,2,22.361,8.966
E,2,43,500,4,21,6300,13.433,40.4,74443.5,2,22.361,8.966
E,2,43,500,4,22,6600,12.817,35.6,78019.4,2,22.361,8.966
E,2,43,500,4,23,6900,13.978,42.5,71539.3,2,22.361,8.966
E,2,43,500,4,24,7200,13.513,48.6,74002.8,2,22.361,8.966
E,2,43,500,4,25,7500,14.338,36.0,69743.1,2,22.361,8.966
E,2,43,500,4,26,7800,15.65,46.9,63897.8,2,22.361,8.966
E,2,43,500,4,27,8100,15.535,37.7,64370.8,2,22.361,8.966
E,2,43,500,4,28,8400,15.753,35.1,63480.0,2,22.361,8.966
E,2,43,500,4,29,8700,13.045,39.8,76657.7,2,22.361,8.966
E,2,43,500,4,30,9000,11.772,41.4,84947.3,2,22.361,8.966
E,2,43,500,4,31,9300,16.905,42.2,59152.9,2,22.361,8.966
E,2,43,500,4,32,9600,13.873,45.6,72082.5,2,22.361,8.966
E,2,43,500,4,33,9900,19.366,49.7,51637.8,2,22.361,8.966
E,2,43,500,4,34,10200,14.862,50.9,67285.7,2,22.361,8.966
E,2,43,500,4,35,10500,15.591,51.7,64140.9,2,22.361,8.966
E,2,43,500,4,36,10800,17.986,63.5,55597.8,2,22.361,8.966
E,2,43,500,4,37,11100,16.566,57.7,60363.4,2,22.361,8.966
E,2,43,500,4,38,11400,19.564,61.5,51114.3,2,22.361,8.966
E,2,43,500,4,39,11700,17.573,60.7,56905.5,2,22.361,8.966
E,2,43,500,4,40,12000,18.952,65.8,52763.9,2,22.361,8.966
E,2,43,500,5,1,300,23.446,47.6,42651.8,2,22.361,8.966
E,2,43,500,5,2,600,18.715,51.3,53433.1,2,22.361,8.966
E,2,43,500,5,3,900,19.982,60.5,50045.0,2,22.361,8.966
E,2,43,500,5,4,1200,19.758,61.5,50611.6,2,22.361,8.966
E,2,43,500,5,5,1500,23.119,76.8,43254.5,2,22.361,8.966
E,2,43,500,5,6,1800,22.537,70.4,44372.1,2,22.361,8.966
E,2,43,500,5,7,2100,22.726,70.8,44002.5,2,22.361,8.966
E,2,43,500,5,8,2400,23.898,74.8,41845.1,2,22.361,8.966
E,2,43,500,5,9,2700,24.773,86.3,40366.5,2,22.361,8.966
E,2,43,500,5,10,3000,29.824,85.4,33530.4,2,22.361,8.966
E,2,43,500,5,11,3300,27.38,93.3,36523.0,2,22.361,8.966
E,2,43,500,5,12,3600,26.847,91.5,37247.6,2,22.361,8.966
E,2,43,500,5,13,3900,31.461,100.2,31785.4,2,22.361,8.966
E,2,43,500,5,14,4200,28.532,95.1,35048.4,2,22.361,8.966
E,2,43,500,5,15,4500,30.675,100.5,32599.5,2,22.361,8.966
E,2,43,500,5,16,4800,33.534,117.5,29820.2,2,22.361,8.966
E,2,43,500,5,17,5100,34.669,112.0,28843.9,2,22.361,8.966
E,2,43,500,5,18,5400,32.024,118.3,31226.6,2,22.361,8.966
E,2,43,500,5,19,5700,34.438,126.6,29038.0,2,22.361,8.966
E,2,43,500,5,20,6000,34.153,120.1,29280.3,2,22.361,8.966
E,2,43,500,5,21,6300,14.276,42.7,70046.0,2,22.361,8.966
E,2,43,500,5,22,6600,12.582,35.8,79480.7,2,22.361,8.966
E,2,43,500,5,23,6900,13.047,36.3,76646.0,2,22.361,8.966
E,2,43,500,5,24,7200,13.377,48.6,74753.3,2,22.361,8.966
E,2,43,500,5,25,7500,14.799,46.5,67570.6,2,22.361,8.966
E,2,43,500,5,26,7800,14.823,43.7,67464.2,2,22.361,8.966
E,2,43,500,5,27,8100,15.215,36.1,65723.2,2,22.361,8.966
E,2,43,500,5,28,8400,16.134,38.6,61979.6,2,22.361,8.966
E,2,43,500,5,29,8700,12.264,39.6,81541.7,2,22.361,8.966
E,2,43,500,5,30,9000,11.579,41.0,86363.2,2,22.361,8.966
E,2,43,500,5,31,9300,17.078,44.9,58556.0,2,22.361,8.966
E,2,43,500,5,32,9600,14.625,50.7,68374.5,2,22.361,8.966
E,2,43,500,5,33,9900,15.107,48.9,66194.5,2,22.361,8.966
E,2,43,500,5,34,10200,15.057,51.5,66415.8,2,22.361,8.966
E,2,43,500,5,35,10500,15.773,52.4,63400.8,2,22.361,8.966
E,2,43,500,5,36,10800,17.14,54.3,58344.2,2,22.361,8.966
E,2,43,500,5,37,11100,16.906,58.7,59151.8,2,22.361,8.966
E,2,43,500,5,38,11400,18.75,60.5,53333.3,2,22.361,8.966
E,2,43,500,5,39,11700,17.437,60.8,57350.4,2,22.361,8.966
E,2,43,500,5,40,12000,19.384,67.2,51588.0,2,22.361,8.966
E,2,43,500,6,1,300,24.804,58.1,40316.6,2,22.361,8.966
E,2,43,500,6,2,600,18.492,51.5,54077.4,2,22.361,8.966
E,2,43,500,6,3,900,22.667,99.4,44116.3,2,22.361,8.966
E,2,43,500,6,4,1200,19.435,61.1,51452.7,2,22.361,8.966
E,2,43,500,6,5,1500,20.964,66.6,47700.8,2,22.361,8.966
E,2,43,500,6,6,1800,22.412,70.2,44618.3,2,22.361,8.966
E,2,43,500,6,7,2100,21.581,70.6,46337.8,2,22.361,8.966
E,2,43,500,6,8,2400,24.044,75.1,41591.0,2,22.361,8.966
E,2,43,500,6,9,2700,23.793,80.8,42029.8,2,22.361,8.966
E,2,43,500,6,10,3000,30.392,97.4,32903.0,2,22.361,8.966
E,2,43,500,6,11,3300,26.905,88.8,37167.8,2,22.361,8.966
E,2,43,500,6,12,3600,26.764,91.4,37364.1,2,22.361,8.966
E,2,43,500,6,13,3900,31.521,101.7,31724.5,2,22.361,8.966
E,2,43,500,6,14,4200,28.265,95.3,35379.9,2,22.361,8.966
E,2,43,500,6,15,4500,30.718,103.3,32554.6,2,22.361,8.966
E,2,43,500,6,16,4800,32.302,111.7,30957.8,2,22.361,8.966
E,2,43,500,6,17,5100,35.122,113.9,28472.5,2,22.361,8.966
E,2,43,500,6,18,5400,31.475,127.0,31771.2,2,22.361,8.966
E,2,43,500,6,19,5700,33.228,125.8,30095.1,2,22.361,8.966
E,2,43,500,6,20,6000,34.406,131.1,29064.7,2,22.361,8.966
E,2,43,500,6,21,6300,12.74,41.5,78493.0,2,22.361,8.966
E,2,43,500,6,22,6600,12.419,36.0,80521.8,2,22.361,8.966
E,2,43,500,6,23,6900,12.346,36.9,80995.7,2,22.361,8.966
E,2,43,500,6,24,7200,12.723,48.2,78599.9,2,22.361,8.966
E,2,43,500,6,25,7500,13.86,36.8,72148.3,2,22.361,8.966
E,2,43,500,6,26,7800,15.153,44.5,65992.1,2,22.361,8.966
E,2,43,500,6,27,8100,14.787,38.7,67627.0,2,22.361,8.966
E,2,43,500,6,28,8400,15.0,34.8,66668.2,2,22.361,8.966
E,2,43,500,6,29,8700,13.409,45.3,74576.8,2,22.361,8.966
E,2,43,500,6,30,9000,11.342,40.8,88165.3,2,22.361,8.966
E,2,43,500,6,31,9300,16.617,42.5,60180.5,2,22.361,8.966
E,2,43,500,6,32,9600,14.241,54.8,70219.8,2,22.361,8.966
E,2,43,500,6,33,9900,14.725,46.8,67911.7,2,22.361,8.966
E,2,43,500,6,34,10200,14.587,51.2,68555.8,2,22.361,8.966
E,2,43,500,6,35,10500,15.243,52.2,65605.3,2,22.361,8.966
E,2,43,500,6,36,10800,17.578,56.7,56888.2,2,22.361,8.966
E,2,43,500,6,37,11100,16.039,57.9,62346.7,2,22.361,8.966
E,2,43,500,6,38,11400,19.096,61.6,52366.1,2,22.361,8.966
E,2,43,500,6,39,11700,17.264,61.1,57924.0,2,22.361,8.966
E,2,43,500,6,40,12000,18.535,67.4,53952.0,2,22.361,8.966
E,2,43,500,8,1,300,22.761,53.7,43935.4,2,22.361,8.966
E,2,43,500,8,2,600,17.792,52.1,56205.0,2,22.361,8.966
E,2,43,500,8,3,900,18.378,56.3,54412.9,2,22.361,8.966
E,2,43,500,8,4,1200,18.558,61.8,53884.1,2,22.361,8.966
E,2,43,500,8,5,1500,19.694,65.8,50776.9,2,22.361,8.966
E,2,43,500,8,6,1800,21.647,71.0,46196.5,2,22.361,8.966
E,2,43,500,8,7,2100,20.382,70.5,49062.1,2,22.361,8.966
E,2,43,500,8,8,2400,22.914,75.0,43641.4,2,22.361,8.966
E,2,43,500,8,9,2700,22.627,81.1,44195.0,2,22.361,8.966
E,2,43,500,8,10,3000,28.099,98.4,35588.5,2,22.361,8.966
E,2,43,500,8,11,3300,25.494,88.3,39224.4,2,22.361,8.966
E,2,43,500,8,12,3600,25.927,96.3,38569.3,2,22.361,8.966
E,2,43,500,8,13,3900,29.45,100.1,33956.2,2,22.361,8.966
E,2,43,500,8,14,4200,28.786,98.2,34739.5,2,22.361,8.966
E,2,43,500,8,15,4500,28.618,103.8,34943.5,2,22.361,8.966
E,2,43,500,8,16,4800,30.709,112.0,32564.1,2,22.361,8.966
E,2,43,500,8,17,5100,35.126,126.9,28468.7,2,22.361,8.966
E,2,43,500,8,18,5400,29.409,117.9,34002.8,2,22.361,8.966
E,2,43,500,8,19,5700,31.89,126.0,31358.1,2,22.361,8.966
E,2,43,500,8,20,6000,34.406,120.2,29064.4,2,22.361,8.966
E,2,43,500,8,21,6300,11.024,43.9,90711.2,2,22.361,8.966
E,2,43,500,8,22,6600,10.154,36.2,98483.3,2,22.361,8.966
E,2,43,500,8,23,6900,10.607,34.5,94280.3,2,22.361,8.966
E,2,43,500,8,24,7200,11.892,58.4,84087.8,2,22.361,8.966
E,2,43,500,8,25,7500,11.692,37.1,85531.0,2,22.361,8.966
E,2,43,500,8,26,7800,11.843,43.0,84438.1,2,22.361,8.966
E,2,43,500,8,27,8100,12.272,36.4,81486.3,2,22.361,8.966
E,2,43,500,8,28,8400,13.345,37.0,74936.3,2,22.361,8.966
E,2,43,500,8,29,8700,10.115,32.5,98866.3,2,22.361,8.966
E,2,43,500,8,30,9000,9.699,33.8,103106.9,2,22.361,8.966
E,2,43,500,8,31,9300,14.454,35.0,69183.4,2,22.361,8.966
E,2,43,500,8,32,9600,13.537,50.0,73869.8,2,22.361,8.966
E,2,43,500,8,33,9900,13.433,50.3,74445.4,2,22.361,8.966
E,2,43,500,8,34,10200,16.79,66.0,59558.1,2,22.361,8.966
E,2,43,500,8,35,10500,17.657,61.9,56634.8,2,22.361,8.966
E,2,43,500,8,36,10800,15.002,45.2,66659.3,2,22.361,8.966
E,2,43,500,8,37,11100,13.953,49.1,71667.5,2,22.361,8.966
E,2,43,500,8,38,11400,16.614,61.5,60190.2,2,22.361,8.966
E,2,43,500,8,39,11700,18.822,53.3,53130.3,2,22.361,8.966
E,2,43,500,8,40,12000,15.733,55.5,63559.3,2,22.361,8.966
E,2,43,500,10,1,300,23.253,51.3,43005.8,2,22.361,8.966
E,2,43,500,10,2,600,17.715,52.0,56449.3,2,22.361,8.966
E,2,43,500,10,3,900,17.471,54.8,57238.8,2,22.361,8.966
E,2,43,500,10,4,1200,19.325,64.0,51746.4,2,22.361,8.966
E,2,43,500,10,5,1500,19.614,66.9,50983.1,2,22.361,8.966
E,2,43,500,10,6,1800,21.391,70.3,46747.9,2,22.361,8.966
E,2,43,500,10,7,2100,20.39,70.7,49042.9,2,22.361,8.966
E,2,43,500,10,8,2400,22.204,74.6,45037.6,2,22.361,8.966
E,2,43,500,10,9,2700,24.707,88.1,40474.9,2,22.361,8.966
E,2,43,500,10,10,3000,28.474,85.7,35120.2,2,22.361,8.966
E,2,43,500,10,11,3300,25.676,89.1,38946.4,2,22.361,8.966
E,2,43,500,10,12,3600,25.852,95.3,38682.2,2,22.361,8.966
E,2,43,500,10,13,3900,29.587,99.8,33798.2,2,22.361,8.966
E,2,43,500,10,14,4200,27.704,95.7,36095.9,2,22.361,8.966
E,2,43,500,10,15,4500,28.267,100.7,35376.9,2,22.361,8.966
E,2,43,500,10,16,4800,31.853,114.5,31394.5,2,22.361,8.966
E,2,43,500,10,17,5100,33.765,113.4,29616.2,2,22.361,8.966
E,2,43,500,10,18,5400,29.261,117.9,34175.6,2,22.361,8.966
E,2,43,500,10,19,5700,32.048,128.5,31202.9,2,22.361,8.966
E,2,43,500,10,20,6000,32.321,119.8,30939.6,2,22.361,8.966
E,2,43,500,10,21,6300,11.587,53.4,86306.1,2,22.361,8.966
E,2,43,500,10,22,6600,10.195,36.3,98090.5,2,22.361,8.966
E,2,43,500,10,23,6900,10.37,32.9,96432.0,2,22.361,8.966
E,2,43,500,10,24,7200,11.234,50.1,89012.9,2,22.361,8.966
E,2,43,500,10,25,7500,12.339,54.2,81043.8,2,22.361,8.966
E,2,43,500,10,26,7800,11.768,41.1,84976.2,2,22.361,8.966
E,2,43,500,10,27,8100,12.25,35.5,81630.4,2,22.361,8.966
E,2,43,500,10,28,8400,12.512,34.4,79921.2,2,22.361,8.966
E,2,43,500,10,29,8700,10.441,36.2,95779.3,2,22.361,8.966
E,2,43,500,10,30,9000,9.629,33.9,103852.9,2,22.361,8.966
E,2,43,500,10,31,9300,14.451,35.1,69197.8,2,22.361,8.966
E,2,43,500,10,32,9600,11.717,41.2,85348.5,2,22.361,8.966
E,2,43,500,10,33,9900,12.78,52.1,78249.3,2,22.361,8.966
E,2,43,500,10,34,10200,12.374,42.7,80814.6,2,22.361,8.966
E,2,43,500,10,35,10500,12.797,43.3,78141.3,2,22.361,8.966
E,2,43,500,10,36,10800,14.536,46.3,68796.3,2,22.361,8.966
E,2,43,500,10,37,11100,14.093,49.2,70957.2,2,22.361,8.966
E,2,43,500,10,38,11400,15.52,52.6,64431.6,2,22.361,8.966
E,2,43,500,10,39,11700,14.946,53.3,66907.5,2,22.361,8.966
E,2,43,500,10,40,12000,16.197,58.7,61741.1,2,22.361,8.966
E,2,43,500,14,1,300,22.037,48.5,45378.2,2,22.361,8.966
E,2,43,500,14,2,600,18.183,55.7,54997.4,2,22.361,8.966
E,2,43,500,14,3,900,17.303,60.0,57792.3,2,22.361,8.966
E,2,43,500,14,4,1200,18.233,61.9,54844.6,2,22.361,8.966
E,2,43,500,14,5,1500,19.591,67.0,51044.7,2,22.361,8.966
E,2,43,500,14,6,1800,20.763,70.8,48162.6,2,22.361,8.966
E,2,43,500,14,7,2100,20.782,72.7,48119.3,2,22.361,8.966
E,2,43,500,14,8,2400,22.09,75.1,45268.7,2,22.361,8.966
E,2,43,500,14,9,2700,22.875,88.0,43715.2,2,22.361,8.966
E,2,43,500,14,10,3000,28.305,92.4,35329.4,2,22.361,8.966
E,2,43,500,14,11,3300,25.631,89.5,39015.8,2,22.361,8.966
E,2,43,500,14,12,3600,24.99,95.7,40015.5,2,22.361,8.966
E,2,43,500,14,13,3900,29.64,100.2,33738.6,2,22.361,8.966
E,2,43,500,14,14,4200,27.033,97.3,36991.4,2,22.361,8.966
E,2,43,500,14,15,4500,29.066,108.1,34404.1,2,22.361,8.966
E,2,43,500,14,16,4800,30.72,112.9,32552.1,2,22.361,8.966
E,2,43,500,14,17,5100,33.76,115.8,29621.1,2,22.361,8.966
E,2,43,500,14,18,5400,29.828,118.8,33525.5,2,22.361,8.966
E,2,43,500,14,19,5700,31.322,129.3,31926.1,2,22.361,8.966
E,2,43,500,14,20,6000,32.63,140.6,30646.6,2,22.361,8.966
E,2,43,500,14,21,6300,10.81,43.7,92506.9,2,22.361,8.966
E,2,43,500,14,22,6600,10.139,35.4,98629.1,2,22.361,8.966
E,2,43,500,14,23,6900,11.999,43.9,83338.0,2,22.361,8.966
E,2,43,500,14,24,7200,11.316,51.8,88373.1,2,22.361,8.966
E,2,43,500,14,25,7500,11.398,37.0,87732.1,2,22.361,8.966
E,2,43,500,14,26,7800,11.539,43.4,86665.1,2,22.361,8.966
E,2,43,500,14,27,8100,12.942,37.4,77267.8,2,22.361,8.966
E,2,43,500,14,28,8400,12.531,34.9,79802.1,2,22.361,8.966
E,2,43,500,14,29,8700,10.001,33.0,99993.4,2,22.361,8.966
E,2,43,500,14,30,9000,9.616,34.3,103997.0,2,22.361,8.966
E,2,43,500,14,31,9300,16.149,45.0,61924.6,2,22.361,8.966
E,2,43,500,14,32,9600,11.806,41.1,84700.3,2,22.361,8.966
E,2,43,500,14,33,9900,12.184,38.8,82074.9,2,22.361,8.966
E,2,43,500,14,34,10200,12.259,43.2,81574.9,2,22.361,8.966
E,2,43,500,14,35,10500,13.339,46.9,74970.0,2,22.361,8.966
E,2,43,500,14,36,10800,14.542,47.9,68766.3,2,22.361,8.966
E,2,43,500,14,37,11100,13.661,49.2,73201.1,2,22.361,8.966
E,2,43,500,14,38,11400,16.31,55.6,61313.3,2,22.361,8.966
E,2,43,500,14,39,11700,14.981,55.9,66749.7,2,22.361,8.966
E,2,43,500,14,40,12000,15.555,56.2,64286.6,2,22.361,8.966
E,2,43,500,20,1,300,22.309,58.0,44824.3,2,22.361,8.966
E,2,43,500,20,2,600,17.242,55.2,57997.9,2,22.361,8.966
E,2,43,500,20,3,900,16.853,55.1,59335.4,2,22.361,8.966
E,2,43,500,20,4,1200,18.69,70.7,53503.6,2,22.361,8.966
E,2,43,500,20,5,1500,19.33,68.1,51732.2,2,22.361,8.966
E,2,43,500,20,6,1800,20.404,71.0,49009.2,2,22.361,8.966
E,2,43,500,20,7,2100,21.09,84.9,47416.6,2,22.361,8.966
E,2,43,500,20,8,2400,21.981,78.1,45493.8,2,22.361,8.966
E,2,43,500,20,9,2700,22.318,81.5,44806.2,2,22.361,8.966
E,2,43,500,20,10,3000,26.877,86.1,37206.5,2,22.361,8.966
E,2,43,500,20,11,3300,25.51,89.7,39199.8,2,22.361,8.966
E,2,43,500,20,12,3600,24.496,91.5,40823.5,2,22.361,8.966
E,2,43,500,20,13,3900,29.436,105.9,33971.6,2,22.361,8.966
E,2,43,500,20,14,4200,26.349,97.6,37952.6,2,22.361,8.966
E,2,43,500,20,15,4500,28.171,101.2,35497.1,2,22.361,8.966
E,2,43,500,20,16,4800,31.003,117.8,32254.9,2,22.361,8.966
E,2,43,500,20,17,5100,33.044,112.7,30262.7,2,22.361,8.966
E,2,43,500,20,18,5400,29.657,124.6,33718.5,2,22.361,8.966
E,2,43,500,20,19,5700,30.623,126.9,32655.2,2,22.361,8.966
E,2,43,500,20,20,6000,32.409,128.9,30855.9,2,22.361,8.966
E,2,43,500,20,21,6300,10.322,42.1,96877.3,2,22.361,8.966
E,2,43,500,20,22,6600,9.702,36.4,103075.1,2,22.361,8.966
E,2,43,500,20,23,6900,10.317,37.8,96930.5,2,22.361,8.966
E,2,43,500,20,24,7200,13.877,51.3,72059.9,2,22.361,8.966
E,2,43,500,20,25,7500,10.969,36.0,91166.0,2,22.361,8.966
E,2,43,500,20,26,7800,11.078,40.1,90266.3,2,22.361,8.966
E,2,43,500,20,27,8100,12.159,53.6,82243.6,2,22.361,8.966
E,2,43,500,20,28,8400,12.052,36.0,82971.5,2,22.361,8.966
E,2,43,500,20,29,8700,9.412,31.3,106247.3,2,22.361,8.966
E,2,43,500,20,30,9000,9.164,33.0,109118.7,2,22.361,8.966
E,2,43,500,20,31,9300,14.444,52.6,69232.9,2,22.361,8.966
E,2,43,500,20,32,9600,11.034,36.6,90631.7,2,22.361,8.966
E,2,43,500,20,33,9900,11.571,39.3,86420.5,2,22.361,8.966
E,2,43,500,20,34,10200,11.945,40.6,83717.0,2,22.361,8.966
E,2,43,500,20,35,10500,12.74,44.6,78492.9,2,22.361,8.966
E,2,43,500,20,36,10800,14.002,43.2,71416.7,2,22.361,8.966
E,2,43,500,20,37,11100,13.287,47.1,75261.5,2,22.361,8.966
E,2,43,500,20,38,11400,15.739,54.6,63536.4,2,22.361,8.966
E,2,43,500,20,39,11700,14.545,51.2,68750.6,2,22.361,8.966
E,2,43,500,20,40,12000,14.916,54.5,67043.6,2,22.361,8.966
E,2,43,800,2,1,300,32.107,85.8,31146.2,2,28.284,9.644
E,2,43,800,2,2,600,22.336,47.2,44770.1,2,28.284,9.644
E,2,43,800,2,3,900,22.182,65.9,45082.3,2,28.284,9.644
E,2,43,800,2,4,1200,20.982,48.2,47660.7,2,28.284,9.644
E,2,43,800,2,5,1500,23.97,75.4,41718.8,2,28.284,9.644
E,2,43,800,2,6,1800,22.927,63.8,43616.1,2,28.284,9.644
E,2,43,800,2,7,2100,24.338,75.9,41088.6,2,28.284,9.644
E,2,43,800,2,8,2400,22.644,52.2,44161.2,2,28.284,9.644
E,2,43,800,2,9,2700,23.365,79.7,42799.1,2,28.284,9.644
E,2,43,800,2,10,3000,28.969,60.6,34519.7,2,28.284,9.644
E,2,43,800,2,11,3300,24.429,62.7,40935.0,2,28.284,9.644
E,2,43,800,2,12,3600,23.362,50.5,42805.2,2,28.284,9.644
E,2,43,800,2,13,3900,24.954,70.6,40073.7,2,28.284,9.644
E,2,43,800,2,14,4200,18.933,68.4,52817.8,2,28.284,9.644
E,2,43,800,2,15,4500,9.364,31.4,106792.0,2,28.284,9.644
E,2,43,800,2,16,4800,10.515,31.1,95099.2,2,28.284,9.644
E,2,43,800,2,17,5100,13.083,41.9,76437.0,2,28.284,9.644
E,2,43,800,2,18,5400,14.017,38.2,71341.9,2,28.284,9.644
E,2,43,800,2,19,5700,15.697,35.1,63707.8,2,28.284,9.644
E,2,43,800,2,20,6000,31.566,87.7,31680.0,2,28.284,9.644
E,2,43,800,2,21,6300,23.294,53.7,42930.1,2,28.284,9.644
E,2,43,800,2,22,6600,24.924,59.1,40122.0,2,28.284,9.644
E,2,43,800,2,23,6900,25.22,70.2,39650.5,2,28.284,9.644
E,2,43,800,2,24,7200,26.185,73.9,38189.8,2,28.284,9.644
E,2,43,800,2,25,7500,25.134,77.8,39787.3,2,28.284,9.644
E,2,43,800,2,26,7800,16.217,49.7,61663.7,2,28.284,9.644
E,2,43,800,2,27,8100,16.127,48.9,62007.8,2,28.284,9.644
E,2,43,800,2,28,8400,17.506,69.2,57123.3,2,28.284,9.644
E,2,43,800,2,29,8700,17.999,64.8,55557.6,2,28.284,9.644
E,2,43,800,2,30,9000,18.788,60.2,53226.4,2,28.284,9.644
E,2,43,800,2,31,9300,24.416,89.6,40956.2,2,28.284,9.644
E,2,43,800,2,32,9600,19.726,60.4,50693.7,2,28.284,9.644
E,2,43,800,2,33,9900,21.131,55.2,47323.8,2,28.284,9.644
E,2,43,800,2,34,10200,21.123,49.2,47341.0,2,28.284,9.644
E,2,43,800,2,35,10500,21.426,49.5,46673.0,2,28.284,9.644
E,2,43,800,2,36,10800,23.666,63.8,42254.1,2,28.284,9.644
E,2,43,800,2,37,11100,23.517,54.9,42521.8,2,28.284,9.644
E,2,43,800,2,38,11400,26.541,68.5,37677.1,2,28.284,9.644
E,2,43,800,2,39,11700,23.431,65.1,42677.9,2,28.284,9.644
E,2,43,800,2,40,12000,26.047,69.2,38392.1,2,28.284,9.644
E,2,43,800,3,1,300,29.488,56.8,33911.7,2,28.284,9.644
E,2,43,800,3,2,600,18.834,45.9,53094.5,2,28.284,9.644
E,2,43,800,3,3,900,18.761,59.4,53302.1,2,28.284,9.644
E,2,43,800,3,4,1200,17.942,47.6,55736.2,2,28.284,9.644
E,2,43,800,3,5,1500,18.776,48.7,53258.5,2,28.284,9.644
E,2,43,800,3,6,1800,19.431,59.2,51464.2,2,28.284,9.644
E,2,43,800,3,7,2100,20.507,66.0,48764.6,2,28.284,9.644
E,2,43,800,3,8,2400,22.354,62.4,44735.4,2,28.284,9.644
E,2,43,800,3,9,2700,19.947,58.1,50132.9,2,28.284,9.644
E,2,43,800,3,10,3000,24.705,57.2,40477.1,2,28.284,9.644
E,2,43,800,3,11,3300,19.64,50.8,50915.6,2,28.284,9.644
E,2,43,800,3,12,3600,19.395,46.6,51559.7,2,28.284,9.644
E,2,43,800,3,13,3900,21.248,70.0,47062.5,2,28.284,9.644
E,2,43,800,3,14,4200,15.71,58.2,63655.1,2,28.284,9.644
E,2,43,800,3,15,4500,8.234,29.3,121452.6,2,28.284,9.644
E,2,43,800,3,16,4800,10.546,43.6,94819.7,2,28.284,9.644
E,2,43,800,3,17,5100,16.871,48.7,59273.3,2,28.284,9.644
E,2,43,800,3,18,5400,20.476,50.4,48837.7,2,28.284,9.644
E,2,43,800,3,19,5700,15.171,43.4,65915.2,2,28.284,9.644
E,2,43,800,3,20,6000,31.498,81.5,31747.7,2,28.284,9.644
E,2,43,800,3,21,6300,21.19,62.4,47192.8,2,28.284,9.644
E,2,43,800,3,22,6600,21.002,49.5,47613.8,2,28.284,9.644
E,2,43,800,3,23,6900,22.014,78.9,45424.9,2,28.284,9.644
E,2,43,800,3,24,7200,22.28,73.1,44884.0,2,28.284,9.644
E,2,43,800,3,25,7500,21.175,77.1,47226.2,2,28.284,9.644
E,2,43,800,3,26,7800,13.471,47.8,74235.4,2,28.284,9.644
E,2,43,800,3,27,8100,13.97,44.7,71582.0,2,28.284,9.644
E,2,43,800,3,28,8400,15.513,58.8,64463.5,2,28.284,9.644
E,2,43,800,3,29,8700,15.725,44.0,63593.0,2,28.284,9.644
E,2,43,800,3,30,9000,16.233,59.4,61601.6,2,28.284,9.644
E,2,43,800,3,31,9300,21.065,48.5,47472.9,2,28.284,9.644
E,2,43,800,3,32,9600,18.402,75.9,54342.9,2,28.284,9.644
E,2,43,800,3,33,9900,18.453,52.0,54191.7,2,28.284,9.644
E,2,43,800,3,34,10200,21.013,74.9,47589.6,2,28.284,9.644
E,2,43,800,3,35,10500,19.961,51.7,50097.7,2,28.284,9.644
E,2,43,800,3,36,10800,21.01,49.9,47595.6,2,28.284,9.644
E,2,43,800,3,37,11100,22.451,88.8,44541.4,2,28.284,9.644
E,2,43,800,3,38,11400,22.481,51.2,44482.7,2,28.284,9.644
E,2,43,800,3,39,11700,22.305,72.6,44833.7,2,28.284,9.644
E,2,43,800,3,40,12000,23.0,65.4,43477.6,2,28.284,9.644
E,2,43,800,4,1,300,25.094,52.6,39849.6,2,28.284,9.644
E,2,43,800,4,2,600,14.851,45.2,67335.5,2,28.284,9.644
E,2,43,800,4,3,900,15.177,51.3,65887.7,2,28.284,9.644
E,2,43,800,4,4,1200,14.948,49.0,66897.1,2,28.284,9.644
E,2,43,800,4,5,1500,15.521,50.0,64428.8,2,28.284,9.644
E,2,43,800,4,6,1800,15.51,54.6,64475.9,2,28.284,9.644
E,2,43,800,4,7,2100,17.192,77.1,58167.7,2,28.284,9.644
E,2,43,800,4,8,2400,15.231,47.8,65655.6,2,28.284,9.644
E,2,43,800,4,9,2700,16.407,51.8,60949.6,2,28.284,9.644
E,2,43,800,4,10,3000,21.47,58.8,46577.3,2,28.284,9.644
E,2,43,800,4,11,3300,15.202,60.2,65782.3,2,28.284,9.644
E,2,43,800,4,12,3600,15.701,47.5,63691.5,2,28.284,9.644
E,2,43,800,4,13,3900,16.724,60.2,59795.5,2,28.284,9.644
E,2,43,800,4,14,4200,12.787,58.0,78206.5,2,28.284,9.644
E,2,43,800,4,15,4500,6.714,20.1,148942.5,2,28.284,9.644
E,2,43,800,4,16,4800,7.934,17.6,126045.2,2,28.284,9.644
E,2,43,800,4,17,5100,10.228,22.8,97767.6,2,28.284,9.644
E,2,43,800,4,18,5400,10.874,28.1,91962.5,2,28.284,9.644
E,2,43,800,4,19,5700,12.559,34.2,79622.1,2,28.284,9.644
E,2,43,800,4,20,6000,26.113,63.5,38295.6,2,28.284,9.644
E,2,43,800,4,21,6300,15.145,54.3,66028.4,2,28.284,9.644
E,2,43,800,4,22,6600,16.347,51.6,61173.3,2,28.284,9.644
E,2,43,800,4,23,6900,17.179,69.3,58209.5,2,28.284,9.644
E,2,43,800,4,24,7200,17.149,73.9,58312.4,2,28.284,9.644
E,2,43,800,4,25,7500,16.146,70.5,61936.1,2,28.284,9.644
E,2,43,800,4,26,7800,10.693,45.1,93522.0,2,28.284,9.644
E,2,43,800,4,27,8100,10.928,45.2,91508.1,2,28.284,9.644
E,2,43,800,4,28,8400,12.667,59.1,78947.4,2,28.284,9.644
E,2,43,800,4,29,8700,11.874,41.4,84220.0,2,28.284,9.644
E,2,43,800,4,30,9000,14.185,79.9,70495.3,2,28.284,9.644
E,2,43,800,4,31,9300,18.077,49.2,55319.9,2,28.284,9.644
E,2,43,800,4,32,9600,14.073,54.4,71059.7,2,28.284,9.644
E,2,43,800,4,33,9900,15.619,47.4,64025.9,2,28.284,9.644
E,2,43,800,4,34,10200,15.9,46.3,62894.4,2,28.284,9.644
E,2,43,800,4,35,10500,16.747,44.9,59712.2,2,28.284,9.644
E,2,43,800,4,36,10800,17.643,47.8,56680.8,2,28.284,9.644
E,2,43,800,4,37,11100,19.112,78.0,52322.2,2,28.284,9.644
E,2,43,800,4,38,11400,18.202,45.6,54938.0,2,28.284,9.644
E,2,43,800,4,39,11700,19.081,60.5,52409.1,2,28.284,9.644
E,2,43,800,4,40,12000,19.538,57.0,51182.3,2,28.284,9.644
E,2,43,800,5,1,300,27.922,82.2,35814.1,2,28.284,9.644
E,2,43,800,5,2,600,14.796,49.1,67584.3,2,28.284,9.644
E,2,43,800,5,3,900,14.846,55.2,67358.2,2,28.284,9.644
E,2,43,800,5,4,1200,14.987,58.9,66726.0,2,28.284,9.644
E,2,43,800,5,5,1500,15.362,50.3,65097.1,2,28.284,9.644
E,2,43,800,5,6,1800,15.301,52.2,65355.2,2,28.284,9.644
E,2,43,800,5,7,2100,17.405,67.6,57455.9,2,28.284,9.644
E,2,43,800,5,8,2400,15.062,47.0,66392.2,2,28.284,9.644
E,2,43,800,5,9,2700,16.314,53.4,61298.3,2,28.284,9.644
E,2,43,800,5,10,3000,21.193,61.4,47185.4,2,28.284,9.644
E,2,43,800,5,11,3300,14.776,51.8,67677.3,2,28.284,9.644
E,2,43,800,5,12,3600,14.63,46.2,68351.2,2,28.284,9.644
E,2,43,800,5,13,3900,17.126,66.1,58391.9,2,28.284,9.644
E,2,43,800,5,14,4200,12.69,59.5,78802.2,2,28.284,9.644
E,2,43,800,5,15,4500,6.81,20.6,146835.7,2,28.284,9.644
E,2,43,800,5,16,4800,7.899,17.5,126598.3,2,28.284,9.644
E,2,43,800,5,17,5100,10.088,29.2,99124.4,2,28.284,9.644
E,2,43,800,5,18,5400,10.598,30.0,94357.4,2,28.284,9.644
E,2,43,800,5,19,5700,12.632,34.7,79166.1,2,28.284,9.644
E,2,43,800,5,20,6000,27.463,111.9,36412.6,2,28.284,9.644
E,2,43,800,5,21,6300,15.454,56.6,64706.8,2,28.284,9.644
E,2,43,800,5,22,6600,16.247,53.6,61551.1,2,28.284,9.644
E,2,43,800,5,23,6900,17.238,61.7,58012.5,2,28.284,9.644
E,2,43,800,5,24,7200,17.001,73.3,58818.9,2,28.284,9.644
E,2,43,800,5,25,7500,15.659,70.7,63859.7,2,28.284,9.644
E,2,43,800,5,26,7800,10.192,46.0,98113.0,2,28.284,9.644
E,2,43,800,5,27,8100,11.297,51.4,88521.7,2,28.284,9.644
E,2,43,800,5,28,8400,12.384,59.0,80747.2,2,28.284,9.644
E,2,43,800,5,29,8700,11.705,41.9,85433.6,2,28.284,9.644
E,2,43,800,5,30,9000,13.421,60.4,74510.1,2,28.284,9.644
E,2,43,800,5,31,9300,18.246,48.7,54807.5,2,28.284,9.644
E,2,43,800,5,32,9600,13.792,54.9,72505.8,2,28.284,9.644
E,2,43,800,5,33,9900,14.863,48.8,67282.7,2,28.284,9.644
E,2,43,800,5,34,10200,15.839,49.7,63136.6,2,28.284,9.644
E,2,43,800,5,35,10500,16.252,44.9,61530.9,2,28.284,9.644
E,2,43,800,5,36,10800,16.771,47.7,59627.9,2,28.284,9.644
E,2,43,800,5,37,11100,19.59,90.2,51045.6,2,28.284,9.644
E,2,43,800,5,38,11400,18.011,46.1,55521.6,2,28.284,9.644
E,2,43,800,5,39,11700,18.349,58.3,54498.9,2,28.284,9.644
E,2,43,800,5,40,12000,19.321,57.4,51757.2,2,28.284,9.644
E,2,43,800,6,1,300,24.631,52.9,40599.2,2,28.284,9.644
E,2,43,800,6,2,600,14.072,48.2,71064.8,2,28.284,9.644
E,2,43,800,6,3,900,14.101,51.9,70915.3,2,28.284,9.644
E,2,43,800,6,4,1200,14.029,47.9,71280.9,2,28.284,9.644
E,2,43,800,6,5,1500,15.301,63.5,65353.8,2,28.284,9.644
E,2,43,800,6,6,1800,14.502,59.0,68956.0,2,28.284,9.644
E,2,43,800,6,7,2100,15.648,62.0,63905.9,2,28.284,9.644
E,2,43,800,6,8,2400,14.627,45.6,68365.2,2,28.284,9.644
E,2,43,800,6,9,2700,15.558,52.8,64275.6,2,28.284,9.644
E,2,43,800,6,10,3000,19.124,55.6,52291.2,2,28.284,9.644
E,2,43,800,6,11,3300,14.885,59.0,67183.2,2,28.284,9.644
E,2,43,800,6,12,3600,13.916,49.0,71858.0,2,28.284,9.644
E,2,43,800,6,13,3900,15.464,60.4,64667.7,2,28.284,9.644
E,2,43,800,6,14,4200,12.216,57.8,81859.8,2,28.284,9.644
E,2,43,800,6,15,4500,9.891,17.0,101105.4,2,28.284,9.644
E,2,43,800,6,16,4800,7.808,17.8,128068.3,2,28.284,9.644
E,2,43,800,6,17,5100,9.499,21.5,105274.3,2,28.284,9.644
E,2,43,800,6,18,5400,10.663,28.1,93785.2,2,28.284,9.644
E,2,43,800,6,19,5700,13.012,39.2,76854.1,2,28.284,9.644
E,2,43,800,6,20,6000,25.652,62.8,38983.3,2,28.284,9.644
E,2,43,800,6,21,6300,14.421,54.0,69343.3,2,28.284,9.644
E,2,43,800,6,22,6600,17.935,81.7,55755.9,2,28.284,9.644
E,2,43,800,6,23,6900,15.973,62.1,62604.3,2,28.284,9.644
E,2,43,800,6,24,7200,16.193,76.2,61756.3,2,28.284,9.644
E,2,43,800,6,25,7500,15.728,72.6,63580.9,2,28.284,9.644
E,2,43,800,6,26,7800,9.561,42.9,104587.9,2,28.284,9.644
E,2,43,800,6,27,8100,10.625,46.7,94114.7,2,28.284,9.644
E,2,43,800,6,28,8400,12.087,59.5,82733.5,2,28.284,9.644
E,2,43,800,6,29,8700,12.618,62.1,79254.0,2,28.284,9.644
E,2,43,800,6,30,9000,12.9,69.4,77519.4,2,28.284,9.644
E,2,43,800,6,31,9300,17.807,49.1,56158.7,2,28.284,9.644
E,2,43,800,6,32,9600,14.781,61.0,67655.9,2,28.284,9.644
E,2,43,800,6,33,9900,14.716,60.0,67954.8,2,28.284,9.644
E,2,43,800,6,34,10200,15.154,46.9,65989.2,2,28.284,9.644
E,2,43,800,6,35,10500,16.767,44.7,59641.0,2,28.284,9.644
E,2,43,800,6,36,10800,16.687,52.5,59926.9,2,28.284,9.644
E,2,43,800,6,37,11100,18.378,54.3,54413.9,2,28.284,9.644
E,2,43,800,6,38,11400,18.375,57.5,54422.8,2,28.284,9.644
E,2,43,800,6,39,11700,17.762,58.6,56301.0,2,28.284,9.644
E,2,43,800,6,40,12000,18.884,68.1,52955.8,2,28.284,9.644
E,2,43,800,8,1,300,22.816,51.7,43828.9,2,28.284,9.644
E,2,43,800,8,2,600,13.606,51.5,73497.0,2,28.284,9.644
E,2,43,800,8,3,900,12.862,53.8,77748.4,2,28.284,9.644
E,2,43,800,8,4,1200,12.415,47.3,80549.9,2,28.284,9.644
E,2,43,800,8,5,1500,12.967,50.6,77118.8,2,28.284,9.644
E,2,43,800,8,6,1800,13.557,52.0,73760.8,2,28.284,9.644
E,2,43,800,8,7,2100,14.259,61.7,70132.8,2,28.284,9.644
E,2,43,800,8,8,2400,12.829,52.0,77946.4,2,28.284,9.644
E,2,43,800,8,9,2700,14.827,61.5,67444.5,2,28.284,9.644
E,2,43,800,8,10,3000,17.857,56.6,56001.5,2,28.284,9.644
E,2,43,800,8,11,3300,12.554,50.7,79658.0,2,28.284,9.644
E,2,43,800,8,12,3600,11.899,46.5,84040.7,2,28.284,9.644
E,2,43,800,8,13,3900,14.234,59.6,70256.0,2,28.284,9.644
E,2,43,800,8,14,4200,10.231,54.0,97742.2,2,28.284,9.644
E,2,43,800,8,15,4500,5.837,15.5,171320.8,2,28.284,9.644
E,2,43,800,8,16,4800,7.387,17.0,135366.8,2,28.284,9.644
E,2,43,800,8,17,5100,9.207,22.1,108616.9,2,28.284,9.644
E,2,43,800,8,18,5400,10.057,28.6,99436.5,2,28.284,9.644
E,2,43,800,8,19,5700,11.602,35.0,86189.6,2,28.284,9.644
E,2,43,800,8,20,6000,23.714,60.4,42169.2,2,28.284,9.644
E,2,43,800,8,21,6300,12.94,59.9,77279.8,2,28.284,9.644
E,2,43,800,8,22,6600,13.669,50.9,73156.5,2,28.284,9.644
E,2,43,800,8,23,6900,13.522,55.0,73951.7,2,28.284,9.644
E,2,43,800,8,24,7200,14.32,72.4,69834.0,2,28.284,9.644
E,2,43,800,8,25,7500,13.109,69.7,76283.5,2,28.284,9.644
E,2,43,800,8,26,7800,8.575,42.8,116622.6,2,28.284,9.644
E,2,43,800,8,27,8100,9.347,45.5,106990.0,2,28.284,9.644
E,2,43,800,8,28,8400,10.68,56.8,93630.0,2,28.284,9.644
E,2,43,800,8,29,8700,10.843,44.8,92222.6,2,28.284,9.644
E,2,43,800,8,30,9000,11.55,78.0,86580.1,2,28.284,9.644
E,2,43,800,8,31,9300,16.332,49.2,61230.7,2,28.284,9.644
E,2,43,800,8,32,9600,12.45,58.1,80321.3,2,28.284,9.644
E,2,43,800,8,33,9900,12.81,49.6,78064.0,2,28.284,9.644
E,2,43,800,8,34,10200,13.771,45.4,72614.6,2,28.284,9.644
E,2,43,800,8,35,10500,14.354,45.0,69668.6,2,28.284,9.644
E,2,43,800,8,36,10800,17.729,67.6,56404.8,2,28.284,9.644
E,2,43,800,8,37,11100,17.358,85.6,57610.3,2,28.284,9.644
E,2,43,800,8,38,11400,15.713,45.9,63641.6,2,28.284,9.644
E,2,43,800,8,39,11700,17.05,61.2,58652.2,2,28.284,9.644
E,2,43,800,8,40,12000,17.533,66.6,57036.4,2,28.284,9.644
E,2,43,800,10,1,300,23.432,75.8,42676.1,2,28.284,9.644
E,2,43,800,10,2,600,12.691,49.6,78798.1,2,28.284,9.644
E,2,43,800,10,3,900,12.836,51.2,77905.9,2,28.284,9.644
E,2,43,800,10,4,1200,13.413,61.6,74552.7,2,28.284,9.644
E,2,43,800,10,5,1500,13.439,56.6,74410.3,2,28.284,9.644
E,2,43,800,10,6,1800,13.078,53.9,76462.3,2,28.284,9.644
E,2,43,800,10,7,2100,14.17,62.3,70573.3,2,28.284,9.644
E,2,43,800,10,8,2400,13.245,47.5,75502.1,2,28.284,9.644
E,2,43,800,10,9,2700,13.911,53.3,71887.3,2,28.284,9.644
E,2,43,800,10,10,3000,17.645,54.8,56674.4,2,28.284,9.644
E,2,43,800,10,11,3300,13.053,64.7,76608.8,2,28.284,9.644
E,2,43,800,10,12,3600,12.144,47.7,82347.5,2,28.284,9.644
E,2,43,800,10,13,3900,13.813,64.8,72393.8,2,28.284,9.644
E,2,43,800,10,14,4200,10.182,52.7,98215.8,2,28.284,9.644
E,2,43,800,10,15,4500,5.91,12.3,169204.7,2,28.284,9.644
E,2,43,800,10,16,4800,7.772,24.0,128672.5,2,28.284,9.644
E,2,43,800,10,17,5100,9.166,21.9,109102.8,2,28.284,9.644
E,2,43,800,10,18,5400,9.869,28.3,101327.4,2,28.284,9.644
E,2,43,800,10,19,5700,11.544,35.6,86625.1,2,28.284,9.644
E,2,43,800,10,20,6000,24.243,56.8,41248.5,2,28.284,9.644
E,2,43,800,10,21,6300,12.632,54.2,79161.9,2,28.284,9.644
E,2,43,800,10,22,6600,13.743,49.4,72766.1,2,28.284,9.644
E,2,43,800,10,23,6900,14.51,82.3,68916.4,2,28.284,9.644
E,2,43,800,10,24,7200,14.253,73.6,70160.7,2,28.284,9.644
E,2,43,800,10,25,7500,13.154,71.6,76020.6,2,28.284,9.644
E,2,43,800,10,26,7800,8.586,44.7,116464.2,2,28.284,9.644
E,2,43,800,10,27,8100,10.729,50.9,93208.2,2,28.284,9.644
E,2,43,800,10,28,8400,10.867,59.3,92024.5,2,28.284,9.644
E,2,43,800,10,29,8700,10.119,42.0,98827.2,2,28.284,9.644
E,2,43,800,10,30,9000,11.711,65.8,85392.2,2,28.284,9.644
E,2,43,800,10,31,9300,17.061,51.9,58612.1,2,28.284,9.644
E,2,43,800,10,32,9600,12.183,55.3,82081.6,2,28.284,9.644
E,2,43,800,10,33,9900,12.791,49.2,78177.9,2,28.284,9.644
E,2,43,800,10,34,10200,13.909,46.2,71897.6,2,28.284,9.644
E,2,43,800,10,35,10500,15.655,57.9,63876.0,2,28.284,9.644
E,2,43,800,10,36,10800,15.024,48.9,66561.6,2,28.284,9.644
E,2,43,800,10,37,11100,17.005,53.3,58807.4,2,28.284,9.644
E,2,43,800,10,38,11400,17.29,61.2,57836.9,2,28.284,9.644
E,2,43,800,10,39,11700,16.315,58.2,61292.0,2,28.284,9.644
E,2,43,800,10,40,12000,18.169,63.2,55037.8,2,28.284,9.644
E,2,43,800,14,1,300,23.484,52.2,42582.8,2,28.284,9.644
E,2,43,800,14,2,600,12.265,48.7,81532.8,2,28.284,9.644
E,2,43,800,14,3,900,12.305,51.2,81267.8,2,28.284,9.644
E,2,43,800,14,4,1200,12.899,49.4,77527.4,2,28.284,9.644
E,2,43,800,14,5,1500,13.071,50.3,76507.2,2,28.284,9.644
E,2,43,800,14,6,1800,12.58,54.6,79491.2,2,28.284,9.644
E,2,43,800,14,7,2100,14.763,76.1,67736.9,2,28.284,9.644
E,2,43,800,14,8,2400,12.722,49.3,78601.9,2,28.284,9.644
E,2,43,800,14,9,2700,13.654,54.8,73240.4,2,28.284,9.644
E,2,43,800,14,10,3000,17.082,53.8,58542.3,2,28.284,9.644
E,2,43,800,14,11,3300,13.065,52.5,76540.4,2,28.284,9.644
E,2,43,800,14,12,3600,11.765,47.2,84995.5,2,28.284,9.644
E,2,43,800,14,13,3900,13.106,58.8,76299.0,2,28.284,9.644
E,2,43,800,14,14,4200,9.907,52.2,100935.3,2,28.284,9.644
E,2,43,800,14,15,4500,6.14,22.0,162875.3,2,28.284,9.644
E,2,43,800,14,16,4800,7.197,16.8,138946.8,2,28.284,9.644
E,2,43,800,14,17,5100,8.97,22.1,111478.6,2,28.284,9.644
E,2,43,800,14,18,5400,9.64,28.9,103734.4,2,28.284,9.644
E,2,43,800,14,19,5700,11.372,35.8,87932.7,2,28.284,9.644
E,2,43,800,14,20,6000,24.173,61.4,41368.5,2,28.284,9.644
E,2,43,800,14,21,6300,12.016,53.6,83224.7,2,28.284,9.644
E,2,43,800,14,22,6600,16.397,49.5,60986.8,2,28.284,9.644
E,2,43,800,14,23,6900,15.034,83.1,66514.4,2,28.284,9.644
E,2,43,800,14,24,7200,14.001,76.7,71421.8,2,28.284,9.644
E,2,43,800,14,25,7500,12.766,71.0,78331.0,2,28.284,9.644
E,2,43,800,14,26,7800,9.542,62.7,104796.2,2,28.284,9.644
E,2,43,800,14,27,8100,9.853,51.7,101491.9,2,28.284,9.644
E,2,43,800,14,28,8400,10.535,58.5,94924.7,2,28.284,9.644
E,2,43,800,14,29,8700,10.028,42.8,99724.1,2,28.284,9.644
E,2,43,800,14,30,9000,11.403,79.4,87696.2,2,28.284,9.644
E,2,43,800,14,31,9300,17.328,48.0,57710.1,2,28.284,9.644
E,2,43,800,14,32,9600,12.024,53.4,83164.7,2,28.284,9.644
E,2,43,800,14,33,9900,12.485,50.8,80098.3,2,28.284,9.644
E,2,43,800,14,34,10200,13.874,48.1,72079.0,2,28.284,9.644
E,2,43,800,14,35,10500,14.324,45.3,69811.3,2,28.284,9.644
E,2,43,800,14,36,10800,14.658,47.4,68223.7,2,28.284,9.644
E,2,43,800,14,37,11100,17.194,71.7,58159.8,2,28.284,9.644
E,2,43,800,14,38,11400,15.682,50.8,63766.0,2,28.284,9.644
E,2,43,800,14,39,11700,16.156,58.1,61897.8,2,28.284,9.644
E,2,43,800,14,40,12000,17.634,62.2,56707.6,2,28.284,9.644
E,2,43,800,20,1,300,22.926,63.6,43618.0,2,28.284,9.644
E,2,43,800,20,2,600,12.069,50.2,82859.2,2,28.284,9.644
E,2,43,800,20,3,900,12.171,53.9,82164.8,2,28.284,9.644
E,2,43,800,20,4,1200,11.509,47.3,86886.0,2,28.284,9.644
E,2,43,800,20,5,1500,12.799,69.7,78129.1,2,28.284,9.644
E,2,43,800,20,6,1800,12.469,57.6,80198.9,2,28.284,9.644
E,2,43,800,20,7,2100,13.623,64.1,73405.3,2,28.284,9.644
E,2,43,800,20,8,2400,12.149,46.4,82309.0,2,28.284,9.644
E,2,43,800,20,9,2700,13.851,49.9,72197.0,2,28.284,9.644
E,2,43,800,20,10,3000,17.066,56.9,58597.2,2,28.284,9.644
E,2,43,800,20,11,3300,11.456,57.6,87293.0,2,28.284,9.644
E,2,43,800,20,12,3600,11.199,47.3,89293.7,2,28.284,9.644
E,2,43,800,20,13,3900,13.426,60.7,74480.5,2,28.284,9.644
E,2,43,800,20,14,4200,9.449,52.9,105827.6,2,28.284,9.644
E,2,43,800,20,15,4500,5.592,11.2,178826.9,2,28.284,9.644
E,2,43,800,20,16,4800,7.153,18.3,139795.0,2,28.284,9.644
E,2,43,800,20,17,5100,8.853,22.9,112960.3,2,28.284,9.644
E,2,43,800,20,18,5400,9.917,30.6,100836.9,2,28.284,9.644
E,2,43,800,20,19,5700,11.232,35.4,89031.4,2,28.284,9.644
E,2,43,800,20,20,6000,23.643,56.3,42295.8,2,28.284,9.644
E,2,43,800,20,21,6300,12.172,59.0,82153.5,2,28.284,9.644
E,2,43,800,20,22,6600,13.013,51.7,76846.2,2,28.284,9.644
E,2,43,800,20,23,6900,12.493,49.6,80042.7,2,28.284,9.644
E,2,43,800,20,24,7200,13.27,76.2,75358.0,2,28.284,9.644
E,2,43,800,20,25,7500,12.905,72.8,77491.3,2,28.284,9.644
E,2,43,800,20,26,7800,8.186,43.5,122164.8,2,28.284,9.644
E,2,43,800,20,27,8100,8.75,45.1,114290.1,2,28.284,9.644
E,2,43,800,20,28,8400,10.246,57.1,97595.9,2,28.284,9.644
E,2,43,800,20,29,8700,10.852,70.4,92151.7,2,28.284,9.644
E,2,43,800,20,30,9000,11.229,64.6,89052.5,2,28.284,9.644
E,2,43,800,20,31,9300,16.15,45.9,61918.2,2,28.284,9.644
E,2,43,800,20,32,9600,11.59,54.2,86283.8,2,28.284,9.644
E,2,43,800,20,33,9900,12.781,51.8,78239.1,2,28.284,9.644
E,2,43,800,20,34,10200,13.123,46.7,76202.1,2,28.284,9.644
E,2,43,800,20,35,10500,14.014,45.0,71358.9,2,28.284,9.644
E,2,43,800,20,36,10800,14.431,49.7,69293.7,2,28.284,9.644
E,2,43,800,20,37,11100,16.882,85.8,59235.9,2,28.284,9.644
E,2,43,800,20,38,11400,15.034,46.6,66515.9,2,28.284,9.644
E,2,43,800,20,39,11700,15.472,55.2,64634.3,2,28.284,9.644
E,2,43,800,20,40,12000,17.362,65.2,57598.2,2,28.284,9.644
E,3,44,50,2,1,300,16.184,130.0,61790.7,1,7.071,5.644
E,3,44,50,2,2,600,9.001,34.5,111094.6,1,7.071,5.644
E,3,44,50,2,3,900,9.716,20.0,102919.5,1,7.071,5.644
E,3,44,50,2,4,1200,7.816,17.6,127942.7,1,7.071,5.644
E,3,44,50,2,5,1500,8.819,24.3,113391.5,1,7.071,5.644
E,3,44,50,2,6,1800,10.24,26.2,97653.1,1,7.071,5.644
E,3,44,50,2,7,2100,13.476,48.7,74204.2,1,7.071,5.644
E,3,44,50,2,8,2400,12.688,37.2,78816.7,1,7.071,5.644
E,3,44,50,2,9,2700,13.817,43.8,72372.9,1,7.071,5.644
E,3,44,50,2,10,3000,13.551,51.6,73793.5,1,7.071,5.644
E,3,44,50,2,11,3300,19.232,52.6,51997.6,1,7.071,5.644
E,3,44,50,2,12,3600,16.142,52.7,61950.2,1,7.071,5.644
E,3,44,50,2,13,3900,17.737,93.5,56380.4,1,7.071,5.644
E,3,44,50,2,14,4200,18.472,55.8,54137.0,1,7.071,5.644
E,3,44,50,2,15,4500,20.337,64.1,49171.5,1,7.071,5.644
E,3,44,50,2,16,4800,24.208,80.0,41308.1,1,7.071,5.644
E,3,44,50,2,17,5100,22.629,73.4,44191.7,1,7.071,5.644
E,3,44,50,2,18,5400,22.541,79.0,44364.3,1,7.071,5.644
E,3,44,50,2,19,5700,23.319,76.2,42883.5,1,7.071,5.644
E,3,44,50,2,20,6000,26.483,84.6,37760.1,1,7.071,5.644
E,3,44,50,2,21,6300,28.32,90.8,35310.7,1,7.071,5.644
E,3,44,50,2,22,6600,22.741,77.7,43974.1,1,7.071,5.644
E,3,44,50,2,23,6900,11.295,80.9,88532.1,1,7.071,5.644
E,3,44,50,2,24,7200,10.201,131.7,98029.6,1,7.071,5.644
E,3,44,50,2,25,7500,10.537,132.5,94900.7,1,7.071,5.644
E,3,44,50,2,26,7800,11.756,54.9,85060.5,1,7.071,5.644
E,3,44,50,2,27,8100,12.281,31.6,81424.4,1,7.071,5.644
E,3,44,50,2,28,8400,12.462,37.8,80246.1,1,7.071,5.644
E,3,44,50,2,29,8700,14.842,43.6,67377.9,1,7.071,5.644
E,3,44,50,2,30,9000,15.638,47.3,63946.8,1,7.071,5.644
E,3,44,50,2,31,9300,17.577,59.2,56892.5,1,7.071,5.644
E,3,44,50,2,32,9600,22.176,60.7,45093.1,1,7.071,5.644
E,3,44,50,2,33,9900,18.55,57.5,53907.4,1,7.071,5.644
E,3,44,50,2,34,10200,20.803,65.4,48070.0,1,7.071,5.644
E,3,44,50,2,35,10500,23.714,71.3,42169.8,1,7.071,5.644
E,3,44,50,2,36,10800,23.989,73.1,41686.4,1,7.071,5.644
E,3,44,50,2,37,11100,25.828,80.3,38717.7,1,7.071,5.644
E,3,44,50,2,38,11400,30.094,139.9,33228.8,1,7.071,5.644
E,3,44,50,2,39,11700,28.414,92.0,35194.3,1,7.071,5.644
E,3,44,50,2,40,12000,31.945,94.4,31303.8,1,7.071,5.644
E,3,44,50,3,1,300,15.328,128.5,65241.5,1,7.071,5.644
E,3,44,50,3,2,600,8.288,23.7,120656.3,1,7.071,5.644
E,3,44,50,3,3,900,9.222,20.0,108440.3,1,7.071,5.644
E,3,44,50,3,4,1200,7.486,17.3,133588.6,1,7.071,5.644
E,3,44,50,3,5,1500,8.452,21.5,118310.5,1,7.071,5.644
E,3,44,50,3,6,1800,9.965,26.2,100351.2,1,7.071,5.644
E,3,44,50,3,7,2100,13.369,72.5,74799.9,1,7.071,5.644
E,3,44,50,3,8,2400,12.056,36.6,82946.3,1,7.071,5.644
E,3,44,50,3,9,2700,13.496,43.4,74094.2,1,7.071,5.644
E,3,44,50,3,10,3000,12.694,43.6,78775.3,1,7.071,5.644
E,3,44,50,3,11,3300,19.674,52.3,50827.6,1,7.071,5.644
E,3,44,50,3,12,3600,15.738,52.5,63540.5,1,7.071,5.644
E,3,44,50,3,13,3900,16.549,60.6,60425.4,1,7.071,5.644
E,3,44,50,3,14,4200,18.403,59.1,54340.0,1,7.071,5.644
E,3,44,50,3,15,4500,19.8,63.7,50504.2,1,7.071,5.644
E,3,44,50,3,16,4800,22.194,66.3,45057.9,1,7.071,5.644
E,3,44,50,3,17,5100,22.047,75.3,45357.6,1,7.071,5.644
E,3,44,50,3,18,5400,22.261,88.2,44921.6,1,7.071,5.644
E,3,44,50,3,19,5700,22.691,76.1,44070.3,1,7.071,5.644
E,3,44,50,3,20,6000,25.931,83.4,38563.9,1,7.071,5.644
E,3,44,50,3,21,6300,27.83,90.9,35932.4,1,7.071,5.644
E,3,44,50,3,22,6600,25.746,182.8,38841.0,1,7.071,5.644
E,3,44,50,3,23,6900,10.838,49.2,92267.9,1,7.071,5.644
E,3,44,50,3,24,7200,9.856,131.5,101461.1,1,7.071,5.644
E,3,44,50,3,25,7500,10.331,137.4,96796.0,1,7.071,5.644
E,3,44,50,3,26,7800,11.44,45.6,87415.1,1,7.071,5.644
E,3,44,50,3,27,8100,11.892,31.7,84087.8,1,7.071,5.644
E,3,44,50,3,28,8400,12.115,37.9,82544.6,1,7.071,5.644
E,3,44,50,3,29,8700,13.94,41.0,71736.0,1,7.071,5.644
E,3,44,50,3,30,9000,15.495,48.7,64537.0,1,7.071,5.644
E,3,44,50,3,31,9300,122.895,145.7,8137.0,1,7.071,5.644
E,3,44,50,3,32,9600,22.938,57.5,43596.4,1,7.071,5.644
E,3,44,50,3,33,9900,18.348,58.0,54500.9,1,7.071,5.644
E,3,44,50,3,34,10200,20.103,65.6,49743.8,1,7.071,5.644
E,3,44,50,3,35,10500,23.835,114.2,41954.5,1,7.071,5.644
E,3,44,50,3,36,10800,23.44,73.6,42662.1,1,7.071,5.644
E,3,44,50,3,37,11100,24.939,79.4,40098.4,1,7.071,5.644
E,3,44,50,3,38,11400,28.99,141.1,34495.1,1,7.071,5.644
E,3,44,50,3,39,11700,29.35,94.1,34071.5,1,7.071,5.644
E,3,44,50,3,40,12000,31.777,95.9,31469.0,1,7.071,5.644
E,3,44,50,4,1,300,15.173,130.3,65905.1,1,7.071,5.644
E,3,44,50,4,2,600,7.598,20.5,131607.8,1,7.071,5.644
E,3,44,50,4,3,900,9.26,30.9,107991.4,1,7.071,5.644
E,3,44,50,4,4,1200,7.077,16.9,141309.4,1,7.071,5.644
E,3,44,50,4,5,1500,8.071,21.1,123895.3,1,7.071,5.644
E,3,44,50,4,6,1800,9.443,25.4,105902.3,1,7.071,5.644
E,3,44,50,4,7,2100,11.819,34.2,84609.5,1,7.071,5.644
E,3,44,50,4,8,2400,11.931,37.0,83815.3,1,7.071,5.644
E,3,44,50,4,9,2700,12.891,42.8,77571.5,1,7.071,5.644
E,3,44,50,4,10,3000,11.94,43.9,83749.7,1,7.071,5.644
E,3,44,50,4,11,3300,18.128,69.8,55162.3,1,7.071,5.644
E,3,44,50,4,12,3600,14.803,51.2,67552.4,1,7.071,5.644
E,3,44,50,4,13,3900,15.54,59.2,64350.1,1,7.071,5.644
E,3,44,50,4,14,4200,17.834,56.6,56071.6,1,7.071,5.644
E,3,44,50,4,15,4500,19.433,69.2,51459.7,1,7.071,5.644
E,3,44,50,4,16,4800,20.622,64.5,48491.1,1,7.071,5.644
E,3,44,50,4,17,5100,22.346,80.0,44750.1,1,7.071,5.644
E,3,44,50,4,18,5400,20.415,68.1,48982.8,1,7.071,5.644
E,3,44,50,4,19,5700,22.255,74.7,44934.4,1,7.071,5.644
E,3,44,50,4,20,6000,24.014,81.9,41643.0,1,7.071,5.644
E,3,44,50,4,21,6300,27.092,89.2,36910.8,1,7.071,5.644
E,3,44,50,4,22,6600,20.742,75.8,48210.6,1,7.071,5.644
E,3,44,50,4,23,6900,10.545,66.5,94831.7,1,7.071,5.644
E,3,44,50,4,24,7200,10.973,139.4,91135.5,1,7.071,5.644
E,3,44,50,4,25,7500,9.881,132.1,101207.8,1,7.071,5.644
E,3,44,50,4,26,7800,10.379,48.1,96351.5,1,7.071,5.644
E,3,44,50,4,27,8100,11.162,30.7,89589.7,1,7.071,5.644
E,3,44,50,4,28,8400,11.93,56.4,83822.3,1,7.071,5.644
E,3,44,50,4,29,8700,13.215,40.4,75669.7,1,7.071,5.644
E,3,44,50,4,30,9000,14.109,45.7,70875.1,1,7.071,5.644
E,3,44,50,4,31,9300,16.256,51.1,61515.7,1,7.071,5.644
E,3,44,50,4,32,9600,21.559,58.6,46383.6,1,7.071,5.644
E,3,44,50,4,33,9900,17.078,57.2,58556.0,1,7.071,5.644
E,3,44,50,4,34,10200,19.348,68.5,51684.0,1,7.071,5.644
E,3,44,50,4,35,10500,21.814,69.5,45841.4,1,7.071,5.644
E,3,44,50,4,36,10800,22.099,72.2,45250.2,1,7.071,5.644
E,3,44,50,4,37,11100,23.167,76.8,43164.8,1,7.071,5.644
E,3,44,50,4,38,11400,27.658,139.5,36156.3,1,7.071,5.644
E,3,44,50,4,39,11700,26.343,89.7,37960.8,1,7.071,5.644
E,3,44,50,4,40,12000,29.439,95.5,33968.5,1,7.071,5.644
E,3,44,50,5,1,300,15.294,128.0,65386.5,1,7.071,5.644
E,3,44,50,5,2,600,7.428,20.0,134631.8,1,7.071,5.644
E,3,44,50,5,3,900,9.385,39.6,106556.8,1,7.071,5.644
E,3,44,50,5,4,1200,7.033,17.4,142180.1,1,7.071,5.644
E,3,44,50,5,5,1500,7.935,20.9,126023.9,1,7.071,5.644
E,3,44,50,5,6,1800,9.375,25.7,106670.5,1,7.071,5.644
E,3,44,50,5,7,2100,12.012,62.8,83252.4,1,7.071,5.644
E,3,44,50,5,8,2400,11.538,36.4,86667.6,1,7.071,5.644
E,3,44,50,5,9,2700,12.798,42.5,78135.2,1,7.071,5.644
E,3,44,50,5,10,3000,11.902,42.5,84021.8,1,7.071,5.644
E,3,44,50,5,11,3300,18.256,57.7,54775.5,1,7.071,5.644
E,3,44,50,5,12,3600,14.686,51.3,68090.5,1,7.071,5.644
E,3,44,50,5,13,3900,15.487,59.3,64570.3,1,7.071,5.644
E,3,44,50,5,14,4200,18.18,67.9,55005.5,1,7.071,5.644
E,3,44,50,5,15,4500,18.78,62.6,53249.1,1,7.071,5.644
E,3,44,50,5,16,4800,20.517,65.0,48740.1,1,7.071,5.644
E,3,44,50,5,17,5100,21.529,73.8,46449.7,1,7.071,5.644
E,3,44,50,5,18,5400,20.383,68.5,49059.7,1,7.071,5.644
E,3,44,50,5,19,5700,21.746,74.6,45986.2,1,7.071,5.644
E,3,44,50,5,20,6000,23.913,81.3,41818.8,1,7.071,5.644
E,3,44,50,5,21,6300,27.157,90.0,36822.5,1,7.071,5.644
E,3,44,50,5,22,6600,21.083,75.4,47432.3,1,7.071,5.644
E,3,44,50,5,23,6900,10.03,44.7,99700.9,1,7.071,5.644
E,3,44,50,5,24,7200,9.746,133.5,102609.7,1,7.071,5.644
E,3,44,50,5,25,7500,9.725,132.3,102824.2,1,7.071,5.644
E,3,44,50,5,26,7800,10.173,45.8,98299.4,1,7.071,5.644
E,3,44,50,5,27,8100,11.047,30.4,90522.3,1,7.071,5.644
E,3,44,50,5,28,8400,11.19,36.5,89365.5,1,7.071,5.644
E,3,44,50,5,29,8700,13.831,48.3,72299.6,1,7.071,5.644
E,3,44,50,5,30,9000,14.135,45.9,70744.7,1,7.071,5.644
E,3,44,50,5,31,9300,19.453,141.4,51406.8,1,7.071,5.644
E,3,44,50,5,32,9600,21.104,58.6,47384.4,1,7.071,5.644
E,3,44,50,5,33,9900,17.009,55.9,58793.6,1,7.071,5.644
E,3,44,50,5,34,10200,19.438,73.3,51445.6,1,7.071,5.644
E,3,44,50,5,35,10500,21.79,69.2,45893.3,1,7.071,5.644
E,3,44,50,5,36,10800,22.129,72.1,45188.9,1,7.071,5.644
E,3,44,50,5,37,11100,23.38,86.5,42771.0,1,7.071,5.644
E,3,44,50,5,38,11400,27.191,137.8,36777.3,1,7.071,5.644
E,3,44,50,5,39,11700,26.497,90.1,37739.6,1,7.071,5.644
E,3,44,50,5,40,12000,29.32,93.3,34106.4,1,7.071,5.644
E,3,44,50,6,1,300,15.564,128.6,64250.8,1,7.071,5.644
E,3,44,50,6,2,600,7.5,20.4,133339.3,1,7.071,5.644
E,3,44,50,6,3,900,9.548,32.0,104734.0,1,7.071,5.644
E,3,44,50,6,4,1200,7.254,18.0,137861.3,1,7.071,5.644
E,3,44,50,6,5,1500,8.096,21.0,123512.7,1,7.071,5.644
E,3,44,50,6,6,1800,9.31,25.6,107415.2,1,7.071,5.644
E,3,44,50,6,7,2100,11.859,34.3,84326.5,1,7.071,5.644
E,3,44,50,6,8,2400,12.417,46.8,80534.7,1,7.071,5.644
E,3,44,50,6,9,2700,12.914,42.9,77437.3,1,7.071,5.644
E,3,44,50,6,10,3000,11.982,42.7,83456.2,1,7.071,5.644
E,3,44,50,6,11,3300,18.035,46.9,55447.7,1,7.071,5.644
E,3,44,50,6,12,3600,15.268,54.5,65497.9,1,7.071,5.644
E,3,44,50,6,13,3900,15.685,59.3,63756.5,1,7.071,5.644
E,3,44,50,6,14,4200,17.023,54.2,58742.9,1,7.071,5.644
E,3,44,50,6,15,4500,19.687,67.6,50794.1,1,7.071,5.644
E,3,44,50,6,16,4800,20.727,64.9,48245.5,1,7.071,5.644
E,3,44,50,6,17,5100,21.852,75.1,45761.7,1,7.071,5.644
E,3,44,50,6,18,5400,20.501,68.6,48778.9,1,7.071,5.644
E,3,44,50,6,19,5700,22.105,74.8,45239.3,1,7.071,5.644
E,3,44,50,6,20,6000,24.056,82.0,41570.2,1,7.071,5.644
E,3,44,50,6,21,6300,27.333,89.2,36585.4,1,7.071,5.644
E,3,44,50,6,22,6600,21.252,76.0,47053.7,1,7.071,5.644
E,3,44,50,6,23,6900,10.308,77.9,97015.2,1,7.071,5.644
E,3,44,50,6,24,7200,9.25,129.9,108112.0,1,7.071,5.644
E,3,44,50,6,25,7500,10.049,128.7,99512.4,1,7.071,5.644
E,3,44,50,6,26,7800,10.198,44.6,98055.2,1,7.071,5.644
E,3,44,50,6,27,8100,11.089,30.6,90182.2,1,7.071,5.644
E,3,44,50,6,28,8400,11.128,36.8,89863.4,1,7.071,5.644
E,3,44,50,6,29,8700,13.392,41.2,74669.6,1,7.071,5.644
E,3,44,50,6,30,9000,14.068,45.9,71081.6,1,7.071,5.644
E,3,44,50,6,31,9300,16.297,50.5,61361.0,1,7.071,5.644
E,3,44,50,6,32,9600,21.13,88.4,47325.3,1,7.071,5.644
E,3,44,50,6,33,9900,16.979,55.8,58895.1,1,7.071,5.644
E,3,44,50,6,34,10200,18.917,64.0,52862.5,1,7.071,5.644
E,3,44,50,6,35,10500,22.269,74.8,44904.8,1,7.071,5.644
E,3,44,50,6,36,10800,22.042,71.2,45368.6,1,7.071,5.644
E,3,44,50,6,37,11100,23.33,76.7,42863.3,1,7.071,5.644
E,3,44,50,6,38,11400,27.206,141.6,36756.2,1,7.071,5.644
E,3,44,50,6,39,11700,26.466,89.7,37783.9,1,7.071,5.644
E,3,44,50,6,40,12000,28.645,90.8,34910.1,1,7.071,5.644
E,3,44,50,8,1,300,16.816,132.3,59468.4,1,7.071,5.644
E,3,44,50,8,2,600,7.645,20.8,130810.1,1,7.071,5.644
E,3,44,50,8,3,900,8.666,20.2,115397.9,1,7.071,5.644
E,3,44,50,8,4,1200,7.025,17.4,142348.8,1,7.071,5.644
E,3,44,50,8,5,1500,7.991,21.1,125135.6,1,7.071,5.644
E,3,44,50,8,6,1800,9.834,31.9,101691.5,1,7.071,5.644
E,3,44,50,8,7,2100,12.022,40.1,83178.5,1,7.071,5.644
E,3,44,50,8,8,2400,11.221,35.9,89116.0,1,7.071,5.644
E,3,44,50,8,9,2700,12.681,42.3,78856.1,1,7.071,5.644
E,3,44,50,8,10,3000,12.371,47.5,80832.0,1,7.071,5.644
E,3,44,50,8,11,3300,17.771,45.9,56270.4,1,7.071,5.644
E,3,44,50,8,12,3600,14.471,50.9,69105.3,1,7.071,5.644
E,3,44,50,8,13,3900,15.936,58.9,62752.3,1,7.071,5.644
E,3,44,50,8,14,4200,16.788,53.8,59567.5,1,7.071,5.644
E,3,44,50,8,15,4500,18.476,61.7,54125.2,1,7.071,5.644
E,3,44,50,8,16,4800,21.036,66.7,47536.8,1,7.071,5.644
E,3,44,50,8,17,5100,20.44,71.4,48923.7,1,7.071,5.644
E,3,44,50,8,18,5400,20.454,74.6,48891.0,1,7.071,5.644
E,3,44,50,8,19,5700,21.373,74.1,46788.0,1,7.071,5.644
E,3,44,50,8,20,6000,23.631,81.0,42317.9,1,7.071,5.644
E,3,44,50,8,21,6300,27.058,92.0,36957.6,1,7.071,5.644
E,3,44,50,8,22,6600,21.186,75.0,47200.2,1,7.071,5.644
E,3,44,50,8,23,6900,10.933,78.5,91469.0,1,7.071,5.644
E,3,44,50,8,24,7200,9.407,132.4,106300.1,1,7.071,5.644
E,3,44,50,8,25,7500,9.621,133.8,103939.3,1,7.071,5.644
E,3,44,50,8,26,7800,10.187,45.1,98161.1,1,7.071,5.644
E,3,44,50,8,27,8100,11.196,31.9,89315.0,1,7.071,5.644
E,3,44,50,8,28,8400,11.138,36.4,89782.7,1,7.071,5.644
E,3,44,50,8,29,8700,12.796,40.0,78149.4,1,7.071,5.644
E,3,44,50,8,30,9000,13.966,46.3,71602.5,1,7.071,5.644
E,3,44,50,8,31,9300,16.316,55.5,61290.8,1,7.071,5.644
E,3,44,50,8,32,9600,20.24,52.4,49407.9,1,7.071,5.644
E,3,44,50,8,33,9900,16.592,55.2,60270.0,1,7.071,5.644
E,3,44,50,8,34,10200,19.06,70.7,52466.8,1,7.071,5.644
E,3,44,50,8,35,10500,21.288,69.5,46974.1,1,7.071,5.644
E,3,44,50,8,36,10800,22.154,72.3,45138.6,1,7.071,5.644
E,3,44,50,8,37,11100,25.772,79.2,38801.3,1,7.071,5.644
E,3,44,50,8,38,11400,27.142,139.3,36842.8,1,7.071,5.644
E,3,44,50,8,39,11700,25.506,88.8,39206.5,1,7.071,5.644
E,3,44,50,8,40,12000,28.513,91.6,35072.1,1,7.071,5.644
E,3,44,50,10,1,300,16.253,129.4,61525.8,1,7.071,5.644
E,3,44,50,10,2,600,7.617,20.7,131291.0,1,7.071,5.644
E,3,44,50,10,3,900,8.677,19.8,115247.2,1,7.071,5.644
E,3,44,50,10,4,1200,6.972,16.7,143430.9,1,7.071,5.644
E,3,44,50,10,5,1500,7.916,20.7,126331.7,1,7.071,5.644
E,3,44,50,10,6,1800,9.597,27.4,104199.2,1,7.071,5.644
E,3,44,50,10,7,2100,11.629,34.0,85994.4,1,7.071,5.644
E,3,44,50,10,8,2400,11.381,36.1,87868.3,1,7.071,5.644
E,3,44,50,10,9,2700,12.567,42.3,79571.4,1,7.071,5.644
E,3,44,50,10,10,3000,12.906,47.4,77485.4,1,7.071,5.644
E,3,44,50,10,11,3300,17.768,50.7,56279.9,1,7.071,5.644
E,3,44,50,10,12,3600,14.398,50.3,69454.1,1,7.071,5.644
E,3,44,50,10,13,3900,16.143,60.1,61947.6,1,7.071,5.644
E,3,44,50,10,14,4200,16.638,55.5,60103.4,1,7.071,5.644
E,3,44,50,10,15,4500,18.428,61.8,54265.2,1,7.071,5.644
E,3,44,50,10,16,4800,20.839,66.9,47986.2,1,7.071,5.644
E,3,44,50,10,17,5100,20.775,73.1,48134.0,1,7.071,5.644
E,3,44,50,10,18,5400,20.602,70.8,48538.2,1,7.071,5.644
E,3,44,50,10,19,5700,21.407,76.8,46713.0,1,7.071,5.644
E,3,44,50,10,20,6000,23.654,80.6,42276.7,1,7.071,5.644
E,3,44,50,10,21,6300,26.628,88.9,37554.9,1,7.071,5.644
E,3,44,50,10,22,6600,21.457,74.6,46604.1,1,7.071,5.644
E,3,44,50,10,23,6900,10.931,81.2,91480.1,1,7.071,5.644
E,3,44,50,10,24,7200,9.259,129.4,107999.2,1,7.071,5.644
E,3,44,50,10,25,7500,9.75,131.7,102567.6,1,7.071,5.644
E,3,44,50,10,26,7800,10.201,44.7,98029.6,1,7.071,5.644
E,3,44,50,10,27,8100,11.531,44.2,86722.7,1,7.071,5.644
E,3,44,50,10,28,8400,11.208,36.3,89224.6,1,7.071,5.644
E,3,44,50,10,29,8700,12.844,39.7,77857.4,1,7.071,5.644
E,3,44,50,10,30,9000,13.819,45.3,72362.4,1,7.071,5.644
E,3,44,50,10,31,9300,16.466,59.6,60732.4,1,7.071,5.644
E,3,44,50,10,32,9600,20.127,52.8,49684.5,1,7.071,5.644
E,3,44,50,10,33,9900,16.644,54.7,60081.7,1,7.071,5.644
E,3,44,50,10,34,10200,19.167,70.6,52172.1,1,7.071,5.644
E,3,44,50,10,35,10500,21.431,68.9,46661.4,1,7.071,5.644
E,3,44,50,10,36,10800,22.187,70.8,45072.1,1,7.071,5.644
E,3,44,50,10,37,11100,22.314,74.3,44815.6,1,7.071,5.644
E,3,44,50,10,38,11400,27.836,139.2,35925.1,1,7.071,5.644
E,3,44,50,10,39,11700,25.614,88.8,39041.1,1,7.071,5.644
E,3,44,50,10,40,12000,28.613,91.8,34949.1,1,7.071,5.644
E,3,44,50,14,1,300,17.284,137.4,57855.9,1,7.071,5.644
E,3,44,50,14,2,600,7.687,20.7,130084.1,1,7.071,5.644
E,3,44,50,14,3,900,8.864,19.9,112820.1,1,7.071,5.644
E,3,44,50,14,4,1200,7.119,17.6,140462.6,1,7.071,5.644
E,3,44,50,14,5,1500,8.065,20.8,123987.5,1,7.071,5.644
E,3,44,50,14,6,1800,9.233,25.3,108303.2,1,7.071,5.644
E,3,44,50,14,7,2100,12.889,73.2,77587.5,1,7.071,5.644
E,3,44,50,14,8,2400,11.363,35.6,88007.5,1,7.071,5.644
E,3,44,50,14,9,2700,12.728,42.3,78567.0,1,7.071,5.644
E,3,44,50,14,10,3000,11.841,42.5,84449.9,1,7.071,5.644
E,3,44,50,14,11,3300,18.991,53.4,52655.6,1,7.071,5.644
E,3,44,50,14,12,3600,14.566,50.8,68651.5,1,7.071,5.644
E,3,44,50,14,13,3900,15.793,80.4,63320.5,1,7.071,5.644
E,3,44,50,14,14,4200,17.686,58.0,56540.8,1,7.071,5.644
E,3,44,50,14,15,4500,18.474,61.9,54129.2,1,7.071,5.644
E,3,44,50,14,16,4800,21.425,74.2,46674.4,1,7.071,5.644
E,3,44,50,14,17,5100,20.873,73.7,47908.0,1,7.071,5.644
E,3,44,50,14,18,5400,20.131,67.5,49674.6,1,7.071,5.644
E,3,44,50,14,19,5700,22.137,74.2,45173.2,1,7.071,5.644
E,3,44,50,14,20,6000,23.765,81.2,42079.3,1,7.071,5.644
E,3,44,50,14,21,6300,26.957,93.7,37095.7,1,7.071,5.644
E,3,44,50,14,22,6600,22.42,75.7,44603.0,1,7.071,5.644
E,3,44,50,14,23,6900,10.712,54.5,93356.2,1,7.071,5.644
E,3,44,50,14,24,7200,9.517,130.8,105075.2,1,7.071,5.644
E,3,44,50,14,25,7500,9.881,132.3,101207.8,1,7.071,5.644
E,3,44,50,14,26,7800,10.345,45.2,96661.9,1,7.071,5.644
E,3,44,50,14,27,8100,11.412,32.5,87624.5,1,7.071,5.644
E,3,44,50,14,28,8400,11.36,36.6,88025.6,1,7.071,5.644
E,3,44,50,14,29,8700,13.051,41.8,76622.5,1,7.071,5.644
E,3,44,50,14,30,9000,13.934,45.8,71765.2,1,7.071,5.644
E,3,44,50,14,31,9300,16.65,78.3,60060.1,1,7.071,5.644
E,3,44,50,14,32,9600,20.117,53.1,49710.0,1,7.071,5.644
E,3,44,50,14,33,9900,16.736,55.3,59751.4,1,7.071,5.644
E,3,44,50,14,34,10200,19.255,68.3,51933.7,1,7.071,5.644
E,3,44,50,14,35,10500,21.442,68.8,46638.2,1,7.071,5.644
E,3,44,50,14,36,10800,23.562,73.4,42440.6,1,7.071,5.644
E,3,44,50,14,37,11100,22.463,74.9,44517.0,1,7.071,5.644
E,3,44,50,14,38,11400,31.112,148.5,32141.6,1,7.071,5.644
E,3,44,50,14,39,11700,25.764,89.4,38813.3,1,7.071,5.644
E,3,44,50,14,40,12000,29.702,92.4,33668.1,1,7.071,5.644
E,3,44,50,20,1,300,28.5,253.7,35087.3,1,7.071,5.644
E,3,44,50,20,2,600,8.129,22.8,123011.3,1,7.071,5.644
E,3,44,50,20,3,900,9.212,21.3,108558.0,1,7.071,5.644
E,3,44,50,20,4,1200,7.299,17.6,137011.3,1,7.071,5.644
E,3,44,50,20,5,1500,8.928,30.3,112011.4,1,7.071,5.644
E,3,44,50,20,6,1800,9.542,25.5,104799.9,1,7.071,5.644
E,3,44,50,20,7,2100,11.892,34.0,84087.8,1,7.071,5.644
E,3,44,50,20,8,2400,11.749,36.5,85111.2,1,7.071,5.644
E,3,44,50,20,9,2700,13.471,43.6,74235.4,1,7.071,5.644
E,3,44,50,20,10,3000,12.015,42.5,83229.3,1,7.071,5.644
E,3,44,50,20,11,3300,18.506,46.2,54035.6,1,7.071,5.644
E,3,44,50,20,12,3600,15.118,53.7,66146.3,1,7.071,5.644
E,3,44,50,20,13,3900,15.629,59.2,63983.6,1,7.071,5.644
E,3,44,50,20,14,4200,16.946,53.7,59009.8,1,7.071,5.644
E,3,44,50,20,15,4500,19.259,68.4,51924.7,1,7.071,5.644
E,3,44,50,20,16,4800,20.604,64.4,48535.1,1,7.071,5.644
E,3,44,50,20,17,5100,20.819,73.5,48033.8,1,7.071,5.644
E,3,44,50,20,18,5400,20.968,74.3,47691.7,1,7.071,5.644
E,3,44,50,20,19,5700,21.591,74.0,46316.3,1,7.071,5.644
E,3,44,50,20,20,6000,25.152,89.5,39757.7,1,7.071,5.644
E,3,44,50,20,21,6300,26.472,89.8,37776.2,1,7.071,5.644
E,3,44,50,20,22,6600,24.236,74.7,41261.5,1,7.071,5.644
E,3,44,50,20,23,6900,10.902,90.9,91729.1,1,7.071,5.644
E,3,44,50,20,24,7200,9.529,137.2,104939.1,1,7.071,5.644
E,3,44,50,20,25,7500,9.891,134.5,101098.6,1,7.071,5.644
E,3,44,50,20,26,7800,11.163,53.3,89584.3,1,7.071,5.644
E,3,44,50,20,27,8100,11.371,30.7,87940.4,1,7.071,5.644
E,3,44,50,20,28,8400,11.364,36.4,87994.6,1,7.071,5.644
E,3,44,50,20,29,8700,13.042,41.5,76677.3,1,7.071,5.644
E,3,44,50,20,30,9000,14.369,45.7,69594.3,1,7.071,5.644
E,3,44,50,20,31,9300,16.053,60.9,62293.7,1,7.071,5.644
E,3,44,50,20,32,9600,20.504,52.9,48771.8,1,7.071,5.644
E,3,44,50,20,33,9900,17.608,63.0,56792.4,1,7.071,5.644
E,3,44,50,20,34,10200,18.802,63.5,53184.9,1,7.071,5.644
E,3,44,50,20,35,10500,22.177,99.0,45091.8,1,7.071,5.644
E,3,44,50,20,36,10800,21.784,71.1,45905.3,1,7.071,5.644
E,3,44,50,20,37,11100,22.99,75.5,43496.5,1,7.071,5.644
E,3,44,50,20,38,11400,26.998,139.3,37040.2,1,7.071,5.644
E,3,44,50,20,39,11700,26.069,90.6,38359.2,1,7.071,5.644
E,3,44,50,20,40,12000,28.244,92.7,35405.7,1,7.071,5.644
E,3,44,100,2,1,300,16.248,106.1,61546.0,1,10.0,6.644
E,3,44,100,2,2,600,6.47,17.1,154551.5,1,10.0,6.644
E,3,44,100,2,3,900,8.596,21.2,116337.7,1,10.0,6.644
E,3,44,100,2,4,1200,6.688,21.0,149529.0,1,10.0,6.644
E,3,44,100,2,5,1500,7.595,22.1,131671.3,1,10.0,6.644
E,3,44,100,2,6,1800,8.19,22.4,122105.1,1,10.0,6.644
E,3,44,100,2,7,2100,9.354,29.6,106906.1,1,10.0,6.644
E,3,44,100,2,8,2400,10.172,32.0,98312.3,1,10.0,6.644
E,3,44,100,2,9,2700,10.353,37.1,96593.5,1,10.0,6.644
E,3,44,100,2,10,3000,12.239,38.8,81703.8,1,10.0,6.644
E,3,44,100,2,11,3300,17.839,39.9,56055.9,1,10.0,6.644
E,3,44,100,2,12,3600,15.633,46.9,63965.9,1,10.0,6.644
E,3,44,100,2,13,3900,15.774,51.2,63394.1,1,10.0,6.644
E,3,44,100,2,14,4200,17.287,45.7,57845.8,1,10.0,6.644
E,3,44,100,2,15,4500,19.936,65.4,50160.5,1,10.0,6.644
E,3,44,100,2,16,4800,20.177,54.8,49562.2,1,10.0,6.644
E,3,44,100,2,17,5100,21.3,63.4,46947.6,1,10.0,6.644
E,3,44,100,2,18,5400,21.354,57.1,46829.6,1,10.0,6.644
E,3,44,100,2,19,5700,23.797,63.3,42021.5,1,10.0,6.644
E,3,44,100,2,20,6000,25.142,69.5,39774.1,1,10.0,6.644
E,3,44,100,2,21,6300,27.15,76.5,36832.9,1,10.0,6.644
E,3,44,100,2,22,6600,21.74,71.4,45998.2,1,10.0,6.644
E,3,44,100,2,23,6900,11.508,67.4,86898.6,1,10.0,6.644
E,3,44,100,2,24,7200,10.875,69.7,91951.2,1,10.0,6.644
E,3,44,100,2,25,7500,10.202,74.5,98020.0,1,10.0,6.644
E,3,44,100,2,26,7800,10.978,28.2,91091.3,1,10.0,6.644
E,3,44,100,2,27,8100,12.819,31.0,78011.2,1,10.0,6.644
E,3,44,100,2,28,8400,13.718,39.9,72895.2,1,10.0,6.644
E,3,44,100,2,29,8700,15.854,40.5,63074.2,1,10.0,6.644
E,3,44,100,2,30,9000,17.112,47.7,58439.7,1,10.0,6.644
E,3,44,100,2,31,9300,17.792,50.6,56206.1,1,10.0,6.644
E,3,44,100,2,32,9600,23.464,53.1,42618.5,1,10.0,6.644
E,3,44,100,2,33,9900,19.89,54.8,50277.4,1,10.0,6.644
E,3,44,100,2,34,10200,22.262,63.6,44918.9,1,10.0,6.644
E,3,44,100,2,35,10500,23.31,66.4,42899.4,1,10.0,6.644
E,3,44,100,2,36,10800,25.677,78.7,38945.9,1,10.0,6.644
E,3,44,100,2,37,11100,25.444,72.9,39302.0,1,10.0,6.644
E,3,44,100,2,38,11400,28.076,84.2,35617.6,1,10.0,6.644
E,3,44,100,2,39,11700,32.665,95.0,30613.5,1,10.0,6.644
E,3,44,100,2,40,12000,30.326,87.9,32975.4,1,10.0,6.644
E,3,44,100,3,1,300,15.565,106.4,64248.1,1,10.0,6.644
E,3,44,100,3,2,600,6.247,16.7,160085.4,1,10.0,6.644
E,3,44,100,3,3,900,7.992,17.9,125125.2,1,10.0,6.644
E,3,44,100,3,4,1200,7.313,21.2,136749.0,1,10.0,6.644
E,3,44,100,3,5,1500,7.668,21.8,130412.1,1,10.0,6.644
E,3,44,100,3,6,1800,8.11,22.1,123299.5,1,10.0,6.644
E,3,44,100,3,7,2100,9.332,29.7,107162.0,1,10.0,6.644
E,3,44,100,3,8,2400,9.518,30.8,105060.4,1,10.0,6.644
E,3,44,100,3,9,2700,10.503,38.0,95213.9,1,10.0,6.644
E,3,44,100,3,10,3000,12.119,38.6,82512.8,1,10.0,6.644
E,3,44,100,3,11,3300,17.887,42.1,55905.5,1,10.0,6.644
E,3,44,100,3,12,3600,15.188,46.6,65842.9,1,10.0,6.644
E,3,44,100,3,13,3900,15.613,51.2,64049.2,1,10.0,6.644
E,3,44,100,3,14,4200,17.147,45.5,58320.4,1,10.0,6.644
E,3,44,100,3,15,4500,19.492,59.2,51302.2,1,10.0,6.644
E,3,44,100,3,16,4800,20.045,54.8,49887.8,1,10.0,6.644
E,3,44,100,3,17,5100,20.443,61.1,48916.5,1,10.0,6.644
E,3,44,100,3,18,5400,21.938,67.3,45582.3,1,10.0,6.644
E,3,44,100,3,19,5700,22.916,62.6,43637.6,1,10.0,6.644
E,3,44,100,3,20,6000,25.428,70.1,39327.2,1,10.0,6.644
E,3,44,100,3,21,6300,26.415,78.1,37856.8,1,10.0,6.644
E,3,44,100,3,22,6600,21.862,71.2,45742.2,1,10.0,6.644
E,3,44,100,3,23,6900,10.666,68.2,93755.9,1,10.0,6.644
E,3,44,100,3,24,7200,9.653,68.6,103598.3,1,10.0,6.644
E,3,44,100,3,25,7500,9.363,69.2,106799.5,1,10.0,6.644
E,3,44,100,3,26,7800,10.731,34.4,93188.0,1,10.0,6.644
E,3,44,100,3,27,8100,11.973,30.6,83518.9,1,10.0,6.644
E,3,44,100,3,28,8400,12.722,37.7,78601.9,1,10.0,6.644
E,3,44,100,3,29,8700,14.851,39.7,67335.5,1,10.0,6.644
E,3,44,100,3,30,9000,16.334,46.9,61223.2,1,10.0,6.644
E,3,44,100,3,31,9300,16.711,49.9,59840.8,1,10.0,6.644
E,3,44,100,3,32,9600,22.59,67.9,44266.7,1,10.0,6.644
E,3,44,100,3,33,9900,19.125,54.5,52287.6,1,10.0,6.644
E,3,44,100,3,34,10200,20.521,62.2,48729.8,1,10.0,6.644
E,3,44,100,3,35,10500,22.704,67.3,44045.8,1,10.0,6.644
E,3,44,100,3,36,10800,23.772,69.5,42066.3,1,10.0,6.644
E,3,44,100,3,37,11100,24.861,73.9,40223.6,1,10.0,6.644
E,3,44,100,3,38,11400,26.624,83.6,37560.6,1,10.0,6.644
E,3,44,100,3,39,11700,28.497,93.2,35091.0,1,10.0,6.644
E,3,44,100,3,40,12000,29.589,87.5,33796.3,1,10.0,6.644
E,3,44,100,4,1,300,15.47,102.3,64641.2,1,10.0,6.644
E,3,44,100,4,2,600,6.105,17.4,163809.1,1,10.0,6.644
E,3,44,100,4,3,900,7.694,18.2,129965.8,1,10.0,6.644
E,3,44,100,4,4,1200,6.631,21.0,150806.8,1,10.0,6.644
E,3,44,100,4,5,1500,7.442,20.4,134372.5,1,10.0,6.644
E,3,44,100,4,6,1800,8.086,22.7,123665.5,1,10.0,6.644
E,3,44,100,4,7,2100,9.217,29.9,108495.2,1,10.0,6.644
E,3,44,100,4,8,2400,9.393,30.9,106466.0,1,10.0,6.644
E,3,44,100,4,9,2700,10.132,37.1,98694.0,1,10.0,6.644
E,3,44,100,4,10,3000,12.184,39.7,82072.6,1,10.0,6.644
E,3,44,100,4,11,3300,17.332,39.8,57696.7,1,10.0,6.644
E,3,44,100,4,12,3600,14.71,43.6,67981.0,1,10.0,6.644
E,3,44,100,4,13,3900,16.034,67.1,62366.2,1,10.0,6.644
E,3,44,100,4,14,4200,16.926,45.4,59081.9,1,10.0,6.644
E,3,44,100,4,15,4500,18.379,53.6,54409.9,1,10.0,6.644
E,3,44,100,4,16,4800,20.362,54.6,49111.9,1,10.0,6.644
E,3,44,100,4,17,5100,20.103,60.8,49743.0,1,10.0,6.644
E,3,44,100,4,18,5400,21.525,69.9,46456.9,1,10.0,6.644
E,3,44,100,4,19,5700,22.628,62.7,44193.7,1,10.0,6.644
E,3,44,100,4,20,6000,25.315,69.6,39501.7,1,10.0,6.644
E,3,44,100,4,21,6300,26.113,77.1,38294.6,1,10.0,6.644
E,3,44,100,4,22,6600,21.471,86.5,46573.7,1,10.0,6.644
E,3,44,100,4,23,6900,9.441,68.2,105921.0,1,10.0,6.644
E,3,44,100,4,24,7200,8.654,74.1,115557.9,1,10.0,6.644
E,3,44,100,4,25,7500,7.826,67.2,127784.6,1,10.0,6.644
E,3,44,100,4,26,7800,8.981,25.9,111342.1,1,10.0,6.644
E,3,44,100,4,27,8100,11.266,42.9,88760.0,1,10.0,6.644
E,3,44,100,4,28,8400,11.522,35.3,86793.0,1,10.0,6.644
E,3,44,100,4,29,8700,13.121,37.6,76213.7,1,10.0,6.644
E,3,44,100,4,30,9000,14.376,44.7,69558.8,1,10.0,6.644
E,3,44,100,4,31,9300,15.894,48.1,62918.2,1,10.0,6.644
E,3,44,100,4,32,9600,20.219,50.0,49459.2,1,10.0,6.644
E,3,44,100,4,33,9900,18.841,67.6,53075.7,1,10.0,6.644
E,3,44,100,4,34,10200,19.325,60.1,51745.6,1,10.0,6.644
E,3,44,100,4,35,10500,20.38,63.2,49066.9,1,10.0,6.644
E,3,44,100,4,36,10800,22.686,66.9,44080.0,1,10.0,6.644
E,3,44,100,4,37,11100,22.456,69.4,44532.2,1,10.0,6.644
E,3,44,100,4,38,11400,25.233,80.5,39631.2,1,10.0,6.644
E,3,44,100,4,39,11700,25.515,85.5,39192.6,1,10.0,6.644
E,3,44,100,4,40,12000,27.325,87.1,36596.5,1,10.0,6.644
E,3,44,100,5,1,300,16.304,102.6,61333.4,1,10.0,6.644
E,3,44,100,5,2,600,6.102,17.4,163880.7,1,10.0,6.644
E,3,44,100,5,3,900,8.345,32.1,119832.2,1,10.0,6.644
E,3,44,100,5,4,1200,6.413,19.2,155933.3,1,10.0,6.644
E,3,44,100,5,5,1500,7.385,22.9,135409.7,1,10.0,6.644
E,3,44,100,5,6,1800,8.066,22.3,123972.1,1,10.0,6.644
E,3,44,100,5,7,2100,9.135,29.9,109469.1,1,10.0,6.644
E,3,44,100,5,8,2400,9.305,30.6,107469.1,1,10.0,6.644
E,3,44,100,5,9,2700,10.599,42.4,94345.6,1,10.0,6.644
E,3,44,100,5,10,3000,11.86,38.6,84317.0,1,10.0,6.644
E,3,44,100,5,11,3300,17.423,39.4,57394.3,1,10.0,6.644
E,3,44,100,5,12,3600,16.415,59.5,60919.9,1,10.0,6.644
E,3,44,100,5,13,3900,15.549,51.2,64314.2,1,10.0,6.644
E,3,44,100,5,14,4200,16.862,45.1,59306.1,1,10.0,6.644
E,3,44,100,5,15,4500,19.494,58.9,51297.8,1,10.0,6.644
E,3,44,100,5,16,4800,19.75,54.6,50633.8,1,10.0,6.644
E,3,44,100,5,17,5100,20.305,60.7,49249.8,1,10.0,6.644
E,3,44,100,5,18,5400,20.951,56.3,47729.7,1,10.0,6.644
E,3,44,100,5,19,5700,22.642,62.7,44166.4,1,10.0,6.644
E,3,44,100,5,20,6000,24.946,71.4,40086.0,1,10.0,6.644
E,3,44,100,5,21,6300,26.016,76.4,38437.4,1,10.0,6.644
E,3,44,100,5,22,6600,22.974,77.1,43527.5,1,10.0,6.644
E,3,44,100,5,23,6900,9.502,67.9,105237.3,1,10.0,6.644
E,3,44,100,5,24,7200,8.44,68.3,118483.4,1,10.0,6.644
E,3,44,100,5,25,7500,7.995,69.3,125083.4,1,10.0,6.644
E,3,44,100,5,26,7800,9.413,30.1,106236.1,1,10.0,6.644
E,3,44,100,5,27,8100,10.465,28.3,95553.6,1,10.0,6.644
E,3,44,100,5,28,8400,11.313,34.9,88396.5,1,10.0,6.644
E,3,44,100,5,29,8700,13.006,37.5,76885.6,1,10.0,6.644
E,3,44,100,5,30,9000,15.353,52.2,65133.9,1,10.0,6.644
E,3,44,100,5,31,9300,15.037,47.3,66504.1,1,10.0,6.644
E,3,44,100,5,32,9600,20.394,55.3,49033.2,1,10.0,6.644
E,3,44,100,5,33,9900,17.773,52.3,56264.1,1,10.0,6.644
E,3,44,100,5,34,10200,18.88,59.4,52966.1,1,10.0,6.644
E,3,44,100,5,35,10500,21.128,71.2,47329.8,1,10.0,6.644
E,3,44,100,5,36,10800,21.855,66.2,45756.8,1,10.0,6.644
E,3,44,100,5,37,11100,22.15,68.6,45147.4,1,10.0,6.644
E,3,44,100,5,38,11400,26.311,87.9,38006.4,1,10.0,6.644
E,3,44,100,5,39,11700,25.244,84.9,39613.9,1,10.0,6.644
E,3,44,100,5,40,12000,26.87,83.5,37215.8,1,10.0,6.644
E,3,44,100,6,1,300,15.416,102.8,64866.3,1,10.0,6.644
E,3,44,100,6,2,600,5.985,17.6,167093.7,1,10.0,6.644
E,3,44,100,6,3,900,8.353,40.5,119722.2,1,10.0,6.644
E,3,44,100,6,4,1200,6.393,18.8,156413.0,1,10.0,6.644
E,3,44,100,6,5,1500,7.351,21.8,136042.1,1,10.0,6.644
E,3,44,100,6,6,1800,8.036,22.2,124434.8,1,10.0,6.644
E,3,44,100,6,7,2100,9.042,29.6,110590.9,1,10.0,6.644
E,3,44,100,6,8,2400,9.312,30.6,107392.2,1,10.0,6.644
E,3,44,100,6,9,2700,10.588,36.8,94449.5,1,10.0,6.644
E,3,44,100,6,10,3000,11.785,38.6,84856.0,1,10.0,6.644
E,3,44,100,6,11,3300,17.341,39.8,57666.8,1,10.0,6.644
E,3,44,100,6,12,3600,15.212,46.8,65737.6,1,10.0,6.644
E,3,44,100,6,13,3900,15.371,51.1,65059.0,1,10.0,6.644
E,3,44,100,6,14,4200,16.814,47.2,59474.3,1,10.0,6.644
E,3,44,100,6,15,4500,18.909,56.3,52885.8,1,10.0,6.644
E,3,44,100,6,16,4800,19.693,54.3,50780.3,1,10.0,6.644
E,3,44,100,6,17,5100,20.016,60.5,49960.9,1,10.0,6.644
E,3,44,100,6,18,5400,21.022,65.0,47570.0,1,10.0,6.644
E,3,44,100,6,19,5700,22.694,62.9,44063.9,1,10.0,6.644
E,3,44,100,6,20,6000,25.727,70.3,38869.7,1,10.0,6.644
E,3,44,100,6,21,6300,25.951,76.2,38533.7,1,10.0,6.644
E,3,44,100,6,22,6600,21.443,75.5,46636.0,1,10.0,6.644
E,3,44,100,6,23,6900,9.43,69.6,106048.3,1,10.0,6.644
E,3,44,100,6,24,7200,8.382,68.8,119298.5,1,10.0,6.644
E,3,44,100,6,25,7500,8.06,66.6,124074.6,1,10.0,6.644
E,3,44,100,6,26,7800,9.468,35.6,105622.6,1,10.0,6.644
E,3,44,100,6,27,8100,10.83,28.6,92333.3,1,10.0,6.644
E,3,44,100,6,28,8400,11.31,35.1,88417.3,1,10.0,6.644
E,3,44,100,6,29,8700,13.054,39.8,76602.9,1,10.0,6.644
E,3,44,100,6,30,9000,15.01,46.0,66623.7,1,10.0,6.644
E,3,44,100,6,31,9300,15.115,47.3,66160.9,1,10.0,6.644
E,3,44,100,6,32,9600,23.06,55.6,43364.5,1,10.0,6.644
E,3,44,100,6,33,9900,18.214,54.5,54901.8,1,10.0,6.644
E,3,44,100,6,34,10200,18.935,59.3,52811.3,1,10.0,6.644
E,3,44,100,6,35,10500,20.985,74.9,47653.8,1,10.0,6.644
E,3,44,100,6,36,10800,21.741,66.0,45996.0,1,10.0,6.644
E,3,44,100,6,37,11100,22.697,71.5,44058.0,1,10.0,6.644
E,3,44,100,6,38,11400,24.339,79.8,41085.8,1,10.0,6.644
E,3,44,100,6,39,11700,25.957,88.8,38525.7,1,10.0,6.644
E,3,44,100,6,40,12000,26.419,83.5,37851.1,1,10.0,6.644
E,3,44,100,8,1,300,15.425,99.6,64831.2,1,10.0,6.644
E,3,44,100,8,2,600,6.004,16.4,166555.6,1,10.0,6.644
E,3,44,100,8,3,900,7.616,18.5,131302.5,1,10.0,6.644
E,3,44,100,8,4,1200,7.097,27.5,140911.2,1,10.0,6.644
E,3,44,100,8,5,1500,7.419,20.4,134783.0,1,10.0,6.644
E,3,44,100,8,6,1800,7.985,22.1,125234.8,1,10.0,6.644
E,3,44,100,8,7,2100,9.071,29.7,110245.5,1,10.0,6.644
E,3,44,100,8,8,2400,9.228,30.5,108365.8,1,10.0,6.644
E,3,44,100,8,9,2700,10.57,54.5,94607.4,1,10.0,6.644
E,3,44,100,8,10,3000,11.816,38.2,84628.6,1,10.0,6.644
E,3,44,100,8,11,3300,17.424,39.9,57391.0,1,10.0,6.644
E,3,44,100,8,12,3600,14.589,43.3,68543.2,1,10.0,6.644
E,3,44,100,8,13,3900,15.755,50.9,63473.3,1,10.0,6.644
E,3,44,100,8,14,4200,16.726,46.7,59788.3,1,10.0,6.644
E,3,44,100,8,15,4500,18.624,54.9,53693.2,1,10.0,6.644
E,3,44,100,8,16,4800,20.135,53.7,49663.9,1,10.0,6.644
E,3,44,100,8,17,5100,19.836,60.1,50414.2,1,10.0,6.644
E,3,44,100,8,18,5400,20.904,64.5,47837.7,1,10.0,6.644
E,3,44,100,8,19,5700,22.395,62.3,44653.5,1,10.0,6.644
E,3,44,100,8,20,6000,25.134,68.8,39786.2,1,10.0,6.644
E,3,44,100,8,21,6300,25.912,76.7,38592.7,1,10.0,6.644
E,3,44,100,8,22,6600,21.76,73.2,45955.2,1,10.0,6.644
E,3,44,100,8,23,6900,9.274,69.1,107832.2,1,10.0,6.644
E,3,44,100,8,24,7200,8.096,69.4,123522.9,1,10.0,6.644
E,3,44,100,8,25,7500,7.753,69.4,128987.9,1,10.0,6.644
E,3,44,100,8,26,7800,8.434,24.6,118563.0,1,10.0,6.644
E,3,44,100,8,27,8100,10.43,28.5,95877.3,1,10.0,6.644
E,3,44,100,8,28,8400,10.909,34.1,91670.2,1,10.0,6.644
E,3,44,100,8,29,8700,12.569,38.7,79560.8,1,10.0,6.644
E,3,44,100,8,30,9000,13.845,43.1,72226.5,1,10.0,6.644
E,3,44,100,8,31,9300,14.922,48.3,67013.6,1,10.0,6.644
E,3,44,100,8,32,9600,19.75,49.4,50632.9,1,10.0,6.644
E,3,44,100,8,33,9900,16.964,50.1,58949.5,1,10.0,6.644
E,3,44,100,8,34,10200,19.046,59.9,52505.4,1,10.0,6.644
E,3,44,100,8,35,10500,19.956,63.6,50110.2,1,10.0,6.644
E,3,44,100,8,36,10800,22.906,67.8,43656.7,1,10.0,6.644
E,3,44,100,8,37,11100,21.851,69.8,45764.5,1,10.0,6.644
E,3,44,100,8,38,11400,25.302,90.2,39522.0,1,10.0,6.644
E,3,44,100,8,39,11700,24.96,83.0,40064.6,1,10.0,6.644
E,3,44,100,8,40,12000,26.419,82.7,37851.5,1,10.0,6.644
E,3,44,100,10,1,300,16.142,105.2,61950.2,1,10.0,6.644
E,3,44,100,10,2,600,6.111,17.3,163639.4,1,10.0,6.644
E,3,44,100,10,3,900,7.722,19.8,129494.5,1,10.0,6.644
E,3,44,100,10,4,1200,7.361,24.0,135851.1,1,10.0,6.644
E,3,44,100,10,5,1500,8.073,24.5,123874.8,1,10.0,6.644
E,3,44,100,10,6,1800,8.116,22.3,123213.4,1,10.0,6.644
E,3,44,100,10,7,2100,9.18,32.3,108928.5,1,10.0,6.644
E,3,44,100,10,8,2400,9.345,30.5,107009.1,1,10.0,6.644
E,3,44,100,10,9,2700,10.731,38.3,93188.0,1,10.0,6.644
E,3,44,100,10,10,3000,11.86,38.7,84319.4,1,10.0,6.644
E,3,44,100,10,11,3300,17.562,40.6,56940.0,1,10.0,6.644
E,3,44,100,10,12,3600,15.107,46.7,66195.9,1,10.0,6.644
E,3,44,100,10,13,3900,15.347,55.4,65159.3,1,10.0,6.644
E,3,44,100,10,14,4200,16.761,44.7,59661.1,1,10.0,6.644
E,3,44,100,10,15,4500,18.846,55.0,53062.6,1,10.0,6.644
E,3,44,100,10,16,4800,19.703,54.2,50754.5,1,10.0,6.644
E,3,44,100,10,17,5100,19.934,60.2,50164.7,1,10.0,6.644
E,3,44,100,10,18,5400,21.333,64.5,46876.5,1,10.0,6.644
E,3,44,100,10,19,5700,22.466,62.3,44511.7,1,10.0,6.644
E,3,44,100,10,20,6000,24.833,71.6,40269.0,1,10.0,6.644
E,3,44,100,10,21,6300,26.002,76.4,38459.1,1,10.0,6.644
E,3,44,100,10,22,6600,26.414,129.8,37858.7,1,10.0,6.644
E,3,44,100,10,23,6900,11.333,78.4,88240.5,1,10.0,6.644
E,3,44,100,10,24,7200,12.687,73.4,78822.9,1,10.0,6.644
E,3,44,100,10,25,7500,7.587,65.7,131798.6,1,10.0,6.644
E,3,44,100,10,26,7800,9.422,26.7,106138.3,1,10.0,6.644
E,3,44,100,10,27,8100,9.986,27.3,100140.2,1,10.0,6.644
E,3,44,100,10,28,8400,10.912,34.2,91642.2,1,10.0,6.644
E,3,44,100,10,29,8700,12.621,37.1,79230.9,1,10.0,6.644
E,3,44,100,10,30,9000,14.325,44.3,69809.7,1,10.0,6.644
E,3,44,100,10,31,9300,14.738,46.6,67850.3,1,10.0,6.644
E,3,44,100,10,32,9600,20.292,48.7,49281.3,1,10.0,6.644
E,3,44,100,10,33,9900,17.94,61.0,55741.3,1,10.0,6.644
E,3,44,100,10,34,10200,18.61,58.7,53734.6,1,10.0,6.644
E,3,44,100,10,35,10500,20.563,63.9,48631.0,1,10.0,6.644
E,3,44,100,10,36,10800,21.45,64.9,46619.3,1,10.0,6.644
E,3,44,100,10,37,11100,21.674,69.0,46138.9,1,10.0,6.644
E,3,44,100,10,38,11400,24.213,84.8,41300.1,1,10.0,6.644
E,3,44,100,10,39,11700,24.824,82.4,40283.6,1,10.0,6.644
E,3,44,100,10,40,12000,27.639,98.9,36180.3,1,10.0,6.644
E,3,44,100,14,1,300,28.485,157.3,35106.6,1,10.0,6.644
E,3,44,100,14,2,600,9.138,29.1,109433.1,1,10.0,6.644
E,3,44,100,14,3,900,10.655,30.8,93849.7,1,10.0,6.644
E,3,44,100,14,4,1200,6.73,22.7,148588.4,1,10.0,6.644
E,3,44,100,14,5,1500,7.629,20.2,131078.8,1,10.0,6.644
E,3,44,100,14,6,1800,8.427,22.9,118666.2,1,10.0,6.644
E,3,44,100,14,7,2100,9.321,30.1,107280.8,1,10.0,6.644
E,3,44,100,14,8,2400,10.349,32.6,96627.7,1,10.0,6.644
E,3,44,100,14,9,2700,10.328,37.2,96821.0,1,10.0,6.644
E,3,44,100,14,10,3000,12.113,38.9,82553.7,1,10.0,6.644
E,3,44,100,14,11,3300,19.226,55.9,52013.8,1,10.0,6.644
E,3,44,100,14,12,3600,14.812,44.2,67511.3,1,10.0,6.644
E,3,44,100,14,13,3900,15.487,51.1,64568.9,1,10.0,6.644
E,3,44,100,14,14,4200,17.653,47.5,56647.6,1,10.0,6.644
E,3,44,100,14,15,4500,18.492,53.1,54078.4,1,10.0,6.644
E,3,44,100,14,16,4800,19.75,54.2,50632.1,1,10.0,6.644
E,3,44,100,14,17,5100,20.787,64.0,48107.0,1,10.0,6.644
E,3,44,100,14,18,5400,20.936,61.7,47764.6,1,10.0,6.644
E,3,44,100,14,19,5700,23.666,62.5,42254.7,1,10.0,6.644
E,3,44,100,14,20,6000,24.613,69.1,40629.5,1,10.0,6.644
E,3,44,100,14,21,6300,28.681,105.4,34866.3,1,10.0,6.644
E,3,44,100,14,22,6600,22.985,76.0,43506.0,1,10.0,6.644
E,3,44,100,14,23,6900,9.421,68.2,106145.8,1,10.0,6.644
E,3,44,100,14,24,7200,9.341,69.7,107051.1,1,10.0,6.644
E,3,44,100,14,25,7500,8.049,70.6,124233.9,1,10.0,6.644
E,3,44,100,14,26,7800,8.713,25.6,114775.4,1,10.0,6.644
E,3,44,100,14,27,8100,10.237,28.0,97681.7,1,10.0,6.644
E,3,44,100,14,28,8400,11.059,34.6,90421.4,1,10.0,6.644
E,3,44,100,14,29,8700,13.669,49.9,73156.4,1,10.0,6.644
E,3,44,100,14,30,9000,14.074,43.8,71054.7,1,10.0,6.644
E,3,44,100,14,31,9300,14.772,46.6,67695.6,1,10.0,6.644
E,3,44,100,14,32,9600,22.707,69.6,44039.9,1,10.0,6.644
E,3,44,100,14,33,9900,17.303,50.4,57792.3,1,10.0,6.644
E,3,44,100,14,34,10200,18.816,59.3,53147.2,1,10.0,6.644
E,3,44,100,14,35,10500,21.068,64.6,47466.1,1,10.0,6.644
E,3,44,100,14,36,10800,21.424,66.3,46675.9,1,10.0,6.644
E,3,44,100,14,37,11100,22.938,71.3,43595.8,1,10.0,6.644
E,3,44,100,14,38,11400,23.878,79.7,41880.1,1,10.0,6.644
E,3,44,100,14,39,11700,25.562,83.1,39120.1,1,10.0,6.644
E,3,44,100,14,40,12000,26.005,82.5,38453.7,1,10.0,6.644
E,3,44,100,20,1,300,18.957,99.5,52751.0,1,10.0,6.644
E,3,44,100,20,2,600,6.338,16.9,157778.5,1,10.0,6.644
E,3,44,100,20,3,900,7.887,19.1,126785.6,1,10.0,6.644
E,3,44,100,20,4,1200,6.724,19.8,148728.4,1,10.0,6.644
E,3,44,100,20,5,1500,7.589,20.4,131775.4,1,10.0,6.644
E,3,44,100,20,6,1800,9.077,26.7,110172.6,1,10.0,6.644
E,3,44,100,20,7,2100,9.342,30.2,107047.3,1,10.0,6.644
E,3,44,100,20,8,2400,9.518,31.1,105064.1,1,10.0,6.644
E,3,44,100,20,9,2700,10.206,37.4,97981.6,1,10.0,6.644
E,3,44,100,20,10,3000,12.564,42.2,79592.5,1,10.0,6.644
E,3,44,100,20,11,3300,17.969,40.6,55651.4,1,10.0,6.644
E,3,44,100,20,12,3600,14.808,44.3,67531.1,1,10.0,6.644
E,3,44,100,20,13,3900,15.933,70.1,62761.5,1,10.0,6.644
E,3,44,100,20,14,4200,16.971,45.2,58925.2,1,10.0,6.644
E,3,44,100,20,15,4500,18.282,53.4,54697.6,1,10.0,6.644
E,3,44,100,20,16,4800,20.514,60.6,48748.0,1,10.0,6.644
E,3,44,100,20,17,5100,20.056,60.7,49859.6,1,10.0,6.644
E,3,44,100,20,18,5400,21.688,79.1,46108.4,1,10.0,6.644
E,3,44,100,20,19,5700,22.623,62.4,44203.5,1,10.0,6.644
E,3,44,100,20,20,6000,24.951,69.2,40079.1,1,10.0,6.644
E,3,44,100,20,21,6300,26.053,77.0,38383.3,1,10.0,6.644
E,3,44,100,20,22,6600,22.661,75.7,44128.0,1,10.0,6.644
E,3,44,100,20,23,6900,9.943,76.1,100573.3,1,10.0,6.644
E,3,44,100,20,24,7200,8.224,69.7,121590.4,1,10.0,6.644
E,3,44,100,20,25,7500,7.976,70.0,125370.9,1,10.0,6.644
E,3,44,100,20,26,7800,8.557,24.7,116863.4,1,10.0,6.644
E,3,44,100,20,27,8100,10.28,29.4,97279.4,1,10.0,6.644
E,3,44,100,20,28,8400,11.135,34.6,89804.2,1,10.0,6.644
E,3,44,100,20,29,8700,12.761,38.6,78361.7,1,10.0,6.644
E,3,44,100,20,30,9000,13.978,43.3,71541.0,1,10.0,6.644
E,3,44,100,20,31,9300,15.86,49.3,63053.0,1,10.0,6.644
E,3,44,100,20,32,9600,20.341,53.5,49161.0,1,10.0,6.644
E,3,44,100,20,33,9900,17.04,50.1,58686.6,1,10.0,6.644
E,3,44,100,20,34,10200,19.224,59.0,52019.2,1,10.0,6.644
E,3,44,100,20,35,10500,19.748,62.6,50637.2,1,10.0,6.644
E,3,44,100,20,36,10800,21.974,66.8,45509.0,1,10.0,6.644
E,3,44,100,20,37,11100,21.636,67.5,46219.3,1,10.0,6.644
E,3,44,100,20,38,11400,24.023,78.3,41626.8,1,10.0,6.644
E,3,44,100,20,39,11700,24.833,82.2,40269.0,1,10.0,6.644
E,3,44,100,20,40,12000,26.298,81.8,38025.2,1,10.0,6.644
E,3,44,175,2,1,300,18.266,84.0,54745.5,1,13.229,7.451
E,3,44,175,2,2,600,11.482,17.4,87092.8,1,13.229,7.451
E,3,44,175,2,3,900,13.546,26.4,73822.5,1,13.229,7.451
E,3,44,175,2,4,1200,14.701,37.1,68022.6,1,13.229,7.451
E,3,44,175,2,5,1500,14.949,28.6,66894.1,1,13.229,7.451
E,3,44,175,2,6,1800,16.319,33.5,61278.3,1,13.229,7.451
E,3,44,175,2,7,2100,19.63,50.6,50943.3,1,13.229,7.451
E,3,44,175,2,8,2400,19.078,44.7,52417.3,1,13.229,7.451
E,3,44,175,2,9,2700,20.198,51.7,49509.0,1,13.229,7.451
E,3,44,175,2,10,3000,22.669,53.5,44113.8,1,13.229,7.451
E,3,44,175,2,11,3300,26.44,55.3,37822.0,1,13.229,7.451
E,3,44,175,2,12,3600,21.814,45.9,45841.4,1,13.229,7.451
E,3,44,175,2,13,3900,21.361,54.9,46815.0,1,13.229,7.451
E,3,44,175,2,14,4200,24.569,51.3,40701.1,1,13.229,7.451
E,3,44,175,2,15,4500,24.757,53.4,40392.6,1,13.229,7.451
E,3,44,175,2,16,4800,22.566,69.8,44313.8,1,13.229,7.451
E,3,44,175,2,17,5100,19.307,29.1,51793.8,1,13.229,7.451
E,3,44,175,2,18,5400,21.316,46.8,46913.9,1,13.229,7.451
E,3,44,175,2,19,5700,22.916,39.4,43637.0,1,13.229,7.451
E,3,44,175,2,20,6000,26.279,55.0,38053.2,1,13.229,7.451
E,3,44,175,2,21,6300,27.22,51.1,36738.1,1,13.229,7.451
E,3,44,175,2,22,6600,24.5,68.5,40816.9,1,13.229,7.451
E,3,44,175,2,23,6900,11.689,25.4,85553.0,1,13.229,7.451
E,3,44,175,2,24,7200,11.35,22.3,88108.3,1,13.229,7.451
E,3,44,175,2,25,7500,11.775,20.7,84923.3,1,13.229,7.451
E,3,44,175,2,26,7800,12.477,40.5,80149.6,1,13.229,7.451
E,3,44,175,2,27,8100,12.477,21.7,80149.6,1,13.229,7.451
E,3,44,175,2,28,8400,10.03,26.9,99704.2,1,13.229,7.451
E,3,44,175,2,29,8700,10.878,46.9,91928.7,1,13.229,7.451
E,3,44,175,2,30,9000,11.087,29.7,90198.4,1,13.229,7.451
E,3,44,175,2,31,9300,11.427,24.4,87514.6,1,13.229,7.451
E,3,44,175,2,32,9600,16.161,24.7,61878.6,1,13.229,7.451
E,3,44,175,2,33,9900,12.097,27.1,82662.9,1,13.229,7.451
E,3,44,175,2,34,10200,11.121,32.8,89917.3,1,13.229,7.451
E,3,44,175,2,35,10500,8.272,21.9,120884.9,1,13.229,7.451
E,3,44,175,2,36,10800,9.014,20.8,110934.4,1,13.229,7.451
E,3,44,175,2,37,11100,9.645,21.5,103677.1,1,13.229,7.451
E,3,44,175,2,38,11400,10.768,22.7,92870.6,1,13.229,7.451
E,3,44,175,2,39,11700,12.202,43.0,81951.6,1,13.229,7.451
E,3,44,175,2,40,12000,12.358,26.3,80921.4,1,13.229,7.451
E,3,44,175,3,1,300,16.756,55.9,59678.9,1,13.229,7.451
E,3,44,175,3,2,600,11.079,25.5,90260.9,1,13.229,7.451
E,3,44,175,3,3,900,12.422,27.5,80502.3,1,13.229,7.451
E,3,44,175,3,4,1200,12.462,24.4,80244.0,1,13.229,7.451
E,3,44,175,3,5,1500,13.681,28.6,73092.3,1,13.229,7.451
E,3,44,175,3,6,1800,15.744,36.1,63514.9,1,13.229,7.451
E,3,44,175,3,7,2100,17.109,43.1,58448.8,1,13.229,7.451
E,3,44,175,3,8,2400,17.053,44.8,58639.6,1,13.229,7.451
E,3,44,175,3,9,2700,19.001,52.3,52627.9,1,13.229,7.451
E,3,44,175,3,10,3000,19.838,53.2,50407.5,1,13.229,7.451
E,3,44,175,3,11,3300,24.361,72.5,41049.2,1,13.229,7.451
E,3,44,175,3,12,3600,16.116,41.3,62050.1,1,13.229,7.451
E,3,44,175,3,13,3900,16.522,46.9,60526.6,1,13.229,7.451
E,3,44,175,3,14,4200,18.937,52.8,52805.8,1,13.229,7.451
E,3,44,175,3,15,4500,19.31,47.3,51785.7,1,13.229,7.451
E,3,44,175,3,16,4800,18.869,73.9,52997.9,1,13.229,7.451
E,3,44,175,3,17,5100,17.025,28.2,58738.3,1,13.229,7.451
E,3,44,175,3,18,5400,18.236,34.5,54835.6,1,13.229,7.451
E,3,44,175,3,19,5700,20.892,46.4,47865.2,1,13.229,7.451
E,3,44,175,3,20,6000,23.049,43.8,43385.8,1,13.229,7.451
E,3,44,175,3,21,6300,25.54,56.8,39153.8,1,13.229,7.451
E,3,44,175,3,22,6600,22.261,49.2,44922.3,1,13.229,7.451
E,3,44,175,3,23,6900,10.896,26.5,91774.0,1,13.229,7.451
E,3,44,175,3,24,7200,10.757,24.1,92965.6,1,13.229,7.451
E,3,44,175,3,25,7500,10.604,21.0,94301.1,1,13.229,7.451
E,3,44,175,3,26,7800,10.811,25.0,92495.5,1,13.229,7.451
E,3,44,175,3,27,8100,11.197,21.4,89309.6,1,13.229,7.451
E,3,44,175,3,28,8400,9.58,27.3,104387.8,1,13.229,7.451
E,3,44,175,3,29,8700,9.76,24.2,102459.0,1,13.229,7.451
E,3,44,175,3,30,9000,9.863,21.7,101385.6,1,13.229,7.451
E,3,44,175,3,31,9300,10.554,24.5,94753.8,1,13.229,7.451
E,3,44,175,3,32,9600,14.988,24.5,66718.6,1,13.229,7.451
E,3,44,175,3,33,9900,11.494,28.8,86999.4,1,13.229,7.451
E,3,44,175,3,34,10200,9.724,24.4,102838.3,1,13.229,7.451
E,3,44,175,3,35,10500,7.646,19.3,130781.6,1,13.229,7.451
E,3,44,175,3,36,10800,8.339,19.2,119918.5,1,13.229,7.451
E,3,44,175,3,37,11100,8.832,19.2,113224.6,1,13.229,7.451
E,3,44,175,3,38,11400,11.375,31.5,87912.1,1,13.229,7.451
E,3,44,175,3,39,11700,10.282,23.0,97254.2,1,13.229,7.451
E,3,44,175,3,40,12000,11.52,25.3,86805.6,1,13.229,7.451
E,3,44,175,4,1,300,15.59,69.5,64143.7,1,13.229,7.451
E,3,44,175,4,2,600,7.885,16.6,126823.1,1,13.229,7.451
E,3,44,175,4,3,900,9.565,26.7,104551.5,1,13.229,7.451
E,3,44,175,4,4,1200,9.575,20.5,104435.0,1,13.229,7.451
E,3,44,175,4,5,1500,10.684,24.4,93595.0,1,13.229,7.451
E,3,44,175,4,6,1800,11.914,30.6,83937.2,1,13.229,7.451
E,3,44,175,4,7,2100,13.423,38.3,74500.8,1,13.229,7.451
E,3,44,175,4,8,2400,13.362,40.6,74841.0,1,13.229,7.451
E,3,44,175,4,9,2700,15.144,47.7,66031.3,1,13.229,7.451
E,3,44,175,4,10,3000,15.515,48.1,64452.4,1,13.229,7.451
E,3,44,175,4,11,3300,19.247,49.7,51956.1,1,13.229,7.451
E,3,44,175,4,12,3600,12.486,33.2,80089.7,1,13.229,7.451
E,3,44,175,4,13,3900,12.401,26.9,80636.5,1,13.229,7.451
E,3,44,175,4,14,4200,12.994,27.4,76956.6,1,13.229,7.451
E,3,44,175,4,15,4500,13.126,28.6,76186.6,1,13.229,7.451
E,3,44,175,4,16,4800,13.255,65.9,75441.3,1,13.229,7.451
E,3,44,175,4,17,5100,10.335,19.8,96761.7,1,13.229,7.451
E,3,44,175,4,18,5400,11.415,23.9,87606.6,1,13.229,7.451
E,3,44,175,4,19,5700,13.099,28.6,76343.7,1,13.229,7.451
E,3,44,175,4,20,6000,15.618,37.1,64028.7,1,13.229,7.451
E,3,44,175,4,21,6300,16.984,45.4,58878.9,1,13.229,7.451
E,3,44,175,4,22,6600,19.314,43.5,51775.9,1,13.229,7.451
E,3,44,175,4,23,6900,10.442,31.8,95767.1,1,13.229,7.451
E,3,44,175,4,24,7200,9.568,21.9,104511.4,1,13.229,7.451
E,3,44,175,4,25,7500,9.541,20.7,104810.8,1,13.229,7.451
E,3,44,175,4,26,7800,10.057,26.6,99429.9,1,13.229,7.451
E,3,44,175,4,27,8100,10.329,28.4,96817.9,1,13.229,7.451
E,3,44,175,4,28,8400,8.575,25.0,116613.6,1,13.229,7.451
E,3,44,175,4,29,8700,9.003,23.7,111078.2,1,13.229,7.451
E,3,44,175,4,30,9000,8.753,21.1,114246.6,1,13.229,7.451
E,3,44,175,4,31,9300,9.711,22.1,102972.5,1,13.229,7.451
E,3,44,175,4,32,9600,15.22,35.6,65701.6,1,13.229,7.451
E,3,44,175,4,33,9900,10.281,23.3,97266.8,1,13.229,7.451
E,3,44,175,4,34,10200,9.062,22.3,110355.0,1,13.229,7.451
E,3,44,175,4,35,10500,7.463,19.6,133994.3,1,13.229,7.451
E,3,44,175,4,36,10800,7.971,19.2,125449.6,1,13.229,7.451
E,3,44,175,4,37,11100,9.987,27.5,100133.5,1,13.229,7.451
E,3,44,175,4,38,11400,9.847,22.9,101553.8,1,13.229,7.451
E,3,44,175,4,39,11700,13.029,23.1,76749.9,1,13.229,7.451
E,3,44,175,4,40,12000,11.218,25.7,89142.5,1,13.229,7.451
E,3,44,175,5,1,300,15.194,55.0,65815.5,1,13.229,7.451
E,3,44,175,5,2,600,8.508,25.3,117541.1,1,13.229,7.451
E,3,44,175,5,3,900,9.644,26.4,103687.8,1,13.229,7.451
E,3,44,175,5,4,1200,9.796,20.7,102079.0,1,13.229,7.451
E,3,44,175,5,5,1500,10.708,24.4,93385.2,1,13.229,7.451
E,3,44,175,5,6,1800,12.316,31.3,81197.4,1,13.229,7.451
E,3,44,175,5,7,2100,13.565,38.5,73720.9,1,13.229,7.451
E,3,44,175,5,8,2400,13.366,40.1,74814.8,1,13.229,7.451
E,3,44,175,5,9,2700,14.775,47.1,67680.4,1,13.229,7.451
E,3,44,175,5,10,3000,16.328,52.1,61245.7,1,13.229,7.451
E,3,44,175,5,11,3300,19.275,50.1,51880.7,1,13.229,7.451
E,3,44,175,5,12,3600,11.623,23.4,86033.8,1,13.229,7.451
E,3,44,175,5,13,3900,12.252,31.6,81621.5,1,13.229,7.451
E,3,44,175,5,14,4200,12.798,27.9,78137.2,1,13.229,7.451
E,3,44,175,5,15,4500,12.768,28.6,78320.8,1,13.229,7.451
E,3,44,175,5,16,4800,12.409,31.6,80584.5,1,13.229,7.451
E,3,44,175,5,17,5100,10.909,27.5,91667.4,1,13.229,7.451
E,3,44,175,5,18,5400,11.536,24.0,86685.2,1,13.229,7.451
E,3,44,175,5,19,5700,13.155,28.8,76016.7,1,13.229,7.451
E,3,44,175,5,20,6000,15.0,34.2,66666.7,1,13.229,7.451
E,3,44,175,5,21,6300,17.672,53.0,56587.8,1,13.229,7.451
E,3,44,175,5,22,6600,19.475,43.5,51347.0,1,13.229,7.451
E,3,44,175,5,23,6900,10.121,26.5,98801.2,1,13.229,7.451
E,3,44,175,5,24,7200,10.6,31.6,94336.7,1,13.229,7.451
E,3,44,175,5,25,7500,9.778,21.6,102266.9,1,13.229,7.451
E,3,44,175,5,26,7800,10.167,27.2,98357.4,1,13.229,7.451
E,3,44,175,5,27,8100,10.007,22.2,99926.7,1,13.229,7.451
E,3,44,175,5,28,8400,8.742,26.2,114394.7,1,13.229,7.451
E,3,44,175,5,29,8700,9.693,39.9,103167.2,1,13.229,7.451
E,3,44,175,5,30,9000,8.794,21.2,113713.9,1,13.229,7.451
E,3,44,175,5,31,9300,9.882,21.5,101194.1,1,13.229,7.451
E,3,44,175,5,32,9600,14.493,25.3,69000.4,1,13.229,7.451
E,3,44,175,5,33,9900,11.218,29.9,89139.8,1,13.229,7.451
E,3,44,175,5,34,10200,9.206,26.5,108624.8,1,13.229,7.451
E,3,44,175,5,35,10500,7.378,19.9,135538.1,1,13.229,7.451
E,3,44,175,5,36,10800,8.117,19.4,123193.2,1,13.229,7.451
E,3,44,175,5,37,11100,8.617,19.3,116054.2,1,13.229,7.451
E,3,44,175,5,38,11400,10.409,34.4,96067.6,1,13.229,7.451
E,3,44,175,5,39,11700,10.019,22.9,99813.7,1,13.229,7.451
E,3,44,175,5,40,12000,11.259,25.0,88817.8,1,13.229,7.451
E,3,44,175,6,1,300,15.766,54.2,63427.6,1,13.229,7.451
E,3,44,175,6,2,600,7.912,16.2,126385.0,1,13.229,7.451
E,3,44,175,6,3,900,9.556,26.2,104642.7,1,13.229,7.451
E,3,44,175,6,4,1200,9.624,21.4,103910.5,1,13.229,7.451
E,3,44,175,6,5,1500,11.192,30.9,89349.6,1,13.229,7.451
E,3,44,175,6,6,1800,11.542,29.4,86642.6,1,13.229,7.451
E,3,44,175,6,7,2100,13.312,38.6,75118.3,1,13.229,7.451
E,3,44,175,6,8,2400,13.154,40.1,76020.6,1,13.229,7.451
E,3,44,175,6,9,2700,15.179,47.0,65880.5,1,13.229,7.451
E,3,44,175,6,10,3000,18.321,48.5,54582.2,1,13.229,7.451
E,3,44,175,6,11,3300,18.657,49.8,53599.2,1,13.229,7.451
E,3,44,175,6,12,3600,10.912,30.9,91645.0,1,13.229,7.451
E,3,44,175,6,13,3900,10.666,27.4,93758.8,1,13.229,7.451
E,3,44,175,6,14,4200,11.302,23.3,88477.3,1,13.229,7.451
E,3,44,175,6,15,4500,11.114,24.0,89979.3,1,13.229,7.451
E,3,44,175,6,16,4800,12.128,35.8,82456.1,1,13.229,7.451
E,3,44,175,6,17,5100,10.273,20.1,97339.4,1,13.229,7.451
E,3,44,175,6,18,5400,11.284,23.7,88623.7,1,13.229,7.451
E,3,44,175,6,19,5700,13.026,29.3,76771.5,1,13.229,7.451
E,3,44,175,6,20,6000,15.529,38.8,64394.3,1,13.229,7.451
E,3,44,175,6,21,6300,16.819,45.1,59456.6,1,13.229,7.451
E,3,44,175,6,22,6600,18.962,38.7,52736.1,1,13.229,7.451
E,3,44,175,6,23,6900,11.291,34.4,88568.7,1,13.229,7.451
E,3,44,175,6,24,7200,9.519,23.0,105049.4,1,13.229,7.451
E,3,44,175,6,25,7500,9.391,21.2,106481.1,1,13.229,7.451
E,3,44,175,6,26,7800,9.884,26.4,101173.6,1,13.229,7.451
E,3,44,175,6,27,8100,9.548,21.8,104734.0,1,13.229,7.451
E,3,44,175,6,28,8400,9.252,31.7,108088.7,1,13.229,7.451
E,3,44,175,6,29,8700,8.639,23.6,115758.6,1,13.229,7.451
E,3,44,175,6,30,9000,8.717,20.9,114722.7,1,13.229,7.451
E,3,44,175,6,31,9300,9.683,21.5,103277.3,1,13.229,7.451
E,3,44,175,6,32,9600,14.626,35.3,68369.8,1,13.229,7.451
E,3,44,175,6,33,9900,10.168,24.0,98347.8,1,13.229,7.451
E,3,44,175,6,34,10200,8.871,22.7,112726.9,1,13.229,7.451
E,3,44,175,6,35,10500,7.405,20.3,135037.8,1,13.229,7.451
E,3,44,175,6,36,10800,7.948,20.0,125812.6,1,13.229,7.451
E,3,44,175,6,37,11100,8.98,25.4,111358.6,1,13.229,7.451
E,3,44,175,6,38,11400,9.715,22.5,102933.6,1,13.229,7.451
E,3,44,175,6,39,11700,9.894,22.6,101074.8,1,13.229,7.451
E,3,44,175,6,40,12000,11.19,25.0,89365.5,1,13.229,7.451
E,3,44,175,8,1,300,14.713,53.3,67967.1,1,13.229,7.451
E,3,44,175,8,2,600,7.682,21.9,130168.8,1,13.229,7.451
E,3,44,175,8,3,900,8.897,31.4,112401.6,1,13.229,7.451
E,3,44,175,8,4,1200,8.803,19.4,113593.3,1,13.229,7.451
E,3,44,175,8,5,1500,9.591,22.4,104264.4,1,13.229,7.451
E,3,44,175,8,6,1800,10.409,26.5,96070.7,1,13.229,7.451
E,3,44,175,8,7,2100,12.579,41.8,79499.7,1,13.229,7.451
E,3,44,175,8,8,2400,11.752,37.6,85089.5,1,13.229,7.451
E,3,44,175,8,9,2700,13.073,43.7,76491.6,1,13.229,7.451
E,3,44,175,8,10,3000,13.898,45.1,71952.8,1,13.229,7.451
E,3,44,175,8,11,3300,17.785,56.7,56228.2,1,13.229,7.451
E,3,44,175,8,12,3600,8.359,16.3,119626.8,1,13.229,7.451
E,3,44,175,8,13,3900,8.585,20.2,116482.3,1,13.229,7.451
E,3,44,175,8,14,4200,8.908,21.0,112254.5,1,13.229,7.451
E,3,44,175,8,15,4500,8.752,23.9,114259.6,1,13.229,7.451
E,3,44,175,8,16,4800,9.131,28.6,109517.0,1,13.229,7.451
E,3,44,175,8,17,5100,8.086,16.7,123675.6,1,13.229,7.451
E,3,44,175,8,18,5400,9.101,21.3,109882.1,1,13.229,7.451
E,3,44,175,8,19,5700,10.409,24.5,96067.6,1,13.229,7.451
E,3,44,175,8,20,6000,13.208,39.3,75713.6,1,13.229,7.451
E,3,44,175,8,21,6300,14.171,46.4,70565.0,1,13.229,7.451
E,3,44,175,8,22,6600,18.35,38.4,54495.9,1,13.229,7.451
E,3,44,175,8,23,6900,9.404,25.3,106337.7,1,13.229,7.451
E,3,44,175,8,24,7200,9.439,29.6,105939.7,1,13.229,7.451
E,3,44,175,8,25,7500,8.917,21.0,112141.1,1,13.229,7.451
E,3,44,175,8,26,7800,9.447,23.7,105853.7,1,13.229,7.451
E,3,44,175,8,27,8100,8.889,22.1,112498.6,1,13.229,7.451
E,3,44,175,8,28,8400,8.111,23.9,123289.4,1,13.229,7.451
E,3,44,175,8,29,8700,8.825,33.1,113314.4,1,13.229,7.451
E,3,44,175,8,30,9000,8.036,20.5,124445.2,1,13.229,7.451
E,3,44,175,8,31,9300,9.097,21.1,109922.3,1,13.229,7.451
E,3,44,175,8,32,9600,13.634,24.7,73344.2,1,13.229,7.451
E,3,44,175,8,33,9900,10.437,34.6,95816.1,1,13.229,7.451
E,3,44,175,8,34,10200,9.428,27.0,106070.8,1,13.229,7.451
E,3,44,175,8,35,10500,7.228,20.3,138350.8,1,13.229,7.451
E,3,44,175,8,36,10800,7.836,19.8,127621.6,1,13.229,7.451
E,3,44,175,8,37,11100,8.486,20.4,117841.1,1,13.229,7.451
E,3,44,175,8,38,11400,9.681,22.9,103295.1,1,13.229,7.451
E,3,44,175,8,39,11700,11.103,31.4,90063.1,1,13.229,7.451
E,3,44,175,8,40,12000,11.138,27.8,89780.0,1,13.229,7.451
E,3,44,175,10,1,300,15.839,55.6,63134.0,1,13.229,7.451
E,3,44,175,10,2,600,7.061,18.2,141616.3,1,13.229,7.451
E,3,44,175,10,3,900,12.095,32.0,82681.1,1,13.229,7.451
E,3,44,175,10,4,1200,8.534,19.3,117182.9,1,13.229,7.451
E,3,44,175,10,5,1500,10.146,37.7,98557.8,1,13.229,7.451
E,3,44,175,10,6,1800,10.275,26.6,97323.6,1,13.229,7.451
E,3,44,175,10,7,2100,11.981,35.5,83465.5,1,13.229,7.451
E,3,44,175,10,8,2400,11.666,36.9,85719.2,1,13.229,7.451
E,3,44,175,10,9,2700,13.983,56.7,71517.1,1,13.229,7.451
E,3,44,175,10,10,3000,13.873,45.0,72082.5,1,13.229,7.451
E,3,44,175,10,11,3300,16.933,46.6,59055.1,1,13.229,7.451
E,3,44,175,10,12,3600,8.118,16.2,123188.1,1,13.229,7.451
E,3,44,175,10,13,3900,8.767,46.9,114059.8,1,13.229,7.451
E,3,44,175,10,14,4200,8.812,17.6,113485.9,1,13.229,7.451
E,3,44,175,10,15,4500,8.247,18.0,121251.3,1,13.229,7.451
E,3,44,175,10,16,4800,8.968,33.7,111507.6,1,13.229,7.451
E,3,44,175,10,17,5100,8.046,16.1,124285.4,1,13.229,7.451
E,3,44,175,10,18,5400,9.563,27.8,104573.3,1,13.229,7.451
E,3,44,175,10,19,5700,11.046,24.8,90527.8,1,13.229,7.451
E,3,44,175,10,20,6000,12.342,29.4,81022.0,1,13.229,7.451
E,3,44,175,10,21,6300,14.002,44.5,71420.1,1,13.229,7.451
E,3,44,175,10,22,6600,19.058,38.2,52470.5,1,13.229,7.451
E,3,44,175,10,23,6900,9.655,27.4,103573.3,1,13.229,7.451
E,3,44,175,10,24,7200,8.948,22.0,111761.0,1,13.229,7.451
E,3,44,175,10,25,7500,8.836,21.1,113173.4,1,13.229,7.451
E,3,44,175,10,26,7800,9.939,37.6,100610.4,1,13.229,7.451
E,3,44,175,10,27,8100,8.968,22.2,111511.7,1,13.229,7.451
E,3,44,175,10,28,8400,7.984,23.4,125245.3,1,13.229,7.451
E,3,44,175,10,29,8700,8.056,24.0,124126.0,1,13.229,7.451
E,3,44,175,10,30,9000,8.205,21.3,121881.8,1,13.229,7.451
E,3,44,175,10,31,9300,9.061,21.2,110363.1,1,13.229,7.451
E,3,44,175,10,32,9600,14.055,27.9,71150.7,1,13.229,7.451
E,3,44,175,10,33,9900,9.582,27.7,104358.7,1,13.229,7.451
E,3,44,175,10,34,10200,8.694,22.7,115017.5,1,13.229,7.451
E,3,44,175,10,35,10500,7.226,19.6,138389.2,1,13.229,7.451
E,3,44,175,10,36,10800,8.382,25.9,119308.0,1,13.229,7.451
E,3,44,175,10,37,11100,8.617,21.1,116049.6,1,13.229,7.451
E,3,44,175,10,38,11400,9.453,22.7,105786.5,1,13.229,7.451
E,3,44,175,10,39,11700,9.762,25.1,102438.0,1,13.229,7.451
E,3,44,175,10,40,12000,10.901,25.9,91737.5,1,13.229,7.451
E,3,44,175,14,1,300,14.772,57.9,67694.1,1,13.229,7.451
E,3,44,175,14,2,600,7.357,17.3,135925.0,1,13.229,7.451
E,3,44,175,14,3,900,8.846,30.1,113045.4,1,13.229,7.451
E,3,44,175,14,4,1200,8.841,19.9,113109.4,1,13.229,7.451
E,3,44,175,14,5,1500,9.701,22.7,103082.1,1,13.229,7.451
E,3,44,175,14,6,1800,10.426,27.0,95914.1,1,13.229,7.451
E,3,44,175,14,7,2100,12.728,39.3,78564.9,1,13.229,7.451
E,3,44,175,14,8,2400,11.829,37.1,84540.4,1,13.229,7.451
E,3,44,175,14,9,2700,13.067,44.2,76530.6,1,13.229,7.451
E,3,44,175,14,10,3000,14.74,67.6,67842.6,1,13.229,7.451
E,3,44,175,14,11,3300,16.565,46.6,60368.3,1,13.229,7.451
E,3,44,175,14,12,3600,7.1,16.8,140838.4,1,13.229,7.451
E,3,44,175,14,13,3900,7.752,21.2,128993.4,1,13.229,7.451
E,3,44,175,14,14,4200,7.683,17.5,130151.8,1,13.229,7.451
E,3,44,175,14,15,4500,7.769,19.7,128711.2,1,13.229,7.451
E,3,44,175,14,16,4800,8.343,31.5,119865.7,1,13.229,7.451
E,3,44,175,14,17,5100,8.156,16.7,122609.1,1,13.229,7.451
E,3,44,175,14,18,5400,9.128,19.9,109557.0,1,13.229,7.451
E,3,44,175,14,19,5700,10.629,24.8,94079.3,1,13.229,7.451
E,3,44,175,14,20,6000,13.02,37.2,76802.9,1,13.229,7.451
E,3,44,175,14,21,6300,14.152,43.9,70659.7,1,13.229,7.451
E,3,44,175,14,22,6600,18.403,38.7,54340.0,1,13.229,7.451
E,3,44,175,14,23,6900,9.262,25.7,107964.2,1,13.229,7.451
E,3,44,175,14,24,7200,9.499,34.0,105270.5,1,13.229,7.451
E,3,44,175,14,25,7500,8.792,21.3,113744.1,1,13.229,7.451
E,3,44,175,14,26,7800,9.377,24.2,106640.1,1,13.229,7.451
E,3,44,175,14,27,8100,8.775,22.2,113964.5,1,13.229,7.451
E,3,44,175,14,28,8400,7.995,24.1,125072.9,1,13.229,7.451
E,3,44,175,14,29,8700,8.932,29.9,111957.0,1,13.229,7.451
E,3,44,175,14,30,9000,8.196,24.7,122010.8,1,13.229,7.451
E,3,44,175,14,31,9300,9.121,21.2,109633.1,1,13.229,7.451
E,3,44,175,14,32,9600,13.504,25.6,74052.1,1,13.229,7.451
E,3,44,175,14,33,9900,10.192,27.5,98116.2,1,13.229,7.451
E,3,44,175,14,34,10200,8.766,22.7,114081.4,1,13.229,7.451
E,3,44,175,14,35,10500,7.17,20.3,139463.5,1,13.229,7.451
E,3,44,175,14,36,10800,7.697,19.6,129926.4,1,13.229,7.451
E,3,44,175,14,37,11100,8.378,19.4,119355.5,1,13.229,7.451
E,3,44,175,14,38,11400,9.383,21.6,106571.9,1,13.229,7.451
E,3,44,175,14,39,11700,13.06,25.8,76571.6,1,13.229,7.451
E,3,44,175,14,40,12000,10.962,25.4,91221.5,1,13.229,7.451
E,3,44,175,20,1,300,15.113,54.1,66168.2,1,13.229,7.451
E,3,44,175,20,2,600,7.058,18.4,141676.5,1,13.229,7.451
E,3,44,175,20,3,900,9.288,43.6,107669.7,1,13.229,7.451
E,3,44,175,20,4,1200,9.295,22.5,107584.7,1,13.229,7.451
E,3,44,175,20,5,1500,9.472,24.1,105570.6,1,13.229,7.451
E,3,44,175,20,6,1800,10.077,26.1,99232.6,1,13.229,7.451
E,3,44,175,20,7,2100,11.692,39.7,85531.0,1,13.229,7.451
E,3,44,175,20,8,2400,12.514,37.5,79910.5,1,13.229,7.451
E,3,44,175,20,9,2700,12.862,42.8,77748.4,1,13.229,7.451
E,3,44,175,20,10,3000,13.51,44.1,74021.1,1,13.229,7.451
E,3,44,175,20,11,3300,17.079,45.3,58552.6,1,13.229,7.451
E,3,44,175,20,12,3600,6.953,16.9,143822.8,1,13.229,7.451
E,3,44,175,20,13,3900,7.454,22.5,134156.2,1,13.229,7.451
E,3,44,175,20,14,4200,7.458,18.0,134084.2,1,13.229,7.451
E,3,44,175,20,15,4500,6.965,18.0,143581.9,1,13.229,7.451
E,3,44,175,20,16,4800,7.727,30.8,129410.8,1,13.229,7.451
E,3,44,175,20,17,5100,8.22,21.4,121659.4,1,13.229,7.451
E,3,44,175,20,18,5400,8.426,19.9,118685.0,1,13.229,7.451
E,3,44,175,20,19,5700,9.497,22.5,105300.1,1,13.229,7.451
E,3,44,175,20,20,6000,11.448,27.6,87354.0,1,13.229,7.451
E,3,44,175,20,21,6300,13.239,46.9,75532.5,1,13.229,7.451
E,3,44,175,20,22,6600,19.168,36.6,52171.2,1,13.229,7.451
E,3,44,175,20,23,6900,9.481,27.0,105470.4,1,13.229,7.451
E,3,44,175,20,24,7200,8.973,22.4,111445.4,1,13.229,7.451
E,3,44,175,20,25,7500,9.319,23.8,107311.5,1,13.229,7.451
E,3,44,175,20,26,7800,10.191,29.3,98125.8,1,13.229,7.451
E,3,44,175,20,27,8100,9.094,23.0,109966.6,1,13.229,7.451
E,3,44,175,20,28,8400,8.215,25.7,121723.6,1,13.229,7.451
E,3,44,175,20,29,8700,8.455,24.3,118277.9,1,13.229,7.451
E,3,44,175,20,30,9000,8.086,21.4,123665.4,1,13.229,7.451
E,3,44,175,20,31,9300,9.855,30.0,101471.3,1,13.229,7.451
E,3,44,175,20,32,9600,13.95,25.0,71682.9,1,13.229,7.451
E,3,44,175,20,33,9900,9.773,27.5,102322.7,1,13.229,7.451
E,3,44,175,20,34,10200,8.632,23.8,115843.5,1,13.229,7.451
E,3,44,175,20,35,10500,7.739,22.8,129210.1,1,13.229,7.451
E,3,44,175,20,36,10800,8.458,23.7,118231.2,1,13.229,7.451
E,3,44,175,20,37,11100,8.868,23.1,112760.8,1,13.229,7.451
E,3,44,175,20,38,11400,9.63,22.5,103842.2,1,13.229,7.451
E,3,44,175,20,39,11700,9.738,23.6,102687.0,1,13.229,7.451
E,3,44,175,20,40,12000,11.984,48.2,83442.3,1,13.229,7.451
E,3,44,300,2,1,300,22.94,58.2,43591.3,2,17.321,8.229
E,3,44,300,2,2,600,15.825,26.4,63189.8,2,17.321,8.229
E,3,44,300,2,3,900,17.737,33.2,56380.4,2,17.321,8.229
E,3,44,300,2,4,1200,18.208,30.3,54919.9,2,17.321,8.229
E,3,44,300,2,5,1500,18.528,33.4,53973.3,2,17.321,8.229
E,3,44,300,2,6,1800,21.155,46.9,47270.9,2,17.321,8.229
E,3,44,300,2,7,2100,20.231,43.7,49429.1,2,17.321,8.229
E,3,44,300,2,8,2400,20.811,56.5,48050.7,2,17.321,8.229
E,3,44,300,2,9,2700,19.925,54.5,50188.2,2,17.321,8.229
E,3,44,300,2,10,3000,22.838,59.2,43786.7,2,17.321,8.229
E,3,44,300,2,11,3300,27.292,62.6,36641.2,2,17.321,8.229
E,3,44,300,2,12,3600,26.024,72.8,38426.1,2,17.321,8.229
E,3,44,300,2,13,3900,24.482,71.8,40845.8,2,17.321,8.229
E,3,44,300,2,14,4200,27.151,69.2,36831.1,2,17.321,8.229
E,3,44,300,2,15,4500,28.911,75.4,34589.3,2,17.321,8.229
E,3,44,300,2,16,4800,33.96,81.9,29446.7,2,17.321,8.229
E,3,44,300,2,17,5100,31.1,85.1,32154.3,2,17.321,8.229
E,3,44,300,2,18,5400,30.354,92.2,32944.2,2,17.321,8.229
E,3,44,300,2,19,5700,32.09,87.9,31162.4,2,17.321,8.229
E,3,44,300,2,20,6000,34.835,95.8,28706.5,2,17.321,8.229
E,3,44,300,2,21,6300,37.126,105.2,26935.3,2,17.321,8.229
E,3,44,300,2,22,6600,23.939,86.7,41772.3,2,17.321,8.229
E,3,44,300,2,23,6900,14.067,32.3,71088.3,2,17.321,8.229
E,3,44,300,2,24,7200,14.527,32.2,68837.3,2,17.321,8.229
E,3,44,300,2,25,7500,15.954,34.5,62681.5,2,17.321,8.229
E,3,44,300,2,26,7800,16.635,31.8,60115.4,2,17.321,8.229
E,3,44,300,2,27,8100,17.196,35.4,58154.2,2,17.321,8.229
E,3,44,300,2,28,8400,15.247,41.5,65588.1,2,17.321,8.229
E,3,44,300,2,29,8700,17.766,42.7,56288.4,2,17.321,8.229
E,3,44,300,2,30,9000,18.949,49.4,52774.2,2,17.321,8.229
E,3,44,300,2,31,9300,19.497,53.1,51289.9,2,17.321,8.229
E,3,44,300,2,32,9600,23.272,55.0,42970.7,2,17.321,8.229
E,3,44,300,2,33,9900,22.111,74.7,45227.0,2,17.321,8.229
E,3,44,300,2,34,10200,34.094,93.5,29330.4,2,17.321,8.229
E,3,44,300,2,35,10500,25.075,78.0,39879.8,2,17.321,8.229
E,3,44,300,2,36,10800,25.251,73.8,39602.9,2,17.321,8.229
E,3,44,300,2,37,11100,27.077,76.2,36931.7,2,17.321,8.229
E,3,44,300,2,38,11400,27.648,85.7,36169.0,2,17.321,8.229
E,3,44,300,2,39,11700,30.887,93.4,32375.7,2,17.321,8.229
E,3,44,300,2,40,12000,31.283,92.0,31966.2,2,17.321,8.229
E,3,44,300,3,1,300,20.289,47.3,49287.0,2,17.321,8.229
E,3,44,300,3,2,600,13.714,22.9,72920.0,2,17.321,8.229
E,3,44,300,3,3,900,16.359,44.7,61127.2,2,17.321,8.229
E,3,44,300,3,4,1200,16.372,34.0,61079.9,2,17.321,8.229
E,3,44,300,3,5,1500,16.632,34.5,60125.1,2,17.321,8.229
E,3,44,300,3,6,1800,18.086,46.7,55292.4,2,17.321,8.229
E,3,44,300,3,7,2100,17.947,44.2,55718.6,2,17.321,8.229
E,3,44,300,3,8,2400,17.37,48.7,57569.4,2,17.321,8.229
E,3,44,300,3,9,2700,18.4,60.1,54348.8,2,17.321,8.229
E,3,44,300,3,10,3000,20.001,55.1,49998.3,2,17.321,8.229
E,3,44,300,3,11,3300,25.26,64.1,39587.8,2,17.321,8.229
E,3,44,300,3,12,3600,22.667,64.2,44117.0,2,17.321,8.229
E,3,44,300,3,13,3900,23.225,89.3,43056.4,2,17.321,8.229
E,3,44,300,3,14,4200,24.259,69.4,41221.2,2,17.321,8.229
E,3,44,300,3,15,4500,28.026,110.2,35680.7,2,17.321,8.229
E,3,44,300,3,16,4800,28.537,78.1,35042.6,2,17.321,8.229
E,3,44,300,3,17,5100,28.851,87.7,34660.4,2,17.321,8.229
E,3,44,300,3,18,5400,26.999,81.7,37038.9,2,17.321,8.229
E,3,44,300,3,19,5700,29.128,88.1,34331.6,2,17.321,8.229
E,3,44,300,3,20,6000,31.813,96.0,31434.0,2,17.321,8.229
E,3,44,300,3,21,6300,33.941,104.1,29462.9,2,17.321,8.229
E,3,44,300,3,22,6600,22.75,90.0,43955.4,2,17.321,8.229
E,3,44,300,3,23,6900,12.848,36.9,77835.2,2,17.321,8.229
E,3,44,300,3,24,7200,13.274,26.3,75337.1,2,17.321,8.229
E,3,44,300,3,25,7500,14.39,30.0,69492.7,2,17.321,8.229
E,3,44,300,3,26,7800,15.716,38.7,63630.8,2,17.321,8.229
E,3,44,300,3,27,8100,15.964,35.9,62639.6,2,17.321,8.229
E,3,44,300,3,28,8400,13.764,40.5,72653.3,2,17.321,8.229
E,3,44,300,3,29,8700,17.812,48.4,56140.9,2,17.321,8.229
E,3,44,300,3,30,9000,17.872,49.6,55953.4,2,17.321,8.229
E,3,44,300,3,31,9300,18.152,53.0,55091.4,2,17.321,8.229
E,3,44,300,3,32,9600,22.921,55.3,43628.7,2,17.321,8.229
E,3,44,300,3,33,9900,19.648,57.2,50895.8,2,17.321,8.229
E,3,44,300,3,34,10200,21.145,67.9,47293.3,2,17.321,8.229
E,3,44,300,3,35,10500,22.69,69.9,44072.9,2,17.321,8.229
E,3,44,300,3,36,10800,25.849,81.4,38686.2,2,17.321,8.229
E,3,44,300,3,37,11100,25.241,74.9,39617.6,2,17.321,8.229
E,3,44,300,3,38,11400,27.086,85.0,36919.0,2,17.321,8.229
E,3,44,300,3,39,11700,27.948,90.4,35780.7,2,17.321,8.229
E,3,44,300,3,40,12000,29.917,90.1,33425.4,2,17.321,8.229
E,3,44,300,4,1,300,15.639,42.2,63942.7,2,17.321,8.229
E,3,44,300,4,2,600,9.619,21.8,103957.3,2,17.321,8.229
E,3,44,300,4,3,900,10.984,27.0,91038.8,2,17.321,8.229
E,3,44,300,4,4,1200,11.902,28.1,84017.1,2,17.321,8.229
E,3,44,300,4,5,1500,12.404,26.1,80619.2,2,17.321,8.229
E,3,44,300,4,6,1800,12.364,29.7,80882.2,2,17.321,8.229
E,3,44,300,4,7,2100,12.611,36.2,79295.9,2,17.321,8.229
E,3,44,300,4,8,2400,153.567,40.9,6511.8,2,17.321,8.229
E,3,44,300,4,9,2700,13.982,52.8,71522.2,2,17.321,8.229
E,3,44,300,4,10,3000,14.569,46.8,68638.9,2,17.321,8.229
E,3,44,300,4,11,3300,20.617,50.2,48502.9,2,17.321,8.229
E,3,44,300,4,12,3600,18.071,70.2,55337.3,2,17.321,8.229
E,3,44,300,4,13,3900,16.643,61.1,60085.3,2,17.321,8.229
E,3,44,300,4,14,4200,18.213,57.2,54904.8,2,17.321,8.229
E,3,44,300,4,15,4500,20.785,67.1,48110.8,2,17.321,8.229
E,3,44,300,4,16,4800,21.946,67.2,45565.7,2,17.321,8.229
E,3,44,300,4,17,5100,21.905,77.6,45651.0,2,17.321,8.229
E,3,44,300,4,18,5400,20.823,70.3,48023.1,2,17.321,8.229
E,3,44,300,4,19,5700,22.288,76.3,44866.5,2,17.321,8.229
E,3,44,300,4,20,6000,25.26,83.9,39588.8,2,17.321,8.229
E,3,44,300,4,21,6300,27.484,92.8,36385.2,2,17.321,8.229
E,3,44,300,4,22,6600,19.024,75.4,52564.3,2,17.321,8.229
E,3,44,300,4,23,6900,10.328,32.7,96827.3,2,17.321,8.229
E,3,44,300,4,24,7200,10.4,25.8,96156.9,2,17.321,8.229
E,3,44,300,4,25,7500,12.8,39.3,78127.0,2,17.321,8.229
E,3,44,300,4,26,7800,13.306,35.8,75152.2,2,17.321,8.229
E,3,44,300,4,27,8100,13.047,32.0,76646.0,2,17.321,8.229
E,3,44,300,4,28,8400,11.288,36.3,88589.6,2,17.321,8.229
E,3,44,300,4,29,8700,14.987,52.9,66724.5,2,17.321,8.229
E,3,44,300,4,30,9000,15.318,47.1,65281.2,2,17.321,8.229
E,3,44,300,4,31,9300,15.468,48.8,64649.6,2,17.321,8.229
E,3,44,300,4,32,9600,20.646,51.8,48436.3,2,17.321,8.229
E,3,44,300,4,33,9900,17.229,53.0,58041.7,2,17.321,8.229
E,3,44,300,4,34,10200,18.622,61.3,53699.0,2,17.321,8.229
E,3,44,300,4,35,10500,19.882,65.9,50296.7,2,17.321,8.229
E,3,44,300,4,36,10800,20.994,68.4,47633.4,2,17.321,8.229
E,3,44,300,4,37,11100,22.509,72.0,44426.7,2,17.321,8.229
E,3,44,300,4,38,11400,23.472,81.1,42604.0,2,17.321,8.229
E,3,44,300,4,39,11700,25.738,86.8,38853.1,2,17.321,8.229
E,3,44,300,4,40,12000,26.015,84.7,38438.9,2,17.321,8.229
E,3,44,300,5,1,300,15.984,43.4,62563.9,2,17.321,8.229
E,3,44,300,5,2,600,9.819,22.0,101839.9,2,17.321,8.229
E,3,44,300,5,3,900,11.484,35.4,87077.7,2,17.321,8.229
E,3,44,300,5,4,1200,11.496,23.5,86984.3,2,17.321,8.229
E,3,44,300,5,5,1500,12.463,25.4,80235.4,2,17.321,8.229
E,3,44,300,5,6,1800,12.468,29.7,80205.3,2,17.321,8.229
E,3,44,300,5,7,2100,13.152,42.8,76036.0,2,17.321,8.229
E,3,44,300,5,8,2400,12.307,40.2,81256.7,2,17.321,8.229
E,3,44,300,5,9,2700,12.922,46.5,77385.4,2,17.321,8.229
E,3,44,300,5,10,3000,14.924,51.1,67007.7,2,17.321,8.229
E,3,44,300,5,11,3300,19.354,50.2,51669.8,2,17.321,8.229
E,3,44,300,5,12,3600,16.923,54.9,59091.2,2,17.321,8.229
E,3,44,300,5,13,3900,17.014,61.4,58774.0,2,17.321,8.229
E,3,44,300,5,14,4200,18.304,58.8,54631.9,2,17.321,8.229
E,3,44,300,5,15,4500,20.001,64.9,49997.5,2,17.321,8.229
E,3,44,300,5,16,4800,22.593,69.9,44261.5,2,17.321,8.229
E,3,44,300,5,17,5100,21.355,74.0,46827.4,2,17.321,8.229
E,3,44,300,5,18,5400,22.06,80.7,45330.9,2,17.321,8.229
E,3,44,300,5,19,5700,22.167,76.8,45112.1,2,17.321,8.229
E,3,44,300,5,20,6000,25.533,85.1,39164.5,2,17.321,8.229
E,3,44,300,5,21,6300,27.028,91.5,36998.7,2,17.321,8.229
E,3,44,300,5,22,6600,18.757,75.0,53312.5,2,17.321,8.229
E,3,44,300,5,23,6900,10.375,30.2,96385.6,2,17.321,8.229
E,3,44,300,5,24,7200,10.635,26.1,94032.1,2,17.321,8.229
E,3,44,300,5,25,7500,11.711,30.6,85389.8,2,17.321,8.229
E,3,44,300,5,26,7800,12.843,31.6,77865.5,2,17.321,8.229
E,3,44,300,5,27,8100,13.232,33.3,75576.3,2,17.321,8.229
E,3,44,300,5,28,8400,11.359,36.3,88035.9,2,17.321,8.229
E,3,44,300,5,29,8700,13.567,38.7,73710.1,2,17.321,8.229
E,3,44,300,5,30,9000,15.604,46.8,64087.5,2,17.321,8.229
E,3,44,300,5,31,9300,15.653,49.3,63886.9,2,17.321,8.229
E,3,44,300,5,32,9600,19.711,51.7,50732.2,2,17.321,8.229
E,3,44,300,5,33,9900,17.924,55.3,55792.2,2,17.321,8.229
E,3,44,300,5,34,10200,18.203,61.3,54936.0,2,17.321,8.229
E,3,44,300,5,35,10500,20.302,67.5,49256.2,2,17.321,8.229
E,3,44,300,5,36,10800,21.254,69.0,47050.0,2,17.321,8.229
E,3,44,300,5,37,11100,22.196,70.5,45052.5,2,17.321,8.229
E,3,44,300,5,38,11400,27.848,81.8,35908.8,2,17.321,8.229
E,3,44,300,5,39,11700,24.786,86.3,40345.4,2,17.321,8.229
E,3,44,300,5,40,12000,27.589,98.7,36246.3,2,17.321,8.229
E,3,44,300,6,1,300,16.633,45.4,60122.7,2,17.321,8.229
E,3,44,300,6,2,600,9.671,23.3,103398.4,2,17.321,8.229
E,3,44,300,6,3,900,11.006,26.9,90859.5,2,17.321,8.229
E,3,44,300,6,4,1200,11.528,24.0,86742.8,2,17.321,8.229
E,3,44,300,6,5,1500,12.769,35.3,78316.7,2,17.321,8.229
E,3,44,300,6,6,1800,12.383,29.8,80758.0,2,17.321,8.229
E,3,44,300,6,7,2100,12.644,36.3,79091.0,2,17.321,8.229
E,3,44,300,6,8,2400,12.346,40.5,80995.7,2,17.321,8.229
E,3,44,300,6,9,2700,13.907,55.6,71908.0,2,17.321,8.229
E,3,44,300,6,10,3000,14.469,48.5,69111.7,2,17.321,8.229
E,3,44,300,6,11,3300,19.421,50.0,51490.7,2,17.321,8.229
E,3,44,300,6,12,3600,18.134,61.7,55146.0,2,17.321,8.229
E,3,44,300,6,13,3900,16.962,67.9,58954.2,2,17.321,8.229
E,3,44,300,6,14,4200,20.001,64.4,49998.3,2,17.321,8.229
E,3,44,300,6,15,4500,20.472,68.4,48848.0,2,17.321,8.229
E,3,44,300,6,16,4800,22.256,74.8,44931.7,2,17.321,8.229
E,3,44,300,6,17,5100,22.316,79.6,44811.6,2,17.321,8.229
E,3,44,300,6,18,5400,21.206,76.2,47156.5,2,17.321,8.229
E,3,44,300,6,19,5700,24.662,96.7,40548.2,2,17.321,8.229
E,3,44,300,6,20,6000,24.841,84.2,40256.0,2,17.321,8.229
E,3,44,300,6,21,6300,27.426,92.9,36461.8,2,17.321,8.229
E,3,44,300,6,22,6600,18.593,75.1,53784.6,2,17.321,8.229
E,3,44,300,6,23,6900,10.088,30.4,99124.4,2,17.321,8.229
E,3,44,300,6,24,7200,11.319,38.1,88349.6,2,17.321,8.229
E,3,44,300,6,25,7500,11.698,30.5,85487.1,2,17.321,8.229
E,3,44,300,6,26,7800,12.272,28.2,81484.1,2,17.321,8.229
E,3,44,300,6,27,8100,13.124,35.7,76196.3,2,17.321,8.229
E,3,44,300,6,28,8400,12.224,38.4,81808.5,2,17.321,8.229
E,3,44,300,6,29,8700,13.623,38.8,73407.1,2,17.321,8.229
E,3,44,300,6,30,9000,15.137,46.8,66061.8,2,17.321,8.229
E,3,44,300,6,31,9300,16.115,50.2,62052.7,2,17.321,8.229
E,3,44,300,6,32,9600,19.71,53.8,50734.8,2,17.321,8.229
E,3,44,300,6,33,9900,17.241,53.3,58000.2,2,17.321,8.229
E,3,44,300,6,34,10200,18.519,61.3,53997.6,2,17.321,8.229
E,3,44,300,6,35,10500,19.718,65.1,50715.1,2,17.321,8.229
E,3,44,300,6,36,10800,21.514,69.5,46481.4,2,17.321,8.229
E,3,44,300,6,37,11100,22.304,70.3,44834.3,2,17.321,8.229
E,3,44,300,6,38,11400,23.398,80.5,42739.3,2,17.321,8.229
E,3,44,300,6,39,11700,26.57,95.2,37636.9,2,17.321,8.229
E,3,44,300,6,40,12000,26.248,84.6,38098.6,2,17.321,8.229
E,3,44,300,8,1,300,15.269,46.3,65493.6,2,17.321,8.229
E,3,44,300,8,2,600,8.324,21.6,120139.4,2,17.321,8.229
E,3,44,300,8,3,900,10.001,32.1,99990.0,2,17.321,8.229
E,3,44,300,8,4,1200,9.911,23.5,100898.0,2,17.321,8.229
E,3,44,300,8,5,1500,10.794,23.1,92644.1,2,17.321,8.229
E,3,44,300,8,6,1800,11.003,26.5,90887.1,2,17.321,8.229
E,3,44,300,8,7,2100,11.284,32.5,88623.7,2,17.321,8.229
E,3,44,300,8,8,2400,14.896,42.8,67130.6,2,17.321,8.229
E,3,44,300,8,9,2700,11.562,42.0,86487.7,2,17.321,8.229
E,3,44,300,8,10,3000,12.825,42.6,77974.7,2,17.321,8.229
E,3,44,300,8,11,3300,18.413,46.5,54309.5,2,17.321,8.229
E,3,44,300,8,12,3600,15.055,52.4,66424.6,2,17.321,8.229
E,3,44,300,8,13,3900,15.054,57.0,66429.0,2,17.321,8.229
E,3,44,300,8,14,4200,17.019,54.6,58757.9,2,17.321,8.229
E,3,44,300,8,15,4500,170.497,83.4,5865.2,2,17.321,8.229
E,3,44,300,8,16,4800,20.188,63.1,49533.6,2,17.321,8.229
E,3,44,300,8,17,5100,20.395,72.6,49030.8,2,17.321,8.229
E,3,44,300,8,18,5400,19.106,64.8,52340.5,2,17.321,8.229
E,3,44,300,8,19,5700,20.08,71.4,49800.0,2,17.321,8.229
E,3,44,300,8,20,6000,23.022,79.0,43437.3,2,17.321,8.229
E,3,44,300,8,21,6300,24.736,85.8,40426.4,2,17.321,8.229
E,3,44,300,8,22,6600,18.728,80.6,53395.0,2,17.321,8.229
E,3,44,300,8,23,6900,9.522,32.1,105023.6,2,17.321,8.229
E,3,44,300,8,24,7200,9.625,25.7,103896.1,2,17.321,8.229
E,3,44,300,8,25,7500,10.654,31.1,93861.5,2,17.321,8.229
E,3,44,300,8,26,7800,11.559,30.3,86515.2,2,17.321,8.229
E,3,44,300,8,27,8100,12.058,33.0,82930.2,2,17.321,8.229
E,3,44,300,8,28,8400,10.589,34.7,94440.6,2,17.321,8.229
E,3,44,300,8,29,8700,12.681,37.0,78856.1,2,17.321,8.229
E,3,44,300,8,30,9000,15.152,58.6,65999.3,2,17.321,8.229
E,3,44,300,8,31,9300,14.862,47.2,67287.2,2,17.321,8.229
E,3,44,300,8,32,9600,19.067,49.3,52445.7,2,17.321,8.229
E,3,44,300,8,33,9900,17.262,68.1,57931.8,2,17.321,8.229
E,3,44,300,8,34,10200,17.357,58.7,57613.6,2,17.321,8.229
E,3,44,300,8,35,10500,19.9,65.5,50252.1,2,17.321,8.229
E,3,44,300,8,36,10800,20.787,67.9,48106.2,2,17.321,8.229
E,3,44,300,8,37,11100,21.371,70.6,46791.7,2,17.321,8.229
E,3,44,300,8,38,11400,23.218,87.5,43070.7,2,17.321,8.229
E,3,44,300,8,39,11700,23.707,83.8,42181.0,2,17.321,8.229
E,3,44,300,8,40,12000,25.92,86.9,38580.2,2,17.321,8.229
E,3,44,300,10,1,300,14.661,39.8,68208.2,2,17.321,8.229
E,3,44,300,10,2,600,8.354,22.1,119707.9,2,17.321,8.229
E,3,44,300,10,3,900,10.358,34.9,96546.9,2,17.321,8.229
E,3,44,300,10,4,1200,9.993,24.5,100070.0,2,17.321,8.229
E,3,44,300,10,5,1500,10.78,25.0,92764.4,2,17.321,8.229
E,3,44,300,10,6,1800,10.988,26.7,91005.6,2,17.321,8.229
E,3,44,300,10,7,2100,11.452,34.7,87321.0,2,17.321,8.229
E,3,44,300,10,8,2400,11.816,39.7,84633.4,2,17.321,8.229
E,3,44,300,10,9,2700,11.765,42.4,85000.3,2,17.321,8.229
E,3,44,300,10,10,3000,12.781,42.8,78239.1,2,17.321,8.229
E,3,44,300,10,11,3300,18.685,47.0,53517.9,2,17.321,8.229
E,3,44,300,10,12,3600,15.127,50.6,66105.5,2,17.321,8.229
E,3,44,300,10,13,3900,15.072,57.5,66348.2,2,17.321,8.229
E,3,44,300,10,14,4200,17.071,55.2,58580.0,2,17.321,8.229
E,3,44,300,10,15,4500,18.37,66.7,54436.6,2,17.321,8.229
E,3,44,300,10,16,4800,19.656,62.7,50875.1,2,17.321,8.229
E,3,44,300,10,17,5100,20.159,71.4,49604.8,2,17.321,8.229
E,3,44,300,10,18,5400,19.088,65.6,52388.9,2,17.321,8.229
E,3,44,300,10,19,5700,20.737,78.5,48222.2,2,17.321,8.229
E,3,44,300,10,20,6000,22.703,79.0,44047.7,2,17.321,8.229
E,3,44,300,10,21,6300,25.921,87.5,38579.3,2,17.321,8.229
E,3,44,300,10,22,6600,17.618,70.2,56760.1,2,17.321,8.229
E,3,44,300,10,23,6900,9.662,29.9,103501.8,2,17.321,8.229
E,3,44,300,10,24,7200,9.889,27.0,101122.5,2,17.321,8.229
E,3,44,300,10,25,7500,11.511,30.0,86875.9,2,17.321,8.229
E,3,44,300,10,26,7800,11.429,26.8,87499.3,2,17.321,8.229
E,3,44,300,10,27,8100,12.185,31.9,82068.1,2,17.321,8.229
E,3,44,300,10,28,8400,10.737,34.8,93133.0,2,17.321,8.229
E,3,44,300,10,29,8700,13.34,40.5,74964.4,2,17.321,8.229
E,3,44,300,10,30,9000,14.553,45.6,68714.3,2,17.321,8.229
E,3,44,300,10,31,9300,14.92,47.5,67025.6,2,17.321,8.229
E,3,44,300,10,32,9600,19.334,49.3,51721.5,2,17.321,8.229
E,3,44,300,10,33,9900,16.683,51.2,59941.3,2,17.321,8.229
E,3,44,300,10,34,10200,17.444,59.2,57327.4,2,17.321,8.229
E,3,44,300,10,35,10500,19.846,66.4,50388.0,2,17.321,8.229
E,3,44,300,10,36,10800,20.297,65.9,49269.2,2,17.321,8.229
E,3,44,300,10,37,11100,21.937,70.2,45584.4,2,17.321,8.229
E,3,44,300,10,38,11400,22.499,79.5,44445.8,2,17.321,8.229
E,3,44,300,10,39,11700,24.382,84.9,41013.9,2,17.321,8.229
E,3,44,300,10,40,12000,25.312,82.8,39507.5,2,17.321,8.229
E,3,44,300,14,1,300,15.056,42.0,66420.2,2,17.321,8.229
E,3,44,300,14,2,600,8.28,23.1,120768.1,2,17.321,8.229
E,3,44,300,14,3,900,10.222,35.4,97828.2,2,17.321,8.229
E,3,44,300,14,4,1200,9.993,24.8,100073.4,2,17.321,8.229
E,3,44,300,14,5,1500,10.814,25.3,92469.9,2,17.321,8.229
E,3,44,300,14,6,1800,10.868,27.0,92016.1,2,17.321,8.229
E,3,44,300,14,7,2100,11.286,32.9,88605.4,2,17.321,8.229
E,3,44,300,14,8,2400,12.185,45.5,82070.4,2,17.321,8.229
E,3,44,300,14,9,2700,11.696,43.1,85496.9,2,17.321,8.229
E,3,44,300,14,10,3000,12.909,43.2,77467.3,2,17.321,8.229
E,3,44,300,14,11,3300,18.588,61.8,53797.2,2,17.321,8.229
E,3,44,300,14,12,3600,15.143,50.8,66035.7,2,17.321,8.229
E,3,44,300,14,13,3900,15.183,57.7,65861.7,2,17.321,8.229
E,3,44,300,14,14,4200,17.222,53.8,58065.3,2,17.321,8.229
E,3,44,300,14,15,4500,18.376,61.1,54417.8,2,17.321,8.229
E,3,44,300,14,16,4800,19.836,63.3,50413.4,2,17.321,8.229
E,3,44,300,14,17,5100,19.991,71.7,50021.7,2,17.321,8.229
E,3,44,300,14,18,5400,19.007,65.6,52613.1,2,17.321,8.229
E,3,44,300,14,19,5700,20.533,72.2,48702.9,2,17.321,8.229
E,3,44,300,14,20,6000,22.601,78.9,44245.2,2,17.321,8.229
E,3,44,300,14,21,6300,25.415,87.9,39347.4,2,17.321,8.229
E,3,44,300,14,22,6600,16.928,70.0,59074.9,2,17.321,8.229
E,3,44,300,14,23,6900,9.494,29.0,105326.0,2,17.321,8.229
E,3,44,300,14,24,7200,9.853,26.3,101488.5,2,17.321,8.229
E,3,44,300,14,25,7500,11.675,37.9,85650.7,2,17.321,8.229
E,3,44,300,14,26,7800,12.105,32.5,82608.2,2,17.321,8.229
E,3,44,300,14,27,8100,12.489,33.0,80068.3,2,17.321,8.229
E,3,44,300,14,28,8400,10.805,35.3,92546.9,2,17.321,8.229
E,3,44,300,14,29,8700,13.823,44.7,72344.9,2,17.321,8.229
E,3,44,300,14,30,9000,14.691,46.1,68068.9,2,17.321,8.229
E,3,44,300,14,31,9300,15.081,47.5,66307.1,2,17.321,8.229
E,3,44,300,14,32,9600,19.42,56.0,51494.2,2,17.321,8.229
E,3,44,300,14,33,9900,16.752,51.9,59695.6,2,17.321,8.229
E,3,44,300,14,34,10200,17.59,59.8,56851.6,2,17.321,8.229
E,3,44,300,14,35,10500,19.98,67.4,50050.0,2,17.321,8.229
E,3,44,300,14,36,10800,20.415,66.3,48983.6,2,17.321,8.229
E,3,44,300,14,37,11100,21.91,68.8,45641.3,2,17.321,8.229
E,3,44,300,14,38,11400,22.76,79.1,43936.7,2,17.321,8.229
E,3,44,300,14,39,11700,24.061,85.3,41561.6,2,17.321,8.229
E,3,44,300,14,40,12000,26.489,86.6,37752.0,2,17.321,8.229
E,3,44,300,20,1,300,15.021,44.2,66574.9,2,17.321,8.229
E,3,44,300,20,2,600,8.064,22.5,124013.1,2,17.321,8.229
E,3,44,300,20,3,900,9.11,27.6,109769.5,2,17.321,8.229
E,3,44,300,20,4,1200,9.793,29.5,102117.2,2,17.321,8.229
E,3,44,300,20,5,1500,10.474,24.0,95471.5,2,17.321,8.229
E,3,44,300,20,6,1800,10.479,25.5,95425.9,2,17.321,8.229
E,3,44,300,20,7,2100,10.77,31.4,92853.4,2,17.321,8.229
E,3,44,300,20,8,2400,10.505,35.5,95189.8,2,17.321,8.229
E,3,44,300,20,9,2700,12.057,41.6,82941.7,2,17.321,8.229
E,3,44,300,20,10,3000,12.262,41.4,81552.8,2,17.321,8.229
E,3,44,300,20,11,3300,17.308,44.5,57775.6,2,17.321,8.229
E,3,44,300,20,12,3600,15.718,57.2,63620.0,2,17.321,8.229
E,3,44,300,20,13,3900,14.585,55.8,68563.6,2,17.321,8.229
E,3,44,300,20,14,4200,15.96,50.8,62658.0,2,17.321,8.229
E,3,44,300,20,15,4500,21.45,65.6,46620.8,2,17.321,8.229
E,3,44,300,20,16,4800,19.005,60.9,52617.7,2,17.321,8.229
E,3,44,300,20,17,5100,19.0,67.4,52631.6,2,17.321,8.229
E,3,44,300,20,18,5400,18.554,63.4,53897.7,2,17.321,8.229
E,3,44,300,20,19,5700,19.168,69.8,52170.3,2,17.321,8.229
E,3,44,300,20,20,6000,22.217,77.1,45009.9,2,17.321,8.229
E,3,44,300,20,21,6300,23.876,83.9,41883.1,2,17.321,8.229
E,3,44,300,20,22,6600,17.492,67.2,57167.9,2,17.321,8.229
E,3,44,300,20,23,6900,156.382,46.2,6394.6,2,17.321,8.229
E,3,44,300,20,24,7200,10.277,32.8,97301.5,2,17.321,8.229
E,3,44,300,20,25,7500,10.815,32.9,92467.0,2,17.321,8.229
E,3,44,300,20,26,7800,11.095,27.3,90130.7,2,17.321,8.229
E,3,44,300,20,27,8100,12.415,36.4,80549.9,2,17.321,8.229
E,3,44,300,20,28,8400,11.528,34.9,86747.8,2,17.321,8.229
E,3,44,300,20,29,8700,12.839,37.3,77887.7,2,17.321,8.229
E,3,44,300,20,30,9000,14.4,44.8,69444.4,2,17.321,8.229
E,3,44,300,20,31,9300,15.381,47.0,65015.3,2,17.321,8.229
E,3,44,300,20,32,9600,19.833,50.5,50420.2,2,17.321,8.229
E,3,44,300,20,33,9900,16.446,50.6,60806.3,2,17.321,8.229
E,3,44,300,20,34,10200,18.574,59.3,53839.7,2,17.321,8.229
E,3,44,300,20,35,10500,18.742,63.9,53356.1,2,17.321,8.229
E,3,44,300,20,36,10800,20.791,66.2,48097.7,2,17.321,8.229
E,3,44,300,20,37,11100,21.309,69.7,46927.8,2,17.321,8.229
E,3,44,300,20,38,11400,22.061,77.8,45328.2,2,17.321,8.229
E,3,44,300,20,39,11700,24.303,84.4,41146.6,2,17.321,8.229
E,3,44,300,20,40,12000,24.9,82.7,40161.2,2,17.321,8.229
E,3,44,500,2,1,300,25.26,86.8,39588.3,2,22.361,8.966
E,3,44,500,2,2,600,13.639,31.6,73317.4,2,22.361,8.966
E,3,44,500,2,3,900,12.35,33.9,80973.8,2,22.361,8.966
E,3,44,500,2,4,1200,12.801,38.9,78118.9,2,22.361,8.966
E,3,44,500,2,5,1500,14.957,46.5,66859.8,2,22.361,8.966
E,3,44,500,2,6,1800,13.859,33.2,72153.5,2,22.361,8.966
E,3,44,500,2,7,2100,14.447,46.8,69220.1,2,22.361,8.966
E,3,44,500,2,8,2400,17.544,66.3,57000.6,2,22.361,8.966
E,3,44,500,2,9,2700,11.063,63.6,90388.7,2,22.361,8.966
E,3,44,500,2,10,3000,9.878,43.9,101235.1,2,22.361,8.966
E,3,44,500,2,11,3300,17.08,45.0,58549.2,2,22.361,8.966
E,3,44,500,2,12,3600,12.577,38.8,79510.2,2,22.361,8.966
E,3,44,500,2,13,3900,12.257,31.3,81588.3,2,22.361,8.966
E,3,44,500,2,14,4200,9.423,30.8,106123.3,2,22.361,8.966
E,3,44,500,2,15,4500,11.124,56.6,89893.0,2,22.361,8.966
E,3,44,500,2,16,4800,12.089,33.8,82719.8,2,22.361,8.966
E,3,44,500,2,17,5100,12.459,32.5,80263.3,2,22.361,8.966
E,3,44,500,2,18,5400,12.938,33.6,77291.7,2,22.361,8.966
E,3,44,500,2,19,5700,14.986,41.0,66728.9,2,22.361,8.966
E,3,44,500,2,20,6000,16.855,36.4,59328.4,2,22.361,8.966
E,3,44,500,2,21,6300,18.017,39.3,55502.1,2,22.361,8.966
E,3,44,500,2,22,6600,27.728,72.8,36064.2,2,22.361,8.966
E,3,44,500,2,23,6900,18.838,47.9,53083.3,2,22.361,8.966
E,3,44,500,2,24,7200,21.897,59.6,45669.0,2,22.361,8.966
E,3,44,500,2,25,7500,22.461,57.9,44522.3,2,22.361,8.966
E,3,44,500,2,26,7800,24.795,71.5,40330.2,2,22.361,8.966
E,3,44,500,2,27,8100,25.226,69.8,39641.6,2,22.361,8.966
E,3,44,500,2,28,8400,27.514,81.2,36345.6,2,22.361,8.966
E,3,44,500,2,29,8700,28.416,80.5,35191.0,2,22.361,8.966
E,3,44,500,2,30,9000,29.723,88.0,33644.0,2,22.361,8.966
E,3,44,500,2,31,9300,32.374,92.4,30889.0,2,22.361,8.966
E,3,44,500,2,32,9600,35.48,98.3,28184.9,2,22.361,8.966
E,3,44,500,2,33,9900,32.294,104.5,30965.5,2,22.361,8.966
E,3,44,500,2,34,10200,34.173,119.4,29263.2,2,22.361,8.966
E,3,44,500,2,35,10500,35.939,107.3,27825.2,2,22.361,8.966
E,3,44,500,2,36,10800,37.043,111.0,26995.7,2,22.361,8.966
E,3,44,500,2,37,11100,37.182,117.5,26895.0,2,22.361,8.966
E,3,44,500,2,38,11400,42.302,124.2,23639.4,2,22.361,8.966
E,3,44,500,2,39,11700,39.609,127.5,25246.8,2,22.361,8.966
E,3,44,500,2,40,12000,44.521,131.1,22461.3,2,22.361,8.966
E,3,44,500,3,1,300,22.863,63.4,43738.8,2,22.361,8.966
E,3,44,500,3,2,600,12.021,31.5,83185.4,2,22.361,8.966
E,3,44,500,3,3,900,11.068,34.3,90350.6,2,22.361,8.966
E,3,44,500,3,4,1200,11.175,34.5,89488.1,2,22.361,8.966
E,3,44,500,3,5,1500,13.219,42.2,75646.8,2,22.361,8.966
E,3,44,500,3,6,1800,12.183,30.7,82083.8,2,22.361,8.966
E,3,44,500,3,7,2100,12.775,35.7,78277.9,2,22.361,8.966
E,3,44,500,3,8,2400,13.255,41.1,75443.2,2,22.361,8.966
E,3,44,500,3,9,2700,9.274,39.2,107832.2,2,22.361,8.966
E,3,44,500,3,10,3000,9.218,32.8,108483.4,2,22.361,8.966
E,3,44,500,3,11,3300,14.109,32.8,70876.7,2,22.361,8.966
E,3,44,500,3,12,3600,12.537,47.0,79766.0,2,22.361,8.966
E,3,44,500,3,13,3900,11.466,30.8,87216.9,2,22.361,8.966
E,3,44,500,3,14,4200,8.777,30.4,113934.1,2,22.361,8.966
E,3,44,500,3,15,4500,9.671,35.6,103398.4,2,22.361,8.966
E,3,44,500,3,16,4800,11.425,36.4,87529.9,2,22.361,8.966
E,3,44,500,3,17,5100,12.451,35.0,80312.7,2,22.361,8.966
E,3,44,500,3,18,5400,12.256,30.3,81594.9,2,22.361,8.966
E,3,44,500,3,19,5700,13.891,33.1,71989.1,2,22.361,8.966
E,3,44,500,3,20,6000,16.779,38.0,59599.5,2,22.361,8.966
E,3,44,500,3,21,6300,17.346,39.3,57650.2,2,22.361,8.966
E,3,44,500,3,22,6600,24.881,47.4,40191.3,2,22.361,8.966
E,3,44,500,3,23,6900,19.167,48.8,52173.0,2,22.361,8.966
E,3,44,500,3,24,7200,20.372,55.1,49086.2,2,22.361,8.966
E,3,44,500,3,25,7500,22.593,62.7,44260.8,2,22.361,8.966
E,3,44,500,3,26,7800,23.739,65.1,42124.8,2,22.361,8.966
E,3,44,500,3,27,8100,25.073,69.7,39883.0,2,22.361,8.966
E,3,44,500,3,28,8400,26.364,77.5,37930.0,2,22.361,8.966
E,3,44,500,3,29,8700,28.432,96.9,35172.0,2,22.361,8.966
E,3,44,500,3,30,9000,26.718,80.6,37428.4,2,22.361,8.966
E,3,44,500,3,31,9300,32.153,97.2,31101.0,2,22.361,8.966
E,3,44,500,3,32,9600,35.775,97.4,27952.5,2,22.361,8.966
E,3,44,500,3,33,9900,33.0,104.5,30302.7,2,22.361,8.966
E,3,44,500,3,34,10200,35.3,110.8,28328.6,2,22.361,8.966
E,3,44,500,3,35,10500,36.026,111.0,27757.5,2,22.361,8.966
E,3,44,500,3,36,10800,35.501,111.3,28168.5,2,22.361,8.966
E,3,44,500,3,37,11100,36.347,119.0,27512.3,2,22.361,8.966
E,3,44,500,3,38,11400,41.153,125.5,24299.4,2,22.361,8.966
E,3,44,500,3,39,11700,39.548,132.9,25285.5,2,22.361,8.966
E,3,44,500,3,40,12000,44.26,140.6,22593.9,2,22.361,8.966
E,3,44,500,4,1,300,21.778,57.1,45917.2,2,22.361,8.966
E,3,44,500,4,2,600,10.311,32.3,96980.7,2,22.361,8.966
E,3,44,500,4,3,900,9.591,36.0,104264.5,2,22.361,8.966
E,3,44,500,4,4,1200,9.438,29.5,105950.9,2,22.361,8.966
E,3,44,500,4,5,1500,12.109,44.0,82580.9,2,22.361,8.966
E,3,44,500,4,6,1800,10.72,30.1,93280.7,2,22.361,8.966
E,3,44,500,4,7,2100,11.099,37.8,90095.5,2,22.361,8.966
E,3,44,500,4,8,2400,11.096,35.5,90122.6,2,22.361,8.966
E,3,44,500,4,9,2700,8.367,39.5,119512.4,2,22.361,8.966
E,3,44,500,4,10,3000,11.823,38.9,84583.3,2,22.361,8.966
E,3,44,500,4,11,3300,13.563,34.6,73731.8,2,22.361,8.966
E,3,44,500,4,12,3600,11.072,34.8,90315.2,2,22.361,8.966
E,3,44,500,4,13,3900,10.742,29.8,93095.4,2,22.361,8.966
E,3,44,500,4,14,4200,8.461,35.0,118194.0,2,22.361,8.966
E,3,44,500,4,15,4500,9.142,35.9,109385.2,2,22.361,8.966
E,3,44,500,4,16,4800,10.534,29.2,94927.7,2,22.361,8.966
E,3,44,500,4,17,5100,11.244,29.7,88933.7,2,22.361,8.966
E,3,44,500,4,18,5400,11.917,36.0,83911.4,2,22.361,8.966
E,3,44,500,4,19,5700,13.165,33.3,75957.1,2,22.361,8.966
E,3,44,500,4,20,6000,15.266,35.4,65503.6,2,22.361,8.966
E,3,44,500,4,21,6300,153.854,47.5,6499.7,2,22.361,8.966
E,3,44,500,4,22,6600,25.883,55.2,38635.9,2,22.361,8.966
E,3,44,500,4,23,6900,17.518,48.0,57085.2,2,22.361,8.966
E,3,44,500,4,24,7200,19.699,55.1,50764.9,2,22.361,8.966
E,3,44,500,4,25,7500,22.022,63.1,45408.5,2,22.361,8.966
E,3,44,500,4,26,7800,23.01,65.1,43458.7,2,22.361,8.966
E,3,44,500,4,27,8100,30.129,98.5,33191.0,2,22.361,8.966
E,3,44,500,4,28,8400,43.804,136.9,22828.8,2,22.361,8.966
E,3,44,500,4,29,8700,30.163,96.9,33153.2,2,22.361,8.966
E,3,44,500,4,30,9000,26.89,80.4,37189.0,2,22.361,8.966
E,3,44,500,4,31,9300,29.564,91.4,33824.9,2,22.361,8.966
E,3,44,500,4,32,9600,35.702,93.3,28009.6,2,22.361,8.966
E,3,44,500,4,33,9900,30.325,102.2,32975.7,2,22.361,8.966
E,3,44,500,4,34,10200,32.065,107.9,31187.0,2,22.361,8.966
E,3,44,500,4,35,10500,34.834,108.0,28707.3,2,22.361,8.966
E,3,44,500,4,36,10800,35.161,111.4,28440.3,2,22.361,8.966
E,3,44,500,4,37,11100,35.022,117.6,28553.8,2,22.361,8.966
E,3,44,500,4,38,11400,40.957,126.5,24415.7,2,22.361,8.966
E,3,44,500,4,39,11700,38.665,128.3,25863.4,2,22.361,8.966
E,3,44,500,4,40,12000,44.085,136.0,22683.3,2,22.361,8.966
E,3,44,500,5,1,300,20.194,56.8,49520.5,2,22.361,8.966
E,3,44,500,5,2,600,10.082,34.7,99190.0,2,22.361,8.966
E,3,44,500,5,3,900,9.375,35.6,106662.9,2,22.361,8.966
E,3,44,500,5,4,1200,9.01,29.7,110987.8,2,22.361,8.966
E,3,44,500,5,5,1500,10.899,41.6,91748.7,2,22.361,8.966
E,3,44,500,5,6,1800,11.771,37.4,84952.1,2,22.361,8.966
E,3,44,500,5,7,2100,11.052,38.6,90478.7,2,22.361,8.966
E,3,44,500,5,8,2400,10.656,35.2,93843.8,2,22.361,8.966
E,3,44,500,5,9,2700,8.142,39.4,122819.9,2,22.361,8.966
E,3,44,500,5,10,3000,8.484,33.9,117868.9,2,22.361,8.966
E,3,44,500,5,11,3300,13.813,34.3,72397.3,2,22.361,8.966
E,3,44,500,5,12,3600,10.797,34.8,92621.2,2,22.361,8.966
E,3,44,500,5,13,3900,10.478,29.2,95438.1,2,22.361,8.966
E,3,44,500,5,14,4200,7.71,30.0,129696.1,2,22.361,8.966
E,3,44,500,5,15,4500,9.573,55.6,104456.8,2,22.361,8.966
E,3,44,500,5,16,4800,15.702,49.6,63686.2,2,22.361,8.966
E,3,44,500,5,17,5100,17.512,57.6,57104.8,2,22.361,8.966
E,3,44,500,5,18,5400,12.98,40.6,77041.6,2,22.361,8.966
E,3,44,500,5,19,5700,16.278,41.1,61432.6,2,22.361,8.966
E,3,44,500,5,20,6000,15.331,35.7,65228.7,2,22.361,8.966
E,3,44,500,5,21,6300,17.291,40.4,57834.7,2,22.361,8.966
E,3,44,500,5,22,6600,25.792,48.4,38772.2,2,22.361,8.966
E,3,44,500,5,23,6900,19.55,68.9,51151.8,2,22.361,8.966
E,3,44,500,5,24,7200,19.678,55.3,50817.3,2,22.361,8.966
E,3,44,500,5,25,7500,20.931,57.9,47776.0,2,22.361,8.966
E,3,44,500,5,26,7800,23.166,65.3,43166.7,2,22.361,8.966
E,3,44,500,5,27,8100,23.654,71.2,42275.6,2,22.361,8.966
E,3,44,500,5,28,8400,26.146,83.4,38246.3,2,22.361,8.966
E,3,44,500,5,29,8700,26.912,80.8,37158.6,2,22.361,8.966
E,3,44,500,5,30,9000,26.503,88.5,37731.6,2,22.361,8.966
E,3,44,500,5,31,9300,29.914,92.0,33429.2,2,22.361,8.966
E,3,44,500,5,32,9600,33.397,93.1,29942.5,2,22.361,8.966
E,3,44,500,5,33,9900,30.774,102.7,32494.6,2,22.361,8.966
E,3,44,500,5,34,10200,31.912,108.8,31336.2,2,22.361,8.966
E,3,44,500,5,35,10500,34.694,108.4,28823.2,2,22.361,8.966
E,3,44,500,5,36,10800,35.432,114.8,28223.1,2,22.361,8.966
E,3,44,500,5,37,11100,35.63,117.6,28066.2,2,22.361,8.966
E,3,44,500,5,38,11400,39.873,123.7,25079.4,2,22.361,8.966
E,3,44,500,5,39,11700,38.294,128.1,26114.0,2,22.361,8.966
E,3,44,500,5,40,12000,42.765,138.4,23383.4,2,22.361,8.966
E,3,44,500,6,1,300,19.525,58.8,51215.5,2,22.361,8.966
E,3,44,500,6,2,600,9.563,33.1,104569.7,2,22.361,8.966
E,3,44,500,6,3,900,9.148,35.1,109317.5,2,22.361,8.966
E,3,44,500,6,4,1200,8.828,29.2,113271.6,2,22.361,8.966
E,3,44,500,6,5,1500,10.604,42.7,94304.0,2,22.361,8.966
E,3,44,500,6,6,1800,10.357,35.5,96549.9,2,22.361,8.966
E,3,44,500,6,7,2100,10.517,38.8,95081.1,2,22.361,8.966
E,3,44,500,6,8,2400,10.292,34.0,97159.7,2,22.361,8.966
E,3,44,500,6,9,2700,8.147,36.5,122749.6,2,22.361,8.966
E,3,44,500,6,10,3000,8.186,32.5,122164.8,2,22.361,8.966
E,3,44,500,6,11,3300,14.157,37.5,70638.1,2,22.361,8.966
E,3,44,500,6,12,3600,10.829,35.0,92347.5,2,22.361,8.966
E,3,44,500,6,13,3900,10.453,31.2,95663.3,2,22.361,8.966
E,3,44,500,6,14,4200,7.613,30.1,131354.2,2,22.361,8.966
E,3,44,500,6,15,4500,8.784,34.8,113847.7,2,22.361,8.966
E,3,44,500,6,16,4800,10.435,29.5,95828.3,2,22.361,8.966
E,3,44,500,6,17,5100,10.986,28.9,91027.7,2,22.361,8.966
E,3,44,500,6,18,5400,11.301,28.5,88490.4,2,22.361,8.966
E,3,44,500,6,19,5700,13.044,32.8,76663.6,2,22.361,8.966
E,3,44,500,6,20,6000,15.811,37.2,63245.8,2,22.361,8.966
E,3,44,500,6,21,6300,16.495,39.7,60625.7,2,22.361,8.966
E,3,44,500,6,22,6600,24.109,46.4,41478.3,2,22.361,8.966
E,3,44,500,6,23,6900,17.272,48.0,57898.3,2,22.361,8.966
E,3,44,500,6,24,7200,19.499,55.5,51285.6,2,22.361,8.966
E,3,44,500,6,25,7500,21.692,62.0,46099.9,2,22.361,8.966
E,3,44,500,6,26,7800,22.793,65.7,43873.1,2,22.361,8.966
E,3,44,500,6,27,8100,23.74,71.2,42123.0,2,22.361,8.966
E,3,44,500,6,28,8400,25.552,77.7,39135.4,2,22.361,8.966
E,3,44,500,6,29,8700,27.094,82.3,36908.5,2,22.361,8.966
E,3,44,500,6,30,9000,25.744,77.8,38843.5,2,22.361,8.966
E,3,44,500,6,31,9300,29.751,92.3,33611.9,2,22.361,8.966
E,3,44,500,6,32,9600,33.605,93.5,29757.8,2,22.361,8.966
E,3,44,500,6,33,9900,29.832,100.8,33521.4,2,22.361,8.966
E,3,44,500,6,34,10200,32.353,110.8,30908.7,2,22.361,8.966
E,3,44,500,6,35,10500,33.975,108.3,29433.1,2,22.361,8.966
E,3,44,500,6,36,10800,34.721,112.6,28801.0,2,22.361,8.966
E,3,44,500,6,37,11100,35.264,120.4,28357.5,2,22.361,8.966
E,3,44,500,6,38,11400,40.961,124.4,24413.3,2,22.361,8.966
E,3,44,500,6,39,11700,37.925,129.2,26367.6,2,22.361,8.966
E,3,44,500,6,40,12000,43.253,131.7,23120.0,2,22.361,8.966
E,3,44,500,8,1,300,21.125,60.3,47338.0,2,22.361,8.966
E,3,44,500,8,2,600,8.818,32.0,113400.1,2,22.361,8.966
E,3,44,500,8,3,900,8.739,37.6,114429.6,2,22.361,8.966
E,3,44,500,8,4,1200,8.287,30.1,120666.1,2,22.361,8.966
E,3,44,500,8,5,1500,10.7,43.9,93457.9,2,22.361,8.966
E,3,44,500,8,6,1800,9.27,29.0,107871.0,2,22.361,8.966
E,3,44,500,8,7,2100,9.624,39.6,103906.9,2,22.361,8.966
E,3,44,500,8,8,2400,9.447,34.1,105857.4,2,22.361,8.966
E,3,44,500,8,9,2700,7.797,33.5,128259.9,2,22.361,8.966
E,3,44,500,8,10,3000,8.475,32.3,117998.7,2,22.361,8.966
E,3,44,500,8,11,3300,13.131,34.4,76157.6,2,22.361,8.966
E,3,44,500,8,12,3600,10.449,33.2,95699.9,2,22.361,8.966
E,3,44,500,8,13,3900,10.047,30.4,99528.9,2,22.361,8.966
E,3,44,500,8,14,4200,7.357,30.5,135931.2,2,22.361,8.966
E,3,44,500,8,15,4500,9.109,50.9,109785.6,2,22.361,8.966
E,3,44,500,8,16,4800,9.891,29.5,101098.6,2,22.361,8.966
E,3,44,500,8,17,5100,10.573,29.1,94577.5,2,22.361,8.966
E,3,44,500,8,18,5400,10.938,27.7,91427.2,2,22.361,8.966
E,3,44,500,8,19,5700,13.185,34.4,75845.7,2,22.361,8.966
E,3,44,500,8,20,6000,14.793,35.6,67598.0,2,22.361,8.966
E,3,44,500,8,21,6300,15.923,39.2,62802.2,2,22.361,8.966
E,3,44,500,8,22,6600,24.058,96.6,41566.2,2,22.361,8.966
E,3,44,500,8,23,6900,17.104,48.4,58464.7,2,22.361,8.966
E,3,44,500,8,24,7200,19.295,55.4,51826.9,2,22.361,8.966
E,3,44,500,8,25,7500,22.418,64.3,44606.3,2,22.361,8.966
E,3,44,500,8,26,7800,22.561,65.7,44324.3,2,22.361,8.966
E,3,44,500,8,27,8100,23.718,74.1,42162.1,2,22.361,8.966
E,3,44,500,8,28,8400,25.258,77.6,39591.9,2,22.361,8.966
E,3,44,500,8,29,8700,27.953,81.2,35774.3,2,22.361,8.966
E,3,44,500,8,30,9000,25.558,76.3,39126.7,2,22.361,8.966
E,3,44,500,8,31,9300,29.809,92.6,33546.5,2,22.361,8.966
E,3,44,500,8,32,9600,33.565,93.7,29792.9,2,22.361,8.966
E,3,44,500,8,33,9900,29.437,101.1,33971.2,2,22.361,8.966
E,3,44,500,8,34,10200,32.558,112.0,30714.1,2,22.361,8.966
E,3,44,500,8,35,10500,33.407,108.1,29934.1,2,22.361,8.966
E,3,44,500,8,36,10800,34.807,112.4,28730.1,2,22.361,8.966
E,3,44,500,8,37,11100,36.323,138.9,27530.8,2,22.361,8.966
E,3,44,500,8,38,11400,40.342,125.2,24788.1,2,22.361,8.966
E,3,44,500,8,39,11700,37.265,129.7,26835.1,2,22.361,8.966
E,3,44,500,8,40,12000,42.628,131.4,23458.8,2,22.361,8.966
E,3,44,500,10,1,300,17.864,53.0,55979.5,2,22.361,8.966
E,3,44,500,10,2,600,8.833,30.9,113211.8,2,22.361,8.966
E,3,44,500,10,3,900,9.283,35.5,107723.8,2,22.361,8.966
E,3,44,500,10,4,1200,8.38,30.2,119327.0,2,22.361,8.966
E,3,44,500,10,5,1500,10.017,41.4,99827.0,2,22.361,8.966
E,3,44,500,10,6,1800,9.175,28.7,108991.8,2,22.361,8.966
E,3,44,500,10,7,2100,9.699,37.0,103099.9,2,22.361,8.966
E,3,44,500,10,8,2400,10.038,35.2,99621.4,2,22.361,8.966
E,3,44,500,10,9,2700,7.836,33.4,127616.1,2,22.361,8.966
E,3,44,500,10,10,3000,7.816,33.9,127937.2,2,22.361,8.966
E,3,44,500,10,11,3300,12.791,33.2,78182.0,2,22.361,8.966
E,3,44,500,10,12,3600,10.45,35.6,95696.8,2,22.361,8.966
E,3,44,500,10,13,3900,12.07,44.2,82850.0,2,22.361,8.966
E,3,44,500,10,14,4200,7.433,31.1,134541.2,2,22.361,8.966
E,3,44,500,10,15,4500,8.542,41.4,117073.1,2,22.361,8.966
E,3,44,500,10,16,4800,9.875,30.0,101269.3,2,22.361,8.966
E,3,44,500,10,17,5100,10.512,28.7,95126.3,2,22.361,8.966
E,3,44,500,10,18,5400,11.479,30.2,87113.1,2,22.361,8.966
E,3,44,500,10,19,5700,12.765,34.2,78339.2,2,22.361,8.966
E,3,44,500,10,20,6000,14.957,36.0,66859.8,2,22.361,8.966
E,3,44,500,10,21,6300,16.775,39.8,59611.3,2,22.361,8.966
E,3,44,500,10,22,6600,24.061,48.4,41561.6,2,22.361,8.966
E,3,44,500,10,23,6900,17.373,48.4,57560.6,2,22.361,8.966
E,3,44,500,10,24,7200,19.817,57.8,50460.9,2,22.361,8.966
E,3,44,500,10,25,7500,20.787,59.4,48107.0,2,22.361,8.966
E,3,44,500,10,26,7800,23.367,71.0,42794.8,2,22.361,8.966
E,3,44,500,10,27,8100,26.974,71.4,37073.2,2,22.361,8.966
E,3,44,500,10,28,8400,26.256,88.2,38087.0,2,22.361,8.966
E,3,44,500,10,29,8700,26.536,81.1,37684.2,2,22.361,8.966
E,3,44,500,10,30,9000,26.343,88.8,37961.2,2,22.361,8.966
E,3,44,500,10,31,9300,29.077,92.2,34391.4,2,22.361,8.966
E,3,44,500,10,32,9600,33.163,95.9,30154.1,2,22.361,8.966
E,3,44,500,10,33,9900,29.975,105.6,33361.5,2,22.361,8.966
E,3,44,500,10,34,10200,31.565,108.9,31680.7,2,22.361,8.966
E,3,44,500,10,35,10500,34.059,108.7,29360.8,2,22.361,8.966
E,3,44,500,10,36,10800,34.734,121.8,28790.0,2,22.361,8.966
E,3,44,500,10,37,11100,34.35,120.3,29111.8,2,22.361,8.966
E,3,44,500,10,38,11400,39.805,124.0,25122.3,2,22.361,8.966
E,3,44,500,10,39,11700,39.072,135.1,25593.6,2,22.361,8.966
E,3,44,500,10,40,12000,43.441,135.4,23019.9,2,22.361,8.966
E,3,44,500,14,1,300,18.28,56.0,54705.6,2,22.361,8.966
E,3,44,500,14,2,600,8.703,31.0,114902.9,2,22.361,8.966
E,3,44,500,14,3,900,8.757,36.7,114194.3,2,22.361,8.966
E,3,44,500,14,4,1200,8.222,29.9,121620.0,2,22.361,8.966
E,3,44,500,14,5,1500,10.341,44.2,96702.5,2,22.361,8.966
E,3,44,500,14,6,1800,8.919,29.1,112124.4,2,22.361,8.966
E,3,44,500,14,7,2100,9.483,34.9,105455.6,2,22.361,8.966
E,3,44,500,14,8,2400,9.377,34.5,106647.7,2,22.361,8.966
E,3,44,500,14,9,2700,7.91,33.9,126417.0,2,22.361,8.966
E,3,44,500,14,10,3000,8.873,64.9,112701.5,2,22.361,8.966
E,3,44,500,14,11,3300,13.122,34.6,76209.8,2,22.361,8.966
E,3,44,500,14,12,3600,10.648,33.8,93911.4,2,22.361,8.966
E,3,44,500,14,13,3900,10.153,30.1,98489.8,2,22.361,8.966
E,3,44,500,14,14,4200,7.38,30.7,135495.3,2,22.361,8.966
E,3,44,500,14,15,4500,9.068,36.0,110273.8,2,22.361,8.966
E,3,44,500,14,16,4800,10.029,29.3,99707.5,2,22.361,8.966
E,3,44,500,14,17,5100,10.576,29.4,94550.7,2,22.361,8.966
E,3,44,500,14,18,5400,11.098,28.4,90103.6,2,22.361,8.966
E,3,44,500,14,19,5700,13.355,36.7,74876.4,2,22.361,8.966
E,3,44,500,14,20,6000,15.08,37.1,66314.5,2,22.361,8.966
E,3,44,500,14,21,6300,16.389,40.2,61017.8,2,22.361,8.966
E,3,44,500,14,22,6600,24.657,53.2,40556.4,2,22.361,8.966
E,3,44,500,14,23,6900,17.17,48.6,58240.0,2,22.361,8.966
E,3,44,500,14,24,7200,20.121,57.3,49698.5,2,22.361,8.966
E,3,44,500,14,25,7500,20.884,58.7,47883.5,2,22.361,8.966
E,3,44,500,14,26,7800,22.586,65.7,44275.9,2,22.361,8.966
E,3,44,500,14,27,8100,24.026,71.4,41621.0,2,22.361,8.966
E,3,44,500,14,28,8400,25.463,78.1,39273.2,2,22.361,8.966
E,3,44,500,14,29,8700,27.475,82.2,36397.2,2,22.361,8.966
E,3,44,500,14,30,9000,26.199,85.9,38168.9,2,22.361,8.966
E,3,44,500,14,31,9300,29.074,92.1,34395.0,2,22.361,8.966
E,3,44,500,14,32,9600,34.135,102.3,29295.7,2,22.361,8.966
E,3,44,500,14,33,9900,29.569,101.7,33818.8,2,22.361,8.966
E,3,44,500,14,34,10200,32.362,110.9,30900.4,2,22.361,8.966
E,3,44,500,14,35,10500,34.226,108.4,29217.6,2,22.361,8.966
E,3,44,500,14,36,10800,35.315,122.3,28316.3,2,22.361,8.966
E,3,44,500,14,37,11100,36.721,124.5,27232.6,2,22.361,8.966
E,3,44,500,14,38,11400,39.984,125.4,25010.2,2,22.361,8.966
E,3,44,500,14,39,11700,38.112,128.7,26238.7,2,22.361,8.966
E,3,44,500,14,40,12000,41.897,131.8,23868.2,2,22.361,8.966
E,3,44,500,20,1,300,18.761,60.9,53303.0,2,22.361,8.966
E,3,44,500,20,2,600,8.579,32.0,116559.2,2,22.361,8.966
E,3,44,500,20,3,900,8.574,37.3,116631.7,2,22.361,8.966
E,3,44,500,20,4,1200,8.077,30.4,123813.5,2,22.361,8.966
E,3,44,500,20,5,1500,10.723,49.5,93260.4,2,22.361,8.966
E,3,44,500,20,6,1800,8.98,29.8,111354.4,2,22.361,8.966
E,3,44,500,20,7,2100,9.558,34.8,104628.0,2,22.361,8.966
E,3,44,500,20,8,2400,9.26,35.4,107987.5,2,22.361,8.966
E,3,44,500,20,9,2700,7.818,34.6,127915.4,2,22.361,8.966
E,3,44,500,20,10,3000,8.772,45.2,114003.4,2,22.361,8.966
E,3,44,500,20,11,3300,13.116,34.2,76240.8,2,22.361,8.966
E,3,44,500,20,12,3600,10.452,34.4,95675.5,2,22.361,8.966
E,3,44,500,20,13,3900,10.076,29.9,99242.4,2,22.361,8.966
E,3,44,500,20,14,4200,8.552,35.6,116936.3,2,22.361,8.966
E,3,44,500,20,15,4500,8.635,38.1,115807.8,2,22.361,8.966
E,3,44,500,20,16,4800,9.967,29.3,100327.7,2,22.361,8.966
E,3,44,500,20,17,5100,10.672,30.3,93706.1,2,22.361,8.966
E,3,44,500,20,18,5400,11.006,28.8,90862.3,2,22.361,8.966
E,3,44,500,20,19,5700,13.523,34.6,73948.1,2,22.361,8.966
E,3,44,500,20,20,6000,14.911,36.0,67063.1,2,22.361,8.966
E,3,44,500,20,21,6300,16.081,39.2,62186.5,2,22.361,8.966
E,3,44,500,20,22,6600,25.274,57.5,39566.4,2,22.361,8.966
E,3,44,500,20,23,6900,17.131,48.3,58373.7,2,22.361,8.966
E,3,44,500,20,24,7200,19.829,55.8,50431.2,2,22.361,8.966
E,3,44,500,20,25,7500,20.781,59.1,48120.1,2,22.361,8.966
E,3,44,500,20,26,7800,22.543,66.1,44359.0,2,22.361,8.966
E,3,44,500,20,27,8100,23.692,71.8,42208.3,2,22.361,8.966
E,3,44,500,20,28,8400,25.245,78.0,39612.3,2,22.361,8.966
E,3,44,500,20,29,8700,26.965,82.2,37084.7,2,22.361,8.966
E,3,44,500,20,30,9000,25.722,76.8,38877.7,2,22.361,8.966
E,3,44,500,20,31,9300,29.057,92.4,34415.1,2,22.361,8.966
E,3,44,500,20,32,9600,33.389,93.7,29950.3,2,22.361,8.966
E,3,44,500,20,33,9900,29.58,101.8,33807.0,2,22.361,8.966
E,3,44,500,20,34,10200,32.149,108.9,31104.8,2,22.361,8.966
E,3,44,500,20,35,10500,35.678,123.9,28028.2,2,22.361,8.966
E,3,44,500,20,36,10800,34.132,112.3,29298.3,2,22.361,8.966
E,3,44,500,20,37,11100,35.271,120.0,28352.2,2,22.361,8.966
E,3,44,500,20,38,11400,39.971,124.6,25017.9,2,22.361,8.966
E,3,44,500,20,39,11700,37.765,129.1,26479.8,2,22.361,8.966
E,3,44,500,20,40,12000,41.845,133.5,23897.5,2,22.361,8.966
E,3,44,800,2,1,300,35.6,68.0,28089.6,4,28.284,9.644
E,3,44,800,2,2,600,27.959,78.6,35767.1,4,28.284,9.644
E,3,44,800,2,3,900,25.914,68.0,38589.2,4,28.284,9.644
E,3,44,800,2,4,1200,26.202,77.2,38164.5,4,28.284,9.644
E,3,44,800,2,5,1500,25.581,68.7,39092.0,4,28.284,9.644
E,3,44,800,2,6,1800,27.287,59.7,36647.0,4,28.284,9.644
E,3,44,800,2,7,2100,25.636,86.7,39008.2,4,28.284,9.644
E,3,44,800,2,8,2400,16.689,54.8,59919.7,4,28.284,9.644
E,3,44,800,2,9,2700,17.004,65.7,58808.5,4,28.284,9.644
E,3,44,800,2,10,3000,14.994,49.5,66693.3,4,28.284,9.644
E,3,44,800,2,11,3300,27.084,86.3,36922.2,4,28.284,9.644
E,3,44,800,2,12,3600,18.485,56.0,54098.9,4,28.284,9.644
E,3,44,800,2,13,3900,21.658,73.6,46172.3,4,28.284,9.644
E,3,44,800,2,14,4200,19.15,53.0,52218.4,4,28.284,9.644
E,3,44,800,2,15,4500,21.523,67.7,46461.2,4,28.284,9.644
E,3,44,800,2,16,4800,21.451,55.3,46617.1,4,28.284,9.644
E,3,44,800,2,17,5100,21.964,72.0,45529.7,4,28.284,9.644
E,3,44,800,2,18,5400,23.021,60.4,43438.0,4,28.284,9.644
E,3,44,800,2,19,5700,22.632,60.0,44185.9,4,28.284,9.644
E,3,44,800,2,20,6000,24.119,63.1,41460.5,4,28.284,9.644
E,3,44,800,2,21,6300,26.004,76.4,38456.1,4,28.284,9.644
E,3,44,800,2,22,6600,42.326,93.9,23626.1,4,28.284,9.644
E,3,44,800,2,23,6900,29.511,81.9,33885.3,4,28.284,9.644
E,3,44,800,2,24,7200,27.744,59.8,36044.3,4,28.284,9.644
E,3,44,800,2,25,7500,31.849,81.6,31398.2,4,28.284,9.644
E,3,44,800,2,26,7800,30.717,87.5,32555.3,4,28.284,9.644
E,3,44,800,2,27,8100,30.455,72.7,32835.3,4,28.284,9.644
E,3,44,800,2,28,8400,29.457,74.0,33947.8,4,28.284,9.644
E,3,44,800,2,29,8700,29.238,67.9,34202.1,4,28.284,9.644
E,3,44,800,2,30,9000,32.845,72.2,30446.0,4,28.284,9.644
E,3,44,800,2,31,9300,31.193,85.3,32058.8,4,28.284,9.644
E,3,44,800,2,32,9600,35.561,99.2,28121.0,4,28.284,9.644
E,3,44,800,2,33,9900,24.774,79.2,40364.9,4,28.284,9.644
E,3,44,800,2,34,10200,24.203,80.3,41317.2,4,28.284,9.644
E,3,44,800,2,35,10500,23.169,78.1,43160.5,4,28.284,9.644
E,3,44,800,2,36,10800,23.038,64.5,43406.5,4,28.284,9.644
E,3,44,800,2,37,11100,17.521,70.2,57073.3,4,28.284,9.644
E,3,44,800,2,38,11400,8.271,49.6,120904.4,4,28.284,9.644
E,3,44,800,2,39,11700,8.927,44.8,112019.7,4,28.284,9.644
E,3,44,800,2,40,12000,10.772,45.0,92830.4,4,28.284,9.644
E,3,44,800,3,1,300,31.409,69.6,31837.7,4,28.284,9.644
E,3,44,800,3,2,600,22.991,71.4,43495.3,4,28.284,9.644
E,3,44,800,3,3,900,21.944,63.5,45569.9,4,28.284,9.644
E,3,44,800,3,4,1200,22.475,66.5,44494.5,4,28.284,9.644
E,3,44,800,3,5,1500,22.05,69.2,45352.2,4,28.284,9.644
E,3,44,800,3,6,1800,22.587,68.1,44273.9,4,28.284,9.644
E,3,44,800,3,7,2100,22.047,77.5,45357.0,4,28.284,9.644
E,3,44,800,3,8,2400,13.941,51.1,71729.2,4,28.284,9.644
E,3,44,800,3,9,2700,15.302,62.0,65349.5,4,28.284,9.644
E,3,44,800,3,10,3000,13.193,44.6,75797.8,4,28.284,9.644
E,3,44,800,3,11,3300,21.11,75.2,47370.9,4,28.284,9.644
E,3,44,800,3,12,3600,17.188,51.6,58180.1,4,28.284,9.644
E,3,44,800,3,13,3900,18.266,65.0,54745.5,4,28.284,9.644
E,3,44,800,3,14,4200,17.214,48.9,58093.4,4,28.284,9.644
E,3,44,800,3,15,4500,20.107,69.0,49734.8,4,28.284,9.644
E,3,44,800,3,16,4800,19.144,47.7,52236.6,4,28.284,9.644
E,3,44,800,3,17,5100,20.727,61.5,48245.5,4,28.284,9.644
E,3,44,800,3,18,5400,20.556,62.6,48647.6,4,28.284,9.644
E,3,44,800,3,19,5700,20.044,52.0,49889.4,4,28.284,9.644
E,3,44,800,3,20,6000,21.823,59.3,45823.9,4,28.284,9.644
E,3,44,800,3,21,6300,23.717,69.4,42163.3,4,28.284,9.644
E,3,44,800,3,22,6600,57.393,152.4,17423.7,4,28.284,9.644
E,3,44,800,3,23,6900,29.618,76.9,33763.6,4,28.284,9.644
E,3,44,800,3,24,7200,23.481,75.6,42587.6,4,28.284,9.644
E,3,44,800,3,25,7500,26.416,73.1,37855.8,4,28.284,9.644
E,3,44,800,3,26,7800,25.359,77.7,39433.7,4,28.284,9.644
E,3,44,800,3,27,8100,25.644,71.8,38996.0,4,28.284,9.644
E,3,44,800,3,28,8400,24.487,65.4,40838.0,4,28.284,9.644
E,3,44,800,3,29,8700,24.99,65.9,40016.0,4,28.284,9.644
E,3,44,800,3,30,9000,27.59,71.6,36244.6,4,28.284,9.644
E,3,44,800,3,31,9300,26.447,69.9,37811.9,4,28.284,9.644
E,3,44,800,3,32,9600,32.256,86.6,31002.0,4,28.284,9.644
E,3,44,800,3,33,9900,20.856,74.9,47947.1,4,28.284,9.644
E,3,44,800,3,34,10200,20.778,72.9,48127.8,4,28.284,9.644
E,3,44,800,3,35,10500,18.796,66.4,53202.8,4,28.284,9.644
E,3,44,800,3,36,10800,19.501,60.4,51280.3,4,28.284,9.644
E,3,44,800,3,37,11100,14.89,74.5,67159.2,4,28.284,9.644
E,3,44,800,3,38,11400,7.619,44.5,131250.8,4,28.284,9.644
E,3,44,800,3,39,11700,8.325,39.5,120124.9,4,28.284,9.644
E,3,44,800,3,40,12000,10.172,35.7,98305.9,4,28.284,9.644
E,3,44,800,4,1,300,28.079,68.0,35613.8,4,28.284,9.644
E,3,44,800,4,2,600,18.651,56.3,53616.4,4,28.284,9.644
E,3,44,800,4,3,900,19.202,67.5,52077.0,4,28.284,9.644
E,3,44,800,4,4,1200,17.141,54.9,58338.5,4,28.284,9.644
E,3,44,800,4,5,1500,19.143,71.5,52239.3,4,28.284,9.644
E,3,44,800,4,6,1800,18.542,57.0,53930.6,4,28.284,9.644
E,3,44,800,4,7,2100,18.307,67.6,54622.9,4,28.284,9.644
E,3,44,800,4,8,2400,12.055,55.9,82953.1,4,28.284,9.644
E,3,44,800,4,9,2700,12.816,59.9,78025.4,4,28.284,9.644
E,3,44,800,4,10,3000,11.338,43.6,88196.4,4,28.284,9.644
E,3,44,800,4,11,3300,18.525,72.1,53982.1,4,28.284,9.644
E,3,44,800,4,12,3600,15.445,56.6,64745.9,4,28.284,9.644
E,3,44,800,4,13,3900,15.454,55.1,64709.6,4,28.284,9.644
E,3,44,800,4,14,4200,14.88,48.6,67205.8,4,28.284,9.644
E,3,44,800,4,15,4500,17.132,64.1,58370.3,4,28.284,9.644
E,3,44,800,4,16,4800,17.322,56.7,57728.9,4,28.284,9.644
E,3,44,800,4,17,5100,16.613,60.2,60193.8,4,28.284,9.644
E,3,44,800,4,18,5400,18.135,55.2,55141.0,4,28.284,9.644
E,3,44,800,4,19,5700,17.841,51.3,56050.7,4,28.284,9.644
E,3,44,800,4,20,6000,20.058,61.7,49856.3,4,28.284,9.644
E,3,44,800,4,21,6300,20.927,66.4,47784.4,4,28.284,9.644
E,3,44,800,4,22,6600,34.917,84.5,28639.6,4,28.284,9.644
E,3,44,800,4,23,6900,19.049,55.4,52497.1,4,28.284,9.644
E,3,44,800,4,24,7200,17.944,63.5,55730.0,4,28.284,9.644
E,3,44,800,4,25,7500,20.772,65.9,48142.5,4,28.284,9.644
E,3,44,800,4,26,7800,19.907,59.2,50232.7,4,28.284,9.644
E,3,44,800,4,27,8100,20.39,82.8,49044.5,4,28.284,9.644
E,3,44,800,4,28,8400,18.474,59.0,54130.1,4,28.284,9.644
E,3,44,800,4,29,8700,18.632,65.0,53671.1,4,28.284,9.644
E,3,44,800,4,30,9000,20.374,67.0,49082.2,4,28.284,9.644
E,3,44,800,4,31,9300,20.803,62.6,48069.2,4,28.284,9.644
E,3,44,800,4,32,9600,27.022,98.2,37006.4,4,28.284,9.644
E,3,44,800,4,33,9900,18.136,73.0,55137.9,4,28.284,9.644
E,3,44,800,4,34,10200,17.788,65.2,56217.7,4,28.284,9.644
E,3,44,800,4,35,10500,16.172,59.5,61836.5,4,28.284,9.644
E,3,44,800,4,36,10800,17.17,61.5,58242.2,4,28.284,9.644
E,3,44,800,4,37,11100,12.799,70.0,78133.1,4,28.284,9.644
E,3,44,800,4,38,11400,7.027,33.6,142308.2,4,28.284,9.644
E,3,44,800,4,39,11700,8.291,39.7,120612.7,4,28.284,9.644
E,3,44,800,4,40,12000,9.79,31.9,102148.5,4,28.284,9.644
E,3,44,800,5,1,300,27.692,67.3,36111.9,4,28.284,9.644
E,3,44,800,5,2,600,18.434,56.3,54246.6,4,28.284,9.644
E,3,44,800,5,3,900,17.736,61.0,56382.5,4,28.284,9.644
E,3,44,800,5,4,1200,21.425,80.9,46675.2,4,28.284,9.644
E,3,44,800,5,5,1500,18.758,69.1,53311.5,4,28.284,9.644
E,3,44,800,5,6,1800,18.863,59.2,53013.8,4,28.284,9.644
E,3,44,800,5,7,2100,18.161,74.2,55063.0,4,28.284,9.644
E,3,44,800,5,8,2400,11.261,52.1,88804.7,4,28.284,9.644
E,3,44,800,5,9,2700,12.602,59.3,79354.6,4,28.284,9.644
E,3,44,800,5,10,3000,12.06,55.1,82916.5,4,28.284,9.644
E,3,44,800,5,11,3300,18.662,72.8,53583.9,4,28.284,9.644
E,3,44,800,5,12,3600,14.385,50.1,69515.2,4,28.284,9.644
E,3,44,800,5,13,3900,16.128,64.7,62004.0,4,28.284,9.644
E,3,44,800,5,14,4200,14.793,51.0,67599.6,4,28.284,9.644
E,3,44,800,5,15,4500,16.667,61.1,59997.6,4,28.284,9.644
E,3,44,800,5,16,4800,18.269,57.7,54737.5,4,28.284,9.644
E,3,44,800,5,17,5100,16.488,61.7,60650.2,4,28.284,9.644
E,3,44,800,5,18,5400,16.768,54.3,59636.2,4,28.284,9.644
E,3,44,800,5,19,5700,18.124,56.1,55176.5,4,28.284,9.644
E,3,44,800,5,20,6000,18.383,48.1,54399.1,4,28.284,9.644
E,3,44,800,5,21,6300,20.752,74.2,48188.9,4,28.284,9.644
E,3,44,800,5,22,6600,33.057,82.6,30250.5,4,28.284,9.644
E,3,44,800,5,23,6900,19.886,61.2,50286.6,4,28.284,9.644
E,3,44,800,5,24,7200,17.206,52.7,58118.1,4,28.284,9.644
E,3,44,800,5,25,7500,19.667,64.5,50846.6,4,28.284,9.644
E,3,44,800,5,26,7800,20.523,69.1,48725.8,4,28.284,9.644
E,3,44,800,5,27,8100,19.057,67.3,52475.1,4,28.284,9.644
E,3,44,800,5,28,8400,18.618,60.2,53712.4,4,28.284,9.644
E,3,44,800,5,29,8700,18.46,65.7,54172.2,4,28.284,9.644
E,3,44,800,5,30,9000,18.992,63.7,52653.7,4,28.284,9.644
E,3,44,800,5,31,9300,20.711,68.8,48282.7,4,28.284,9.644
E,3,44,800,5,32,9600,25.706,86.9,38900.9,4,28.284,9.644
E,3,44,800,5,33,9900,18.493,73.4,54075.5,4,28.284,9.644
E,3,44,800,5,34,10200,17.133,67.7,58365.8,4,28.284,9.644
E,3,44,800,5,35,10500,15.442,52.9,64757.1,4,28.284,9.644
E,3,44,800,5,36,10800,17.202,63.2,58132.8,4,28.284,9.644
E,3,44,800,5,37,11100,12.285,62.2,81400.1,4,28.284,9.644
E,3,44,800,5,38,11400,7.007,35.7,142707.7,4,28.284,9.644
E,3,44,800,5,39,11700,8.074,38.2,123854.4,4,28.284,9.644
E,3,44,800,5,40,12000,9.644,31.0,103687.8,4,28.284,9.644
E,3,44,800,6,1,300,25.709,71.6,38896.9,4,28.284,9.644
E,3,44,800,6,2,600,17.019,53.8,58757.9,4,28.284,9.644
E,3,44,800,6,3,900,18.088,59.7,55286.3,4,28.284,9.644
E,3,44,800,6,4,1200,15.997,56.0,62510.4,4,28.284,9.644
E,3,44,800,6,5,1500,17.797,82.4,56189.2,4,28.284,9.644
E,3,44,800,6,6,1800,17.001,54.5,58820.1,4,28.284,9.644
E,3,44,800,6,7,2100,16.979,74.2,58895.1,4,28.284,9.644
E,3,44,800,6,8,2400,10.89,50.2,91824.6,4,28.284,9.644
E,3,44,800,6,9,2700,13.513,86.5,74004.6,4,28.284,9.644
E,3,44,800,6,10,3000,10.695,44.9,93504.6,4,28.284,9.644
E,3,44,800,6,11,3300,18.235,73.0,54838.6,4,28.284,9.644
E,3,44,800,6,12,3600,15.385,62.2,64998.4,4,28.284,9.644
E,3,44,800,6,13,3900,15.576,59.8,64201.3,4,28.284,9.644
E,3,44,800,6,14,4200,14.779,50.1,67665.1,4,28.284,9.644
E,3,44,800,6,15,4500,17.058,67.4,58623.5,4,28.284,9.644
E,3,44,800,6,16,4800,16.604,54.4,60226.4,4,28.284,9.644
E,3,44,800,6,17,5100,16.353,58.2,61149.6,4,28.284,9.644
E,3,44,800,6,18,5400,17.423,60.7,57396.5,4,28.284,9.644
E,3,44,800,6,19,5700,17.028,53.5,58725.6,4,28.284,9.644
E,3,44,800,6,20,6000,17.96,49.3,55679.3,4,28.284,9.644
E,3,44,800,6,21,6300,21.121,75.5,47345.5,4,28.284,9.644
E,3,44,800,6,22,6600,34.179,93.4,29258.0,4,28.284,9.644
E,3,44,800,6,23,6900,19.557,81.1,51133.5,4,28.284,9.644
E,3,44,800,6,24,7200,16.583,54.4,60301.5,4,28.284,9.644
E,3,44,800,6,25,7500,20.117,74.5,49708.4,4,28.284,9.644
E,3,44,800,6,26,7800,19.329,68.4,51735.7,4,28.284,9.644
E,3,44,800,6,27,8100,18.365,67.9,54451.4,4,28.284,9.644
E,3,44,800,6,28,8400,18.124,63.3,55174.4,4,28.284,9.644
E,3,44,800,6,29,8700,17.667,62.4,56603.8,4,28.284,9.644
E,3,44,800,6,30,9000,18.293,60.5,54665.7,4,28.284,9.644
E,3,44,800,6,31,9300,20.075,69.4,49812.4,4,28.284,9.644
E,3,44,800,6,32,9600,24.908,85.8,40147.2,4,28.284,9.644
E,3,44,800,6,33,9900,17.469,75.2,57243.2,4,28.284,9.644
E,3,44,800,6,34,10200,16.48,65.7,60680.8,4,28.284,9.644
E,3,44,800,6,35,10500,14.908,53.5,67079.6,4,28.284,9.644
E,3,44,800,6,36,10800,16.76,59.9,59664.7,4,28.284,9.644
E,3,44,800,6,37,11100,11.699,53.5,85479.8,4,28.284,9.644
E,3,44,800,6,38,11400,6.852,31.3,145949.9,4,28.284,9.644
E,3,44,800,6,39,11700,8.063,30.1,124018.2,4,28.284,9.644
E,3,44,800,6,40,12000,9.944,34.8,100563.2,4,28.284,9.644
E,3,44,800,8,1,300,25.554,82.4,39132.3,4,28.284,9.644
E,3,44,800,8,2,600,16.46,64.9,60752.1,4,28.284,9.644
E,3,44,800,8,3,900,16.091,61.0,62145.3,4,28.284,9.644
E,3,44,800,8,4,1200,14.627,53.1,68366.7,4,28.284,9.644
E,3,44,800,8,5,1500,16.103,74.2,62101.5,4,28.284,9.644
E,3,44,800,8,6,1800,15.434,52.5,64790.6,4,28.284,9.644
E,3,44,800,8,7,2100,16.036,66.4,62359.7,4,28.284,9.644
E,3,44,800,8,8,2400,10.31,51.9,96990.1,4,28.284,9.644
E,3,44,800,8,9,2700,11.637,59.5,85930.4,4,28.284,9.644
E,3,44,800,8,10,3000,10.01,44.7,99900.1,4,28.284,9.644
E,3,44,800,8,11,3300,18.131,84.3,55153.1,4,28.284,9.644
E,3,44,800,8,12,3600,13.397,51.9,74643.6,4,28.284,9.644
E,3,44,800,8,13,3900,14.095,53.3,70948.8,4,28.284,9.644
E,3,44,800,8,14,4200,13.825,49.3,72334.5,4,28.284,9.644
E,3,44,800,8,15,4500,15.901,66.6,62887.8,4,28.284,9.644
E,3,44,800,8,16,4800,15.664,48.3,63839.3,4,28.284,9.644
E,3,44,800,8,17,5100,15.196,56.8,65806.8,4,28.284,9.644
E,3,44,800,8,18,5400,16.186,57.1,61783.1,4,28.284,9.644
E,3,44,800,8,19,5700,16.102,52.4,62104.1,4,28.284,9.644
E,3,44,800,8,20,6000,17.045,50.0,58669.4,4,28.284,9.644
E,3,44,800,8,21,6300,19.619,67.4,50971.0,4,28.284,9.644
E,3,44,800,8,22,6600,30.079,80.7,33245.4,4,28.284,9.644
E,3,44,800,8,23,6900,18.665,76.3,53577.2,4,28.284,9.644
E,3,44,800,8,24,7200,15.088,54.9,66276.4,4,28.284,9.644
E,3,44,800,8,25,7500,17.725,72.6,56418.6,4,28.284,9.644
E,3,44,800,8,26,7800,18.066,59.3,55352.6,4,28.284,9.644
E,3,44,800,8,27,8100,16.151,70.8,61914.4,4,28.284,9.644
E,3,44,800,8,28,8400,16.483,77.8,60669.8,4,28.284,9.644
E,3,44,800,8,29,8700,16.256,63.9,61514.5,4,28.284,9.644
E,3,44,800,8,30,9000,15.951,64.2,62692.0,4,28.284,9.644
E,3,44,800,8,31,9300,17.853,64.4,56014.0,4,28.284,9.644
E,3,44,800,8,32,9600,24.012,87.0,41645.3,4,28.284,9.644
E,3,44,800,8,33,9900,15.841,73.3,63128.7,4,28.284,9.644
E,3,44,800,8,34,10200,16.654,65.2,60044.4,4,28.284,9.644
E,3,44,800,8,35,10500,14.114,54.2,70850.0,4,28.284,9.644
E,3,44,800,8,36,10800,14.738,58.6,67851.8,4,28.284,9.644
E,3,44,800,8,37,11100,11.98,56.6,83474.8,4,28.284,9.644
E,3,44,800,8,38,11400,6.823,26.4,146563.1,4,28.284,9.644
E,3,44,800,8,39,11700,8.036,29.5,124445.2,4,28.284,9.644
E,3,44,800,8,40,12000,9.534,23.1,104887.8,4,28.284,9.644
E,3,44,800,10,1,300,24.977,69.9,40037.4,4,28.284,9.644
E,3,44,800,10,2,600,15.674,54.0,63799.9,4,28.284,9.644
E,3,44,800,10,3,900,18.102,74.2,55241.5,4,28.284,9.644
E,3,44,800,10,4,1200,19.939,88.4,50153.0,4,28.284,9.644
E,3,44,800,10,5,1500,29.943,122.2,33397.2,4,28.284,9.644
E,3,44,800,10,6,1800,17.259,73.4,57939.7,4,28.284,9.644
E,3,44,800,10,7,2100,16.046,70.3,62320.8,4,28.284,9.644
E,3,44,800,10,8,2400,11.14,61.8,89763.9,4,28.284,9.644
E,3,44,800,10,9,2700,11.995,64.7,83368.1,4,28.284,9.644
E,3,44,800,10,10,3000,10.02,45.4,99800.4,4,28.284,9.644
E,3,44,800,10,11,3300,17.999,72.5,55558.6,4,28.284,9.644
E,3,44,800,10,12,3600,14.768,70.4,67714.0,4,28.284,9.644
E,3,44,800,10,13,3900,14.351,55.2,69683.2,4,28.284,9.644
E,3,44,800,10,14,4200,13.822,49.7,72346.7,4,28.284,9.644
E,3,44,800,10,15,4500,15.761,67.4,63447.8,4,28.284,9.644
E,3,44,800,10,16,4800,15.76,48.8,63450.4,4,28.284,9.644
E,3,44,800,10,17,5100,15.278,57.1,65452.2,4,28.284,9.644
E,3,44,800,10,18,5400,16.318,66.7,61282.0,4,28.284,9.644
E,3,44,800,10,19,5700,16.079,54.3,62192.9,4,28.284,9.644
E,3,44,800,10,20,6000,16.918,48.7,59109.8,4,28.284,9.644
E,3,44,800,10,21,6300,19.135,63.1,52261.2,4,28.284,9.644
E,3,44,800,10,22,6600,30.779,82.7,32490.0,4,28.284,9.644
E,3,44,800,10,23,6900,17.622,65.5,56748.3,4,28.284,9.644
E,3,44,800,10,24,7200,15.213,54.0,65733.3,4,28.284,9.644
E,3,44,800,10,25,7500,17.473,66.5,57232.2,4,28.284,9.644
E,3,44,800,10,26,7800,18.08,79.6,55308.7,4,28.284,9.644
E,3,44,800,10,27,8100,16.086,71.6,62164.6,4,28.284,9.644
E,3,44,800,10,28,8400,15.431,52.8,64803.2,4,28.284,9.644
E,3,44,800,10,29,8700,16.875,74.5,59258.1,4,28.284,9.644
E,3,44,800,10,30,9000,16.225,67.5,61634.6,4,28.284,9.644
E,3,44,800,10,31,9300,17.283,62.2,57859.2,4,28.284,9.644
E,3,44,800,10,32,9600,24.507,89.0,40804.1,4,28.284,9.644
E,3,44,800,10,33,9900,15.704,74.4,63676.7,4,28.284,9.644
E,3,44,800,10,34,10200,15.517,65.5,64444.1,4,28.284,9.644
E,3,44,800,10,35,10500,14.587,71.2,68555.8,4,28.284,9.644
E,3,44,800,10,36,10800,14.712,62.1,67973.3,4,28.284,9.644
E,3,44,800,10,37,11100,11.378,59.3,87886.3,4,28.284,9.644
E,3,44,800,10,38,11400,6.76,25.1,147921.7,4,28.284,9.644
E,3,44,800,10,39,11700,8.295,31.9,120549.7,4,28.284,9.644
E,3,44,800,10,40,12000,9.521,22.5,105031.0,4,28.284,9.644
E,3,44,800,14,1,300,26.073,96.6,38354.3,4,28.284,9.644
E,3,44,800,14,2,600,15.102,57.2,66217.9,4,28.284,9.644
E,3,44,800,14,3,900,15.239,54.1,65621.1,4,28.284,9.644
E,3,44,800,14,4,1200,14.587,63.8,68555.8,4,28.284,9.644
E,3,44,800,14,5,1500,15.097,69.7,66238.3,4,28.284,9.644
E,3,44,800,14,6,1800,14.656,52.5,68231.4,4,28.284,9.644
E,3,44,800,14,7,2100,15.765,74.3,63431.7,4,28.284,9.644
E,3,44,800,14,8,2400,9.842,53.4,101601.9,4,28.284,9.644
E,3,44,800,14,9,2700,11.26,59.3,88807.3,4,28.284,9.644
E,3,44,800,14,10,3000,9.709,45.0,102993.7,4,28.284,9.644
E,3,44,800,14,11,3300,18.074,76.1,55327.1,4,28.284,9.644
E,3,44,800,14,12,3600,16.071,58.7,62223.9,4,28.284,9.644
E,3,44,800,14,13,3900,13.729,54.6,72836.7,4,28.284,9.644
E,3,44,800,14,14,4200,14.077,49.7,71037.9,4,28.284,9.644
E,3,44,800,14,15,4500,14.845,62.2,67364.3,4,28.284,9.644
E,3,44,800,14,16,4800,15.272,49.0,65479.3,4,28.284,9.644
E,3,44,800,14,17,5100,15.033,58.1,66518.8,4,28.284,9.644
E,3,44,800,14,18,5400,16.431,56.4,60859.3,4,28.284,9.644
E,3,44,800,14,19,5700,15.59,52.4,64145.0,4,28.284,9.644
E,3,44,800,14,20,6000,16.854,50.3,59333.1,4,28.284,9.644
E,3,44,800,14,21,6300,20.923,82.9,47794.3,4,28.284,9.644
E,3,44,800,14,22,6600,32.134,101.2,31120.0,4,28.284,9.644
E,3,44,800,14,23,6900,18.424,86.0,54277.0,4,28.284,9.644
E,3,44,800,14,24,7200,14.589,66.0,68546.4,4,28.284,9.644
E,3,44,800,14,25,7500,17.397,80.8,57481.2,4,28.284,9.644
E,3,44,800,14,26,7800,16.567,61.5,60359.7,4,28.284,9.644
E,3,44,800,14,27,8100,15.675,72.5,63795.8,4,28.284,9.644
E,3,44,800,14,28,8400,15.156,58.3,65980.5,4,28.284,9.644
E,3,44,800,14,29,8700,14.779,57.2,67663.6,4,28.284,9.644
E,3,44,800,14,30,9000,14.942,61.4,66925.4,4,28.284,9.644
E,3,44,800,14,31,9300,17.27,64.9,57902.8,4,28.284,9.644
E,3,44,800,14,32,9600,23.111,85.4,43269.4,4,28.284,9.644
E,3,44,800,14,33,9900,15.2,73.7,65788.0,4,28.284,9.644
E,3,44,800,14,34,10200,15.672,71.7,63806.7,4,28.284,9.644
E,3,44,800,14,35,10500,13.794,68.9,72493.5,4,28.284,9.644
E,3,44,800,14,36,10800,14.346,56.8,69704.2,4,28.284,9.644
E,3,44,800,14,37,11100,11.018,53.9,90760.6,4,28.284,9.644
E,3,44,800,14,38,11400,7.067,26.3,141509.5,4,28.284,9.644
E,3,44,800,14,39,11700,7.977,29.4,125355.2,4,28.284,9.644
E,3,44,800,14,40,12000,9.607,22.8,104094.3,4,28.284,9.644
E,3,44,800,20,1,300,24.802,70.4,40318.8,4,28.284,9.644
E,3,44,800,20,2,600,14.734,52.9,67871.8,4,28.284,9.644
E,3,44,800,20,3,900,15.714,62.3,63638.9,4,28.284,9.644
E,3,44,800,20,4,1200,13.583,53.8,73623.2,4,28.284,9.644
E,3,44,800,20,5,1500,14.977,68.6,66770.5,4,28.284,9.644
E,3,44,800,20,6,1800,14.414,52.1,69377.0,4,28.284,9.644
E,3,44,800,20,7,2100,15.706,76.6,63671.3,4,28.284,9.644
E,3,44,800,20,8,2400,9.474,52.7,105548.3,4,28.284,9.644
E,3,44,800,20,9,2700,10.839,59.5,92256.6,4,28.284,9.644
E,3,44,800,20,10,3000,9.338,44.2,107085.5,4,28.284,9.644
E,3,44,800,20,11,3300,18.21,76.2,54914.9,4,28.284,9.644
E,3,44,800,20,12,3600,12.792,52.9,78171.8,4,28.284,9.644
E,3,44,800,20,13,3900,13.273,54.6,75339.0,4,28.284,9.644
E,3,44,800,20,14,4200,14.003,49.3,71411.6,4,28.284,9.644
E,3,44,800,20,15,4500,14.479,62.3,69064.0,4,28.284,9.644
E,3,44,800,20,16,4800,14.883,47.9,67189.3,4,28.284,9.644
E,3,44,800,20,17,5100,15.168,65.2,65926.8,4,28.284,9.644
E,3,44,800,20,18,5400,14.844,54.1,67368.8,4,28.284,9.644
E,3,44,800,20,19,5700,15.464,53.7,64667.7,4,28.284,9.644
E,3,44,800,20,20,6000,16.252,49.7,61530.9,4,28.284,9.644
E,3,44,800,20,21,6300,18.181,64.1,55001.5,4,28.284,9.644
E,3,44,800,20,22,6600,29.337,81.6,34087.0,4,28.284,9.644
E,3,44,800,20,23,6900,16.025,62.0,62403.8,4,28.284,9.644
E,3,44,800,20,24,7200,13.416,51.6,74539.7,4,28.284,9.644
E,3,44,800,20,25,7500,15.844,67.1,63114.0,4,28.284,9.644
E,3,44,800,20,26,7800,20.688,87.7,48337.2,4,28.284,9.644
E,3,44,800,20,27,8100,14.787,71.5,67627.0,4,28.284,9.644
E,3,44,800,20,28,8400,14.106,52.2,70893.5,4,28.284,9.644
E,3,44,800,20,29,8700,14.647,71.7,68274.9,4,28.284,9.644
E,3,44,800,20,30,9000,14.317,58.2,69848.7,4,28.284,9.644
E,3,44,800,20,31,9300,15.804,55.1,63276.4,4,28.284,9.644
E,3,44,800,20,32,9600,23.195,91.4,43112.1,4,28.284,9.644
E,3,44,800,20,33,9900,15.135,74.8,66073.5,4,28.284,9.644
E,3,44,800,20,34,10200,14.853,70.5,67328.0,4,28.284,9.644
E,3,44,800,20,35,10500,15.791,89.4,63328.5,4,28.284,9.644
E,3,44,800,20,36,10800,14.504,65.8,68948.1,4,28.284,9.644
E,3,44,800,20,37,11100,11.108,62.6,90027.9,4,28.284,9.644
E,3,44,800,20,38,11400,6.697,22.1,149320.6,4,28.284,9.644
E,3,44,800,20,39,11700,8.59,40.9,116414.4,4,28.284,9.644
E,3,44,800,20,40,12000,9.603,24.1,104137.7,4,28.284,9.644
E,4,45,50,2,1,300,15.855,127.1,63070.3,1,7.071,5.644
E,4,45,50,2,2,600,5.877,12.0,170154.9,1,7.071,5.644
E,4,45,50,2,3,900,7.838,17.0,127578.1,1,7.071,5.644
E,4,45,50,2,4,1200,9.276,28.7,107805.1,1,7.071,5.644
E,4,45,50,2,5,1500,10.929,29.3,91499.7,1,7.071,5.644
E,4,45,50,2,6,1800,12.882,35.1,77629.7,1,7.071,5.644
E,4,45,50,2,7,2100,15.045,41.6,66468.7,1,7.071,5.644
E,4,45,50,2,8,2400,16.708,49.5,59852.8,1,7.071,5.644
E,4,45,50,2,9,2700,18.963,129.5,52735.2,1,7.071,5.644
E,4,45,50,2,10,3000,20.909,58.4,47825.5,1,7.071,5.644
E,4,45,50,2,11,3300,26.027,64.3,38421.6,1,7.071,5.644
E,4,45,50,2,12,3600,24.377,75.8,41022.3,1,7.071,5.644
E,4,45,50,2,13,3900,24.944,75.1,40090.3,1,7.071,5.644
E,4,45,50,2,14,4200,27.137,88.5,36850.5,1,7.071,5.644
E,4,45,50,2,15,4500,31.118,90.6,32135.7,1,7.071,5.644
E,4,45,50,2,16,4800,29.799,105.3,33558.2,1,7.071,5.644
E,4,45,50,2,17,5100,30.12,98.4,33200.9,1,7.071,5.644
E,4,45,50,2,18,5400,32.294,110.9,30965.2,1,7.071,5.644
E,4,45,50,2,19,5700,35.152,115.1,28447.9,1,7.071,5.644
E,4,45,50,2,20,6000,35.248,117.5,28370.1,1,7.071,5.644
E,4,45,50,2,21,6300,29.043,143.0,34431.3,1,7.071,5.644
E,4,45,50,2,22,6600,8.072,24.4,123879.9,1,7.071,5.644
E,4,45,50,2,23,6900,6.741,51.8,148338.6,1,7.071,5.644
E,4,45,50,2,24,7200,7.902,49.0,126544.9,1,7.071,5.644
E,4,45,50,2,25,7500,9.33,50.3,107184.9,1,7.071,5.644
E,4,45,50,2,26,7800,10.409,49.7,96067.6,1,7.071,5.644
E,4,45,50,2,27,8100,15.26,51.8,65529.4,1,7.071,5.644
E,4,45,50,2,28,8400,14.152,53.2,70661.4,1,7.071,5.644
E,4,45,50,2,29,8700,6.561,20.1,152408.0,1,7.071,5.644
E,4,45,50,2,30,9000,7.416,20.3,134837.5,1,7.071,5.644
E,4,45,50,2,31,9300,14.523,56.4,68856.3,1,7.071,5.644
E,4,45,50,2,32,9600,11.891,49.5,84094.9,1,7.071,5.644
E,4,45,50,2,33,9900,13.834,54.2,72285.7,1,7.071,5.644
E,4,45,50,2,34,10200,16.308,39.6,61320.8,1,7.071,5.644
E,4,45,50,2,35,10500,18.094,50.3,55266.9,1,7.071,5.644
E,4,45,50,2,36,10800,19.106,57.2,52338.7,1,7.071,5.644
E,4,45,50,2,37,11100,21.847,55.6,45772.2,1,7.071,5.644
E,4,45,50,2,38,11400,23.629,61.3,42320.3,1,7.071,5.644
E,4,45,50,2,39,11700,7.524,37.8,132902.1,1,7.071,5.644
E,4,45,50,2,40,12000,9.447,50.7,105857.4,1,7.071,5.644
E,4,45,50,3,1,300,16.058,130.7,62274.3,1,7.071,5.644
E,4,45,50,3,2,600,5.825,11.8,171664.1,1,7.071,5.644
E,4,45,50,3,3,900,7.793,16.7,128325.8,1,7.071,5.644
E,4,45,50,3,4,1200,8.615,22.5,116072.1,1,7.071,5.644
E,4,45,50,3,5,1500,11.288,29.8,88587.0,1,7.071,5.644
E,4,45,50,3,6,1800,12.848,35.3,77835.2,1,7.071,5.644
E,4,45,50,3,7,2100,14.904,41.8,67096.1,1,7.071,5.644
E,4,45,50,3,8,2400,16.495,49.4,60625.7,1,7.071,5.644
E,4,45,50,3,9,2700,19.029,130.9,52550.4,1,7.071,5.644
E,4,45,50,3,10,3000,20.393,58.6,49035.6,1,7.071,5.644
E,4,45,50,3,11,3300,26.965,65.8,37084.7,1,7.071,5.644
E,4,45,50,3,12,3600,23.629,74.4,42320.3,1,7.071,5.644
E,4,45,50,3,13,3900,25.6,80.9,39063.0,1,7.071,5.644
E,4,45,50,3,14,4200,26.64,82.1,37538.0,1,7.071,5.644
E,4,45,50,3,15,4500,31.64,91.5,31605.9,1,7.071,5.644
E,4,45,50,3,16,4800,30.583,103.4,32697.9,1,7.071,5.644
E,4,45,50,3,17,5100,29.931,98.8,33409.8,1,7.071,5.644
E,4,45,50,3,18,5400,32.243,109.2,31014.2,1,7.071,5.644
E,4,45,50,3,19,5700,33.939,115.5,29464.3,1,7.071,5.644
E,4,45,50,3,20,6000,35.543,120.5,28135.2,1,7.071,5.644
E,4,45,50,3,21,6300,29.062,148.4,34408.8,1,7.071,5.644
E,4,45,50,3,22,6600,8.004,24.4,124937.5,1,7.071,5.644
E,4,45,50,3,23,6900,6.797,50.8,147131.0,1,7.071,5.644
E,4,45,50,3,24,7200,7.317,48.6,136674.3,1,7.071,5.644
E,4,45,50,3,25,7500,9.285,50.2,107704.5,1,7.071,5.644
E,4,45,50,3,26,7800,10.822,53.9,92401.5,1,7.071,5.644
E,4,45,50,3,27,8100,12.444,50.8,80360.0,1,7.071,5.644
E,4,45,50,3,28,8400,13.426,38.9,74484.2,1,7.071,5.644
E,4,45,50,3,29,8700,6.471,20.0,154535.6,1,7.071,5.644
E,4,45,50,3,30,9000,7.799,26.2,128216.1,1,7.071,5.644
E,4,45,50,3,31,9300,14.266,57.4,70098.4,1,7.071,5.644
E,4,45,50,3,32,9600,11.722,48.7,85307.3,1,7.071,5.644
E,4,45,50,3,33,9900,13.059,37.0,76575.5,1,7.071,5.644
E,4,45,50,3,34,10200,17.198,57.6,58145.2,1,7.071,5.644
E,4,45,50,3,35,10500,18.0,49.9,55555.6,1,7.071,5.644
E,4,45,50,3,36,10800,18.437,52.4,54239.7,1,7.071,5.644
E,4,45,50,3,37,11100,22.279,55.5,44885.3,1,7.071,5.644
E,4,45,50,3,38,11400,22.988,60.4,43500.3,1,7.071,5.644
E,4,45,50,3,39,11700,7.894,40.0,126673.1,1,7.071,5.644
E,4,45,50,3,40,12000,9.343,52.1,107035.8,1,7.071,5.644
E,4,45,50,4,1,300,17.844,197.9,56040.2,1,7.071,5.644
E,4,45,50,4,2,600,5.841,12.4,171213.4,1,7.071,5.644
E,4,45,50,4,3,900,7.765,17.1,128788.5,1,7.071,5.644
E,4,45,50,4,4,1200,8.53,22.6,117233.3,1,7.071,5.644
E,4,45,50,4,5,1500,10.723,29.5,93254.6,1,7.071,5.644
E,4,45,50,4,6,1800,13.777,55.0,72583.0,1,7.071,5.644
E,4,45,50,4,7,2100,14.847,41.8,67353.7,1,7.071,5.644
E,4,45,50,4,8,2400,16.031,46.6,62377.8,1,7.071,5.644
E,4,45,50,4,9,2700,19.313,133.2,51777.7,1,7.071,5.644
E,4,45,50,4,10,3000,20.256,58.4,49368.1,1,7.071,5.644
E,4,45,50,4,11,3300,26.653,72.9,37519.2,1,7.071,5.644
E,4,45,50,4,12,3600,23.363,73.8,42802.7,1,7.071,5.644
E,4,45,50,4,13,3900,24.854,79.9,40235.5,1,7.071,5.644
E,4,45,50,4,14,4200,29.377,89.1,34040.2,1,7.071,5.644
E,4,45,50,4,15,4500,32.397,96.7,30867.1,1,7.071,5.644
E,4,45,50,4,16,4800,29.037,97.7,34438.8,1,7.071,5.644
E,4,45,50,4,17,5100,30.107,99.0,33214.5,1,7.071,5.644
E,4,45,50,4,18,5400,32.258,108.3,31000.1,1,7.071,5.644
E,4,45,50,4,19,5700,33.512,114.9,29839.8,1,7.071,5.644
E,4,45,50,4,20,6000,35.28,119.9,28344.7,1,7.071,5.644
E,4,45,50,4,21,6300,29.736,150.2,33628.9,1,7.071,5.644
E,4,45,50,4,22,6600,7.93,25.1,126108.6,1,7.071,5.644
E,4,45,50,4,23,6900,6.622,50.7,151019.5,1,7.071,5.644
E,4,45,50,4,24,7200,7.161,49.8,139638.8,1,7.071,5.644
E,4,45,50,4,25,7500,9.088,50.5,110031.2,1,7.071,5.644
E,4,45,50,4,26,7800,10.214,50.6,97908.0,1,7.071,5.644
E,4,45,50,4,27,8100,12.691,52.8,78793.9,1,7.071,5.644
E,4,45,50,4,28,8400,13.302,34.9,75176.7,1,7.071,5.644
E,4,45,50,4,29,8700,6.291,19.9,158948.8,1,7.071,5.644
E,4,45,50,4,30,9000,7.15,19.6,139860.1,1,7.071,5.644
E,4,45,50,4,31,9300,14.848,62.2,67347.6,1,7.071,5.644
E,4,45,50,4,32,9600,11.482,50.1,87092.8,1,7.071,5.644
E,4,45,50,4,33,9900,12.714,36.0,78651.4,1,7.071,5.644
E,4,45,50,4,34,10200,15.687,39.4,63747.1,1,7.071,5.644
E,4,45,50,4,35,10500,18.446,54.5,54212.3,1,7.071,5.644
E,4,45,50,4,36,10800,18.174,52.3,55023.7,1,7.071,5.644
E,4,45,50,4,37,11100,22.393,59.9,44656.1,1,7.071,5.644
E,4,45,50,4,38,11400,22.852,64.0,43759.2,1,7.071,5.644
E,4,45,50,4,39,11700,7.173,37.8,139418.2,1,7.071,5.644
E,4,45,50,4,40,12000,9.027,51.4,110774.7,1,7.071,5.644
E,4,45,50,5,1,300,17.226,136.5,58052.9,1,7.071,5.644
E,4,45,50,5,2,600,5.863,12.8,170570.8,1,7.071,5.644
E,4,45,50,5,3,900,7.803,16.9,128150.3,1,7.071,5.644
E,4,45,50,5,4,1200,8.671,22.6,115331.4,1,7.071,5.644
E,4,45,50,5,5,1500,10.958,30.1,91260.3,1,7.071,5.644
E,4,45,50,5,6,1800,13.514,38.6,73995.5,1,7.071,5.644
E,4,45,50,5,7,2100,15.006,42.1,66640.0,1,7.071,5.644
E,4,45,50,5,8,2400,16.155,47.0,61900.3,1,7.071,5.644
E,4,45,50,5,9,2700,19.435,131.5,51454.5,1,7.071,5.644
E,4,45,50,5,10,3000,20.391,58.8,49042.0,1,7.071,5.644
E,4,45,50,5,11,3300,26.194,65.3,38176.7,1,7.071,5.644
E,4,45,50,5,12,3600,23.454,74.0,42636.0,1,7.071,5.644
E,4,45,50,5,13,3900,25.26,87.1,39587.8,1,7.071,5.644
E,4,45,50,5,14,4200,26.387,83.5,37897.9,1,7.071,5.644
E,4,45,50,5,15,4500,31.374,98.0,31873.9,1,7.071,5.644
E,4,45,50,5,16,4800,29.112,98.4,34349.7,1,7.071,5.644
E,4,45,50,5,17,5100,30.265,103.6,33041.1,1,7.071,5.644
E,4,45,50,5,18,5400,32.489,111.1,30780.0,1,7.071,5.644
E,4,45,50,5,19,5700,33.921,115.7,29480.6,1,7.071,5.644
E,4,45,50,5,20,6000,35.122,120.2,28472.2,1,7.071,5.644
E,4,45,50,5,21,6300,30.108,157.4,33214.1,1,7.071,5.644
E,4,45,50,5,22,6600,7.935,24.9,126018.7,1,7.071,5.644
E,4,45,50,5,23,6900,6.597,50.0,151576.4,1,7.071,5.644
E,4,45,50,5,24,7200,7.227,49.4,138370.0,1,7.071,5.644
E,4,45,50,5,25,7500,9.033,50.4,110709.3,1,7.071,5.644
E,4,45,50,5,26,7800,10.135,49.4,98664.7,1,7.071,5.644
E,4,45,50,5,27,8100,13.582,54.5,73628.7,1,7.071,5.644
E,4,45,50,5,28,8400,13.297,35.2,75203.1,1,7.071,5.644
E,4,45,50,5,29,8700,6.279,19.6,159252.6,1,7.071,5.644
E,4,45,50,5,30,9000,7.161,19.6,139651.8,1,7.071,5.644
E,4,45,50,5,31,9300,15.284,68.0,65427.9,1,7.071,5.644
E,4,45,50,5,32,9600,11.407,50.6,87668.0,1,7.071,5.644
E,4,45,50,5,33,9900,12.747,32.6,78451.9,1,7.071,5.644
E,4,45,50,5,34,10200,15.748,39.5,63501.5,1,7.071,5.644
E,4,45,50,5,35,10500,18.216,56.9,54896.8,1,7.071,5.644
E,4,45,50,5,36,10800,18.124,52.2,55176.5,1,7.071,5.644
E,4,45,50,5,37,11100,22.135,60.3,45178.0,1,7.071,5.644
E,4,45,50,5,38,11400,22.767,58.7,43923.9,1,7.071,5.644
E,4,45,50,5,39,11700,7.221,36.8,138478.6,1,7.071,5.644
E,4,45,50,5,40,12000,8.995,50.9,111177.0,1,7.071,5.644
E,4,45,50,6,1,300,19.096,129.3,52366.1,1,7.071,5.644
E,4,45,50,6,2,600,5.919,14.4,168947.4,1,7.071,5.644
E,4,45,50,6,3,900,7.736,16.6,129271.3,1,7.071,5.644
E,4,45,50,6,4,1200,8.52,22.5,117366.3,1,7.071,5.644
E,4,45,50,6,5,1500,10.721,29.7,93272.0,1,7.071,5.644
E,4,45,50,6,6,1800,13.156,39.3,76010.9,1,7.071,5.644
E,4,45,50,6,7,2100,14.643,41.3,68290.5,1,7.071,5.644
E,4,45,50,6,8,2400,16.221,49.7,61648.5,1,7.071,5.644
E,4,45,50,6,9,2700,19.414,131.0,51510.1,1,7.071,5.644
E,4,45,50,6,10,3000,20.154,58.2,49617.1,1,7.071,5.644
E,4,45,50,6,11,3300,26.1,64.5,38313.7,1,7.071,5.644
E,4,45,50,6,12,3600,23.889,79.3,41860.3,1,7.071,5.644
E,4,45,50,6,13,3900,24.461,75.0,40882.0,1,7.071,5.644
E,4,45,50,6,14,4200,27.41,88.7,36483.0,1,7.071,5.644
E,4,45,50,6,15,4500,31.187,91.5,32065.0,1,7.071,5.644
E,4,45,50,6,16,4800,28.973,102.8,34515.3,1,7.071,5.644
E,4,45,50,6,17,5100,29.796,99.1,33561.9,1,7.071,5.644
E,4,45,50,6,18,5400,31.37,109.0,31877.9,1,7.071,5.644
E,4,45,50,6,19,5700,35.392,120.6,28255.0,1,7.071,5.644
E,4,45,50,6,20,6000,35.02,120.9,28554.8,1,7.071,5.644
E,4,45,50,6,21,6300,29.164,152.1,34289.2,1,7.071,5.644
E,4,45,50,6,22,6600,8.335,29.9,119976.0,1,7.071,5.644
E,4,45,50,6,23,6900,6.687,52.8,149543.9,1,7.071,5.644
E,4,45,50,6,24,7200,7.2,50.8,138882.4,1,7.071,5.644
E,4,45,50,6,25,7500,9.079,50.1,110144.3,1,7.071,5.644
E,4,45,50,6,26,7800,10.143,50.1,98593.4,1,7.071,5.644
E,4,45,50,6,27,8100,12.321,50.1,81164.4,1,7.071,5.644
E,4,45,50,6,28,8400,13.41,56.6,74571.2,1,7.071,5.644
E,4,45,50,6,29,8700,6.27,19.8,159481.2,1,7.071,5.644
E,4,45,50,6,30,9000,7.082,19.7,141196.4,1,7.071,5.644
E,4,45,50,6,31,9300,14.088,56.5,70984.1,1,7.071,5.644
E,4,45,50,6,32,9600,12.041,55.8,83047.3,1,7.071,5.644
E,4,45,50,6,33,9900,12.654,32.6,79028.5,1,7.071,5.644
E,4,45,50,6,34,10200,15.724,39.4,63597.0,1,7.071,5.644
E,4,45,50,6,35,10500,18.179,53.7,55009.5,1,7.071,5.644
E,4,45,50,6,36,10800,18.181,52.3,55002.5,1,7.071,5.644
E,4,45,50,6,37,11100,21.462,55.6,46593.3,1,7.071,5.644
E,4,45,50,6,38,11400,23.742,61.7,42120.0,1,7.071,5.644
E,4,45,50,6,39,11700,7.241,37.0,138096.1,1,7.071,5.644
E,4,45,50,6,40,12000,9.073,53.4,110221.1,1,7.071,5.644
E,4,45,50,8,1,300,16.564,126.3,60373.1,1,7.071,5.644
E,4,45,50,8,2,600,5.843,12.3,171135.2,1,7.071,5.644
E,4,45,50,8,3,900,7.724,17.4,129461.0,1,7.071,5.644
E,4,45,50,8,4,1200,8.471,22.4,118049.8,1,7.071,5.644
E,4,45,50,8,5,1500,11.249,29.9,88894.2,1,7.071,5.644
E,4,45,50,8,6,1800,12.757,35.4,78388.3,1,7.071,5.644
E,4,45,50,8,7,2100,14.688,41.9,68082.8,1,7.071,5.644
E,4,45,50,8,8,2400,16.613,50.4,60192.6,1,7.071,5.644
E,4,45,50,8,9,2700,18.666,129.8,53573.3,1,7.071,5.644
E,4,45,50,8,10,3000,20.091,58.4,49772.7,1,7.071,5.644
E,4,45,50,8,11,3300,26.423,68.7,37845.8,1,7.071,5.644
E,4,45,50,8,12,3600,23.295,74.6,42927.7,1,7.071,5.644
E,4,45,50,8,13,3900,24.991,80.2,40013.9,1,7.071,5.644
E,4,45,50,8,14,4200,26.082,81.8,38340.1,1,7.071,5.644
E,4,45,50,8,15,4500,31.19,91.5,32061.6,1,7.071,5.644
E,4,45,50,8,16,4800,29.642,104.7,33736.3,1,7.071,5.644
E,4,45,50,8,17,5100,29.303,99.3,34126.6,1,7.071,5.644
E,4,45,50,8,18,5400,32.247,111.1,31010.6,1,7.071,5.644
E,4,45,50,8,19,5700,33.325,115.2,30007.2,1,7.071,5.644
E,4,45,50,8,20,6000,34.588,120.1,28911.8,1,7.071,5.644
E,4,45,50,8,21,6300,30.558,144.6,32724.3,1,7.071,5.644
E,4,45,50,8,22,6600,7.98,25.1,125308.0,1,7.071,5.644
E,4,45,50,8,23,6900,6.744,62.9,148272.6,1,7.071,5.644
E,4,45,50,8,24,7200,7.236,50.3,138197.9,1,7.071,5.644
E,4,45,50,8,25,7500,9.165,51.3,109106.8,1,7.071,5.644
E,4,45,50,8,26,7800,10.468,51.1,95526.2,1,7.071,5.644
E,4,45,50,8,27,8100,12.297,51.5,81322.8,1,7.071,5.644
E,4,45,50,8,28,8400,13.212,35.4,75688.8,1,7.071,5.644
E,4,45,50,8,29,8700,6.338,19.1,157786.8,1,7.071,5.644
E,4,45,50,8,30,9000,7.099,19.0,140871.5,1,7.071,5.644
E,4,45,50,8,31,9300,15.186,58.4,65851.6,1,7.071,5.644
E,4,45,50,8,32,9600,11.38,50.4,87873.5,1,7.071,5.644
E,4,45,50,8,33,9900,12.62,37.9,79239.3,1,7.071,5.644
E,4,45,50,8,34,10200,16.392,42.6,61004.1,1,7.071,5.644
E,4,45,50,8,35,10500,17.687,52.8,56538.7,1,7.071,5.644
E,4,45,50,8,36,10800,18.064,52.5,55357.7,1,7.071,5.644
E,4,45,50,8,37,11100,21.731,56.0,46017.2,1,7.071,5.644
E,4,45,50,8,38,11400,22.696,58.6,44060.0,1,7.071,5.644
E,4,45,50,8,39,11700,7.143,36.2,139990.7,1,7.071,5.644
E,4,45,50,8,40,12000,9.477,52.1,105522.3,1,7.071,5.644
E,4,45,50,10,1,300,17.565,128.9,56930.3,1,7.071,5.644
E,4,45,50,10,2,600,5.874,12.0,170241.8,1,7.071,5.644
E,4,45,50,10,3,900,7.789,16.9,128386.2,1,7.071,5.644
E,4,45,50,10,4,1200,8.573,23.5,116649.8,1,7.071,5.644
E,4,45,50,10,5,1500,11.173,32.4,89504.1,1,7.071,5.644
E,4,45,50,10,6,1800,12.931,35.9,77333.5,1,7.071,5.644
E,4,45,50,10,7,2100,14.705,41.6,68002.5,1,7.071,5.644
E,4,45,50,10,8,2400,16.351,50.0,61159.6,1,7.071,5.644
E,4,45,50,10,9,2700,19.984,130.6,50040.0,1,7.071,5.644
E,4,45,50,10,10,3000,20.214,58.9,49469.9,1,7.071,5.644
E,4,45,50,10,11,3300,26.334,66.2,37973.2,1,7.071,5.644
E,4,45,50,10,12,3600,23.539,74.3,42482.1,1,7.071,5.644
E,4,45,50,10,13,3900,24.936,80.5,40102.1,1,7.071,5.644
E,4,45,50,10,14,4200,26.001,82.2,38460.6,1,7.071,5.644
E,4,45,50,10,15,4500,31.212,94.9,32038.6,1,7.071,5.644
E,4,45,50,10,16,4800,28.933,98.3,34562.6,1,7.071,5.644
E,4,45,50,10,17,5100,30.269,99.5,33037.5,1,7.071,5.644
E,4,45,50,10,18,5400,32.059,111.0,31192.5,1,7.071,5.644
E,4,45,50,10,19,5700,33.47,115.8,29877.2,1,7.071,5.644
E,4,45,50,10,20,6000,35.051,120.8,28529.9,1,7.071,5.644
E,4,45,50,10,21,6300,31.839,172.0,31408.4,1,7.071,5.644
E,4,45,50,10,22,6600,8.103,25.7,123411.1,1,7.071,5.644
E,4,45,50,10,23,6900,6.762,52.6,147878.0,1,7.071,5.644
E,4,45,50,10,24,7200,7.305,51.4,136886.3,1,7.071,5.644
E,4,45,50,10,25,7500,9.265,51.6,107937.0,1,7.071,5.644
E,4,45,50,10,26,7800,10.607,52.5,94277.3,1,7.071,5.644
E,4,45,50,10,27,8100,12.075,50.3,82818.0,1,7.071,5.644
E,4,45,50,10,28,8400,13.533,55.3,73893.5,1,7.071,5.644
E,4,45,50,10,29,8700,6.311,21.7,158461.9,1,7.071,5.644
E,4,45,50,10,30,9000,7.143,19.0,140003.7,1,7.071,5.644
E,4,45,50,10,31,9300,15.074,58.5,66340.9,1,7.071,5.644
E,4,45,50,10,32,9600,11.411,51.3,87637.3,1,7.071,5.644
E,4,45,50,10,33,9900,12.675,33.0,78897.5,1,7.071,5.644
E,4,45,50,10,34,10200,16.157,52.3,61892.7,1,7.071,5.644
E,4,45,50,10,35,10500,17.75,51.7,56338.0,1,7.071,5.644
E,4,45,50,10,36,10800,18.205,52.8,54930.0,1,7.071,5.644
E,4,45,50,10,37,11100,21.888,56.1,45686.4,1,7.071,5.644
E,4,45,50,10,38,11400,22.778,59.5,43901.4,1,7.071,5.644
E,4,45,50,10,39,11700,7.207,36.4,138760.4,1,7.071,5.644
E,4,45,50,10,40,12000,9.532,53.8,104906.1,1,7.071,5.644
E,4,45,50,14,1,300,17.033,126.5,58708.4,1,7.071,5.644
E,4,45,50,14,2,600,5.859,12.1,170687.3,1,7.071,5.644
E,4,45,50,14,3,900,8.41,23.1,118901.3,1,7.071,5.644
E,4,45,50,14,4,1200,8.665,22.7,115402.4,1,7.071,5.644
E,4,45,50,14,5,1500,10.741,30.0,93098.3,1,7.071,5.644
E,4,45,50,14,6,1800,12.875,35.8,77667.9,1,7.071,5.644
E,4,45,50,14,7,2100,15.318,44.9,65282.7,1,7.071,5.644
E,4,45,50,14,8,2400,16.085,47.0,62169.7,1,7.071,5.644
E,4,45,50,14,9,2700,18.576,129.4,53831.9,1,7.071,5.644
E,4,45,50,14,10,3000,21.076,73.4,47446.6,1,7.071,5.644
E,4,45,50,14,11,3300,25.747,64.8,38839.0,1,7.071,5.644
E,4,45,50,14,12,3600,24.938,89.9,40098.9,1,7.071,5.644
E,4,45,50,14,13,3900,24.285,75.6,41178.2,1,7.071,5.644
E,4,45,50,14,14,4200,27.114,83.7,36881.3,1,7.071,5.644
E,4,45,50,14,15,4500,30.455,90.8,32835.7,1,7.071,5.644
E,4,45,50,14,16,4800,29.54,104.7,33852.0,1,7.071,5.644
E,4,45,50,14,17,5100,29.825,98.9,33528.9,1,7.071,5.644
E,4,45,50,14,18,5400,31.213,110.9,32037.6,1,7.071,5.644
E,4,45,50,14,19,5700,34.012,116.0,29401.7,1,7.071,5.644
E,4,45,50,14,20,6000,34.747,120.6,28779.7,1,7.071,5.644
E,4,45,50,14,21,6300,30.895,144.5,32367.7,1,7.071,5.644
E,4,45,50,14,22,6600,7.871,23.9,127054.0,1,7.071,5.644
E,4,45,50,14,23,6900,6.73,50.4,148588.4,1,7.071,5.644
E,4,45,50,14,24,7200,7.888,52.1,126769.5,1,7.071,5.644
E,4,45,50,14,25,7500,9.331,50.6,107173.5,1,7.071,5.644
E,4,45,50,14,26,7800,10.256,50.1,97500.8,1,7.071,5.644
E,4,45,50,14,27,8100,15.302,50.0,65349.5,1,7.071,5.644
E,4,45,50,14,28,8400,13.566,51.6,73711.9,1,7.071,5.644
E,4,45,50,14,29,8700,6.391,19.7,156478.2,1,7.071,5.644
E,4,45,50,14,30,9000,7.159,19.5,139690.8,1,7.071,5.644
E,4,45,50,14,31,9300,14.108,55.4,70880.1,1,7.071,5.644
E,4,45,50,14,32,9600,11.951,50.8,83677.3,1,7.071,5.644
E,4,45,50,14,33,9900,13.071,33.4,76505.3,1,7.071,5.644
E,4,45,50,14,34,10200,15.831,42.0,63168.5,1,7.071,5.644
E,4,45,50,14,35,10500,17.837,50.7,56063.2,1,7.071,5.644
E,4,45,50,14,36,10800,18.415,54.6,54304.5,1,7.071,5.644
E,4,45,50,14,37,11100,21.52,56.6,46468.4,1,7.071,5.644
E,4,45,50,14,38,11400,23.205,58.6,43094.8,1,7.071,5.644
E,4,45,50,14,39,11700,7.251,36.4,137918.4,1,7.071,5.644
E,4,45,50,14,40,12000,9.026,51.5,110795.1,1,7.071,5.644
E,4,45,50,20,1,300,18.599,130.6,53766.3,1,7.071,5.644
E,4,45,50,20,2,600,6.062,12.7,164971.1,1,7.071,5.644
E,4,45,50,20,3,900,7.876,17.7,126968.0,1,7.071,5.644
E,4,45,50,20,4,1200,8.713,23.3,114766.7,1,7.071,5.644
E,4,45,50,20,5,1500,10.89,30.8,91827.4,1,7.071,5.644
E,4,45,50,20,6,1800,13.551,37.6,73797.1,1,7.071,5.644
E,4,45,50,20,7,2100,14.926,42.6,66998.7,1,7.071,5.644
E,4,45,50,20,8,2400,16.276,49.8,61440.2,1,7.071,5.644
E,4,45,50,20,9,2700,19.508,139.3,51261.9,1,7.071,5.644
E,4,45,50,20,10,3000,20.199,58.9,49506.6,1,7.071,5.644
E,4,45,50,20,11,3300,26.504,97.8,37729.7,1,7.071,5.644
E,4,45,50,20,12,3600,23.602,77.8,42369.9,1,7.071,5.644
E,4,45,50,20,13,3900,25.111,80.3,39823.7,1,7.071,5.644
E,4,45,50,20,14,4200,26.235,83.0,38117.0,1,7.071,5.644
E,4,45,50,20,15,4500,31.179,93.9,32073.2,1,7.071,5.644
E,4,45,50,20,16,4800,28.958,98.7,34533.2,1,7.071,5.644
E,4,45,50,20,17,5100,30.057,99.7,33270.5,1,7.071,5.644
E,4,45,50,20,18,5400,31.682,111.1,31563.7,1,7.071,5.644
E,4,45,50,20,19,5700,33.564,115.8,29793.5,1,7.071,5.644
E,4,45,50,20,20,6000,34.648,120.8,28861.4,1,7.071,5.644
E,4,45,50,20,21,6300,32.56,161.9,30712.8,1,7.071,5.644
E,4,45,50,20,22,6600,8.278,25.5,120797.2,1,7.071,5.644
E,4,45,50,20,23,6900,6.929,53.6,144314.0,1,7.071,5.644
E,4,45,50,20,24,7200,7.422,50.5,134728.5,1,7.071,5.644
E,4,45,50,20,25,7500,9.391,51.8,106488.7,1,7.071,5.644
E,4,45,50,20,26,7800,10.335,51.3,96755.5,1,7.071,5.644
E,4,45,50,20,27,8100,13.195,56.0,75788.2,1,7.071,5.644
E,4,45,50,20,28,8400,13.463,35.9,74279.5,1,7.071,5.644
E,4,45,50,20,29,8700,6.471,19.9,154543.6,1,7.071,5.644
E,4,45,50,20,30,9000,7.329,19.6,136444.2,1,7.071,5.644
E,4,45,50,20,31,9300,14.684,60.4,68099.8,1,7.071,5.644
E,4,45,50,20,32,9600,11.525,51.4,86767.9,1,7.071,5.644
E,4,45,50,20,33,9900,12.733,33.7,78534.0,1,7.071,5.644
E,4,45,50,20,34,10200,15.823,45.3,63199.1,1,7.071,5.644
E,4,45,50,20,35,10500,18.263,53.3,54756.5,1,7.071,5.644
E,4,45,50,20,36,10800,18.23,53.2,54855.6,1,7.071,5.644
E,4,45,50,20,37,11100,22.135,59.5,45177.3,1,7.071,5.644
E,4,45,50,20,38,11400,22.987,62.6,43503.5,1,7.071,5.644
E,4,45,50,20,39,11700,7.284,36.5,137280.9,1,7.071,5.644
E,4,45,50,20,40,12000,9.163,53.3,109138.5,1,7.071,5.644
E,4,45,100,2,1,300,21.873,78.3,45719.2,1,10.0,6.644
E,4,45,100,2,2,600,9.806,20.6,101974.9,1,10.0,6.644
E,4,45,100,2,3,900,9.325,26.9,107242.4,1,10.0,6.644
E,4,45,100,2,4,1200,9.493,27.4,105344.5,1,10.0,6.644
E,4,45,100,2,5,1500,11.06,28.8,90418.6,1,10.0,6.644
E,4,45,100,2,6,1800,12.129,29.0,82444.8,1,10.0,6.644
E,4,45,100,2,7,2100,13.89,32.7,71994.2,1,10.0,6.644
E,4,45,100,2,8,2400,15.347,43.7,65157.9,1,10.0,6.644
E,4,45,100,2,9,2700,18.163,76.5,55056.0,1,10.0,6.644
E,4,45,100,2,10,3000,17.714,49.4,56451.5,1,10.0,6.644
E,4,45,100,2,11,3300,25.375,53.7,39408.9,1,10.0,6.644
E,4,45,100,2,12,3600,20.625,56.4,48484.8,1,10.0,6.644
E,4,45,100,2,13,3900,23.297,74.3,42924.6,1,10.0,6.644
E,4,45,100,2,14,4200,23.803,64.7,42012.1,1,10.0,6.644
E,4,45,100,2,15,4500,29.401,84.2,34012.1,1,10.0,6.644
E,4,45,100,2,16,4800,19.723,82.4,50701.4,1,10.0,6.644
E,4,45,100,2,17,5100,9.769,73.9,102364.6,1,10.0,6.644
E,4,45,100,2,18,5400,10.897,34.9,91771.2,1,10.0,6.644
E,4,45,100,2,19,5700,12.433,75.4,80433.3,1,10.0,6.644
E,4,45,100,2,20,6000,13.243,28.6,75509.7,1,10.0,6.644
E,4,45,100,2,21,6300,17.176,81.4,58219.6,1,10.0,6.644
E,4,45,100,2,22,6600,9.985,18.5,100153.6,1,10.0,6.644
E,4,45,100,2,23,6900,12.668,69.9,78941.1,1,10.0,6.644
E,4,45,100,2,24,7200,14.552,30.1,68717.5,1,10.0,6.644
E,4,45,100,2,25,7500,16.889,37.9,59209.0,1,10.0,6.644
E,4,45,100,2,26,7800,19.414,43.0,51510.1,1,10.0,6.644
E,4,45,100,2,27,8100,22.917,53.1,43635.7,1,10.0,6.644
E,4,45,100,2,28,8400,24.574,53.3,40693.4,1,10.0,6.644
E,4,45,100,2,29,8700,27.657,68.6,36156.8,1,10.0,6.644
E,4,45,100,2,30,9000,29.747,73.9,33617.2,1,10.0,6.644
E,4,45,100,2,31,9300,35.157,93.1,28443.8,1,10.0,6.644
E,4,45,100,2,32,9600,28.896,57.7,34606.5,1,10.0,6.644
E,4,45,100,2,33,9900,32.833,69.6,30456.9,1,10.0,6.644
E,4,45,100,2,34,10200,35.553,82.1,28127.3,1,10.0,6.644
E,4,45,100,2,35,10500,36.808,78.3,27168.0,1,10.0,6.644
E,4,45,100,2,36,10800,38.918,74.5,25694.8,1,10.0,6.644
E,4,45,100,2,37,11100,40.957,79.8,24416.0,1,10.0,6.644
E,4,45,100,2,38,11400,43.636,89.0,22916.9,1,10.0,6.644
E,4,45,100,2,39,11700,45.404,96.4,22024.7,1,10.0,6.644
E,4,45,100,2,40,12000,47.671,135.7,20977.3,1,10.0,6.644
E,4,45,100,3,1,300,21.397,75.3,46735.5,1,10.0,6.644
E,4,45,100,3,2,600,9.227,19.9,108381.5,1,10.0,6.644
E,4,45,100,3,3,900,8.764,26.3,114098.8,1,10.0,6.644
E,4,45,100,3,4,1200,8.796,24.5,113688.0,1,10.0,6.644
E,4,45,100,3,5,1500,11.549,38.4,86587.6,1,10.0,6.644
E,4,45,100,3,6,1800,12.041,29.9,83047.3,1,10.0,6.644
E,4,45,100,3,7,2100,13.38,33.2,74740.3,1,10.0,6.644
E,4,45,100,3,8,2400,14.661,46.2,68209.7,1,10.0,6.644
E,4,45,100,3,9,2700,17.646,76.8,56671.1,1,10.0,6.644
E,4,45,100,3,10,3000,17.071,47.3,58577.7,1,10.0,6.644
E,4,45,100,3,11,3300,24.772,54.2,40368.7,1,10.0,6.644
E,4,45,100,3,12,3600,20.012,56.1,49969.2,1,10.0,6.644
E,4,45,100,3,13,3900,22.018,59.1,45417.4,1,10.0,6.644
E,4,45,100,3,14,4200,23.001,65.0,43475.7,1,10.0,6.644
E,4,45,100,3,15,4500,24.686,70.7,40509.3,1,10.0,6.644
E,4,45,100,3,16,4800,19.67,84.2,50838.8,1,10.0,6.644
E,4,45,100,3,17,5100,9.181,73.4,108924.6,1,10.0,6.644
E,4,45,100,3,18,5400,9.517,19.6,105075.1,1,10.0,6.644
E,4,45,100,3,19,5700,12.235,77.3,81732.7,1,10.0,6.644
E,4,45,100,3,20,6000,12.486,28.6,80091.8,1,10.0,6.644
E,4,45,100,3,21,6300,15.886,76.0,62947.2,1,10.0,6.644
E,4,45,100,3,22,6600,9.149,17.0,109305.5,1,10.0,6.644
E,4,45,100,3,23,6900,12.447,65.0,80338.5,1,10.0,6.644
E,4,45,100,3,24,7200,13.524,30.0,73940.8,1,10.0,6.644
E,4,45,100,3,25,7500,15.422,37.6,64843.8,1,10.0,6.644
E,4,45,100,3,26,7800,19.536,56.2,51187.6,1,10.0,6.644
E,4,45,100,3,27,8100,20.653,56.4,48419.9,1,10.0,6.644
E,4,45,100,3,28,8400,23.131,57.8,43232.0,1,10.0,6.644
E,4,45,100,3,29,8700,25.64,65.9,39001.1,1,10.0,6.644
E,4,45,100,3,30,9000,28.375,76.2,35242.3,1,10.0,6.644
E,4,45,100,3,31,9300,28.843,84.7,34670.5,1,10.0,6.644
E,4,45,100,3,32,9600,21.117,65.3,47354.5,1,10.0,6.644
E,4,45,100,3,33,9900,22.251,53.8,44941.1,1,10.0,6.644
E,4,45,100,3,34,10200,24.521,70.3,40781.4,1,10.0,6.644
E,4,45,100,3,35,10500,25.783,63.0,38785.2,1,10.0,6.644
E,4,45,100,3,36,10800,28.219,79.9,35437.5,1,10.0,6.644
E,4,45,100,3,37,11100,28.784,73.1,34741.9,1,10.0,6.644
E,4,45,100,3,38,11400,30.598,79.5,32682.2,1,10.0,6.644
E,4,45,100,3,39,11700,31.537,79.6,31708.5,1,10.0,6.644
E,4,45,100,3,40,12000,34.373,110.8,29092.6,1,10.0,6.644
E,4,45,100,4,1,300,20.16,75.0,49602.4,1,10.0,6.644
E,4,45,100,4,2,600,8.716,25.4,114735.9,1,10.0,6.644
E,4,45,100,4,3,900,7.781,29.7,128512.7,1,10.0,6.644
E,4,45,100,4,4,1200,7.238,25.4,138153.4,1,10.0,6.644
E,4,45,100,4,5,1500,8.889,28.4,112494.4,1,10.0,6.644
E,4,45,100,4,6,1800,10.401,27.0,96147.7,1,10.0,6.644
E,4,45,100,4,7,2100,12.021,34.6,83185.4,1,10.0,6.644
E,4,45,100,4,8,2400,11.982,34.3,83456.2,1,10.0,6.644
E,4,45,100,4,9,2700,15.468,76.5,64649.6,1,10.0,6.644
E,4,45,100,4,10,3000,14.99,44.9,66712.6,1,10.0,6.644
E,4,45,100,4,11,3300,22.348,50.2,44746.1,1,10.0,6.644
E,4,45,100,4,12,3600,17.89,52.8,55896.1,1,10.0,6.644
E,4,45,100,4,13,3900,19.821,57.2,50451.5,1,10.0,6.644
E,4,45,100,4,14,4200,20.217,61.2,49463.3,1,10.0,6.644
E,4,45,100,4,15,4500,21.424,66.1,46676.6,1,10.0,6.644
E,4,45,100,4,16,4800,17.421,82.6,57400.9,1,10.0,6.644
E,4,45,100,4,17,5100,7.586,74.0,131816.0,1,10.0,6.644
E,4,45,100,4,18,5400,7.695,17.0,129960.2,1,10.0,6.644
E,4,45,100,4,19,5700,9.796,73.1,102079.0,1,10.0,6.644
E,4,45,100,4,20,6000,11.053,44.9,90473.2,1,10.0,6.644
E,4,45,100,4,21,6300,14.006,78.4,71398.0,1,10.0,6.644
E,4,45,100,4,22,6600,7.181,15.1,139249.9,1,10.0,6.644
E,4,45,100,4,23,6900,9.592,57.5,104257.2,1,10.0,6.644
E,4,45,100,4,24,7200,11.592,38.6,86263.9,1,10.0,6.644
E,4,45,100,4,25,7500,12.8,34.7,78123.0,1,10.0,6.644
E,4,45,100,4,26,7800,15.078,39.9,66320.3,1,10.0,6.644
E,4,45,100,4,27,8100,17.029,47.8,58722.2,1,10.0,6.644
E,4,45,100,4,28,8400,19.596,54.3,51031.7,1,10.0,6.644
E,4,45,100,4,29,8700,21.752,62.4,45972.8,1,10.0,6.644
E,4,45,100,4,30,9000,24.059,71.9,41565.1,1,10.0,6.644
E,4,45,100,4,31,9300,22.824,81.8,43814.2,1,10.0,6.644
E,4,45,100,4,32,9600,14.181,45.0,70516.9,1,10.0,6.644
E,4,45,100,4,33,9900,15.794,37.7,63316.5,1,10.0,6.644
E,4,45,100,4,34,10200,16.092,34.8,62144.0,1,10.0,6.644
E,4,45,100,4,35,10500,17.639,52.4,56692.6,1,10.0,6.644
E,4,45,100,4,36,10800,17.762,38.4,56301.0,1,10.0,6.644
E,4,45,100,4,37,11100,18.838,40.3,53083.2,1,10.0,6.644
E,4,45,100,4,38,11400,20.642,45.3,48444.1,1,10.0,6.644
E,4,45,100,4,39,11700,20.706,46.2,48294.4,1,10.0,6.644
E,4,45,100,4,40,12000,20.81,72.6,48053.8,1,10.0,6.644
E,4,45,100,5,1,300,21.27,79.9,47015.3,1,10.0,6.644
E,4,45,100,5,2,600,7.991,22.4,125135.6,1,10.0,6.644
E,4,45,100,5,3,900,7.214,27.5,138619.3,1,10.0,6.644
E,4,45,100,5,4,1200,7.337,25.3,136301.7,1,10.0,6.644
E,4,45,100,5,5,1500,8.867,27.0,112773.5,1,10.0,6.644
E,4,45,100,5,6,1800,10.119,26.5,98827.2,1,10.0,6.644
E,4,45,100,5,7,2100,12.596,34.8,79390.3,1,10.0,6.644
E,4,45,100,5,8,2400,12.088,35.4,82726.7,1,10.0,6.644
E,4,45,100,5,9,2700,15.514,76.8,64457.9,1,10.0,6.644
E,4,45,100,5,10,3000,15.761,46.9,63449.1,1,10.0,6.644
E,4,45,100,5,11,3300,21.884,50.6,45694.8,1,10.0,6.644
E,4,45,100,5,12,3600,17.912,52.8,55828.5,1,10.0,6.644
E,4,45,100,5,13,3900,19.759,56.4,50609.0,1,10.0,6.644
E,4,45,100,5,14,4200,20.299,61.0,49262.7,1,10.0,6.644
E,4,45,100,5,15,4500,22.92,76.5,43629.4,1,10.0,6.644
E,4,45,100,5,16,4800,17.219,77.9,58075.4,1,10.0,6.644
E,4,45,100,5,17,5100,7.589,73.2,131775.4,1,10.0,6.644
E,4,45,100,5,18,5400,7.7,17.2,129864.5,1,10.0,6.644
E,4,45,100,5,19,5700,10.399,73.4,96166.2,1,10.0,6.644
E,4,45,100,5,20,6000,10.652,25.8,93882.0,1,10.0,6.644
E,4,45,100,5,21,6300,14.189,74.4,70475.5,1,10.0,6.644
E,4,45,100,5,22,6600,7.238,15.1,138166.1,1,10.0,6.644
E,4,45,100,5,23,6900,12.909,58.5,77463.3,1,10.0,6.644
E,4,45,100,5,24,7200,11.163,27.6,89581.6,1,10.0,6.644
E,4,45,100,5,25,7500,12.805,34.9,78096.5,1,10.0,6.644
E,4,45,100,5,26,7800,15.127,42.0,66107.0,1,10.0,6.644
E,4,45,100,5,27,8100,17.571,49.9,56912.0,1,10.0,6.644
E,4,45,100,5,28,8400,19.148,50.2,52225.7,1,10.0,6.644
E,4,45,100,5,29,8700,22.411,74.6,44621.6,1,10.0,6.644
E,4,45,100,5,30,9000,23.645,69.9,42292.2,1,10.0,6.644
E,4,45,100,5,31,9300,23.024,84.8,43432.3,1,10.0,6.644
E,4,45,100,5,32,9600,12.782,29.3,78237.1,1,10.0,6.644
E,4,45,100,5,33,9900,14.549,31.8,68733.2,1,10.0,6.644
E,4,45,100,5,34,10200,15.492,38.6,64549.4,1,10.0,6.644
E,4,45,100,5,35,10500,16.643,36.7,60086.5,1,10.0,6.644
E,4,45,100,5,36,10800,16.672,38.1,59979.6,1,10.0,6.644
E,4,45,100,5,37,11100,18.069,40.5,55342.4,1,10.0,6.644
E,4,45,100,5,38,11400,19.419,52.5,51496.8,1,10.0,6.644
E,4,45,100,5,39,11700,19.744,46.0,50648.3,1,10.0,6.644
E,4,45,100,5,40,12000,19.233,84.7,51994.9,1,10.0,6.644
E,4,45,100,6,1,300,20.517,76.3,48740.9,1,10.0,6.644
E,4,45,100,6,2,600,7.943,20.3,125897.0,1,10.0,6.644
E,4,45,100,6,3,900,7.474,26.7,133797.2,1,10.0,6.644
E,4,45,100,6,4,1200,7.535,25.8,132719.9,1,10.0,6.644
E,4,45,100,6,5,1500,8.962,27.2,111586.4,1,10.0,6.644
E,4,45,100,6,6,1800,10.442,27.7,95767.1,1,10.0,6.644
E,4,45,100,6,7,2100,11.551,30.4,86570.1,1,10.0,6.644
E,4,45,100,6,8,2400,12.805,50.0,78096.5,1,10.0,6.644
E,4,45,100,6,9,2700,15.744,77.1,63516.3,1,10.0,6.644
E,4,45,100,6,10,3000,15.108,44.6,66190.1,1,10.0,6.644
E,4,45,100,6,11,3300,22.331,74.1,44781.5,1,10.0,6.644
E,4,45,100,6,12,3600,18.01,53.4,55523.7,1,10.0,6.644
E,4,45,100,6,13,3900,19.204,55.6,52073.4,1,10.0,6.644
E,4,45,100,6,14,4200,21.394,72.2,46741.3,1,10.0,6.644
E,4,45,100,6,15,4500,21.483,66.4,46549.2,1,10.0,6.644
E,4,45,100,6,16,4800,17.912,80.0,55828.5,1,10.0,6.644
E,4,45,100,6,17,5100,7.72,73.9,129539.3,1,10.0,6.644
E,4,45,100,6,18,5400,7.804,17.5,128133.9,1,10.0,6.644
E,4,45,100,6,19,5700,9.799,76.3,102051.2,1,10.0,6.644
E,4,45,100,6,20,6000,10.556,26.0,94732.9,1,10.0,6.644
E,4,45,100,6,21,6300,14.956,74.2,66861.3,1,10.0,6.644
E,4,45,100,6,22,6600,7.246,16.6,138013.5,1,10.0,6.644
E,4,45,100,6,23,6900,9.645,60.7,103680.7,1,10.0,6.644
E,4,45,100,6,24,7200,10.989,27.6,91000.1,1,10.0,6.644
E,4,45,100,6,25,7500,13.21,42.3,75698.3,1,10.0,6.644
E,4,45,100,6,26,7800,15.137,42.0,66064.7,1,10.0,6.644
E,4,45,100,6,27,8100,16.959,47.7,58965.7,1,10.0,6.644
E,4,45,100,6,28,8400,19.559,54.7,51126.5,1,10.0,6.644
E,4,45,100,6,29,8700,21.665,62.4,46158.1,1,10.0,6.644
E,4,45,100,6,30,9000,24.695,92.1,40494.6,1,10.0,6.644
E,4,45,100,6,31,9300,21.547,82.1,46410.9,1,10.0,6.644
E,4,45,100,6,32,9600,10.762,26.9,92916.7,1,10.0,6.644
E,4,45,100,6,33,9900,12.095,30.3,82676.5,1,10.0,6.644
E,4,45,100,6,34,10200,13.078,43.1,76466.2,1,10.0,6.644
E,4,45,100,6,35,10500,13.545,33.2,73829.8,1,10.0,6.644
E,4,45,100,6,36,10800,13.618,35.4,73432.2,1,10.0,6.644
E,4,45,100,6,37,11100,16.409,49.6,60940.9,1,10.0,6.644
E,4,45,100,6,38,11400,15.472,39.0,64634.3,1,10.0,6.644
E,4,45,100,6,39,11700,16.027,40.5,62393.4,1,10.0,6.644
E,4,45,100,6,40,12000,16.361,68.6,61119.7,1,10.0,6.644
E,4,45,100,8,1,300,20.54,78.0,48684.7,1,10.0,6.644
E,4,45,100,8,2,600,7.45,20.0,134234.2,1,10.0,6.644
E,4,45,100,8,3,900,6.6,25.4,151522.8,1,10.0,6.644
E,4,45,100,8,4,1200,6.811,24.5,146828.5,1,10.0,6.644
E,4,45,100,8,5,1500,8.323,26.7,120149.0,1,10.0,6.644
E,4,45,100,8,6,1800,10.28,30.0,97279.4,1,10.0,6.644
E,4,45,100,8,7,2100,10.857,28.8,92103.6,1,10.0,6.644
E,4,45,100,8,8,2400,11.307,32.8,88440.8,1,10.0,6.644
E,4,45,100,8,9,2700,14.794,74.8,67595.0,1,10.0,6.644
E,4,45,100,8,10,3000,15.456,42.8,64701.2,1,10.0,6.644
E,4,45,100,8,11,3300,21.428,48.6,46667.2,1,10.0,6.644
E,4,45,100,8,12,3600,17.765,55.6,56290.5,1,10.0,6.644
E,4,45,100,8,13,3900,18.658,56.5,53595.4,1,10.0,6.644
E,4,45,100,8,14,4200,19.347,59.1,51688.5,1,10.0,6.644
E,4,45,100,8,15,4500,21.184,65.1,47205.4,1,10.0,6.644
E,4,45,100,8,16,4800,16.626,76.8,60148.0,1,10.0,6.644
E,4,45,100,8,17,5100,7.259,72.4,137766.3,1,10.0,6.644
E,4,45,100,8,18,5400,7.306,16.1,136873.8,1,10.0,6.644
E,4,45,100,8,19,5700,9.779,81.1,102263.4,1,10.0,6.644
E,4,45,100,8,20,6000,9.994,24.7,100056.7,1,10.0,6.644
E,4,45,100,8,21,6300,13.98,77.9,71530.8,1,10.0,6.644
E,4,45,100,8,22,6600,6.603,15.5,151446.3,1,10.0,6.644
E,4,45,100,8,23,6900,8.8,57.8,113640.6,1,10.0,6.644
E,4,45,100,8,24,7200,10.76,28.6,92936.8,1,10.0,6.644
E,4,45,100,8,25,7500,11.832,33.0,84516.6,1,10.0,6.644
E,4,45,100,8,26,7800,13.999,37.9,71435.4,1,10.0,6.644
E,4,45,100,8,27,8100,16.164,47.6,61865.9,1,10.0,6.644
E,4,45,100,8,28,8400,17.709,50.4,56467.4,1,10.0,6.644
E,4,45,100,8,29,8700,20.114,59.7,49717.4,1,10.0,6.644
E,4,45,100,8,30,9000,22.514,75.6,44416.8,1,10.0,6.644
E,4,45,100,8,31,9300,19.152,80.4,52213.9,1,10.0,6.644
E,4,45,100,8,32,9600,8.001,15.5,124989.5,1,10.0,6.644
E,4,45,100,8,33,9900,9.184,18.2,108881.0,1,10.0,6.644
E,4,45,100,8,34,10200,9.206,19.0,108620.9,1,10.0,6.644
E,4,45,100,8,35,10500,9.66,19.8,103516.1,1,10.0,6.644
E,4,45,100,8,36,10800,10.125,21.1,98768.7,1,10.0,6.644
E,4,45,100,8,37,11100,10.457,22.3,95629.7,1,10.0,6.644
E,4,45,100,8,38,11400,11.108,30.7,90025.2,1,10.0,6.644
E,4,45,100,8,39,11700,11.375,23.8,87914.7,1,10.0,6.644
E,4,45,100,8,40,12000,11.627,25.9,86009.2,1,10.0,6.644
E,4,45,100,10,1,300,20.819,74.9,48033.1,1,10.0,6.644
E,4,45,100,10,2,600,7.562,20.6,132240.2,1,10.0,6.644
E,4,45,100,10,3,900,7.234,29.6,138236.1,1,10.0,6.644
E,4,45,100,10,4,1200,6.874,24.6,145468.7,1,10.0,6.644
E,4,45,100,10,5,1500,8.372,26.4,119450.5,1,10.0,6.644
E,4,45,100,10,6,1800,9.639,25.2,103748.8,1,10.0,6.644
E,4,45,100,10,7,2100,10.981,28.9,91069.2,1,10.0,6.644
E,4,45,100,10,8,2400,11.871,40.3,84241.3,1,10.0,6.644
E,4,45,100,10,9,2700,14.964,76.6,66828.5,1,10.0,6.644
E,4,45,100,10,10,3000,14.418,42.8,69356.1,1,10.0,6.644
E,4,45,100,10,11,3300,21.562,62.9,46377.2,1,10.0,6.644
E,4,45,100,10,12,3600,17.36,51.6,57603.7,1,10.0,6.644
E,4,45,100,10,13,3900,18.394,54.1,54364.6,1,10.0,6.644
E,4,45,100,10,14,4200,19.861,60.1,50350.8,1,10.0,6.644
E,4,45,100,10,15,4500,20.827,64.7,48014.6,1,10.0,6.644
E,4,45,100,10,16,4800,17.367,81.4,57579.4,1,10.0,6.644
E,4,45,100,10,17,5100,7.405,75.9,135050.0,1,10.0,6.644
E,4,45,100,10,18,5400,7.34,16.5,136233.6,1,10.0,6.644
E,4,45,100,10,19,5700,9.349,71.9,106959.5,1,10.0,6.644
E,4,45,100,10,20,6000,10.032,24.8,99681.0,1,10.0,6.644
E,4,45,100,10,21,6300,15.143,81.8,66038.6,1,10.0,6.644
E,4,45,100,10,22,6600,6.685,14.8,149581.2,1,10.0,6.644
E,4,45,100,10,23,6900,11.611,30.1,86127.7,1,10.0,6.644
E,4,45,100,10,24,7200,10.131,26.1,98703.7,1,10.0,6.644
E,4,45,100,10,25,7500,12.352,46.8,80956.3,1,10.0,6.644
E,4,45,100,10,26,7800,14.1,38.4,70923.7,1,10.0,6.644
E,4,45,100,10,27,8100,15.838,46.1,63137.9,1,10.0,6.644
E,4,45,100,10,28,8400,18.236,58.4,54837.6,1,10.0,6.644
E,4,45,100,10,29,8700,20.238,59.5,49412.0,1,10.0,6.644
E,4,45,100,10,30,9000,21.945,66.9,45567.8,1,10.0,6.644
E,4,45,100,10,31,9300,21.45,98.0,46620.0,1,10.0,6.644
E,4,45,100,10,32,9600,7.737,16.8,129243.5,1,10.0,6.644
E,4,45,100,10,33,9900,8.692,19.1,115052.7,1,10.0,6.644
E,4,45,100,10,34,10200,9.092,22.3,109986.8,1,10.0,6.644
E,4,45,100,10,35,10500,9.792,22.4,102120.7,1,10.0,6.644
E,4,45,100,10,36,10800,9.857,20.7,101447.3,1,10.0,6.644
E,4,45,100,10,37,11100,10.085,22.7,99160.4,1,10.0,6.644
E,4,45,100,10,38,11400,10.123,23.0,98785.0,1,10.0,6.644
E,4,45,100,10,39,11700,10.836,24.0,92285.0,1,10.0,6.644
E,4,45,100,10,40,12000,11.532,25.7,86715.2,1,10.0,6.644
E,4,45,100,14,1,300,21.053,76.4,47498.4,1,10.0,6.644
E,4,45,100,14,2,600,7.695,20.9,129960.2,1,10.0,6.644
E,4,45,100,14,3,900,7.158,26.4,139703.8,1,10.0,6.644
E,4,45,100,14,4,1200,7.028,25.4,142288.0,1,10.0,6.644
E,4,45,100,14,5,1500,8.511,25.8,117499.6,1,10.0,6.644
E,4,45,100,14,6,1800,10.089,26.3,99117.8,1,10.0,6.644
E,4,45,100,14,7,2100,11.159,29.5,89613.8,1,10.0,6.644
E,4,45,100,14,8,2400,12.185,37.5,82065.9,1,10.0,6.644
E,4,45,100,14,9,2700,15.161,76.0,65960.2,1,10.0,6.644
E,4,45,100,14,10,3000,14.644,43.8,68287.3,1,10.0,6.644
E,4,45,100,14,11,3300,21.585,60.8,46327.8,1,10.0,6.644
E,4,45,100,14,12,3600,17.406,51.8,57452.6,1,10.0,6.644
E,4,45,100,14,13,3900,18.704,56.9,53463.6,1,10.0,6.644
E,4,45,100,14,14,4200,21.009,76.8,47599.4,1,10.0,6.644
E,4,45,100,14,15,4500,20.828,64.8,48011.5,1,10.0,6.644
E,4,45,100,14,16,4800,17.946,84.3,55721.7,1,10.0,6.644
E,4,45,100,14,17,5100,7.513,72.8,133096.7,1,10.0,6.644
E,4,45,100,14,18,5400,7.462,16.5,134012.3,1,10.0,6.644
E,4,45,100,14,19,5700,9.492,75.0,105348.2,1,10.0,6.644
E,4,45,100,14,20,6000,10.202,25.1,98016.8,1,10.0,6.644
E,4,45,100,14,21,6300,15.775,80.8,63392.8,1,10.0,6.644
E,4,45,100,14,22,6600,6.906,14.6,144794.7,1,10.0,6.644
E,4,45,100,14,23,6900,9.048,72.7,110525.7,1,10.0,6.644
E,4,45,100,14,24,7200,10.239,26.4,97665.8,1,10.0,6.644
E,4,45,100,14,25,7500,13.412,49.5,74560.1,1,10.0,6.644
E,4,45,100,14,26,7800,23.22,63.4,43065.7,1,10.0,6.644
E,4,45,100,14,27,8100,18.845,57.0,53063.5,1,10.0,6.644
E,4,45,100,14,28,8400,19.303,60.8,51806.3,1,10.0,6.644
E,4,45,100,14,29,8700,20.795,60.3,48089.3,1,10.0,6.644
E,4,45,100,14,30,9000,23.803,79.6,42012.1,1,10.0,6.644
E,4,45,100,14,31,9300,25.678,114.5,38944.3,1,10.0,6.644
E,4,45,100,14,32,9600,6.566,14.8,152299.8,1,10.0,6.644
E,4,45,100,14,33,9900,7.51,19.0,133155.8,1,10.0,6.644
E,4,45,100,14,34,10200,7.966,20.3,125538.7,1,10.0,6.644
E,4,45,100,14,35,10500,7.386,19.2,135397.4,1,10.0,6.644
E,4,45,100,14,36,10800,7.912,19.9,126390.3,1,10.0,6.644
E,4,45,100,14,37,11100,8.007,22.3,124890.7,1,10.0,6.644
E,4,45,100,14,38,11400,7.889,22.2,126764.1,1,10.0,6.644
E,4,45,100,14,39,11700,9.151,23.9,109273.7,1,10.0,6.644
E,4,45,100,14,40,12000,8.742,25.3,114394.7,1,10.0,6.644
E,4,45,100,20,1,300,22.058,75.4,45335.0,1,10.0,6.644
E,4,45,100,20,2,600,7.65,20.7,130713.2,1,10.0,6.644
E,4,45,100,20,3,900,6.808,26.0,146878.9,1,10.0,6.644
E,4,45,100,20,4,1200,6.981,25.8,143239.1,1,10.0,6.644
E,4,45,100,20,5,1500,8.925,28.9,112049.0,1,10.0,6.644
E,4,45,100,20,6,1800,10.055,26.1,99456.3,1,10.0,6.644
E,4,45,100,20,7,2100,11.018,29.0,90757.8,1,10.0,6.644
E,4,45,100,20,8,2400,11.448,33.0,87349.0,1,10.0,6.644
E,4,45,100,20,9,2700,15.64,81.8,63938.6,1,10.0,6.644
E,4,45,100,20,10,3000,14.534,44.6,68804.2,1,10.0,6.644
E,4,45,100,20,11,3300,20.969,48.4,47690.2,1,10.0,6.644
E,4,45,100,20,12,3600,18.049,51.4,55405.8,1,10.0,6.644
E,4,45,100,20,13,3900,18.576,56.3,53832.9,1,10.0,6.644
E,4,45,100,20,14,4200,19.366,59.7,51637.8,1,10.0,6.644
E,4,45,100,20,15,4500,22.23,70.1,44984.3,1,10.0,6.644
E,4,45,100,20,16,4800,16.654,77.2,60045.6,1,10.0,6.644
E,4,45,100,20,17,5100,7.257,72.5,137791.7,1,10.0,6.644
E,4,45,100,20,18,5400,7.908,29.2,126459.5,1,10.0,6.644
E,4,45,100,20,19,5700,9.453,73.3,105786.5,1,10.0,6.644
E,4,45,100,20,20,6000,10.073,24.5,99278.6,1,10.0,6.644
E,4,45,100,20,21,6300,14.857,77.5,67308.3,1,10.0,6.644
E,4,45,100,20,22,6600,6.791,14.2,147253.7,1,10.0,6.644
E,4,45,100,20,23,6900,9.543,61.0,104785.2,1,10.0,6.644
E,4,45,100,20,24,7200,10.093,26.0,99075.3,1,10.0,6.644
E,4,45,100,20,25,7500,11.673,33.3,85665.3,1,10.0,6.644
E,4,45,100,20,26,7800,13.995,41.1,71455.8,1,10.0,6.644
E,4,45,100,20,27,8100,15.784,46.1,63355.3,1,10.0,6.644
E,4,45,100,20,28,8400,17.304,47.0,57789.0,1,10.0,6.644
E,4,45,100,20,29,8700,19.711,58.9,50734.0,1,10.0,6.644
E,4,45,100,20,30,9000,22.276,68.2,44891.4,1,10.0,6.644
E,4,45,100,20,31,9300,17.839,82.7,56058.0,1,10.0,6.644
E,4,45,100,20,32,9600,5.945,10.4,168208.6,1,10.0,6.644
E,4,45,100,20,33,9900,6.943,26.1,144036.9,1,10.0,6.644
E,4,45,100,20,34,10200,6.793,12.7,147203.1,1,10.0,6.644
E,4,45,100,20,35,10500,6.559,12.4,152454.6,1,10.0,6.644
E,4,45,100,20,36,10800,7.024,13.1,142369.0,1,10.0,6.644
E,4,45,100,20,37,11100,7.136,14.0,140134.6,1,10.0,6.644
E,4,45,100,20,38,11400,7.124,13.4,140370.6,1,10.0,6.644
E,4,45,100,20,39,11700,7.268,14.6,137595.8,1,10.0,6.644
E,4,45,100,20,40,12000,8.185,31.5,122174.7,1,10.0,6.644
E,4,45,175,2,1,300,15.906,44.7,62870.7,1,13.229,7.451
E,4,45,175,2,2,600,8.295,30.7,120549.7,1,13.229,7.451
E,4,45,175,2,3,900,8.517,20.7,117407.7,1,13.229,7.451
E,4,45,175,2,4,1200,9.525,21.5,104990.5,1,13.229,7.451
E,4,45,175,2,5,1500,10.426,20.3,95914.1,1,13.229,7.451
E,4,45,175,2,6,1800,11.428,21.7,87506.9,1,13.229,7.451
E,4,45,175,2,7,2100,14.226,34.3,70295.5,1,13.229,7.451
E,4,45,175,2,8,2400,14.059,30.1,71128.8,1,13.229,7.451
E,4,45,175,2,9,2700,15.972,45.7,62608.3,1,13.229,7.451
E,4,45,175,2,10,3000,17.477,46.5,57218.1,1,13.229,7.451
E,4,45,175,2,11,3300,21.791,46.4,45889.8,1,13.229,7.451
E,4,45,175,2,12,3600,19.918,55.8,50205.0,1,13.229,7.451
E,4,45,175,2,13,3900,19.79,54.5,50529.7,1,13.229,7.451
E,4,45,175,2,14,4200,22.236,58.8,44971.4,1,13.229,7.451
E,4,45,175,2,15,4500,20.093,64.7,49769.4,1,13.229,7.451
E,4,45,175,2,16,4800,11.17,41.8,89525.5,1,13.229,7.451
E,4,45,175,2,17,5100,12.933,43.2,77319.6,1,13.229,7.451
E,4,45,175,2,18,5400,14.718,48.2,67945.5,1,13.229,7.451
E,4,45,175,2,19,5700,11.931,48.4,83817.6,1,13.229,7.451
E,4,45,175,2,20,6000,12.906,47.4,77483.3,1,13.229,7.451
E,4,45,175,2,21,6300,15.9,49.7,62893.1,1,13.229,7.451
E,4,45,175,2,22,6600,9.995,34.2,100046.7,1,13.229,7.451
E,4,45,175,2,23,6900,9.754,22.2,102525.5,1,13.229,7.451
E,4,45,175,2,24,7200,10.496,20.7,95274.4,1,13.229,7.451
E,4,45,175,2,25,7500,9.551,23.3,104704.7,1,13.229,7.451
E,4,45,175,2,26,7800,11.823,33.3,84583.3,1,13.229,7.451
E,4,45,175,2,27,8100,12.098,29.7,82656.0,1,13.229,7.451
E,4,45,175,2,28,8400,13.051,31.2,76622.5,1,13.229,7.451
E,4,45,175,2,29,8700,14.377,35.7,69553.9,1,13.229,7.451
E,4,45,175,2,30,9000,15.211,37.9,65740.5,1,13.229,7.451
E,4,45,175,2,31,9300,20.651,42.4,48423.0,1,13.229,7.451
E,4,45,175,2,32,9600,13.291,42.6,75240.8,1,13.229,7.451
E,4,45,175,2,33,9900,14.154,48.8,70653.1,1,13.229,7.451
E,4,45,175,2,34,10200,14.733,50.9,67873.3,1,13.229,7.451
E,4,45,175,2,35,10500,16.679,52.9,59954.4,1,13.229,7.451
E,4,45,175,2,36,10800,19.142,57.4,52242.1,1,13.229,7.451
E,4,45,175,2,37,11100,19.626,55.7,50953.7,1,13.229,7.451
E,4,45,175,2,38,11400,19.731,60.0,50681.7,1,13.229,7.451
E,4,45,175,2,39,11700,21.674,67.3,46137.5,1,13.229,7.451
E,4,45,175,2,40,12000,21.404,63.8,46720.2,1,13.229,7.451
E,4,45,175,3,1,300,15.822,47.2,63203.1,1,13.229,7.451
E,4,45,175,3,2,600,7.386,27.3,135385.1,1,13.229,7.451
E,4,45,175,3,3,900,7.937,17.7,125997.5,1,13.229,7.451
E,4,45,175,3,4,1200,8.85,18.3,112990.1,1,13.229,7.451
E,4,45,175,3,5,1500,9.789,20.4,102152.0,1,13.229,7.451
E,4,45,175,3,6,1800,10.821,21.5,92412.9,1,13.229,7.451
E,4,45,175,3,7,2100,13.315,34.2,75103.3,1,13.229,7.451
E,4,45,175,3,8,2400,15.865,29.9,63030.5,1,13.229,7.451
E,4,45,175,3,9,2700,15.09,46.1,66270.5,1,13.229,7.451
E,4,45,175,3,10,3000,16.866,46.8,59290.9,1,13.229,7.451
E,4,45,175,3,11,3300,21.076,46.5,47446.6,1,13.229,7.451
E,4,45,175,3,12,3600,18.0,49.7,55556.6,1,13.229,7.451
E,4,45,175,3,13,3900,19.15,54.1,52220.2,1,13.229,7.451
E,4,45,175,3,14,4200,21.382,58.6,46769.0,1,13.229,7.451
E,4,45,175,3,15,4500,19.135,64.6,52260.3,1,13.229,7.451
E,4,45,175,3,16,4800,10.394,42.0,96212.4,1,13.229,7.451
E,4,45,175,3,17,5100,11.932,43.3,83808.2,1,13.229,7.451
E,4,45,175,3,18,5400,13.338,44.7,74975.6,1,13.229,7.451
E,4,45,175,3,19,5700,11.37,48.8,87953.3,1,13.229,7.451
E,4,45,175,3,20,6000,12.102,47.6,82628.7,1,13.229,7.451
E,4,45,175,3,21,6300,14.865,48.4,67273.6,1,13.229,7.451
E,4,45,175,3,22,6600,8.472,18.0,118031.2,1,13.229,7.451
E,4,45,175,3,23,6900,9.593,46.4,104239.1,1,13.229,7.451
E,4,45,175,3,24,7200,9.785,20.2,102200.7,1,13.229,7.451
E,4,45,175,3,25,7500,8.809,22.6,113516.0,1,13.229,7.451
E,4,45,175,3,26,7800,10.368,27.4,96453.7,1,13.229,7.451
E,4,45,175,3,27,8100,11.435,30.3,87448.3,1,13.229,7.451
E,4,45,175,3,28,8400,12.363,31.5,80884.3,1,13.229,7.451
E,4,45,175,3,29,8700,13.552,35.9,73788.0,1,13.229,7.451
E,4,45,175,3,30,9000,14.006,37.7,71398.0,1,13.229,7.451
E,4,45,175,3,31,9300,20.943,44.8,47747.9,1,13.229,7.451
E,4,45,175,3,32,9600,12.356,42.8,80934.5,1,13.229,7.451
E,4,45,175,3,33,9900,12.754,45.3,78406.8,1,13.229,7.451
E,4,45,175,3,34,10200,15.971,52.0,62614.8,1,13.229,7.451
E,4,45,175,3,35,10500,16.524,59.2,60516.8,1,13.229,7.451
E,4,45,175,3,36,10800,17.195,52.8,58155.3,1,13.229,7.451
E,4,45,175,3,37,11100,19.031,61.3,52544.9,1,13.229,7.451
E,4,45,175,3,38,11400,17.897,60.4,55876.3,1,13.229,7.451
E,4,45,175,3,39,11700,20.401,66.9,49018.0,1,13.229,7.451
E,4,45,175,3,40,12000,20.658,70.6,48407.4,1,13.229,7.451
E,4,45,175,4,1,300,14.848,44.8,67347.6,1,13.229,7.451
E,4,45,175,4,2,600,5.884,16.3,169962.0,1,13.229,7.451
E,4,45,175,4,3,900,6.832,15.9,146362.9,1,13.229,7.451
E,4,45,175,4,4,1200,8.214,18.3,121748.3,1,13.229,7.451
E,4,45,175,4,5,1500,8.71,20.1,114810.5,1,13.229,7.451
E,4,45,175,4,6,1800,9.749,21.5,102571.1,1,13.229,7.451
E,4,45,175,4,7,2100,11.668,28.0,85706.9,1,13.229,7.451
E,4,45,175,4,8,2400,11.766,28.8,84988.2,1,13.229,7.451
E,4,45,175,4,9,2700,14.126,51.6,70791.5,1,13.229,7.451
E,4,45,175,4,10,3000,14.785,41.3,67637.6,1,13.229,7.451
E,4,45,175,4,11,3300,19.304,46.8,51802.7,1,13.229,7.451
E,4,45,175,4,12,3600,16.946,51.8,59009.8,1,13.229,7.451
E,4,45,175,4,13,3900,17.308,53.7,57777.9,1,13.229,7.451
E,4,45,175,4,14,4200,20.141,58.2,49650.8,1,13.229,7.451
E,4,45,175,4,15,4500,16.47,62.0,60716.5,1,13.229,7.451
E,4,45,175,4,16,4800,8.718,36.4,114700.8,1,13.229,7.451
E,4,45,175,4,17,5100,9.923,38.1,100776.0,1,13.229,7.451
E,4,45,175,4,18,5400,11.596,40.4,86234.1,1,13.229,7.451
E,4,45,175,4,19,5700,9.075,41.3,110192.8,1,13.229,7.451
E,4,45,175,4,20,6000,9.985,41.3,100150.2,1,13.229,7.451
E,4,45,175,4,21,6300,13.473,48.2,74224.4,1,13.229,7.451
E,4,45,175,4,22,6600,6.835,16.2,146305.8,1,13.229,7.451
E,4,45,175,4,23,6900,8.161,45.8,122534.0,1,13.229,7.451
E,4,45,175,4,24,7200,8.11,18.3,123309.6,1,13.229,7.451
E,4,45,175,4,25,7500,7.35,19.8,136060.6,1,13.229,7.451
E,4,45,175,4,26,7800,8.566,21.5,116736.1,1,13.229,7.451
E,4,45,175,4,27,8100,9.491,25.4,105359.3,1,13.229,7.451
E,4,45,175,4,28,8400,11.004,32.7,90876.0,1,13.229,7.451
E,4,45,175,4,29,8700,11.595,31.1,86246.6,1,13.229,7.451
E,4,45,175,4,30,9000,12.072,32.8,82836.3,1,13.229,7.451
E,4,45,175,4,31,9300,17.649,37.7,56661.5,1,13.229,7.451
E,4,45,175,4,32,9600,11.613,45.9,86112.9,1,13.229,7.451
E,4,45,175,4,33,9900,10.668,41.3,93741.2,1,13.229,7.451
E,4,45,175,4,34,10200,11.241,44.8,88960.1,1,13.229,7.451
E,4,45,175,4,35,10500,13.155,47.3,76014.8,1,13.229,7.451
E,4,45,175,4,36,10800,15.52,51.8,64431.6,1,13.229,7.451
E,4,45,175,4,37,11100,16.072,50.2,62220.0,1,13.229,7.451
E,4,45,175,4,38,11400,15.175,53.6,65899.3,1,13.229,7.451
E,4,45,175,4,39,11700,18.337,60.8,54533.6,1,13.229,7.451
E,4,45,175,4,40,12000,17.481,56.3,57205.0,1,13.229,7.451
E,4,45,175,5,1,300,14.736,44.4,67859.5,1,13.229,7.451
E,4,45,175,5,2,600,7.015,31.6,142551.6,1,13.229,7.451
E,4,45,175,5,3,900,6.906,16.3,144801.6,1,13.229,7.451
E,4,45,175,5,4,1200,7.89,17.2,126742.7,1,13.229,7.451
E,4,45,175,5,5,1500,8.759,19.4,114168.3,1,13.229,7.451
E,4,45,175,5,6,1800,10.024,22.3,99760.5,1,13.229,7.451
E,4,45,175,5,7,2100,12.091,30.1,82708.4,1,13.229,7.451
E,4,45,175,5,8,2400,11.93,29.1,83822.3,1,13.229,7.451
E,4,45,175,5,9,2700,13.516,45.7,73988.2,1,13.229,7.451
E,4,45,175,5,10,3000,14.646,40.8,68279.6,1,13.229,7.451
E,4,45,175,5,11,3300,19.868,47.3,50333.0,1,13.229,7.451
E,4,45,175,5,12,3600,16.196,43.3,61744.9,1,13.229,7.451
E,4,45,175,5,13,3900,17.594,55.8,56838.6,1,13.229,7.451
E,4,45,175,5,14,4200,19.671,58.7,50835.4,1,13.229,7.451
E,4,45,175,5,15,4500,16.296,62.2,61364.7,1,13.229,7.451
E,4,45,175,5,16,4800,8.524,36.2,117320.4,1,13.229,7.451
E,4,45,175,5,17,5100,10.775,40.3,92807.4,1,13.229,7.451
E,4,45,175,5,18,5400,11.004,38.6,90878.8,1,13.229,7.451
E,4,45,175,5,19,5700,8.984,41.4,111304.9,1,13.229,7.451
E,4,45,175,5,20,6000,10.009,41.3,99906.8,1,13.229,7.451
E,4,45,175,5,21,6300,14.062,48.3,71113.6,1,13.229,7.451
E,4,45,175,5,22,6600,6.876,17.3,145433.4,1,13.229,7.451
E,4,45,175,5,23,6900,7.646,18.6,130781.7,1,13.229,7.451
E,4,45,175,5,24,7200,8.124,17.6,123092.1,1,13.229,7.451
E,4,45,175,5,25,7500,7.221,19.1,138478.6,1,13.229,7.451
E,4,45,175,5,26,7800,8.494,21.4,117730.2,1,13.229,7.451
E,4,45,175,5,27,8100,10.334,31.1,96767.9,1,13.229,7.451
E,4,45,175,5,28,8400,10.341,25.3,96702.4,1,13.229,7.451
E,4,45,175,5,29,8700,11.583,33.6,86330.9,1,13.229,7.451
E,4,45,175,5,30,9000,11.968,32.9,83553.8,1,13.229,7.451
E,4,45,175,5,31,9300,18.758,51.9,53311.5,1,13.229,7.451
E,4,45,175,5,32,9600,10.267,37.3,97402.6,1,13.229,7.451
E,4,45,175,5,33,9900,10.539,39.7,94885.7,1,13.229,7.451
E,4,45,175,5,34,10200,11.11,45.0,90011.7,1,13.229,7.451
E,4,45,175,5,35,10500,13.706,49.8,72959.0,1,13.229,7.451
E,4,45,175,5,36,10800,14.626,47.1,68371.4,1,13.229,7.451
E,4,45,175,5,37,11100,15.871,50.1,63009.3,1,13.229,7.451
E,4,45,175,5,38,11400,16.263,59.4,61490.5,1,13.229,7.451
E,4,45,175,5,39,11700,17.696,60.4,56508.9,1,13.229,7.451
E,4,45,175,5,40,12000,17.367,56.7,57581.6,1,13.229,7.451
E,4,45,175,6,1,300,14.779,44.4,67663.6,1,13.229,7.451
E,4,45,175,6,2,600,6.528,35.4,153186.2,1,13.229,7.451
E,4,45,175,6,3,900,7.326,18.1,136506.3,1,13.229,7.451
E,4,45,175,6,4,1200,7.958,17.6,125665.0,1,13.229,7.451
E,4,45,175,6,5,1500,8.882,22.2,112583.0,1,13.229,7.451
E,4,45,175,6,6,1800,9.72,21.5,102884.2,1,13.229,7.451
E,4,45,175,6,7,2100,12.016,31.6,83222.4,1,13.229,7.451
E,4,45,175,6,8,2400,11.934,30.3,83796.5,1,13.229,7.451
E,4,45,175,6,9,2700,13.482,46.4,74174.8,1,13.229,7.451
E,4,45,175,6,10,3000,14.596,40.4,68511.9,1,13.229,7.451
E,4,45,175,6,11,3300,20.42,47.0,48971.6,1,13.229,7.451
E,4,45,175,6,12,3600,16.22,43.3,61652.3,1,13.229,7.451
E,4,45,175,6,13,3900,17.537,56.0,57023.4,1,13.229,7.451
E,4,45,175,6,14,4200,22.554,59.4,44337.4,1,13.229,7.451
E,4,45,175,6,15,4500,16.221,62.5,61648.5,1,13.229,7.451
E,4,45,175,6,16,4800,8.445,36.4,118408.6,1,13.229,7.451
E,4,45,175,6,17,5100,10.173,38.6,98302.7,1,13.229,7.451
E,4,45,175,6,18,5400,10.996,38.7,90939.4,1,13.229,7.451
E,4,45,175,6,19,5700,8.946,41.1,111781.8,1,13.229,7.451
E,4,45,175,6,20,6000,9.928,44.0,100721.9,1,13.229,7.451
E,4,45,175,6,21,6300,13.834,78.4,72285.7,1,13.229,7.451
E,4,45,175,6,22,6600,6.76,14.8,147929.0,1,13.229,7.451
E,4,45,175,6,23,6900,7.569,18.9,132123.6,1,13.229,7.451
E,4,45,175,6,24,7200,8.011,17.5,124828.4,1,13.229,7.451
E,4,45,175,6,25,7500,7.142,18.8,140016.8,1,13.229,7.451
E,4,45,175,6,26,7800,8.487,21.6,117827.2,1,13.229,7.451
E,4,45,175,6,27,8100,9.797,26.0,102068.6,1,13.229,7.451
E,4,45,175,6,28,8400,10.286,24.7,97222.7,1,13.229,7.451
E,4,45,175,6,29,8700,11.425,31.0,87524.8,1,13.229,7.451
E,4,45,175,6,30,9000,11.867,32.8,84264.9,1,13.229,7.451
E,4,45,175,6,31,9300,18.223,40.0,54876.7,1,13.229,7.451
E,4,45,175,6,32,9600,10.194,37.6,98100.1,1,13.229,7.451
E,4,45,175,6,33,9900,10.34,39.5,96714.9,1,13.229,7.451
E,4,45,175,6,34,10200,11.105,44.7,90052.2,1,13.229,7.451
E,4,45,175,6,35,10500,13.612,47.6,73464.6,1,13.229,7.451
E,4,45,175,6,36,10800,14.614,46.5,68427.5,1,13.229,7.451
E,4,45,175,6,37,11100,15.833,49.8,63157.9,1,13.229,7.451
E,4,45,175,6,38,11400,15.604,58.3,64084.8,1,13.229,7.451
E,4,45,175,6,39,11700,17.643,60.0,56678.6,1,13.229,7.451
E,4,45,175,6,40,12000,17.299,56.7,57805.7,1,13.229,7.451
E,4,45,175,8,1,300,16.55,44.4,60421.7,1,13.229,7.451
E,4,45,175,8,2,600,5.43,19.1,184162.1,1,13.229,7.451
E,4,45,175,8,3,900,6.342,13.8,157687.2,1,13.229,7.451
E,4,45,175,8,4,1200,7.377,15.9,135556.4,1,13.229,7.451
E,4,45,175,8,5,1500,8.286,20.0,120685.5,1,13.229,7.451
E,4,45,175,8,6,1800,10.103,45.5,98977.2,1,13.229,7.451
E,4,45,175,8,7,2100,11.021,28.2,90738.6,1,13.229,7.451
E,4,45,175,8,8,2400,11.516,30.5,86838.2,1,13.229,7.451
E,4,45,175,8,9,2700,12.896,45.7,77543.4,1,13.229,7.451
E,4,45,175,8,10,3000,14.848,42.5,67349.1,1,13.229,7.451
E,4,45,175,8,11,3300,19.093,47.3,52376.1,1,13.229,7.451
E,4,45,175,8,12,3600,15.603,43.8,64088.9,1,13.229,7.451
E,4,45,175,8,13,3900,17.882,56.5,55923.2,1,13.229,7.451
E,4,45,175,8,14,4200,18.812,59.0,53157.6,1,13.229,7.451
E,4,45,175,8,15,4500,15.796,62.8,63308.5,1,13.229,7.451
E,4,45,175,8,16,4800,9.845,42.2,101571.0,1,13.229,7.451
E,4,45,175,8,17,5100,9.765,38.0,102410.0,1,13.229,7.451
E,4,45,175,8,18,5400,10.404,35.7,96116.9,1,13.229,7.451
E,4,45,175,8,19,5700,8.374,38.4,119422.0,1,13.229,7.451
E,4,45,175,8,20,6000,9.341,38.3,107051.1,1,13.229,7.451
E,4,45,175,8,21,6300,14.81,52.2,67520.4,1,13.229,7.451
E,4,45,175,8,22,6600,6.29,16.3,158982.5,1,13.229,7.451
E,4,45,175,8,23,6900,7.13,20.2,140245.9,1,13.229,7.451
E,4,45,175,8,24,7200,7.495,17.5,133428.1,1,13.229,7.451
E,4,45,175,8,25,7500,6.654,19.1,150293.1,1,13.229,7.451
E,4,45,175,8,26,7800,8.484,29.1,117868.9,1,13.229,7.451
E,4,45,175,8,27,8100,9.063,22.9,110334.7,1,13.229,7.451
E,4,45,175,8,28,8400,9.644,22.2,103691.4,1,13.229,7.451
E,4,45,175,8,29,8700,10.813,28.8,92478.4,1,13.229,7.451
E,4,45,175,8,30,9000,11.295,30.7,88537.4,1,13.229,7.451
E,4,45,175,8,31,9300,17.607,50.0,56794.5,1,13.229,7.451
E,4,45,175,8,32,9600,9.465,35.0,105656.1,1,13.229,7.451
E,4,45,175,8,33,9900,9.684,36.9,103263.1,1,13.229,7.451
E,4,45,175,8,34,10200,10.572,42.6,94592.5,1,13.229,7.451
E,4,45,175,8,35,10500,12.9,47.0,77519.4,1,13.229,7.451
E,4,45,175,8,36,10800,13.988,43.7,71491.5,1,13.229,7.451
E,4,45,175,8,37,11100,15.039,47.1,66492.3,1,13.229,7.451
E,4,45,175,8,38,11400,15.117,56.2,66150.7,1,13.229,7.451
E,4,45,175,8,39,11700,16.921,57.0,59097.0,1,13.229,7.451
E,4,45,175,8,40,12000,16.567,53.2,60359.7,1,13.229,7.451
E,4,45,175,10,1,300,15.131,69.4,66090.9,1,13.229,7.451
E,4,45,175,10,2,600,5.559,16.7,179888.5,1,13.229,7.451
E,4,45,175,10,3,900,6.377,14.4,156821.8,1,13.229,7.451
E,4,45,175,10,4,1200,7.482,15.8,133648.2,1,13.229,7.451
E,4,45,175,10,5,1500,8.371,19.3,119460.0,1,13.229,7.451
E,4,45,175,10,6,1800,9.49,21.9,105370.4,1,13.229,7.451
E,4,45,175,10,7,2100,11.322,28.2,88321.0,1,13.229,7.451
E,4,45,175,10,8,2400,11.421,30.3,87558.0,1,13.229,7.451
E,4,45,175,10,9,2700,12.847,45.3,77839.2,1,13.229,7.451
E,4,45,175,10,10,3000,14.218,41.5,70331.7,1,13.229,7.451
E,4,45,175,10,11,3300,20.154,48.8,49617.9,1,13.229,7.451
E,4,45,175,10,12,3600,15.636,43.5,63953.6,1,13.229,7.451
E,4,45,175,10,13,3900,17.455,56.2,57290.2,1,13.229,7.451
E,4,45,175,10,14,4200,19.052,59.2,52487.9,1,13.229,7.451
E,4,45,175,10,15,4500,15.824,62.5,63193.8,1,13.229,7.451
E,4,45,175,10,16,4800,7.86,33.5,127221.1,1,13.229,7.451
E,4,45,175,10,17,5100,9.59,36.7,104278.9,1,13.229,7.451
E,4,45,175,10,18,5400,10.305,35.5,97037.1,1,13.229,7.451
E,4,45,175,10,19,5700,8.384,38.0,119279.5,1,13.229,7.451
E,4,45,175,10,20,6000,9.335,38.3,107127.5,1,13.229,7.451
E,4,45,175,10,21,6300,13.199,51.0,75761.4,1,13.229,7.451
E,4,45,175,10,22,6600,6.472,15.5,154511.7,1,13.229,7.451
E,4,45,175,10,23,6900,7.014,19.0,142578.8,1,13.229,7.451
E,4,45,175,10,24,7200,7.406,17.5,135031.7,1,13.229,7.451
E,4,45,175,10,25,7500,6.583,17.9,151906.4,1,13.229,7.451
E,4,45,175,10,26,7800,7.817,19.3,127926.3,1,13.229,7.451
E,4,45,175,10,27,8100,8.786,22.8,113821.7,1,13.229,7.451
E,4,45,175,10,28,8400,10.135,30.2,98671.2,1,13.229,7.451
E,4,45,175,10,29,8700,10.921,28.7,91566.7,1,13.229,7.451
E,4,45,175,10,30,9000,11.292,30.7,88560.9,1,13.229,7.451
E,4,45,175,10,31,9300,17.456,49.8,57285.8,1,13.229,7.451
E,4,45,175,10,32,9600,9.512,35.0,105130.4,1,13.229,7.451
E,4,45,175,10,33,9900,9.638,37.3,103759.5,1,13.229,7.451
E,4,45,175,10,34,10200,10.381,42.1,96332.9,1,13.229,7.451
E,4,45,175,10,35,10500,12.416,44.8,80539.1,1,13.229,7.451
E,4,45,175,10,36,10800,14.772,49.8,67694.1,1,13.229,7.451
E,4,45,175,10,37,11100,15.13,47.4,66095.3,1,13.229,7.451
E,4,45,175,10,38,11400,14.248,51.0,70183.6,1,13.229,7.451
E,4,45,175,10,39,11700,17.512,70.3,57103.7,1,13.229,7.451
E,4,45,175,10,40,12000,16.634,57.0,60116.6,1,13.229,7.451
E,4,45,175,14,1,300,15.119,44.6,66140.5,1,13.229,7.451
E,4,45,175,14,2,600,5.888,19.4,169836.9,1,13.229,7.451
E,4,45,175,14,3,900,6.48,16.5,154321.0,1,13.229,7.451
E,4,45,175,14,4,1200,7.487,15.9,133558.9,1,13.229,7.451
E,4,45,175,14,5,1500,8.369,19.3,119483.8,1,13.229,7.451
E,4,45,175,14,6,1800,9.516,22.0,105086.2,1,13.229,7.451
E,4,45,175,14,7,2100,11.0,28.3,90911.8,1,13.229,7.451
E,4,45,175,14,8,2400,12.24,33.5,81699.4,1,13.229,7.451
E,4,45,175,14,9,2700,13.045,44.9,76657.7,1,13.229,7.451
E,4,45,175,14,10,3000,14.337,40.8,69748.0,1,13.229,7.451
E,4,45,175,14,11,3300,19.715,49.4,50723.7,1,13.229,7.451
E,4,45,175,14,12,3600,15.781,44.0,63368.7,1,13.229,7.451
E,4,45,175,14,13,3900,16.928,54.2,59072.6,1,13.229,7.451
E,4,45,175,14,14,4200,20.472,65.0,48848.0,1,13.229,7.451
E,4,45,175,14,15,4500,15.926,62.8,62789.1,1,13.229,7.451
E,4,45,175,14,16,4800,8.019,34.2,124709.0,1,13.229,7.451
E,4,45,175,14,17,5100,9.389,35.8,106503.8,1,13.229,7.451
E,4,45,175,14,18,5400,11.128,36.8,89863.4,1,13.229,7.451
E,4,45,175,14,19,5700,8.526,38.7,117283.7,1,13.229,7.451
E,4,45,175,14,20,6000,9.457,38.8,105745.5,1,13.229,7.451
E,4,45,175,14,21,6300,13.771,54.4,72614.6,1,13.229,7.451
E,4,45,175,14,22,6600,6.717,23.3,148868.6,1,13.229,7.451
E,4,45,175,14,23,6900,7.25,20.3,137937.4,1,13.229,7.451
E,4,45,175,14,24,7200,7.593,17.5,131694.5,1,13.229,7.451
E,4,45,175,14,25,7500,6.746,19.2,148243.3,1,13.229,7.451
E,4,45,175,14,26,7800,7.964,20.5,125565.0,1,13.229,7.451
E,4,45,175,14,27,8100,9.067,23.9,110290.1,1,13.229,7.451
E,4,45,175,14,28,8400,11.225,38.5,89084.2,1,13.229,7.451
E,4,45,175,14,29,8700,13.956,29.5,71652.1,1,13.229,7.451
E,4,45,175,14,30,9000,11.272,30.6,88712.8,1,13.229,7.451
E,4,45,175,14,31,9300,17.032,47.3,58711.9,1,13.229,7.451
E,4,45,175,14,32,9600,9.901,36.0,100999.9,1,13.229,7.451
E,4,45,175,14,33,9900,9.778,37.1,102270.4,1,13.229,7.451
E,4,45,175,14,34,10200,10.41,42.4,96058.4,1,13.229,7.451
E,4,45,175,14,35,10500,12.481,45.1,80119.6,1,13.229,7.451
E,4,45,175,14,36,10800,14.8,48.2,67566.0,1,13.229,7.451
E,4,45,175,14,37,11100,15.2,48.1,65789.5,1,13.229,7.451
E,4,45,175,14,38,11400,14.337,51.4,69751.2,1,13.229,7.451
E,4,45,175,14,39,11700,17.315,58.0,57754.5,1,13.229,7.451
E,4,45,175,14,40,12000,16.527,54.1,60508.3,1,13.229,7.451
E,4,45,175,20,1,300,15.692,44.4,63728.1,1,13.229,7.451
E,4,45,175,20,2,600,5.63,17.7,177620.0,1,13.229,7.451
E,4,45,175,20,3,900,6.427,13.9,155585.5,1,13.229,7.451
E,4,45,175,20,4,1200,7.503,17.5,133286.0,1,13.229,7.451
E,4,45,175,20,5,1500,9.27,40.9,107871.0,1,13.229,7.451
E,4,45,175,20,6,1800,9.395,22.7,106439.6,1,13.229,7.451
E,4,45,175,20,7,2100,11.051,28.6,90486.8,1,13.229,7.451
E,4,45,175,20,8,2400,11.443,29.8,87392.2,1,13.229,7.451
E,4,45,175,20,9,2700,13.222,47.6,75633.4,1,13.229,7.451
E,4,45,175,20,10,3000,14.327,40.7,69798.3,1,13.229,7.451
E,4,45,175,20,11,3300,18.72,47.3,53417.9,1,13.229,7.451
E,4,45,175,20,12,3600,16.212,62.3,61682.7,1,13.229,7.451
E,4,45,175,20,13,3900,16.828,54.9,59425.9,1,13.229,7.451
E,4,45,175,20,14,4200,18.796,59.5,53202.8,1,13.229,7.451
E,4,45,175,20,15,4500,16.162,63.3,61874.8,1,13.229,7.451
E,4,45,175,20,16,4800,7.885,33.1,126823.1,1,13.229,7.451
E,4,45,175,20,17,5100,9.202,35.0,108676.0,1,13.229,7.451
E,4,45,175,20,18,5400,10.252,35.0,97541.9,1,13.229,7.451
E,4,45,175,20,19,5700,8.352,38.0,119731.8,1,13.229,7.451
E,4,45,175,20,20,6000,9.924,37.7,100762.4,1,13.229,7.451
E,4,45,175,20,21,6300,13.623,48.0,73403.5,1,13.229,7.451
E,4,45,175,20,22,6600,6.215,14.9,160892.4,1,13.229,7.451
E,4,45,175,20,23,6900,7.034,25.9,142166.6,1,13.229,7.451
E,4,45,175,20,24,7200,7.451,17.6,134210.2,1,13.229,7.451
E,4,45,175,20,25,7500,7.086,30.9,141130.0,1,13.229,7.451
E,4,45,175,20,26,7800,7.838,19.0,127578.1,1,13.229,7.451
E,4,45,175,20,27,8100,8.895,22.9,112418.5,1,13.229,7.451
E,4,45,175,20,28,8400,9.596,22.6,104210.1,1,13.229,7.451
E,4,45,175,20,29,8700,10.7,28.3,93460.9,1,13.229,7.451
E,4,45,175,20,30,9000,11.952,59.0,83665.7,1,13.229,7.451
E,4,45,175,20,31,9300,16.936,34.9,59047.0,1,13.229,7.451
E,4,45,175,20,32,9600,9.429,34.2,106055.7,1,13.229,7.451
E,4,45,175,20,33,9900,9.533,36.2,104898.8,1,13.229,7.451
E,4,45,175,20,34,10200,10.911,42.0,91647.9,1,13.229,7.451
E,4,45,175,20,35,10500,12.273,44.0,81479.7,1,13.229,7.451
E,4,45,175,20,36,10800,13.861,43.4,72144.9,1,13.229,7.451
E,4,45,175,20,37,11100,14.938,46.4,66943.4,1,13.229,7.451
E,4,45,175,20,38,11400,15.802,64.7,63284.5,1,13.229,7.451
E,4,45,175,20,39,11700,16.841,56.1,59377.7,1,13.229,7.451
E,4,45,175,20,40,12000,16.351,52.6,61158.3,1,13.229,7.451
E,4,45,300,2,1,300,25.567,54.7,39112.4,2,17.321,8.229
E,4,45,300,2,2,600,13.823,28.5,72341.5,2,17.321,8.229
E,4,45,300,2,3,900,13.781,21.8,72561.9,2,17.321,8.229
E,4,45,300,2,4,1200,14.69,23.3,68075.1,2,17.321,8.229
E,4,45,300,2,5,1500,16.272,39.5,61454.0,2,17.321,8.229
E,4,45,300,2,6,1800,16.706,29.9,59857.5,2,17.321,8.229
E,4,45,300,2,7,2100,17.483,33.7,57197.3,2,17.321,8.229
E,4,45,300,2,8,2400,19.622,47.6,50963.2,2,17.321,8.229
E,4,45,300,2,9,2700,21.357,45.9,46823.8,2,17.321,8.229
E,4,45,300,2,10,3000,20.796,47.0,48086.2,2,17.321,8.229
E,4,45,300,2,11,3300,25.087,40.4,39861.8,2,17.321,8.229
E,4,45,300,2,12,3600,19.996,37.0,50010.0,2,17.321,8.229
E,4,45,300,2,13,3900,21.766,46.1,45942.5,2,17.321,8.229
E,4,45,300,2,14,4200,22.497,44.0,44449.7,2,17.321,8.229
E,4,45,300,2,15,4500,24.819,65.7,40292.3,2,17.321,8.229
E,4,45,300,2,16,4800,24.035,81.1,41605.4,2,17.321,8.229
E,4,45,300,2,17,5100,25.113,74.6,39819.5,2,17.321,8.229
E,4,45,300,2,18,5400,25.833,54.9,38709.7,2,17.321,8.229
E,4,45,300,2,19,5700,26.239,64.5,38111.2,2,17.321,8.229
E,4,45,300,2,20,6000,27.875,59.2,35874.4,2,17.321,8.229
E,4,45,300,2,21,6300,28.523,81.9,35059.4,2,17.321,8.229
E,4,45,300,2,22,6600,16.891,33.0,59204.3,2,17.321,8.229
E,4,45,300,2,23,6900,15.276,36.5,65462.2,2,17.321,8.229
E,4,45,300,2,24,7200,12.322,36.3,81153.5,2,17.321,8.229
E,4,45,300,2,25,7500,9.114,24.6,109725.3,2,17.321,8.229
E,4,45,300,2,26,7800,10.244,25.9,97614.9,2,17.321,8.229
E,4,45,300,2,27,8100,12.096,32.7,82669.7,2,17.321,8.229
E,4,45,300,2,28,8400,6.332,34.1,157936.3,2,17.321,8.229
E,4,45,300,2,29,8700,8.54,34.6,117091.4,2,17.321,8.229
E,4,45,300,2,30,9000,10.365,39.7,96481.6,2,17.321,8.229
E,4,45,300,2,31,9300,20.265,51.2,49345.3,2,17.321,8.229
E,4,45,300,2,32,9600,14.062,34.4,71113.6,2,17.321,8.229
E,4,45,300,2,33,9900,15.794,40.3,63316.5,2,17.321,8.229
E,4,45,300,2,34,10200,18.892,50.8,52931.5,2,17.321,8.229
E,4,45,300,2,35,10500,20.379,54.3,49070.9,2,17.321,8.229
E,4,45,300,2,36,10800,21.807,60.6,45856.1,2,17.321,8.229
E,4,45,300,2,37,11100,25.607,65.4,39052.3,2,17.321,8.229
E,4,45,300,2,38,11400,26.599,72.6,37595.9,2,17.321,8.229
E,4,45,300,2,39,11700,28.262,79.3,35383.2,2,17.321,8.229
E,4,45,300,2,40,12000,29.633,88.1,33745.8,2,17.321,8.229
E,4,45,300,3,1,300,25.966,54.7,38512.4,2,17.321,8.229
E,4,45,300,3,2,600,12.284,25.1,81408.9,2,17.321,8.229
E,4,45,300,3,3,900,13.001,34.9,76919.1,2,17.321,8.229
E,4,45,300,3,4,1200,15.946,43.0,62710.3,2,17.321,8.229
E,4,45,300,3,5,1500,14.598,31.1,68502.5,2,17.321,8.229
E,4,45,300,3,6,1800,15.691,31.3,63729.4,2,17.321,8.229
E,4,45,300,3,7,2100,16.535,33.7,60477.8,2,17.321,8.229
E,4,45,300,3,8,2400,16.519,37.4,60535.1,2,17.321,8.229
E,4,45,300,3,9,2700,20.192,49.0,49525.4,2,17.321,8.229
E,4,45,300,3,10,3000,18.962,46.6,52736.1,2,17.321,8.229
E,4,45,300,3,11,3300,21.843,40.4,45782.0,2,17.321,8.229
E,4,45,300,3,12,3600,17.295,43.7,57821.3,2,17.321,8.229
E,4,45,300,3,13,3900,16.592,37.3,60271.2,2,17.321,8.229
E,4,45,300,3,14,4200,17.912,39.3,55828.5,2,17.321,8.229
E,4,45,300,3,15,4500,18.586,43.5,53803.0,2,17.321,8.229
E,4,45,300,3,16,4800,19.723,73.3,50701.4,2,17.321,8.229
E,4,45,300,3,17,5100,20.758,50.1,48174.2,2,17.321,8.229
E,4,45,300,3,18,5400,21.545,52.9,46415.2,2,17.321,8.229
E,4,45,300,3,19,5700,21.361,57.5,46815.0,2,17.321,8.229
E,4,45,300,3,20,6000,23.447,56.4,42648.8,2,17.321,8.229
E,4,45,300,3,21,6300,25.914,50.6,38589.7,2,17.321,8.229
E,4,45,300,3,22,6600,12.78,33.7,78245.2,2,17.321,8.229
E,4,45,300,3,23,6900,12.909,29.2,77463.3,2,17.321,8.229
E,4,45,300,3,24,7200,11.019,33.7,90752.4,2,17.321,8.229
E,4,45,300,3,25,7500,8.826,25.6,113297.4,2,17.321,8.229
E,4,45,300,3,26,7800,9.933,26.1,100671.1,2,17.321,8.229
E,4,45,300,3,27,8100,10.544,26.2,94837.7,2,17.321,8.229
E,4,45,300,3,28,8400,5.697,21.1,175520.7,2,17.321,8.229
E,4,45,300,3,29,8700,7.742,24.1,129165.6,2,17.321,8.229
E,4,45,300,3,30,9000,9.602,23.2,104145.0,2,17.321,8.229
E,4,45,300,3,31,9300,18.182,44.3,55000.5,2,17.321,8.229
E,4,45,300,3,32,9600,13.482,34.4,74171.1,2,17.321,8.229
E,4,45,300,3,33,9900,15.526,40.6,64408.1,2,17.321,8.229
E,4,45,300,3,34,10200,18.654,46.5,53607.8,2,17.321,8.229
E,4,45,300,3,35,10500,20.032,54.4,49920.1,2,17.321,8.229
E,4,45,300,3,36,10800,21.915,63.1,45630.1,2,17.321,8.229
E,4,45,300,3,37,11100,24.86,65.8,40225.8,2,17.321,8.229
E,4,45,300,3,38,11400,26.771,75.6,37353.4,2,17.321,8.229
E,4,45,300,3,39,11700,27.575,78.1,36264.3,2,17.321,8.229
E,4,45,300,3,40,12000,29.266,91.4,34169.0,2,17.321,8.229
E,4,45,300,4,1,300,23.935,53.2,41780.4,2,17.321,8.229
E,4,45,300,4,2,600,9.538,24.6,104843.8,2,17.321,8.229
E,4,45,300,4,3,900,9.642,21.2,103712.9,2,17.321,8.229
E,4,45,300,4,4,1200,11.62,31.4,86056.1,2,17.321,8.229
E,4,45,300,4,5,1500,11.555,27.1,86545.1,2,17.321,8.229
E,4,45,300,4,6,1800,12.81,26.9,78062.0,2,17.321,8.229
E,4,45,300,4,7,2100,13.793,31.2,72502.3,2,17.321,8.229
E,4,45,300,4,8,2400,13.976,37.9,71552.9,2,17.321,8.229
E,4,45,300,4,9,2700,16.396,39.1,60990.5,2,17.321,8.229
E,4,45,300,4,10,3000,15.48,42.9,64599.5,2,17.321,8.229
E,4,45,300,4,11,3300,18.118,43.6,55193.7,2,17.321,8.229
E,4,45,300,4,12,3600,12.54,25.5,79746.9,2,17.321,8.229
E,4,45,300,4,13,3900,12.089,28.3,82719.8,2,17.321,8.229
E,4,45,300,4,14,4200,13.455,37.3,74320.0,2,17.321,8.229
E,4,45,300,4,15,4500,13.537,27.7,73869.8,2,17.321,8.229
E,4,45,300,4,16,4800,13.647,53.3,73274.4,2,17.321,8.229
E,4,45,300,4,17,5100,14.274,29.7,70055.8,2,17.321,8.229
E,4,45,300,4,18,5400,14.32,31.2,69832.4,2,17.321,8.229
E,4,45,300,4,19,5700,13.861,31.1,72146.6,2,17.321,8.229
E,4,45,300,4,20,6000,15.762,35.0,63443.7,2,17.321,8.229
E,4,45,300,4,21,6300,22.815,44.9,43830.8,2,17.321,8.229
E,4,45,300,4,22,6600,11.194,30.0,89336.2,2,17.321,8.229
E,4,45,300,4,23,6900,11.328,27.8,88274.2,2,17.321,8.229
E,4,45,300,4,24,7200,10.596,42.6,94372.3,2,17.321,8.229
E,4,45,300,4,25,7500,8.107,25.7,123345.1,2,17.321,8.229
E,4,45,300,4,26,7800,9.267,28.3,107905.9,2,17.321,8.229
E,4,45,300,4,27,8100,9.778,26.6,102266.9,2,17.321,8.229
E,4,45,300,4,28,8400,5.557,21.5,179953.3,2,17.321,8.229
E,4,45,300,4,29,8700,7.443,21.7,134348.4,2,17.321,8.229
E,4,45,300,4,30,9000,10.401,49.2,96147.7,2,17.321,8.229
E,4,45,300,4,31,9300,16.73,28.4,59772.9,2,17.321,8.229
E,4,45,300,4,32,9600,13.171,34.2,75924.4,2,17.321,8.229
E,4,45,300,4,33,9900,15.938,42.2,62741.8,2,17.321,8.229
E,4,45,300,4,34,10200,18.047,45.6,55410.9,2,17.321,8.229
E,4,45,300,4,35,10500,19.815,54.3,50466.0,2,17.321,8.229
E,4,45,300,4,36,10800,21.897,60.6,45667.7,2,17.321,8.229
E,4,45,300,4,37,11100,24.477,65.3,40854.1,2,17.321,8.229
E,4,45,300,4,38,11400,26.884,75.3,37196.4,2,17.321,8.229
E,4,45,300,4,39,11700,27.293,80.4,36639.4,2,17.321,8.229
E,4,45,300,4,40,12000,28.736,90.7,34799.1,2,17.321,8.229
E,4,45,300,5,1,300,24.24,50.8,41254.7,2,17.321,8.229
E,4,45,300,5,2,600,10.303,38.0,97059.1,2,17.321,8.229
E,4,45,300,5,3,900,9.703,22.9,103060.9,2,17.321,8.229
E,4,45,300,5,4,1200,10.763,23.9,92913.8,2,17.321,8.229
E,4,45,300,5,5,1500,11.444,29.9,87379.5,2,17.321,8.229
E,4,45,300,5,6,1800,13.322,42.1,75061.9,2,17.321,8.229
E,4,45,300,5,7,2100,13.901,31.9,71939.0,2,17.321,8.229
E,4,45,300,5,8,2400,13.56,33.7,73748.1,2,17.321,8.229
E,4,45,300,5,9,2700,16.315,38.9,61293.3,2,17.321,8.229
E,4,45,300,5,10,3000,16.591,48.0,60273.6,2,17.321,8.229
E,4,45,300,5,11,3300,17.957,36.5,55689.6,2,17.321,8.229
E,4,45,300,5,12,3600,12.604,28.5,79342.0,2,17.321,8.229
E,4,45,300,5,13,3900,12.638,31.8,79128.5,2,17.321,8.229
E,4,45,300,5,14,4200,12.955,29.3,77192.3,2,17.321,8.229
E,4,45,300,5,15,4500,13.376,27.7,74760.8,2,17.321,8.229
E,4,45,300,5,16,4800,14.15,53.8,70671.4,2,17.321,8.229
E,4,45,300,5,17,5100,14.067,29.0,71090.1,2,17.321,8.229
E,4,45,300,5,18,5400,14.165,31.9,70596.5,2,17.321,8.229
E,4,45,300,5,19,5700,13.912,31.2,71882.1,2,17.321,8.229
E,4,45,300,5,20,6000,16.072,37.9,62218.7,2,17.321,8.229
E,4,45,300,5,21,6300,22.659,36.0,44133.2,2,17.321,8.229
E,4,45,300,5,22,6600,11.186,33.1,89397.5,2,17.321,8.229
E,4,45,300,5,23,6900,11.858,37.0,84333.6,2,17.321,8.229
E,4,45,300,5,24,7200,9.823,32.4,101798.5,2,17.321,8.229
E,4,45,300,5,25,7500,7.811,24.6,128019.1,2,17.321,8.229
E,4,45,300,5,26,7800,9.212,25.2,108554.1,2,17.321,8.229
E,4,45,300,5,27,8100,10.173,27.9,98302.7,2,17.321,8.229
E,4,45,300,5,28,8400,5.56,21.9,179856.1,2,17.321,8.229
E,4,45,300,5,29,8700,7.381,21.8,135476.9,2,17.321,8.229
E,4,45,300,5,30,9000,9.712,24.3,102968.9,2,17.321,8.229
E,4,45,300,5,31,9300,16.605,28.2,60221.6,2,17.321,8.229
E,4,45,300,5,32,9600,13.916,34.9,71859.7,2,17.321,8.229
E,4,45,300,5,33,9900,15.375,40.4,65042.1,2,17.321,8.229
E,4,45,300,5,34,10200,17.947,44.0,55719.6,2,17.321,8.229
E,4,45,300,5,35,10500,20.187,55.9,49536.0,2,17.321,8.229
E,4,45,300,5,36,10800,21.385,60.7,46762.5,2,17.321,8.229
E,4,45,300,5,37,11100,24.762,65.5,40384.5,2,17.321,8.229
E,4,45,300,5,38,11400,26.025,72.0,38424.1,2,17.321,8.229
E,4,45,300,5,39,11700,28.553,81.1,35022.2,2,17.321,8.229
E,4,45,300,5,40,12000,28.321,85.4,35309.9,2,17.321,8.229
E,4,45,300,6,1,300,24.385,55.9,41008.8,2,17.321,8.229
E,4,45,300,6,2,600,9.446,25.2,105861.2,2,17.321,8.229
E,4,45,300,6,3,900,9.559,22.8,104609.8,2,17.321,8.229
E,4,45,300,6,4,1200,10.595,23.7,94387.1,2,17.321,8.229
E,4,45,300,6,5,1500,11.773,33.6,84940.1,2,17.321,8.229
E,4,45,300,6,6,1800,12.573,27.0,79535.5,2,17.321,8.229
E,4,45,300,6,7,2100,13.203,29.7,75738.4,2,17.321,8.229
E,4,45,300,6,8,2400,13.304,33.6,75167.2,2,17.321,8.229
E,4,45,300,6,9,2700,17.058,40.7,58622.4,2,17.321,8.229
E,4,45,300,6,10,3000,15.394,43.2,64961.8,2,17.321,8.229
E,4,45,300,6,11,3300,16.329,36.9,61240.7,2,17.321,8.229
E,4,45,300,6,12,3600,12.135,37.6,82406.3,2,17.321,8.229
E,4,45,300,6,13,3900,13.97,30.0,71583.7,2,17.321,8.229
E,4,45,300,6,14,4200,11.401,25.7,87709.0,2,17.321,8.229
E,4,45,300,6,15,4500,11.909,27.7,83972.5,2,17.321,8.229
E,4,45,300,6,16,4800,12.929,58.9,77347.5,2,17.321,8.229
E,4,45,300,6,17,5100,12.614,30.7,79274.9,2,17.321,8.229
E,4,45,300,6,18,5400,12.924,28.6,77373.4,2,17.321,8.229
E,4,45,300,6,19,5700,12.912,37.1,77447.3,2,17.321,8.229
E,4,45,300,6,20,6000,14.304,37.6,69908.9,2,17.321,8.229
E,4,45,300,6,21,6300,21.609,37.4,46276.3,2,17.321,8.229
E,4,45,300,6,22,6600,10.937,31.8,91432.8,2,17.321,8.229
E,4,45,300,6,23,6900,11.331,29.2,88250.9,2,17.321,8.229
E,4,45,300,6,24,7200,9.664,35.1,103476.8,2,17.321,8.229
E,4,45,300,6,25,7500,7.773,24.2,128650.5,2,17.321,8.229
E,4,45,300,6,26,7800,9.091,25.6,110002.9,2,17.321,8.229
E,4,45,300,6,27,8100,10.126,40.5,98755.7,2,17.321,8.229
E,4,45,300,6,28,8400,6.087,23.3,164275.5,2,17.321,8.229
E,4,45,300,6,29,8700,7.454,20.5,134156.2,2,17.321,8.229
E,4,45,300,6,30,9000,9.446,23.3,105861.2,2,17.321,8.229
E,4,45,300,6,31,9300,16.552,28.4,60415.7,2,17.321,8.229
E,4,45,300,6,32,9600,13.553,34.7,73782.6,2,17.321,8.229
E,4,45,300,6,33,9900,15.261,40.4,65527.9,2,17.321,8.229
E,4,45,300,6,34,10200,18.027,45.2,55473.4,2,17.321,8.229
E,4,45,300,6,35,10500,19.939,54.3,50153.0,2,17.321,8.229
E,4,45,300,6,36,10800,21.089,61.0,47418.8,2,17.321,8.229
E,4,45,300,6,37,11100,25.668,76.8,38959.5,2,17.321,8.229
E,4,45,300,6,38,11400,26.081,75.0,38342.1,2,17.321,8.229
E,4,45,300,6,39,11700,27.87,88.7,35880.4,2,17.321,8.229
E,4,45,300,6,40,12000,28.37,87.9,35248.9,2,17.321,8.229
E,4,45,300,8,1,300,23.532,54.2,42495.9,2,17.321,8.229
E,4,45,300,8,2,600,8.366,25.1,119531.4,2,17.321,8.229
E,4,45,300,8,3,900,9.523,25.1,105005.2,2,17.321,8.229
E,4,45,300,8,4,1200,9.8,24.1,102044.3,2,17.321,8.229
E,4,45,300,8,5,1500,10.355,24.9,96568.6,2,17.321,8.229
E,4,45,300,8,6,1800,11.224,25.6,89097.4,2,17.321,8.229
E,4,45,300,8,7,2100,12.728,29.5,78564.9,2,17.321,8.229
E,4,45,300,8,8,2400,12.456,33.0,80284.7,2,17.321,8.229
E,4,45,300,8,9,2700,14.938,37.4,66941.9,2,17.321,8.229
E,4,45,300,8,10,3000,14.13,40.9,70769.7,2,17.321,8.229
E,4,45,300,8,11,3300,15.325,34.1,65251.4,2,17.321,8.229
E,4,45,300,8,12,3600,9.499,26.4,105270.6,2,17.321,8.229
E,4,45,300,8,13,3900,8.975,26.6,111424.7,2,17.321,8.229
E,4,45,300,8,14,4200,9.38,25.3,106613.6,2,17.321,8.229
E,4,45,300,8,15,4500,10.528,51.3,94984.8,2,17.321,8.229
E,4,45,300,8,16,4800,10.721,52.9,93274.9,2,17.321,8.229
E,4,45,300,8,17,5100,10.267,33.1,97396.3,2,17.321,8.229
E,4,45,300,8,18,5400,10.485,29.8,95377.4,2,17.321,8.229
E,4,45,300,8,19,5700,10.066,27.4,99344.3,2,17.321,8.229
E,4,45,300,8,20,6000,10.99,31.1,90991.8,2,17.321,8.229
E,4,45,300,8,21,6300,20.711,35.5,48284.3,2,17.321,8.229
E,4,45,300,8,22,6600,13.581,33.5,73630.5,2,17.321,8.229
E,4,45,300,8,23,6900,11.436,43.0,87440.6,2,17.321,8.229
E,4,45,300,8,24,7200,9.29,34.0,107642.6,2,17.321,8.229
E,4,45,300,8,25,7500,7.446,24.9,134294.3,2,17.321,8.229
E,4,45,300,8,26,7800,8.776,26.7,113942.8,2,17.321,8.229
E,4,45,300,8,27,8100,9.272,25.8,107855.5,2,17.321,8.229
E,4,45,300,8,28,8400,6.105,25.6,163809.1,2,17.321,8.229
E,4,45,300,8,29,8700,7.3,21.5,136986.3,2,17.321,8.229
E,4,45,300,8,30,9000,9.403,24.5,106352.8,2,17.321,8.229
E,4,45,300,8,31,9300,16.537,28.4,60470.5,2,17.321,8.229
E,4,45,300,8,32,9600,142.662,34.9,7009.6,2,17.321,8.229
E,4,45,300,8,33,9900,15.289,40.7,65407.9,2,17.321,8.229
E,4,45,300,8,34,10200,18.531,48.6,53962.7,2,17.321,8.229
E,4,45,300,8,35,10500,19.565,54.4,51110.8,2,17.321,8.229
E,4,45,300,8,36,10800,21.352,60.9,46834.7,2,17.321,8.229
E,4,45,300,8,37,11100,24.273,65.4,41198.0,2,17.321,8.229
E,4,45,300,8,38,11400,26.585,75.4,37614.7,2,17.321,8.229
E,4,45,300,8,39,11700,27.043,78.0,36978.6,2,17.321,8.229
E,4,45,300,8,40,12000,28.821,89.9,34696.9,2,17.321,8.229
E,4,45,300,10,1,300,23.541,54.6,42479.1,2,17.321,8.229
E,4,45,300,10,2,600,8.84,25.9,113126.4,2,17.321,8.229
E,4,45,300,10,3,900,8.604,22.2,116225.0,2,17.321,8.229
E,4,45,300,10,4,1200,9.636,23.8,103781.1,2,17.321,8.229
E,4,45,300,10,5,1500,10.377,24.4,96367.0,2,17.321,8.229
E,4,45,300,10,6,1800,11.283,24.8,88628.9,2,17.321,8.229
E,4,45,300,10,7,2100,12.726,31.1,78581.4,2,17.321,8.229
E,4,45,300,10,8,2400,12.366,32.8,80866.9,2,17.321,8.229
E,4,45,300,10,9,2700,14.953,37.2,66877.7,2,17.321,8.229
E,4,45,300,10,10,3000,14.89,43.3,67160.7,2,17.321,8.229
E,4,45,300,10,11,3300,14.714,34.2,67964.0,2,17.321,8.229
E,4,45,300,10,12,3600,9.538,25.7,104843.8,2,17.321,8.229
E,4,45,300,10,13,3900,9.011,26.3,110979.6,2,17.321,8.229
E,4,45,300,10,14,4200,9.42,27.5,106153.4,2,17.321,8.229
E,4,45,300,10,15,4500,10.142,51.1,98603.1,2,17.321,8.229
E,4,45,300,10,16,4800,10.422,52.7,95953.9,2,17.321,8.229
E,4,45,300,10,17,5100,10.11,26.5,98908.7,2,17.321,8.229
E,4,45,300,10,18,5400,10.302,27.5,97068.5,2,17.321,8.229
E,4,45,300,10,19,5700,10.432,30.1,95855.8,2,17.321,8.229
E,4,45,300,10,20,6000,10.713,28.8,93347.4,2,17.321,8.229
E,4,45,300,10,21,6300,20.052,34.2,49870.3,2,17.321,8.229
E,4,45,300,10,22,6600,10.256,33.8,97507.1,2,17.321,8.229
E,4,45,300,10,23,6900,11.237,33.9,88994.4,2,17.321,8.229
E,4,45,300,10,24,7200,9.214,33.1,108530.5,2,17.321,8.229
E,4,45,300,10,25,7500,7.526,25.1,132878.6,2,17.321,8.229
E,4,45,300,10,26,7800,8.786,26.7,113813.1,2,17.321,8.229
E,4,45,300,10,27,8100,9.16,25.6,109174.3,2,17.321,8.229
E,4,45,300,10,28,8400,6.141,27.6,162831.1,2,17.321,8.229
E,4,45,300,10,29,8700,7.327,20.4,136487.7,2,17.321,8.229
E,4,45,300,10,30,9000,9.472,23.5,105570.6,2,17.321,8.229
E,4,45,300,10,31,9300,16.504,33.3,60590.2,2,17.321,8.229
E,4,45,300,10,32,9600,13.553,49.4,73784.4,2,17.321,8.229
E,4,45,300,10,33,9900,15.261,40.7,65525.1,2,17.321,8.229
E,4,45,300,10,34,10200,17.769,44.3,56278.8,2,17.321,8.229
E,4,45,300,10,35,10500,20.21,64.4,49480.4,2,17.321,8.229
E,4,45,300,10,36,10800,21.331,65.4,46880.9,2,17.321,8.229
E,4,45,300,10,37,11100,24.905,65.6,40152.0,2,17.321,8.229
E,4,45,300,10,38,11400,28.37,81.8,35248.5,2,17.321,8.229
E,4,45,300,10,39,11700,27.91,79.5,35829.9,2,17.321,8.229
E,4,45,300,10,40,12000,28.338,85.5,35287.9,2,17.321,8.229
E,4,45,300,14,1,300,23.792,54.2,42031.5,2,17.321,8.229
E,4,45,300,14,2,600,8.629,25.3,115892.7,2,17.321,8.229
E,4,45,300,14,3,900,8.542,21.8,117064.0,2,17.321,8.229
E,4,45,300,14,4,1200,10.266,26.3,97412.1,2,17.321,8.229
E,4,45,300,14,5,1500,10.457,27.1,95632.8,2,17.321,8.229
E,4,45,300,14,6,1800,11.395,25.3,87760.4,2,17.321,8.229
E,4,45,300,14,7,2100,12.278,28.1,81448.7,2,17.321,8.229
E,4,45,300,14,8,2400,13.071,36.4,76507.2,2,17.321,8.229
E,4,45,300,14,9,2700,15.178,37.6,65886.3,2,17.321,8.229
E,4,45,300,14,10,3000,14.33,41.6,69783.7,2,17.321,8.229
E,4,45,300,14,11,3300,14.213,34.7,70359.8,2,17.321,8.229
E,4,45,300,14,12,3600,9.151,27.1,109281.7,2,17.321,8.229
E,4,45,300,14,13,3900,8.247,25.8,121256.2,2,17.321,8.229
E,4,45,300,14,14,4200,8.487,25.5,117831.9,2,17.321,8.229
E,4,45,300,14,15,4500,8.433,23.9,118577.1,2,17.321,8.229
E,4,45,300,14,16,4800,9.674,51.8,103366.3,2,17.321,8.229
E,4,45,300,14,17,5100,12.106,47.7,82601.4,2,17.321,8.229
E,4,45,300,14,18,5400,9.679,33.2,103312.9,2,17.321,8.229
E,4,45,300,14,19,5700,8.906,26.5,112288.1,2,17.321,8.229
E,4,45,300,14,20,6000,9.889,31.2,101125.9,2,17.321,8.229
E,4,45,300,14,21,6300,21.345,37.0,46850.1,2,17.321,8.229
E,4,45,300,14,22,6600,10.385,34.1,96289.6,2,17.321,8.229
E,4,45,300,14,23,6900,10.273,28.3,97345.7,2,17.321,8.229
E,4,45,300,14,24,7200,9.066,31.8,110302.2,2,17.321,8.229
E,4,45,300,14,25,7500,8.374,28.5,119417.3,2,17.321,8.229
E,4,45,300,14,26,7800,8.878,28.5,112633.7,2,17.321,8.229
E,4,45,300,14,27,8100,9.301,26.0,107515.3,2,17.321,8.229
E,4,45,300,14,28,8400,5.565,22.1,179694.5,2,17.321,8.229
E,4,45,300,14,29,8700,7.295,18.9,137086.5,2,17.321,8.229
E,4,45,300,14,30,9000,9.657,29.3,103555.4,2,17.321,8.229
E,4,45,300,14,31,9300,16.829,28.8,59421.2,2,17.321,8.229
E,4,45,300,14,32,9600,13.043,34.7,76667.5,2,17.321,8.229
E,4,45,300,14,33,9900,15.342,41.1,65182.0,2,17.321,8.229
E,4,45,300,14,34,10200,18.469,46.7,54145.8,2,17.321,8.229
E,4,45,300,14,35,10500,19.594,55.2,51036.0,2,17.321,8.229
E,4,45,300,14,36,10800,21.7,63.2,46082.9,2,17.321,8.229
E,4,45,300,14,37,11100,24.357,66.1,41056.5,2,17.321,8.229
E,4,45,300,14,38,11400,26.618,76.0,37568.1,2,17.321,8.229
E,4,45,300,14,39,11700,27.286,79.0,36648.8,2,17.321,8.229
E,4,45,300,14,40,12000,28.664,86.0,34887.0,2,17.321,8.229
E,4,45,300,20,1,300,27.515,56.7,36344.3,2,17.321,8.229
E,4,45,300,20,2,600,8.603,28.4,116243.0,2,17.321,8.229
E,4,45,300,20,3,900,8.486,23.4,117841.2,2,17.321,8.229
E,4,45,300,20,4,1200,9.529,24.8,104939.1,2,17.321,8.229
E,4,45,300,20,5,1500,10.18,25.3,98235.1,2,17.321,8.229
E,4,45,300,20,6,1800,12.027,37.7,83148.5,2,17.321,8.229
E,4,45,300,20,7,2100,12.286,28.1,81395.7,2,17.321,8.229
E,4,45,300,20,8,2400,12.331,32.4,81096.4,2,17.321,8.229
E,4,45,300,20,9,2700,14.861,37.6,67290.2,2,17.321,8.229
E,4,45,300,20,10,3000,14.807,42.3,67537.1,2,17.321,8.229
E,4,45,300,20,11,3300,14.425,33.9,69325.7,2,17.321,8.229
E,4,45,300,20,12,3600,8.628,25.9,115897.2,2,17.321,8.229
E,4,45,300,20,13,3900,8.013,27.0,124797.2,2,17.321,8.229
E,4,45,300,20,14,4200,8.682,27.4,115180.8,2,17.321,8.229
E,4,45,300,20,15,4500,8.482,28.3,117892.1,2,17.321,8.229
E,4,45,300,20,16,4800,9.213,52.1,108538.4,2,17.321,8.229
E,4,45,300,20,17,5100,8.554,25.8,116904.4,2,17.321,8.229
E,4,45,300,20,18,5400,9.123,28.1,109613.1,2,17.321,8.229
E,4,45,300,20,19,5700,8.942,26.2,111831.8,2,17.321,8.229
E,4,45,300,20,20,6000,9.44,29.4,105932.2,2,17.321,8.229
E,4,45,300,20,21,6300,20.305,36.4,49249.0,2,17.321,8.229
E,4,45,300,20,22,6600,10.411,33.5,96055.3,2,17.321,8.229
E,4,45,300,20,23,6900,12.606,56.3,79325.2,2,17.321,8.229
E,4,45,300,20,24,7200,9.105,32.7,109825.7,2,17.321,8.229
E,4,45,300,20,25,7500,7.419,24.6,134795.1,2,17.321,8.229
E,4,45,300,20,26,7800,8.695,26.5,115013.0,2,17.321,8.229
E,4,45,300,20,27,8100,9.149,25.3,109301.6,2,17.321,8.229
E,4,45,300,20,28,8400,6.0,23.5,166657.4,2,17.321,8.229
E,4,45,300,20,29,8700,7.327,18.9,136475.3,2,17.321,8.229
E,4,45,300,20,30,9000,9.447,23.8,105850.0,2,17.321,8.229
E,4,45,300,20,31,9300,16.504,29.3,60591.4,2,17.321,8.229
E,4,45,300,20,32,9600,13.317,35.5,75092.0,2,17.321,8.229
E,4,45,300,20,33,9900,15.244,41.1,65599.6,2,17.321,8.229
E,4,45,300,20,34,10200,17.862,44.8,55985.8,2,17.321,8.229
E,4,45,300,20,35,10500,20.104,56.6,49740.5,2,17.321,8.229
E,4,45,300,20,36,10800,21.05,60.9,47505.9,2,17.321,8.229
E,4,45,300,20,37,11100,24.906,67.2,40150.4,2,17.321,8.229
E,4,45,300,20,38,11400,26.039,72.7,38403.4,2,17.321,8.229
E,4,45,300,20,39,11700,28.297,94.0,35339.0,2,17.321,8.229
E,4,45,300,20,40,12000,28.344,86.4,35281.2,2,17.321,8.229
E,4,45,500,2,1,300,27.238,57.5,36713.4,2,22.361,8.966
E,4,45,500,2,2,600,23.959,58.6,41737.4,2,22.361,8.966
E,4,45,500,2,3,900,23.372,48.0,42786.9,2,22.361,8.966
E,4,45,500,2,4,1200,24.599,67.5,40652.1,2,22.361,8.966
E,4,45,500,2,5,1500,23.942,40.8,41767.0,2,22.361,8.966
E,4,45,500,2,6,1800,25.829,48.3,38716.2,2,22.361,8.966
E,4,45,500,2,7,2100,26.646,46.9,37528.6,2,22.361,8.966
E,4,45,500,2,8,2400,27.972,57.7,35750.5,2,22.361,8.966
E,4,45,500,2,9,2700,30.855,57.3,32409.7,2,22.361,8.966
E,4,45,500,2,10,3000,29.998,61.4,33335.6,2,22.361,8.966
E,4,45,500,2,11,3300,34.871,78.5,28677.1,2,22.361,8.966
E,4,45,500,2,12,3600,28.276,50.3,35365.3,2,22.361,8.966
E,4,45,500,2,13,3900,30.682,70.4,32592.4,2,22.361,8.966
E,4,45,500,2,14,4200,32.304,91.0,30955.9,2,22.361,8.966
E,4,45,500,2,15,4500,32.587,63.4,30686.8,2,22.361,8.966
E,4,45,500,2,16,4800,29.555,49.8,33835.6,2,22.361,8.966
E,4,45,500,2,17,5100,31.584,67.6,31661.3,2,22.361,8.966
E,4,45,500,2,18,5400,33.11,50.2,30202.7,2,22.361,8.966
E,4,45,500,2,19,5700,34.717,59.7,28804.6,2,22.361,8.966
E,4,45,500,2,20,6000,36.881,62.4,27114.5,2,22.361,8.966
E,4,45,500,2,21,6300,28.917,58.6,34581.3,2,22.361,8.966
E,4,45,500,2,22,6600,15.884,36.5,62957.8,2,22.361,8.966
E,4,45,500,2,23,6900,18.681,48.2,53529.4,2,22.361,8.966
E,4,45,500,2,24,7200,17.359,40.9,57605.9,2,22.361,8.966
E,4,45,500,2,25,7500,18.901,48.8,52906.3,2,22.361,8.966
E,4,45,500,2,26,7800,19.258,42.5,51926.5,2,22.361,8.966
E,4,45,500,2,27,8100,20.451,38.6,48898.2,2,22.361,8.966
E,4,45,500,2,28,8400,17.72,56.5,56433.4,2,22.361,8.966
E,4,45,500,2,29,8700,17.074,34.2,58567.4,2,22.361,8.966
E,4,45,500,2,30,9000,18.027,36.1,55473.4,2,22.361,8.966
E,4,45,500,2,31,9300,24.327,56.5,41106.6,2,22.361,8.966
E,4,45,500,2,32,9600,19.014,36.7,52593.7,2,22.361,8.966
E,4,45,500,2,33,9900,19.599,54.7,51023.9,2,22.361,8.966
E,4,45,500,2,34,10200,19.632,41.4,50938.1,2,22.361,8.966
E,4,45,500,2,35,10500,20.642,74.1,48445.7,2,22.361,8.966
E,4,45,500,2,36,10800,20.779,58.0,48126.3,2,22.361,8.966
E,4,45,500,2,37,11100,21.344,45.1,46852.3,2,22.361,8.966
E,4,45,500,2,38,11400,22.776,71.4,43905.9,2,22.361,8.966
E,4,45,500,2,39,11700,22.314,48.0,44814.9,2,22.361,8.966
E,4,45,500,2,40,12000,23.798,58.7,42020.3,2,22.361,8.966
E,4,45,500,3,1,300,25.815,61.2,38737.2,2,22.361,8.966
E,4,45,500,3,2,600,19.047,44.7,52501.7,2,22.361,8.966
E,4,45,500,3,3,900,20.579,38.3,48593.2,2,22.361,8.966
E,4,45,500,3,4,1200,20.029,35.5,49928.4,2,22.361,8.966
E,4,45,500,3,5,1500,21.521,54.3,46467.0,2,22.361,8.966
E,4,45,500,3,6,1800,22.339,43.5,44764.8,2,22.361,8.966
E,4,45,500,3,7,2100,24.51,47.7,40799.7,2,22.361,8.966
E,4,45,500,3,8,2400,24.291,55.9,41166.9,2,22.361,8.966
E,4,45,500,3,9,2700,27.91,58.5,35829.5,2,22.361,8.966
E,4,45,500,3,10,3000,26.841,61.6,37256.0,2,22.361,8.966
E,4,45,500,3,11,3300,28.31,72.5,35323.2,2,22.361,8.966
E,4,45,500,3,12,3600,22.806,48.5,43848.1,2,22.361,8.966
E,4,45,500,3,13,3900,25.467,63.8,39266.0,2,22.361,8.966
E,4,45,500,3,14,4200,25.515,56.9,39192.1,2,22.361,8.966
E,4,45,500,3,15,4500,25.805,54.3,38752.2,2,22.361,8.966
E,4,45,500,3,16,4800,24.764,39.3,40380.7,2,22.361,8.966
E,4,45,500,3,17,5100,29.403,69.3,34009.8,2,22.361,8.966
E,4,45,500,3,18,5400,28.801,50.4,34720.6,2,22.361,8.966
E,4,45,500,3,19,5700,32.223,64.2,31034.1,2,22.361,8.966
E,4,45,500,3,20,6000,33.174,74.3,30143.8,2,22.361,8.966
E,4,45,500,3,21,6300,27.854,59.2,35901.9,2,22.361,8.966
E,4,45,500,3,22,6600,14.611,44.3,68440.0,2,22.361,8.966
E,4,45,500,3,23,6900,15.015,45.3,66600.1,2,22.361,8.966
E,4,45,500,3,24,7200,14.793,40.9,67598.0,2,22.361,8.966
E,4,45,500,3,25,7500,15.708,35.7,63660.5,2,22.361,8.966
E,4,45,500,3,26,7800,15.733,34.3,63559.3,2,22.361,8.966
E,4,45,500,3,27,8100,16.981,38.1,58889.4,2,22.361,8.966
E,4,45,500,3,28,8400,13.499,51.3,74079.6,2,22.361,8.966
E,4,45,500,3,29,8700,13.998,31.4,71438.8,2,22.361,8.966
E,4,45,500,3,30,9000,14.237,30.9,70241.2,2,22.361,8.966
E,4,45,500,3,31,9300,21.063,48.3,47475.9,2,22.361,8.966
E,4,45,500,3,32,9600,15.479,33.0,64602.3,2,22.361,8.966
E,4,45,500,3,33,9900,15.203,34.3,65775.1,2,22.361,8.966
E,4,45,500,3,34,10200,16.01,42.0,62459.7,2,22.361,8.966
E,4,45,500,3,35,10500,16.591,39.1,60272.4,2,22.361,8.966
E,4,45,500,3,36,10800,16.916,46.5,59116.8,2,22.361,8.966
E,4,45,500,3,37,11100,18.124,46.8,55175.5,2,22.361,8.966
E,4,45,500,3,38,11400,22.119,64.7,45210.0,2,22.361,8.966
E,4,45,500,3,39,11700,18.316,45.9,54598.1,2,22.361,8.966
E,4,45,500,3,40,12000,20.33,73.1,49189.2,2,22.361,8.966
E,4,45,500,4,1,300,22.178,52.8,45089.7,2,22.361,8.966
E,4,45,500,4,2,600,12.998,45.1,76936.9,2,22.361,8.966
E,4,45,500,4,3,900,12.904,32.1,77493.3,2,22.361,8.966
E,4,45,500,4,4,1200,13.667,31.5,73167.2,2,22.361,8.966
E,4,45,500,4,5,1500,14.7,32.7,68028.8,2,22.361,8.966
E,4,45,500,4,6,1800,15.854,35.0,63075.6,2,22.361,8.966
E,4,45,500,4,7,2100,16.87,38.4,59276.8,2,22.361,8.966
E,4,45,500,4,8,2400,18.108,54.6,55224.2,2,22.361,8.966
E,4,45,500,4,9,2700,20.24,48.7,49407.1,2,22.361,8.966
E,4,45,500,4,10,3000,19.386,53.6,51583.6,2,22.361,8.966
E,4,45,500,4,11,3300,20.507,53.1,48763.8,2,22.361,8.966
E,4,45,500,4,12,3600,15.196,33.2,65808.2,2,22.361,8.966
E,4,45,500,4,13,3900,15.703,35.8,63683.5,2,22.361,8.966
E,4,45,500,4,14,4200,17.837,68.1,56062.2,2,22.361,8.966
E,4,45,500,4,15,4500,14.766,44.1,67723.2,2,22.361,8.966
E,4,45,500,4,16,4800,14.124,28.9,70801.5,2,22.361,8.966
E,4,45,500,4,17,5100,16.949,42.1,59000.5,2,22.361,8.966
E,4,45,500,4,18,5400,17.423,36.5,57394.3,2,22.361,8.966
E,4,45,500,4,19,5700,18.742,56.4,53357.0,2,22.361,8.966
E,4,45,500,4,20,6000,20.603,45.6,48536.6,2,22.361,8.966
E,4,45,500,4,21,6300,20.015,45.1,49962.5,2,22.361,8.966
E,4,45,500,4,22,6600,11.268,46.4,88746.9,2,22.361,8.966
E,4,45,500,4,23,6900,11.318,38.4,88352.2,2,22.361,8.966
E,4,45,500,4,24,7200,11.53,40.0,86732.8,2,22.361,8.966
E,4,45,500,4,25,7500,10.68,28.3,93630.0,2,22.361,8.966
E,4,45,500,4,26,7800,11.996,41.1,83358.8,2,22.361,8.966
E,4,45,500,4,27,8100,12.461,35.9,80248.2,2,22.361,8.966
E,4,45,500,4,28,8400,10.207,31.4,97975.2,2,22.361,8.966
E,4,45,500,4,29,8700,10.916,31.6,91611.5,2,22.361,8.966
E,4,45,500,4,30,9000,10.865,31.0,92038.6,2,22.361,8.966
E,4,45,500,4,31,9300,17.284,51.2,57857.0,2,22.361,8.966
E,4,45,500,4,32,9600,11.299,32.7,88500.8,2,22.361,8.966
E,4,45,500,4,33,9900,11.923,34.6,83873.9,2,22.361,8.966
E,4,45,500,4,34,10200,11.921,34.5,83885.6,2,22.361,8.966
E,4,45,500,4,35,10500,11.829,34.5,84540.4,2,22.361,8.966
E,4,45,500,4,36,10800,12.696,52.0,78765.0,2,22.361,8.966
E,4,45,500,4,37,11100,12.657,32.1,79009.7,2,22.361,8.966
E,4,45,500,4,38,11400,13.495,49.6,74099.7,2,22.361,8.966
E,4,45,500,4,39,11700,14.016,44.9,71347.0,2,22.361,8.966
E,4,45,500,4,40,12000,13.465,38.5,74268.5,2,22.361,8.966
E,4,45,500,5,1,300,26.426,61.4,37842.0,2,22.361,8.966
E,4,45,500,5,2,600,12.023,42.9,83173.9,2,22.361,8.966
E,4,45,500,5,3,900,13.123,42.1,76200.1,2,22.361,8.966
E,4,45,500,5,4,1200,13.822,33.8,72350.2,2,22.361,8.966
E,4,45,500,5,5,1500,13.964,32.4,71614.4,2,22.361,8.966
E,4,45,500,5,6,1800,15.637,35.6,63952.2,2,22.361,8.966
E,4,45,500,5,7,2100,16.843,38.3,59373.0,2,22.361,8.966
E,4,45,500,5,8,2400,16.626,45.0,60148.0,2,22.361,8.966
E,4,45,500,5,9,2700,20.563,57.2,48630.2,2,22.361,8.966
E,4,45,500,5,10,3000,19.366,54.0,51637.8,2,22.361,8.966
E,4,45,500,5,11,3300,18.997,49.3,52640.8,2,22.361,8.966
E,4,45,500,5,12,3600,15.424,36.7,64832.6,2,22.361,8.966
E,4,45,500,5,13,3900,15.139,36.2,66053.1,2,22.361,8.966
E,4,45,500,5,14,4200,15.926,32.7,62790.4,2,22.361,8.966
E,4,45,500,5,15,4500,14.622,37.1,68390.1,2,22.361,8.966
E,4,45,500,5,16,4800,14.21,29.9,70371.3,2,22.361,8.966
E,4,45,500,5,17,5100,15.977,36.6,62588.7,2,22.361,8.966
E,4,45,500,5,18,5400,17.283,36.8,57861.4,2,22.361,8.966
E,4,45,500,5,19,5700,18.093,44.1,55269.0,2,22.361,8.966
E,4,45,500,5,20,6000,20.39,48.2,49042.8,2,22.361,8.966
E,4,45,500,5,21,6300,19.893,45.0,50269.8,2,22.361,8.966
E,4,45,500,5,22,6600,10.079,33.6,99212.9,2,22.361,8.966
E,4,45,500,5,23,6900,11.137,43.2,89793.5,2,22.361,8.966
E,4,45,500,5,24,7200,11.153,40.5,89659.3,2,22.361,8.966
E,4,45,500,5,25,7500,10.744,28.3,93075.2,2,22.361,8.966
E,4,45,500,5,26,7800,11.156,32.3,89637.9,2,22.361,8.966
E,4,45,500,5,27,8100,12.202,35.9,81956.0,2,22.361,8.966
E,4,45,500,5,28,8400,9.895,30.4,101061.2,2,22.361,8.966
E,4,45,500,5,29,8700,11.273,46.2,88704.9,2,22.361,8.966
E,4,45,500,5,30,9000,10.646,31.8,93929.1,2,22.361,8.966
E,4,45,500,5,31,9300,16.493,49.5,60633.0,2,22.361,8.966
E,4,45,500,5,32,9600,11.113,32.2,89984.7,2,22.361,8.966
E,4,45,500,5,33,9900,11.958,44.9,83623.7,2,22.361,8.966
E,4,45,500,5,34,10200,11.351,35.3,88098.0,2,22.361,8.966
E,4,45,500,5,35,10500,11.353,33.6,88085.0,2,22.361,8.966
E,4,45,500,5,36,10800,12.154,46.3,82275.2,2,22.361,8.966
E,4,45,500,5,37,11100,12.808,36.5,78078.2,2,22.361,8.966
E,4,45,500,5,38,11400,12.489,50.9,80070.5,2,22.361,8.966
E,4,45,500,5,39,11700,13.12,44.5,76221.5,2,22.361,8.966
E,4,45,500,5,40,12000,13.091,35.8,76386.4,2,22.361,8.966
E,4,45,500,6,1,300,23.082,59.5,43323.2,2,22.361,8.966
E,4,45,500,6,2,600,11.959,39.6,83619.0,2,22.361,8.966
E,4,45,500,6,3,900,12.577,32.0,79508.1,2,22.361,8.966
E,4,45,500,6,4,1200,14.157,35.2,70634.8,2,22.361,8.966
E,4,45,500,6,5,1500,13.958,33.4,71641.8,2,22.361,8.966
E,4,45,500,6,6,1800,15.756,42.5,63466.5,2,22.361,8.966
E,4,45,500,6,7,2100,17.192,50.9,58165.5,2,22.361,8.966
E,4,45,500,6,8,2400,16.65,43.9,60061.3,2,22.361,8.966
E,4,45,500,6,9,2700,19.852,47.9,50371.9,2,22.361,8.966
E,4,45,500,6,10,3000,19.556,54.6,51136.1,2,22.361,8.966
E,4,45,500,6,11,3300,18.193,49.9,54965.2,2,22.361,8.966
E,4,45,500,6,12,3600,13.528,32.0,73918.9,2,22.361,8.966
E,4,45,500,6,13,3900,14.44,52.5,69253.7,2,22.361,8.966
E,4,45,500,6,14,4200,14.446,34.6,69223.3,2,22.361,8.966
E,4,45,500,6,15,4500,14.014,36.6,71355.5,2,22.361,8.966
E,4,45,500,6,16,4800,14.748,33.4,67805.8,2,22.361,8.966
E,4,45,500,6,17,5100,16.064,39.4,62249.7,2,22.361,8.966
E,4,45,500,6,18,5400,16.937,36.2,59041.2,2,22.361,8.966
E,4,45,500,6,19,5700,19.103,50.6,52348.7,2,22.361,8.966
E,4,45,500,6,20,6000,20.173,48.9,49571.2,2,22.361,8.966
E,4,45,500,6,21,6300,24.418,55.3,40954.0,2,22.361,8.966
E,4,45,500,6,22,6600,9.95,36.6,100499.1,2,22.361,8.966
E,4,45,500,6,23,6900,10.762,42.1,92919.5,2,22.361,8.966
E,4,45,500,6,24,7200,10.943,43.3,91382.6,2,22.361,8.966
E,4,45,500,6,25,7500,10.789,32.1,92684.1,2,22.361,8.966
E,4,45,500,6,26,7800,10.866,36.0,92030.2,2,22.361,8.966
E,4,45,500,6,27,8100,11.724,37.6,85297.5,2,22.361,8.966
E,4,45,500,6,28,8400,9.312,31.8,107384.5,2,22.361,8.966
E,4,45,500,6,29,8700,10.054,32.1,99466.2,2,22.361,8.966
E,4,45,500,6,30,9000,10.828,42.4,92350.3,2,22.361,8.966
E,4,45,500,6,31,9300,16.123,44.5,62024.5,2,22.361,8.966
E,4,45,500,6,32,9600,10.408,32.2,96079.9,2,22.361,8.966
E,4,45,500,6,33,9900,10.721,33.8,93274.9,2,22.361,8.966
E,4,45,500,6,34,10200,11.086,42.9,90203.9,2,22.361,8.966
E,4,45,500,6,35,10500,10.819,36.1,92427.1,2,22.361,8.966
E,4,45,500,6,36,10800,11.477,43.8,87130.8,2,22.361,8.966
E,4,45,500,6,37,11100,11.522,32.5,86793.0,2,22.361,8.966
E,4,45,500,6,38,11400,12.156,49.6,82261.7,2,22.361,8.966
E,4,45,500,6,39,11700,12.418,45.6,80528.3,2,22.361,8.966
E,4,45,500,6,40,12000,12.149,35.3,82309.0,2,22.361,8.966
E,4,45,500,8,1,300,21.278,54.6,46997.6,2,22.361,8.966
E,4,45,500,8,2,600,9.946,41.9,100543.0,2,22.361,8.966
E,4,45,500,8,3,900,10.359,32.5,96537.5,2,22.361,8.966
E,4,45,500,8,4,1200,11.187,31.2,89386.8,2,22.361,8.966
E,4,45,500,8,5,1500,12.882,44.0,77629.7,2,22.361,8.966
E,4,45,500,8,6,1800,13.278,37.2,75312.5,2,22.361,8.966
E,4,45,500,8,7,2100,13.962,33.4,71621.3,2,22.361,8.966
E,4,45,500,8,8,2400,14.238,40.0,70236.2,2,22.361,8.966
E,4,45,500,8,9,2700,18.039,46.8,55435.4,2,22.361,8.966
E,4,45,500,8,10,3000,16.747,48.8,59711.0,2,22.361,8.966
E,4,45,500,8,11,3300,15.756,49.5,63469.2,2,22.361,8.966
E,4,45,500,8,12,3600,10.984,34.4,91038.7,2,22.361,8.966
E,4,45,500,8,13,3900,10.25,35.7,97557.8,2,22.361,8.966
E,4,45,500,8,14,4200,10.774,30.4,92818.9,2,22.361,8.966
E,4,45,500,8,15,4500,10.865,37.6,92038.7,2,22.361,8.966
E,4,45,500,8,16,4800,11.189,34.3,89373.5,2,22.361,8.966
E,4,45,500,8,17,5100,12.085,38.0,82744.9,2,22.361,8.966
E,4,45,500,8,18,5400,13.214,29.1,75677.3,2,22.361,8.966
E,4,45,500,8,19,5700,14.405,38.8,69421.9,2,22.361,8.966
E,4,45,500,8,20,6000,16.395,38.0,60995.4,2,22.361,8.966
E,4,45,500,8,21,6300,17.71,55.1,56464.2,2,22.361,8.966
E,4,45,500,8,22,6600,8.78,33.5,113895.2,2,22.361,8.966
E,4,45,500,8,23,6900,9.853,39.8,101491.9,2,22.361,8.966
E,4,45,500,8,24,7200,9.745,40.4,102616.8,2,22.361,8.966
E,4,45,500,8,25,7500,8.773,28.2,113981.7,2,22.361,8.966
E,4,45,500,8,26,7800,9.361,33.5,106830.0,2,22.361,8.966
E,4,45,500,8,27,8100,10.031,35.5,99687.7,2,22.361,8.966
E,4,45,500,8,28,8400,9.655,39.9,103569.7,2,22.361,8.966
E,4,45,500,8,29,8700,9.247,33.1,108147.1,2,22.361,8.966
E,4,45,500,8,30,9000,9.082,31.3,110107.9,2,22.361,8.966
E,4,45,500,8,31,9300,14.402,45.3,69433.2,2,22.361,8.966
E,4,45,500,8,32,9600,9.668,36.4,103437.6,2,22.361,8.966
E,4,45,500,8,33,9900,9.828,35.4,101753.5,2,22.361,8.966
E,4,45,500,8,34,10200,9.467,38.3,105626.4,2,22.361,8.966
E,4,45,500,8,35,10500,9.742,35.8,102648.3,2,22.361,8.966
E,4,45,500,8,36,10800,10.082,36.5,99189.9,2,22.361,8.966
E,4,45,500,8,37,11100,11.847,43.7,84407.2,2,22.361,8.966
E,4,45,500,8,38,11400,11.183,45.9,89418.8,2,22.361,8.966
E,4,45,500,8,39,11700,10.984,45.4,91038.8,2,22.361,8.966
E,4,45,500,8,40,12000,11.191,36.0,89354.9,2,22.361,8.966
E,4,45,500,10,1,300,21.096,61.9,47403.1,2,22.361,8.966
E,4,45,500,10,2,600,10.239,41.2,97662.6,2,22.361,8.966
E,4,45,500,10,3,900,10.401,32.0,96141.5,2,22.361,8.966
E,4,45,500,10,4,1200,11.172,31.7,89506.8,2,22.361,8.966
E,4,45,500,10,5,1500,11.797,32.9,84767.3,2,22.361,8.966
E,4,45,500,10,6,1800,14.168,44.8,70579.9,2,22.361,8.966
E,4,45,500,10,7,2100,14.054,33.2,71155.8,2,22.361,8.966
E,4,45,500,10,8,2400,14.254,39.9,70154.1,2,22.361,8.966
E,4,45,500,10,9,2700,18.156,55.0,55078.2,2,22.361,8.966
E,4,45,500,10,10,3000,16.764,49.0,59650.5,2,22.361,8.966
E,4,45,500,10,11,3300,15.538,50.3,64358.3,2,22.361,8.966
E,4,45,500,10,12,3600,11.441,37.0,87402.4,2,22.361,8.966
E,4,45,500,10,13,3900,9.991,36.1,100093.4,2,22.361,8.966
E,4,45,500,10,14,4200,10.776,31.8,92795.9,2,22.361,8.966
E,4,45,500,10,15,4500,10.967,42.4,91182.6,2,22.361,8.966
E,4,45,500,10,16,4800,10.646,29.6,93929.0,2,22.361,8.966
E,4,45,500,10,17,5100,12.243,39.1,81681.6,2,22.361,8.966
E,4,45,500,10,18,5400,13.021,29.0,76797.1,2,22.361,8.966
E,4,45,500,10,19,5700,14.33,34.8,69782.1,2,22.361,8.966
E,4,45,500,10,20,6000,17.014,50.8,58774.0,2,22.361,8.966
E,4,45,500,10,21,6300,17.606,39.7,56798.8,2,22.361,8.966
E,4,45,500,10,22,6600,8.786,33.7,113821.8,2,22.361,8.966
E,4,45,500,10,23,6900,9.454,42.4,105771.6,2,22.361,8.966
E,4,45,500,10,24,7200,10.255,40.8,97516.6,2,22.361,8.966
E,4,45,500,10,25,7500,8.739,31.1,114425.2,2,22.361,8.966
E,4,45,500,10,26,7800,9.409,32.7,106277.5,2,22.361,8.966
E,4,45,500,10,27,8100,9.982,36.2,100176.9,2,22.361,8.966
E,4,45,500,10,28,8400,8.449,30.5,118357.2,2,22.361,8.966
E,4,45,500,10,29,8700,10.106,36.5,98947.8,2,22.361,8.966
E,4,45,500,10,30,9000,9.167,32.8,109083.0,2,22.361,8.966
E,4,45,500,10,31,9300,14.622,46.1,68390.1,2,22.361,8.966
E,4,45,500,10,32,9600,9.274,32.3,107828.3,2,22.361,8.966
E,4,45,500,10,33,9900,10.597,45.9,94369.3,2,22.361,8.966
E,4,45,500,10,34,10200,9.533,37.9,104898.8,2,22.361,8.966
E,4,45,500,10,35,10500,9.636,33.6,103777.5,2,22.361,8.966
E,4,45,500,10,36,10800,10.213,37.3,97911.2,2,22.361,8.966
E,4,45,500,10,37,11100,10.452,32.8,95672.4,2,22.361,8.966
E,4,45,500,10,38,11400,11.336,51.9,88217.1,2,22.361,8.966
E,4,45,500,10,39,11700,10.761,46.4,92931.1,2,22.361,8.966
E,4,45,500,10,40,12000,11.079,36.9,90263.6,2,22.361,8.966
E,4,45,500,14,1,300,20.855,55.2,47949.4,2,22.361,8.966
E,4,45,500,14,2,600,9.755,36.8,102515.0,2,22.361,8.966
E,4,45,500,14,3,900,10.808,42.9,92526.9,2,22.361,8.966
E,4,45,500,14,4,1200,11.079,31.2,90260.8,2,22.361,8.966
E,4,45,500,14,5,1500,11.753,32.8,85087.1,2,22.361,8.966
E,4,45,500,14,6,1800,13.024,31.9,76779.4,2,22.361,8.966
E,4,45,500,14,7,2100,15.567,44.7,64238.5,2,22.361,8.966
E,4,45,500,14,8,2400,14.329,40.6,69788.5,2,22.361,8.966
E,4,45,500,14,9,2700,21.424,44.3,46677.3,2,22.361,8.966
E,4,45,500,14,10,3000,16.912,54.7,59128.4,2,22.361,8.966
E,4,45,500,14,11,3300,14.336,49.9,69754.5,2,22.361,8.966
E,4,45,500,14,12,3600,9.538,31.7,104847.5,2,22.361,8.966
E,4,45,500,14,13,3900,9.466,36.8,105637.5,2,22.361,8.966
E,4,45,500,14,14,4200,9.51,30.4,105148.8,2,22.361,8.966
E,4,45,500,14,15,4500,10.545,40.2,94831.7,2,22.361,8.966
E,4,45,500,14,16,4800,10.321,29.1,96889.8,2,22.361,8.966
E,4,45,500,14,17,5100,12.35,36.2,80971.6,2,22.361,8.966
E,4,45,500,14,18,5400,13.323,29.7,75056.3,2,22.361,8.966
E,4,45,500,14,19,5700,14.265,33.8,70101.6,2,22.361,8.966
E,4,45,500,14,20,6000,16.287,42.1,61398.7,2,22.361,8.966
E,4,45,500,14,21,6300,19.218,56.2,52034.5,2,22.361,8.966
E,4,45,500,14,22,6600,8.706,34.6,114863.3,2,22.361,8.966
E,4,45,500,14,23,6900,9.246,36.6,108158.8,2,22.361,8.966
E,4,45,500,14,24,7200,9.826,51.9,101770.8,2,22.361,8.966
E,4,45,500,14,25,7500,9.626,36.7,103885.3,2,22.361,8.966
E,4,45,500,14,26,7800,9.61,37.1,104061.9,2,22.361,8.966
E,4,45,500,14,27,8100,9.85,36.9,101522.8,2,22.361,8.966
E,4,45,500,14,28,8400,8.258,31.4,121089.8,2,22.361,8.966
E,4,45,500,14,29,8700,8.803,31.6,113602.0,2,22.361,8.966
E,4,45,500,14,30,9000,9.354,32.6,106906.1,2,22.361,8.966
E,4,45,500,14,31,9300,14.316,45.5,69851.9,2,22.361,8.966
E,4,45,500,14,32,9600,9.077,32.6,110164.5,2,22.361,8.966
E,4,45,500,14,33,9900,9.285,34.9,107700.6,2,22.361,8.966
E,4,45,500,14,34,10200,8.918,34.2,112128.6,2,22.361,8.966
E,4,45,500,14,35,10500,9.317,36.7,107334.5,2,22.361,8.966
E,4,45,500,14,36,10800,9.553,36.1,104682.8,2,22.361,8.966
E,4,45,500,14,37,11100,9.777,32.8,102284.3,2,22.361,8.966
E,4,45,500,14,38,11400,10.203,49.9,98013.6,2,22.361,8.966
E,4,45,500,14,39,11700,11.108,46.2,90022.5,2,22.361,8.966
E,4,45,500,14,40,12000,10.608,37.8,94268.5,2,22.361,8.966
E,4,45,500,20,1,300,20.65,56.3,48426.9,2,22.361,8.966
E,4,45,500,20,2,600,9.377,35.1,106643.9,2,22.361,8.966
E,4,45,500,20,3,900,9.4,33.5,106379.2,2,22.361,8.966
E,4,45,500,20,4,1200,10.325,31.4,96849.2,2,22.361,8.966
E,4,45,500,20,5,1500,11.037,33.3,90607.1,2,22.361,8.966
E,4,45,500,20,6,1800,12.215,34.4,81868.8,2,22.361,8.966
E,4,45,500,20,7,2100,13.63,43.8,73367.6,2,22.361,8.966
E,4,45,500,20,8,2400,13.443,40.3,74388.2,2,22.361,8.966
E,4,45,500,20,9,2700,16.343,42.2,61188.3,2,22.361,8.966
E,4,45,500,20,10,3000,16.516,59.2,60546.1,2,22.361,8.966
E,4,45,500,20,11,3300,13.846,50.2,72221.3,2,22.361,8.966
E,4,45,500,20,12,3600,8.974,34.4,111428.9,2,22.361,8.966
E,4,45,500,20,13,3900,8.339,34.0,119918.4,2,22.361,8.966
E,4,45,500,20,14,4200,9.593,32.8,104246.3,2,22.361,8.966
E,4,45,500,20,15,4500,9.632,39.2,103820.6,2,22.361,8.966
E,4,45,500,20,16,4800,8.78,29.2,113890.9,2,22.361,8.966
E,4,45,500,20,17,5100,10.424,36.4,95932.5,2,22.361,8.966
E,4,45,500,20,18,5400,11.46,26.1,87262.6,2,22.361,8.966
E,4,45,500,20,19,5700,13.417,49.3,74532.3,2,22.361,8.966
E,4,45,500,20,20,6000,14.756,40.3,67767.5,2,22.361,8.966
E,4,45,500,20,21,6300,16.816,38.6,59468.4,2,22.361,8.966
E,4,45,500,20,22,6600,9.078,48.2,110152.4,2,22.361,8.966
E,4,45,500,20,23,6900,9.084,37.4,110079.7,2,22.361,8.966
E,4,45,500,20,24,7200,9.414,40.3,106228.5,2,22.361,8.966
E,4,45,500,20,25,7500,8.065,28.1,123992.6,2,22.361,8.966
E,4,45,500,20,26,7800,8.745,32.6,114351.1,2,22.361,8.966
E,4,45,500,20,27,8100,9.854,47.3,101485.1,2,22.361,8.966
E,4,45,500,20,28,8400,7.91,31.8,126427.6,2,22.361,8.966
E,4,45,500,20,29,8700,8.429,32.0,118633.3,2,22.361,8.966
E,4,45,500,20,30,9000,11.86,32.8,84314.7,2,22.361,8.966
E,4,45,500,20,31,9300,13.533,45.4,73893.4,2,22.361,8.966
E,4,45,500,20,32,9600,9.509,59.2,105163.6,2,22.361,8.966
E,4,45,500,20,33,9900,8.853,35.8,112951.8,2,22.361,8.966
E,4,45,500,20,34,10200,8.564,36.3,116763.3,2,22.361,8.966
E,4,45,500,20,35,10500,8.592,34.1,116391.9,2,22.361,8.966
E,4,45,500,20,36,10800,9.111,35.9,109761.4,2,22.361,8.966
E,4,45,500,20,37,11100,10.053,51.6,99476.1,2,22.361,8.966
E,4,45,500,20,38,11400,9.597,40.8,104199.2,2,22.361,8.966
E,4,45,500,20,39,11700,9.664,45.6,103476.8,2,22.361,8.966
E,4,45,500,20,40,12000,9.727,36.3,102810.1,2,22.361,8.966
E,4,45,800,2,1,300,25.841,84.2,38697.7,3,28.284,9.644
E,4,45,800,2,2,600,18.974,78.8,52704.6,3,28.284,9.644
E,4,45,800,2,3,900,19.183,65.6,52130.4,3,28.284,9.644
E,4,45,800,2,4,1200,20.683,52.0,48349.7,3,28.284,9.644
E,4,45,800,2,5,1500,20.902,78.3,47843.1,3,28.284,9.644
E,4,45,800,2,6,1800,21.643,50.6,46204.3,3,28.284,9.644
E,4,45,800,2,7,2100,22.71,62.9,44032.8,3,28.284,9.644
E,4,45,800,2,8,2400,23.221,77.5,43064.5,3,28.284,9.644
E,4,45,800,2,9,2700,25.051,62.0,39919.1,3,28.284,9.644
E,4,45,800,2,10,3000,25.544,62.4,39147.6,3,28.284,9.644
E,4,45,800,2,11,3300,27.16,83.8,36819.3,3,28.284,9.644
E,4,45,800,2,12,3600,22.877,55.7,43711.4,3,28.284,9.644
E,4,45,800,2,13,3900,25.136,76.6,39784.1,3,28.284,9.644
E,4,45,800,2,14,4200,25.83,68.9,38715.2,3,28.284,9.644
E,4,45,800,2,15,4500,26.64,79.3,37537.5,3,28.284,9.644
E,4,45,800,2,16,4800,27.011,81.0,37021.5,3,28.284,9.644
E,4,45,800,2,17,5100,27.256,75.1,36688.7,3,28.284,9.644
E,4,45,800,2,18,5400,26.762,52.4,37366.4,3,28.284,9.644
E,4,45,800,2,19,5700,29.035,84.9,34441.6,3,28.284,9.644
E,4,45,800,2,20,6000,29.381,73.5,34035.2,3,28.284,9.644
E,4,45,800,2,21,6300,40.795,76.3,24512.6,4,28.284,9.644
E,4,45,800,2,22,6600,32.639,80.2,30638.2,4,28.284,9.644
E,4,45,800,2,23,6900,32.382,74.5,30881.7,4,28.284,9.644
E,4,45,800,2,24,7200,33.337,76.2,29996.7,4,28.284,9.644
E,4,45,800,2,25,7500,34.592,81.7,28908.4,4,28.284,9.644
E,4,45,800,2,26,7800,33.213,71.1,30109.0,4,28.284,9.644
E,4,45,800,2,27,8100,27.374,61.3,36531.0,4,28.284,9.644
E,4,45,800,2,28,8400,28.921,69.5,34576.6,4,28.284,9.644
E,4,45,800,2,29,8700,29.687,69.3,33684.8,4,28.284,9.644
E,4,45,800,2,30,9000,30.831,78.6,32434.9,4,28.284,9.644
E,4,45,800,2,31,9300,31.312,76.9,31936.3,4,28.284,9.644
E,4,45,800,2,32,9600,33.011,79.6,30292.9,4,28.284,9.644
E,4,45,800,2,33,9900,35.118,109.4,28475.7,4,28.284,9.644
E,4,45,800,2,34,10200,35.1,88.7,28490.0,4,28.284,9.644
E,4,45,800,2,35,10500,36.569,92.7,27345.8,4,28.284,9.644
E,4,45,800,2,36,10800,37.716,96.4,26514.2,4,28.284,9.644
E,4,45,800,2,37,11100,39.109,97.7,25569.3,4,28.284,9.644
E,4,45,800,2,38,11400,40.056,105.1,24965.0,4,28.284,9.644
E,4,45,800,2,39,11700,40.59,108.1,24636.8,4,28.284,9.644
E,4,45,800,2,40,12000,41.696,112.7,23982.9,4,28.284,9.644
E,4,45,800,3,1,300,26.007,76.5,38450.7,3,28.284,9.644
E,4,45,800,3,2,600,16.684,72.7,59938.9,3,28.284,9.644
E,4,45,800,3,3,900,17.956,84.8,55692.7,3,28.284,9.644
E,4,45,800,3,4,1200,18.703,52.0,53466.4,3,28.284,9.644
E,4,45,800,3,5,1500,17.917,53.6,55812.9,3,28.284,9.644
E,4,45,800,3,6,1800,21.089,60.3,47418.8,3,28.284,9.644
E,4,45,800,3,7,2100,19.634,54.5,50931.2,3,28.284,9.644
E,4,45,800,3,8,2400,21.466,69.0,46585.3,3,28.284,9.644
E,4,45,800,3,9,2700,22.881,57.1,43704.4,3,28.284,9.644
E,4,45,800,3,10,3000,22.005,52.6,45444.2,3,28.284,9.644
E,4,45,800,3,11,3300,22.943,68.7,43586.3,3,28.284,9.644
E,4,45,800,3,12,3600,18.739,51.4,53363.7,3,28.284,9.644
E,4,45,800,3,13,3900,19.977,67.1,50057.6,3,28.284,9.644
E,4,45,800,3,14,4200,20.611,68.9,48517.0,3,28.284,9.644
E,4,45,800,3,15,4500,21.527,60.1,46454.0,3,28.284,9.644
E,4,45,800,3,16,4800,22.338,77.2,44767.4,3,28.284,9.644
E,4,45,800,3,17,5100,21.856,73.2,45754.7,3,28.284,9.644
E,4,45,800,3,18,5400,23.021,70.9,43439.2,3,28.284,9.644
E,4,45,800,3,19,5700,22.892,72.8,43683.4,3,28.284,9.644
E,4,45,800,3,20,6000,24.597,73.9,40654.8,3,28.284,9.644
E,4,45,800,3,21,6300,35.522,68.4,28151.6,4,28.284,9.644
E,4,45,800,3,22,6600,27.229,63.5,36725.1,4,28.284,9.644
E,4,45,800,3,23,6900,31.088,97.5,32166.8,4,28.284,9.644
E,4,45,800,3,24,7200,42.603,141.5,23472.3,4,28.284,9.644
E,4,45,800,3,25,7500,29.419,58.1,33992.0,4,28.284,9.644
E,4,45,800,3,26,7800,29.094,67.7,34371.0,4,28.284,9.644
E,4,45,800,3,27,8100,23.798,61.9,42019.8,4,28.284,9.644
E,4,45,800,3,28,8400,25.004,66.1,39993.1,4,28.284,9.644
E,4,45,800,3,29,8700,26.125,69.4,38278.0,4,28.284,9.644
E,4,45,800,3,30,9000,27.657,85.1,36157.6,4,28.284,9.644
E,4,45,800,3,31,9300,27.477,77.3,36394.5,4,28.284,9.644
E,4,45,800,3,32,9600,29.654,81.8,33722.3,4,28.284,9.644
E,4,45,800,3,33,9900,30.469,100.2,32820.2,4,28.284,9.644
E,4,45,800,3,34,10200,30.618,87.4,32660.2,4,28.284,9.644
E,4,45,800,3,35,10500,33.349,98.4,29985.9,4,28.284,9.644
E,4,45,800,3,36,10800,33.186,96.7,30133.5,4,28.284,9.644
E,4,45,800,3,37,11100,36.423,105.5,27454.9,4,28.284,9.644
E,4,45,800,3,38,11400,35.674,102.2,28031.9,4,28.284,9.644
E,4,45,800,3,39,11700,37.69,110.3,26532.2,4,28.284,9.644
E,4,45,800,3,40,12000,36.872,107.0,27121.1,4,28.284,9.644
E,4,45,800,4,1,300,21.318,57.7,46908.7,3,28.284,9.644
E,4,45,800,4,2,600,14.403,72.7,69430.0,3,28.284,9.644
E,4,45,800,4,3,900,14.125,53.7,70794.8,3,28.284,9.644
E,4,45,800,4,4,1200,15.642,53.6,63930.4,3,28.284,9.644
E,4,45,800,4,5,1500,15.173,47.4,65908.0,3,28.284,9.644
E,4,45,800,4,6,1800,16.89,52.5,59207.8,3,28.284,9.644
E,4,45,800,4,7,2100,17.698,55.0,56504.6,3,28.284,9.644
E,4,45,800,4,8,2400,18.055,68.2,55387.3,3,28.284,9.644
E,4,45,800,4,9,2700,20.098,65.8,49756.2,3,28.284,9.644
E,4,45,800,4,10,3000,19.355,52.4,51665.4,3,28.284,9.644
E,4,45,800,4,11,3300,18.921,68.5,52850.4,3,28.284,9.644
E,4,45,800,4,12,3600,15.628,52.1,63987.7,3,28.284,9.644
E,4,45,800,4,13,3900,15.524,65.6,64415.0,3,28.284,9.644
E,4,45,800,4,14,4200,15.663,68.6,63846.1,3,28.284,9.644
E,4,45,800,4,15,4500,17.166,66.2,58254.7,3,28.284,9.644
E,4,45,800,4,16,4800,17.759,74.7,56309.5,3,28.284,9.644
E,4,45,800,4,17,5100,16.691,52.2,59911.3,3,28.284,9.644
E,4,45,800,4,18,5400,17.484,67.1,57195.1,3,28.284,9.644
E,4,45,800,4,19,5700,17.023,54.8,58742.9,3,28.284,9.644
E,4,45,800,4,20,6000,17.542,63.5,57006.0,3,28.284,9.644
E,4,45,800,4,21,6300,28.445,66.1,35156.0,4,28.284,9.644
E,4,45,800,4,22,6600,17.061,49.0,58613.2,4,28.284,9.644
E,4,45,800,4,23,6900,19.103,66.1,52347.8,4,28.284,9.644
E,4,45,800,4,24,7200,19.014,72.9,52593.7,4,28.284,9.644
E,4,45,800,4,25,7500,18.524,59.4,53983.0,4,28.284,9.644
E,4,45,800,4,26,7800,18.362,61.1,54461.3,4,28.284,9.644
E,4,45,800,4,27,8100,14.961,49.8,66839.0,4,28.284,9.644
E,4,45,800,4,28,8400,15.61,44.7,64060.1,4,28.284,9.644
E,4,45,800,4,29,8700,16.496,52.5,60620.8,4,28.284,9.644
E,4,45,800,4,30,9000,17.075,65.5,58566.3,4,28.284,9.644
E,4,45,800,4,31,9300,18.057,52.1,55380.2,4,28.284,9.644
E,4,45,800,4,32,9600,18.346,53.2,54506.8,4,28.284,9.644
E,4,45,800,4,33,9900,19.282,57.3,51861.8,4,28.284,9.644
E,4,45,800,4,34,10200,20.559,62.2,48640.5,4,28.284,9.644
E,4,45,800,4,35,10500,21.284,63.3,46983.6,4,28.284,9.644
E,4,45,800,4,36,10800,22.438,67.2,44567.3,4,28.284,9.644
E,4,45,800,4,37,11100,22.914,69.3,43642.1,4,28.284,9.644
E,4,45,800,4,38,11400,22.635,70.4,44178.7,4,28.284,9.644
E,4,45,800,4,39,11700,24.562,77.4,40713.3,4,28.284,9.644
E,4,45,800,4,40,12000,29.305,80.4,34124.3,4,28.284,9.644
E,4,45,800,5,1,300,20.003,55.6,49991.7,3,28.284,9.644
E,4,45,800,5,2,600,14.176,73.1,70540.1,3,28.284,9.644
E,4,45,800,5,3,900,15.512,62.1,64466.2,3,28.284,9.644
E,4,45,800,5,4,1200,14.694,50.6,68053.5,3,28.284,9.644
E,4,45,800,5,5,1500,14.772,46.6,67694.1,3,28.284,9.644
E,4,45,800,5,6,1800,17.493,57.1,57165.7,3,28.284,9.644
E,4,45,800,5,7,2100,16.688,53.1,59924.5,3,28.284,9.644
E,4,45,800,5,8,2400,17.754,69.5,56325.3,3,28.284,9.644
E,4,45,800,5,9,2700,20.485,70.6,48817.0,3,28.284,9.644
E,4,45,800,5,10,3000,19.003,48.8,52624.2,3,28.284,9.644
E,4,45,800,5,11,3300,18.775,71.8,53261.4,3,28.284,9.644
E,4,45,800,5,12,3600,14.862,52.8,67287.2,3,28.284,9.644
E,4,45,800,5,13,3900,14.871,66.7,67245.0,3,28.284,9.644
E,4,45,800,5,14,4200,15.445,69.1,64744.5,3,28.284,9.644
E,4,45,800,5,15,4500,16.569,60.2,60352.5,3,28.284,9.644
E,4,45,800,5,16,4800,17.275,71.4,57886.0,3,28.284,9.644
E,4,45,800,5,17,5100,17.738,75.1,56377.2,3,28.284,9.644
E,4,45,800,5,18,5400,16.535,62.8,60477.8,3,28.284,9.644
E,4,45,800,5,19,5700,16.676,58.4,59967.6,3,28.284,9.644
E,4,45,800,5,20,6000,18.762,81.3,53300.2,3,28.284,9.644
E,4,45,800,5,21,6300,27.879,64.5,35869.7,4,28.284,9.644
E,4,45,800,5,22,6600,17.319,54.3,57738.9,4,28.284,9.644
E,4,45,800,5,23,6900,19.193,72.4,52102.3,4,28.284,9.644
E,4,45,800,5,24,7200,18.78,73.5,53248.1,4,28.284,9.644
E,4,45,800,5,25,7500,18.56,61.0,53879.3,4,28.284,9.644
E,4,45,800,5,26,7800,18.061,58.9,55366.9,4,28.284,9.644
E,4,45,800,5,27,8100,15.178,53.3,65884.8,4,28.284,9.644
E,4,45,800,5,28,8400,15.436,45.1,64785.0,4,28.284,9.644
E,4,45,800,5,29,8700,16.138,46.2,61966.8,4,28.284,9.644
E,4,45,800,5,30,9000,16.878,65.0,59248.7,4,28.284,9.644
E,4,45,800,5,31,9300,18.206,86.0,54925.9,4,28.284,9.644
E,4,45,800,5,32,9600,18.016,53.0,55507.2,4,28.284,9.644
E,4,45,800,5,33,9900,18.924,55.3,52842.0,4,28.284,9.644
E,4,45,800,5,34,10200,20.427,64.9,48954.0,4,28.284,9.644
E,4,45,800,5,35,10500,21.316,63.5,46913.1,4,28.284,9.644
E,4,45,800,5,36,10800,22.82,67.4,43820.6,4,28.284,9.644
E,4,45,800,5,37,11100,23.01,70.8,43459.4,4,28.284,9.644
E,4,45,800,5,38,11400,22.948,71.1,43577.4,4,28.284,9.644
E,4,45,800,5,39,11700,24.635,77.4,40592.1,4,28.284,9.644
E,4,45,800,5,40,12000,25.402,81.0,39366.5,4,28.284,9.644
E,4,45,800,6,1,300,19.221,55.0,52026.4,3,28.284,9.644
E,4,45,800,6,2,600,13.703,74.1,72976.7,3,28.284,9.644
E,4,45,800,6,3,900,13.998,53.2,71437.1,3,28.284,9.644
E,4,45,800,6,4,1200,13.951,48.1,71679.5,3,28.284,9.644
E,4,45,800,6,5,1500,14.388,46.3,69500.8,3,28.284,9.644
E,4,45,800,6,6,1800,16.449,49.9,60792.7,3,28.284,9.644
E,4,45,800,6,7,2100,16.709,56.0,59846.8,3,28.284,9.644
E,4,45,800,6,8,2400,17.504,72.2,57128.7,3,28.284,9.644
E,4,45,800,6,9,2700,20.402,60.8,49014.8,3,28.284,9.644
E,4,45,800,6,10,3000,18.916,53.3,52864.4,3,28.284,9.644
E,4,45,800,6,11,3300,17.356,62.7,57617.0,3,28.284,9.644
E,4,45,800,6,12,3600,14.551,53.4,68722.2,3,28.284,9.644
E,4,45,800,6,13,3900,13.562,61.6,73733.6,3,28.284,9.644
E,4,45,800,6,14,4200,13.628,67.6,73376.6,3,28.284,9.644
E,4,45,800,6,15,4500,15.416,70.7,64866.3,3,28.284,9.644
E,4,45,800,6,16,4800,16.027,73.3,62394.7,3,28.284,9.644
E,4,45,800,6,17,5100,15.259,71.0,65536.5,3,28.284,9.644
E,4,45,800,6,18,5400,14.663,52.0,68198.9,3,28.284,9.644
E,4,45,800,6,19,5700,16.275,65.7,61443.9,3,28.284,9.644
E,4,45,800,6,20,6000,15.99,60.6,62537.8,3,28.284,9.644
E,4,45,800,6,21,6300,27.68,63.5,36126.7,4,28.284,9.644
E,4,45,800,6,22,6600,16.284,50.3,61408.7,4,28.284,9.644
E,4,45,800,6,23,6900,16.762,61.6,59658.7,4,28.284,9.644
E,4,45,800,6,24,7200,19.134,82.9,52263.9,4,28.284,9.644
E,4,45,800,6,25,7500,16.847,47.2,59358.9,4,28.284,9.644
E,4,45,800,6,26,7800,17.049,58.4,58655.6,4,28.284,9.644
E,4,45,800,6,27,8100,14.962,52.9,66837.5,4,28.284,9.644
E,4,45,800,6,28,8400,14.527,43.9,68837.3,4,28.284,9.644
E,4,45,800,6,29,8700,15.592,46.0,64136.8,4,28.284,9.644
E,4,45,800,6,30,9000,16.876,65.6,59256.9,4,28.284,9.644
E,4,45,800,6,31,9300,16.871,52.1,59273.3,4,28.284,9.644
E,4,45,800,6,32,9600,17.427,53.1,57381.1,4,28.284,9.644
E,4,45,800,6,33,9900,18.663,55.5,53581.0,4,28.284,9.644
E,4,45,800,6,34,10200,19.002,60.4,52626.0,4,28.284,9.644
E,4,45,800,6,35,10500,22.322,69.3,44798.8,4,28.284,9.644
E,4,45,800,6,36,10800,21.401,63.4,46726.1,4,28.284,9.644
E,4,45,800,6,37,11100,23.24,74.7,43029.9,4,28.284,9.644
E,4,45,800,6,38,11400,21.688,70.7,46108.5,4,28.284,9.644
E,4,45,800,6,39,11700,24.639,77.6,40586.1,4,28.284,9.644
E,4,45,800,6,40,12000,25.78,90.1,38789.8,4,28.284,9.644
E,4,45,800,8,1,300,21.204,51.7,47161.7,3,28.284,9.644
E,4,45,800,8,2,600,12.753,77.0,78410.9,3,28.284,9.644
E,4,45,800,8,3,900,13.977,56.7,71544.4,3,28.284,9.644
E,4,45,800,8,4,1200,12.973,48.6,77083.2,3,28.284,9.644
E,4,45,800,8,5,1500,13.513,47.2,74004.6,3,28.284,9.644
E,4,45,800,8,6,1800,15.951,53.0,62692.0,3,28.284,9.644
E,4,45,800,8,7,2100,15.366,54.9,65080.2,3,28.284,9.644
E,4,45,800,8,8,2400,16.205,68.6,61708.1,3,28.284,9.644
E,4,45,800,8,9,2700,18.789,57.1,53223.6,3,28.284,9.644
E,4,45,800,8,10,3000,17.345,48.9,57652.4,3,28.284,9.644
E,4,45,800,8,11,3300,15.991,62.6,62533.9,3,28.284,9.644
E,4,45,800,8,12,3600,13.322,62.2,75061.9,3,28.284,9.644
E,4,45,800,8,13,3900,11.948,57.4,83696.0,3,28.284,9.644
E,4,45,800,8,14,4200,11.898,59.3,84047.8,3,28.284,9.644
E,4,45,800,8,15,4500,12.706,53.0,78700.9,3,28.284,9.644
E,4,45,800,8,16,4800,14.945,86.3,66912.0,3,28.284,9.644
E,4,45,800,8,17,5100,12.721,55.4,78610.2,3,28.284,9.644
E,4,45,800,8,18,5400,12.139,52.5,82381.4,3,28.284,9.644
E,4,45,800,8,19,5700,12.996,62.4,76946.8,3,28.284,9.644
E,4,45,800,8,20,6000,13.484,61.2,74163.8,3,28.284,9.644
E,4,45,800,8,21,6300,23.504,51.4,42546.6,4,28.284,9.644
E,4,45,800,8,22,6600,13.324,50.9,75050.7,4,28.284,9.644
E,4,45,800,8,23,6900,13.794,64.0,72493.5,4,28.284,9.644
E,4,45,800,8,24,7200,14.991,73.5,66708.2,4,28.284,9.644
E,4,45,800,8,25,7500,13.317,46.1,75093.9,4,28.284,9.644
E,4,45,800,8,26,7800,14.6,58.4,68491.6,4,28.284,9.644
E,4,45,800,8,27,8100,11.303,48.3,88474.7,4,28.284,9.644
E,4,45,800,8,28,8400,11.407,42.6,87668.0,4,28.284,9.644
E,4,45,800,8,29,8700,13.065,55.5,76538.4,4,28.284,9.644
E,4,45,800,8,30,9000,13.214,56.1,75677.3,4,28.284,9.644
E,4,45,800,8,31,9300,13.701,43.6,72987.4,4,28.284,9.644
E,4,45,800,8,32,9600,14.179,47.7,70528.5,4,28.284,9.644
E,4,45,800,8,33,9900,15.776,57.0,63388.8,4,28.284,9.644
E,4,45,800,8,34,10200,15.416,54.1,64869.1,4,28.284,9.644
E,4,45,800,8,35,10500,16.629,52.9,60135.9,4,28.284,9.644
E,4,45,800,8,36,10800,18.38,65.2,54408.0,4,28.284,9.644
E,4,45,800,8,37,11100,18.74,60.5,53361.8,4,28.284,9.644
E,4,45,800,8,38,11400,17.621,58.1,56750.5,4,28.284,9.644
E,4,45,800,8,39,11700,20.586,64.8,48576.7,4,28.284,9.644
E,4,45,800,8,40,12000,19.702,66.9,50757.1,4,28.284,9.644
E,4,45,800,10,1,300,18.246,52.4,54807.5,3,28.284,9.644
E,4,45,800,10,2,600,13.506,83.4,74039.3,3,28.284,9.644
E,4,45,800,10,3,900,12.663,51.8,78970.2,3,28.284,9.644
E,4,45,800,10,4,1200,12.954,48.0,77194.2,3,28.284,9.644
E,4,45,800,10,5,1500,13.847,56.9,72219.6,3,28.284,9.644
E,4,45,800,10,6,1800,15.388,51.3,64987.1,3,28.284,9.644
E,4,45,800,10,7,2100,15.358,54.1,65114.1,3,28.284,9.644
E,4,45,800,10,8,2400,16.47,68.6,60716.5,3,28.284,9.644
E,4,45,800,10,9,2700,18.595,64.7,53776.9,3,28.284,9.644
E,4,45,800,10,10,3000,17.408,54.3,57443.7,3,28.284,9.644
E,4,45,800,10,11,3300,16.487,61.7,60655.1,3,28.284,9.644
E,4,45,800,10,12,3600,11.844,54.0,84431.0,3,28.284,9.644
E,4,45,800,10,13,3900,11.596,54.8,86234.2,3,28.284,9.644
E,4,45,800,10,14,4200,11.661,58.7,85758.4,3,28.284,9.644
E,4,45,800,10,15,4500,13.237,71.3,75543.9,3,28.284,9.644
E,4,45,800,10,16,4800,13.639,73.4,73317.4,3,28.284,9.644
E,4,45,800,10,17,5100,12.676,56.2,78891.3,3,28.284,9.644
E,4,45,800,10,18,5400,11.979,49.0,83481.8,3,28.284,9.644
E,4,45,800,10,19,5700,13.791,59.6,72512.8,3,28.284,9.644
E,4,45,800,10,20,6000,13.525,61.0,73935.3,3,28.284,9.644
E,4,45,800,10,21,6300,23.989,64.2,41685.8,4,28.284,9.644
E,4,45,800,10,22,6600,13.006,47.5,76885.6,4,28.284,9.644
E,4,45,800,10,23,6900,13.476,62.4,74207.8,4,28.284,9.644
E,4,45,800,10,24,7200,14.522,73.4,68861.0,4,28.284,9.644
E,4,45,800,10,25,7500,14.334,62.6,69764.2,4,28.284,9.644
E,4,45,800,10,26,7800,14.014,54.3,71357.2,4,28.284,9.644
E,4,45,800,10,27,8100,11.25,46.1,88888.9,4,28.284,9.644
E,4,45,800,10,28,8400,11.442,41.4,87399.9,4,28.284,9.644
E,4,45,800,10,29,8700,13.157,53.0,76005.2,4,28.284,9.644
E,4,45,800,10,30,9000,13.078,54.2,76466.3,4,28.284,9.644
E,4,45,800,10,31,9300,13.65,43.5,73258.3,4,28.284,9.644
E,4,45,800,10,32,9600,15.316,47.0,65292.6,4,28.284,9.644
E,4,45,800,10,33,9900,14.792,47.8,67604.1,4,28.284,9.644
E,4,45,800,10,34,10200,15.379,53.0,65023.7,4,28.284,9.644
E,4,45,800,10,35,10500,17.317,54.2,57747.8,4,28.284,9.644
E,4,45,800,10,36,10800,17.738,55.9,56377.2,4,28.284,9.644
E,4,45,800,10,37,11100,18.547,59.9,53917.1,4,28.284,9.644
E,4,45,800,10,38,11400,17.876,60.6,55940.9,4,28.284,9.644
E,4,45,800,10,39,11700,20.073,64.9,49817.3,4,28.284,9.644
E,4,45,800,10,40,12000,19.676,66.6,50824.2,4,28.284,9.644
E,4,45,800,14,1,300,17.884,53.8,55915.9,3,28.284,9.644
E,4,45,800,14,2,600,12.863,73.2,77744.4,3,28.284,9.644
E,4,45,800,14,3,900,13.115,57.5,76246.6,3,28.284,9.644
E,4,45,800,14,4,1200,12.432,48.7,80435.4,3,28.284,9.644
E,4,45,800,14,5,1500,13.048,46.7,76640.1,3,28.284,9.644
E,4,45,800,14,6,1800,15.509,52.2,64478.7,3,28.284,9.644
E,4,45,800,14,7,2100,14.835,52.9,67408.2,3,28.284,9.644
E,4,45,800,14,8,2400,16.062,70.1,62258.7,3,28.284,9.644
E,4,45,800,14,9,2700,18.016,54.5,55506.2,3,28.284,9.644
E,4,45,800,14,10,3000,16.922,48.4,59093.5,3,28.284,9.644
E,4,45,800,14,11,3300,14.835,58.6,67406.6,3,28.284,9.644
E,4,45,800,14,12,3600,10.9,54.2,91740.3,3,28.284,9.644
E,4,45,800,14,13,3900,10.635,54.3,94026.2,3,28.284,9.644
E,4,45,800,14,14,4200,10.698,56.2,93478.3,3,28.284,9.644
E,4,45,800,14,15,4500,11.789,59.0,84827.2,3,28.284,9.644
E,4,45,800,14,16,4800,13.566,71.4,73713.7,3,28.284,9.644
E,4,45,800,14,17,5100,11.569,57.1,86437.9,3,28.284,9.644
E,4,45,800,14,18,5400,10.795,48.2,92638.3,3,28.284,9.644
E,4,45,800,14,19,5700,11.143,55.6,89742.4,3,28.284,9.644
E,4,45,800,14,20,6000,12.564,86.3,79594.6,3,28.284,9.644
E,4,45,800,14,21,6300,23.058,53.0,43368.9,4,28.284,9.644
E,4,45,800,14,22,6600,12.207,51.2,81918.0,4,28.284,9.644
E,4,45,800,14,23,6900,13.024,73.0,76781.3,4,28.284,9.644
E,4,45,800,14,24,7200,14.174,73.5,70550.1,4,28.284,9.644
E,4,45,800,14,25,7500,12.473,46.1,80173.2,4,28.284,9.644
E,4,45,800,14,26,7800,13.192,52.7,75805.4,4,28.284,9.644
E,4,45,800,14,27,8100,11.803,80.0,84726.6,4,28.284,9.644
E,4,45,800,14,28,8400,10.955,43.5,91285.3,4,28.284,9.644
E,4,45,800,14,29,8700,12.098,46.1,82660.6,4,28.284,9.644
E,4,45,800,14,30,9000,12.787,53.8,78202.4,4,28.284,9.644
E,4,45,800,14,31,9300,16.858,86.6,59317.8,4,28.284,9.644
E,4,45,800,14,32,9600,13.692,42.8,73033.6,4,28.284,9.644
E,4,45,800,14,33,9900,14.413,46.7,69380.2,4,28.284,9.644
E,4,45,800,14,34,10200,15.746,53.9,63509.5,4,28.284,9.644
E,4,45,800,14,35,10500,16.255,54.3,61519.5,4,28.284,9.644
E,4,45,800,14,36,10800,16.951,61.0,58993.6,4,28.284,9.644
E,4,45,800,14,37,11100,18.524,72.0,53984.0,4,28.284,9.644
E,4,45,800,14,38,11400,17.277,58.7,57881.5,4,28.284,9.644
E,4,45,800,14,39,11700,19.472,65.0,51356.7,4,28.284,9.644
E,4,45,800,14,40,12000,20.73,83.4,48238.5,4,28.284,9.644
E,4,45,800,20,1,300,18.007,58.6,55534.0,3,28.284,9.644
E,4,45,800,20,2,600,12.257,73.2,81586.0,3,28.284,9.644
E,4,45,800,20,3,900,12.176,50.8,82128.8,3,28.284,9.644
E,4,45,800,20,4,1200,12.836,51.1,77903.9,3,28.284,9.644
E,4,45,800,20,5,1500,13.156,48.3,76012.9,3,28.284,9.644
E,4,45,800,20,6,1800,14.791,51.2,67607.2,3,28.284,9.644
E,4,45,800,20,7,2100,15.121,60.6,66134.7,3,28.284,9.644
E,4,45,800,20,8,2400,15.949,68.8,62701.2,3,28.284,9.644
E,4,45,800,20,9,2700,17.366,51.9,57583.8,3,28.284,9.644
E,4,45,800,20,10,3000,18.227,76.4,54864.7,3,28.284,9.644
E,4,45,800,20,11,3300,14.942,54.6,66925.4,3,28.284,9.644
E,4,45,800,20,12,3600,10.573,51.6,94583.5,3,28.284,9.644
E,4,45,800,20,13,3900,10.287,51.8,97213.2,3,28.284,9.644
E,4,45,800,20,14,4200,11.019,56.6,90749.6,3,28.284,9.644
E,4,45,800,20,15,4500,11.39,56.4,87796.3,3,28.284,9.644
E,4,45,800,20,16,4800,12.515,89.2,79906.2,3,28.284,9.644
E,4,45,800,20,17,5100,11.044,53.2,90549.6,3,28.284,9.644
E,4,45,800,20,18,5400,11.247,62.8,88915.2,3,28.284,9.644
E,4,45,800,20,19,5700,10.836,54.0,92285.0,3,28.284,9.644
E,4,45,800,20,20,6000,11.794,62.3,84788.9,3,28.284,9.644
E,4,45,800,20,21,6300,23.905,68.5,41831.7,4,28.284,9.644
E,4,45,800,20,22,6600,11.125,46.3,89884.9,4,28.284,9.644
E,4,45,800,20,23,6900,11.903,76.2,84012.4,4,28.284,9.644
E,4,45,800,20,24,7200,12.833,74.7,77924.1,4,28.284,9.644
E,4,45,800,20,25,7500,12.401,61.5,80636.5,4,28.284,9.644
E,4,45,800,20,26,7800,12.172,54.4,82153.5,4,28.284,9.644
E,4,45,800,20,27,8100,9.581,48.7,104373.2,4,28.284,9.644
E,4,45,800,20,28,8400,9.549,41.1,104723.0,4,28.284,9.644
E,4,45,800,20,29,8700,11.434,61.3,87458.5,4,28.284,9.644
E,4,45,800,20,30,9000,11.639,60.3,85915.6,4,28.284,9.644
E,4,45,800,20,31,9300,12.205,51.4,81935.9,4,28.284,9.644
E,4,45,800,20,32,9600,12.095,37.4,82676.5,4,28.284,9.644
E,4,45,800,20,33,9900,13.089,45.6,76398.1,4,28.284,9.644
E,4,45,800,20,34,10200,13.326,50.6,75043.1,4,28.284,9.644
E,4,45,800,20,35,10500,14.4,51.8,69442.9,4,28.284,9.644
E,4,45,800,20,36,10800,15.367,49.2,65074.5,4,28.284,9.644
E,4,45,800,20,37,11100,16.286,53.8,61403.7,4,28.284,9.644
E,4,45,800,20,38,11400,15.286,54.8,65419.3,4,28.284,9.644
E,4,45,800,20,39,11700,17.864,56.9,55979.5,4,28.284,9.644
E,4,45,800,20,40,12000,17.389,60.3,57506.5,4,28.284,9.644