bench,run,seed,ds,N,snapshot,executed_ops,avg_us,p50_us,p95_us,p99_us,max_us,throughput,local_event_t,sub_event_t,global_event_t
2,1,42,JLI,5000,1,300,15.598,12.9,35.0,73.1,294.2,64110.8,0,1,1
2,1,42,JLI,5000,2,600,15.284,14.2,33.8,40.8,49.4,65426.5,0,1,1
2,1,42,JLI,5000,3,900,17.615,16.5,40.1,49.7,50.4,56768.7,0,1,1
2,1,42,JLI,5000,4,1200,19.782,17.0,49.5,65.8,85.5,50551.0,0,1,1
2,1,42,JLI,5000,5,1500,18.98,14.8,52.1,58.6,62.8,52688.0,0,1,1
2,1,42,JLI,5000,6,1800,21.82,19.6,51.4,62.9,71.7,45829.5,0,1,1
2,1,42,JLI,5000,7,2100,24.48,22.3,61.1,73.1,75.3,40849.7,0,1,1
2,1,42,JLI,5000,8,2400,26.453,23.9,68.7,80.8,119.2,37802.4,0,1,1
2,1,42,JLI,5000,9,2700,27.504,22.8,72.9,84.9,87.0,36358.8,0,1,1
2,1,42,JLI,5000,10,3000,30.97,27.2,82.6,92.0,120.7,32289.0,0,1,1
2,1,42,JLI,5000,11,3300,13.36,8.2,26.6,40.4,836.7,74852.1,0,2,1
2,1,42,JLI,5000,12,3600,6.854,4.3,22.2,26.5,31.9,145893.1,0,2,1
2,1,42,JLI,5000,13,3900,5.223,4.7,9.0,11.2,35.1,191473.1,0,2,1
2,1,42,JLI,5000,14,4200,7.063,6.3,14.1,16.4,16.5,141576.2,0,2,1
2,1,42,JLI,5000,15,4500,8.427,7.2,18.7,23.7,33.8,118661.5,0,2,1
2,1,42,JLI,5000,16,4800,10.349,8.8,22.3,26.9,29.4,96630.8,0,2,1
2,1,42,JLI,5000,17,5100,12.736,10.9,29.6,35.6,37.6,78515.5,0,2,1
2,1,42,JLI,5000,18,5400,13.582,11.2,35.5,39.1,41.7,73625.1,0,2,1
2,1,42,JLI,5000,19,5700,16.337,13.8,41.3,46.1,48.4,61210.7,0,2,1
2,1,42,JLI,5000,20,6000,18.29,15.7,48.2,55.6,58.2,54673.7,0,2,1
2,1,42,JLI,5000,21,6300,22.99,18.6,53.8,60.1,408.8,43496.5,0,2,1
2,1,42,JLI,5000,22,6600,22.529,18.7,57.4,66.0,66.6,44387.9,0,2,1
2,1,42,JLI,5000,23,6900,21.936,17.8,58.2,69.9,74.5,45586.5,0,2,1
2,1,42,JLI,5000,24,7200,25.16,21.2,68.4,79.0,95.9,39745.1,0,2,1
2,1,42,JLI,5000,25,7500,27.72,22.0,75.1,82.3,85.3,36075.5,0,2,1
2,1,42,JLI,5000,26,7800,29.903,22.7,82.9,95.2,101.1,33441.1,0,2,1
2,1,42,JLI,5000,27,8100,31.548,24.4,86.8,107.7,117.9,31698.1,0,2,1
2,1,42,JLI,5000,28,8400,9.774,4.4,43.0,88.2,97.5,102312.3,0,2,1
2,1,42,JLI,5000,29,8700,6.774,6.4,11.5,17.3,18.4,147630.6,0,2,1
2,1,42,JLI,5000,30,9000,8.728,8.3,16.4,22.7,23.6,114569.4,0,2,1
2,1,42,JLI,5000,31,9300,9.972,6.4,21.8,26.8,479.3,100284.1,0,3,1
2,1,42,JLI,5000,32,9600,6.735,5.4,14.9,27.7,39.0,148470.8,0,3,1
2,1,42,JLI,5000,33,9900,4.954,4.5,8.0,16.0,34.6,201870.7,0,3,1
2,1,42,JLI,5000,34,10200,5.554,5.3,8.9,11.6,13.7,180050.5,0,3,1
2,1,42,JLI,5000,35,10500,6.681,6.1,12.5,13.9,76.8,149685.7,0,3,1
2,1,42,JLI,5000,36,10800,7.628,6.8,15.6,17.2,35.5,131090.2,0,3,1
2,1,42,JLI,5000,37,11100,8.756,8.2,18.6,20.9,33.2,114207.4,0,3,1
2,1,42,JLI,5000,38,11400,10.971,9.4,23.8,35.3,46.7,91146.6,0,3,1
2,1,42,JLI,5000,39,11700,11.259,10.2,24.1,27.8,29.7,88815.2,0,3,1
2,1,42,JLI,5000,40,12000,6.895,4.4,20.4,28.4,39.3,145032.6,0,3,1
2,1,42,JLI,5000,41,12300,9.675,5.8,21.9,31.2,422.4,103362.7,0,3,1
2,1,42,JLI,5000,42,12600,9.489,7.1,24.8,33.1,35.5,105388.9,0,3,1
2,1,42,JLI,5000,43,12900,9.909,7.8,21.9,32.4,34.2,100921.7,0,3,1
2,1,42,JLI,5000,44,13200,10.66,9.2,22.3,36.0,37.3,93811.6,0,3,1
2,1,42,JLI,5000,45,13500,11.347,9.3,24.9,35.9,40.0,88131.6,0,3,1
2,1,42,JLI,5000,46,13800,12.75,10.8,27.7,42.8,65.5,78431.4,0,3,1
2,1,42,JLI,5000,47,14100,14.265,11.9,33.9,45.4,47.0,70100.0,0,3,1
2,1,42,JLI,5000,48,14400,13.274,11.0,29.6,46.7,49.7,75337.1,0,3,1
2,1,42,JLI,5000,49,14700,15.799,14.2,36.1,49.3,50.5,63295.1,0,3,1
2,1,42,JLI,5000,50,15000,17.663,15.4,40.9,58.8,70.0,56615.5,0,3,1
2,1,42,SkipList,5000,1,300,2.784,2.6,4.0,4.5,36.1,359195.5,0,0,0
2,1,42,SkipList,5000,2,600,2.685,2.6,4.1,5.0,7.2,372393.5,0,0,0
2,1,42,SkipList,5000,3,900,2.689,2.6,4.1,4.5,11.5,371839.4,0,0,0
2,1,42,SkipList,5000,4,1200,2.636,2.6,4.1,5.0,5.7,379410.7,0,0,0
2,1,42,SkipList,5000,5,1500,2.812,2.7,4.2,5.1,37.5,355576.7,0,0,0
2,1,42,SkipList,5000,6,1800,2.762,2.7,4.2,5.0,5.3,362012.6,0,0,0
2,1,42,SkipList,5000,7,2100,2.754,2.7,4.0,5.2,11.4,363064.2,0,0,0
2,1,42,SkipList,5000,8,2400,2.756,2.7,4.3,5.0,7.2,362844.7,0,0,0
2,1,42,SkipList,5000,9,2700,2.888,2.7,4.3,6.3,38.7,346300.4,0,0,0
2,1,42,SkipList,5000,10,3000,2.701,2.7,4.0,5.7,10.0,370187.5,0,0,0
2,1,42,SkipList,5000,11,3300,2.686,2.6,4.2,5.1,6.7,372300.8,0,0,0
2,1,42,SkipList,5000,12,3600,3.243,3.0,5.7,10.2,20.2,308388.1,0,0,0
2,1,42,SkipList,5000,13,3900,3.008,2.7,4.7,5.6,41.7,332446.7,0,0,0
2,1,42,SkipList,5000,14,4200,2.739,2.7,4.2,4.9,5.7,365141.3,0,0,0
2,1,42,SkipList,5000,15,4500,2.771,2.7,4.3,5.3,6.2,360880.7,0,0,0
2,1,42,SkipList,5000,16,4800,2.783,2.7,4.2,4.9,5.2,359281.6,0,0,0
2,1,42,SkipList,5000,17,5100,2.876,2.7,4.5,5.3,34.7,347664.8,0,0,0
2,1,42,SkipList,5000,18,5400,2.781,2.7,4.3,5.0,10.3,359625.7,0,0,0
2,1,42,SkipList,5000,19,5700,2.89,2.9,4.4,4.9,5.0,346060.8,0,0,0
2,1,42,SkipList,5000,20,6000,2.828,2.8,4.3,5.1,11.5,353606.8,0,0,0
2,1,42,SkipList,5000,21,6300,2.817,2.7,4.1,5.3,37.9,355029.7,0,0,0
2,1,42,SkipList,5000,22,6600,2.763,2.7,4.2,5.5,8.2,361925.4,0,0,0
2,1,42,SkipList,5000,23,6900,2.859,2.8,4.5,5.1,5.5,349772.3,0,0,0
2,1,42,SkipList,5000,24,7200,2.909,2.8,4.5,5.9,6.7,343800.2,0,0,0
2,1,42,SkipList,5000,25,7500,5.558,3.0,7.0,10.9,643.5,179931.6,0,0,0
2,1,42,SkipList,5000,26,7800,3.076,3.0,4.9,6.0,14.6,325062.4,0,0,0
2,1,42,SkipList,5000,27,8100,2.93,2.9,4.7,5.6,6.0,341258.1,0,0,0
2,1,42,SkipList,5000,28,8400,3.069,3.0,4.9,6.1,6.2,325839.0,0,0,0
2,1,42,SkipList,5000,29,8700,3.06,3.0,4.7,5.5,9.4,326833.1,0,0,0
2,1,42,SkipList,5000,30,9000,3.097,2.9,4.7,5.5,38.2,322858.5,0,0,0
2,1,42,SkipList,5000,31,9300,3.064,3.0,4.7,6.1,9.7,326335.2,0,0,0
2,1,42,SkipList,5000,32,9600,2.902,2.8,4.4,5.2,9.8,344629.5,0,0,0
2,1,42,SkipList,5000,33,9900,2.927,2.8,4.5,5.3,5.8,341685.4,0,0,0
2,1,42,SkipList,5000,34,10200,3.124,2.9,4.6,6.1,37.4,320136.6,0,0,0
2,1,42,SkipList,5000,35,10500,2.929,2.9,4.5,5.6,6.4,341374.6,0,0,0
2,1,42,SkipList,5000,36,10800,3.036,3.0,4.5,5.6,10.2,329344.6,0,0,0
2,1,42,SkipList,5000,37,11100,3.284,3.1,5.7,9.4,15.3,304506.8,0,0,0
2,1,42,SkipList,5000,38,11400,3.163,2.9,4.6,5.5,37.3,316122.1,0,0,0
2,1,42,SkipList,5000,39,11700,2.945,2.8,4.6,6.7,11.4,339597.3,0,0,0
2,1,42,SkipList,5000,40,12000,2.969,2.8,4.6,5.3,6.0,336813.7,0,0,0
2,1,42,SkipList,5000,41,12300,2.971,2.9,4.4,5.5,5.8,336587.0,0,0,0
2,1,42,SkipList,5000,42,12600,3.059,2.8,4.4,6.0,38.2,326939.8,0,0,0
2,1,42,SkipList,5000,43,12900,2.97,2.9,4.5,5.3,6.0,336700.4,0,0,0
2,1,42,SkipList,5000,44,13200,2.895,2.7,4.5,6.1,10.2,345423.2,0,0,0
2,1,42,SkipList,5000,45,13500,3.041,3.0,4.6,5.6,10.1,328803.0,0,0,0
2,1,42,SkipList,5000,46,13800,2.996,3.0,4.6,5.1,5.4,333741.2,0,0,0
2,1,42,SkipList,5000,47,14100,2.995,2.7,4.4,5.1,37.1,333852.8,0,0,0
2,1,42,SkipList,5000,48,14400,2.943,2.8,4.5,5.6,6.1,339750.8,0,0,0
2,1,42,SkipList,5000,49,14700,2.915,2.8,4.4,5.3,10.1,343013.9,0,0,0
2,1,42,SkipList,5000,50,15000,3.51,3.0,7.1,15.1,25.8,284873.2,0,0,0
2,1,42,JLI,10000,1,300,11.103,7.1,17.4,28.3,864.1,90068.5,0,4,1
2,1,42,JLI,10000,2,600,8.487,7.6,14.4,18.4,43.9,117822.7,0,4,1
2,1,42,JLI,10000,3,900,7.436,6.9,13.6,25.6,31.0,134480.9,0,4,1
2,1,42,JLI,10000,4,1200,7.352,6.3,13.8,18.7,27.5,136023.6,0,4,1
2,1,42,JLI,10000,5,1500,8.179,7.6,13.7,19.8,27.5,122269.3,0,4,1
2,1,42,JLI,10000,6,1800,9.021,8.4,18.9,24.2,25.2,110856.6,0,4,1
2,1,42,JLI,10000,7,2100,9.693,9.0,16.7,27.4,87.3,103170.8,0,4,1
2,1,42,JLI,10000,8,2400,11.472,10.5,25.9,29.4,48.5,87168.8,0,4,1
2,1,42,JLI,10000,9,2700,11.147,10.1,26.2,31.7,32.7,89707.5,0,4,1
2,1,42,JLI,10000,10,3000,8.845,5.3,21.8,34.8,36.0,113062.5,0,4,1
2,1,42,JLI,10000,11,3300,10.985,7.1,23.4,40.4,415.0,91030.5,0,4,1
2,1,42,JLI,10000,12,3600,12.444,8.5,34.1,43.4,45.3,80360.0,0,4,1
2,1,42,JLI,10000,13,3900,14.229,10.5,41.5,48.0,52.1,70280.6,0,4,1
2,1,42,JLI,10000,14,4200,14.857,12.1,35.2,47.6,50.1,67308.3,0,4,1
2,1,42,JLI,10000,15,4500,15.981,14.0,37.5,53.0,56.0,62575.6,0,4,1
2,1,42,JLI,10000,16,4800,16.616,14.6,36.7,49.4,57.0,60183.0,0,4,1
2,1,42,JLI,10000,17,5100,16.15,12.5,47.2,57.4,63.8,61918.2,0,4,1
2,1,42,JLI,10000,18,5400,14.936,10.7,42.4,60.2,65.0,66953.8,0,4,1
2,1,42,JLI,10000,19,5700,16.382,11.9,42.0,64.7,68.4,61042.6,0,4,1
2,1,42,JLI,10000,20,6000,17.351,13.3,43.3,70.3,74.0,57633.6,0,4,1
2,1,42,JLI,10000,21,6300,17.49,10.3,42.4,70.6,910.4,57174.4,0,5,1
2,1,42,JLI,10000,22,6600,6.37,4.5,13.8,30.4,32.5,156985.9,0,5,1
2,1,42,JLI,10000,23,6900,6.378,5.2,13.9,30.6,35.5,156789.0,0,5,1
2,1,42,JLI,10000,24,7200,6.879,6.1,12.7,28.4,33.9,145377.0,0,5,1
2,1,42,JLI,10000,25,7500,9.05,7.6,18.6,29.5,38.1,110493.2,0,5,1
2,1,42,JLI,10000,26,7800,10.928,9.8,22.7,30.0,33.7,91505.3,0,5,1
2,1,42,JLI,10000,27,8100,7.325,4.7,22.8,32.7,55.0,136512.5,0,5,1
2,1,42,JLI,10000,28,8400,6.062,5.3,10.7,29.8,33.9,164971.1,0,5,1
2,1,42,JLI,10000,29,8700,7.85,6.9,14.9,30.0,32.3,127383.2,0,5,1
2,1,42,JLI,10000,30,9000,9.475,8.5,19.1,30.4,32.0,105544.6,0,5,1
2,1,42,JLI,10000,31,9300,12.814,10.1,24.8,34.2,505.6,78037.6,0,5,1
2,1,42,JLI,10000,32,9600,12.663,11.1,27.6,35.4,76.3,78968.2,0,5,1
2,1,42,JLI,10000,33,9900,14.808,13.2,34.5,38.0,39.1,67529.6,0,5,1
2,1,42,JLI,10000,34,10200,16.89,15.1,39.1,43.2,48.1,59205.5,0,5,1
2,1,42,JLI,10000,35,10500,15.242,12.3,42.7,48.8,65.3,65608.2,0,5,1
2,1,42,JLI,10000,36,10800,7.337,5.6,19.9,31.8,37.9,136301.7,0,5,1
2,1,42,JLI,10000,37,11100,8.234,7.3,15.6,21.1,33.1,121452.6,0,5,1
2,1,42,JLI,10000,38,11400,10.277,9.6,20.5,28.4,37.1,97304.7,0,5,1
2,1,42,JLI,10000,39,11700,12.673,11.1,27.6,31.5,32.5,78910.0,0,5,1
2,1,42,JLI,10000,40,12000,16.43,14.9,34.8,45.3,69.9,60865.5,0,5,1
2,1,42,JLI,10000,41,12300,15.618,11.1,30.7,39.7,708.6,64028.7,0,6,1
2,1,42,JLI,10000,42,12600,7.391,6.1,14.9,21.5,65.4,135299.7,0,6,1
2,1,42,JLI,10000,43,12900,7.707,6.7,15.2,31.4,37.8,129757.8,0,6,1
2,1,42,JLI,10000,44,13200,8.4,7.4,15.4,28.2,57.1,119042.9,0,6,1
2,1,42,JLI,10000,45,13500,8.229,7.3,14.8,31.3,32.1,121521.5,0,6,1
2,1,42,JLI,10000,46,13800,7.507,6.8,15.9,18.2,19.8,133214.9,0,6,1
2,1,42,JLI,10000,47,14100,6.937,5.1,16.3,20.7,31.7,144147.6,0,6,1
2,1,42,JLI,10000,48,14400,7.83,6.0,20.0,25.0,39.1,127713.9,0,6,1
2,1,42,JLI,10000,49,14700,8.457,6.9,20.1,26.0,32.8,118245.2,0,6,1
2,1,42,JLI,10000,50,15000,10.393,8.5,25.9,36.9,87.5,96215.5,0,6,1
2,1,42,SkipList,10000,1,300,4.096,3.7,7.6,13.1,17.7,244160.6,0,0,0
2,1,42,SkipList,10000,2,600,3.665,3.5,6.0,6.9,16.1,272826.4,0,0,0
2,1,42,SkipList,10000,3,900,3.59,3.2,5.6,7.2,57.4,278577.4,0,0,0
2,1,42,SkipList,10000,4,1200,3.316,3.2,5.3,6.8,7.4,301538.0,0,0,0
2,1,42,SkipList,10000,5,1500,3.29,3.1,5.3,6.7,13.4,303982.3,0,0,0
2,1,42,SkipList,10000,6,1800,3.277,3.2,5.0,6.2,6.3,305125.9,0,0,0
2,1,42,SkipList,10000,7,2100,3.371,3.1,5.1,6.2,47.6,296647.8,0,0,0
2,1,42,SkipList,10000,8,2400,3.118,3.0,4.8,5.9,9.7,320752.9,0,0,0
2,1,42,SkipList,10000,9,2700,3.126,3.1,5.0,5.5,5.6,319931.6,0,0,0
2,1,42,SkipList,10000,10,3000,3.219,3.1,5.0,6.4,11.2,310623.3,0,0,0
2,1,42,SkipList,10000,11,3300,3.269,3.0,4.6,5.9,42.9,305872.8,0,0,0
2,1,42,SkipList,10000,12,3600,3.202,3.1,4.9,5.8,6.7,312304.8,0,0,0
2,1,42,SkipList,10000,13,3900,3.577,3.3,6.2,10.2,11.8,279537.8,0,0,0
2,1,42,SkipList,10000,14,4200,3.226,3.1,5.1,5.7,15.5,309949.4,0,0,0
2,1,42,SkipList,10000,15,4500,3.265,3.0,5.0,5.7,50.2,306247.3,0,0,0
2,1,42,SkipList,10000,16,4800,3.189,3.1,4.8,5.6,11.1,313545.0,0,0,0
2,1,42,SkipList,10000,17,5100,3.085,3.0,4.8,5.6,10.7,324149.2,0,0,0
2,1,42,SkipList,10000,18,5400,3.087,3.0,5.0,6.0,6.1,323939.2,0,0,0
2,1,42,SkipList,10000,19,5700,3.232,3.0,4.8,6.3,44.7,309406.0,0,0,0
2,1,42,SkipList,10000,20,6000,3.085,3.0,4.7,5.6,6.2,324114.0,0,0,0
2,1,42,SkipList,10000,21,6300,3.163,3.1,4.7,5.3,5.9,316122.3,0,0,0
2,1,42,SkipList,10000,22,6600,3.136,3.0,4.6,5.8,10.5,318911.5,0,0,0
2,1,42,SkipList,10000,23,6900,3.228,3.0,4.8,6.3,45.9,309821.4,0,0,0
2,1,42,SkipList,10000,24,7200,3.134,3.0,4.8,6.3,6.8,319081.2,0,0,0
2,1,42,SkipList,10000,25,7500,3.517,3.2,5.9,10.2,40.0,284360.1,0,0,0
2,1,42,SkipList,10000,26,7800,3.515,3.3,5.6,7.8,11.9,284468.1,0,0,0
2,1,42,SkipList,10000,27,8100,3.873,3.6,5.7,7.7,60.4,258197.8,0,0,0
2,1,42,SkipList,10000,28,8400,3.28,3.1,5.1,8.8,11.6,304909.0,0,0,0
2,1,42,SkipList,10000,29,8700,3.436,3.2,5.5,7.3,12.2,291007.9,0,0,0
2,1,42,SkipList,10000,30,9000,3.183,3.1,5.1,6.4,6.7,314136.0,0,0,0
2,1,42,SkipList,10000,31,9300,3.267,3.2,4.9,6.2,9.8,306091.2,0,0,0
2,1,42,SkipList,10000,32,9600,3.287,3.0,4.8,5.6,50.1,304198.1,0,0,0
2,1,42,SkipList,10000,33,9900,3.047,2.9,4.6,5.3,5.8,328191.7,0,0,0
2,1,42,SkipList,10000,34,10200,3.041,2.9,4.6,5.4,9.7,328803.2,0,0,0
2,1,42,SkipList,10000,35,10500,3.04,3.0,4.5,5.5,6.8,328983.5,0,0,0
2,1,42,SkipList,10000,36,10800,3.263,3.1,4.7,6.0,43.2,306435.1,0,0,0
2,1,42,SkipList,10000,37,11100,3.792,3.3,6.7,9.7,43.4,263736.3,0,0,0
2,1,42,SkipList,10000,38,11400,3.235,3.2,4.8,6.2,6.9,309087.2,0,0,0
2,1,42,SkipList,10000,39,11700,3.443,3.2,4.8,7.7,58.5,290416.0,0,0,0
2,1,42,SkipList,10000,40,12000,3.197,3.1,4.8,5.5,6.1,312760.5,0,0,0
2,1,42,SkipList,10000,41,12300,3.163,3.1,4.9,6.3,7.6,316122.3,0,0,0
2,1,42,SkipList,10000,42,12600,3.208,3.1,4.8,6.2,6.4,311688.4,0,0,0
2,1,42,SkipList,10000,43,12900,3.369,3.1,4.9,5.8,49.4,296853.4,0,0,0
2,1,42,SkipList,10000,44,13200,3.224,3.1,5.2,6.0,6.2,310173.7,0,0,0
2,1,42,SkipList,10000,45,13500,3.154,3.1,4.8,5.9,6.1,317091.1,0,0,0
2,1,42,SkipList,10000,46,13800,3.097,3.0,4.7,5.4,9.3,322893.3,0,0,0
2,1,42,SkipList,10000,47,14100,5.719,3.0,5.1,5.6,773.3,174845.5,0,0,0
2,1,42,SkipList,10000,48,14400,3.108,3.1,4.5,5.5,7.3,321716.0,0,0,0
2,1,42,SkipList,10000,49,14700,3.706,3.3,6.4,13.1,25.6,269856.9,0,0,0
2,1,42,SkipList,10000,50,15000,3.197,3.1,4.6,5.8,12.9,312760.6,0,0,0
2,1,42,JLI,25000,1,300,12.077,6.8,15.1,48.6,1237.0,82804.3,2,11,1
2,1,42,JLI,25000,2,600,7.407,6.7,13.6,17.3,47.0,135007.4,2,11,1
2,1,42,JLI,25000,3,900,8.436,7.2,16.2,19.2,72.8,118539.6,2,11,1
2,1,42,JLI,25000,4,1200,9.555,8.0,19.2,41.6,47.1,104657.3,2,11,1
2,1,42,JLI,25000,5,1500,8.555,7.6,17.4,20.0,20.6,116895.3,2,11,1
2,1,42,JLI,25000,6,1800,9.416,8.2,18.3,22.2,87.5,106206.0,2,11,1
2,1,42,JLI,25000,7,2100,9.567,7.9,20.0,24.6,98.4,104522.3,2,11,1
2,1,42,JLI,25000,8,2400,9.762,8.6,18.7,24.3,51.5,102438.0,2,11,1
2,1,42,JLI,25000,9,2700,10.431,8.6,22.6,34.1,66.3,95868.1,2,11,1
2,1,42,JLI,25000,10,3000,18.5,8.8,23.9,28.2,2367.3,54054.0,2,12,1
2,1,42,JLI,25000,11,3300,9.991,8.5,21.4,24.6,30.1,100093.4,2,12,1
2,1,42,JLI,25000,12,3600,5.135,4.5,8.9,13.7,25.8,194729.3,2,12,1
2,1,42,JLI,25000,13,3900,8.018,7.1,16.1,31.2,52.8,124719.4,2,12,1
2,1,42,JLI,25000,14,4200,11.709,10.7,23.7,27.7,66.6,85402.0,2,12,1
2,1,42,JLI,25000,15,4500,5.95,4.0,15.6,21.8,27.4,168076.7,2,12,1
2,1,42,JLI,25000,16,4800,6.3,5.6,12.4,14.0,16.8,158721.8,2,12,1
2,1,42,JLI,25000,17,5100,8.667,7.8,17.3,21.5,26.2,115384.6,2,12,1
2,1,42,JLI,25000,18,5400,11.419,10.5,24.7,28.0,30.6,87570.8,2,12,1
2,1,42,JLI,25000,19,5700,15.318,14.4,32.1,51.7,56.3,65284.1,2,12,1
2,1,42,JLI,25000,20,6000,17.084,15.5,36.7,42.8,44.3,58534.3,2,12,1
2,1,42,JLI,25000,21,6300,23.245,18.0,46.5,64.1,1188.4,43019.4,2,12,1
2,1,42,JLI,25000,22,6600,22.14,21.4,50.1,61.8,66.3,45166.4,2,12,1
2,1,42,JLI,25000,23,6900,13.671,4.6,48.7,63.9,79.1,73149.3,2,12,1
2,1,42,JLI,25000,24,7200,5.679,5.2,9.9,11.8,12.1,176077.0,2,12,1
2,1,42,JLI,25000,25,7500,9.075,8.3,17.9,23.1,27.7,110196.9,2,12,1
2,1,42,JLI,25000,26,7800,11.05,10.1,22.5,27.8,29.7,90497.7,2,12,1
2,1,42,JLI,25000,27,8100,13.954,12.6,31.3,36.2,37.1,71664.0,2,12,1
2,1,42,JLI,25000,28,8400,17.961,16.8,36.7,44.4,71.8,55677.2,2,12,1
2,1,42,JLI,25000,29,8700,18.649,18.0,41.8,53.6,58.6,53621.2,2,12,1
2,1,42,JLI,25000,30,9000,21.499,19.1,50.6,58.3,58.6,46513.1,2,12,1
2,1,42,JLI,25000,31,9300,16.393,5.0,26.8,50.0,2236.3,61001.6,2,13,1
2,1,42,JLI,25000,32,9600,6.705,5.6,14.1,20.5,48.2,149135.1,2,13,1
2,1,42,JLI,25000,33,9900,6.873,6.1,14.3,18.6,23.0,145489.8,2,13,1
2,1,42,JLI,25000,34,10200,7.347,6.7,14.7,22.2,26.4,136116.2,2,13,1
2,1,42,JLI,25000,35,10500,7.346,6.7,14.5,18.9,21.2,136128.5,2,13,1
2,1,42,JLI,25000,36,10800,9.04,7.8,18.7,30.3,49.5,110619.5,2,13,1
2,1,42,JLI,25000,37,11100,12.085,8.1,19.4,30.9,850.5,82749.5,2,13,1
2,1,42,JLI,25000,38,11400,9.012,8.2,17.0,21.5,27.6,110959.1,2,13,1
2,1,42,JLI,25000,39,11700,9.139,7.8,17.7,25.3,49.3,109421.2,2,13,1
2,1,42,JLI,25000,40,12000,13.464,8.5,20.4,29.4,1135.1,74270.3,2,13,1
2,1,42,JLI,25000,41,12300,10.652,8.5,26.8,35.8,55.0,93876.1,2,13,1
2,1,42,JLI,25000,42,12600,10.288,8.6,22.8,31.0,32.4,97203.8,2,13,1
2,1,42,JLI,25000,43,12900,10.278,8.5,20.9,30.1,34.5,97298.4,2,13,1
2,1,42,JLI,25000,44,13200,11.477,8.9,24.3,37.8,63.8,87133.3,2,13,1
2,1,42,JLI,25000,45,13500,11.994,9.3,27.0,36.1,39.2,83372.7,2,13,1
2,1,42,JLI,25000,46,13800,6.771,4.8,17.9,28.7,55.7,147695.9,2,13,1
2,1,42,JLI,25000,47,14100,6.641,5.7,15.6,24.4,27.9,150587.3,2,13,1
2,1,42,JLI,25000,48,14400,8.394,7.2,16.6,27.0,30.8,119132.7,2,13,1
2,1,42,JLI,25000,49,14700,9.35,8.1,18.6,27.9,31.1,106951.9,2,13,1
2,1,42,JLI,25000,50,15000,20.757,9.3,34.0,51.5,2457.1,48176.5,2,14,1
2,1,42,SkipList,25000,1,300,3.591,3.5,5.5,6.4,7.3,278474.0,0,0,0
2,1,42,SkipList,25000,2,600,3.679,3.6,5.5,8.3,12.2,271812.9,0,0,0
2,1,42,SkipList,25000,3,900,6.27,3.6,5.7,9.9,773.3,159481.2,0,0,0
2,1,42,SkipList,25000,4,1200,3.579,3.6,5.4,6.0,12.6,279433.7,0,0,0
2,1,42,SkipList,25000,5,1500,3.486,3.4,5.1,6.3,6.6,286834.4,0,0,0
2,1,42,SkipList,25000,6,1800,3.567,3.5,5.3,7.5,8.0,280321.4,0,0,0
2,1,42,SkipList,25000,7,2100,4.331,3.8,6.3,14.1,83.0,230893.5,0,0,0
2,1,42,SkipList,25000,8,2400,3.58,3.5,5.5,6.7,14.5,279303.6,0,0,0
2,1,42,SkipList,25000,9,2700,3.562,3.4,5.3,6.3,6.8,280767.5,0,0,0
2,1,42,SkipList,25000,10,3000,3.577,3.4,5.6,7.1,8.7,279537.9,0,0,0
2,1,42,SkipList,25000,11,3300,3.737,3.4,5.5,7.5,48.5,267570.5,0,0,0
2,1,42,SkipList,25000,12,3600,3.587,3.4,5.2,7.9,13.9,278810.5,0,0,0
2,1,42,SkipList,25000,13,3900,3.536,3.4,5.2,6.5,8.2,282805.5,0,0,0
2,1,42,SkipList,25000,14,4200,3.583,3.5,5.4,6.5,8.5,279121.6,0,0,0
2,1,42,SkipList,25000,15,4500,3.674,3.5,5.4,7.2,47.2,272207.6,0,0,0
2,1,42,SkipList,25000,16,4800,3.529,3.4,5.2,6.1,10.9,283339.5,0,0,0
2,1,42,SkipList,25000,17,5100,3.349,3.4,5.0,5.9,9.0,298566.7,0,0,0
2,1,42,SkipList,25000,18,5400,4.556,4.1,7.9,11.0,38.6,219474.8,0,0,0
2,1,42,SkipList,25000,19,5700,3.934,3.6,5.9,9.3,55.6,254194.2,0,0,0
2,1,42,SkipList,25000,20,6000,3.609,3.5,5.6,6.6,7.1,277110.4,0,0,0
2,1,42,SkipList,25000,21,6300,3.701,3.6,5.5,7.2,7.7,270172.8,0,0,0
2,1,42,SkipList,25000,22,6600,3.663,3.6,5.6,6.8,12.5,273000.4,0,0,0
2,1,42,SkipList,25000,23,6900,3.754,3.5,5.6,7.8,47.2,266358.9,0,0,0
2,1,42,SkipList,25000,24,7200,3.509,3.5,5.1,6.5,8.3,284954.4,0,0,0
2,1,42,SkipList,25000,25,7500,3.642,3.6,5.5,6.3,6.7,274574.5,0,0,0
2,1,42,SkipList,25000,26,7800,3.655,3.5,5.5,6.7,11.5,273597.8,0,0,0
2,1,42,SkipList,25000,27,8100,3.693,3.5,5.4,8.9,49.6,270782.7,0,0,0
2,1,42,SkipList,25000,28,8400,3.611,3.6,5.4,5.9,6.6,276931.7,0,0,0
2,1,42,SkipList,25000,29,8700,4.192,3.8,6.5,13.9,57.1,238568.7,0,0,0
2,1,42,SkipList,25000,30,9000,3.738,3.7,5.6,6.6,16.5,267522.6,0,0,0
2,1,42,SkipList,25000,31,9300,3.79,3.6,5.6,6.6,49.1,263828.9,0,0,0
2,1,42,SkipList,25000,32,9600,3.549,3.4,5.6,6.6,7.0,281796.0,0,0,0
2,1,42,SkipList,25000,33,9900,3.571,3.5,5.2,6.4,12.5,280007.4,0,0,0
2,1,42,SkipList,25000,34,10200,3.798,3.6,5.6,7.4,43.2,263296.4,0,0,0
2,1,42,SkipList,25000,35,10500,3.572,3.5,5.5,6.1,7.6,279981.4,0,0,0
2,1,42,SkipList,25000,36,10800,3.596,3.5,5.5,6.6,9.0,278086.6,0,0,0
2,1,42,SkipList,25000,37,11100,3.582,3.6,5.2,6.9,11.0,279199.6,0,0,0
2,1,42,SkipList,25000,38,11400,3.619,3.5,5.1,6.4,40.9,276319.3,0,0,0
2,1,42,SkipList,25000,39,11700,3.609,3.5,5.4,6.1,9.9,277059.5,0,0,0
2,1,42,SkipList,25000,40,12000,3.887,3.7,6.0,8.8,30.0,257245.9,0,0,0
2,1,42,SkipList,25000,41,12300,3.618,3.5,5.4,7.3,11.7,276370.4,0,0,0
2,1,42,SkipList,25000,42,12600,3.816,3.6,5.7,7.7,43.0,262031.6,0,0,0
2,1,42,SkipList,25000,43,12900,3.624,3.5,5.6,7.4,7.7,275938.3,0,0,0
2,1,42,SkipList,25000,44,13200,3.605,3.5,5.5,7.0,11.8,277366.8,0,0,0
2,1,42,SkipList,25000,45,13500,3.603,3.5,5.4,6.7,7.3,277572.1,0,0,0
2,1,42,SkipList,25000,46,13800,3.987,3.7,5.6,7.8,45.3,250815.1,0,0,0
2,1,42,SkipList,25000,47,14100,3.69,3.5,5.7,7.3,7.6,270978.3,0,0,0
2,1,42,SkipList,25000,48,14400,3.534,3.5,5.3,6.6,7.1,282992.1,0,0,0
2,1,42,SkipList,25000,49,14700,3.531,3.4,5.0,6.3,6.9,283232.5,0,0,0
2,1,42,SkipList,25000,50,15000,6.568,3.6,5.8,9.3,830.6,152245.7,0,0,0
2,1,42,JLI,50000,1,300,17.22,4.7,29.4,53.8,2570.5,58073.1,5,24,1
2,1,42,JLI,50000,2,600,6.663,5.6,11.6,49.0,51.9,150075.1,5,24,1
2,1,42,JLI,50000,3,900,8.592,7.4,16.6,48.3,50.6,116382.8,5,24,1
2,1,42,JLI,50000,4,1200,8.936,8.1,16.8,24.2,54.6,111911.1,5,24,1
2,1,42,JLI,50000,5,1500,9.993,9.0,20.4,48.0,52.7,100070.1,5,24,1
2,1,42,JLI,50000,6,1800,10.309,9.1,18.2,34.8,50.9,96999.5,5,24,1
2,1,42,JLI,50000,7,2100,11.942,10.3,27.2,48.3,54.4,83740.4,5,24,1
2,1,42,JLI,50000,8,2400,13.464,11.2,32.5,42.7,52.8,74272.1,5,24,1
2,1,42,JLI,50000,9,2700,13.414,11.5,29.3,38.7,45.7,74549.0,5,24,1
2,1,42,JLI,50000,10,3000,14.534,12.2,33.9,43.9,48.3,68804.2,5,24,1
2,1,42,JLI,50000,11,3300,22.378,13.4,43.1,47.4,1737.9,44686.1,5,24,1
2,1,42,JLI,50000,12,3600,17.78,14.5,46.1,52.6,54.3,56244.0,5,24,1
2,1,42,JLI,50000,13,3900,17.802,15.3,38.0,57.9,59.2,56172.4,5,24,1
2,1,42,JLI,50000,14,4200,20.528,16.7,51.2,67.8,82.6,48714.7,5,24,1
2,1,42,JLI,50000,15,4500,22.486,18.0,53.9,68.5,74.3,44472.8,5,24,1
2,1,42,JLI,50000,16,4800,24.64,18.5,67.9,78.7,86.6,40585.0,5,24,1
2,1,42,JLI,50000,17,5100,23.794,18.5,62.1,74.0,79.7,42026.8,5,24,1
2,1,42,JLI,50000,18,5400,25.303,20.3,64.1,84.3,134.9,39521.0,5,24,1
2,1,42,JLI,50000,19,5700,25.275,18.8,65.9,86.2,91.0,39564.8,5,24,1
2,1,42,JLI,50000,20,6000,40.145,22.3,68.0,108.0,3839.7,24909.9,5,25,1
2,1,42,JLI,50000,21,6300,8.028,5.1,29.2,50.9,55.9,124569.2,5,25,1
2,1,42,JLI,50000,22,6600,6.141,5.3,11.0,22.0,24.2,162839.9,5,25,1
2,1,42,JLI,50000,23,6900,6.824,6.2,11.6,17.7,57.3,146534.5,5,25,1
2,1,42,JLI,50000,24,7200,7.825,7.2,14.3,17.9,21.8,127795.5,5,25,1
2,1,42,JLI,50000,25,7500,8.726,8.1,16.3,20.1,55.3,114595.7,5,25,1
2,1,42,JLI,50000,26,7800,10.536,9.8,19.4,23.2,55.1,94915.7,5,25,1
2,1,42,JLI,50000,27,8100,11.163,10.1,21.4,29.5,52.6,89579.0,5,25,1
2,1,42,JLI,50000,28,8400,12.092,10.3,25.2,54.1,77.2,82701.6,5,25,1
2,1,42,JLI,50000,29,8700,13.698,13.2,27.0,30.7,32.5,73003.4,5,25,1
2,1,42,JLI,50000,30,9000,14.909,12.8,33.5,36.3,61.3,67072.1,5,25,1
2,1,42,JLI,50000,31,9300,22.585,13.9,35.8,40.6,2217.7,44277.2,5,25,1
2,1,42,JLI,50000,32,9600,16.78,15.5,40.4,45.1,56.9,59595.9,5,25,1
2,1,42,JLI,50000,33,9900,17.547,16.3,41.5,47.4,48.9,56989.8,5,25,1
2,1,42,JLI,50000,34,10200,18.879,16.0,47.9,65.3,81.1,52968.0,5,25,1
2,1,42,JLI,50000,35,10500,19.342,17.6,46.3,56.8,57.4,51701.0,5,25,1
2,1,42,JLI,50000,36,10800,21.92,20.6,52.2,61.3,62.0,45620.4,5,25,1
2,1,42,JLI,50000,37,11100,21.452,19.4,48.3,58.7,59.1,46615.0,5,25,1
2,1,42,JLI,50000,38,11400,22.041,20.9,48.9,61.4,64.0,45370.0,5,25,1
2,1,42,JLI,50000,39,11700,24.874,23.0,54.5,64.0,67.9,40203.2,5,25,1
2,1,42,JLI,50000,40,12000,24.436,21.1,58.9,68.6,71.2,40923.8,5,25,1
2,1,42,JLI,50000,41,12300,36.933,25.1,60.4,75.0,3085.3,27076.1,5,26,1
2,1,42,JLI,50000,42,12600,8.586,6.6,21.2,52.4,66.9,116473.2,5,26,1
2,1,42,JLI,50000,43,12900,9.344,7.5,20.1,34.6,90.5,107020.5,5,26,1
2,1,42,JLI,50000,44,13200,9.878,8.4,19.1,30.6,95.9,101238.5,5,26,1
2,1,42,JLI,50000,45,13500,11.282,9.9,22.4,27.3,58.3,88639.4,5,26,1
2,1,42,JLI,50000,46,13800,11.805,11.2,25.1,30.0,30.7,84712.3,5,26,1
2,1,42,JLI,50000,47,14100,13.09,12.1,25.8,31.9,33.2,76396.1,5,26,1
2,1,42,JLI,50000,48,14400,14.423,12.2,35.0,53.1,62.4,69333.7,5,26,1
2,1,42,JLI,50000,49,14700,15.364,13.2,37.5,44.6,45.7,65088.6,5,26,1
2,1,42,JLI,50000,50,15000,17.094,15.2,41.9,47.5,50.6,58500.1,5,26,1
2,1,42,SkipList,50000,1,300,3.724,3.6,5.8,7.3,7.7,268552.4,0,0,0
2,1,42,SkipList,50000,2,600,3.877,3.8,6.4,7.6,13.1,257953.6,0,0,0
2,1,42,SkipList,50000,3,900,4.023,3.8,6.4,8.5,41.5,248550.1,0,0,0
2,1,42,SkipList,50000,4,1200,3.817,3.6,6.0,7.8,10.7,261963.0,0,0,0
2,1,42,SkipList,50000,5,1500,3.836,3.7,6.0,7.3,8.4,260665.6,0,0,0
2,1,42,SkipList,50000,6,1800,4.441,4.0,7.7,12.7,43.4,225157.6,0,0,0
2,1,42,SkipList,50000,7,2100,4.141,3.7,6.3,8.4,49.7,241487.5,0,0,0
2,1,42,SkipList,50000,8,2400,3.855,3.6,6.1,7.8,13.0,259380.9,0,0,0
2,1,42,SkipList,50000,9,2700,3.611,3.5,5.5,6.4,7.9,276931.5,0,0,0
2,1,42,SkipList,50000,10,3000,3.768,3.7,6.0,7.2,8.4,265416.2,0,0,0
2,1,42,SkipList,50000,11,3300,3.901,3.8,6.1,8.8,11.4,256344.5,0,0,0
2,1,42,SkipList,50000,12,3600,3.802,3.6,5.8,7.1,11.9,262996.4,0,0,0
2,1,42,SkipList,50000,13,3900,3.779,3.7,5.7,6.5,7.4,264620.3,0,0,0
2,1,42,SkipList,50000,14,4200,3.891,3.8,6.3,7.3,8.4,256981.2,0,0,0
2,1,42,SkipList,50000,15,4500,3.915,3.7,6.2,7.4,15.5,255406.2,0,0,0
2,1,42,SkipList,50000,16,4800,4.398,3.9,7.2,10.5,64.0,227393.3,0,0,0
2,1,42,SkipList,50000,17,5100,3.979,3.8,6.5,8.2,12.6,251319.4,0,0,0
2,1,42,SkipList,50000,18,5400,4.12,3.9,6.3,8.6,53.6,242718.5,0,0,0
2,1,42,SkipList,50000,19,5700,3.915,3.8,6.1,7.4,8.2,255406.1,0,0,0
2,1,42,SkipList,50000,20,6000,3.963,3.8,6.1,7.8,16.6,252355.2,0,0,0
2,1,42,SkipList,50000,21,6300,3.876,3.6,6.1,7.8,9.6,257998.0,0,0,0
2,1,42,SkipList,50000,22,6600,6.003,3.7,6.2,8.1,652.8,166592.6,0,0,0
2,1,42,SkipList,50000,23,6900,3.948,3.8,6.4,7.9,12.3,253292.7,0,0,0
2,1,42,SkipList,50000,24,7200,3.742,3.6,5.6,7.9,8.1,267236.8,0,0,0
2,1,42,SkipList,50000,25,7500,3.922,3.8,5.8,7.2,12.3,254993.7,0,0,0
2,1,42,SkipList,50000,26,7800,4.371,4.0,7.7,11.5,39.8,228780.7,0,0,0
2,1,42,SkipList,50000,27,8100,144.861,4.3,7.3,14.4,42088.5,6903.2,0,0,0
2,1,42,SkipList,50000,28,8400,4.572,4.3,7.7,10.9,17.4,218722.7,0,0,0
2,1,42,SkipList,50000,29,8700,5.382,4.7,9.8,12.9,47.0,185793.1,0,0,0
2,1,42,SkipList,50000,30,9000,5.373,5.0,8.9,12.4,19.4,186127.4,0,0,0
2,1,42,SkipList,50000,31,9300,5.012,4.6,7.9,12.1,70.1,199507.9,0,0,0
2,1,42,SkipList,50000,32,9600,4.707,4.5,7.5,10.9,13.3,212464.6,0,0,0
2,1,42,SkipList,50000,33,9900,4.408,4.2,7.2,8.4,8.9,226860.3,0,0,0
2,1,42,SkipList,50000,34,10200,4.42,4.2,7.2,9.0,15.1,226261.5,0,0,0
2,1,42,SkipList,50000,35,10500,4.311,4.0,6.7,9.1,57.4,231982.5,0,0,0
2,1,42,SkipList,50000,36,10800,4.233,4.1,6.6,8.4,12.2,236220.4,0,0,0
2,1,42,SkipList,50000,37,11100,4.187,4.0,6.5,9.1,13.1,238815.5,0,0,0
2,1,42,SkipList,50000,38,11400,4.72,4.2,8.0,11.2,46.3,211864.4,0,0,0
2,1,42,SkipList,50000,39,11700,4.706,4.2,6.7,9.9,63.8,212509.7,0,0,0
2,1,42,SkipList,50000,40,12000,4.202,3.9,6.8,7.7,12.1,237963.1,0,0,0
2,1,42,SkipList,50000,41,12300,4.252,4.2,6.7,8.2,14.0,235165.0,0,0,0
2,1,42,SkipList,50000,42,12600,4.111,3.9,6.3,8.0,10.6,243269.6,0,0,0
2,1,42,SkipList,50000,43,12900,4.216,4.0,6.4,7.5,50.0,237191.5,0,0,0
2,1,42,SkipList,50000,44,13200,4.099,3.9,6.7,7.9,13.7,243981.7,0,0,0
2,1,42,SkipList,50000,45,13500,4.066,4.0,6.4,8.3,9.8,245962.2,0,0,0
2,1,42,SkipList,50000,46,13800,3.959,3.8,6.3,8.6,9.4,252567.7,0,0,0
2,1,42,SkipList,50000,47,14100,4.002,3.9,6.4,9.2,11.8,249895.9,0,0,0
2,1,42,SkipList,50000,48,14400,4.699,4.2,8.0,14.8,26.6,212796.1,0,0,0
2,1,42,SkipList,50000,49,14700,4.399,4.2,7.1,9.9,11.8,227324.5,0,0,0
2,1,42,SkipList,50000,50,15000,4.176,4.1,6.6,9.1,10.2,239463.6,0,0,0
2,1,42,JLI,100000,1,300,52.911,17.9,81.3,133.3,6964.0,18899.5,11,48,2
2,1,42,JLI,100000,2,600,32.163,19.8,101.1,140.3,236.7,31092.0,11,48,2
2,1,42,JLI,100000,3,900,33.571,21.0,95.9,146.2,158.8,29787.3,11,48,2
2,1,42,JLI,100000,4,1200,30.779,21.2,90.9,141.0,141.1,32489.7,11,48,2
2,1,42,JLI,100000,5,1500,35.918,24.6,105.6,144.2,152.0,27841.2,11,48,2
2,1,42,JLI,100000,6,1800,36.729,24.2,122.4,151.7,159.0,27226.7,11,48,2
2,1,42,JLI,100000,7,2100,38.671,26.8,125.5,152.6,160.6,25859.4,11,48,2
2,1,42,JLI,100000,8,2400,42.906,31.1,125.3,161.1,212.8,23306.9,11,48,2
2,1,42,JLI,100000,9,2700,42.259,31.3,130.5,169.8,257.2,23663.8,11,48,2
2,1,42,JLI,100000,10,3000,42.603,33.7,128.3,163.2,170.9,23472.7,11,48,2
2,1,42,JLI,100000,11,3300,57.439,32.8,111.6,165.8,4873.5,17409.9,11,48,2
2,1,42,JLI,100000,12,3600,40.636,35.0,104.3,170.7,184.7,24608.5,11,48,2
2,1,42,JLI,100000,13,3900,47.602,39.6,107.9,175.0,181.6,21007.4,11,48,2
2,1,42,JLI,100000,14,4200,43.755,34.6,111.2,168.2,187.3,22854.7,11,48,2
2,1,42,JLI,100000,15,4500,53.872,44.8,138.6,184.7,200.7,18562.4,11,48,2
2,1,42,JLI,100000,16,4800,52.708,42.3,159.6,187.6,206.1,18972.6,11,48,2
2,1,42,JLI,100000,17,5100,57.793,48.9,153.0,190.9,195.1,17303.0,11,48,2
2,1,42,JLI,100000,18,5400,51.021,42.2,114.7,188.6,192.0,19599.8,11,48,2
2,1,42,JLI,100000,19,5700,59.696,50.5,175.1,200.5,205.2,16751.4,11,48,2
2,1,42,JLI,100000,20,6000,57.881,47.6,136.2,207.4,215.1,17276.7,11,48,2
2,1,42,JLI,100000,21,6300,48.455,9.7,76.5,201.9,8381.6,20637.6,11,49,2
2,1,42,JLI,100000,22,6600,14.096,8.8,39.4,52.5,85.5,70942.1,11,49,2
2,1,42,JLI,100000,23,6900,14.716,9.4,40.0,76.0,98.2,67953.2,11,49,2
2,1,42,JLI,100000,24,7200,6.861,4.7,11.6,77.6,82.7,145758.4,11,49,2
2,1,42,JLI,100000,25,7500,8.152,6.1,13.5,80.7,83.1,122674.3,11,49,2
2,1,42,JLI,100000,26,7800,9.498,7.6,16.7,78.9,81.9,105285.3,11,49,2
2,1,42,JLI,100000,27,8100,11.757,9.9,21.8,79.5,130.2,85058.1,11,49,2
2,1,42,JLI,100000,28,8400,12.716,11.0,22.9,76.7,91.7,78641.1,11,49,2
2,1,42,JLI,100000,29,8700,14.089,11.5,28.5,81.2,84.7,70979.0,11,49,2
2,1,42,JLI,100000,30,9000,14.234,12.6,30.1,81.6,99.5,70252.7,11,49,2
2,1,42,JLI,100000,31,9300,33.57,15.6,38.3,91.6,4806.9,29788.2,11,49,2
2,1,42,JLI,100000,32,9600,18.517,15.6,47.0,82.2,84.2,54003.5,11,49,2
2,1,42,JLI,100000,33,9900,22.966,19.5,53.5,86.8,97.4,43543.3,11,49,2
2,1,42,JLI,100000,34,10200,19.72,17.6,46.7,77.9,85.2,50710.8,11,49,2
2,1,42,JLI,100000,35,10500,24.864,20.7,55.6,101.4,176.1,40218.8,11,49,2
2,1,42,JLI,100000,36,10800,24.292,20.5,59.8,82.1,89.7,41165.2,11,49,2
2,1,42,JLI,100000,37,11100,27.226,22.1,73.5,85.9,100.5,36730.0,11,49,2
2,1,42,JLI,100000,38,11400,27.149,22.8,64.5,81.8,87.8,36833.8,11,49,2
2,1,42,JLI,100000,39,11700,27.809,24.0,63.4,93.4,149.0,35959.2,11,49,2
2,1,42,JLI,100000,40,12000,30.898,25.3,82.9,112.9,121.7,32364.2,11,49,2
2,1,42,JLI,100000,41,12300,44.411,7.4,67.2,95.9,7763.7,22516.9,11,50,2
2,1,42,JLI,100000,42,12600,13.679,8.1,43.0,91.7,102.9,73106.5,11,50,2
2,1,42,JLI,100000,43,12900,12.405,8.4,39.1,51.6,93.2,80612.6,11,50,2
2,1,42,JLI,100000,44,13200,10.766,7.8,30.0,50.6,86.1,92887.9,11,50,2
2,1,42,JLI,100000,45,13500,12.055,9.1,32.4,45.7,85.2,82950.8,11,50,2
2,1,42,JLI,100000,46,13800,11.28,8.1,31.3,47.0,90.2,88655.1,11,50,2
2,1,42,JLI,100000,47,14100,10.552,8.1,25.4,41.8,87.6,94765.8,11,50,2
2,1,42,JLI,100000,48,14400,14.241,7.7,27.5,41.0,1163.5,70221.4,11,50,2
2,1,42,JLI,100000,49,14700,12.349,9.2,29.0,39.9,58.2,80976.1,11,50,2
2,1,42,JLI,100000,50,15000,12.764,9.9,33.3,44.1,61.8,78345.3,11,50,2
2,1,42,SkipList,100000,1,300,4.871,4.7,8.0,9.6,10.7,205310.7,0,0,0
2,1,42,SkipList,100000,2,600,4.853,4.7,7.6,8.8,13.5,206058.1,0,0,0
2,1,42,SkipList,100000,3,900,5.233,5.0,8.4,10.8,11.6,191095.0,0,0,0
2,1,42,SkipList,100000,4,1200,5.118,4.6,7.6,9.1,67.8,195388.9,0,0,0
2,1,42,SkipList,100000,5,1500,5.278,4.8,9.1,16.0,26.4,189465.7,0,0,0
2,1,42,SkipList,100000,6,1800,5.185,5.0,8.4,10.6,16.9,192851.6,0,0,0
2,1,42,SkipList,100000,7,2100,5.178,4.8,7.8,11.3,60.5,193137.2,0,0,0
2,1,42,SkipList,100000,8,2400,4.999,4.8,7.9,9.9,15.7,200053.4,0,0,0
2,1,42,SkipList,100000,9,2700,5.035,4.7,8.3,10.3,13.7,198609.7,0,0,0
2,1,42,SkipList,100000,10,3000,4.909,4.6,7.7,9.5,12.6,203721.3,0,0,0
2,1,42,SkipList,100000,11,3300,5.098,4.7,7.7,10.1,71.2,196142.5,0,0,0
2,1,42,SkipList,100000,12,3600,4.873,4.6,7.7,10.8,12.7,205226.4,0,0,0
2,1,42,SkipList,100000,13,3900,4.952,4.8,7.5,9.8,10.4,201925.1,0,0,0
2,1,42,SkipList,100000,14,4200,5.975,5.5,9.7,12.7,64.6,167373.4,0,0,0
2,1,42,SkipList,100000,15,4500,5.464,5.1,8.4,10.6,58.9,183027.2,0,0,0
2,1,42,SkipList,100000,16,4800,5.202,5.0,8.2,11.3,12.9,192221.4,0,0,0
2,1,42,SkipList,100000,17,5100,5.046,4.8,8.1,10.2,10.9,198189.9,0,0,0
2,1,42,SkipList,100000,18,5400,5.025,4.9,7.7,11.4,13.2,198991.8,0,0,0
2,1,42,SkipList,100000,19,5700,7.913,4.9,8.6,13.6,834.0,126379.6,0,0,0
2,1,42,SkipList,100000,20,6000,5.283,5.1,8.1,10.6,15.9,189298.4,0,0,0
2,1,42,SkipList,100000,21,6300,5.355,5.0,8.9,12.6,14.4,186741.3,0,0,0
2,1,42,SkipList,100000,22,6600,6.197,5.8,10.4,16.5,24.7,161368.4,0,0,0
2,1,42,SkipList,100000,23,6900,5.771,5.3,9.1,13.0,66.3,173280.2,0,0,0
2,1,42,SkipList,100000,24,7200,5.313,5.1,8.3,11.5,13.7,188205.7,0,0,0
2,1,42,SkipList,100000,25,7500,5.232,5.1,8.0,10.0,12.9,191131.5,0,0,0
2,1,42,SkipList,100000,26,7800,5.215,4.9,8.4,11.1,15.2,191766.9,0,0,0
2,1,42,SkipList,100000,27,8100,5.391,4.9,8.8,10.7,58.2,185505.9,0,0,0
2,1,42,SkipList,100000,28,8400,5.135,5.0,8.2,9.9,15.6,194754.6,0,0,0
2,1,42,SkipList,100000,29,8700,5.622,5.1,8.8,14.1,49.1,177862.1,0,0,0
2,1,42,SkipList,100000,30,9000,5.775,5.4,9.4,13.6,21.1,173170.2,0,0,0
2,1,42,SkipList,100000,31,9300,5.809,5.4,8.9,12.6,67.0,172146.7,0,0,0
2,1,42,SkipList,100000,32,9600,5.496,5.2,8.9,13.7,17.9,181939.5,0,0,0
2,1,42,SkipList,100000,33,9900,5.318,5.1,8.8,11.0,12.9,188052.5,0,0,0
2,1,42,SkipList,100000,34,10200,5.373,5.1,8.4,11.3,15.2,186104.2,0,0,0
2,1,42,SkipList,100000,35,10500,5.461,5.1,8.3,14.2,60.7,183116.6,0,0,0
2,1,42,SkipList,100000,36,10800,5.181,5.0,8.0,10.5,12.8,193013.0,0,0,0
2,1,42,SkipList,100000,37,11100,6.31,5.5,11.6,18.4,52.9,158487.0,0,0,0
2,1,42,SkipList,100000,38,11400,5.86,5.5,10.0,15.6,20.6,170658.2,0,0,0
2,1,42,SkipList,100000,39,11700,5.737,5.4,8.8,11.0,59.1,174317.3,0,0,0
2,1,42,SkipList,100000,40,12000,5.325,5.0,8.7,12.0,17.8,187793.4,0,0,0
2,1,42,SkipList,100000,41,12300,5.549,5.3,8.6,11.3,14.9,180201.8,0,0,0
2,1,42,SkipList,100000,42,12600,5.446,5.2,9.1,11.3,15.0,183632.2,0,0,0
2,1,42,SkipList,100000,43,12900,5.575,5.1,8.2,10.3,74.3,179372.2,0,0,0
2,1,42,SkipList,100000,44,13200,5.257,5.0,8.3,12.2,14.4,190210.5,0,0,0
2,1,42,SkipList,100000,45,13500,6.149,5.6,9.7,18.0,52.5,162619.2,0,0,0
2,1,42,SkipList,100000,46,13800,5.383,5.0,8.3,10.9,60.2,185781.5,0,0,0
2,1,42,SkipList,100000,47,14100,5.183,5.1,8.1,10.7,17.0,192950.9,0,0,0
2,1,42,SkipList,100000,48,14400,5.335,5.0,8.4,12.6,15.5,187453.2,0,0,0
2,1,42,SkipList,100000,49,14700,5.203,4.9,8.1,11.0,12.4,192196.8,0,0,0
2,1,42,SkipList,100000,50,15000,5.171,4.7,7.7,11.2,58.8,193386.2,0,0,0
2,1,42,JLI,200000,1,300,60.058,9.5,59.7,78.9,12488.8,16650.7,21,98,2
2,1,42,JLI,200000,2,600,21.053,12.8,61.8,84.7,104.3,47499.2,21,98,2
2,1,42,JLI,200000,3,900,14.797,8.2,51.4,72.9,115.3,67581.3,21,98,2
2,1,42,JLI,200000,4,1200,10.425,5.6,40.4,50.2,60.4,95926.3,21,98,2
2,1,42,JLI,200000,5,1500,11.583,7.2,34.7,62.0,102.2,86335.9,21,98,2
2,1,42,JLI,200000,6,1800,12.84,8.4,44.6,66.6,72.5,77879.6,21,98,2
2,1,42,JLI,200000,7,2100,13.608,9.3,43.3,53.1,66.5,73488.0,21,98,2
2,1,42,JLI,200000,8,2400,13.564,9.4,41.5,58.2,64.3,73726.4,21,98,2
2,1,42,JLI,200000,9,2700,14.028,9.9,40.3,68.2,91.3,71286.0,21,98,2
2,1,42,JLI,200000,10,3000,14.043,9.8,44.2,57.1,69.6,71208.2,21,98,2
2,1,42,JLI,200000,11,3300,42.6,10.1,41.3,66.4,8291.4,23474.0,21,98,2
2,1,42,JLI,200000,12,3600,16.94,12.9,43.5,58.5,71.2,59031.9,21,98,2
2,1,42,JLI,200000,13,3900,15.691,11.7,39.4,55.7,75.3,63729.5,21,98,2
2,1,42,JLI,200000,14,4200,17.839,12.5,44.1,58.2,85.1,56058.0,21,98,2
2,1,42,JLI,200000,15,4500,16.386,11.5,39.0,59.2,65.3,61026.5,21,98,2
2,1,42,JLI,200000,16,4800,17.83,12.7,46.8,57.2,72.7,56085.3,21,98,2
2,1,42,JLI,200000,17,5100,18.533,14.0,45.7,58.2,67.4,53957.8,21,98,2
2,1,42,JLI,200000,18,5400,17.069,11.2,48.1,57.4,58.8,58585.7,21,98,2
2,1,42,JLI,200000,19,5700,5.887,4.6,13.8,27.1,39.5,169875.4,21,98,2
2,1,42,JLI,200000,20,6000,55.729,6.5,33.4,80.1,13884.8,17944.1,21,99,2
2,1,42,JLI,200000,21,6300,21.688,10.9,65.3,103.2,131.6,46107.7,21,99,2
2,1,42,JLI,200000,22,6600,17.707,9.0,54.9,75.3,104.0,56475.9,21,99,2
2,1,42,JLI,200000,23,6900,18.35,9.9,51.0,70.0,115.6,54495.9,21,99,2
2,1,42,JLI,200000,24,7200,17.711,9.0,56.2,77.0,194.5,56462.1,21,99,2
2,1,42,JLI,200000,25,7500,6.766,4.8,19.2,50.8,77.6,147790.5,21,99,2
2,1,42,JLI,200000,26,7800,7.784,6.6,14.5,35.3,54.3,128474.2,21,99,2
2,1,42,JLI,200000,27,8100,10.458,9.3,19.6,31.7,43.7,95617.5,21,99,2
2,1,42,JLI,200000,28,8400,12.539,11.3,26.1,42.0,71.9,79753.3,21,99,2
2,1,42,JLI,200000,29,8700,13.977,12.7,31.0,39.7,72.3,71546.1,21,99,2
2,1,42,JLI,200000,30,9000,16.056,13.0,37.9,42.0,47.2,62280.7,21,99,2
2,1,42,JLI,200000,31,9300,48.67,15.8,40.3,55.3,9402.1,20546.5,21,99,2
2,1,42,JLI,200000,32,9600,21.052,19.1,49.7,57.1,80.5,47502.2,21,99,2
2,1,42,JLI,200000,33,9900,22.101,20.0,54.3,61.3,61.7,45247.5,21,99,2
2,1,42,JLI,200000,34,10200,25.348,21.9,63.5,67.8,98.0,39450.8,21,99,2
2,1,42,JLI,200000,35,10500,24.834,21.0,66.4,74.0,77.1,40267.9,21,99,2
2,1,42,JLI,200000,36,10800,27.871,24.4,69.6,77.3,84.2,35879.6,21,99,2
2,1,42,JLI,200000,37,11100,30.525,27.7,78.9,87.0,89.5,32760.0,21,99,2
2,1,42,JLI,200000,38,11400,31.945,27.7,81.8,95.3,101.8,31303.5,21,99,2
2,1,42,JLI,200000,39,11700,36.645,33.4,91.3,102.9,121.7,27288.9,21,99,2
2,1,42,JLI,200000,40,12000,38.978,34.1,101.3,113.0,145.8,25655.7,21,99,2
2,1,42,JLI,200000,41,12300,73.38,11.0,94.5,120.9,14318.9,13627.8,21,100,2
2,1,42,JLI,200000,42,12600,15.656,8.5,49.4,72.1,103.2,63871.9,21,100,2
2,1,42,JLI,200000,43,12900,16.09,8.5,55.2,78.0,104.3,62149.1,21,100,2
2,1,42,JLI,200000,44,13200,15.426,8.5,48.7,68.8,144.2,64824.2,21,100,2
2,1,42,JLI,200000,45,13500,14.748,8.7,44.6,58.1,64.4,67804.3,21,100,2
2,1,42,JLI,200000,46,13800,16.483,9.2,54.0,70.0,110.8,60667.3,21,100,2
2,1,42,JLI,200000,47,14100,16.511,9.2,50.9,65.2,81.1,60566.9,21,100,2
2,1,42,JLI,200000,48,14400,13.472,8.6,42.0,59.3,64.3,74229.9,21,100,2
2,1,42,JLI,200000,49,14700,17.38,10.0,51.1,71.7,110.6,57538.5,21,100,2
2,1,42,JLI,200000,50,15000,14.82,9.2,43.1,76.2,108.1,67477.9,21,100,2
2,1,42,SkipList,200000,1,300,7.09,6.9,10.8,14.1,19.3,141050.4,0,0,0
2,1,42,SkipList,200000,2,600,7.147,6.9,11.7,16.8,23.7,139918.9,0,0,0
2,1,42,SkipList,200000,3,900,7.086,6.4,11.1,17.0,67.9,141116.7,0,0,0
2,1,42,SkipList,200000,4,1200,6.74,6.5,11.3,13.9,17.0,148367.9,0,0,0
2,1,42,SkipList,200000,5,1500,7.21,6.7,12.2,20.0,52.1,138702.7,0,0,0
2,1,42,SkipList,200000,6,1800,6.758,6.2,11.2,14.9,18.8,147972.8,0,0,0
2,1,42,SkipList,200000,7,2100,7.159,6.7,11.4,14.8,74.3,139684.4,0,0,0
2,1,42,SkipList,200000,8,2400,6.693,6.4,10.9,13.3,14.5,149417.3,0,0,0
2,1,42,SkipList,200000,9,2700,6.736,6.3,11.1,14.8,18.0,148463.4,0,0,0
2,1,42,SkipList,200000,10,3000,6.51,6.0,10.6,12.8,13.5,153617.7,0,0,0
2,1,42,SkipList,200000,11,3300,7.335,6.5,12.7,20.8,82.5,136338.8,0,0,0
2,1,42,SkipList,200000,12,3600,6.983,6.7,11.0,16.9,27.3,143211.8,0,0,0
2,1,42,SkipList,200000,13,3900,6.738,6.5,10.9,13.2,19.6,148419.4,0,0,0
2,1,42,SkipList,200000,14,4200,6.523,6.3,10.0,14.0,14.7,153295.9,0,0,0
2,1,42,SkipList,200000,15,4500,6.773,6.3,10.4,15.2,69.9,147652.3,0,0,0
2,1,42,SkipList,200000,16,4800,6.731,6.4,11.1,12.9,13.1,148566.3,0,0,0
2,1,42,SkipList,200000,17,5100,6.635,6.5,10.2,13.0,20.3,150715.9,0,0,0
2,1,42,SkipList,200000,18,5400,6.761,6.4,11.4,15.4,22.3,147914.4,0,0,0
2,1,42,SkipList,200000,19,5700,6.88,6.4,12.0,17.6,19.0,145341.8,0,0,0
2,1,42,SkipList,200000,20,6000,6.498,6.2,10.9,13.6,16.5,153885.6,0,0,0
2,1,42,SkipList,200000,21,6300,6.496,6.2,10.3,12.5,18.2,153948.8,0,0,0
2,1,42,SkipList,200000,22,6600,6.514,6.3,10.7,13.1,18.7,153523.4,0,0,0
2,1,42,SkipList,200000,23,6900,6.401,5.8,10.4,12.8,70.2,156217.5,0,0,0
2,1,42,SkipList,200000,24,7200,6.479,6.1,11.0,12.3,19.3,154344.8,0,0,0
2,1,42,SkipList,200000,25,7500,6.748,6.4,11.0,15.6,23.8,148184.7,0,0,0
2,1,42,SkipList,200000,26,7800,6.695,6.1,10.4,14.8,63.2,149365.2,0,0,0
2,1,42,SkipList,200000,27,8100,6.419,6.3,9.6,12.7,14.8,155779.4,0,0,0
2,1,42,SkipList,200000,28,8400,6.179,6.0,9.9,11.8,15.2,161838.5,0,0,0
2,1,42,SkipList,200000,29,8700,6.378,6.3,10.0,12.8,16.5,156797.2,0,0,0
2,1,42,SkipList,200000,30,9000,6.316,5.9,9.5,13.1,67.1,158336.5,0,0,0
2,1,42,SkipList,200000,31,9300,6.245,5.9,9.7,14.9,21.6,160128.1,0,0,0
2,1,42,SkipList,200000,32,9600,6.68,6.2,11.3,15.4,27.4,149708.1,0,0,0
2,1,42,SkipList,200000,33,9900,6.21,5.7,10.3,12.5,17.1,161022.0,0,0,0
2,1,42,SkipList,200000,34,10200,6.524,6.2,10.4,14.6,72.1,153280.2,0,0,0
2,1,42,SkipList,200000,35,10500,6.217,6.0,10.0,12.6,14.1,160840.6,0,0,0
2,1,42,SkipList,200000,36,10800,6.339,6.1,10.7,13.1,14.6,157753.5,0,0,0
2,1,42,SkipList,200000,37,11100,6.186,6.0,9.5,13.4,16.8,161655.4,0,0,0
2,1,42,SkipList,200000,38,11400,6.416,5.9,10.2,15.7,63.7,155868.5,0,0,0
2,1,42,SkipList,200000,39,11700,7.12,6.4,12.2,19.4,44.9,140442.9,0,0,0
2,1,42,SkipList,200000,40,12000,6.297,6.0,9.9,14.2,19.3,158797.4,0,0,0
2,1,42,SkipList,200000,41,12300,6.151,5.8,9.7,12.9,13.5,162566.3,0,0,0
2,1,42,SkipList,200000,42,12600,6.718,6.2,11.5,13.4,73.3,148861.2,0,0,0
2,1,42,SkipList,200000,43,12900,6.241,5.9,9.2,14.5,15.6,160230.7,0,0,0
2,1,42,SkipList,200000,44,13200,6.317,6.0,9.9,12.9,13.8,158294.7,0,0,0
2,1,42,SkipList,200000,45,13500,6.157,5.9,9.7,12.8,14.5,162425.5,0,0,0
2,1,42,SkipList,200000,46,13800,10.381,6.3,11.0,19.7,1088.7,96332.9,0,0,0
2,1,42,SkipList,200000,47,14100,6.41,6.2,10.2,13.8,18.9,155998.1,0,0,0
2,1,42,SkipList,200000,48,14400,6.19,6.0,9.4,12.5,21.1,161550.9,0,0,0
2,1,42,SkipList,200000,49,14700,6.275,5.8,10.9,14.5,18.0,159362.5,0,0,0
2,1,42,SkipList,200000,50,15000,996.423,6.4,13.0,17.8,296836.4,1003.6,0,0,0
2,2,43,JLI,5000,1,300,6.67,5.6,9.6,12.8,230.0,149932.5,0,1,1
2,2,43,JLI,5000,2,600,8.795,7.4,17.1,58.3,78.9,113705.3,0,1,1
2,2,43,JLI,5000,3,900,9.187,7.9,19.5,24.3,25.9,108849.5,0,1,1
2,2,43,JLI,5000,4,1200,11.01,9.9,23.3,30.3,31.0,90829.3,0,1,1
2,2,43,JLI,5000,5,1500,11.983,10.2,29.3,35.9,36.5,83451.6,0,1,1
2,2,43,JLI,5000,6,1800,14.924,12.3,36.2,49.4,66.8,67006.2,0,1,1
2,2,43,JLI,5000,7,2100,17.222,15.1,43.7,51.7,56.4,58064.1,0,1,1
2,2,43,JLI,5000,8,2400,17.57,15.7,43.4,52.6,54.7,56915.2,0,1,1
2,2,43,JLI,5000,9,2700,22.633,20.4,52.5,61.0,75.3,44183.9,0,1,1
2,2,43,JLI,5000,10,3000,23.569,16.4,62.2,73.2,607.4,42428.6,0,2,1
2,2,43,JLI,5000,11,3300,7.252,6.9,13.0,24.5,27.9,137893.0,0,2,1
2,2,43,JLI,5000,12,3600,6.121,5.3,10.8,12.1,28.3,163372.0,0,2,1
2,2,43,JLI,5000,13,3900,8.113,7.9,14.5,16.9,17.8,123253.9,0,2,1
2,2,43,JLI,5000,14,4200,9.872,9.3,20.7,24.5,57.5,101300.0,0,2,1
2,2,43,JLI,5000,15,4500,11.386,10.5,24.6,28.2,31.2,87827.2,0,2,1
2,2,43,JLI,5000,16,4800,12.989,11.6,30.4,33.1,34.1,76988.2,0,2,1
2,2,43,JLI,5000,17,5100,14.918,13.6,34.8,42.5,46.1,67034.6,0,2,1
2,2,43,JLI,5000,18,5400,16.099,13.6,40.0,45.8,48.5,62116.9,0,2,1
2,2,43,JLI,5000,19,5700,17.929,14.6,46.8,51.5,52.9,55776.6,0,2,1
2,2,43,JLI,5000,20,6000,16.405,11.6,47.9,58.3,92.7,60958.3,0,2,1
2,2,43,JLI,5000,21,6300,6.684,4.7,9.5,28.7,295.0,149611.0,1,2,1
2,2,43,JLI,5000,22,6600,7.362,6.8,12.4,16.4,26.4,135832.7,1,2,1
2,2,43,JLI,5000,23,6900,10.612,9.7,24.1,26.1,27.9,94230.0,1,2,1
2,2,43,JLI,5000,24,7200,12.703,11.0,28.5,33.2,46.4,78719.5,1,2,1
2,2,43,JLI,5000,25,7500,14.823,14.2,31.6,37.8,40.7,67462.7,1,2,1
2,2,43,JLI,5000,26,7800,16.696,15.6,39.2,44.8,47.3,59893.4,1,2,1
2,2,43,JLI,5000,27,8100,20.442,18.7,47.2,52.5,55.7,48918.9,1,2,1
2,2,43,JLI,5000,28,8400,21.129,19.2,49.6,61.0,62.3,47327.6,1,2,1
2,2,43,JLI,5000,29,8700,23.57,22.1,53.5,65.4,67.9,42426.8,1,2,1
2,2,43,JLI,5000,30,9000,25.002,23.5,59.2,72.0,107.3,39996.3,1,2,1
2,2,43,JLI,5000,31,9300,23.19,13.5,62.4,78.6,791.6,43121.4,1,3,1
2,2,43,JLI,5000,32,9600,5.864,4.5,11.7,22.5,33.8,170522.4,1,3,1
2,2,43,JLI,5000,33,9900,6.534,5.9,10.9,12.5,35.3,153045.6,1,3,1
2,2,43,JLI,5000,34,10200,7.724,7.2,13.9,16.2,16.7,129472.2,1,3,1
2,2,43,JLI,5000,35,10500,8.478,8.0,16.6,20.1,58.9,117952.4,1,3,1
2,2,43,JLI,5000,36,10800,7.362,5.3,15.9,23.2,31.9,135826.5,1,3,1
2,2,43,JLI,5000,37,11100,5.281,4.7,10.6,12.3,13.1,189358.1,1,3,1
2,2,43,JLI,5000,38,11400,7.131,6.7,12.4,14.7,19.0,140226.2,1,3,1
2,2,43,JLI,5000,39,11700,8.46,8.1,16.0,21.6,40.2,118198.7,1,3,1
2,2,43,JLI,5000,40,12000,4.542,4.2,7.4,9.8,12.4,220151.1,1,3,1
2,2,43,JLI,5000,41,12300,7.857,6.4,11.5,15.6,355.9,127269.6,1,3,1
2,2,43,JLI,5000,42,12600,8.792,8.2,17.8,22.1,23.1,113739.8,1,3,1
2,2,43,JLI,5000,43,12900,10.418,9.3,22.2,25.7,29.4,95987.7,1,3,1
2,2,43,JLI,5000,44,13200,14.612,13.4,30.3,36.3,75.2,68435.3,1,3,1
2,2,43,JLI,5000,45,13500,14.96,13.3,32.3,37.8,41.1,66843.4,1,3,1
2,2,43,JLI,5000,46,13800,17.269,15.6,39.5,46.6,60.3,57908.3,1,3,1
2,2,43,JLI,5000,47,14100,19.176,18.0,43.7,53.2,61.5,52148.5,1,3,1
2,2,43,JLI,5000,48,14400,21.136,18.4,53.9,60.5,62.9,47311.9,1,3,1
2,2,43,JLI,5000,49,14700,23.071,20.6,57.9,74.9,96.3,43345.1,1,3,1
2,2,43,JLI,5000,50,15000,25.9,24.3,61.9,72.7,73.2,38609.5,1,3,1
2,2,43,SkipList,5000,1,300,3.597,3.3,5.5,9.7,29.4,278035.2,0,0,0
2,2,43,SkipList,5000,2,600,2.933,2.9,4.6,5.1,7.1,340986.7,0,0,0
2,2,43,SkipList,5000,3,900,2.931,2.8,4.4,5.1,5.3,341180.6,0,0,0
2,2,43,SkipList,5000,4,1200,6.082,3.0,4.9,5.9,904.6,164428.6,0,0,0
2,2,43,SkipList,5000,5,1500,2.917,2.9,4.4,5.7,5.7,342778.8,0,0,0
2,2,43,SkipList,5000,6,1800,3.005,2.9,4.5,5.9,11.1,332741.6,0,0,0
2,2,43,SkipList,5000,7,2100,2.935,2.9,4.5,5.3,6.5,340715.6,0,0,0
2,2,43,SkipList,5000,8,2400,3.046,2.8,4.4,7.0,49.8,328263.6,0,0,0
2,2,43,SkipList,5000,9,2700,3.043,3.0,4.6,5.7,9.4,328623.2,0,0,0
2,2,43,SkipList,5000,10,3000,2.973,2.9,4.7,5.8,6.9,336360.6,0,0,0
2,2,43,SkipList,5000,11,3300,3.028,2.9,4.9,6.1,11.1,330251.1,0,0,0
2,2,43,SkipList,5000,12,3600,3.009,3.0,4.6,5.1,5.3,332336.3,0,0,0
2,2,43,SkipList,5000,13,3900,3.768,3.4,6.8,11.1,12.5,265392.8,0,0,0
2,2,43,SkipList,5000,14,4200,3.161,3.0,4.7,6.5,17.5,316322.3,0,0,0
2,2,43,SkipList,5000,15,4500,2.967,2.8,4.7,5.3,5.4,337003.1,0,0,0
2,2,43,SkipList,5000,16,4800,3.19,3.0,4.5,6.0,60.8,313512.4,0,0,0
2,2,43,SkipList,5000,17,5100,2.955,2.8,4.5,4.9,11.5,338371.3,0,0,0
2,2,43,SkipList,5000,18,5400,2.922,2.8,4.5,5.3,5.4,342192.2,0,0,0
2,2,43,SkipList,5000,19,5700,2.967,2.9,4.5,5.2,10.3,337078.6,0,0,0
2,2,43,SkipList,5000,20,6000,3.068,2.8,4.4,5.5,50.2,325980.8,0,0,0
2,2,43,SkipList,5000,21,6300,2.814,2.8,4.2,4.9,5.5,355324.1,0,0,0
2,2,43,SkipList,5000,22,6600,2.875,2.8,4.2,5.1,9.2,347866.6,0,0,0
2,2,43,SkipList,5000,23,6900,2.816,2.7,4.3,5.0,5.6,355155.5,0,0,0
2,2,43,SkipList,5000,24,7200,2.959,2.9,4.4,4.9,9.4,337990.0,0,0,0
2,2,43,SkipList,5000,25,7500,3.309,3.0,5.1,10.5,49.8,302236.7,0,0,0
2,2,43,SkipList,5000,26,7800,3.096,3.0,4.8,5.8,7.2,322962.5,0,0,0
2,2,43,SkipList,5000,27,8100,3.165,3.0,4.7,7.2,12.1,315955.8,0,0,0
2,2,43,SkipList,5000,28,8400,2.961,2.9,4.5,4.9,6.3,337761.9,0,0,0
2,2,43,SkipList,5000,29,8700,3.133,2.9,4.7,5.4,51.4,319216.9,0,0,0
2,2,43,SkipList,5000,30,9000,2.966,2.9,4.4,5.0,11.5,337154.2,0,0,0
2,2,43,SkipList,5000,31,9300,2.868,2.8,4.5,5.1,6.1,348634.3,0,0,0
2,2,43,SkipList,5000,32,9600,3.0,3.0,4.5,5.6,12.0,333370.4,0,0,0
2,2,43,SkipList,5000,33,9900,3.102,2.9,4.5,5.6,49.6,322372.6,0,0,0
2,2,43,SkipList,5000,34,10200,2.918,2.8,4.3,5.1,5.5,342700.6,0,0,0
2,2,43,SkipList,5000,35,10500,3.056,3.0,4.4,4.9,11.3,327225.2,0,0,0
2,2,43,SkipList,5000,36,10800,2.902,2.9,4.5,5.1,5.7,344629.5,0,0,0
2,2,43,SkipList,5000,37,11100,3.123,2.9,4.4,5.8,48.9,320205.1,0,0,0
2,2,43,SkipList,5000,38,11400,3.449,3.1,5.7,11.5,37.2,289939.2,0,0,0
2,2,43,SkipList,5000,39,11700,2.935,2.8,4.8,5.2,6.9,340676.7,0,0,0
2,2,43,SkipList,5000,40,12000,3.023,2.9,4.6,5.6,10.1,330760.9,0,0,0
2,2,43,SkipList,5000,41,12300,3.126,2.9,4.7,6.1,47.4,319863.5,0,0,0
2,2,43,SkipList,5000,42,12600,2.969,2.9,4.5,5.7,6.0,336813.8,0,0,0
2,2,43,SkipList,5000,43,12900,2.986,2.9,4.4,5.3,10.5,334933.3,0,0,0
2,2,43,SkipList,5000,44,13200,2.928,2.9,4.3,5.1,5.7,341568.9,0,0,0
2,2,43,SkipList,5000,45,13500,2.937,2.9,4.4,5.6,9.2,340444.7,0,0,0
2,2,43,SkipList,5000,46,13800,3.168,2.9,4.4,5.2,55.9,315656.3,0,0,0
2,2,43,SkipList,5000,47,14100,2.981,2.9,4.5,5.0,5.2,335458.1,0,0,0
2,2,43,SkipList,5000,48,14400,2.92,2.8,4.5,5.5,10.8,342465.9,0,0,0
2,2,43,SkipList,5000,49,14700,2.959,2.9,4.5,5.3,5.7,337913.9,0,0,0
2,2,43,SkipList,5000,50,15000,3.241,3.0,4.7,5.7,51.3,308515.1,0,0,0
2,2,43,JLI,10000,1,300,8.252,5.6,11.5,28.5,566.2,121177.8,0,4,1
2,2,43,JLI,10000,2,600,7.161,6.6,12.5,15.8,32.1,139645.3,0,4,1
2,2,43,JLI,10000,3,900,8.288,7.6,14.4,31.7,33.8,120651.5,0,4,1
2,2,43,JLI,10000,4,1200,8.743,7.7,16.9,21.0,37.4,114381.6,0,4,1
2,2,43,JLI,10000,5,1500,8.357,7.4,18.6,26.8,34.9,119665.0,0,4,1
2,2,43,JLI,10000,6,1800,10.372,8.1,25.2,32.0,35.4,96413.4,0,4,1
2,2,43,JLI,10000,7,2100,10.12,7.9,25.4,34.1,35.5,98817.5,0,4,1
2,2,43,JLI,10000,8,2400,11.879,7.9,31.8,43.2,80.5,84184.5,0,4,1
2,2,43,JLI,10000,9,2700,11.578,8.0,31.5,39.3,43.7,86373.2,0,4,1
2,2,43,JLI,10000,10,3000,14.683,8.7,35.0,45.3,532.2,68106.0,1,4,1
2,2,43,JLI,10000,11,3300,13.871,9.8,37.8,47.7,51.0,72091.1,1,4,1
2,2,43,JLI,10000,12,3600,13.946,8.9,37.7,51.7,59.3,71706.9,1,4,1
2,2,43,JLI,10000,13,3900,15.956,10.4,42.7,51.5,53.8,62672.4,1,4,1
2,2,43,JLI,10000,14,4200,16.243,9.9,45.8,60.5,61.6,61563.7,1,4,1
2,2,43,JLI,10000,15,4500,16.764,10.5,51.3,63.3,95.7,59650.4,1,4,1
2,2,43,JLI,10000,16,4800,18.62,11.3,56.5,64.1,67.7,53704.7,1,4,1
2,2,43,JLI,10000,17,5100,18.742,11.8,52.6,69.7,73.6,53355.2,1,4,1
2,2,43,JLI,10000,18,5400,17.817,10.3,55.1,74.0,84.3,56125.1,1,4,1
2,2,43,JLI,10000,19,5700,20.005,13.0,57.0,78.2,79.7,49986.7,1,4,1
2,2,43,JLI,10000,20,6000,20.516,13.5,54.3,80.6,100.0,48743.2,1,4,1
2,2,43,JLI,10000,21,6300,14.238,6.6,35.9,77.2,937.8,70232.9,1,5,1
2,2,43,JLI,10000,22,6600,8.083,7.1,14.3,36.2,37.1,123721.6,1,5,1
2,2,43,JLI,10000,23,6900,8.975,8.1,14.6,37.2,69.3,111416.5,1,5,1
2,2,43,JLI,10000,24,7200,8.948,8.4,17.2,20.7,27.0,111756.8,1,5,1
2,2,43,JLI,10000,25,7500,10.219,9.2,20.6,25.0,41.3,97853.7,1,5,1
2,2,43,JLI,10000,26,7800,10.59,9.2,22.9,27.7,28.3,94431.7,1,5,1
2,2,43,JLI,10000,27,8100,11.542,9.5,26.8,32.8,37.9,86642.6,1,5,1
2,2,43,JLI,10000,28,8400,10.52,8.9,27.0,34.6,36.2,95060.0,1,5,1
2,2,43,JLI,10000,29,8700,12.521,8.6,33.9,49.1,60.6,79865.8,1,5,1
2,2,43,JLI,10000,30,9000,12.257,7.9,35.6,42.0,44.7,81586.0,1,5,1
2,2,43,JLI,10000,31,9300,15.099,9.6,38.0,54.0,572.1,66228.1,1,5,1
2,2,43,JLI,10000,32,9600,15.496,12.1,40.1,51.2,54.4,64532.8,1,5,1
2,2,43,JLI,10000,33,9900,16.875,13.1,43.7,53.6,56.8,59260.4,1,5,1
2,2,43,JLI,10000,34,10200,17.57,13.5,45.2,58.0,63.8,56914.1,1,5,1
2,2,43,JLI,10000,35,10500,19.332,15.8,51.1,58.0,83.7,51728.6,1,5,1
2,2,43,JLI,10000,36,10800,20.808,16.1,54.3,66.9,68.2,48059.2,1,5,1
2,2,43,JLI,10000,37,11100,24.103,19.1,61.6,74.5,95.4,41488.0,1,5,1
2,2,43,JLI,10000,38,11400,22.994,18.2,61.1,79.1,94.0,43490.2,1,5,1
2,2,43,JLI,10000,39,11700,23.853,20.1,57.4,84.6,109.8,41922.9,1,5,1
2,2,43,JLI,10000,40,12000,26.872,22.4,66.0,82.5,89.3,37213.9,1,5,1
2,2,43,JLI,10000,41,12300,24.436,17.9,57.7,86.4,898.4,40923.2,1,6,1
2,2,43,JLI,10000,42,12600,6.922,6.2,12.3,16.4,41.1,144473.9,1,6,1
2,2,43,JLI,10000,43,12900,7.477,7.1,13.1,14.7,17.9,133737.5,1,6,1
2,2,43,JLI,10000,44,13200,7.932,7.3,14.8,19.5,20.2,126076.9,1,6,1
2,2,43,JLI,10000,45,13500,8.98,8.0,18.9,22.9,29.2,111362.7,1,6,1
2,2,43,JLI,10000,46,13800,10.959,8.8,24.4,29.9,69.2,91246.4,1,6,1
2,2,43,JLI,10000,47,14100,12.066,9.4,29.4,32.6,46.4,82877.5,1,6,1
2,2,43,JLI,10000,48,14400,11.316,9.6,28.7,36.4,38.5,88373.0,1,6,1
2,2,43,JLI,10000,49,14700,12.6,9.5,30.9,40.1,42.9,79363.0,1,6,1
2,2,43,JLI,10000,50,15000,15.048,11.0,39.4,54.1,80.2,66454.0,1,6,1
2,2,43,SkipList,10000,1,300,4.805,4.3,8.8,13.9,23.3,208102.1,0,0,0
2,2,43,SkipList,10000,2,600,3.818,3.6,5.5,6.9,51.6,261894.4,0,0,0
2,2,43,SkipList,10000,3,900,3.662,3.6,5.7,6.5,13.2,273074.9,0,0,0
2,2,43,SkipList,10000,4,1200,3.682,3.5,5.6,6.7,13.7,271566.9,0,0,0
2,2,43,SkipList,10000,5,1500,3.68,3.6,5.5,7.3,9.6,271763.7,0,0,0
2,2,43,SkipList,10000,6,1800,3.63,3.4,5.3,6.5,46.7,275482.1,0,0,0
2,2,43,SkipList,10000,7,2100,3.529,3.4,5.4,6.4,11.7,283366.5,0,0,0
2,2,43,SkipList,10000,8,2400,3.728,3.4,5.6,11.0,47.1,268264.4,0,0,0
2,2,43,SkipList,10000,9,2700,3.764,3.6,6.3,8.3,10.8,265651.2,0,0,0
2,2,43,SkipList,10000,10,3000,3.697,3.4,5.5,6.7,55.5,270514.0,0,0,0
2,2,43,SkipList,10000,11,3300,3.77,3.6,6.0,7.1,15.1,265228.5,0,0,0
2,2,43,SkipList,10000,12,3600,3.534,3.3,5.6,6.8,10.7,282938.7,0,0,0
2,2,43,SkipList,10000,13,3900,3.4,3.4,5.2,6.3,6.8,294146.5,0,0,0
2,2,43,SkipList,10000,14,4200,3.521,3.2,5.5,7.4,50.5,283983.1,0,0,0
2,2,43,SkipList,10000,15,4500,3.49,3.4,5.4,6.3,12.0,286560.4,0,0,0
2,2,43,SkipList,10000,16,4800,3.309,3.2,5.1,6.3,6.9,302206.1,0,0,0
2,2,43,SkipList,10000,17,5100,3.316,3.2,5.0,6.5,10.6,301568.1,0,0,0
2,2,43,SkipList,10000,18,5400,3.284,3.2,5.1,6.4,10.2,304475.7,0,0,0
2,2,43,SkipList,10000,19,5700,3.227,3.2,4.8,5.9,6.2,309853.4,0,0,0
2,2,43,SkipList,10000,20,6000,3.895,3.5,6.6,13.1,38.1,256761.3,0,0,0
2,2,43,SkipList,10000,21,6300,3.513,3.3,5.2,6.3,15.5,284630.0,0,0,0
2,2,43,SkipList,10000,22,6600,3.555,3.3,5.3,7.2,49.5,281267.7,0,0,0
2,2,43,SkipList,10000,23,6900,3.342,3.3,5.2,6.1,8.7,299221.9,0,0,0
2,2,43,SkipList,10000,24,7200,3.35,3.2,5.1,6.2,13.3,298537.4,0,0,0
2,2,43,SkipList,10000,25,7500,3.341,3.2,5.0,5.7,11.7,299341.5,0,0,0
2,2,43,SkipList,10000,26,7800,3.373,3.3,5.3,6.4,6.6,296501.3,0,0,0
2,2,43,SkipList,10000,27,8100,3.582,3.3,5.0,6.7,51.6,279147.7,0,0,0
2,2,43,SkipList,10000,28,8400,3.261,3.2,5.0,5.7,6.3,306622.9,0,0,0
2,2,43,SkipList,10000,29,8700,3.283,3.3,4.9,5.8,6.9,304568.4,0,0,0
2,2,43,SkipList,10000,30,9000,3.299,3.2,5.0,6.0,10.2,303091.5,0,0,0
2,2,43,SkipList,10000,31,9300,6.871,3.4,5.4,6.5,1029.4,145532.2,0,0,0
2,2,43,SkipList,10000,32,9600,3.439,3.3,5.3,5.8,15.8,290754.0,0,0,0
2,2,43,SkipList,10000,33,9900,3.289,3.1,4.9,6.2,7.0,304074.5,0,0,0
2,2,43,SkipList,10000,34,10200,3.474,3.3,5.3,6.4,6.7,287880.4,0,0,0
2,2,43,SkipList,10000,35,10500,3.563,3.3,5.3,7.0,44.5,280636.0,0,0,0
2,2,43,SkipList,10000,36,10800,3.296,3.2,4.9,5.7,12.1,303428.7,0,0,0
2,2,43,SkipList,10000,37,11100,3.464,3.3,5.6,6.3,6.5,288683.5,0,0,0
2,2,43,SkipList,10000,38,11400,3.473,3.3,5.3,6.3,12.0,287963.0,0,0,0
2,2,43,SkipList,10000,39,11700,3.581,3.3,5.3,7.2,41.0,279251.5,0,0,0
2,2,43,SkipList,10000,40,12000,3.372,3.4,5.1,6.2,6.6,296530.6,0,0,0
2,2,43,SkipList,10000,41,12300,3.367,3.3,5.2,6.0,13.7,296971.0,0,0,0
2,2,43,SkipList,10000,42,12600,4.013,3.6,7.1,16.3,38.0,249190.1,0,0,0
2,2,43,SkipList,10000,43,12900,3.678,3.3,5.6,8.2,47.2,271886.9,0,0,0
2,2,43,SkipList,10000,44,13200,3.508,3.4,5.4,6.6,7.8,285035.9,0,0,0
2,2,43,SkipList,10000,45,13500,3.449,3.4,5.1,6.9,13.2,289939.3,0,0,0
2,2,43,SkipList,10000,46,13800,3.457,3.4,5.5,6.6,7.9,289296.1,0,0,0
2,2,43,SkipList,10000,47,14100,3.593,3.3,5.6,6.8,46.3,278293.2,0,0,0
2,2,43,SkipList,10000,48,14400,3.478,3.3,5.4,6.7,11.3,287521.5,0,0,0
2,2,43,SkipList,10000,49,14700,3.418,3.4,5.1,6.3,10.9,292540.3,0,0,0
2,2,43,SkipList,10000,50,15000,3.47,3.4,5.6,6.2,6.5,288156.7,0,0,0
2,2,43,JLI,25000,1,300,8.166,4.3,12.4,36.3,812.5,122454.0,1,11,1
2,2,43,JLI,25000,2,600,6.245,5.6,11.5,17.5,45.9,160128.1,1,11,1
2,2,43,JLI,25000,3,900,9.108,8.4,16.7,28.8,44.0,109797.6,1,11,1
2,2,43,JLI,25000,4,1200,10.423,9.1,22.5,27.1,39.5,95938.6,1,11,1
2,2,43,JLI,25000,5,1500,11.863,10.9,28.3,36.9,38.6,84298.1,1,11,1
2,2,43,JLI,25000,6,1800,13.176,11.5,30.0,38.2,39.8,75893.6,1,11,1
2,2,43,JLI,25000,7,2100,15.695,13.2,39.1,44.5,52.8,63713.2,1,11,1
2,2,43,JLI,25000,8,2400,16.131,13.5,41.4,47.6,62.4,61993.7,1,11,1
2,2,43,JLI,25000,9,2700,18.244,15.5,47.3,54.7,55.0,54811.5,1,11,1
2,2,43,JLI,25000,10,3000,21.545,17.8,54.1,63.4,77.7,46415.2,1,11,1
2,2,43,JLI,25000,11,3300,19.046,9.6,30.8,56.6,1909.2,52503.5,1,12,1
2,2,43,JLI,25000,12,3600,10.748,8.9,20.6,25.5,44.3,93040.6,1,12,1
2,2,43,JLI,25000,13,3900,11.897,10.1,23.9,34.3,54.0,84054.8,1,12,1
2,2,43,JLI,25000,14,4200,10.692,9.3,19.6,24.3,72.6,93527.9,1,12,1
2,2,43,JLI,25000,15,4500,10.157,9.0,19.8,24.6,25.4,98454.3,1,12,1
2,2,43,JLI,25000,16,4800,10.243,9.1,19.7,23.4,25.3,97627.7,1,12,1
2,2,43,JLI,25000,17,5100,10.628,9.1,20.7,24.8,47.3,94091.1,1,12,1
2,2,43,JLI,25000,18,5400,10.834,9.1,21.0,25.9,31.5,92299.2,1,12,1
2,2,43,JLI,25000,19,5700,10.574,9.3,19.7,23.7,23.8,94571.6,1,12,1
2,2,43,JLI,25000,20,6000,6.672,4.7,14.9,20.0,26.3,149872.6,1,12,1
2,2,43,JLI,25000,21,6300,10.567,6.7,14.3,18.1,921.1,94634.2,1,12,1
2,2,43,JLI,25000,22,6600,6.172,4.6,13.6,21.2,44.7,162030.8,1,12,1
2,2,43,JLI,25000,23,6900,7.962,6.7,14.2,22.1,61.7,125596.6,1,12,1
2,2,43,JLI,25000,24,7200,9.264,8.5,17.4,20.8,26.7,107940.8,1,12,1
2,2,43,JLI,25000,25,7500,10.092,9.7,19.4,24.0,24.8,99091.7,1,12,1
2,2,43,JLI,25000,26,7800,12.368,11.6,27.5,31.5,32.3,80856.0,1,12,1
2,2,43,JLI,25000,27,8100,13.789,12.1,30.8,37.6,60.8,72521.6,1,12,1
2,2,43,JLI,25000,28,8400,15.188,13.2,33.5,41.3,45.8,65842.9,1,12,1
2,2,43,JLI,25000,29,8700,16.996,15.0,38.5,50.4,52.1,58838.5,1,12,1
2,2,43,JLI,25000,30,9000,31.295,16.7,53.0,87.5,2398.9,31953.6,1,13,1
2,2,43,JLI,25000,31,9300,9.554,7.2,21.5,42.9,48.0,104664.6,1,13,1
2,2,43,JLI,25000,32,9600,8.34,6.5,19.6,24.8,44.5,119908.8,1,13,1
2,2,43,JLI,25000,33,9900,6.275,4.6,15.5,18.9,20.9,159354.1,1,13,1
2,2,43,JLI,25000,34,10200,6.408,4.6,12.8,45.8,83.6,156046.8,1,13,1
2,2,43,JLI,25000,35,10500,6.944,6.1,12.3,41.3,47.0,144016.1,1,13,1
2,2,43,JLI,25000,36,10800,8.235,6.8,16.0,42.9,45.6,121428.0,1,13,1
2,2,43,JLI,25000,37,11100,8.818,7.3,18.5,42.0,43.9,113400.1,1,13,1
2,2,43,JLI,25000,38,11400,9.973,8.1,24.0,44.7,85.0,100270.7,1,13,1
2,2,43,JLI,25000,39,11700,11.737,9.8,27.2,48.3,75.4,85203.1,1,13,1
2,2,43,JLI,25000,40,12000,13.319,11.7,32.7,44.8,47.4,75078.8,1,13,1
2,2,43,JLI,25000,41,12300,17.814,11.1,39.4,43.6,1078.9,56135.6,1,13,1
2,2,43,JLI,25000,42,12600,15.39,13.0,39.3,48.5,50.3,64978.7,1,13,1
2,2,43,JLI,25000,43,12900,17.647,16.1,46.3,55.5,77.7,56666.9,1,13,1
2,2,43,JLI,25000,44,13200,18.069,13.7,47.0,56.1,59.6,55342.4,1,13,1
2,2,43,JLI,25000,45,13500,20.834,15.5,55.4,63.6,89.5,47998.5,1,13,1
2,2,43,JLI,25000,46,13800,22.266,18.0,58.9,71.7,74.6,44910.9,1,13,1
2,2,43,JLI,25000,47,14100,23.235,19.0,59.9,72.5,74.1,43038.5,1,13,1
2,2,43,JLI,25000,48,14400,24.837,21.1,59.9,80.3,81.8,40263.0,1,13,1
2,2,43,JLI,25000,49,14700,27.012,20.9,74.8,89.8,90.0,37020.6,1,13,1
2,2,43,JLI,25000,50,15000,32.809,19.7,74.4,95.2,2083.6,30479.4,1,14,1
2,2,43,SkipList,25000,1,300,8.669,8.3,14.3,17.8,27.1,115358.0,0,0,0
2,2,43,SkipList,25000,2,600,8.008,7.4,14.0,21.0,53.5,124880.3,0,0,0
2,2,43,SkipList,25000,3,900,8.662,7.8,14.9,20.8,72.6,115442.3,0,0,0
2,2,43,SkipList,25000,4,1200,9.612,8.6,16.7,26.4,95.0,104040.2,0,0,0
2,2,43,SkipList,25000,5,1500,9.133,8.3,18.0,27.6,45.4,109497.1,0,0,0
2,2,43,SkipList,25000,6,1800,6.2,5.9,10.8,16.2,17.7,161290.3,0,0,0
2,2,43,SkipList,25000,7,2100,5.581,5.2,9.7,12.5,17.1,179179.3,0,0,0
2,2,43,SkipList,25000,8,2400,6.757,5.5,12.7,20.3,97.4,148002.0,0,0,0
2,2,43,SkipList,25000,9,2700,4.837,4.6,8.2,9.9,18.4,206753.9,0,0,0
2,2,43,SkipList,25000,10,3000,4.556,4.1,7.7,9.9,14.4,219506.9,0,0,0
2,2,43,SkipList,25000,11,3300,4.359,4.0,7.4,11.1,12.6,229410.2,0,0,0
2,2,43,SkipList,25000,12,3600,4.411,4.0,6.9,10.1,61.2,226723.1,0,0,0
2,2,43,SkipList,25000,13,3900,4.285,4.0,6.8,8.9,14.5,233390.4,0,0,0
2,2,43,SkipList,25000,14,4200,3.976,3.8,6.3,7.8,9.0,251509.1,0,0,0
2,2,43,SkipList,25000,15,4500,4.05,3.9,6.4,9.4,13.9,246893.1,0,0,0
2,2,43,SkipList,25000,16,4800,3.996,3.9,6.1,8.7,11.7,250229.4,0,0,0
2,2,43,SkipList,25000,17,5100,4.212,3.9,7.2,10.6,16.9,237398.0,0,0,0
2,2,43,SkipList,25000,18,5400,4.339,4.1,6.9,8.9,18.2,230467.8,0,0,0
2,2,43,SkipList,25000,19,5700,4.188,3.9,6.1,7.7,60.5,238796.5,0,0,0
2,2,43,SkipList,25000,20,6000,4.08,4.0,6.3,7.9,8.7,245118.1,0,0,0
2,2,43,SkipList,25000,21,6300,3.982,3.8,6.6,8.3,13.1,251109.1,0,0,0
2,2,43,SkipList,25000,22,6600,3.992,3.9,6.4,8.3,11.9,250521.8,0,0,0
2,2,43,SkipList,25000,23,6900,4.126,3.8,6.2,8.2,61.9,242365.5,0,0,0
2,2,43,SkipList,25000,24,7200,3.83,3.7,5.9,7.2,8.2,261096.6,0,0,0
2,2,43,SkipList,25000,25,7500,3.937,3.8,6.0,8.0,14.3,254000.7,0,0,0
2,2,43,SkipList,25000,26,7800,3.845,3.6,6.2,7.5,11.9,260055.5,0,0,0
2,2,43,SkipList,25000,27,8100,5.331,3.8,7.8,28.3,292.5,187570.3,0,0,0
2,2,43,SkipList,25000,28,8400,4.144,4.0,6.6,8.8,27.2,241312.7,0,0,0
2,2,43,SkipList,25000,29,8700,4.198,4.2,6.3,8.0,8.5,238227.6,0,0,0
2,2,43,SkipList,25000,30,9000,3.751,3.7,5.8,6.6,6.8,266619.2,0,0,0
2,2,43,SkipList,25000,31,9300,4.06,3.7,5.9,8.2,65.3,246285.2,0,0,0
2,2,43,SkipList,25000,32,9600,3.841,3.7,6.1,7.6,10.5,260348.9,0,0,0
2,2,43,SkipList,25000,33,9900,3.911,3.7,6.2,7.7,13.1,255710.9,0,0,0
2,2,43,SkipList,25000,34,10200,3.676,3.6,5.7,7.1,8.0,272010.2,0,0,0
2,2,43,SkipList,25000,35,10500,3.882,3.7,6.2,7.4,11.5,257621.4,0,0,0
2,2,43,SkipList,25000,36,10800,3.747,3.7,5.7,6.4,7.3,266904.0,0,0,0
2,2,43,SkipList,25000,37,11100,3.891,3.8,5.7,7.6,11.6,256981.3,0,0,0
2,2,43,SkipList,25000,38,11400,4.319,4.0,6.4,10.6,35.6,231552.9,0,0,0
2,2,43,SkipList,25000,39,11700,4.015,3.7,5.7,6.9,63.4,249086.7,0,0,0
2,2,43,SkipList,25000,40,12000,3.948,3.8,6.2,9.5,15.7,253271.5,0,0,0
2,2,43,SkipList,25000,41,12300,3.813,3.7,6.0,7.1,10.6,262260.7,0,0,0
2,2,43,SkipList,25000,42,12600,3.662,3.5,5.3,6.2,6.6,273099.6,0,0,0
2,2,43,SkipList,25000,43,12900,3.885,3.6,5.7,6.5,52.0,257422.4,0,0,0
2,2,43,SkipList,25000,44,13200,3.693,3.6,5.5,7.3,10.6,270758.2,0,0,0
2,2,43,SkipList,25000,45,13500,3.678,3.6,5.5,6.1,11.6,271886.8,0,0,0
2,2,43,SkipList,25000,46,13800,3.65,3.6,5.3,6.7,9.0,273997.7,0,0,0
2,2,43,SkipList,25000,47,14100,6.982,3.7,6.7,14.6,897.7,143225.4,0,0,0
2,2,43,SkipList,25000,48,14400,3.891,3.8,6.3,8.2,11.1,256981.3,0,0,0
2,2,43,SkipList,25000,49,14700,3.773,3.6,5.7,7.3,14.2,265017.6,0,0,0
2,2,43,SkipList,25000,50,15000,3.913,3.7,5.8,7.3,56.5,255558.5,0,0,0
2,2,43,JLI,50000,1,300,21.984,7.3,32.4,53.0,3097.7,45487.6,6,24,1
2,2,43,JLI,50000,2,600,8.262,6.8,19.4,28.0,30.3,121040.9,6,24,1
2,2,43,JLI,50000,3,900,9.399,8.1,19.6,25.8,54.1,106398.1,6,24,1
2,2,43,JLI,50000,4,1200,10.534,9.2,22.3,29.6,75.9,94930.7,6,24,1
2,2,43,JLI,50000,5,1500,11.065,9.8,23.6,28.2,29.3,90377.8,6,24,1
2,2,43,JLI,50000,6,1800,11.977,10.8,25.1,27.8,29.6,83491.0,6,24,1
2,2,43,JLI,50000,7,2100,13.017,11.4,27.3,52.9,54.9,76820.7,6,24,1
2,2,43,JLI,50000,8,2400,10.193,7.5,27.0,54.9,88.5,98106.5,6,24,1
2,2,43,JLI,50000,9,2700,8.744,7.9,15.7,23.5,69.3,114359.8,6,24,1
2,2,43,JLI,50000,10,3000,15.165,9.1,17.9,48.7,1705.4,65942.8,6,24,1
2,2,43,JLI,50000,11,3300,10.802,9.9,22.6,52.1,54.4,92575.4,6,24,1
2,2,43,JLI,50000,12,3600,11.554,10.4,25.6,29.5,30.6,86552.6,6,24,1
2,2,43,JLI,50000,13,3900,13.128,11.2,30.7,52.1,62.4,76171.1,6,24,1
2,2,43,JLI,50000,14,4200,14.826,12.7,34.0,41.0,42.8,67449.1,6,24,1
2,2,43,JLI,50000,15,4500,14.169,12.0,34.9,45.4,61.6,70578.3,6,24,1
2,2,43,JLI,50000,16,4800,17.477,14.7,45.7,51.8,75.0,57217.0,6,24,1
2,2,43,JLI,50000,17,5100,16.296,13.1,44.3,56.4,61.2,61364.8,6,24,1
2,2,43,JLI,50000,18,5400,18.461,14.6,54.6,60.5,62.6,54168.2,6,24,1
2,2,43,JLI,50000,19,5700,19.808,14.3,57.3,65.0,79.5,50484.7,6,24,1
2,2,43,JLI,50000,20,6000,21.275,17.8,61.8,71.1,72.4,47002.8,6,24,1
2,2,43,JLI,50000,21,6300,33.431,14.1,58.4,91.3,3432.0,29912.7,6,25,1
2,2,43,JLI,50000,22,6600,18.375,13.8,44.2,59.7,169.0,54420.8,6,25,1
2,2,43,JLI,50000,23,6900,13.812,9.3,34.3,62.7,121.7,72402.6,6,25,1
2,2,43,JLI,50000,24,7200,10.805,8.7,25.2,37.0,70.2,92549.7,6,25,1
2,2,43,JLI,50000,25,7500,10.723,9.1,24.4,32.2,36.3,93257.5,6,25,1
2,2,43,JLI,50000,26,7800,11.081,9.5,23.0,29.9,33.8,90247.3,6,25,1
2,2,43,JLI,50000,27,8100,12.223,10.0,24.8,42.2,51.9,81813.0,6,25,1
2,2,43,JLI,50000,28,8400,12.746,10.5,27.6,32.5,38.5,78458.0,6,25,1
2,2,43,JLI,50000,29,8700,12.447,9.9,26.7,32.8,78.6,80338.5,6,25,1
2,2,43,JLI,50000,30,9000,9.362,5.7,27.6,33.6,35.2,106814.8,6,25,1
2,2,43,JLI,50000,31,9300,18.214,7.9,30.1,43.9,2162.2,54903.8,6,25,1
2,2,43,JLI,50000,32,9600,11.072,9.3,24.1,37.4,38.1,90315.2,6,25,1
2,2,43,JLI,50000,33,9900,12.595,10.0,30.5,37.7,39.3,79394.5,6,25,1
2,2,43,JLI,50000,34,10200,14.554,11.0,37.6,49.8,61.3,68709.6,6,25,1
2,2,43,JLI,50000,35,10500,16.241,13.1,45.4,53.9,79.1,61571.3,6,25,1
2,2,43,JLI,50000,36,10800,12.954,5.4,40.3,54.1,55.2,77196.2,6,25,1
2,2,43,JLI,50000,37,11100,12.486,5.7,47.6,58.1,63.8,80091.8,6,25,1
2,2,43,JLI,50000,38,11400,13.986,5.9,51.7,62.1,80.2,71501.8,6,25,1
2,2,43,JLI,50000,39,11700,14.392,7.7,45.1,64.1,67.2,69481.4,6,25,1
2,2,43,JLI,50000,40,12000,17.089,10.2,56.6,68.4,75.1,58518.3,6,25,1
2,2,43,JLI,50000,41,12300,29.16,11.5,55.2,71.2,3878.6,34293.9,6,26,1
2,2,43,JLI,50000,42,12600,17.422,13.7,43.2,68.3,71.9,57398.7,6,26,1
2,2,43,JLI,50000,43,12900,22.095,16.4,61.5,76.1,78.1,45258.4,6,26,1
2,2,43,JLI,50000,44,13200,21.66,16.7,62.0,81.4,84.2,46168.8,6,26,1
2,2,43,JLI,50000,45,13500,23.575,20.1,62.1,83.1,86.8,42418.4,6,26,1
2,2,43,JLI,50000,46,13800,24.765,20.1,64.5,82.0,88.4,40379.6,6,26,1
2,2,43,JLI,50000,47,14100,28.078,23.7,74.4,85.4,161.2,35614.6,6,26,1
2,2,43,JLI,50000,48,14400,28.476,24.0,67.8,89.6,91.3,35116.9,6,26,1
2,2,43,JLI,50000,49,14700,27.955,25.8,63.4,93.3,102.3,35771.3,6,26,1
2,2,43,JLI,50000,50,15000,29.961,24.7,70.2,103.6,125.4,33376.4,6,26,1
2,2,43,SkipList,50000,1,300,3.947,3.8,6.1,7.7,12.2,253357.1,0,0,0
2,2,43,SkipList,50000,2,600,4.093,3.9,6.5,8.4,14.4,244339.6,0,0,0
2,2,43,SkipList,50000,3,900,4.182,3.9,6.3,9.0,53.4,239120.0,0,0,0
2,2,43,SkipList,50000,4,1200,4.065,3.9,6.1,7.0,13.3,246022.6,0,0,0
2,2,43,SkipList,50000,5,1500,4.056,4.0,6.4,7.2,9.0,246548.3,0,0,0
2,2,43,SkipList,50000,6,1800,3.927,3.7,6.3,6.9,7.3,254647.3,0,0,0
2,2,43,SkipList,50000,7,2100,5.059,4.4,8.7,14.5,53.4,197680.6,0,0,0
2,2,43,SkipList,50000,8,2400,4.194,4.1,6.5,7.4,16.9,238435.8,0,0,0
2,2,43,SkipList,50000,9,2700,3.997,3.9,6.3,7.6,12.2,250208.5,0,0,0
2,2,43,SkipList,50000,10,3000,4.176,4.0,6.6,7.9,11.0,239444.6,0,0,0
2,2,43,SkipList,50000,11,3300,4.094,4.0,6.2,7.3,8.7,244240.1,0,0,0
2,2,43,SkipList,50000,12,3600,4.046,3.9,6.2,7.8,8.1,247178.1,0,0,0
2,2,43,SkipList,50000,13,3900,4.072,3.9,6.4,7.3,9.3,245579.7,0,0,0
2,2,43,SkipList,50000,14,4200,4.327,4.0,6.5,9.2,57.4,231089.1,0,0,0
2,2,43,SkipList,50000,15,4500,4.129,4.0,6.7,8.1,12.7,242189.4,0,0,0
2,2,43,SkipList,50000,16,4800,3.98,3.8,6.4,8.0,8.6,251277.3,0,0,0
2,2,43,SkipList,50000,17,5100,4.828,4.6,8.7,10.7,17.2,207110.8,0,0,0
2,2,43,SkipList,50000,18,5400,7.971,4.9,8.3,9.9,897.5,125449.5,0,0,0
2,2,43,SkipList,50000,19,5700,4.443,4.3,6.9,8.0,13.5,225090.1,0,0,0
2,2,43,SkipList,50000,20,6000,4.293,4.2,6.7,8.6,8.7,232919.3,0,0,0
2,2,43,SkipList,50000,21,6300,4.253,4.2,6.7,8.5,8.8,235146.6,0,0,0
2,2,43,SkipList,50000,22,6600,4.388,4.0,6.7,9.6,63.1,227877.0,0,0,0
2,2,43,SkipList,50000,23,6900,4.187,4.0,6.8,8.3,13.6,238834.6,0,0,0
2,2,43,SkipList,50000,24,7200,4.24,4.0,6.5,7.9,11.2,235849.1,0,0,0
2,2,43,SkipList,50000,25,7500,4.532,4.1,6.8,8.1,66.8,220669.4,0,0,0
2,2,43,SkipList,50000,26,7800,4.749,4.3,7.5,15.6,58.3,210570.6,0,0,0
2,2,43,SkipList,50000,27,8100,4.472,4.3,6.9,8.1,9.4,223596.9,0,0,0
2,2,43,SkipList,50000,28,8400,4.341,4.1,7.2,8.7,9.7,230361.6,0,0,0
2,2,43,SkipList,50000,29,8700,4.227,4.1,6.7,7.8,15.0,236593.1,0,0,0
2,2,43,SkipList,50000,30,9000,4.405,4.1,6.3,7.9,55.8,227014.8,0,0,0
2,2,43,SkipList,50000,31,9300,4.25,4.2,6.7,7.9,13.8,235294.2,0,0,0
2,2,43,SkipList,50000,32,9600,4.271,4.1,6.5,8.2,15.4,234137.2,0,0,0
2,2,43,SkipList,50000,33,9900,4.049,4.0,5.9,7.4,8.5,246994.8,0,0,0
2,2,43,SkipList,50000,34,10200,4.317,4.0,6.5,9.2,50.8,231624.5,0,0,0
2,2,43,SkipList,50000,35,10500,4.741,4.3,8.4,11.6,40.0,210925.9,0,0,0
2,2,43,SkipList,50000,36,10800,4.386,4.1,7.1,8.5,15.9,228015.6,0,0,0
2,2,43,SkipList,50000,37,11100,4.356,4.2,7.0,8.1,15.9,229550.9,0,0,0
2,2,43,SkipList,50000,38,11400,4.462,4.2,6.6,8.3,67.4,224114.7,0,0,0
2,2,43,SkipList,50000,39,11700,4.355,4.1,7.1,9.1,13.6,229638.7,0,0,0
2,2,43,SkipList,50000,40,12000,4.096,3.9,6.6,8.0,8.3,244120.7,0,0,0
2,2,43,SkipList,50000,41,12300,4.066,4.0,6.3,7.2,7.8,245941.9,0,0,0
2,2,43,SkipList,50000,42,12600,4.248,3.9,6.3,8.4,55.9,235386.4,0,0,0
2,2,43,SkipList,50000,43,12900,4.147,4.0,6.4,8.0,12.6,241157.5,0,0,0
2,2,43,SkipList,50000,44,13200,4.608,4.2,7.3,17.0,44.0,216998.2,0,0,0
2,2,43,SkipList,50000,45,13500,4.237,4.1,6.5,7.8,16.6,236034.5,0,0,0
2,2,43,SkipList,50000,46,13800,4.349,4.1,6.7,8.5,53.1,229920.3,0,0,0
2,2,43,SkipList,50000,47,14100,4.208,4.1,6.6,8.2,9.0,237661.4,0,0,0
2,2,43,SkipList,50000,48,14400,4.055,3.9,6.2,8.0,12.8,246629.3,0,0,0
2,2,43,SkipList,50000,49,14700,4.165,4.0,6.4,7.9,10.5,240115.2,0,0,0
2,2,43,SkipList,50000,50,15000,4.315,4.0,6.4,7.5,56.0,231731.8,0,0,0
2,2,43,JLI,100000,1,300,39.329,8.4,51.7,77.9,6659.7,25426.7,15,48,2
2,2,43,JLI,100000,2,600,9.443,7.3,26.3,41.7,83.0,105894.8,15,48,2
2,2,43,JLI,100000,3,900,10.733,8.5,28.1,43.0,52.9,93173.5,15,48,2
2,2,43,JLI,100000,4,1200,12.217,9.7,25.7,38.9,81.1,81850.9,15,48,2
2,2,43,JLI,100000,5,1500,14.749,11.8,33.1,56.8,141.2,67802.7,15,48,2
2,2,43,JLI,100000,6,1800,15.204,13.4,32.0,41.2,46.9,65770.7,15,48,2
2,2,43,JLI,100000,7,2100,14.896,13.1,34.0,37.9,39.8,67130.6,15,48,2
2,2,43,JLI,100000,8,2400,13.277,10.9,34.3,40.9,43.2,75318.2,15,48,2
2,2,43,JLI,100000,9,2700,15.589,13.0,40.9,48.3,68.1,64146.4,15,48,2
2,2,43,JLI,100000,10,3000,28.12,10.9,43.0,55.1,3731.9,35561.9,15,48,2
2,2,43,JLI,100000,11,3300,18.261,11.3,54.9,62.2,87.7,54762.5,15,48,2
2,2,43,JLI,100000,12,3600,18.345,13.6,51.2,62.4,113.7,54511.8,15,48,2
2,2,43,JLI,100000,13,3900,21.556,17.1,54.9,65.9,67.4,46390.1,15,48,2
2,2,43,JLI,100000,14,4200,21.376,14.7,64.4,69.6,70.0,46781.4,15,48,2
2,2,43,JLI,100000,15,4500,22.556,15.8,59.9,77.5,77.8,44334.1,15,48,2
2,2,43,JLI,100000,16,4800,22.183,16.3,61.9,75.2,78.0,45079.6,15,48,2
2,2,43,JLI,100000,17,5100,25.724,18.0,77.2,87.6,91.3,38874.7,15,48,2
2,2,43,JLI,100000,18,5400,26.458,19.6,68.6,95.2,104.4,37795.8,15,48,2
2,2,43,JLI,100000,19,5700,28.033,20.9,80.4,95.9,102.6,35671.8,15,48,2
2,2,43,JLI,100000,20,6000,51.097,21.5,77.4,104.6,6544.7,19570.7,15,49,2
2,2,43,JLI,100000,21,6300,32.108,24.2,83.5,108.4,121.0,31145.2,15,49,2
2,2,43,JLI,100000,22,6600,33.251,24.3,94.8,111.7,117.8,30074.0,15,49,2
2,2,43,JLI,100000,23,6900,38.024,27.4,103.9,119.6,123.7,26298.9,15,49,2
2,2,43,JLI,100000,24,7200,37.158,29.1,110.0,125.9,128.7,26912.3,15,49,2
2,2,43,JLI,100000,25,7500,40.409,28.8,109.0,173.8,184.1,24747.2,15,49,2
2,2,43,JLI,100000,26,7800,40.23,32.4,109.1,133.5,168.4,24856.9,15,49,2
2,2,43,JLI,100000,27,8100,38.184,27.3,110.9,137.0,139.1,26189.2,15,49,2
2,2,43,JLI,100000,28,8400,42.811,32.9,121.7,143.0,146.5,23358.5,15,49,2
2,2,43,JLI,100000,29,8700,43.389,33.2,116.5,148.1,157.8,23047.3,15,49,2
2,2,43,JLI,100000,30,9000,56.293,31.7,120.9,156.8,4465.6,17764.3,15,49,2
2,2,43,JLI,100000,31,9300,47.874,35.7,143.3,164.4,183.5,20888.2,15,49,2
2,2,43,JLI,100000,32,9600,49.515,30.1,134.6,191.9,1695.2,20196.0,15,49,2
2,2,43,JLI,100000,33,9900,44.793,30.8,139.4,169.5,244.4,22325.1,15,49,2
2,2,43,JLI,100000,34,10200,40.075,22.3,131.8,168.4,209.1,24953.4,15,49,2
2,2,43,JLI,100000,35,10500,47.641,31.8,160.8,180.0,189.2,20990.5,15,49,2
2,2,43,JLI,100000,36,10800,44.249,20.8,158.2,180.8,191.3,22599.2,15,49,2
2,2,43,JLI,100000,37,11100,48.092,29.4,155.5,194.3,203.6,20793.6,15,49,2
2,2,43,JLI,100000,38,11400,51.641,35.0,170.7,191.1,204.8,19364.3,15,49,2
2,2,43,JLI,100000,39,11700,50.543,26.2,160.6,191.1,199.8,19785.3,15,49,2
2,2,43,JLI,100000,40,12000,78.963,34.2,160.5,203.7,8083.4,12664.2,15,50,2
2,2,43,JLI,100000,41,12300,22.5,19.0,49.0,66.3,87.2,44445.1,15,50,2
2,2,43,JLI,100000,42,12600,22.425,19.2,48.7,73.1,78.2,44593.8,15,50,2
2,2,43,JLI,100000,43,12900,18.824,12.7,44.9,54.2,78.3,53123.7,15,50,2
2,2,43,JLI,100000,44,13200,8.483,5.1,32.8,71.8,80.3,117887.5,15,50,2
2,2,43,JLI,100000,45,13500,7.903,6.5,14.3,40.1,77.3,126534.2,15,50,2
2,2,43,JLI,100000,46,13800,9.466,7.8,19.1,75.4,76.7,105645.0,15,50,2
2,2,43,JLI,100000,47,14100,10.3,8.8,19.0,30.6,107.1,97087.4,15,50,2
2,2,43,JLI,100000,48,14400,11.454,9.6,23.2,39.1,45.5,87308.3,15,50,2
2,2,43,JLI,100000,49,14700,13.418,12.4,28.7,36.4,39.6,74526.8,15,50,2
2,2,43,JLI,100000,50,15000,27.238,11.5,29.2,36.0,4205.9,36713.0,15,50,2
2,2,43,SkipList,100000,1,300,4.927,4.8,7.4,9.3,13.9,202949.6,0,0,0
2,2,43,SkipList,100000,2,600,5.062,5.0,7.8,9.7,13.7,197563.4,0,0,0
2,2,43,SkipList,100000,3,900,6.152,5.7,9.8,20.9,66.0,162557.6,0,0,0
2,2,43,SkipList,100000,4,1200,5.735,5.5,9.2,13.4,17.5,174378.1,0,0,0
2,2,43,SkipList,100000,5,1500,5.314,5.1,8.6,10.1,14.2,188182.1,0,0,0
2,2,43,SkipList,100000,6,1800,5.171,5.0,8.2,10.9,15.7,193386.2,0,0,0
2,2,43,SkipList,100000,7,2100,5.43,5.1,8.2,11.0,57.1,184150.8,0,0,0
2,2,43,SkipList,100000,8,2400,5.17,5.0,8.5,9.5,12.3,193423.6,0,0,0
2,2,43,SkipList,100000,9,2700,4.982,4.7,7.6,10.7,15.7,200736.0,0,0,0
2,2,43,SkipList,100000,10,3000,5.19,4.8,8.6,11.5,37.2,192678.3,0,0,0
2,2,43,SkipList,100000,11,3300,8.949,5.7,10.7,39.8,747.8,111744.3,0,0,0
2,2,43,SkipList,100000,12,3600,5.349,5.2,8.8,9.9,13.8,186962.5,0,0,0
2,2,43,SkipList,100000,13,3900,5.103,4.9,8.3,10.3,15.9,195975.9,0,0,0
2,2,43,SkipList,100000,14,4200,5.179,5.0,8.5,10.6,12.2,193099.9,0,0,0
2,2,43,SkipList,100000,15,4500,5.408,4.9,8.5,11.5,64.7,184911.3,0,0,0
2,2,43,SkipList,100000,16,4800,5.13,5.1,8.1,9.3,10.6,194919.1,0,0,0
2,2,43,SkipList,100000,17,5100,4.952,4.8,7.8,9.0,9.5,201925.0,0,0,0
2,2,43,SkipList,100000,18,5400,5.806,5.3,10.0,16.9,20.9,172225.7,0,0,0
2,2,43,SkipList,100000,19,5700,5.363,4.9,8.0,10.3,61.5,186474.4,0,0,0
2,2,43,SkipList,100000,20,6000,5.334,5.0,8.3,10.7,13.8,187464.9,0,0,0
2,2,43,SkipList,100000,21,6300,5.032,4.8,8.1,9.4,10.1,198741.2,0,0,0
2,2,43,SkipList,100000,22,6600,5.122,5.0,7.3,8.9,15.0,195223.6,0,0,0
2,2,43,SkipList,100000,23,6900,5.195,4.8,8.2,10.8,55.7,192480.4,0,0,0
2,2,43,SkipList,100000,24,7200,5.033,4.8,7.7,10.1,10.8,198675.5,0,0,0
2,2,43,SkipList,100000,25,7500,4.858,4.7,7.5,11.0,13.6,205860.2,0,0,0
2,2,43,SkipList,100000,26,7800,5.126,4.9,7.8,10.2,21.6,195071.2,0,0,0
2,2,43,SkipList,100000,27,8100,5.592,5.2,8.7,16.5,59.3,178816.2,0,0,0
2,2,43,SkipList,100000,28,8400,4.997,4.8,7.7,10.4,11.7,200120.1,0,0,0
2,2,43,SkipList,100000,29,8700,5.201,5.0,7.9,10.3,18.5,192270.6,0,0,0
2,2,43,SkipList,100000,30,9000,4.874,4.7,7.7,8.7,10.1,205184.2,0,0,0
2,2,43,SkipList,100000,31,9300,5.164,4.7,7.6,11.3,58.5,193660.8,0,0,0
2,2,43,SkipList,100000,32,9600,5.075,4.7,8.0,10.0,13.1,197031.4,0,0,0
2,2,43,SkipList,100000,33,9900,4.955,4.8,7.9,9.8,15.0,201816.4,0,0,0
2,2,43,SkipList,100000,34,10200,4.885,4.8,7.6,10.9,13.0,204722.3,0,0,0
2,2,43,SkipList,100000,35,10500,5.626,5.0,9.9,19.4,63.9,177756.7,0,0,0
2,2,43,SkipList,100000,36,10800,5.131,4.9,8.5,10.2,13.6,194906.5,0,0,0
2,2,43,SkipList,100000,37,11100,4.897,4.6,7.5,9.6,12.7,204192.8,0,0,0
2,2,43,SkipList,100000,38,11400,5.247,4.9,8.0,9.7,64.0,190597.2,0,0,0
2,2,43,SkipList,100000,39,11700,5.065,4.9,8.1,10.1,12.6,197446.3,0,0,0
2,2,43,SkipList,100000,40,12000,5.064,4.9,8.1,10.2,12.2,197485.3,0,0,0
2,2,43,SkipList,100000,41,12300,4.944,4.8,7.7,9.3,10.8,202265.4,0,0,0
2,2,43,SkipList,100000,42,12600,4.917,4.5,7.6,9.0,62.6,203389.9,0,0,0
2,2,43,SkipList,100000,43,12900,5.164,4.7,8.7,12.8,20.7,193648.3,0,0,0
2,2,43,SkipList,100000,44,13200,5.084,4.9,8.3,10.0,18.4,196695.5,0,0,0
2,2,43,SkipList,100000,45,13500,5.051,4.8,8.0,9.4,15.6,197980.6,0,0,0
2,2,43,SkipList,100000,46,13800,5.244,4.8,8.1,10.0,66.2,190694.1,0,0,0
2,2,43,SkipList,100000,47,14100,5.135,5.0,8.1,10.1,18.9,194741.9,0,0,0
2,2,43,SkipList,100000,48,14400,4.961,4.8,7.6,9.1,12.5,201572.3,0,0,0
2,2,43,SkipList,100000,49,14700,4.825,4.6,7.4,9.2,13.3,207253.9,0,0,0
2,2,43,SkipList,100000,50,15000,5.22,4.8,7.9,10.7,62.9,191570.9,0,0,0
2,2,43,JLI,200000,1,300,79.795,11.7,90.5,150.9,16041.1,12532.2,13,97,3
2,2,43,JLI,200000,2,600,9.222,6.5,18.8,81.0,132.3,108436.3,13,97,3
2,2,43,JLI,200000,3,900,10.311,7.8,22.1,67.8,118.6,96983.8,13,97,3
2,2,43,JLI,200000,4,1200,11.064,9.0,22.0,57.1,73.3,90383.2,13,97,3
2,2,43,JLI,200000,5,1500,12.441,10.6,28.3,65.2,69.2,80381.5,13,97,3
2,2,43,JLI,200000,6,1800,15.119,12.2,33.8,71.7,76.3,66140.5,13,97,3
2,2,43,JLI,200000,7,2100,15.193,11.4,36.3,64.1,137.2,65819.8,13,97,3
2,2,43,JLI,200000,8,2400,17.937,15.6,41.3,54.8,97.1,55749.6,13,97,3
2,2,43,JLI,200000,9,2700,17.981,14.9,44.6,54.6,126.9,55614.3,13,97,3
2,2,43,JLI,200000,10,3000,53.059,8.5,45.0,60.1,11363.7,18846.9,14,97,3
2,2,43,JLI,200000,11,3300,9.105,7.0,22.8,48.6,56.7,109829.8,14,97,3
2,2,43,JLI,200000,12,3600,9.277,7.1,22.5,45.2,71.7,107789.6,14,97,3
2,2,43,JLI,200000,13,3900,9.608,7.7,23.6,50.4,67.7,104076.3,14,97,3
2,2,43,JLI,200000,14,4200,10.188,7.8,23.6,52.9,148.9,98154.7,14,97,3
2,2,43,JLI,200000,15,4500,9.427,7.5,20.3,55.8,63.2,106074.5,14,97,3
2,2,43,JLI,200000,16,4800,9.607,7.9,26.9,47.9,60.7,104094.4,14,97,3
2,2,43,JLI,200000,17,5100,10.506,8.4,27.9,51.1,75.3,95186.7,14,97,3
2,2,43,JLI,200000,18,5400,10.529,8.6,21.6,52.7,59.3,94975.8,14,97,3
2,2,43,JLI,200000,19,5700,9.937,8.6,17.0,46.1,55.0,100634.0,14,97,3
2,2,43,JLI,200000,20,6000,72.875,9.1,54.4,93.8,17434.6,13722.1,14,98,3
2,2,43,JLI,200000,21,6300,21.392,9.5,73.8,101.4,113.9,46745.7,14,98,3
2,2,43,JLI,200000,22,6600,17.829,8.7,63.1,89.7,99.5,56089.4,14,98,3
2,2,43,JLI,200000,23,6900,19.827,9.4,59.3,77.1,98.4,50437.1,14,98,3
2,2,43,JLI,200000,24,7200,20.881,10.3,66.2,88.1,124.0,47889.7,14,98,3
2,2,43,JLI,200000,25,7500,16.707,8.6,60.0,80.1,94.8,59855.1,14,98,3
2,2,43,JLI,200000,26,7800,16.761,9.0,58.7,85.5,97.0,59662.3,14,98,3
2,2,43,JLI,200000,27,8100,18.195,9.0,60.1,79.0,101.1,54959.1,14,98,3
2,2,43,JLI,200000,28,8400,19.174,9.5,63.0,80.8,85.5,52154.0,14,98,3
2,2,43,JLI,200000,29,8700,19.048,10.0,63.3,94.8,125.2,52499.9,14,98,3
2,2,43,JLI,200000,30,9000,57.562,9.2,68.9,85.9,11559.2,17372.5,14,98,3
2,2,43,JLI,200000,31,9300,16.565,8.9,60.0,80.2,88.9,60367.0,14,98,3
2,2,43,JLI,200000,32,9600,19.762,10.2,55.6,83.9,85.7,50601.3,14,98,3
2,2,43,JLI,200000,33,9900,19.985,10.3,60.8,71.7,73.6,50037.5,14,98,3
2,2,43,JLI,200000,34,10200,17.738,9.4,60.1,84.0,87.4,56375.1,14,98,3
2,2,43,JLI,200000,35,10500,18.629,9.3,56.1,79.6,110.8,53678.8,14,98,3
2,2,43,JLI,200000,36,10800,18.21,9.2,58.6,79.2,89.3,54913.9,14,98,3
2,2,43,JLI,200000,37,11100,16.008,8.9,54.1,70.3,74.8,62470.1,14,98,3
2,2,43,JLI,200000,38,11400,19.749,11.1,56.5,74.1,93.5,50636.3,14,98,3
2,2,43,JLI,200000,39,11700,19.212,10.3,57.3,77.4,82.9,52051.7,14,98,3
2,2,43,JLI,200000,40,12000,83.408,10.8,77.0,126.5,18141.3,11989.2,14,99,3
2,2,43,JLI,200000,41,12300,21.901,10.9,66.2,84.3,128.8,45660.7,14,99,3
2,2,43,JLI,200000,42,12600,20.318,9.9,59.2,101.1,135.2,49216.6,14,99,3
2,2,43,JLI,200000,43,12900,17.832,9.1,58.6,84.9,126.8,56079.0,14,99,3
2,2,43,JLI,200000,44,13200,17.996,9.5,56.5,71.2,76.2,55566.9,14,99,3
2,2,43,JLI,200000,45,13500,17.85,9.5,52.7,110.4,133.7,56022.4,14,99,3
2,2,43,JLI,200000,46,13800,16.096,9.1,54.7,74.8,76.4,62128.5,14,99,3
2,2,43,JLI,200000,47,14100,15.593,8.6,55.6,74.8,87.6,64131.3,14,99,3
2,2,43,JLI,200000,48,14400,15.354,9.2,52.0,79.9,112.6,65129.6,14,99,3
2,2,43,JLI,200000,49,14700,9.364,5.3,33.2,56.8,62.1,106792.0,14,99,3
2,2,43,JLI,200000,50,15000,47.015,6.9,24.7,47.4,11190.5,21270.0,14,99,3
2,2,43,SkipList,200000,1,300,6.441,6.3,9.9,12.7,17.4,155255.3,0,0,0
2,2,43,SkipList,200000,2,600,6.296,6.0,11.0,12.2,16.5,158831.0,0,0,0
2,2,43,SkipList,200000,3,900,6.47,6.0,10.5,14.2,62.4,154559.5,0,0,0
2,2,43,SkipList,200000,4,1200,6.351,5.9,10.3,13.3,14.8,157463.8,0,0,0
2,2,43,SkipList,200000,5,1500,6.346,6.1,9.7,13.0,18.2,157587.8,0,0,0
2,2,43,SkipList,200000,6,1800,6.624,6.1,10.6,14.0,70.7,150966.2,0,0,0
2,2,43,SkipList,200000,7,2100,7.307,6.5,13.8,22.6,47.5,136855.1,0,0,0
2,2,43,SkipList,200000,8,2400,6.3,6.0,10.1,13.2,18.2,158721.7,0,0,0
2,2,43,SkipList,200000,9,2700,6.294,6.1,10.0,12.8,15.1,158881.5,0,0,0
2,2,43,SkipList,200000,10,3000,6.521,6.0,9.9,14.2,69.0,153350.7,0,0,0
2,2,43,SkipList,200000,11,3300,6.191,6.0,9.9,11.6,13.4,161516.1,0,0,0
2,2,43,SkipList,200000,12,3600,6.179,5.9,10.0,13.0,23.1,161847.2,0,0,0
2,2,43,SkipList,200000,13,3900,6.259,5.9,9.9,11.5,14.2,159769.9,0,0,0
2,2,43,SkipList,200000,14,4200,7.6,6.8,13.8,23.8,83.5,131573.2,0,0,0
2,2,43,SkipList,200000,15,4500,6.557,6.3,10.2,13.3,22.1,152501.0,0,0,0
2,2,43,SkipList,200000,16,4800,6.356,6.1,9.8,12.6,20.9,157339.9,0,0,0
2,2,43,SkipList,200000,17,5100,6.237,6.1,9.7,13.0,15.3,160342.1,0,0,0
2,2,43,SkipList,200000,18,5400,6.368,5.8,9.6,12.1,72.0,157043.4,0,0,0
2,2,43,SkipList,200000,19,5700,6.401,6.0,10.0,13.9,14.7,156225.5,0,0,0
2,2,43,SkipList,200000,20,6000,6.463,6.2,10.1,11.8,17.2,154734.9,0,0,0
2,2,43,SkipList,200000,21,6300,7.135,6.5,12.5,16.6,47.0,140160.7,0,0,0
2,2,43,SkipList,200000,22,6600,6.614,6.1,9.6,16.5,69.8,151202.0,0,0,0
2,2,43,SkipList,200000,23,6900,6.441,6.2,10.5,13.5,16.5,155255.4,0,0,0
2,2,43,SkipList,200000,24,7200,6.512,6.2,10.5,12.0,16.9,153562.7,0,0,0
2,2,43,SkipList,200000,25,7500,6.558,6.1,10.2,14.5,41.1,152493.2,0,0,0
2,2,43,SkipList,200000,26,7800,6.466,6.0,10.0,14.5,69.4,154663.1,0,0,0
2,2,43,SkipList,200000,27,8100,6.364,6.1,10.8,12.5,19.2,157125.7,0,0,0
2,2,43,SkipList,200000,28,8400,7.042,6.6,12.6,17.6,19.6,142005.1,0,0,0
2,2,43,SkipList,200000,29,8700,6.8,6.4,10.5,14.7,70.0,147058.8,0,0,0
2,2,43,SkipList,200000,30,9000,6.479,6.4,10.3,11.5,16.4,154336.9,0,0,0
2,2,43,SkipList,200000,31,9300,6.357,6.1,9.8,13.1,24.0,157315.1,0,0,0
2,2,43,SkipList,200000,32,9600,6.127,6.0,9.6,12.9,15.8,163220.9,0,0,0
2,2,43,SkipList,200000,33,9900,6.609,6.1,10.5,11.9,62.5,151301.2,0,0,0
2,2,43,SkipList,200000,34,10200,6.456,5.8,10.6,15.2,57.9,154894.7,0,0,0
2,2,43,SkipList,200000,35,10500,6.384,6.0,10.1,14.5,21.8,156641.6,0,0,0
2,2,43,SkipList,200000,36,10800,6.345,5.9,10.4,14.6,19.1,157604.4,0,0,0
2,2,43,SkipList,200000,37,11100,6.243,5.8,9.6,12.2,66.4,160179.4,0,0,0
2,2,43,SkipList,200000,38,11400,6.16,6.0,10.2,13.7,14.8,162328.9,0,0,0
2,2,43,SkipList,200000,39,11700,6.228,5.8,9.8,13.6,17.1,160573.8,0,0,0
2,2,43,SkipList,200000,40,12000,6.165,6.0,9.4,12.8,15.6,162214.8,0,0,0
2,2,43,SkipList,200000,41,12300,6.978,6.4,11.3,20.7,71.6,143314.4,0,0,0
2,2,43,SkipList,200000,42,12600,7.249,6.9,11.2,16.7,17.8,137956.4,0,0,0
2,2,43,SkipList,200000,43,12900,6.745,6.5,11.2,13.5,17.7,148250.6,0,0,0
2,2,43,SkipList,200000,44,13200,10.106,6.2,10.6,13.0,1088.2,98954.4,0,0,0
2,2,43,SkipList,200000,45,13500,6.394,6.2,9.8,12.8,18.5,156404.8,0,0,0
2,2,43,SkipList,200000,46,13800,6.558,6.1,10.7,13.4,15.3,152477.7,0,0,0
2,2,43,SkipList,200000,47,14100,6.443,6.1,10.1,13.2,16.8,155215.3,0,0,0
2,2,43,SkipList,200000,48,14400,6.993,6.5,11.6,19.0,68.8,143006.9,0,0,0
2,2,43,SkipList,200000,49,14700,6.387,6.1,10.4,13.7,15.5,156568.1,0,0,0
2,2,43,SkipList,200000,50,15000,6.459,6.3,10.3,12.9,15.3,154830.7,0,0,0
2,3,44,JLI,5000,1,300,17.394,14.2,39.4,44.5,342.0,57492.2,0,1,1
2,3,44,JLI,5000,2,600,17.891,15.4,43.4,51.9,73.4,55894.0,0,1,1
2,3,44,JLI,5000,3,900,18.177,15.8,42.5,50.5,56.7,55013.6,0,1,1
2,3,44,JLI,5000,4,1200,13.81,8.2,35.8,57.1,58.4,72413.0,0,1,1
2,3,44,JLI,5000,5,1500,6.62,5.6,14.4,24.1,26.2,151049.8,0,1,1
2,3,44,JLI,5000,6,1800,5.844,4.5,13.7,25.3,34.6,171115.7,0,1,1
2,3,44,JLI,5000,7,2100,7.176,5.8,14.0,32.3,62.1,139359.9,0,1,1
2,3,44,JLI,5000,8,2400,8.45,7.7,16.1,27.3,31.1,118338.5,0,1,1
2,3,44,JLI,5000,9,2700,10.805,9.5,24.5,28.2,31.3,92546.9,0,1,1
2,3,44,JLI,5000,10,3000,12.153,10.5,28.0,32.1,36.2,82282.0,0,1,1
2,3,44,JLI,5000,11,3300,13.319,9.5,26.2,41.2,733.2,75080.7,0,2,1
2,3,44,JLI,5000,12,3600,6.422,4.3,17.0,28.8,32.9,155714.7,0,2,1
2,3,44,JLI,5000,13,3900,5.56,4.5,10.4,29.7,31.1,179856.1,0,2,1
2,3,44,JLI,5000,14,4200,6.166,4.5,12.1,30.4,59.3,162170.9,0,2,1
2,3,44,JLI,5000,15,4500,4.941,4.2,7.6,31.0,34.2,202388.2,0,2,1
2,3,44,JLI,5000,16,4800,7.475,6.7,14.2,32.4,40.4,133779.3,0,2,1
2,3,44,JLI,5000,17,5100,9.868,8.7,21.2,31.2,34.2,101341.1,0,2,1
2,3,44,JLI,5000,18,5400,12.947,11.3,29.0,35.1,58.8,77238.0,0,2,1
2,3,44,JLI,5000,19,5700,14.889,13.2,32.9,38.2,40.0,67162.2,0,2,1
2,3,44,JLI,5000,20,6000,17.639,16.2,39.0,44.2,45.7,56693.6,0,2,1
2,3,44,JLI,5000,21,6300,20.851,18.0,46.3,55.2,402.4,47960.1,1,2,1
2,3,44,JLI,5000,22,6600,21.448,20.7,44.4,57.5,60.3,46625.1,1,2,1
2,3,44,JLI,5000,23,6900,24.785,24.2,55.1,67.0,82.7,40347.0,1,2,1
2,3,44,JLI,5000,24,7200,27.412,24.8,67.5,77.9,78.9,36480.8,1,2,1
2,3,44,JLI,5000,25,7500,30.776,28.9,75.5,84.1,111.3,32493.2,1,2,1
2,3,44,JLI,5000,26,7800,32.3,30.6,81.4,93.4,105.5,30959.8,1,2,1
2,3,44,JLI,5000,27,8100,35.581,33.1,86.7,94.0,98.0,28105.1,1,2,1
2,3,44,JLI,5000,28,8400,38.42,35.2,92.5,102.5,117.0,26028.1,1,2,1
2,3,44,JLI,5000,29,8700,9.414,4.5,48.4,87.3,101.9,106221.0,1,2,1
2,3,44,JLI,5000,30,9000,7.192,6.5,12.9,33.0,33.9,139036.9,1,2,1
2,3,44,JLI,5000,31,9300,12.473,7.3,24.6,50.1,727.2,80175.3,1,3,1
2,3,44,JLI,5000,32,9600,8.601,5.4,25.3,34.9,38.4,116265.5,1,3,1
2,3,44,JLI,5000,33,9900,5.99,5.3,11.5,17.0,34.2,166935.6,1,3,1
2,3,44,JLI,5000,34,10200,7.149,5.1,21.8,34.3,45.8,139873.2,1,3,1
2,3,44,JLI,5000,35,10500,6.44,5.8,10.5,33.7,35.9,155279.5,1,3,1
2,3,44,JLI,5000,36,10800,7.71,6.9,15.5,35.3,39.5,129707.3,1,3,1
2,3,44,JLI,5000,37,11100,10.401,8.2,24.6,39.0,45.3,96144.6,1,3,1
2,3,44,JLI,5000,38,11400,11.018,9.3,25.6,37.2,58.8,90763.3,1,3,1
2,3,44,JLI,5000,39,11700,11.21,9.1,28.8,36.6,51.6,89206.1,1,3,1
2,3,44,JLI,5000,40,12000,9.108,8.0,18.4,35.9,36.6,109793.6,1,3,1
2,3,44,JLI,5000,41,12300,9.501,6.6,14.6,35.9,533.3,105248.4,2,3,1
2,3,44,JLI,5000,42,12600,8.67,7.3,13.3,46.9,96.5,115335.8,2,3,1
2,3,44,JLI,5000,43,12900,7.88,7.2,13.5,32.9,56.7,126898.2,2,3,1
2,3,44,JLI,5000,44,13200,8.512,7.7,14.2,35.2,59.1,117476.6,2,3,1
2,3,44,JLI,5000,45,13500,9.082,8.0,15.8,33.5,56.2,110107.9,2,3,1
2,3,44,JLI,5000,46,13800,9.7,8.3,16.5,67.9,71.8,103096.3,2,3,1
2,3,44,JLI,5000,47,14100,10.667,9.2,18.8,35.1,73.2,93750.0,2,3,1
2,3,44,JLI,5000,48,14400,10.868,9.3,18.8,74.8,87.1,92013.3,2,3,1
2,3,44,JLI,5000,49,14700,11.764,9.8,20.4,82.9,85.2,85007.5,2,3,1
2,3,44,JLI,5000,50,15000,11.739,9.8,21.6,86.7,91.3,85186.1,2,3,1
2,3,44,SkipList,5000,1,300,2.756,2.7,4.3,5.3,6.1,362844.8,0,0,0
2,3,44,SkipList,5000,2,600,2.882,2.7,4.9,5.3,11.6,347021.6,0,0,0
2,3,44,SkipList,5000,3,900,2.759,2.7,4.3,5.1,5.6,362450.3,0,0,0
2,3,44,SkipList,5000,4,1200,5.1,2.8,4.4,5.5,669.3,196078.4,0,0,0
2,3,44,SkipList,5000,5,1500,2.844,2.8,4.5,5.4,11.3,351617.4,0,0,0
2,3,44,SkipList,5000,6,1800,2.806,2.7,4.3,5.0,9.9,356421.7,0,0,0
2,3,44,SkipList,5000,7,2100,2.735,2.7,4.3,5.3,5.5,365675.2,0,0,0
2,3,44,SkipList,5000,8,2400,2.876,2.7,4.3,5.1,40.4,347664.7,0,0,0
2,3,44,SkipList,5000,9,2700,2.705,2.6,4.2,5.2,5.3,369731.5,0,0,0
2,3,44,SkipList,5000,10,3000,2.832,2.8,4.5,5.6,5.9,353107.3,0,0,0
2,3,44,SkipList,5000,11,3300,2.97,2.7,4.8,5.9,34.0,336738.0,0,0,0
2,3,44,SkipList,5000,12,3600,3.119,2.8,5.1,11.1,44.7,320581.4,0,0,0
2,3,44,SkipList,5000,13,3900,2.87,2.8,4.3,5.6,16.5,348391.6,0,0,0
2,3,44,SkipList,5000,14,4200,2.806,2.8,4.3,4.9,5.7,356337.1,0,0,0
2,3,44,SkipList,5000,15,4500,2.782,2.7,4.3,5.2,5.7,359453.6,0,0,0
2,3,44,SkipList,5000,16,4800,2.903,2.7,4.4,5.3,42.8,344510.8,0,0,0
2,3,44,SkipList,5000,17,5100,2.781,2.7,4.1,5.2,6.1,359539.7,0,0,0
2,3,44,SkipList,5000,18,5400,2.819,2.8,4.1,4.9,9.6,354693.8,0,0,0
2,3,44,SkipList,5000,19,5700,2.757,2.6,4.3,4.8,5.4,362713.2,0,0,0
2,3,44,SkipList,5000,20,6000,2.932,2.8,4.3,5.4,38.0,341025.6,0,0,0
2,3,44,SkipList,5000,21,6300,2.852,2.7,4.3,5.1,11.9,350671.9,0,0,0
2,3,44,SkipList,5000,22,6600,2.881,2.8,4.2,4.6,5.1,347141.9,0,0,0
2,3,44,SkipList,5000,23,6900,2.859,2.7,4.2,5.2,12.6,349772.7,0,0,0
2,3,44,SkipList,5000,24,7200,2.917,2.7,4.3,5.2,37.7,342778.8,0,0,0
2,3,44,SkipList,5000,25,7500,3.458,3.1,6.2,12.9,35.9,289184.3,0,0,0
2,3,44,SkipList,5000,26,7800,2.917,2.8,4.4,5.4,12.9,342857.2,0,0,0
2,3,44,SkipList,5000,27,8100,2.897,2.8,4.5,5.7,6.8,345144.9,0,0,0
2,3,44,SkipList,5000,28,8400,2.985,2.8,4.3,5.5,40.6,334970.9,0,0,0
2,3,44,SkipList,5000,29,8700,2.88,2.8,4.3,4.9,10.7,347222.3,0,0,0
2,3,44,SkipList,5000,30,9000,2.836,2.8,4.2,5.6,5.9,352650.8,0,0,0
2,3,44,SkipList,5000,31,9300,2.814,2.8,4.3,5.1,5.6,355408.2,0,0,0
2,3,44,SkipList,5000,32,9600,2.926,2.7,4.4,5.0,39.8,341724.7,0,0,0
2,3,44,SkipList,5000,33,9900,2.809,2.7,4.3,5.9,10.9,355956.4,0,0,0
2,3,44,SkipList,5000,34,10200,2.812,2.7,4.4,5.3,6.1,355618.8,0,0,0
2,3,44,SkipList,5000,35,10500,2.941,2.9,4.5,5.0,5.2,340058.8,0,0,0
2,3,44,SkipList,5000,36,10800,2.991,2.8,4.7,5.6,41.1,334373.7,0,0,0
2,3,44,SkipList,5000,37,11100,2.934,2.9,4.3,5.1,7.5,340793.2,0,0,0
2,3,44,SkipList,5000,38,11400,3.112,2.9,5.1,8.1,10.4,321371.2,0,0,0
2,3,44,SkipList,5000,39,11700,3.607,3.4,5.8,9.4,14.9,277238.7,0,0,0
2,3,44,SkipList,5000,40,12000,3.609,3.3,5.4,7.7,53.7,277085.0,0,0,0
2,3,44,SkipList,5000,41,12300,3.377,3.4,5.3,6.8,8.0,296150.0,0,0,0
2,3,44,SkipList,5000,42,12600,2.924,2.8,4.4,5.4,10.2,341997.3,0,0,0
2,3,44,SkipList,5000,43,12900,2.901,2.9,4.3,5.1,6.2,344669.2,0,0,0
2,3,44,SkipList,5000,44,13200,2.899,2.9,4.6,5.3,10.6,344906.5,0,0,0
2,3,44,SkipList,5000,45,13500,2.863,2.8,4.3,5.7,6.3,349324.4,0,0,0
2,3,44,SkipList,5000,46,13800,2.914,2.9,4.2,5.1,5.5,343210.1,0,0,0
2,3,44,SkipList,5000,47,14100,2.964,2.9,4.5,6.0,9.6,337382.0,0,0,0
2,3,44,SkipList,5000,48,14400,2.862,2.9,4.2,5.0,5.7,349406.1,0,0,0
2,3,44,SkipList,5000,49,14700,2.987,2.9,4.5,5.8,9.8,334821.6,0,0,0
2,3,44,SkipList,5000,50,15000,2.808,2.8,4.3,5.0,5.4,356167.5,0,0,0
2,3,44,JLI,10000,1,300,10.527,7.3,13.5,16.1,982.2,94990.8,1,4,1
2,3,44,JLI,10000,2,600,6.818,5.5,14.5,18.8,39.6,146677.7,1,4,1
2,3,44,JLI,10000,3,900,7.934,7.3,14.2,15.9,18.7,126045.1,1,4,1
2,3,44,JLI,10000,4,1200,9.492,9.0,17.5,21.1,22.3,105348.1,1,4,1
2,3,44,JLI,10000,5,1500,11.171,10.8,24.3,27.4,27.8,89517.5,1,4,1
2,3,44,JLI,10000,6,1800,13.385,12.3,28.2,43.4,65.9,74710.5,1,4,1
2,3,44,JLI,10000,7,2100,15.126,13.7,35.7,41.4,49.4,66111.3,1,4,1
2,3,44,JLI,10000,8,2400,6.03,4.8,14.3,16.4,24.3,165828.3,1,4,1
2,3,44,JLI,10000,9,2700,7.419,6.4,14.2,16.0,18.7,134795.1,1,4,1
2,3,44,JLI,10000,10,3000,11.565,8.2,16.4,21.2,820.1,86465.3,1,4,1
2,3,44,JLI,10000,11,3300,11.488,10.6,21.5,32.1,39.3,87044.8,1,4,1
2,3,44,JLI,10000,12,3600,9.339,7.4,21.1,27.8,30.2,107077.8,1,4,1
2,3,44,JLI,10000,13,3900,5.436,4.8,10.0,17.7,37.5,183970.1,1,4,1
2,3,44,JLI,10000,14,4200,7.9,7.3,14.8,17.6,24.4,126587.6,1,4,1
2,3,44,JLI,10000,15,4500,10.779,9.9,21.5,25.4,36.1,92775.8,1,4,1
2,3,44,JLI,10000,16,4800,14.203,12.4,29.7,38.6,64.9,70409.3,1,4,1
2,3,44,JLI,10000,17,5100,14.428,13.7,33.5,38.3,42.3,69311.3,1,4,1
2,3,44,JLI,10000,18,5400,17.746,16.6,38.8,45.8,64.6,56350.7,1,4,1
2,3,44,JLI,10000,19,5700,19.558,16.8,47.3,68.3,83.9,51130.0,1,4,1
2,3,44,JLI,10000,20,6000,22.263,20.1,54.7,61.5,63.2,44918.2,1,4,1
2,3,44,JLI,10000,21,6300,18.338,9.4,36.2,59.8,1449.0,54531.6,1,5,1
2,3,44,JLI,10000,22,6600,8.644,7.4,15.7,43.5,46.8,115687.2,1,5,1
2,3,44,JLI,10000,23,6900,7.024,6.8,13.3,16.6,20.0,142369.0,1,5,1
2,3,44,JLI,10000,24,7200,6.491,5.5,12.5,16.8,18.5,154059.5,1,5,1
2,3,44,JLI,10000,25,7500,5.575,4.7,10.3,15.0,48.0,179372.2,1,5,1
2,3,44,JLI,10000,26,7800,6.972,6.0,11.3,20.5,85.9,143424.0,1,5,1
2,3,44,JLI,10000,27,8100,11.411,9.3,24.3,44.9,170.1,87637.3,1,5,1
2,3,44,JLI,10000,28,8400,15.014,14.0,27.6,33.4,62.9,66606.0,1,5,1
2,3,44,JLI,10000,29,8700,10.568,7.5,26.7,37.1,75.2,94628.3,1,5,1
2,3,44,JLI,10000,30,9000,10.767,9.6,16.1,72.5,95.9,92879.3,1,5,1
2,3,44,JLI,10000,31,9300,17.442,11.4,23.9,81.5,1321.1,57331.8,2,5,1
2,3,44,JLI,10000,32,9600,15.051,12.9,30.5,73.7,74.2,66440.8,2,5,1
2,3,44,JLI,10000,33,9900,16.792,15.0,35.0,46.3,94.5,59553.3,2,5,1
2,3,44,JLI,10000,34,10200,20.557,17.9,45.1,53.6,80.7,48646.0,2,5,1
2,3,44,JLI,10000,35,10500,22.905,20.6,48.4,74.4,94.9,43658.0,2,5,1
2,3,44,JLI,10000,36,10800,26.894,18.0,50.6,77.0,1622.0,37182.6,2,5,1
2,3,44,JLI,10000,37,11100,26.931,22.5,64.3,88.8,97.0,37131.5,2,5,1
2,3,44,JLI,10000,38,11400,20.211,17.7,50.5,59.5,84.9,49478.0,2,5,1
2,3,44,JLI,10000,39,11700,19.073,16.4,48.2,59.3,62.6,52429.2,2,5,1
2,3,44,JLI,10000,40,12000,23.57,18.2,62.5,85.4,100.5,42426.8,2,5,1
2,3,44,JLI,10000,41,12300,26.338,15.2,56.1,70.2,1718.2,37968.0,2,6,1
2,3,44,JLI,10000,42,12600,8.36,7.1,17.3,42.8,50.8,119622.0,2,6,1
2,3,44,JLI,10000,43,12900,6.732,5.5,11.3,44.6,78.5,148536.8,2,6,1
2,3,44,JLI,10000,44,13200,8.747,7.4,15.7,44.6,78.9,114320.5,2,6,1
2,3,44,JLI,10000,45,13500,9.814,9.1,20.0,22.5,42.9,101898.7,2,6,1
2,3,44,JLI,10000,46,13800,11.991,12.0,25.1,30.1,33.0,83395.9,2,6,1
2,3,44,JLI,10000,47,14100,15.117,12.8,35.4,58.5,83.9,66150.7,2,6,1
2,3,44,JLI,10000,48,14400,17.636,17.4,38.5,45.5,53.0,56703.3,2,6,1
2,3,44,JLI,10000,49,14700,18.794,16.9,43.7,53.6,55.3,53208.5,2,6,1
2,3,44,JLI,10000,50,15000,21.524,19.3,52.4,61.2,65.5,46459.0,2,6,1
2,3,44,SkipList,10000,1,300,3.119,3.0,4.9,5.4,11.5,320581.4,0,0,0
2,3,44,SkipList,10000,2,600,3.102,3.0,4.8,6.7,9.8,322372.6,0,0,0
2,3,44,SkipList,10000,3,900,3.883,3.2,6.3,9.2,112.2,257555.0,0,0,0
2,3,44,SkipList,10000,4,1200,3.18,3.2,4.8,5.8,6.6,314432.6,0,0,0
2,3,44,SkipList,10000,5,1500,3.031,2.9,4.5,5.3,6.5,329887.7,0,0,0
2,3,44,SkipList,10000,6,1800,3.11,3.0,4.7,5.6,6.6,321508.9,0,0,0
2,3,44,SkipList,10000,7,2100,3.229,3.0,4.6,6.6,39.9,309725.4,0,0,0
2,3,44,SkipList,10000,8,2400,3.034,3.0,4.5,5.7,5.9,329634.2,0,0,0
2,3,44,SkipList,10000,9,2700,3.072,3.0,4.7,5.2,6.8,325556.2,0,0,0
2,3,44,SkipList,10000,10,3000,3.057,3.0,4.4,5.3,7.0,327082.5,0,0,0
2,3,44,SkipList,10000,11,3300,3.278,3.1,5.0,5.8,37.6,305095.0,0,0,0
2,3,44,SkipList,10000,12,3600,3.071,2.9,4.6,5.6,10.4,325626.9,0,0,0
2,3,44,SkipList,10000,13,3900,3.07,2.9,4.7,5.6,6.1,325768.4,0,0,0
2,3,44,SkipList,10000,14,4200,3.118,3.0,4.8,5.5,7.1,320718.4,0,0,0
2,3,44,SkipList,10000,15,4500,3.551,3.2,5.5,11.3,39.7,281584.5,0,0,0
2,3,44,SkipList,10000,16,4800,3.873,3.7,6.1,8.6,18.1,258197.8,0,0,0
2,3,44,SkipList,10000,17,5100,3.633,3.6,5.6,7.1,8.1,275279.9,0,0,0
2,3,44,SkipList,10000,18,5400,3.214,3.1,4.9,5.8,6.3,311171.0,0,0,0
2,3,44,SkipList,10000,19,5700,3.341,3.1,4.9,6.6,45.1,299281.9,0,0,0
2,3,44,SkipList,10000,20,6000,3.127,3.0,4.7,5.5,5.7,319795.3,0,0,0
2,3,44,SkipList,10000,21,6300,3.128,3.0,4.7,5.4,10.3,319693.0,0,0,0
2,3,44,SkipList,10000,22,6600,3.067,3.0,4.6,5.6,11.0,326051.4,0,0,0
2,3,44,SkipList,10000,23,6900,3.146,2.9,4.7,5.5,38.0,317864.0,0,0,0
2,3,44,SkipList,10000,24,7200,3.064,2.9,4.6,5.3,11.1,326370.7,0,0,0
2,3,44,SkipList,10000,25,7500,3.139,3.0,4.8,5.7,9.6,318538.8,0,0,0
2,3,44,SkipList,10000,26,7800,3.077,3.0,4.7,5.7,5.9,324991.8,0,0,0
2,3,44,SkipList,10000,27,8100,6.008,3.3,5.9,11.9,748.3,166444.7,0,0,0
2,3,44,SkipList,10000,28,8400,3.14,3.0,4.6,6.1,15.2,318437.5,0,0,0
2,3,44,SkipList,10000,29,8700,3.147,3.1,4.7,5.6,6.2,317796.5,0,0,0
2,3,44,SkipList,10000,30,9000,3.043,3.0,4.5,5.1,5.5,328587.1,0,0,0
2,3,44,SkipList,10000,31,9300,3.268,3.1,4.6,5.6,35.3,305966.4,0,0,0
2,3,44,SkipList,10000,32,9600,3.175,3.1,4.7,5.8,9.7,314927.6,0,0,0
2,3,44,SkipList,10000,33,9900,3.11,3.1,4.5,5.7,6.1,321509.0,0,0,0
2,3,44,SkipList,10000,34,10200,3.162,3.1,4.7,5.5,10.1,316255.5,0,0,0
2,3,44,SkipList,10000,35,10500,3.068,3.1,4.5,5.9,6.6,325909.7,0,0,0
2,3,44,SkipList,10000,36,10800,3.155,3.0,4.9,5.9,6.3,316957.2,0,0,0
2,3,44,SkipList,10000,37,11100,3.193,3.0,4.8,7.0,10.4,313217.7,0,0,0
2,3,44,SkipList,10000,38,11400,3.083,3.1,4.7,5.4,5.9,324394.4,0,0,0
2,3,44,SkipList,10000,39,11700,3.949,3.4,6.8,12.6,52.4,253207.2,0,0,0
2,3,44,SkipList,10000,40,12000,3.468,3.2,5.2,6.6,44.3,288378.4,0,0,0
2,3,44,SkipList,10000,41,12300,3.205,3.1,4.9,5.7,7.0,312044.9,0,0,0
2,3,44,SkipList,10000,42,12600,3.203,3.1,4.7,6.2,6.7,312207.3,0,0,0
2,3,44,SkipList,10000,43,12900,3.108,3.0,4.7,5.8,11.1,321784.9,0,0,0
2,3,44,SkipList,10000,44,13200,3.31,3.1,4.9,5.8,38.7,302114.8,0,0,0
2,3,44,SkipList,10000,45,13500,3.236,3.2,4.8,6.0,10.2,309023.5,0,0,0
2,3,44,SkipList,10000,46,13800,3.232,3.1,5.0,5.6,8.6,309437.9,0,0,0
2,3,44,SkipList,10000,47,14100,3.158,3.1,4.7,5.7,6.3,316622.7,0,0,0
2,3,44,SkipList,10000,48,14400,3.268,3.1,4.9,5.8,39.2,305997.4,0,0,0
2,3,44,SkipList,10000,49,14700,3.208,3.1,4.8,5.8,9.4,311753.2,0,0,0
2,3,44,SkipList,10000,50,15000,3.19,3.2,4.9,5.7,6.7,313479.7,0,0,0
2,3,44,JLI,25000,1,300,16.99,11.3,42.5,51.8,505.5,58857.0,3,11,1
2,3,44,JLI,25000,2,600,17.082,13.6,45.0,55.5,61.5,58541.2,3,11,1
2,3,44,JLI,25000,3,900,17.171,13.2,52.4,61.2,69.0,58238.9,3,11,1
2,3,44,JLI,25000,4,1200,16.997,13.0,48.5,60.3,103.0,58835.1,3,11,1
2,3,44,JLI,25000,5,1500,18.736,13.1,55.5,67.7,71.3,53374.1,3,11,1
2,3,44,JLI,25000,6,1800,18.61,11.4,55.9,75.1,76.2,53733.6,3,11,1
2,3,44,JLI,25000,7,2100,21.706,16.6,59.6,73.4,80.1,46070.2,3,11,1
2,3,44,JLI,25000,8,2400,22.65,16.4,69.1,84.4,86.9,44149.5,3,11,1
2,3,44,JLI,25000,9,2700,26.819,22.3,80.4,93.0,106.4,37287.5,3,11,1
2,3,44,JLI,25000,10,3000,27.682,12.5,80.1,95.3,1233.5,36124.6,3,12,1
2,3,44,JLI,25000,11,3300,26.194,15.9,73.2,97.8,128.6,38177.2,3,12,1
2,3,44,JLI,25000,12,3600,27.068,18.6,85.9,104.0,106.3,36944.4,3,12,1
2,3,44,JLI,25000,13,3900,29.842,18.5,91.2,111.2,179.0,33510.2,3,12,1
2,3,44,JLI,25000,14,4200,31.317,22.2,97.3,113.3,116.1,31931.5,3,12,1
2,3,44,JLI,25000,15,4500,31.021,18.3,98.5,119.7,133.4,32236.2,3,12,1
2,3,44,JLI,25000,16,4800,33.546,22.6,100.6,121.4,123.3,29810.1,3,12,1
2,3,44,JLI,25000,17,5100,33.322,22.7,109.0,125.3,126.9,30009.9,3,12,1
2,3,44,JLI,25000,18,5400,35.723,28.9,96.0,135.9,176.0,27992.9,3,12,1
2,3,44,JLI,25000,19,5700,34.903,22.9,113.8,130.3,207.1,28651.1,3,12,1
2,3,44,JLI,25000,20,6000,37.717,22.8,113.1,146.3,782.7,26513.5,3,12,1
2,3,44,JLI,25000,21,6300,36.717,22.9,112.7,137.3,154.2,27235.3,3,12,1
2,3,44,JLI,25000,22,6600,39.758,24.1,113.0,152.8,219.4,25152.0,3,12,1
2,3,44,JLI,25000,23,6900,34.874,20.9,104.2,137.3,217.3,28674.4,3,12,1
2,3,44,JLI,25000,24,7200,45.999,29.1,132.7,165.4,852.6,21739.6,3,12,1
2,3,44,JLI,25000,25,7500,45.731,30.0,140.4,165.8,201.8,21867.2,3,12,1
2,3,44,JLI,25000,26,7800,46.093,32.0,141.6,171.7,181.9,21695.3,3,12,1
2,3,44,JLI,25000,27,8100,48.451,35.8,150.7,175.2,180.0,20639.6,3,12,1
2,3,44,JLI,25000,28,8400,49.843,34.0,148.0,188.9,244.3,20063.0,3,12,1
2,3,44,JLI,25000,29,8700,45.598,27.9,144.7,182.5,219.8,21930.9,3,12,1
2,3,44,JLI,25000,30,9000,47.3,33.1,137.6,187.0,202.0,21141.8,3,12,1
2,3,44,JLI,25000,31,9300,17.936,7.2,49.3,157.4,1184.7,55752.8,3,13,1
2,3,44,JLI,25000,32,9600,7.439,6.6,13.9,20.1,71.8,134432.7,3,13,1
2,3,44,JLI,25000,33,9900,7.342,6.6,14.6,26.6,31.4,136202.7,3,13,1
2,3,44,JLI,25000,34,10200,8.531,6.7,19.6,26.6,30.6,117215.0,3,13,1
2,3,44,JLI,25000,35,10500,9.388,7.7,21.2,26.8,28.1,106519.0,3,13,1
2,3,44,JLI,25000,36,10800,12.178,9.3,29.3,38.4,59.2,82115.3,3,13,1
2,3,44,JLI,25000,37,11100,14.062,11.5,30.2,36.7,38.8,71113.6,3,13,1
2,3,44,JLI,25000,38,11400,13.825,10.5,36.2,41.6,43.3,72331.0,3,13,1
2,3,44,JLI,25000,39,11700,14.589,11.9,32.9,45.0,84.9,68544.8,3,13,1
2,3,44,JLI,25000,40,12000,18.117,14.2,49.5,60.9,103.1,55196.8,3,13,1
2,3,44,JLI,25000,41,12300,20.124,15.1,41.2,54.0,720.9,49692.7,3,13,1
2,3,44,JLI,25000,42,12600,22.124,17.1,51.0,65.7,317.7,45200.5,3,13,1
2,3,44,JLI,25000,43,12900,20.903,17.0,48.6,67.6,68.6,47840.0,3,13,1
2,3,44,JLI,25000,44,13200,23.565,18.4,56.4,73.2,113.1,42435.8,3,13,1
2,3,44,JLI,25000,45,13500,25.187,20.6,63.6,79.3,105.8,39702.5,3,13,1
2,3,44,JLI,25000,46,13800,26.184,20.5,66.9,79.9,93.4,38191.7,3,13,1
2,3,44,JLI,25000,47,14100,26.111,21.6,57.5,85.0,89.2,38298.0,3,13,1
2,3,44,JLI,25000,48,14400,30.64,23.7,84.1,98.8,109.5,32636.7,3,13,1
2,3,44,JLI,25000,49,14700,32.288,27.1,79.9,100.8,103.5,30970.9,3,13,1
2,3,44,JLI,25000,50,15000,36.208,28.5,92.3,157.0,205.1,27618.5,3,13,1
2,3,44,SkipList,25000,1,300,3.54,3.5,5.1,5.8,6.4,282459.2,0,0,0
2,3,44,SkipList,25000,2,600,3.597,3.5,5.7,6.5,7.5,278009.5,0,0,0
2,3,44,SkipList,25000,3,900,3.627,3.4,5.2,6.6,38.7,275684.6,0,0,0
2,3,44,SkipList,25000,4,1200,3.511,3.5,5.0,6.1,9.0,284819.2,0,0,0
2,3,44,SkipList,25000,5,1500,3.549,3.4,5.4,6.5,12.1,281743.0,0,0,0
2,3,44,SkipList,25000,6,1800,3.501,3.4,5.1,6.3,6.7,285632.8,0,0,0
2,3,44,SkipList,25000,7,2100,3.731,3.5,5.5,7.4,42.7,268024.6,0,0,0
2,3,44,SkipList,25000,8,2400,3.452,3.4,5.3,6.1,7.6,289659.2,0,0,0
2,3,44,SkipList,25000,9,2700,4.088,3.8,6.9,10.8,14.8,244638.5,0,0,0
2,3,44,SkipList,25000,10,3000,3.917,3.8,6.1,8.1,9.8,255297.5,0,0,0
2,3,44,SkipList,25000,11,3300,4.122,3.8,6.4,12.9,45.8,242620.3,0,0,0
2,3,44,SkipList,25000,12,3600,3.562,3.5,5.3,6.9,13.0,280741.1,0,0,0
2,3,44,SkipList,25000,13,3900,3.578,3.5,5.5,6.9,11.7,279459.7,0,0,0
2,3,44,SkipList,25000,14,4200,3.552,3.4,5.5,6.2,6.9,281557.9,0,0,0
2,3,44,SkipList,25000,15,4500,3.626,3.3,5.7,7.1,42.9,275811.3,0,0,0
2,3,44,SkipList,25000,16,4800,3.371,3.3,5.0,6.3,11.5,296677.2,0,0,0
2,3,44,SkipList,25000,17,5100,3.396,3.3,5.2,6.2,7.3,294464.0,0,0,0
2,3,44,SkipList,25000,18,5400,3.438,3.3,5.3,7.1,11.6,290894.9,0,0,0
2,3,44,SkipList,25000,19,5700,3.579,3.5,5.2,6.6,40.1,279433.6,0,0,0
2,3,44,SkipList,25000,20,6000,4.095,3.6,7.8,11.2,35.4,244180.3,0,0,0
2,3,44,SkipList,25000,21,6300,3.765,3.7,5.9,7.1,7.5,265604.3,0,0,0
2,3,44,SkipList,25000,22,6600,3.647,3.4,5.8,8.2,12.2,274197.9,0,0,0
2,3,44,SkipList,25000,23,6900,3.662,3.4,5.5,7.7,45.1,273099.7,0,0,0
2,3,44,SkipList,25000,24,7200,3.396,3.3,5.2,6.6,6.8,294464.2,0,0,0
2,3,44,SkipList,25000,25,7500,3.344,3.2,5.0,6.2,6.6,299043.1,0,0,0
2,3,44,SkipList,25000,26,7800,3.431,3.3,5.1,6.6,11.0,291431.8,0,0,0
2,3,44,SkipList,25000,27,8100,3.419,3.2,5.1,6.2,45.2,292454.7,0,0,0
2,3,44,SkipList,25000,28,8400,3.2,3.1,4.7,5.9,6.1,312467.5,0,0,0
2,3,44,SkipList,25000,29,8700,3.439,3.2,5.7,6.5,12.2,290810.4,0,0,0
2,3,44,SkipList,25000,30,9000,3.385,3.3,5.1,6.4,6.7,295450.1,0,0,0
2,3,44,SkipList,25000,31,9300,3.777,3.5,5.6,7.4,45.5,264783.7,0,0,0
2,3,44,SkipList,25000,32,9600,3.828,3.5,6.5,10.5,16.1,261255.8,0,0,0
2,3,44,SkipList,25000,33,9900,3.476,3.5,5.1,6.4,15.0,287659.3,0,0,0
2,3,44,SkipList,25000,34,10200,3.492,3.4,5.4,6.3,6.9,286368.7,0,0,0
2,3,44,SkipList,25000,35,10500,3.573,3.4,5.2,6.4,47.7,279876.8,0,0,0
2,3,44,SkipList,25000,36,10800,3.487,3.4,5.2,6.1,11.3,286779.4,0,0,0
2,3,44,SkipList,25000,37,11100,3.271,3.2,5.1,5.8,6.0,305748.1,0,0,0
2,3,44,SkipList,25000,38,11400,3.343,3.2,5.3,6.6,6.9,299132.6,0,0,0
2,3,44,SkipList,25000,39,11700,5.428,3.3,5.1,6.7,605.5,184241.2,0,0,0
2,3,44,SkipList,25000,40,12000,3.468,3.3,5.5,7.3,12.0,288350.7,0,0,0
2,3,44,SkipList,25000,41,12300,3.44,3.5,5.0,5.7,6.0,290669.6,0,0,0
2,3,44,SkipList,25000,42,12600,3.609,3.5,5.8,8.2,13.5,277110.7,0,0,0
2,3,44,SkipList,25000,43,12900,3.64,3.4,5.5,6.8,48.2,274750.4,0,0,0
2,3,44,SkipList,25000,44,13200,3.424,3.4,5.3,6.2,6.8,292056.2,0,0,0
2,3,44,SkipList,25000,45,13500,3.319,3.1,5.2,5.9,11.2,301325.9,0,0,0
2,3,44,SkipList,25000,46,13800,3.367,3.3,4.9,6.7,12.2,297000.3,0,0,0
2,3,44,SkipList,25000,47,14100,3.596,3.4,5.4,6.7,43.0,278112.6,0,0,0
2,3,44,SkipList,25000,48,14400,3.329,3.3,4.9,6.0,7.4,300390.5,0,0,0
2,3,44,SkipList,25000,49,14700,3.311,3.3,5.0,6.6,9.4,302023.4,0,0,0
2,3,44,SkipList,25000,50,15000,3.338,3.3,5.0,6.1,6.7,299550.9,0,0,0
2,3,44,JLI,50000,1,300,18.452,7.1,25.7,51.1,2598.5,54193.7,4,24,1
2,3,44,JLI,50000,2,600,8.735,7.0,20.7,24.9,26.4,114482.0,4,24,1
2,3,44,JLI,50000,3,900,8.882,7.3,19.0,32.2,53.3,112583.0,4,24,1
2,3,44,JLI,50000,4,1200,9.985,8.4,20.8,28.6,40.7,100150.2,4,24,1
2,3,44,JLI,50000,5,1500,8.89,7.9,19.1,28.2,54.6,112485.9,4,24,1
2,3,44,JLI,50000,6,1800,8.906,8.0,18.7,23.8,28.9,112283.8,4,24,1
2,3,44,JLI,50000,7,2100,9.75,8.3,22.6,26.2,27.0,102564.1,4,24,1
2,3,44,JLI,50000,8,2400,9.931,8.1,23.2,27.4,28.7,100698.2,4,24,1
2,3,44,JLI,50000,9,2700,9.103,7.8,20.0,30.6,65.1,109849.9,4,24,1
2,3,44,JLI,50000,10,3000,10.324,7.6,29.5,36.6,68.9,96858.5,4,24,1
2,3,44,JLI,50000,11,3300,15.391,8.5,26.2,36.1,1321.0,64973.0,4,24,1
2,3,44,JLI,50000,12,3600,11.172,8.7,26.2,38.8,40.5,89506.8,4,24,1
2,3,44,JLI,50000,13,3900,13.661,11.2,36.2,43.7,50.8,73199.3,4,24,1
2,3,44,JLI,50000,14,4200,15.021,12.6,36.4,49.9,51.5,66573.5,4,24,1
2,3,44,JLI,50000,15,4500,15.877,13.2,36.0,50.5,62.4,62985.5,4,24,1
2,3,44,JLI,50000,16,4800,17.435,14.2,46.3,54.9,74.5,57354.8,4,24,1
2,3,44,JLI,50000,17,5100,17.235,14.3,41.8,55.0,61.8,58021.5,4,24,1
2,3,44,JLI,50000,18,5400,17.84,15.6,36.7,59.3,69.7,56053.8,4,24,1
2,3,44,JLI,50000,19,5700,19.815,16.9,42.9,61.0,101.6,50467.7,4,24,1
2,3,44,JLI,50000,20,6000,21.678,19.3,47.2,63.1,64.3,46129.0,4,24,1
2,3,44,JLI,50000,21,6300,27.377,10.7,41.2,58.7,3488.7,36527.5,4,25,1
2,3,44,JLI,50000,22,6600,10.484,7.9,24.6,35.2,43.3,95380.4,4,25,1
2,3,44,JLI,50000,23,6900,10.529,8.4,23.2,37.7,45.9,94975.8,4,25,1
2,3,44,JLI,50000,24,7200,10.787,8.1,24.2,42.9,91.5,92704.2,4,25,1
2,3,44,JLI,50000,25,7500,8.185,7.1,20.9,25.1,26.2,122169.7,4,25,1
2,3,44,JLI,50000,26,7800,5.9,5.1,9.4,41.0,51.1,169501.1,4,25,1
2,3,44,JLI,50000,27,8100,7.188,6.8,13.2,16.2,32.7,139120.8,4,25,1
2,3,44,JLI,50000,28,8400,9.062,8.2,18.7,23.4,23.7,110355.0,4,25,1
2,3,44,JLI,50000,29,8700,11.045,9.9,24.2,32.3,49.8,90536.0,4,25,1
2,3,44,JLI,50000,30,9000,13.277,11.5,30.2,45.6,46.3,75320.1,4,25,1
2,3,44,JLI,50000,31,9300,20.199,12.0,36.7,59.3,1619.6,49507.4,4,25,1
2,3,44,JLI,50000,32,9600,16.564,14.7,39.1,48.7,55.9,60371.9,4,25,1
2,3,44,JLI,50000,33,9900,18.408,16.5,43.9,54.2,55.0,54325.2,4,25,1
2,3,44,JLI,50000,34,10200,21.281,18.8,52.2,60.4,62.7,46990.3,4,25,1
2,3,44,JLI,50000,35,10500,20.838,17.5,56.1,67.5,69.8,47989.2,4,25,1
2,3,44,JLI,50000,36,10800,25.594,20.5,66.1,84.4,133.7,39072.2,4,25,1
2,3,44,JLI,50000,37,11100,26.802,20.6,73.1,84.4,105.9,37310.2,4,25,1
2,3,44,JLI,50000,38,11400,26.757,22.3,69.0,87.1,88.1,37372.9,4,25,1
2,3,44,JLI,50000,39,11700,29.035,23.3,76.6,93.1,110.2,34441.6,4,25,1
2,3,44,JLI,50000,40,12000,40.182,23.8,79.3,96.7,3239.7,24886.8,4,26,1
2,3,44,JLI,50000,41,12300,12.53,9.0,32.8,50.1,57.6,79808.5,4,26,1
2,3,44,JLI,50000,42,12600,10.098,8.1,22.9,28.0,32.3,99029.5,4,26,1
2,3,44,JLI,50000,43,12900,7.743,6.2,18.3,27.3,31.5,129143.3,4,26,1
2,3,44,JLI,50000,44,13200,6.407,5.6,11.4,21.1,22.9,156071.2,4,26,1
2,3,44,JLI,50000,45,13500,7.591,6.9,13.7,16.8,21.7,131729.1,4,26,1
2,3,44,JLI,50000,46,13800,9.841,9.1,19.7,24.0,49.9,101612.2,4,26,1
2,3,44,JLI,50000,47,14100,10.964,9.9,22.2,30.3,89.1,91207.6,4,26,1
2,3,44,JLI,50000,48,14400,11.382,9.7,25.2,30.1,31.2,87858.0,4,26,1
2,3,44,JLI,50000,49,14700,13.047,11.4,27.9,37.3,38.4,76646.0,4,26,1
2,3,44,JLI,50000,50,15000,16.087,13.2,40.2,44.1,57.7,62160.7,4,26,1
2,3,44,SkipList,50000,1,300,5.28,5.0,8.4,10.4,12.4,189381.9,0,0,0
2,3,44,SkipList,50000,2,600,5.14,4.8,8.4,12.7,14.3,194552.5,0,0,0
2,3,44,SkipList,50000,3,900,5.15,4.7,7.9,10.6,62.7,194174.8,0,0,0
2,3,44,SkipList,50000,4,1200,5.266,5.0,8.9,10.7,12.9,189897.5,0,0,0
2,3,44,SkipList,50000,5,1500,5.003,4.9,8.0,10.2,12.9,199866.8,0,0,0
2,3,44,SkipList,50000,6,1800,5.096,4.8,8.1,11.8,21.4,196219.5,0,0,0
2,3,44,SkipList,50000,7,2100,5.88,5.3,9.4,16.7,65.6,170058.4,0,0,0
2,3,44,SkipList,50000,8,2400,5.59,5.3,9.2,11.6,19.1,178880.2,0,0,0
2,3,44,SkipList,50000,9,2700,5.521,5.2,9.1,10.6,11.4,181126.6,0,0,0
2,3,44,SkipList,50000,10,3000,7.173,6.7,12.1,17.0,40.7,139418.2,0,0,0
2,3,44,SkipList,50000,11,3300,5.868,5.4,9.7,12.6,25.7,170406.1,0,0,0
2,3,44,SkipList,50000,12,3600,5.091,4.8,8.5,10.4,10.9,196425.1,0,0,0
2,3,44,SkipList,50000,13,3900,5.168,4.9,8.9,11.3,15.4,193498.5,0,0,0
2,3,44,SkipList,50000,14,4200,4.783,4.7,7.5,10.6,16.4,209088.3,0,0,0
2,3,44,SkipList,50000,15,4500,8.251,5.0,9.0,16.5,897.3,121197.4,0,0,0
2,3,44,SkipList,50000,16,4800,4.844,4.6,8.1,10.4,13.9,206455.1,0,0,0
2,3,44,SkipList,50000,17,5100,4.613,4.3,7.6,8.8,15.4,216763.1,0,0,0
2,3,44,SkipList,50000,18,5400,4.78,4.5,7.1,10.3,58.9,209219.6,0,0,0
2,3,44,SkipList,50000,19,5700,4.562,4.4,7.0,9.1,14.9,219202.2,0,0,0
2,3,44,SkipList,50000,20,6000,4.553,4.4,7.3,9.4,12.4,219635.4,0,0,0
2,3,44,SkipList,50000,21,6300,4.598,4.5,7.2,8.8,16.1,217485.9,0,0,0
2,3,44,SkipList,50000,22,6600,4.584,4.3,6.8,10.4,62.1,218150.1,0,0,0
2,3,44,SkipList,50000,23,6900,4.922,4.5,8.4,14.6,44.0,203155.6,0,0,0
2,3,44,SkipList,50000,24,7200,4.354,4.2,7.2,10.3,13.8,229674.0,0,0,0
2,3,44,SkipList,50000,25,7500,4.441,4.4,6.7,7.8,9.3,225157.7,0,0,0
2,3,44,SkipList,50000,26,7800,4.594,4.3,6.9,9.2,63.9,217659.4,0,0,0
2,3,44,SkipList,50000,27,8100,4.313,4.2,6.6,8.6,12.6,231875.1,0,0,0
2,3,44,SkipList,50000,28,8400,4.336,4.0,7.3,8.6,12.2,230609.5,0,0,0
2,3,44,SkipList,50000,29,8700,4.229,4.1,6.4,9.0,13.5,236443.9,0,0,0
2,3,44,SkipList,50000,30,9000,4.575,4.2,7.0,11.2,56.4,218579.2,0,0,0
2,3,44,SkipList,50000,31,9300,4.311,4.2,6.5,8.1,8.7,231946.7,0,0,0
2,3,44,SkipList,50000,32,9600,4.546,4.3,6.9,10.1,42.2,219989.7,0,0,0
2,3,44,SkipList,50000,33,9900,4.799,4.5,7.8,10.4,16.3,208391.2,0,0,0
2,3,44,SkipList,50000,34,10200,4.772,4.4,7.3,9.5,60.4,209570.4,0,0,0
2,3,44,SkipList,50000,35,10500,4.5,4.4,7.0,7.8,14.1,222222.3,0,0,0
2,3,44,SkipList,50000,36,10800,4.363,4.2,6.9,8.0,13.1,229200.0,0,0,0
2,3,44,SkipList,50000,37,11100,4.239,4.1,6.2,8.1,13.6,235886.1,0,0,0
2,3,44,SkipList,50000,38,11400,4.544,4.2,7.0,9.8,54.0,220070.4,0,0,0
2,3,44,SkipList,50000,39,11700,4.215,4.2,6.5,7.5,12.7,237229.2,0,0,0
2,3,44,SkipList,50000,40,12000,4.29,4.1,6.7,9.2,13.6,233100.2,0,0,0
2,3,44,SkipList,50000,41,12300,4.216,4.1,6.5,7.7,11.1,237191.4,0,0,0
2,3,44,SkipList,50000,42,12600,4.864,4.3,8.0,13.0,60.4,205606.2,0,0,0
2,3,44,SkipList,50000,43,12900,4.339,4.2,6.7,8.1,12.4,230485.5,0,0,0
2,3,44,SkipList,50000,44,13200,4.228,4.0,6.5,8.3,8.8,236537.1,0,0,0
2,3,44,SkipList,50000,45,13500,4.188,4.1,6.4,7.9,8.7,238796.5,0,0,0
2,3,44,SkipList,50000,46,13800,4.256,4.0,6.4,9.3,54.8,234944.0,0,0,0
2,3,44,SkipList,50000,47,14100,4.258,4.1,6.4,8.9,12.3,234833.6,0,0,0
2,3,44,SkipList,50000,48,14400,4.185,4.1,6.5,9.2,10.6,238967.7,0,0,0
2,3,44,SkipList,50000,49,14700,4.238,4.0,6.7,8.5,12.6,235941.8,0,0,0
2,3,44,SkipList,50000,50,15000,4.319,4.0,6.4,7.9,53.9,231552.9,0,0,0
2,3,44,JLI,100000,1,300,38.964,9.7,64.7,79.8,6264.8,25664.9,10,49,1
2,3,44,JLI,100000,2,600,12.464,7.9,37.6,70.0,73.2,80233.2,10,49,1
2,3,44,JLI,100000,3,900,13.513,8.6,32.5,53.9,97.3,74001.0,10,49,1
2,3,44,JLI,100000,4,1200,12.159,8.4,33.0,38.7,38.8,82241.4,10,49,1
2,3,44,JLI,100000,5,1500,9.829,7.8,30.7,41.7,52.1,101743.2,10,49,1
2,3,44,JLI,100000,6,1800,6.89,4.5,15.4,69.9,79.8,145130.9,10,49,1
2,3,44,JLI,100000,7,2100,8.053,6.3,15.8,69.0,71.2,124172.2,10,49,1
2,3,44,JLI,100000,8,2400,9.34,8.2,17.4,23.8,81.3,107066.4,10,49,1
2,3,44,JLI,100000,9,2700,10.248,9.1,20.3,26.5,77.8,97576.8,10,49,1
2,3,44,JLI,100000,10,3000,12.715,12.0,25.0,65.7,78.0,78645.2,10,49,1
2,3,44,JLI,100000,11,3300,26.766,13.6,30.6,52.2,3551.8,37360.8,10,49,1
2,3,44,JLI,100000,12,3600,16.026,14.8,32.8,38.8,77.6,62397.3,10,49,1
2,3,44,JLI,100000,13,3900,16.625,14.7,37.8,44.9,80.3,60150.4,10,49,1
2,3,44,JLI,100000,14,4200,18.152,16.2,42.3,50.6,75.7,55090.3,10,49,1
2,3,44,JLI,100000,15,4500,20.276,18.1,45.1,71.0,82.6,49319.4,10,49,1
2,3,44,JLI,100000,16,4800,21.322,19.2,49.2,73.0,94.8,46900.7,10,49,1
2,3,44,JLI,100000,17,5100,23.752,20.8,55.6,66.3,80.7,42102.3,10,49,1
2,3,44,JLI,100000,18,5400,25.65,21.8,60.4,78.2,81.7,38986.4,10,49,1
2,3,44,JLI,100000,19,5700,26.909,24.1,63.5,79.8,85.0,37161.8,10,49,1
2,3,44,JLI,100000,20,6000,27.76,24.8,69.6,79.9,96.3,36022.6,10,49,1
2,3,44,JLI,100000,21,6300,42.153,13.4,72.9,90.4,5701.8,23723.3,10,50,1
2,3,44,JLI,100000,22,6600,9.541,6.5,28.4,73.4,79.9,104814.4,10,50,1
2,3,44,JLI,100000,23,6900,8.737,6.3,22.9,69.1,75.6,114451.4,10,50,1
2,3,44,JLI,100000,24,7200,7.264,5.0,13.5,74.4,77.1,137658.9,10,50,1
2,3,44,JLI,100000,25,7500,6.538,5.4,13.2,17.2,76.9,152959.8,10,50,1
2,3,44,JLI,100000,26,7800,8.016,6.7,16.8,23.3,76.9,124750.5,10,50,1
2,3,44,JLI,100000,27,8100,9.129,7.6,19.3,23.1,78.1,109537.0,10,50,1
2,3,44,JLI,100000,28,8400,9.392,8.3,20.5,25.7,25.9,106477.4,10,50,1
2,3,44,JLI,100000,29,8700,10.958,9.2,26.4,29.8,94.8,91260.3,10,50,1
2,3,44,JLI,100000,30,9000,11.751,10.1,26.8,33.2,33.8,85101.6,10,50,1
2,3,44,JLI,100000,31,9300,24.358,10.0,26.3,68.8,3692.3,41054.8,10,50,1
2,3,44,JLI,100000,32,9600,12.305,10.5,26.4,36.6,38.5,81265.6,10,50,1
2,3,44,JLI,100000,33,9900,14.531,11.5,37.0,73.4,88.3,68816.8,10,50,1
2,3,44,JLI,100000,34,10200,16.864,14.6,38.3,55.1,94.2,59297.9,10,50,1
2,3,44,JLI,100000,35,10500,14.537,13.0,34.7,44.6,47.4,68791.6,10,50,1
2,3,44,JLI,100000,36,10800,16.27,14.1,41.8,50.0,54.2,61461.6,10,50,1
2,3,44,JLI,100000,37,11100,17.161,13.6,43.0,55.7,84.7,58271.7,10,50,1
2,3,44,JLI,100000,38,11400,18.374,15.4,48.0,59.7,69.0,54424.7,10,50,1
2,3,44,JLI,100000,39,11700,21.304,18.9,52.6,62.3,63.0,46940.3,10,50,1
2,3,44,JLI,100000,40,12000,19.269,16.8,48.0,70.6,83.3,51895.9,10,50,1
2,3,44,JLI,100000,41,12300,34.954,8.2,52.5,77.7,5557.2,28609.3,10,51,1
2,3,44,JLI,100000,42,12600,8.674,6.5,21.0,53.2,103.9,115291.5,10,51,1
2,3,44,JLI,100000,43,12900,8.715,7.1,16.0,53.4,75.9,114740.3,10,51,1
2,3,44,JLI,100000,44,13200,9.224,7.8,20.2,34.7,76.7,108412.8,10,51,1
2,3,44,JLI,100000,45,13500,12.787,6.6,24.3,28.5,1125.9,78206.5,10,51,1
2,3,44,JLI,100000,46,13800,11.327,9.3,24.6,32.9,78.5,88284.6,10,51,1
2,3,44,JLI,100000,47,14100,12.195,8.9,31.9,38.3,43.0,81998.6,10,51,1
2,3,44,JLI,100000,48,14400,12.584,8.5,30.5,42.2,48.5,79463.9,10,51,1
2,3,44,JLI,100000,49,14700,14.649,12.7,37.8,46.0,46.9,68262.5,10,51,1
2,3,44,JLI,100000,50,15000,15.686,12.5,43.2,52.9,54.4,63752.5,10,51,1
2,3,44,SkipList,100000,1,300,4.768,4.6,7.8,8.8,11.7,209716.9,0,0,0
2,3,44,SkipList,100000,2,600,5.955,5.3,10.8,19.6,45.8,167916.7,0,0,0
2,3,44,SkipList,100000,3,900,5.14,4.9,8.6,10.3,13.2,194540.0,0,0,0
2,3,44,SkipList,100000,4,1200,5.413,5.0,8.1,13.5,57.0,184729.0,0,0,0
2,3,44,SkipList,100000,5,1500,4.991,4.8,8.0,8.7,13.3,200360.7,0,0,0
2,3,44,SkipList,100000,6,1800,5.191,5.0,8.0,10.7,14.8,192653.5,0,0,0
2,3,44,SkipList,100000,7,2100,5.011,4.9,7.2,9.5,13.9,199574.3,0,0,0
2,3,44,SkipList,100000,8,2400,4.988,4.6,7.8,12.7,57.8,200467.8,0,0,0
2,3,44,SkipList,100000,9,2700,4.987,5.0,7.6,11.0,11.6,200521.4,0,0,0
2,3,44,SkipList,100000,10,3000,5.641,5.2,9.8,16.9,23.7,177284.0,0,0,0
2,3,44,SkipList,100000,11,3300,5.165,4.9,8.8,11.5,13.8,193610.8,0,0,0
2,3,44,SkipList,100000,12,3600,5.189,4.8,7.8,9.6,59.6,192727.8,0,0,0
2,3,44,SkipList,100000,13,3900,4.999,4.9,7.7,10.7,13.7,200053.4,0,0,0
2,3,44,SkipList,100000,14,4200,4.904,4.5,7.9,9.7,14.3,203929.0,0,0,0
2,3,44,SkipList,100000,15,4500,4.763,4.6,7.5,8.8,11.2,209937.1,0,0,0
2,3,44,SkipList,100000,16,4800,4.864,4.6,7.3,9.5,58.1,205606.2,0,0,0
2,3,44,SkipList,100000,17,5100,4.834,4.6,8.2,11.1,15.2,206882.3,0,0,0
2,3,44,SkipList,100000,18,5400,5.494,5.0,9.2,14.4,45.6,182027.8,0,0,0
2,3,44,SkipList,100000,19,5700,5.088,4.7,8.0,9.7,57.5,196528.0,0,0,0
2,3,44,SkipList,100000,20,6000,5.064,4.8,8.1,11.3,12.2,197459.4,0,0,0
2,3,44,SkipList,100000,21,6300,4.676,4.5,7.1,9.1,18.1,213858.1,0,0,0
2,3,44,SkipList,100000,22,6600,4.908,4.7,7.5,10.0,11.5,203762.8,0,0,0
2,3,44,SkipList,100000,23,6900,7.371,4.7,8.3,11.1,732.2,135666.8,0,0,0
2,3,44,SkipList,100000,24,7200,4.918,4.7,7.4,9.7,22.2,203334.8,0,0,0
2,3,44,SkipList,100000,25,7500,4.913,4.7,7.8,10.7,12.0,203541.6,0,0,0
2,3,44,SkipList,100000,26,7800,5.303,4.8,8.6,14.8,45.6,188560.6,0,0,0
2,3,44,SkipList,100000,27,8100,5.196,4.7,8.1,10.7,64.9,192468.1,0,0,0
2,3,44,SkipList,100000,28,8400,4.876,4.7,7.8,10.0,18.7,205072.1,0,0,0
2,3,44,SkipList,100000,29,8700,4.788,4.6,7.8,10.3,13.7,208855.4,0,0,0
2,3,44,SkipList,100000,30,9000,4.816,4.6,7.5,9.7,12.0,207655.5,0,0,0
2,3,44,SkipList,100000,31,9300,5.109,4.8,7.8,9.6,54.1,195733.0,0,0,0
2,3,44,SkipList,100000,32,9600,4.95,4.8,7.5,9.4,15.7,202020.2,0,0,0
2,3,44,SkipList,100000,33,9900,4.839,4.6,7.8,9.3,10.8,206640.0,0,0,0
2,3,44,SkipList,100000,34,10200,4.81,4.7,7.9,9.0,11.5,207885.8,0,0,0
2,3,44,SkipList,100000,35,10500,5.972,5.3,10.2,17.0,69.7,167438.8,0,0,0
2,3,44,SkipList,100000,36,10800,7.028,6.8,11.8,15.8,17.1,142288.0,0,0,0
2,3,44,SkipList,100000,37,11100,7.672,7.3,11.7,15.1,28.0,130349.8,0,0,0
2,3,44,SkipList,100000,38,11400,8.624,8.3,13.5,18.3,27.8,115955.5,0,0,0
2,3,44,SkipList,100000,39,11700,8.617,8.0,13.1,19.4,118.3,116045.2,0,0,0
2,3,44,SkipList,100000,40,12000,5.917,5.6,9.5,13.1,20.4,168995.0,0,0,0
2,3,44,SkipList,100000,41,12300,6.277,5.8,10.0,16.8,56.2,159320.2,0,0,0
2,3,44,SkipList,100000,42,12600,5.595,5.4,8.8,11.2,14.7,178731.0,0,0,0
2,3,44,SkipList,100000,43,12900,5.738,5.3,9.4,13.6,64.5,174276.8,0,0,0
2,3,44,SkipList,100000,44,13200,5.265,5.1,8.4,10.0,16.1,189921.5,0,0,0
2,3,44,SkipList,100000,45,13500,5.293,5.0,8.3,11.0,14.9,188928.8,0,0,0
2,3,44,SkipList,100000,46,13800,5.217,4.9,8.7,11.0,16.5,191693.3,0,0,0
2,3,44,SkipList,100000,47,14100,5.388,4.9,8.4,9.5,63.6,185586.2,0,0,0
2,3,44,SkipList,100000,48,14400,5.032,4.8,8.0,10.1,12.0,198728.1,0,0,0
2,3,44,SkipList,100000,49,14700,5.419,5.2,8.3,13.3,15.4,184524.6,0,0,0
2,3,44,SkipList,100000,50,15000,5.244,5.0,8.2,10.0,11.5,190694.1,0,0,0
2,3,44,JLI,200000,1,300,54.933,9.2,61.9,103.7,11365.8,18203.9,23,99,1
2,3,44,JLI,200000,2,600,10.708,6.1,38.3,58.5,98.3,93385.2,23,99,1
2,3,44,JLI,200000,3,900,11.262,7.5,35.0,57.5,103.9,88791.5,23,99,1
2,3,44,JLI,200000,4,1200,11.207,8.7,33.7,59.6,72.2,89232.6,23,99,1
2,3,44,JLI,200000,5,1500,12.405,9.9,33.0,49.8,99.5,80612.7,23,99,1
2,3,44,JLI,200000,6,1800,14.01,11.4,28.0,100.4,128.8,71377.6,23,99,1
2,3,44,JLI,200000,7,2100,13.881,11.3,33.0,58.8,94.4,72039.2,23,99,1
2,3,44,JLI,200000,8,2400,14.718,11.9,36.9,55.4,59.9,67942.5,23,99,1
2,3,44,JLI,200000,9,2700,16.85,12.7,41.2,68.1,105.8,59348.4,23,99,1
2,3,44,JLI,200000,10,3000,43.438,14.4,43.2,75.3,7594.0,23021.1,23,99,1
2,3,44,JLI,200000,11,3300,17.266,13.3,42.3,56.8,81.4,57916.2,23,99,1
2,3,44,JLI,200000,12,3600,17.805,13.6,44.2,58.6,116.4,56164.0,23,99,1
2,3,44,JLI,200000,13,3900,19.903,14.4,51.1,67.6,73.7,50243.7,23,99,1
2,3,44,JLI,200000,14,4200,19.112,14.9,45.8,59.6,82.2,52324.1,23,99,1
2,3,44,JLI,200000,15,4500,19.346,14.3,48.7,63.3,66.0,51689.4,23,99,1
2,3,44,JLI,200000,16,4800,22.124,16.3,57.7,86.8,92.5,45200.5,23,99,1
2,3,44,JLI,200000,17,5100,22.873,18.2,54.1,71.7,85.7,43719.7,23,99,1
2,3,44,JLI,200000,18,5400,22.671,15.6,56.5,74.2,78.2,44108.6,23,99,1
2,3,44,JLI,200000,19,5700,22.734,15.9,62.1,80.8,83.1,43987.6,23,99,1
2,3,44,JLI,200000,20,6000,68.254,12.4,72.5,105.6,14002.8,14651.1,23,100,1
2,3,44,JLI,200000,21,6300,13.54,7.3,45.4,74.3,106.2,73853.4,23,100,1
2,3,44,JLI,200000,22,6600,14.517,8.1,45.8,81.1,103.6,68886.3,23,100,1
2,3,44,JLI,200000,23,6900,13.282,8.0,47.3,58.2,72.8,75291.8,23,100,1
2,3,44,JLI,200000,24,7200,13.497,8.4,40.2,63.5,66.5,74090.5,23,100,1
2,3,44,JLI,200000,25,7500,14.517,9.0,45.0,62.0,69.0,68886.3,23,100,1
2,3,44,JLI,200000,26,7800,20.129,9.2,47.5,63.2,1620.4,49678.7,23,100,1
2,3,44,JLI,200000,27,8100,13.473,8.7,42.9,59.7,108.2,74220.7,23,100,1
2,3,44,JLI,200000,28,8400,14.606,9.3,41.7,58.5,73.6,68465.0,23,100,1
2,3,44,JLI,200000,29,8700,10.342,7.3,31.8,53.9,55.7,96696.2,23,100,1
2,3,44,JLI,200000,30,9000,38.074,7.8,30.2,63.3,8079.0,26264.9,23,100,1
2,3,44,JLI,200000,31,9300,11.932,8.0,35.8,55.5,58.2,83805.9,23,100,1
2,3,44,JLI,200000,32,9600,12.475,8.7,37.0,61.8,77.2,80160.3,23,100,1
2,3,44,JLI,200000,33,9900,13.071,9.8,33.8,58.2,110.6,76503.3,23,100,1
2,3,44,JLI,200000,34,10200,12.902,10.1,32.6,56.1,72.1,77505.4,23,100,1
2,3,44,JLI,200000,35,10500,12.939,10.8,32.7,48.4,77.7,77283.7,23,100,1
2,3,44,JLI,200000,36,10800,11.586,8.7,33.3,52.0,59.7,86311.1,23,100,1
2,3,44,JLI,200000,37,11100,8.684,5.4,22.8,36.4,116.1,115158.7,23,100,1
2,3,44,JLI,200000,38,11400,10.498,7.1,31.2,69.1,122.4,95259.3,23,100,1
2,3,44,JLI,200000,39,11700,9.885,7.4,27.5,41.3,42.6,101160.0,23,100,1
2,3,44,JLI,200000,40,12000,60.526,9.4,60.7,109.4,12968.1,16521.9,23,101,1
2,3,44,JLI,200000,41,12300,21.942,12.7,59.3,71.0,106.1,45574.7,23,101,1
2,3,44,JLI,200000,42,12600,12.91,7.9,39.8,63.8,153.2,77461.3,23,101,1
2,3,44,JLI,200000,43,12900,13.623,8.7,41.5,56.3,69.7,73403.5,23,101,1
2,3,44,JLI,200000,44,13200,12.666,8.8,36.7,55.3,66.0,78953.6,23,101,1
2,3,44,JLI,200000,45,13500,15.024,10.6,45.0,59.9,79.0,66561.6,23,101,1
2,3,44,JLI,200000,46,13800,12.542,10.3,35.0,57.0,72.4,79730.0,23,101,1
2,3,44,JLI,200000,47,14100,13.484,10.6,37.7,52.1,111.9,74163.8,23,101,1
2,3,44,JLI,200000,48,14400,14.111,11.3,43.9,51.5,70.8,70866.7,23,101,1
2,3,44,JLI,200000,49,14700,15.319,12.5,38.9,72.8,95.8,65277.0,23,101,1
2,3,44,JLI,200000,50,15000,40.943,11.4,37.4,55.2,8055.7,24424.2,23,101,1
2,3,44,SkipList,200000,1,300,6.153,5.9,10.3,12.3,12.7,162531.2,0,0,0
2,3,44,SkipList,200000,2,600,6.236,5.8,9.5,14.1,58.7,160359.2,0,0,0
2,3,44,SkipList,200000,3,900,6.101,5.9,9.5,12.4,14.0,163898.6,0,0,0
2,3,44,SkipList,200000,4,1200,7.066,6.4,11.9,21.1,23.9,141516.1,0,0,0
2,3,44,SkipList,200000,5,1500,6.286,6.1,9.8,11.9,20.4,159083.6,0,0,0
2,3,44,SkipList,200000,6,1800,6.642,6.2,10.4,12.9,66.5,150557.1,0,0,0
2,3,44,SkipList,200000,7,2100,6.172,6.0,9.7,13.5,14.7,162022.0,0,0,0
2,3,44,SkipList,200000,8,2400,6.015,5.9,9.9,11.5,14.0,166241.8,0,0,0
2,3,44,SkipList,200000,9,2700,5.92,5.7,9.5,11.2,14.4,168918.9,0,0,0
2,3,44,SkipList,200000,10,3000,6.169,5.8,9.9,13.4,65.6,162092.1,0,0,0
2,3,44,SkipList,200000,11,3300,6.821,6.3,12.1,19.9,44.3,146606.1,0,0,0
2,3,44,SkipList,200000,12,3600,6.321,6.1,10.3,13.1,15.1,158194.5,0,0,0
2,3,44,SkipList,200000,13,3900,6.053,5.8,9.2,11.3,18.8,165207.3,0,0,0
2,3,44,SkipList,200000,14,4200,6.391,5.9,10.2,14.9,71.5,156461.9,0,0,0
2,3,44,SkipList,200000,15,4500,6.326,6.0,10.7,13.1,15.2,158077.8,0,0,0
2,3,44,SkipList,200000,16,4800,6.095,5.8,9.5,13.4,15.9,164059.9,0,0,0
2,3,44,SkipList,200000,17,5100,6.343,5.9,9.8,12.0,66.5,157645.8,0,0,0
2,3,44,SkipList,200000,18,5400,6.885,6.0,11.5,20.8,71.7,145236.2,0,0,0
2,3,44,SkipList,200000,19,5700,6.297,6.1,9.9,11.8,17.2,158797.4,0,0,0
2,3,44,SkipList,200000,20,6000,6.3,6.1,10.3,12.0,16.6,158730.1,0,0,0
2,3,44,SkipList,200000,21,6300,6.547,6.1,9.9,14.1,68.1,152741.7,0,0,0
2,3,44,SkipList,200000,22,6600,6.21,6.0,9.3,13.3,19.3,161030.6,0,0,0
2,3,44,SkipList,200000,23,6900,6.142,5.9,9.8,11.9,13.5,162804.6,0,0,0
2,3,44,SkipList,200000,24,7200,5.998,5.8,9.0,12.8,16.2,166731.5,0,0,0
2,3,44,SkipList,200000,25,7500,10.703,6.4,10.5,16.8,1159.1,93431.7,0,0,0
2,3,44,SkipList,200000,26,7800,6.357,6.0,9.9,13.8,24.9,157315.1,0,0,0
2,3,44,SkipList,200000,27,8100,6.157,5.8,10.0,12.3,18.6,162425.5,0,0,0
2,3,44,SkipList,200000,28,8400,6.289,6.1,9.9,11.3,11.9,159007.8,0,0,0
2,3,44,SkipList,200000,29,8700,6.432,6.0,9.5,15.6,64.9,155480.7,0,0,0
2,3,44,SkipList,200000,30,9000,6.206,5.9,10.5,11.9,13.4,161125.8,0,0,0
2,3,44,SkipList,200000,31,9300,6.159,5.8,9.6,13.7,16.8,162372.9,0,0,0
2,3,44,SkipList,200000,32,9600,6.81,6.3,11.4,19.0,29.4,146842.9,0,0,0
2,3,44,SkipList,200000,33,9900,6.293,5.9,9.9,13.2,68.7,158915.2,0,0,0
2,3,44,SkipList,200000,34,10200,6.15,5.9,9.4,11.8,14.0,162610.4,0,0,0
2,3,44,SkipList,200000,35,10500,6.264,5.8,9.5,12.7,18.5,159650.9,0,0,0
2,3,44,SkipList,200000,36,10800,6.063,5.9,9.4,12.4,13.0,164934.9,0,0,0
2,3,44,SkipList,200000,37,11100,6.425,6.0,10.4,12.9,65.0,155642.0,0,0,0
2,3,44,SkipList,200000,38,11400,6.392,5.8,10.0,15.8,58.1,156445.6,0,0,0
2,3,44,SkipList,200000,39,11700,6.394,6.1,9.9,12.2,15.5,156396.6,0,0,0
2,3,44,SkipList,200000,40,12000,6.402,6.3,10.2,14.4,18.9,156209.3,0,0,0
2,3,44,SkipList,200000,41,12300,6.425,6.1,10.1,13.9,69.5,155650.1,0,0,0
2,3,44,SkipList,200000,42,12600,6.092,5.8,9.7,11.9,17.6,164149.7,0,0,0
2,3,44,SkipList,200000,43,12900,6.354,6.0,9.9,13.8,16.9,157381.2,0,0,0
2,3,44,SkipList,200000,44,13200,6.048,5.9,9.4,12.0,16.0,165334.8,0,0,0
2,3,44,SkipList,200000,45,13500,6.838,6.0,11.7,17.5,69.8,146248.7,0,0,0
2,3,44,SkipList,200000,46,13800,6.214,5.8,10.2,12.4,16.5,160918.3,0,0,0
2,3,44,SkipList,200000,47,14100,6.122,5.8,9.7,13.3,16.2,163345.4,0,0,0
2,3,44,SkipList,200000,48,14400,5.989,5.7,10.2,13.2,14.0,166963.5,0,0,0
2,3,44,SkipList,200000,49,14700,6.451,5.9,10.0,14.3,67.1,155014.7,0,0,0
2,3,44,SkipList,200000,50,15000,6.22,6.2,9.6,12.3,16.0,160780.3,0,0,0
2,4,45,JLI,5000,1,300,12.258,10.1,28.3,41.5,298.6,81577.2,0,1,1
2,4,45,JLI,5000,2,600,4.728,4.3,7.5,9.1,30.8,211506.0,0,1,1
2,4,45,JLI,5000,3,900,6.952,6.3,12.7,17.0,27.4,143836.6,0,1,1
2,4,45,JLI,5000,4,1200,9.338,8.1,19.7,24.8,26.9,107085.5,0,1,1
2,4,45,JLI,5000,5,1500,11.783,10.8,25.7,29.7,30.9,84868.0,0,1,1
2,4,45,JLI,5000,6,1800,14.801,13.9,32.4,44.2,81.6,67563.0,0,1,1
2,4,45,JLI,5000,7,2100,15.144,13.9,36.5,41.2,43.1,66032.8,0,1,1
2,4,45,JLI,5000,8,2400,16.324,14.7,41.6,51.6,56.6,61258.2,0,1,1
2,4,45,JLI,5000,9,2700,20.599,17.8,51.2,58.8,63.5,48545.3,0,1,1
2,4,45,JLI,5000,10,3000,23.762,18.9,53.0,62.4,858.4,42084.0,0,2,1
2,4,45,JLI,5000,11,3300,6.04,4.4,12.5,27.1,35.5,165553.8,0,2,1
2,4,45,JLI,5000,12,3600,5.6,5.2,9.5,10.8,12.4,178582.1,0,2,1
2,4,45,JLI,5000,13,3900,6.689,5.9,12.6,21.0,24.3,149491.7,0,2,1
2,4,45,JLI,5000,14,4200,5.337,4.8,9.9,11.3,14.4,187382.8,0,2,1
2,4,45,JLI,5000,15,4500,6.752,6.2,11.2,13.4,63.1,148097.0,0,2,1
2,4,45,JLI,5000,16,4800,7.607,7.2,13.1,16.6,17.9,131452.1,0,2,1
2,4,45,JLI,5000,17,5100,8.844,7.9,18.3,22.3,22.6,113075.3,0,2,1
2,4,45,JLI,5000,18,5400,9.83,8.8,21.3,25.5,26.2,101729.4,0,2,1
2,4,45,JLI,5000,19,5700,13.065,11.6,27.7,33.8,46.4,76542.3,0,2,1
2,4,45,JLI,5000,20,6000,14.009,11.0,31.2,35.7,402.9,71384.4,0,2,1
2,4,45,JLI,5000,21,6300,14.449,12.0,34.9,39.4,40.8,69210.5,0,2,1
2,4,45,JLI,5000,22,6600,17.116,12.7,40.3,46.5,532.7,58423.7,0,2,1
2,4,45,JLI,5000,23,6900,17.403,14.8,43.5,49.3,53.5,57460.3,0,2,1
2,4,45,JLI,5000,24,7200,17.514,13.9,39.7,53.3,57.8,57098.3,0,2,1
2,4,45,JLI,5000,25,7500,18.727,14.1,46.2,61.0,64.2,53399.8,0,2,1
2,4,45,JLI,5000,26,7800,22.067,18.4,58.8,65.5,70.8,45317.2,0,2,1
2,4,45,JLI,5000,27,8100,22.619,17.4,58.7,72.7,132.5,44210.6,0,2,1
2,4,45,JLI,5000,28,8400,21.963,16.8,56.2,75.8,79.5,45531.8,0,2,1
2,4,45,JLI,5000,29,8700,22.695,15.9,65.2,79.0,133.3,44061.9,0,2,1
2,4,45,JLI,5000,30,9000,18.819,10.9,47.2,78.0,630.1,53136.8,0,3,1
2,4,45,JLI,5000,31,9300,9.359,6.9,23.4,28.3,36.1,106852.8,0,3,1
2,4,45,JLI,5000,32,9600,5.577,4.7,10.5,17.6,33.0,179307.9,0,3,1
2,4,45,JLI,5000,33,9900,6.686,6.0,11.0,15.3,32.4,149573.7,0,3,1
2,4,45,JLI,5000,34,10200,8.14,7.2,15.2,34.7,52.3,122850.2,0,3,1
2,4,45,JLI,5000,35,10500,9.122,8.2,17.7,23.5,26.5,109629.1,0,3,1
2,4,45,JLI,5000,36,10800,8.657,7.9,18.1,25.3,27.1,115513.5,0,3,1
2,4,45,JLI,5000,37,11100,5.633,4.8,11.0,13.6,31.9,177514.8,0,3,1
2,4,45,JLI,5000,38,11400,7.067,6.6,11.6,15.9,16.5,141502.8,0,3,1
2,4,45,JLI,5000,39,11700,8.318,8.0,15.1,19.9,21.0,120216.4,0,3,1
2,4,45,JLI,5000,40,12000,12.308,9.9,22.8,56.6,376.1,81248.0,0,3,1
2,4,45,JLI,5000,41,12300,11.896,11.3,24.1,30.2,35.4,84061.9,0,3,1
2,4,45,JLI,5000,42,12600,13.149,11.9,28.7,36.6,38.1,76051.4,0,3,1
2,4,45,JLI,5000,43,12900,15.215,13.4,35.0,42.1,71.4,65724.6,0,3,1
2,4,45,JLI,5000,44,13200,16.635,14.2,39.2,49.6,65.2,60113.0,0,3,1
2,4,45,JLI,5000,45,13500,17.121,14.2,41.4,48.7,52.3,58408.9,0,3,1
2,4,45,JLI,5000,46,13800,20.302,17.3,49.0,56.1,124.9,49257.0,0,3,1
2,4,45,JLI,5000,47,14100,20.183,17.5,49.4,59.5,62.9,49545.8,0,3,1
2,4,45,JLI,5000,48,14400,20.657,18.0,44.5,64.2,73.1,48409.7,0,3,1
2,4,45,JLI,5000,49,14700,23.309,20.5,56.8,75.1,86.9,42902.5,0,3,1
2,4,45,JLI,5000,50,15000,22.553,14.5,56.3,73.5,996.4,44339.3,0,4,1
2,4,45,SkipList,5000,1,300,2.637,2.6,4.2,5.2,6.3,379218.9,0,0,0
2,4,45,SkipList,5000,2,600,2.8,2.7,4.4,5.2,7.0,357100.5,0,0,0
2,4,45,SkipList,5000,3,900,2.829,2.8,4.4,5.3,6.0,353440.3,0,0,0
2,4,45,SkipList,5000,4,1200,2.751,2.7,4.2,4.8,6.8,363460.1,0,0,0
2,4,45,SkipList,5000,5,1500,2.779,2.7,4.2,5.6,10.2,359798.4,0,0,0
2,4,45,SkipList,5000,6,1800,2.768,2.7,4.1,5.2,5.5,361271.7,0,0,0
2,4,45,SkipList,5000,7,2100,3.061,2.9,4.4,5.1,50.2,326655.0,0,0,0
2,4,45,SkipList,5000,8,2400,2.818,2.7,4.4,5.6,10.2,354819.7,0,0,0
2,4,45,SkipList,5000,9,2700,3.013,2.8,5.0,9.8,10.4,331895.1,0,0,0
2,4,45,SkipList,5000,10,3000,2.845,2.7,4.8,5.8,14.9,351535.0,0,0,0
2,4,45,SkipList,5000,11,3300,3.105,2.9,4.6,7.2,50.7,322026.8,0,0,0
2,4,45,SkipList,5000,12,3600,2.849,2.8,4.4,4.9,5.1,350959.2,0,0,0
2,4,45,SkipList,5000,13,3900,2.829,2.7,4.4,5.1,11.5,353523.7,0,0,0
2,4,45,SkipList,5000,14,4200,2.895,2.8,4.4,5.3,6.0,345463.0,0,0,0
2,4,45,SkipList,5000,15,4500,3.056,2.8,4.4,5.2,45.4,327189.5,0,0,0
2,4,45,SkipList,5000,16,4800,2.815,2.8,4.1,5.3,10.8,355281.8,0,0,0
2,4,45,SkipList,5000,17,5100,2.832,2.7,4.3,5.3,9.6,353065.6,0,0,0
2,4,45,SkipList,5000,18,5400,2.849,2.7,4.4,5.4,9.9,350959.4,0,0,0
2,4,45,SkipList,5000,19,5700,2.786,2.7,4.4,5.2,5.6,358980.5,0,0,0
2,4,45,SkipList,5000,20,6000,2.86,2.8,4.3,5.2,10.5,349691.1,0,0,0
2,4,45,SkipList,5000,21,6300,2.754,2.6,4.3,5.1,5.4,363064.3,0,0,0
2,4,45,SkipList,5000,22,6600,3.142,2.9,5.3,7.1,28.5,318268.6,0,0,0
2,4,45,SkipList,5000,23,6900,2.891,2.8,4.6,5.5,12.3,345940.6,0,0,0
2,4,45,SkipList,5000,24,7200,2.834,2.8,4.3,4.9,6.4,352899.8,0,0,0
2,4,45,SkipList,5000,25,7500,2.824,2.8,4.3,5.3,10.7,354107.7,0,0,0
2,4,45,SkipList,5000,26,7800,2.71,2.6,4.3,4.7,6.4,369003.7,0,0,0
2,4,45,SkipList,5000,27,8100,5.551,2.7,4.5,6.5,811.3,180147.8,0,0,0
2,4,45,SkipList,5000,28,8400,2.829,2.7,4.5,5.4,6.7,353440.2,0,0,0
2,4,45,SkipList,5000,29,8700,2.792,2.7,4.3,4.9,5.6,358166.3,0,0,0
2,4,45,SkipList,5000,30,9000,2.787,2.8,4.3,5.1,5.2,358765.8,0,0,0
2,4,45,SkipList,5000,31,9300,3.028,2.9,4.2,6.1,47.2,330287.4,0,0,0
2,4,45,SkipList,5000,32,9600,2.76,2.7,4.3,5.0,5.4,362362.8,0,0,0
2,4,45,SkipList,5000,33,9900,2.783,2.8,4.3,5.0,9.4,359367.5,0,0,0
2,4,45,SkipList,5000,34,10200,2.747,2.7,4.2,4.7,5.4,363989.4,0,0,0
2,4,45,SkipList,5000,35,10500,3.206,2.9,6.3,11.4,14.0,311915.0,0,0,0
2,4,45,SkipList,5000,36,10800,3.06,2.8,4.5,5.4,53.5,326797.4,0,0,0
2,4,45,SkipList,5000,37,11100,2.763,2.7,4.1,5.0,7.4,361969.3,0,0,0
2,4,45,SkipList,5000,38,11400,2.871,2.8,4.5,5.3,11.6,348270.3,0,0,0
2,4,45,SkipList,5000,39,11700,2.934,2.9,4.6,5.9,8.3,340792.8,0,0,0
2,4,45,SkipList,5000,40,12000,2.966,2.7,4.5,5.4,44.2,337154.5,0,0,0
2,4,45,SkipList,5000,41,12300,2.852,2.8,4.2,4.7,11.3,350590.3,0,0,0
2,4,45,SkipList,5000,42,12600,2.833,2.7,4.5,5.2,5.7,352941.3,0,0,0
2,4,45,SkipList,5000,43,12900,2.851,2.8,4.5,5.1,9.5,350753.8,0,0,0
2,4,45,SkipList,5000,44,13200,2.88,2.9,4.3,5.2,9.7,347262.5,0,0,0
2,4,45,SkipList,5000,45,13500,2.899,2.8,4.4,5.1,5.2,344906.6,0,0,0
2,4,45,SkipList,5000,46,13800,2.786,2.7,4.5,5.1,5.2,358937.5,0,0,0
2,4,45,SkipList,5000,47,14100,2.819,2.8,4.5,5.1,5.3,354735.7,0,0,0
2,4,45,SkipList,5000,48,14400,3.711,3.1,6.1,16.3,55.4,269445.0,0,0,0
2,4,45,SkipList,5000,49,14700,2.995,2.9,4.6,5.5,14.5,333926.9,0,0,0
2,4,45,SkipList,5000,50,15000,2.889,2.8,4.6,5.1,5.4,346140.5,0,0,0
2,4,45,JLI,10000,1,300,10.384,6.9,12.5,15.9,953.7,96305.1,0,4,1
2,4,45,JLI,10000,2,600,7.902,7.6,14.1,18.2,18.9,126544.9,0,4,1
2,4,45,JLI,10000,3,900,10.012,9.6,18.9,23.2,24.9,99880.1,0,4,1
2,4,45,JLI,10000,4,1200,10.685,9.5,24.8,31.5,59.6,93589.1,0,4,1
2,4,45,JLI,10000,5,1500,12.05,10.4,27.5,32.3,35.2,82989.8,0,4,1
2,4,45,JLI,10000,6,1800,16.179,11.1,31.6,39.7,880.1,61807.3,0,4,1
2,4,45,JLI,10000,7,2100,14.358,11.8,34.1,44.4,47.7,69647.6,0,4,1
2,4,45,JLI,10000,8,2400,17.31,14.0,42.6,53.7,75.6,57769.0,0,4,1
2,4,45,JLI,10000,9,2700,17.572,12.5,47.9,55.1,55.6,56909.8,0,4,1
2,4,45,JLI,10000,10,3000,18.917,15.9,47.9,58.6,128.9,52861.6,0,4,1
2,4,45,JLI,10000,11,3300,19.584,13.2,50.8,63.8,516.6,51062.1,0,4,1
2,4,45,JLI,10000,12,3600,20.328,14.6,58.4,66.3,66.7,49193.2,0,4,1
2,4,45,JLI,10000,13,3900,20.679,14.1,58.1,68.3,72.6,48358.2,0,4,1
2,4,45,JLI,10000,14,4200,22.254,15.3,60.5,74.3,82.8,44935.1,0,4,1
2,4,45,JLI,10000,15,4500,25.17,18.5,70.9,87.2,118.0,39730.4,0,4,1
2,4,45,JLI,10000,16,4800,21.624,14.3,55.6,84.4,94.3,46245.6,0,4,1
2,4,45,JLI,10000,17,5100,25.142,16.1,77.5,91.7,104.4,39774.6,0,4,1
2,4,45,JLI,10000,18,5400,26.803,19.6,77.4,95.9,100.0,37309.3,0,4,1
2,4,45,JLI,10000,19,5700,28.507,18.5,83.8,103.1,150.8,35078.7,0,4,1
2,4,45,JLI,10000,20,6000,29.305,19.9,87.2,101.4,101.5,34123.9,0,4,1
2,4,45,JLI,10000,21,6300,26.204,11.3,74.0,134.5,1278.5,38161.6,0,5,1
2,4,45,JLI,10000,22,6600,9.18,8.4,16.2,21.4,37.3,108928.5,0,5,1
2,4,45,JLI,10000,23,6900,8.756,7.8,15.6,26.4,37.8,114207.4,0,5,1
2,4,45,JLI,10000,24,7200,8.985,7.9,16.0,23.1,39.3,111292.5,0,5,1
2,4,45,JLI,10000,25,7500,8.129,7.9,15.8,17.6,25.8,123021.4,0,5,1
2,4,45,JLI,10000,26,7800,6.709,5.5,13.4,17.0,21.3,149060.9,0,5,1
2,4,45,JLI,10000,27,8100,8.205,7.2,15.7,26.4,37.4,121876.9,0,5,1
2,4,45,JLI,10000,28,8400,8.876,8.0,15.9,36.7,75.2,112659.1,0,5,1
2,4,45,JLI,10000,29,8700,9.526,9.5,17.8,19.6,24.2,104975.9,0,5,1
2,4,45,JLI,10000,30,9000,12.036,10.6,24.3,45.8,63.9,83086.4,0,5,1
2,4,45,JLI,10000,31,9300,13.155,10.9,20.9,27.2,603.7,76016.7,0,5,1
2,4,45,JLI,10000,32,9600,7.679,4.9,18.5,31.3,34.4,130225.3,0,5,1
2,4,45,JLI,10000,33,9900,7.843,6.2,16.9,25.2,33.9,127496.8,0,5,1
2,4,45,JLI,10000,34,10200,9.087,7.9,16.8,32.6,40.2,110047.3,0,5,1
2,4,45,JLI,10000,35,10500,11.249,10.0,22.8,35.3,39.1,88894.2,0,5,1
2,4,45,JLI,10000,36,10800,11.793,10.9,23.6,27.6,36.4,84793.7,0,5,1
2,4,45,JLI,10000,37,11100,13.05,12.7,27.6,31.0,33.9,76628.4,0,5,1
2,4,45,JLI,10000,38,11400,14.603,13.2,32.7,38.9,88.9,68477.5,0,5,1
2,4,45,JLI,10000,39,11700,14.864,13.5,33.1,38.8,76.1,67275.1,0,5,1
2,4,45,JLI,10000,40,12000,16.456,15.6,37.8,43.1,47.0,60768.1,0,5,1
2,4,45,JLI,10000,41,12300,20.404,12.4,40.2,47.4,1568.6,49009.2,0,6,1
2,4,45,JLI,10000,42,12600,9.155,9.0,16.1,19.7,43.9,109226.0,0,6,1
2,4,45,JLI,10000,43,12900,6.65,4.4,18.0,19.7,41.3,150383.5,0,6,1
2,4,45,JLI,10000,44,13200,6.212,4.5,19.1,35.6,38.0,160970.1,0,6,1
2,4,45,JLI,10000,45,13500,8.187,6.4,19.0,38.0,39.5,122139.9,0,6,1
2,4,45,JLI,10000,46,13800,9.541,8.3,19.4,39.7,42.2,104814.5,0,6,1
2,4,45,JLI,10000,47,14100,12.255,10.6,25.0,47.5,107.1,81597.1,0,6,1
2,4,45,JLI,10000,48,14400,13.17,11.9,29.5,37.5,44.7,75932.1,0,6,1
2,4,45,JLI,10000,49,14700,14.674,12.6,33.9,42.9,44.4,68149.3,0,6,1
2,4,45,JLI,10000,50,15000,18.343,16.2,43.4,54.3,86.9,54516.7,0,6,1
2,4,45,SkipList,10000,1,300,3.046,2.9,4.7,5.9,10.7,328335.3,0,0,0
2,4,45,SkipList,10000,2,600,3.119,3.1,4.7,6.0,6.6,320649.8,0,0,0
2,4,45,SkipList,10000,3,900,3.224,3.0,4.8,6.9,42.5,310173.8,0,0,0
2,4,45,SkipList,10000,4,1200,3.262,3.2,4.7,6.8,11.0,306560.3,0,0,0
2,4,45,SkipList,10000,5,1500,3.02,2.9,4.5,5.9,6.6,331089.3,0,0,0
2,4,45,SkipList,10000,6,1800,3.022,2.9,4.6,5.7,9.9,330906.7,0,0,0
2,4,45,SkipList,10000,7,2100,3.198,2.9,4.7,6.1,45.5,312695.4,0,0,0
2,4,45,SkipList,10000,8,2400,2.983,2.9,4.8,5.7,11.5,335233.1,0,0,0
2,4,45,SkipList,10000,9,2700,2.982,2.9,4.4,5.4,6.2,335307.9,0,0,0
2,4,45,SkipList,10000,10,3000,3.446,3.1,6.4,12.3,14.6,290191.5,0,0,0
2,4,45,SkipList,10000,11,3300,3.309,3.0,5.0,7.5,47.1,302206.1,0,0,0
2,4,45,SkipList,10000,12,3600,3.058,2.9,4.7,6.6,9.6,327011.1,0,0,0
2,4,45,SkipList,10000,13,3900,3.042,2.9,4.8,6.3,6.7,328731.3,0,0,0
2,4,45,SkipList,10000,14,4200,3.006,2.9,4.6,5.7,11.5,332668.1,0,0,0
2,4,45,SkipList,10000,15,4500,5.26,2.9,4.8,5.9,664.4,190126.1,0,0,0
2,4,45,SkipList,10000,16,4800,3.024,3.0,4.4,5.2,6.6,330651.4,0,0,0
2,4,45,SkipList,10000,17,5100,3.0,2.9,4.7,5.5,5.6,333296.0,0,0,0
2,4,45,SkipList,10000,18,5400,3.027,2.9,4.6,6.0,9.0,330360.2,0,0,0
2,4,45,SkipList,10000,19,5700,3.068,2.8,4.4,5.5,41.1,325980.7,0,0,0
2,4,45,SkipList,10000,20,6000,3.043,2.9,4.8,5.7,11.5,328587.0,0,0,0
2,4,45,SkipList,10000,21,6300,3.106,3.0,4.8,5.5,5.9,321957.3,0,0,0
2,4,45,SkipList,10000,22,6600,3.4,3.2,6.2,7.8,13.7,294088.9,0,0,0
2,4,45,SkipList,10000,23,6900,3.422,3.2,4.8,6.4,48.7,292255.3,0,0,0
2,4,45,SkipList,10000,24,7200,3.067,3.0,4.9,5.7,10.8,326086.9,0,0,0
2,4,45,SkipList,10000,25,7500,2.964,2.9,4.5,5.5,5.7,337382.0,0,0,0
2,4,45,SkipList,10000,26,7800,3.127,3.0,4.6,5.6,10.7,319761.2,0,0,0
2,4,45,SkipList,10000,27,8100,3.163,3.0,4.6,5.7,48.5,316155.5,0,0,0
2,4,45,SkipList,10000,28,8400,3.059,3.0,4.8,5.7,5.8,326939.6,0,0,0
2,4,45,SkipList,10000,29,8700,3.107,3.0,4.7,6.1,9.5,321819.4,0,0,0
2,4,45,SkipList,10000,30,9000,2.944,2.9,4.5,5.0,7.2,339712.3,0,0,0
2,4,45,SkipList,10000,31,9300,3.197,3.0,4.8,6.5,42.3,312825.9,0,0,0
2,4,45,SkipList,10000,32,9600,2.983,2.9,4.5,5.8,9.2,335195.6,0,0,0
2,4,45,SkipList,10000,33,9900,3.099,3.1,4.7,5.3,6.7,322650.1,0,0,0
2,4,45,SkipList,10000,34,10200,3.328,3.1,5.2,8.3,35.6,300480.5,0,0,0
2,4,45,SkipList,10000,35,10500,4.195,3.6,7.3,15.4,60.1,238398.0,0,0,0
2,4,45,SkipList,10000,36,10800,3.253,3.2,4.7,6.0,7.1,307376.8,0,0,0
2,4,45,SkipList,10000,37,11100,3.107,3.0,4.6,6.7,10.5,321853.8,0,0,0
2,4,45,SkipList,10000,38,11400,3.176,3.2,4.8,5.4,8.6,314894.7,0,0,0
2,4,45,SkipList,10000,39,11700,3.213,3.0,4.8,5.4,46.3,311235.5,0,0,0
2,4,45,SkipList,10000,40,12000,3.141,3.0,4.8,5.8,13.9,318403.8,0,0,0
2,4,45,SkipList,10000,41,12300,3.114,3.0,4.8,7.0,11.0,321096.0,0,0,0
2,4,45,SkipList,10000,42,12600,2.971,2.9,4.3,5.2,6.1,336549.1,0,0,0
2,4,45,SkipList,10000,43,12900,3.243,3.0,4.6,5.9,47.3,308324.7,0,0,0
2,4,45,SkipList,10000,44,13200,3.016,2.9,4.9,5.8,6.0,331528.3,0,0,0
2,4,45,SkipList,10000,45,13500,3.15,3.1,4.9,5.8,10.7,317460.3,0,0,0
2,4,45,SkipList,10000,46,13800,3.472,3.2,6.2,10.2,22.4,288046.2,0,0,0
2,4,45,SkipList,10000,47,14100,3.584,3.3,5.3,6.2,51.8,278991.8,0,0,0
2,4,45,SkipList,10000,48,14400,3.198,3.1,4.9,6.4,7.4,312695.6,0,0,0
2,4,45,SkipList,10000,49,14700,3.147,3.1,4.6,6.2,6.8,317796.8,0,0,0
2,4,45,SkipList,10000,50,15000,3.245,3.2,5.2,5.9,6.8,308198.0,0,0,0
2,4,45,JLI,25000,1,300,16.073,11.2,29.8,39.6,978.6,62217.4,5,11,1
2,4,45,JLI,25000,2,600,13.995,11.7,32.6,41.3,42.6,71454.1,5,11,1
2,4,45,JLI,25000,3,900,16.189,13.2,42.0,49.5,51.1,61770.3,5,11,1
2,4,45,JLI,25000,4,1200,15.995,13.8,38.9,51.6,60.1,62518.2,5,11,1
2,4,45,JLI,25000,5,1500,19.389,16.6,53.1,59.4,59.7,51576.5,5,11,1
2,4,45,JLI,25000,6,1800,19.796,16.2,53.1,62.4,100.1,50516.1,5,11,1
2,4,45,JLI,25000,7,2100,19.823,15.1,52.0,65.3,65.8,50446.4,5,11,1
2,4,45,JLI,25000,8,2400,23.525,19.7,62.3,72.5,76.8,42507.4,5,11,1
2,4,45,JLI,25000,9,2700,22.779,18.6,61.4,73.5,76.4,43900.7,5,11,1
2,4,45,JLI,25000,10,3000,23.946,17.9,60.1,79.6,82.3,41760.0,5,11,1
2,4,45,JLI,25000,11,3300,22.374,9.9,59.9,86.6,1984.4,44694.1,5,12,1
2,4,45,JLI,25000,12,3600,9.238,8.0,18.8,24.7,46.8,108248.6,5,12,1
2,4,45,JLI,25000,13,3900,5.852,4.4,14.4,21.7,25.8,170891.5,5,12,1
2,4,45,JLI,25000,14,4200,5.9,5.1,10.4,13.2,49.6,169491.6,5,12,1
2,4,45,JLI,25000,15,4500,9.19,8.1,17.8,24.4,63.3,108813.9,5,12,1
2,4,45,JLI,25000,16,4800,10.667,9.1,23.3,28.0,72.6,93750.0,5,12,1
2,4,45,JLI,25000,17,5100,12.249,11.0,29.1,33.5,49.7,81639.3,5,12,1
2,4,45,JLI,25000,18,5400,14.564,12.6,36.3,39.6,49.0,68660.9,5,12,1
2,4,45,JLI,25000,19,5700,16.593,14.8,39.4,51.8,79.9,60267.6,5,12,1
2,4,45,JLI,25000,20,6000,19.036,17.2,46.6,51.6,57.2,52533.0,5,12,1
2,4,45,JLI,25000,21,6300,25.486,19.9,53.7,82.0,1075.1,39237.2,6,12,1
2,4,45,JLI,25000,22,6600,25.36,24.5,63.7,70.4,72.2,39431.7,6,12,1
2,4,45,JLI,25000,23,6900,27.831,25.7,70.6,81.2,105.6,35931.6,6,12,1
2,4,45,JLI,25000,24,7200,28.634,23.6,75.4,83.4,90.3,34923.5,6,12,1
2,4,45,JLI,25000,25,7500,31.743,28.4,77.2,90.3,94.9,31503.3,6,12,1
2,4,45,JLI,25000,26,7800,37.336,34.1,88.5,97.6,153.7,26783.8,6,12,1
2,4,45,JLI,25000,27,8100,36.698,34.2,91.4,106.2,110.0,27249.2,6,12,1
2,4,45,JLI,25000,28,8400,39.521,36.4,104.2,118.2,144.2,25303.2,6,12,1
2,4,45,JLI,25000,29,8700,41.954,39.1,101.6,118.9,129.9,23835.6,6,12,1
2,4,45,JLI,25000,30,9000,42.61,37.3,111.9,129.4,197.5,23468.7,6,12,1
2,4,45,JLI,25000,31,9300,28.01,11.0,68.6,127.6,2128.3,35701.1,6,13,1
2,4,45,JLI,25000,32,9600,8.737,7.3,19.6,47.5,68.5,114455.8,6,13,1
2,4,45,JLI,25000,33,9900,6.132,5.1,11.7,42.7,47.4,163070.1,6,13,1
2,4,45,JLI,25000,34,10200,8.263,7.3,16.3,20.9,49.4,121021.4,6,13,1
2,4,45,JLI,25000,35,10500,10.508,8.9,24.5,44.5,50.2,95165.6,6,13,1
2,4,45,JLI,25000,36,10800,13.09,12.7,28.4,32.5,49.1,76396.1,6,13,1
2,4,45,JLI,25000,37,11100,14.551,13.2,30.6,45.9,64.8,68722.2,6,13,1
2,4,45,JLI,25000,38,11400,18.268,17.1,43.4,47.6,48.4,54740.5,6,13,1
2,4,45,JLI,25000,39,11700,20.691,18.9,46.1,55.7,57.5,48330.2,6,13,1
2,4,45,JLI,25000,40,12000,23.473,21.9,57.5,62.8,112.8,42602.7,6,13,1
2,4,45,JLI,25000,41,12300,28.797,23.1,58.6,66.7,1313.8,34725.8,7,13,1
2,4,45,JLI,25000,42,12600,28.728,25.2,67.2,78.5,78.9,34809.2,7,13,1
2,4,45,JLI,25000,43,12900,29.078,25.9,71.8,88.9,115.4,34390.7,7,13,1
2,4,45,JLI,25000,44,13200,32.039,27.6,80.2,93.3,94.4,31212.3,7,13,1
2,4,45,JLI,25000,45,13500,35.639,30.7,87.2,101.5,143.5,28059.4,7,13,1
2,4,45,JLI,25000,46,13800,37.825,33.8,91.8,106.9,177.5,26437.3,7,13,1
2,4,45,JLI,25000,47,14100,39.154,37.0,97.0,113.6,118.1,25540.0,7,13,1
2,4,45,JLI,25000,48,14400,40.579,36.1,107.1,122.2,126.1,24643.3,7,13,1
2,4,45,JLI,25000,49,14700,44.553,42.3,107.2,136.4,145.2,22445.2,7,13,1
2,4,45,JLI,25000,50,15000,45.713,40.6,117.7,134.0,144.5,21875.8,7,13,1
2,4,45,SkipList,25000,1,300,4.104,3.7,6.9,13.6,17.7,243664.8,0,0,0
2,4,45,SkipList,25000,2,600,3.751,3.5,5.9,7.2,7.4,266595.5,0,0,0
2,4,45,SkipList,25000,3,900,3.649,3.5,5.5,7.3,8.1,274072.8,0,0,0
2,4,45,SkipList,25000,4,1200,3.807,3.7,5.6,6.9,47.1,262697.0,0,0,0
2,4,45,SkipList,25000,5,1500,3.576,3.5,5.5,6.3,10.8,279668.2,0,0,0
2,4,45,SkipList,25000,6,1800,3.478,3.5,5.4,6.1,7.6,287549.1,0,0,0
2,4,45,SkipList,25000,7,2100,3.649,3.5,5.6,6.7,15.1,274047.6,0,0,0
2,4,45,SkipList,25000,8,2400,3.803,3.5,5.7,8.4,48.0,262950.3,0,0,0
2,4,45,SkipList,25000,9,2700,3.51,3.3,5.5,6.6,8.6,284927.4,0,0,0
2,4,45,SkipList,25000,10,3000,3.59,3.5,5.4,6.8,7.3,278551.5,0,0,0
2,4,45,SkipList,25000,11,3300,3.595,3.5,5.4,6.8,11.9,278190.0,0,0,0
2,4,45,SkipList,25000,12,3600,5.135,4.3,9.2,14.3,73.5,194754.6,0,0,0
2,4,45,SkipList,25000,13,3900,4.65,4.4,7.6,9.9,20.4,215053.8,0,0,0
2,4,45,SkipList,25000,14,4200,4.244,4.1,7.1,8.4,14.6,235645.3,0,0,0
2,4,45,SkipList,25000,15,4500,3.885,3.7,6.4,7.3,9.0,257400.3,0,0,0
2,4,45,SkipList,25000,16,4800,4.228,3.9,6.6,9.2,51.2,236537.2,0,0,0
2,4,45,SkipList,25000,17,5100,3.664,3.4,5.9,7.3,13.3,272925.8,0,0,0
2,4,45,SkipList,25000,18,5400,3.708,3.5,5.7,7.0,12.4,269687.1,0,0,0
2,4,45,SkipList,25000,19,5700,3.803,3.8,5.9,7.1,7.8,262973.3,0,0,0
2,4,45,SkipList,25000,20,6000,3.918,3.6,5.8,8.2,46.6,255254.0,0,0,0
2,4,45,SkipList,25000,21,6300,3.763,3.7,5.5,7.0,12.7,265768.7,0,0,0
2,4,45,SkipList,25000,22,6600,4.548,4.3,8.6,14.2,17.1,219893.1,0,0,0
2,4,45,SkipList,25000,23,6900,3.869,3.8,6.5,7.8,9.5,258464.7,0,0,0
2,4,45,SkipList,25000,24,7200,6.535,3.7,6.2,8.1,776.1,153022.2,0,0,0
2,4,45,SkipList,25000,25,7500,3.79,3.7,5.6,6.5,8.4,263829.0,0,0,0
2,4,45,SkipList,25000,26,7800,3.75,3.6,5.6,6.7,13.6,266666.6,0,0,0
2,4,45,SkipList,25000,27,8100,3.645,3.4,5.8,7.5,11.3,274348.6,0,0,0
2,4,45,SkipList,25000,28,8400,3.892,3.6,5.8,6.9,48.4,256959.4,0,0,0
2,4,45,SkipList,25000,29,8700,3.697,3.5,5.8,7.1,8.0,270489.6,0,0,0
2,4,45,SkipList,25000,30,9000,3.68,3.6,5.5,6.7,7.1,271763.5,0,0,0
2,4,45,SkipList,25000,31,9300,3.711,3.6,5.6,9.6,12.6,269493.3,0,0,0
2,4,45,SkipList,25000,32,9600,4.268,4.0,6.4,15.4,51.2,234283.5,0,0,0
2,4,45,SkipList,25000,33,9900,3.759,3.7,5.9,7.8,10.9,266051.8,0,0,0
2,4,45,SkipList,25000,34,10200,3.733,3.6,5.9,7.0,7.8,267905.1,0,0,0
2,4,45,SkipList,25000,35,10500,3.737,3.6,5.8,6.5,12.2,267570.5,0,0,0
2,4,45,SkipList,25000,36,10800,3.824,3.6,5.6,6.7,51.7,261529.1,0,0,0
2,4,45,SkipList,25000,37,11100,3.676,3.6,5.6,6.5,6.8,272034.9,0,0,0
2,4,45,SkipList,25000,38,11400,3.58,3.4,5.4,7.1,7.8,279355.6,0,0,0
2,4,45,SkipList,25000,39,11700,3.691,3.6,5.6,7.7,9.6,270953.8,0,0,0
2,4,45,SkipList,25000,40,12000,3.884,3.6,5.9,7.8,43.8,257466.6,0,0,0
2,4,45,SkipList,25000,41,12300,3.736,3.6,5.6,7.0,7.3,267642.0,0,0,0
2,4,45,SkipList,25000,42,12600,4.344,4.0,7.8,12.0,43.6,230220.2,0,0,0
2,4,45,SkipList,25000,43,12900,3.858,3.7,6.1,8.5,15.9,259201.7,0,0,0
2,4,45,SkipList,25000,44,13200,3.977,3.6,6.1,8.1,54.7,251424.8,0,0,0
2,4,45,SkipList,25000,45,13500,3.806,3.7,5.8,7.0,12.3,262719.9,0,0,0
2,4,45,SkipList,25000,46,13800,3.716,3.6,5.8,8.0,8.2,269082.6,0,0,0
2,4,45,SkipList,25000,47,14100,3.772,3.7,5.7,7.3,12.1,265087.9,0,0,0
2,4,45,SkipList,25000,48,14400,3.964,3.6,5.9,7.3,50.6,252249.2,0,0,0
2,4,45,SkipList,25000,49,14700,3.8,3.8,5.7,6.5,11.2,263180.8,0,0,0
2,4,45,SkipList,25000,50,15000,3.576,3.5,5.6,6.5,6.8,279668.2,0,0,0
2,4,45,JLI,50000,1,300,21.93,7.0,28.8,55.6,3342.4,45598.9,3,23,2
2,4,45,JLI,50000,2,600,9.918,7.1,25.4,52.5,57.9,100830.2,3,23,2
2,4,45,JLI,50000,3,900,9.266,7.3,23.2,29.3,74.3,107917.5,3,23,2
2,4,45,JLI,50000,4,1200,10.939,8.2,23.4,53.5,76.7,91416.0,3,23,2
2,4,45,JLI,50000,5,1500,9.49,7.7,22.8,25.9,29.2,105377.8,3,23,2
2,4,45,JLI,50000,6,1800,7.222,4.9,17.0,26.5,53.9,138465.8,3,23,2
2,4,45,JLI,50000,7,2100,7.208,5.3,15.0,21.2,29.2,138734.8,3,23,2
2,4,45,JLI,50000,8,2400,8.237,6.6,18.2,21.4,55.9,121408.3,3,23,2
2,4,45,JLI,50000,9,2700,8.906,7.5,19.8,24.3,66.1,112288.1,3,23,2
2,4,45,JLI,50000,10,3000,9.439,8.6,18.9,23.9,51.2,105939.7,3,23,2
2,4,45,JLI,50000,11,3300,15.236,8.8,18.9,27.8,1698.0,65632.6,3,23,2
2,4,45,JLI,50000,12,3600,10.019,9.5,20.7,25.3,29.3,99810.4,3,23,2
2,4,45,JLI,50000,13,3900,12.713,11.6,26.5,31.1,65.5,78659.6,3,23,2
2,4,45,JLI,50000,14,4200,11.826,10.3,26.2,31.0,37.9,84561.8,3,23,2
2,4,45,JLI,50000,15,4500,12.382,11.2,30.1,34.9,36.6,80764.6,3,23,2
2,4,45,JLI,50000,16,4800,12.77,10.9,29.5,37.2,37.5,78306.5,3,23,2
2,4,45,JLI,50000,17,5100,17.181,11.6,35.2,45.8,1019.2,58205.0,3,23,2
2,4,45,JLI,50000,18,5400,13.359,10.7,34.2,41.8,45.2,74855.9,3,23,2
2,4,45,JLI,50000,19,5700,16.731,14.6,38.7,49.0,61.1,59770.5,3,23,2
2,4,45,JLI,50000,20,6000,15.451,13.4,35.5,49.1,64.5,64722.1,3,23,2
2,4,45,JLI,50000,21,6300,25.189,8.2,35.0,60.7,3703.9,39700.4,3,24,2
2,4,45,JLI,50000,22,6600,11.706,8.3,25.8,35.2,57.1,85423.8,3,24,2
2,4,45,JLI,50000,23,6900,7.236,5.6,19.1,27.5,27.9,138197.9,3,24,2
2,4,45,JLI,50000,24,7200,7.259,6.3,15.3,22.1,24.2,137760.0,3,24,2
2,4,45,JLI,50000,25,7500,8.259,7.5,14.9,23.3,61.6,121080.1,3,24,2
2,4,45,JLI,50000,26,7800,9.692,9.0,17.2,25.1,32.5,103174.3,3,24,2
2,4,45,JLI,50000,27,8100,9.937,9.3,19.0,22.2,23.7,100637.4,3,24,2
2,4,45,JLI,50000,28,8400,184.218,10.7,25.2,42.3,51683.6,5428.4,3,24,2
2,4,45,JLI,50000,29,8700,12.916,11.6,25.7,36.7,73.8,77421.4,3,24,2
2,4,45,JLI,50000,30,9000,13.237,12.2,27.2,33.0,36.8,75543.9,3,24,2
2,4,45,JLI,50000,31,9300,22.902,13.1,33.7,38.1,2501.6,43664.9,3,24,2
2,4,45,JLI,50000,32,9600,16.49,13.9,38.6,43.7,45.0,60641.6,3,24,2
2,4,45,JLI,50000,33,9900,15.873,13.3,36.0,45.7,116.9,62998.7,3,24,2
2,4,45,JLI,50000,34,10200,7.573,4.5,21.6,40.1,52.1,132042.3,3,24,2
2,4,45,JLI,50000,35,10500,8.725,6.4,21.4,32.1,56.7,114608.8,3,24,2
2,4,45,JLI,50000,36,10800,9.407,7.6,20.0,33.5,34.6,106307.6,3,24,2
2,4,45,JLI,50000,37,11100,11.873,10.7,23.7,35.5,37.7,84227.1,3,24,2
2,4,45,JLI,50000,38,11400,13.355,11.0,30.5,41.4,83.0,74876.4,3,24,2
2,4,45,JLI,50000,39,11700,13.471,12.3,28.8,34.3,38.7,74231.7,3,24,2
2,4,45,JLI,50000,40,12000,15.682,14.5,34.1,38.2,41.4,63767.4,3,24,2
2,4,45,JLI,50000,41,12300,31.082,14.1,41.3,69.7,4308.8,32172.6,3,25,2
2,4,45,JLI,50000,42,12600,8.744,6.3,21.9,58.5,60.5,114368.5,3,25,2
2,4,45,JLI,50000,43,12900,8.519,6.8,20.3,43.0,61.3,117384.7,3,25,2
2,4,45,JLI,50000,44,13200,8.718,7.1,20.3,58.1,60.3,114700.8,3,25,2
2,4,45,JLI,50000,45,13500,10.121,8.3,23.0,31.9,58.0,98804.5,3,25,2
2,4,45,JLI,50000,46,13800,7.817,5.6,19.5,25.9,31.7,127920.9,3,25,2
2,4,45,JLI,50000,47,14100,8.277,5.6,20.0,27.2,76.0,120816.7,3,25,2
2,4,45,JLI,50000,48,14400,8.064,6.4,17.5,23.7,26.2,124007.9,3,25,2
2,4,45,JLI,50000,49,14700,9.536,7.2,24.0,27.6,32.1,104869.4,3,25,2
2,4,45,JLI,50000,50,15000,10.905,8.8,25.7,32.0,64.8,91698.2,3,25,2
2,4,45,SkipList,50000,1,300,4.253,4.1,6.6,7.5,7.9,235109.8,0,0,0
2,4,45,SkipList,50000,2,600,6.193,4.2,6.5,8.4,568.9,161472.6,0,0,0
2,4,45,SkipList,50000,3,900,4.237,4.0,6.5,7.6,11.5,236034.6,0,0,0
2,4,45,SkipList,50000,4,1200,4.843,4.6,7.6,12.8,17.0,206497.8,0,0,0
2,4,45,SkipList,50000,5,1500,4.438,4.4,6.7,8.2,9.9,225309.9,0,0,0
2,4,45,SkipList,50000,6,1800,4.68,4.3,6.9,9.7,54.4,213675.3,0,0,0
2,4,45,SkipList,50000,7,2100,4.376,4.2,6.8,8.4,15.3,228536.5,0,0,0
2,4,45,SkipList,50000,8,2400,4.386,4.3,6.9,8.1,10.8,228015.5,0,0,0
2,4,45,SkipList,50000,9,2700,4.398,4.3,6.7,7.9,11.1,227358.9,0,0,0
2,4,45,SkipList,50000,10,3000,4.488,4.2,6.7,8.5,59.2,222816.4,0,0,0
2,4,45,SkipList,50000,11,3300,4.257,4.2,6.3,7.3,9.6,234925.7,0,0,0
2,4,45,SkipList,50000,12,3600,4.37,4.2,6.7,8.1,11.2,228833.0,0,0,0
2,4,45,SkipList,50000,13,3900,4.921,4.5,7.8,12.2,68.0,203224.6,0,0,0
2,4,45,SkipList,50000,14,4200,4.644,4.4,6.7,8.8,58.1,215331.7,0,0,0
2,4,45,SkipList,50000,15,4500,4.284,4.1,6.4,7.6,16.2,233426.7,0,0,0
2,4,45,SkipList,50000,16,4800,4.366,4.3,6.7,7.3,9.4,229025.1,0,0,0
2,4,45,SkipList,50000,17,5100,4.211,4.1,6.4,7.4,7.8,237454.3,0,0,0
2,4,45,SkipList,50000,18,5400,4.419,4.2,6.6,8.8,57.0,226295.6,0,0,0
2,4,45,SkipList,50000,19,5700,4.199,4.0,6.5,7.6,9.0,238133.1,0,0,0
2,4,45,SkipList,50000,20,6000,4.191,4.1,6.4,7.9,8.2,238625.4,0,0,0
2,4,45,SkipList,50000,21,6300,4.233,4.1,6.4,8.2,11.4,236257.6,0,0,0
2,4,45,SkipList,50000,22,6600,5.017,4.5,8.0,20.3,54.9,199322.3,0,0,0
2,4,45,SkipList,50000,23,6900,4.371,4.1,6.7,7.9,16.9,228763.2,0,0,0
2,4,45,SkipList,50000,24,7200,4.224,4.2,6.1,7.1,13.9,236723.7,0,0,0
2,4,45,SkipList,50000,25,7500,4.158,4.1,6.6,7.9,8.8,240480.9,0,0,0
2,4,45,SkipList,50000,26,7800,4.347,4.1,6.9,7.8,47.5,230061.3,0,0,0
2,4,45,SkipList,50000,27,8100,4.272,4.2,6.5,8.6,12.0,234082.3,0,0,0
2,4,45,SkipList,50000,28,8400,4.209,4.2,6.3,7.7,12.4,237586.2,0,0,0
2,4,45,SkipList,50000,29,8700,4.219,4.1,6.4,10.0,11.9,237023.0,0,0,0
2,4,45,SkipList,50000,30,9000,4.313,4.0,6.4,8.2,47.6,231839.2,0,0,0
2,4,45,SkipList,50000,31,9300,4.301,4.4,6.2,7.6,8.6,232486.0,0,0,0
2,4,45,SkipList,50000,32,9600,4.634,4.2,7.5,13.4,30.7,215811.7,0,0,0
2,4,45,SkipList,50000,33,9900,4.541,4.3,6.7,8.6,48.3,220215.7,0,0,0
2,4,45,SkipList,50000,34,10200,4.274,4.1,6.5,7.6,13.6,233954.6,0,0,0
2,4,45,SkipList,50000,35,10500,4.226,4.1,6.2,7.5,12.8,236630.4,0,0,0
2,4,45,SkipList,50000,36,10800,4.19,4.0,6.5,7.6,9.6,238644.5,0,0,0
2,4,45,SkipList,50000,37,11100,4.096,3.9,6.2,7.2,9.2,244120.7,0,0,0
2,4,45,SkipList,50000,38,11400,4.211,4.1,6.3,7.5,12.8,237473.2,0,0,0
2,4,45,SkipList,50000,39,11700,4.188,4.0,6.6,7.8,13.5,238758.5,0,0,0
2,4,45,SkipList,50000,40,12000,4.183,4.1,6.0,6.9,10.6,239062.8,0,0,0
2,4,45,SkipList,50000,41,12300,4.594,4.2,6.8,15.0,42.4,217675.3,0,0,0
2,4,45,SkipList,50000,42,12600,5.349,4.8,8.4,11.5,64.2,186950.9,0,0,0
2,4,45,SkipList,50000,43,12900,5.066,5.0,8.0,9.5,10.1,197407.4,0,0,0
2,4,45,SkipList,50000,44,13200,4.512,4.3,7.1,8.3,8.8,221631.2,0,0,0
2,4,45,SkipList,50000,45,13500,4.537,4.4,6.7,8.8,14.8,220410.0,0,0,0
2,4,45,SkipList,50000,46,13800,4.666,4.4,7.1,9.9,54.1,214301.1,0,0,0
2,4,45,SkipList,50000,47,14100,4.495,4.4,6.7,7.8,13.1,222452.9,0,0,0
2,4,45,SkipList,50000,48,14400,4.48,4.4,6.6,7.8,12.9,223197.7,0,0,0
2,4,45,SkipList,50000,49,14700,4.349,4.1,7.0,9.1,14.3,229920.2,0,0,0
2,4,45,SkipList,50000,50,15000,7.903,4.8,9.1,21.1,826.6,126528.9,0,0,0
2,4,45,JLI,100000,1,300,30.393,6.9,33.4,118.6,5652.4,32902.7,12,49,1
2,4,45,JLI,100000,2,600,10.469,7.1,28.4,75.5,85.8,95523.2,12,49,1
2,4,45,JLI,100000,3,900,10.842,8.2,26.6,37.4,76.8,92231.1,12,49,1
2,4,45,JLI,100000,4,1200,11.41,8.8,27.3,36.8,84.3,87639.9,12,49,1
2,4,45,JLI,100000,5,1500,12.36,9.7,28.7,70.5,83.1,80906.1,12,49,1
2,4,45,JLI,100000,6,1800,12.163,10.3,24.4,32.4,41.5,82216.6,12,49,1
2,4,45,JLI,100000,7,2100,12.608,10.1,29.5,35.2,38.6,79316.8,12,49,1
2,4,45,JLI,100000,8,2400,13.311,11.1,29.7,40.7,88.6,75124.0,12,49,1
2,4,45,JLI,100000,9,2700,12.004,8.2,31.2,39.2,42.4,83307.9,12,49,1
2,4,45,JLI,100000,10,3000,12.862,9.8,31.5,39.1,41.4,77750.4,12,49,1
2,4,45,JLI,100000,11,3300,26.612,8.8,39.9,52.2,3998.0,37577.0,12,49,1
2,4,45,JLI,100000,12,3600,14.312,9.6,39.2,49.4,64.3,69869.8,12,49,1
2,4,45,JLI,100000,13,3900,14.749,9.7,40.3,50.9,89.3,67799.7,12,49,1
2,4,45,JLI,100000,14,4200,14.937,10.4,36.4,50.5,54.3,66949.3,12,49,1
2,4,45,JLI,100000,15,4500,18.314,13.9,49.1,60.3,62.1,54604.0,12,49,1
2,4,45,JLI,100000,16,4800,16.622,10.8,56.0,63.1,69.3,60162.4,12,49,1
2,4,45,JLI,100000,17,5100,16.06,11.9,42.4,65.3,67.6,62265.2,12,49,1
2,4,45,JLI,100000,18,5400,23.563,13.1,55.6,80.5,1416.4,42440.0,12,49,1
2,4,45,JLI,100000,19,5700,18.824,13.1,45.1,70.8,78.9,53122.7,12,49,1
2,4,45,JLI,100000,20,6000,22.28,14.6,65.9,87.1,105.4,44882.6,12,49,1
2,4,45,JLI,100000,21,6300,40.269,16.7,65.1,90.8,5159.8,24833.0,12,50,1
2,4,45,JLI,100000,22,6600,23.684,17.1,70.1,83.1,84.2,42222.6,12,50,1
2,4,45,JLI,100000,23,6900,25.145,19.1,67.5,83.9,143.2,39769.3,12,50,1
2,4,45,JLI,100000,24,7200,23.883,18.1,68.0,90.4,95.8,41870.8,12,50,1
2,4,45,JLI,100000,25,7500,24.689,16.7,75.8,97.2,114.0,40504.4,12,50,1
2,4,45,JLI,100000,26,7800,26.456,20.7,75.7,95.9,103.0,37799.1,12,50,1
2,4,45,JLI,100000,27,8100,27.102,21.4,78.2,99.6,110.1,36898.1,12,50,1
2,4,45,JLI,100000,28,8400,27.321,20.4,79.6,92.7,101.4,36601.9,12,50,1
2,4,45,JLI,100000,29,8700,30.812,22.1,90.0,116.8,120.3,32454.9,12,50,1
2,4,45,JLI,100000,30,9000,31.137,25.2,78.1,110.2,115.1,32116.5,12,50,1
2,4,45,JLI,100000,31,9300,48.442,19.2,96.8,149.7,5474.1,20643.4,12,50,1
2,4,45,JLI,100000,32,9600,29.641,22.7,76.4,118.4,122.9,33736.7,12,50,1
2,4,45,JLI,100000,33,9900,28.65,22.9,79.0,115.8,118.4,34904.4,12,50,1
2,4,45,JLI,100000,34,10200,34.017,25.7,101.8,127.5,132.8,29397.4,12,50,1
2,4,45,JLI,100000,35,10500,29.153,20.6,93.0,121.2,124.4,34301.8,12,50,1
2,4,45,JLI,100000,36,10800,23.877,21.4,56.0,70.4,73.5,41880.7,12,50,1
2,4,45,JLI,100000,37,11100,25.237,21.0,63.4,78.0,116.9,39623.8,12,50,1
2,4,45,JLI,100000,38,11400,25.282,21.4,68.2,76.6,80.6,39554.4,12,50,1
2,4,45,JLI,100000,39,11700,24.52,20.3,62.4,79.9,109.9,40783.6,12,50,1
2,4,45,JLI,100000,40,12000,26.738,23.0,66.7,77.8,79.2,37400.0,12,50,1
2,4,45,JLI,100000,41,12300,47.675,19.7,71.1,131.3,6459.8,20975.5,12,51,1
2,4,45,JLI,100000,42,12600,9.012,6.8,25.1,50.1,93.9,110967.3,12,51,1
2,4,45,JLI,100000,43,12900,9.995,8.0,23.7,36.9,83.4,100046.7,12,51,1
2,4,45,JLI,100000,44,13200,10.646,8.9,22.0,32.3,45.1,93929.1,12,51,1
2,4,45,JLI,100000,45,13500,11.514,9.3,24.5,35.4,53.2,86850.8,12,51,1
2,4,45,JLI,100000,46,13800,13.164,12.1,28.6,33.4,39.8,75962.8,12,51,1
2,4,45,JLI,100000,47,14100,15.114,13.2,30.5,79.7,86.2,66163.8,12,51,1
2,4,45,JLI,100000,48,14400,16.279,13.0,37.7,43.7,152.8,61427.6,12,51,1
2,4,45,JLI,100000,49,14700,16.65,14.9,39.2,45.4,45.8,60058.9,12,51,1
2,4,45,JLI,100000,50,15000,18.261,16.3,45.0,52.7,72.4,54760.5,12,51,1
2,4,45,SkipList,100000,1,300,4.803,4.7,7.3,8.8,11.5,208188.8,0,0,0
2,4,45,SkipList,100000,2,600,4.921,4.6,8.1,11.7,12.3,203210.8,0,0,0
2,4,45,SkipList,100000,3,900,4.87,4.7,8.2,10.5,10.7,205324.8,0,0,0
2,4,45,SkipList,100000,4,1200,8.481,5.0,8.3,13.9,958.0,117910.6,0,0,0
2,4,45,SkipList,100000,5,1500,5.069,4.9,8.1,9.2,13.9,197290.5,0,0,0
2,4,45,SkipList,100000,6,1800,4.96,4.8,7.4,10.1,14.6,201599.3,0,0,0
2,4,45,SkipList,100000,7,2100,5.111,4.8,8.4,10.3,15.3,195669.2,0,0,0
2,4,45,SkipList,100000,8,2400,5.157,4.8,8.1,10.8,56.7,193898.6,0,0,0
2,4,45,SkipList,100000,9,2700,4.918,4.8,8.1,9.7,10.4,203348.5,0,0,0
2,4,45,SkipList,100000,10,3000,4.865,4.6,8.1,10.3,11.8,205563.9,0,0,0
2,4,45,SkipList,100000,11,3300,5.01,4.7,7.9,10.1,54.9,199614.1,0,0,0
2,4,45,SkipList,100000,12,3600,5.44,5.0,8.6,12.2,49.3,183812.3,0,0,0
2,4,45,SkipList,100000,13,3900,4.928,4.8,7.8,8.9,18.6,202922.1,0,0,0
2,4,45,SkipList,100000,14,4200,4.798,4.6,7.2,8.2,16.3,208420.2,0,0,0
2,4,45,SkipList,100000,15,4500,4.816,4.6,7.4,9.5,11.6,207641.2,0,0,0
2,4,45,SkipList,100000,16,4800,4.814,4.6,7.4,10.0,13.4,207727.5,0,0,0
2,4,45,SkipList,100000,17,5100,5.039,4.7,8.1,10.6,15.2,198465.2,0,0,0
2,4,45,SkipList,100000,18,5400,4.75,4.7,7.4,8.4,10.6,210541.1,0,0,0
2,4,45,SkipList,100000,19,5700,5.208,4.7,8.4,12.4,60.3,192000.0,0,0,0
2,4,45,SkipList,100000,20,6000,5.081,4.8,8.5,12.8,15.7,196798.8,0,0,0
2,4,45,SkipList,100000,21,6300,5.219,4.9,8.5,10.9,16.8,191595.4,0,0,0
2,4,45,SkipList,100000,22,6600,4.926,4.6,8.0,9.7,13.7,202990.7,0,0,0
2,4,45,SkipList,100000,23,6900,5.301,4.9,8.2,10.3,57.5,188655.5,0,0,0
2,4,45,SkipList,100000,24,7200,5.086,5.0,8.0,9.4,15.6,196631.1,0,0,0
2,4,45,SkipList,100000,25,7500,5.163,5.1,8.0,10.1,11.5,193673.3,0,0,0
2,4,45,SkipList,100000,26,7800,4.99,4.8,7.6,9.6,14.9,200387.4,0,0,0
2,4,45,SkipList,100000,27,8100,5.086,4.7,7.8,9.9,56.6,196631.0,0,0,0
2,4,45,SkipList,100000,28,8400,4.946,4.6,7.9,9.8,14.0,202197.3,0,0,0
2,4,45,SkipList,100000,29,8700,5.499,5.2,9.7,14.1,18.6,181840.3,0,0,0
2,4,45,SkipList,100000,30,9000,4.929,4.7,7.9,10.4,15.4,202867.1,0,0,0
2,4,45,SkipList,100000,31,9300,5.125,4.7,7.8,11.4,64.3,195109.3,0,0,0
2,4,45,SkipList,100000,32,9600,5.013,4.8,8.1,10.4,13.0,199481.3,0,0,0
2,4,45,SkipList,100000,33,9900,4.928,4.8,7.4,9.3,12.6,202922.1,0,0,0
2,4,45,SkipList,100000,34,10200,4.846,4.6,8.0,10.0,10.6,206369.9,0,0,0
2,4,45,SkipList,100000,35,10500,5.124,4.7,7.9,10.2,57.9,195147.4,0,0,0
2,4,45,SkipList,100000,36,10800,4.807,4.7,7.5,8.8,12.6,208044.4,0,0,0
2,4,45,SkipList,100000,37,11100,5.442,5.0,8.8,12.9,51.6,183744.7,0,0,0
2,4,45,SkipList,100000,38,11400,5.07,4.8,8.0,9.5,14.8,197238.7,0,0,0
2,4,45,SkipList,100000,39,11700,5.189,4.8,7.9,9.8,62.2,192727.8,0,0,0
2,4,45,SkipList,100000,40,12000,4.798,4.7,7.5,11.2,15.2,208434.6,0,0,0
2,4,45,SkipList,100000,41,12300,4.874,4.7,8.1,9.6,14.2,205170.2,0,0,0
2,4,45,SkipList,100000,42,12600,4.765,4.6,7.7,9.3,9.7,209848.9,0,0,0
2,4,45,SkipList,100000,43,12900,4.923,4.6,7.7,10.4,58.8,203128.1,0,0,0
2,4,45,SkipList,100000,44,13200,4.974,4.9,7.7,9.5,9.9,201045.5,0,0,0
2,4,45,SkipList,100000,45,13500,4.772,4.6,7.7,9.3,12.7,209541.2,0,0,0
2,4,45,SkipList,100000,46,13800,5.694,5.2,8.9,15.0,92.4,175633.7,0,0,0
2,4,45,SkipList,100000,47,14100,5.201,4.8,8.0,11.9,60.1,192258.4,0,0,0
2,4,45,SkipList,100000,48,14400,4.851,4.6,7.5,9.7,11.9,206128.8,0,0,0
2,4,45,SkipList,100000,49,14700,4.988,4.8,8.0,10.0,14.2,200494.5,0,0,0
2,4,45,SkipList,100000,50,15000,4.954,4.8,8.0,9.5,14.2,201857.1,0,0,0
2,4,45,JLI,200000,1,300,45.292,6.3,66.1,89.0,10295.8,22078.8,21,97,3
2,4,45,JLI,200000,2,600,9.694,7.8,16.8,78.0,86.0,103153.0,21,97,3
2,4,45,JLI,200000,3,900,11.823,9.1,21.6,78.8,84.7,84583.3,21,97,3
2,4,45,JLI,200000,4,1200,13.401,10.7,29.1,77.6,93.2,74619.4,21,97,3
2,4,45,JLI,200000,5,1500,13.826,12.8,28.3,77.4,85.7,72327.5,21,97,3
2,4,45,JLI,200000,6,1800,15.133,12.1,37.0,80.3,84.5,66082.2,21,97,3
2,4,45,JLI,200000,7,2100,19.313,16.1,44.5,85.7,130.3,51777.7,21,97,3
2,4,45,JLI,200000,8,2400,18.683,16.5,48.6,81.5,86.1,53525.6,21,97,3
2,4,45,JLI,200000,9,2700,21.174,18.4,52.2,78.6,87.7,47227.0,21,97,3
2,4,45,JLI,200000,10,3000,22.144,18.6,59.1,86.1,93.2,45158.3,21,97,3
2,4,45,JLI,200000,11,3300,28.913,6.7,15.8,93.8,6118.1,34586.5,22,97,3
2,4,45,JLI,200000,12,3600,8.55,6.8,13.1,82.9,90.1,116954.5,22,97,3
2,4,45,JLI,200000,13,3900,8.79,6.9,13.1,81.5,84.1,113765.6,22,97,3
2,4,45,JLI,200000,14,4200,8.788,6.7,13.5,83.8,87.2,113791.5,22,97,3
2,4,45,JLI,200000,15,4500,8.543,7.3,14.2,75.9,88.3,117059.5,22,97,3
2,4,45,JLI,200000,16,4800,10.411,7.6,15.8,89.2,162.2,96049.2,22,97,3
2,4,45,JLI,200000,17,5100,10.884,7.9,17.4,82.0,87.7,91875.2,22,97,3
2,4,45,JLI,200000,18,5400,9.812,8.0,16.5,83.3,89.8,101916.0,22,97,3
2,4,45,JLI,200000,19,5700,9.319,7.7,16.7,31.5,89.9,107303.8,22,97,3
2,4,45,JLI,200000,20,6000,9.81,8.3,17.4,80.7,86.0,101933.4,22,97,3
2,4,45,JLI,200000,21,6300,54.812,9.7,60.0,77.6,11369.2,18244.1,22,98,3
2,4,45,JLI,200000,22,6600,18.536,9.1,59.5,87.8,93.3,53949.1,22,98,3
2,4,45,JLI,200000,23,6900,17.832,9.2,65.8,82.3,85.7,56080.0,22,98,3
2,4,45,JLI,200000,24,7200,18.046,9.3,60.9,74.3,85.6,55412.9,22,98,3
2,4,45,JLI,200000,25,7500,18.842,10.3,56.4,75.1,84.7,53072.0,22,98,3
2,4,45,JLI,200000,26,7800,18.503,9.4,59.8,71.0,75.6,54046.3,22,98,3
2,4,45,JLI,200000,27,8100,18.594,10.4,56.2,66.4,97.7,53780.8,22,98,3
2,4,45,JLI,200000,28,8400,18.356,10.1,54.0,79.8,94.5,54479.1,22,98,3
2,4,45,JLI,200000,29,8700,16.687,9.0,55.2,65.3,81.9,59925.7,22,98,3
2,4,45,JLI,200000,30,9000,18.211,9.9,60.5,71.3,95.0,54910.9,22,98,3
2,4,45,JLI,200000,31,9300,40.54,9.5,62.7,78.7,6789.6,24667.2,22,98,3
2,4,45,JLI,200000,32,9600,16.771,9.3,55.0,69.3,72.6,59626.8,22,98,3
2,4,45,JLI,200000,33,9900,17.84,10.5,48.5,56.5,80.3,56054.9,22,98,3
2,4,45,JLI,200000,34,10200,17.474,9.4,56.1,70.2,130.3,57229.0,22,98,3
2,4,45,JLI,200000,35,10500,17.645,9.9,50.1,64.9,95.7,56672.2,22,98,3
2,4,45,JLI,200000,36,10800,12.168,6.8,45.0,69.1,84.2,82185.0,22,98,3
2,4,45,JLI,200000,37,11100,12.787,6.9,48.0,65.9,81.3,78204.4,22,98,3
2,4,45,JLI,200000,38,11400,11.453,8.0,34.3,55.5,67.8,87315.9,22,98,3
2,4,45,JLI,200000,39,11700,13.012,8.4,47.5,66.2,82.6,76850.2,22,98,3
2,4,45,JLI,200000,40,12000,14.107,9.4,46.6,62.2,71.5,70886.8,22,98,3
2,4,45,JLI,200000,41,12300,59.188,11.1,55.0,95.7,12184.2,16895.2,22,99,3
2,4,45,JLI,200000,42,12600,11.372,5.2,45.5,69.4,100.6,87937.8,22,99,3
2,4,45,JLI,200000,43,12900,11.863,7.4,42.9,65.5,80.1,84298.1,22,99,3
2,4,45,JLI,200000,44,13200,12.777,8.7,42.8,54.5,87.4,78265.6,22,99,3
2,4,45,JLI,200000,45,13500,14.29,10.8,37.2,58.6,86.4,69977.4,22,99,3
2,4,45,JLI,200000,46,13800,13.227,9.9,33.1,60.7,69.6,75601.0,22,99,3
2,4,45,JLI,200000,47,14100,16.572,12.3,54.9,70.5,99.7,60344.0,22,99,3
2,4,45,JLI,200000,48,14400,16.464,12.1,45.6,67.0,115.7,60738.6,22,99,3
2,4,45,JLI,200000,49,14700,17.526,14.7,39.8,70.1,102.4,57059.2,22,99,3
2,4,45,JLI,200000,50,15000,18.14,14.9,43.9,55.5,57.9,55125.8,22,99,3
2,4,45,SkipList,200000,1,300,6.376,6.1,9.7,13.5,14.7,156838.2,0,0,0
2,4,45,SkipList,200000,2,600,6.411,6.2,9.8,11.7,21.0,155990.0,0,0,0
2,4,45,SkipList,200000,3,900,8.824,6.3,10.4,13.2,689.5,113323.0,0,0,0
2,4,45,SkipList,200000,4,1200,6.402,6.2,10.4,12.6,18.1,156193.0,0,0,0
2,4,45,SkipList,200000,5,1500,6.267,6.2,9.8,12.4,16.3,159574.5,0,0,0
2,4,45,SkipList,200000,6,1800,6.979,6.5,12.1,16.8,20.9,143280.2,0,0,0
2,4,45,SkipList,200000,7,2100,6.424,6.2,10.2,13.8,20.7,155666.2,0,0,0
2,4,45,SkipList,200000,8,2400,6.033,5.9,9.9,11.5,14.3,165764.2,0,0,0
2,4,45,SkipList,200000,9,2700,6.16,5.9,10.0,12.1,14.0,162337.6,0,0,0
2,4,45,SkipList,200000,10,3000,6.225,5.7,10.0,13.7,63.1,160651.2,0,0,0
2,4,45,SkipList,200000,11,3300,6.418,6.1,10.3,12.8,13.7,155803.7,0,0,0
2,4,45,SkipList,200000,12,3600,6.147,6.0,9.5,11.7,15.4,162689.8,0,0,0
2,4,45,SkipList,200000,13,3900,6.646,6.3,10.7,16.0,46.9,150466.4,0,0,0
2,4,45,SkipList,200000,14,4200,6.301,5.9,9.7,12.5,62.1,158696.5,0,0,0
2,4,45,SkipList,200000,15,4500,6.123,5.7,10.2,11.8,14.6,163327.6,0,0,0
2,4,45,SkipList,200000,16,4800,6.015,5.7,9.7,12.0,14.4,166251.0,0,0,0
2,4,45,SkipList,200000,17,5100,6.059,5.7,9.5,12.6,14.3,165034.6,0,0,0
2,4,45,SkipList,200000,18,5400,6.178,5.9,9.8,12.2,17.5,161873.4,0,0,0
2,4,45,SkipList,200000,19,5700,6.286,5.9,9.4,12.5,65.6,159075.2,0,0,0
2,4,45,SkipList,200000,20,6000,6.689,6.1,11.2,17.0,61.0,149491.7,0,0,0
2,4,45,SkipList,200000,21,6300,6.153,5.9,9.8,11.9,21.5,162531.1,0,0,0
2,4,45,SkipList,200000,22,6600,6.118,5.9,9.7,11.7,12.0,163461.0,0,0,0
2,4,45,SkipList,200000,23,6900,6.128,5.8,9.7,12.6,15.8,163185.4,0,0,0
2,4,45,SkipList,200000,24,7200,6.167,5.7,10.6,13.2,16.3,162153.4,0,0,0
2,4,45,SkipList,200000,25,7500,6.197,5.9,9.6,12.8,18.8,161359.7,0,0,0
2,4,45,SkipList,200000,26,7800,6.106,5.6,9.9,13.3,60.3,163773.3,0,0,0
2,4,45,SkipList,200000,27,8100,6.88,6.3,11.5,17.3,49.0,145341.8,0,0,0
2,4,45,SkipList,200000,28,8400,6.208,5.9,9.5,10.7,13.1,161091.2,0,0,0
2,4,45,SkipList,200000,29,8700,6.181,5.9,10.2,11.9,14.8,161786.1,0,0,0
2,4,45,SkipList,200000,30,9000,6.191,5.7,9.4,12.6,61.5,161516.1,0,0,0
2,4,45,SkipList,200000,31,9300,5.902,5.8,9.0,11.1,11.5,169434.1,0,0,0
2,4,45,SkipList,200000,32,9600,5.963,5.7,9.2,11.0,17.4,167710.2,0,0,0
2,4,45,SkipList,200000,33,9900,6.014,5.8,9.7,11.1,12.3,166287.9,0,0,0
2,4,45,SkipList,200000,34,10200,6.773,6.0,11.3,16.5,64.3,147645.1,0,0,0
2,4,45,SkipList,200000,35,10500,6.071,5.9,9.4,12.5,18.4,164708.5,0,0,0
2,4,45,SkipList,200000,36,10800,5.958,5.8,9.2,10.9,12.6,167851.0,0,0,0
2,4,45,SkipList,200000,37,11100,5.966,5.6,9.6,11.8,16.3,167607.1,0,0,0
2,4,45,SkipList,200000,38,11400,6.071,5.7,9.0,12.9,62.6,164717.5,0,0,0
2,4,45,SkipList,200000,39,11700,5.926,5.7,9.5,11.1,11.7,168757.4,0,0,0
2,4,45,SkipList,200000,40,12000,5.976,5.8,9.6,12.1,16.5,167345.3,0,0,0
2,4,45,SkipList,200000,41,12300,6.013,5.8,9.7,12.4,15.5,166297.1,0,0,0
2,4,45,SkipList,200000,42,12600,6.705,5.9,11.0,16.8,64.3,149142.5,0,0,0
2,4,45,SkipList,200000,43,12900,5.965,5.7,9.2,13.3,15.7,167653.9,0,0,0
2,4,45,SkipList,200000,44,13200,6.083,5.7,9.9,13.9,18.2,164401.6,0,0,0
2,4,45,SkipList,200000,45,13500,6.001,5.8,9.4,12.5,18.6,166629.7,0,0,0
2,4,45,SkipList,200000,46,13800,6.051,5.6,9.7,14.0,62.8,165261.8,0,0,0
2,4,45,SkipList,200000,47,14100,6.083,5.7,9.6,12.8,16.9,164383.6,0,0,0
2,4,45,SkipList,200000,48,14400,5.904,5.6,9.7,10.8,14.5,169367.1,0,0,0
2,4,45,SkipList,200000,49,14700,6.548,6.1,11.4,14.5,17.7,152718.4,0,0,0
2,4,45,SkipList,200000,50,15000,9.065,5.9,9.4,12.2,899.0,110318.4,0,0,0