bench,run,seed,workload,search_p,insert_p,snapshot,ops_in_window,executed_ops,jli_avg_search_hops,jli_avg_mutation_hops,jli_search_hops_cv,sl_avg_search_hops,sl_avg_mutation_hops,jli_avg_us,jli_p50_us,jli_p95_us,jli_p99_us,jli_max_us,sl_avg_us,sl_p50_us,sl_p95_us,sl_p99_us,sl_max_us,jli_throughput,sl_throughput,jli_local_ev_d,jli_sub_ev_d,jli_global_ev_d,jli_maint_per_mutation,jli_hops_per_sqrt_N,sl_hops_per_log2_N,jli_p99_vs_sl_p99
A,1,42,Read-only,0.99,0.005,1,300,300,197.856,165,1.2858,19.342,17.272,26.414,12.5,49.8,64.1,2444.2,3.768,2.2,3.6,5.9,37007.4,37858.7,265380.5,0,1,0,0.5,1.1423,1.3005,10.8643
A,1,42,Read-only,0.99,0.005,2,300,600,29.642,65.25,0.8062,18.993,18,9.482,6.4,28.0,33.7,64.9,5.962,5.7,9.7,14.2,14.6,105463.0,167738.4,0,0,0,0.0,0.1711,1.2771,2.3732
A,1,42,Read-only,0.99,0.005,3,300,900,34.649,12,0.7934,20.187,18,10.338,6.9,28.3,35.5,39.1,5.85,5.5,9.8,12.8,15.0,96727.4,170950.0,0,0,0,0.0,0.2,1.3573,2.7734
A,1,42,Read-only,0.99,0.005,4,300,1200,32.02,57.5,0.8087,20.06,16,8.689,4.9,27.2,32.1,52.9,5.854,5.6,9.5,12.0,13.8,115092.4,170813.8,0,0,0,0.0,0.1849,1.3488,2.675
A,1,42,Read-only,0.99,0.005,5,300,1500,32.584,18.5,0.821,19.715,20.5,8.679,4.9,27.4,32.2,35.1,5.267,5.0,8.1,12.2,13.6,115216.2,189861.4,0,0,0,0.0,0.1881,1.3256,2.6394
A,1,42,Read-only,0.99,0.005,6,300,1800,31.583,29.2,0.7838,19.651,20.2,8.119,5.1,19.3,32.5,34.8,5.135,4.9,7.8,9.9,36.1,123167.9,194741.9,0,0,0,0.0,0.1823,1.3213,3.2828
A,1,42,Read-only,0.99,0.005,7,300,2100,34.399,26,0.783,19.728,25,10.548,7.4,29.5,38.2,50.3,5.902,5.5,10.1,17.0,17.8,94801.7,169434.0,0,0,0,0.0,0.1986,1.3265,2.2471
A,1,42,Read-only,0.99,0.005,8,300,2400,31.639,48.25,0.7675,19.287,15.75,9.387,6.2,27.4,34.7,37.6,5.583,5.2,9.3,11.6,13.6,106526.5,179104.5,0,0,0,0.0,0.1827,1.2968,2.9914
A,1,42,Read-only,0.99,0.005,9,300,2700,30.853,0,0.797,20.353,0,8.8,6.3,26.8,30.4,34.5,5.378,5.1,8.9,11.3,12.5,113632.0,185954.3,0,0,0,0.0,0.1781,1.3685,2.6902
A,1,42,Read-only,0.99,0.005,10,300,3000,31.662,47.25,0.716,19.507,20,12.328,8.4,32.0,64.2,116.5,6.943,6.2,13.0,20.2,32.7,81118.4,144029.9,0,0,0,0.0,0.1828,1.3116,3.1782
A,1,42,Read-only,0.99,0.005,11,300,3300,30.047,16,0.7245,19.629,21,8.6,6.5,27.0,31.0,33.4,5.652,5.1,9.4,13.2,15.4,116283.6,176918.1,0,0,0,0.0,0.1735,1.3198,2.3485
A,1,42,Read-only,0.99,0.005,12,300,3600,30.175,42.667,0.7642,19.828,12.333,7.913,5.1,26.9,30.0,32.7,5.121,4.9,8.3,10.4,10.9,126374.3,195274.4,0,0,0,0.0,0.1742,1.3332,2.8846
A,1,42,Read-only,0.99,0.005,13,300,3900,31.034,14.667,0.7916,19.865,17.333,9.427,6.2,29.6,43.1,64.4,6.177,5.2,10.8,18.7,110.4,106074.5,161882.3,0,0,0,0.0,0.1792,1.3357,2.3048
A,1,42,Read-only,0.99,0.005,14,300,4200,33.507,29.5,0.8172,19.304,20,9.51,6.6,28.9,32.5,35.9,5.362,5.1,8.5,11.1,12.8,105148.7,186486.1,0,0,0,0.0,0.1935,1.298,2.9279
A,1,42,Read-only,0.99,0.005,15,300,4500,33.37,23.667,0.773,18.956,23.667,9.132,6.1,27.0,29.3,30.8,4.851,4.5,8.0,10.4,12.7,109509.0,206143.1,0,0,0,0.0,0.1927,1.2746,2.8173
A,1,42,Read-only,0.99,0.005,16,300,4800,31.795,33,0.7471,18.875,25.333,9.289,6.6,27.2,33.6,48.7,5.033,4.7,8.2,10.6,11.9,107658.1,198701.9,0,0,0,0.0,0.1836,1.2691,3.1698
A,1,42,Read-only,0.99,0.005,17,300,5100,38.32,23,0.7598,19.677,23.667,10.062,6.1,28.2,33.9,36.8,4.912,4.7,7.7,9.8,11.5,99387.1,203597.0,0,0,0,0.0,0.2212,1.323,3.4592
A,1,42,Read-only,0.99,0.005,18,300,5400,30.421,204,0.7642,18.97,17,8.279,5.3,20.4,30.3,42.4,4.708,4.5,7.5,9.5,10.7,120792.4,212419.5,0,0,0,0.0,0.1756,1.2755,3.1895
A,1,42,Read-only,0.99,0.005,19,300,5700,31.807,52,0.7438,19.542,19.6,9.032,6.3,27.5,36.7,62.6,4.87,4.6,8.4,12.0,12.7,110721.5,205324.9,0,0,0,0.0,0.1836,1.314,3.0583
A,1,42,Read-only,0.99,0.005,20,300,6000,32.548,33.375,0.7259,19.168,18,9.09,5.7,27.5,30.8,36.9,4.984,4.7,8.4,10.0,14.0,110015.1,200641.9,0,0,0,0.0,0.1879,1.2888,3.08
A,1,42,Read-only,0.99,0.005,21,300,6300,29.312,45,0.6655,18.376,21.5,7.926,5.7,18.5,28.6,30.0,4.495,4.4,6.9,8.1,10.5,126172.3,222469.5,0,0,0,0.0,0.1692,1.2355,3.5309
A,1,42,Read-only,0.99,0.005,22,300,6600,33.364,40.833,0.7695,19.364,15.5,8.895,5.8,26.9,29.3,31.0,4.607,4.3,7.3,9.8,11.1,112422.8,217045.1,0,0,0,0.0,0.1926,1.302,2.9898
A,1,42,Read-only,0.99,0.005,23,300,6900,34.983,45.25,0.7598,19.017,19,10.661,7.5,31.0,40.5,60.9,5.259,5.0,9.0,13.0,19.0,93799.8,190150.4,0,0,0,0.0,0.202,1.2786,3.1154
A,1,42,Read-only,0.99,0.005,24,300,7200,32.232,36.333,0.7975,19.875,20.333,8.918,6.0,27.5,30.3,33.1,4.982,4.7,9.0,12.1,13.5,112136.9,200722.7,0,0,0,0.0,0.1861,1.3364,2.5041
A,1,42,Read-only,0.99,0.005,25,300,7500,33.647,25.4,0.7407,19.42,17.2,8.679,5.6,26.9,28.7,29.6,4.557,4.4,7.1,9.0,11.9,115225.1,219442.4,0,0,0,0.0,0.1943,1.3058,3.1889
A,1,42,Read-only,0.99,0.005,26,300,7800,35.114,33.5,0.8033,19.943,14.5,9.756,5.8,29.2,42.2,62.5,5.049,4.6,8.6,13.0,22.7,102497.5,198059.1,0,0,0,0.0,0.2027,1.3409,3.2462
A,1,42,Read-only,0.99,0.005,27,300,8100,32.653,50.667,0.796,19.899,8.667,8.982,5.7,27.4,30.9,33.1,4.741,4.6,7.9,9.7,9.9,111337.9,210926.0,0,0,0,0.0,0.1885,1.338,3.1856
A,1,42,Read-only,0.99,0.005,28,300,8400,27.783,25.6,0.7447,20.078,14.4,7.704,6.1,18.6,29.8,30.6,4.586,4.4,7.1,9.4,11.4,129808.3,218070.7,0,0,0,0.0,0.1604,1.35,3.1702
A,1,42,Read-only,0.99,0.005,29,300,8700,30.218,40.5,0.8313,19.362,15,8.494,6.1,27.3,34.0,37.1,4.746,4.5,7.7,9.8,13.6,117725.6,210703.6,0,0,0,0.0,0.1745,1.3019,3.4694
A,1,42,Read-only,0.99,0.005,30,300,9000,32.816,41.667,0.7723,19.364,20.833,14.693,9.1,43.0,74.7,267.1,7.421,6.2,14.3,23.8,51.1,68061.2,134752.8,0,0,0,0.0,0.1895,1.302,3.1387
A,1,42,Read-only,0.99,0.005,31,300,9300,30.559,30,0.7415,19.906,18,11.39,8.6,31.6,41.5,43.4,7.65,7.2,12.9,15.7,47.5,87796.3,130718.9,0,0,0,0.0,0.1764,1.3385,2.6433
A,1,42,Read-only,0.99,0.005,32,300,9600,31.203,25.6,0.7198,20.064,21.2,15.941,11.4,42.7,73.6,93.0,9.529,9.2,16.0,21.2,27.3,62732.7,104939.1,0,0,0,0.0,0.1802,1.3491,3.4717
A,1,42,Read-only,0.99,0.005,33,300,9900,34.351,18,0.746,19.097,19,17.935,12.2,57.3,72.2,84.4,9.637,8.8,15.7,20.1,98.3,55757.9,103766.7,0,0,0,0.0,0.1983,1.284,3.592
A,1,42,Read-only,0.99,0.005,34,300,10200,32.706,29.5,0.7391,19.699,22.5,13.486,10.3,33.4,71.5,83.3,7.796,7.1,15.2,19.6,25.3,74149.1,128270.9,0,0,0,0.0,0.1888,1.3245,3.648
A,1,42,Read-only,0.99,0.005,35,300,10500,28.678,25,0.7124,19.795,15.5,12.604,9.2,32.5,69.3,122.2,8.332,6.9,16.7,25.6,87.2,79337.8,120014.4,0,0,0,0.0,0.1656,1.331,2.707
A,1,42,Read-only,0.99,0.005,36,300,10800,33.524,38.25,0.747,19.291,15.25,11.764,8.4,31.8,39.8,55.1,6.689,6.2,11.8,16.8,19.2,85007.5,149499.1,0,0,0,0.0,0.1935,1.297,2.3691
A,1,42,Read-only,0.99,0.005,37,300,11100,33.963,4,0.777,20.003,18,9.38,6.1,27.3,32.5,36.0,5.666,5.4,9.6,10.8,11.9,106613.6,176481.0,0,0,0,0.0,0.1961,1.345,3.0092
A,1,42,Read-only,0.99,0.005,38,300,11400,30.443,97.25,0.7351,20.236,20.75,8.215,5.2,27.3,33.4,42.0,5.259,5.1,8.2,10.1,12.2,121728.5,190162.3,0,0,0,0.0,0.1758,1.3606,3.3069
A,1,42,Read-only,0.99,0.005,39,300,11700,28.131,13,0.5961,19.554,7,6.837,5.4,15.5,22.4,30.4,5.588,5.3,9.5,12.5,16.5,146262.9,178955.0,0,0,0,0.0,0.1624,1.3147,1.792
A,1,42,Read-only,0.99,0.005,40,300,12000,29.749,27,0.6108,19.261,15,6.467,5.0,13.3,29.9,39.3,5.145,5.0,8.1,10.1,11.5,154639.2,194363.5,0,0,0,0.0,0.1718,1.2951,2.9604
A,1,42,Read-only,0.99,0.005,41,300,12300,27.239,29.667,0.6147,19.051,21.667,5.825,5.0,11.3,14.1,32.0,4.881,4.6,8.0,11.1,13.1,171663.9,204890.2,0,0,0,0.0,0.1573,1.2809,1.2703
A,1,42,Read-only,0.99,0.005,42,300,12600,29.861,34,0.6029,19.318,14,6.137,5.1,13.2,20.4,31.6,4.646,4.4,7.5,9.1,10.4,162937.2,215254.4,0,0,0,0.0,0.1724,1.2989,2.2417
A,1,42,Read-only,0.99,0.005,43,300,12900,28,33.8,0.611,19.559,15.2,6.706,5.4,13.7,27.6,38.3,5.355,5.0,9.1,12.5,14.2,149112.8,186741.4,0,0,0,0.0,0.1617,1.3151,2.208
A,1,42,Read-only,0.99,0.005,44,300,13200,27.652,8,0.6646,20.007,20,6.234,5.0,14.2,33.8,39.7,5.98,5.6,10.5,12.5,21.1,160410.4,167224.3,0,0,0,0.0,0.1596,1.3452,2.704
A,1,42,Read-only,0.99,0.005,45,300,13500,30.231,45.5,0.6063,20.003,16.167,6.78,5.3,14.4,29.6,33.4,5.232,5.0,8.1,10.3,11.3,147485.4,191119.3,0,0,0,0.0,0.1745,1.345,2.8738
A,1,42,Read-only,0.99,0.005,46,300,13800,31.189,27,0.5649,19.832,24.333,6.37,5.1,13.8,16.5,31.1,4.906,4.7,7.8,9.5,11.1,156994.0,203832.0,0,0,0,0.0,0.1801,1.3334,1.7369
A,1,42,Read-only,0.99,0.005,47,300,14100,29.405,26.25,0.6149,19.622,21.5,7.273,5.4,16.6,32.0,43.1,5.791,5.4,10.0,13.9,27.5,137501.1,172671.8,0,0,0,0.0,0.1698,1.3193,2.3022
A,1,42,Read-only,0.99,0.005,48,300,14400,30.872,45,0.5799,19.688,18.5,6.673,5.3,13.6,30.5,48.7,5.287,5.1,8.3,10.5,12.1,149857.7,189131.3,0,0,0,0.0,0.1782,1.3238,2.9048
A,1,42,Read-only,0.99,0.005,49,300,14700,30.556,48.333,0.6209,19.539,21.667,6.53,5.2,15.3,27.9,31.0,4.942,4.7,7.8,9.8,15.1,153131.5,202361.0,0,0,0,0.0,0.1764,1.3137,2.8469
A,1,42,Read-only,0.99,0.005,50,300,15000,28.497,29.5,0.5956,19.672,17.5,6.105,5.4,11.3,13.7,23.1,4.803,4.6,8.2,10.0,12.9,163809.1,208217.7,0,0,0,0.0,0.1645,1.3227,1.37
A,1,42,Read-only,0.99,0.005,51,300,15300,31.382,24.75,0.58,19.193,22,7.173,5.8,14.7,17.7,44.6,5.744,5.4,9.7,12.2,15.1,139411.7,174104.7,0,0,0,0.0,0.1812,1.2905,1.4508
A,1,42,Read-only,0.99,0.005,52,300,15600,31.498,42.667,0.5619,19.788,16.667,6.858,5.4,14.2,16.1,16.6,5.358,5.2,8.7,11.2,13.3,145822.3,186636.7,0,0,0,0.0,0.1819,1.3305,1.4375
A,1,42,Read-only,0.99,0.005,53,300,15900,31.159,23.25,0.5885,20.084,14.5,6.7,5.4,13.7,29.7,40.4,5.118,4.9,7.8,11.2,11.7,149261.2,195401.6,0,0,0,0.0,0.1799,1.3504,2.6518
A,1,42,Read-only,0.99,0.005,54,300,16200,28.376,33,0.6325,19.264,13.2,5.867,5.3,10.1,14.6,31.6,4.682,4.6,7.3,9.2,10.6,170444.9,213599.0,0,0,0,0.0,0.1638,1.2953,1.587
A,1,42,Read-only,0.99,0.005,55,300,16500,29.534,55,0.6379,20.403,18.5,6.326,5.3,14.5,18.5,22.0,5.921,5.5,9.3,15.3,20.7,158069.3,168900.0,0,0,0,0.0,0.1705,1.3718,1.2092
A,1,42,Read-only,0.99,0.005,56,300,16800,32.258,30,0.5758,19.325,18.4,6.244,5.5,11.9,16.6,39.9,4.847,4.6,7.5,8.7,9.6,160145.3,206298.9,0,0,0,0.0,0.1862,1.2994,1.908
A,1,42,Read-only,0.99,0.005,57,300,17100,30.04,30.5,0.661,19.701,22,6.067,5.4,11.1,29.4,33.8,4.778,4.5,8.0,10.8,13.9,164835.1,209278.1,0,0,0,0.0,0.1734,1.3247,2.7222
A,1,42,Read-only,0.99,0.005,58,300,17400,30.431,24.667,0.6457,19.529,16,6.77,5.5,14.7,29.0,30.1,4.901,4.7,8.4,10.6,22.7,147703.2,204026.2,0,0,0,0.0,0.1757,1.3131,2.7359
A,1,42,Read-only,0.99,0.005,59,300,17700,29.588,33.5,0.6455,19.432,25.167,6.407,5.6,11.8,19.9,27.5,5.171,4.9,8.2,10.1,10.8,156079.3,193373.7,0,0,0,0.0,0.1708,1.3066,1.9703
A,1,42,Read-only,0.99,0.005,60,300,18000,30.956,50.5,0.592,19.718,15,6.195,5.5,11.0,15.0,39.2,4.903,4.7,7.9,10.1,10.7,161420.6,203956.8,0,0,0,0.0,0.1787,1.3258,1.4851
A,1,42,Read-only,0.99,0.005,61,300,18300,29.195,31,0.6272,20.064,20.333,5.638,5.3,11.0,14.2,14.3,4.864,4.8,7.3,8.8,11.3,177378.4,205592.0,0,0,0,0.0,0.1686,1.349,1.6136
A,1,42,Read-only,0.99,0.005,62,300,18600,28.713,44.75,0.6278,18.77,23.75,9.065,5.6,14.4,28.5,709.0,5.193,4.8,8.5,10.7,46.5,110314.4,192566.8,0,0,0,0.0,0.1658,1.2621,2.6635
A,1,42,Read-only,0.99,0.005,63,300,18900,27.662,60,0.694,19.498,33,6.099,5.3,11.6,18.7,43.6,5.277,5.0,8.7,12.8,20.3,163961.3,189501.5,0,0,0,0.0,0.1597,1.311,1.4609
A,1,42,Read-only,0.99,0.005,64,300,19200,30.389,44.5,0.6229,19.5,20,5.89,5.2,11.7,14.3,31.4,4.62,4.4,7.8,9.9,10.2,169769.7,216434.6,0,0,0,0.0,0.1754,1.3111,1.4444
A,1,42,Read-only,0.99,0.005,65,300,19500,31.936,32.5,0.61,19.735,11,5.747,5.2,10.8,16.1,30.5,4.52,4.4,7.0,8.1,9.6,174003.7,221239.1,0,0,0,0.0,0.1844,1.3269,1.9877
A,1,42,Read-only,0.99,0.005,66,300,19800,32.732,37,0.6043,19.148,12,6.704,5.4,14.1,29.7,42.0,4.508,4.2,7.3,9.3,12.6,149157.2,221811.5,0,0,0,0.0,0.189,1.2874,3.1935
A,1,42,Read-only,0.99,0.005,67,300,20100,33.367,31,0.5787,19.963,10.667,6.875,5.7,13.5,26.2,41.6,5.288,5.1,8.6,10.9,11.6,145454.6,189095.5,0,0,0,0.0,0.1926,1.3423,2.4037
A,1,42,Read-only,0.99,0.005,68,300,20400,32.068,38.5,0.6187,19.173,23.833,5.975,5.2,13.1,16.2,17.3,4.607,4.4,7.3,8.3,13.5,167354.7,217076.7,0,0,0,0.0,0.1851,1.2892,1.9518
A,1,42,Read-only,0.99,0.005,69,300,20700,30.216,31.875,0.7035,19.425,15.75,5.024,4.5,10.3,15.4,41.6,4.469,4.2,7.3,9.8,10.7,199057.8,223747.1,0,0,0,0.0,0.1745,1.3061,1.5714
A,1,42,Read-only,0.99,0.005,70,300,21000,32.346,24,0.6235,18.419,19,6.08,5.3,13.1,15.9,30.0,4.1,3.9,6.4,8.9,11.7,164482.8,243922.1,0,0,0,0.0,0.1867,1.2385,1.7865
A,1,42,Read-only,0.99,0.005,71,300,21300,33.94,15,0.5937,20.064,26,6.873,5.6,14.1,18.1,35.4,5.007,4.7,8.3,11.4,14.3,145503.9,199707.1,0,0,0,0.0,0.196,1.349,1.5877
A,1,42,Read-only,0.99,0.005,72,300,21600,32.374,32.667,0.636,18.71,17.667,6.058,5.4,11.5,28.4,30.9,4.451,4.3,6.8,9.0,11.7,165071.0,224651.8,0,0,0,0.0,0.1869,1.258,3.1555
A,1,42,Read-only,0.99,0.005,73,300,21900,31.983,35.833,0.6451,19.486,22.333,5.843,5.3,12.5,15.4,29.9,4.347,4.2,7.0,8.6,9.1,171144.8,230026.1,0,0,0,0.0,0.1847,1.3102,1.7907
A,1,42,Read-only,0.99,0.005,74,300,22200,33.797,0,0.5788,19.783,0,6.198,5.3,12.7,15.3,29.6,4.473,4.2,6.9,10.3,28.1,161333.7,223580.1,0,0,0,0.0,0.1951,1.3302,1.4854
A,1,42,Read-only,0.99,0.005,75,300,22500,30.818,40.667,0.6547,19.343,18.333,6.497,5.9,11.2,16.2,51.7,5.28,4.9,9.3,13.8,14.2,153917.2,189382.0,0,0,0,0.0,0.1779,1.3006,1.1739
A,1,42,Read-only,0.99,0.005,76,300,22800,29.544,44.5,0.6924,18.799,29.5,5.873,5.0,12.7,31.9,56.1,5.291,4.9,8.9,11.9,12.3,170270.8,189012.0,0,0,0,0.0,0.1706,1.264,2.6807
A,1,42,Read-only,0.99,0.005,77,300,23100,30.495,43.333,0.6895,20.125,17.667,5.604,5.1,12.9,18.9,31.2,4.904,4.7,7.6,10.3,12.0,178444.0,203901.3,0,0,0,0.0,0.1761,1.3531,1.835
A,1,42,Read-only,0.99,0.005,78,300,23400,33.455,57,0.6009,19.679,15,6.138,5.3,13.2,17.2,17.6,4.563,4.3,7.4,9.6,10.5,162910.7,219154.1,0,0,0,0.0,0.1932,1.3232,1.7917
A,1,42,Read-only,0.99,0.005,79,300,23700,31.863,32.714,0.6305,19.355,15.286,6.588,5.7,13.0,18.7,43.8,4.974,4.6,8.2,11.7,17.3,151791.2,201045.5,0,0,0,0.0,0.184,1.3014,1.5983
A,1,42,Read-only,0.99,0.005,80,300,24000,29.243,0,0.6612,19.753,0,5.903,5.6,9.9,11.2,17.4,4.912,4.6,8.4,10.1,11.5,169405.4,203596.8,0,0,0,0.0,0.1688,1.3282,1.1089
A,1,42,Read-only,0.99,0.005,81,300,24300,32.604,46,0.6013,19.346,13,6.269,5.5,12.8,15.0,35.5,4.549,4.4,7.2,8.0,10.0,159515.1,219844.7,0,0,0,0.0,0.1882,1.3008,1.875
A,1,42,Read-only,0.99,0.005,82,300,24600,30.536,34,0.654,19.414,22.4,5.439,5.1,11.3,16.2,29.7,4.391,4.3,6.6,8.8,13.3,183846.0,227738.5,0,0,0,0.0,0.1763,1.3053,1.8409
A,1,42,Read-only,0.99,0.005,83,300,24900,33.606,21.667,0.5727,19.68,15.667,6.369,5.6,12.1,17.9,25.0,4.721,4.5,7.8,10.1,13.4,157010.6,211834.5,0,0,0,0.0,0.194,1.3232,1.7723
A,1,42,Read-only,0.99,0.005,84,100,25000,30.724,43,0.6855,18.531,20.5,5.848,5.7,13.4,17.9,17.9,4.912,4.6,8.0,8.9,8.9,170998.5,203583.0,0,0,0,0.0,0.1774,1.246,2.0112
A,1,42,Search-heavy,0.8,0.15,1,300,300,36.786,46.404,1.2518,19.181,17.223,15.945,5.7,28.2,35.5,1929.5,3.845,2.2,3.2,4.7,39598.5,62715.6,260063.7,0,1,0,0.017544,0.2124,1.2897,7.5531
A,1,42,Search-heavy,0.8,0.15,2,300,600,30.118,38.177,0.6409,19.155,17.806,8.876,5.8,24.1,45.3,54.2,5.98,5.6,12.1,14.3,18.0,112667.6,167214.8,0,0,0,0.0,0.1739,1.288,3.1678
A,1,42,Search-heavy,0.8,0.15,3,300,900,33.255,38.431,0.5942,18.957,18.785,6.912,5.5,15.5,26.1,34.1,4.713,4.4,8.0,10.5,15.3,144668.9,212164.1,0,0,0,0.0,0.192,1.2746,2.4857
A,1,42,Search-heavy,0.8,0.15,4,300,1200,34.756,37.276,0.6496,19.198,19.534,6.876,5.8,15.7,29.0,32.9,4.452,4.1,7.9,9.3,12.5,145426.4,224601.2,0,0,0,0.0,0.2007,1.2908,3.1183
A,1,42,Search-heavy,0.8,0.15,5,300,1500,34.432,42.39,0.6899,19.025,18.356,7.767,6.4,16.6,25.9,27.4,5.873,4.8,8.3,10.7,282.5,128749.9,170261.1,0,0,0,0.0,0.1988,1.2792,2.4205
A,1,42,Search-heavy,0.8,0.15,6,300,1800,37.511,37.254,0.7248,20.064,19.269,6.968,6.1,14.4,18.0,25.3,4.491,4.3,7.8,11.6,12.0,143520.1,222667.4,0,0,0,0.0,0.2166,1.3491,1.5517
A,1,42,Search-heavy,0.8,0.15,7,300,2100,40.184,42.636,0.7801,20.064,17.939,10.389,5.9,13.3,30.4,1108.6,4.361,4.0,7.6,9.1,10.9,96258.7,229322.9,1,0,0,0.015152,0.232,1.3491,3.3407
A,1,42,Search-heavy,0.8,0.15,8,300,2400,42.046,50.483,0.7989,20.442,18.6,7.828,6.4,16.1,36.5,60.6,5.049,4.6,9.3,13.5,18.2,127741.0,198059.3,0,0,0,0.0,0.2428,1.3744,2.7037
A,1,42,Search-heavy,0.8,0.15,9,300,2700,41.978,48.188,0.7917,19.658,19.072,7.312,6.5,14.7,21.1,22.0,4.338,4.2,7.3,8.8,11.7,136767.7,230503.2,0,0,0,0.0,0.2424,1.3218,2.3977
A,1,42,Search-heavy,0.8,0.15,10,300,3000,45.288,59.982,0.8023,20.169,19.088,6.962,6.2,13.4,15.7,32.8,4.389,4.2,7.3,9.4,10.7,143643.8,227825.1,0,0,0,0.0,0.2615,1.3561,1.6702
A,1,42,Search-heavy,0.8,0.15,11,300,3300,43.682,41.812,0.8058,20.059,16.828,8.004,7.0,16.1,24.8,45.5,5.06,4.7,9.6,13.7,19.3,124942.7,197628.6,0,0,0,0.0,0.2522,1.3487,1.8102
A,1,42,Search-heavy,0.8,0.15,12,300,3600,44.16,73.281,0.8744,19.79,18.298,7.609,6.7,14.9,19.3,31.7,4.648,4.3,7.8,10.2,13.1,131423.3,215130.9,0,0,0,0.0,0.255,1.3306,1.8921
A,1,42,Search-heavy,0.8,0.15,13,300,3900,48.508,53.683,0.877,19.071,18.167,7.851,7.0,15.1,21.2,48.6,4.486,4.3,7.7,9.5,10.6,127372.3,222898.9,0,0,0,0.0,0.2801,1.2823,2.2316
A,1,42,Search-heavy,0.8,0.15,14,300,4200,49.098,56.4,0.9857,20.629,20.109,7.798,6.7,14.9,24.0,34.9,5.354,5.0,10.6,13.4,18.3,128232.5,186787.7,0,0,0,0.0,0.2835,1.387,1.791
A,1,42,Search-heavy,0.8,0.15,15,300,4500,35.502,50.393,1.417,19.983,18.803,4.876,3.3,12.7,16.1,21.4,4.811,4.5,8.5,13.0,15.2,205072.2,207842.6,0,0,0,0.0,0.205,1.3436,1.2385
A,1,42,Search-heavy,0.8,0.15,16,300,4800,42.091,41.792,1.2293,20.123,21.625,5.198,3.4,12.8,21.5,41.5,4.591,4.3,7.7,9.9,12.5,192393.9,217801.8,0,0,0,0.0,0.243,1.353,2.1717
A,1,42,Search-heavy,0.8,0.15,17,300,5100,49.247,51.082,1.1081,18.946,18.311,5.629,4.3,13.6,23.6,34.2,4.244,4.1,7.2,8.8,11.0,177662.1,235626.7,0,0,0,0.0,0.2843,1.2739,2.6818
A,1,42,Search-heavy,0.8,0.15,18,300,5400,50.965,57.329,1.0739,20.304,20.229,6.416,5.0,14.8,30.6,39.3,4.936,4.4,9.6,12.4,14.7,155852.1,202607.2,0,0,0,0.0,0.2942,1.3652,2.4677
A,1,42,Search-heavy,0.8,0.15,19,300,5700,66.507,44.761,0.9368,19.367,18.099,10.791,5.3,16.1,39.2,1300.8,4.486,4.2,7.6,10.3,11.0,92669.8,222915.6,1,0,0,0.014085,0.384,1.3022,3.8058
A,1,42,Search-heavy,0.8,0.15,20,300,6000,70.898,87.587,0.8865,18.953,19.413,7.014,6.0,15.5,29.4,33.3,4.439,4.2,7.7,9.3,11.5,142571.9,225276.0,0,0,0,0.0,0.4093,1.2743,3.1613
A,1,42,Search-heavy,0.8,0.15,21,300,6300,74.673,81.345,0.834,19.747,17.673,7.842,6.8,17.4,30.5,56.0,4.901,4.6,8.4,10.5,16.6,127513.1,204053.7,0,0,0,0.0,0.4311,1.3277,2.9047
A,1,42,Search-heavy,0.8,0.15,22,300,6600,78.012,84.308,0.8395,19.573,19.327,8.699,7.7,20.6,31.1,38.4,6.278,5.8,11.3,16.2,25.5,114960.2,159294.8,0,0,0,0.0,0.4504,1.316,1.9198
A,1,42,Search-heavy,0.8,0.15,23,300,6900,83.899,82.558,0.8052,19.165,18.923,7.614,6.7,16.6,20.8,27.1,5.184,5.0,9.3,11.3,13.1,131342.7,192888.9,0,0,0,0.0,0.4844,1.2886,1.8407
A,1,42,Search-heavy,0.8,0.15,24,300,7200,98.162,70.125,0.7798,20.772,18.028,8.225,6.8,18.1,25.6,54.9,4.958,4.7,8.7,10.7,10.9,121575.7,201680.5,0,0,0,0.0,0.5667,1.3967,2.3925
A,1,42,Search-heavy,0.8,0.15,25,300,7500,92.294,101.865,0.8487,19.435,18.615,8.595,6.9,20.1,31.3,37.9,5.492,5.1,10.5,13.0,14.2,116346.7,182072.1,0,0,0,0.0,0.5329,1.3068,2.4077
A,1,42,Search-heavy,0.8,0.15,26,300,7800,107.459,96.722,0.7797,19.488,19.537,8.139,7.1,17.1,20.5,29.4,4.676,4.5,8.4,10.4,11.1,122860.1,213858.2,0,0,0,0.0,0.6204,1.3103,1.9712
A,1,42,Search-heavy,0.8,0.15,27,300,8100,101.306,109.985,0.7994,18.898,18.754,8.634,7.6,18.3,22.6,49.4,4.434,4.2,7.8,9.5,11.2,115825.7,225512.9,0,0,0,0.0,0.5849,1.2706,2.3789
A,1,42,Search-heavy,0.8,0.15,28,300,8400,118.665,106.427,0.808,19.385,17.78,9.129,7.8,19.5,23.8,24.5,4.592,4.4,8.2,11.2,12.1,109544.9,217754.5,0,0,0,0.0,0.6851,1.3034,2.125
A,1,42,Search-heavy,0.8,0.15,29,300,8700,123.043,110.986,0.7877,19.7,18.857,9.236,8.2,18.8,23.2,27.6,4.393,4.0,7.6,9.1,9.6,108268.1,227652.0,0,0,0,0.0,0.7104,1.3246,2.5495
A,1,42,Search-heavy,0.8,0.15,30,300,9000,129.533,121.5,0.8177,20.39,19.481,11.663,9.3,28.5,46.0,56.2,5.377,4.8,10.2,14.4,17.0,85741.2,185966.0,0,0,0,0.0,0.7479,1.371,3.1944
A,1,42,Search-heavy,0.8,0.15,31,300,9300,146.261,150.516,0.7504,20.714,18.419,10.384,8.8,21.3,26.2,32.0,5.151,4.9,9.1,11.7,16.8,96305.1,194149.6,0,0,0,0.0,0.8444,1.3928,2.2393
A,1,42,Search-heavy,0.8,0.15,32,300,9600,130.934,169.241,0.8586,19.438,19.741,14.57,8.1,21.3,26.5,1455.4,4.612,4.3,8.0,10.9,11.5,68635.7,216825.8,1,0,0,0.017241,0.7559,1.307,2.4312
A,1,42,Search-heavy,0.8,0.15,33,300,9900,145.868,174.119,0.8208,19.984,18.286,11.654,9.8,24.5,33.4,62.4,5.426,5.1,9.6,14.0,14.6,85807.4,184297.9,0,0,0,0.0,0.8422,1.3437,2.3857
A,1,42,Search-heavy,0.8,0.15,34,300,10200,159.907,164.587,0.8006,20.819,18.063,11.385,9.4,24.8,30.2,49.7,4.872,4.5,8.6,12.2,17.6,87832.3,205240.7,0,0,0,0.0,0.9232,1.3998,2.4754
A,1,42,Search-heavy,0.8,0.15,35,300,10500,164.041,170.404,0.8418,19.971,19.509,11.755,8.7,26.4,35.2,36.6,4.797,4.5,8.6,13.2,15.0,85067.8,208463.7,0,0,0,0.0,0.9471,1.3428,2.6667
A,1,42,Search-heavy,0.8,0.15,36,300,10800,168.891,190.661,0.8438,20.424,18.226,12.155,10.1,26.7,28.8,48.4,5.053,4.8,8.8,11.7,13.1,82272.9,197902.4,0,0,0,0.0,0.9751,1.3733,2.4615
A,1,42,Search-heavy,0.8,0.15,37,300,11100,167.23,167.071,0.8631,19.943,18.911,11.877,10.2,27.2,29.2,29.5,4.657,4.3,8.1,9.5,13.2,84196.3,214715.1,0,0,0,0.0,0.9655,1.3409,3.0737
A,1,42,Search-heavy,0.8,0.15,38,300,11400,183.239,213.019,0.7725,19.028,19.566,14.297,12.0,30.9,41.1,76.3,5.577,5.1,10.6,13.5,14.7,69944.7,179307.8,0,0,0,0.0,1.0579,1.2794,3.0444
A,1,42,Search-heavy,0.8,0.15,39,300,11700,188.317,160.579,0.8052,19.852,17.053,13.083,11.3,29.7,31.5,49.7,5.138,4.7,9.7,11.8,14.6,76433.1,194628.0,0,0,0,0.0,1.0872,1.3348,2.6695
A,1,42,Search-heavy,0.8,0.15,40,300,12000,194.358,219.95,0.8257,19.925,19.567,14.073,10.9,33.2,40.0,63.0,5.359,4.9,9.4,14.1,21.4,71059.7,186613.5,0,0,0,0.0,1.1221,1.3397,2.8369
A,1,42,Search-heavy,0.8,0.15,41,300,12300,187.892,209.15,0.8175,19.571,18.217,13.78,11.6,30.5,40.3,62.1,5.704,5.3,11.0,14.2,15.7,72570.7,175305.5,0,0,0,0.0,1.0848,1.3159,2.838
A,1,42,Search-heavy,0.8,0.15,42,300,12600,195.886,213.778,0.869,20.536,19.127,13.42,10.3,31.8,36.8,44.6,5.099,4.8,9.5,12.2,14.0,74517.5,196104.0,0,0,0,0.0,1.1309,1.3808,3.0164
A,1,42,Search-heavy,0.8,0.15,43,300,12900,208,220.206,0.8799,19.679,19.905,14.935,11.6,35.8,40.4,63.6,5.366,5.0,9.8,15.4,17.1,66955.3,186369.9,0,0,0,0.0,1.2009,1.3232,2.6234
A,1,42,Search-heavy,0.8,0.15,44,300,13200,214.641,238.016,0.8489,20.422,17.079,14.361,11.1,34.5,37.1,38.2,4.827,4.7,8.3,10.5,12.5,69634.6,207153.9,0,0,0,0.0,1.2392,1.3731,3.5334
A,1,42,Search-heavy,0.8,0.15,45,300,13500,41.324,45.32,2.004,19.138,17.747,16.913,6.8,30.7,48.2,2301.0,4.847,4.6,9.0,13.3,16.1,59127.3,206299.1,0,1,0,0.013333,0.2386,1.2868,3.6241
A,1,42,Search-heavy,0.8,0.15,46,300,13800,26.013,29.75,0.5469,19.407,19.812,7.631,6.3,16.9,24.0,31.4,4.656,4.2,8.2,11.0,16.1,131050.2,214776.6,0,0,0,0.0,0.1502,1.3049,2.1818
A,1,42,Search-heavy,0.8,0.15,47,300,14100,27.365,27.982,0.5315,19.619,20.304,7.53,5.9,15.7,29.7,45.3,4.869,4.6,8.7,10.4,14.2,132796.3,205366.9,0,0,0,0.0,0.158,1.3191,2.8558
A,1,42,Search-heavy,0.8,0.15,48,300,14400,27.575,28.906,0.584,20.437,19.283,7.619,6.0,17.7,26.9,42.8,5.542,5.0,10.3,13.4,15.1,131256.6,180429.4,0,0,0,0.0,0.1592,1.3741,2.0075
A,1,42,Search-heavy,0.8,0.15,49,300,14700,29.426,30.776,0.5197,19.269,19.638,7.756,6.3,15.8,23.3,26.1,4.848,4.8,8.4,10.4,13.0,128938.0,206284.7,0,0,0,0.0,0.1699,1.2956,2.2404
A,1,42,Search-heavy,0.8,0.15,50,300,15000,28.317,29.158,0.5883,20.025,20.281,12.155,6.1,16.7,38.5,1267.2,5.209,4.8,9.1,13.8,36.4,82268.4,191987.4,0,0,0,0.0,0.1635,1.3464,2.7898
A,1,42,Search-heavy,0.8,0.15,51,300,15300,31.032,33.841,0.5748,19.812,18.256,8.474,6.8,19.2,26.2,40.8,4.823,4.5,8.6,11.9,12.3,118007.9,207325.7,0,0,0,0.0,0.1792,1.3321,2.2017
A,1,42,Search-heavy,0.8,0.15,52,300,15600,22.66,26.4,0.8421,19.43,19.585,6.123,5.6,14.6,19.1,24.3,4.866,4.5,8.4,11.0,27.2,163318.6,205493.4,0,0,0,0.0,0.1308,1.3064,1.7364
A,1,42,Search-heavy,0.8,0.15,53,300,15900,28.018,23.595,0.6725,20.115,18.811,5.173,3.9,11.4,17.3,22.9,4.508,4.4,7.9,10.0,11.2,193311.4,221827.9,0,0,0,0.0,0.1618,1.3525,1.73
A,1,42,Search-heavy,0.8,0.15,54,300,16200,32.258,32.717,0.5949,19.104,19.017,6.276,5.0,14.7,24.4,34.0,5.183,4.9,9.2,12.8,16.4,159345.7,192938.3,0,0,0,0.0,0.1862,1.2845,1.9062
A,1,42,Search-heavy,0.8,0.15,55,300,16500,40.52,38.563,0.5727,19.786,19.423,6.096,5.4,11.8,17.9,54.8,4.89,4.8,8.8,10.2,10.9,164042.0,204485.1,0,0,0,0.0,0.2339,1.3304,1.7549
A,1,42,Search-heavy,0.8,0.15,56,300,16800,43.077,43.327,0.6425,20.052,16.712,6.501,5.7,12.5,24.9,51.9,5.291,5.1,9.8,13.0,13.6,153830.4,189000.1,0,0,0,0.0,0.2487,1.3483,1.9154
A,1,42,Search-heavy,0.8,0.15,57,300,17100,38.325,41.843,0.8278,20.418,19.333,6.406,6.0,12.5,17.9,54.6,5.726,5.4,10.6,15.3,22.7,156095.6,174652.1,0,0,0,0.0,0.2213,1.3728,1.1699
A,1,42,Search-heavy,0.8,0.15,58,300,17400,20.119,20.938,1.056,20.579,18.908,4.38,3.0,10.7,19.0,35.5,5.798,5.4,10.8,13.5,13.7,228293.1,172483.1,0,0,0,0.0,0.1162,1.3837,1.4074
A,1,42,Search-heavy,0.8,0.15,59,300,17700,34.235,35.355,0.6594,19.971,18.194,4.83,4.0,8.6,17.3,55.8,5.097,4.9,9.2,10.8,13.4,207053.5,196206.5,0,0,0,0.0,0.1977,1.3428,1.6018
A,1,42,Search-heavy,0.8,0.15,60,300,18000,47.556,40.344,0.5785,20.105,19.377,5.68,4.9,9.6,25.4,42.6,4.984,4.7,8.9,10.4,11.1,176066.6,200628.7,0,0,0,0.0,0.2746,1.3518,2.4423
A,1,42,Search-heavy,0.8,0.15,61,300,18300,58.492,60.481,0.5347,21.085,19.058,6.37,6.0,10.6,16.5,27.2,5.321,5.1,9.6,11.0,12.0,156977.6,187922.9,0,0,0,0.0,0.3377,1.4177,1.5
A,1,42,Search-heavy,0.8,0.15,62,300,18600,67.753,73.2,0.6149,20.333,18.267,11.978,6.5,10.2,15.4,1641.1,5.236,4.9,9.4,12.6,13.0,83484.1,190997.6,0,0,0,0.0,0.3912,1.3672,1.2222
A,1,42,Search-heavy,0.8,0.15,63,300,18900,73.233,71.216,0.6642,18.988,20.157,6.886,6.5,11.1,19.5,38.7,4.755,4.6,7.8,9.9,11.7,145229.2,210319.7,0,0,0,0.0,0.4228,1.2767,1.9697
A,1,42,Search-heavy,0.8,0.15,64,300,19200,83.066,77.679,0.6315,18.996,20,7.327,7.0,12.3,19.7,24.0,4.974,4.7,9.2,12.2,19.7,136475.2,201045.7,0,0,0,0.0,0.4796,1.2772,1.6148
A,1,42,Search-heavy,0.8,0.15,65,300,19500,98.897,109.418,0.6334,20.519,19.045,8.028,7.6,13.4,15.0,46.6,5.081,4.7,9.6,12.2,18.8,124569.1,196811.7,0,0,0,0.0,0.571,1.3797,1.2295
A,1,42,Search-heavy,0.8,0.15,66,300,19800,102.78,115.78,0.7021,18.643,19.169,8.437,7.9,14.8,17.2,32.9,4.619,4.5,7.8,10.5,13.6,118520.9,216512.6,0,0,0,0.0,0.5934,1.2535,1.6381
A,1,42,Search-heavy,0.8,0.15,67,300,20100,107.602,111.661,0.7593,20.783,19.089,9.035,7.9,17.4,32.9,38.7,5.298,4.9,9.9,12.0,16.5,110680.7,188738.4,0,0,0,0.0,0.6212,1.3974,2.7417
A,1,42,Search-heavy,0.8,0.15,68,300,20400,126.444,102,0.7071,20.76,19.56,12.047,8.6,18.1,20.8,763.2,5.139,4.8,9.1,10.4,11.2,83008.2,194590.4,0,0,0,0.0,0.73,1.3958,2.0
A,1,42,Search-heavy,0.8,0.15,69,300,20700,127.084,148.838,0.7674,19.615,18.986,9.47,8.3,19.4,21.5,43.0,4.433,4.1,7.6,9.9,10.6,105592.9,225597.7,0,0,0,0.0,0.7337,1.3189,2.1717
A,1,42,Search-heavy,0.8,0.15,70,300,21000,145.412,149.333,0.7699,20.217,18.65,11.085,9.8,22.6,28.1,29.4,5.5,5.1,10.6,14.0,20.1,90209.2,181829.3,0,0,0,0.0,0.8395,1.3593,2.0072
A,1,42,Search-heavy,0.8,0.15,71,300,21300,156.371,174.353,0.7721,18.987,17.5,11.09,9.6,23.0,26.3,32.3,5.051,5.0,9.0,11.2,13.5,90174.0,197967.7,0,0,0,0.0,0.9028,1.2766,2.3482
A,1,42,Search-heavy,0.8,0.15,72,300,21600,151.161,161.386,0.8728,19.057,18.1,11.284,8.7,26.0,43.1,60.6,4.935,4.6,9.0,12.5,16.3,88618.5,202620.4,0,0,0,0.0,0.8727,1.2813,3.448
A,1,42,Search-heavy,0.8,0.15,73,300,21900,189.813,158.529,0.7374,20.096,17.729,13.414,11.6,28.4,34.6,68.0,5.894,5.7,10.6,13.8,15.9,74547.1,169673.6,0,0,0,0.0,1.0959,1.3512,2.5073
A,1,42,Search-heavy,0.8,0.15,74,300,22200,197.36,145.08,0.7999,19.9,19.1,13.369,11.0,29.9,35.8,38.4,5.564,5.3,9.5,13.5,16.6,74801.8,179726.7,0,0,0,0.0,1.1395,1.338,2.6518
A,1,42,Search-heavy,0.8,0.15,75,300,22500,194.689,227.034,0.7876,19.469,18.271,20.774,12.5,30.9,58.2,1931.6,6.008,5.7,10.7,16.7,25.2,48137.1,166454.0,0,0,0,0.0,1.124,1.309,3.485
A,1,42,Search-heavy,0.8,0.15,76,300,22800,223.174,200.642,0.784,19.291,19.679,15.065,12.2,33.3,37.0,38.5,5.444,5.1,10.3,12.1,14.1,66379.0,183699.7,0,0,0,0.0,1.2885,1.2971,3.0578
A,1,42,Search-heavy,0.8,0.15,77,300,23100,143.51,113.492,1.188,20.736,18.492,11.532,8.4,34.8,47.8,55.2,6.185,5.9,11.2,16.6,37.0,86715.2,161681.6,0,0,0,0.0,0.8286,1.3943,2.8795
A,1,42,Search-heavy,0.8,0.15,78,300,23400,31.833,28.55,1.2705,19.154,18.083,4.954,3.4,13.7,18.4,33.0,5.115,4.9,9.0,12.5,14.1,201870.4,195490.9,0,0,0,0.0,0.1838,1.2879,1.472
A,1,42,Search-heavy,0.8,0.15,79,300,23700,38.033,46.862,1.0766,19.777,18.379,5.145,4.3,11.4,16.0,18.5,5.031,4.7,9.1,12.6,14.0,194376.2,198754.3,0,0,0,0.0,0.2196,1.3297,1.2698
A,1,42,Search-heavy,0.8,0.15,80,300,24000,52.494,58.768,0.8328,19.909,20.116,6.06,5.2,12.8,19.1,24.3,5.371,4.9,10.3,15.2,17.7,165016.4,186196.7,0,0,0,0.0,0.3031,1.3386,1.2566
A,1,42,Search-heavy,0.8,0.15,81,300,24300,63.447,63.919,0.7178,19.584,17.284,6.594,5.9,13.2,26.0,32.7,5.172,4.8,9.8,11.4,13.6,151645.4,193348.6,0,0,0,0.0,0.3663,1.3168,2.2807
A,1,42,Search-heavy,0.8,0.15,82,300,24600,75.561,80.393,0.6662,19.883,19.869,7.438,6.9,12.7,18.6,117.7,5.137,5.0,9.2,10.5,14.4,134450.7,194678.9,0,0,0,0.0,0.4362,1.3369,1.7714
A,1,42,Search-heavy,0.8,0.15,83,300,24900,87.544,83.361,0.6712,19.759,19.194,7.788,7.0,14.7,24.8,63.1,4.973,4.6,9.6,11.9,13.5,128402.7,201072.2,0,0,0,0.0,0.5054,1.3285,2.084
A,1,42,Search-heavy,0.8,0.15,84,100,25000,100.48,84.52,0.6944,19.8,16.88,9.418,8.4,18.1,36.2,36.2,6.022,5.4,11.5,14.9,14.9,106179.8,166057.6,0,0,0,0.0,0.5801,1.3313,2.4295
A,1,42,Balanced,0.34,0.33,1,300,300,31.01,42.51,0.6391,20.25,18.947,16.439,5.6,28.2,43.0,2184.7,2.609,2.2,3.3,4.7,924.0,60832.2,383350.7,0,1,0,0.005,0.179,1.3616,9.1489
A,1,42,Balanced,0.34,0.33,2,300,600,32.981,36.435,0.6614,21.121,20.171,9.254,5.5,24.5,50.2,285.8,4.064,2.9,9.5,15.1,16.3,108057.5,246063.0,0,0,0,0.0,0.1904,1.4202,3.3245
A,1,42,Balanced,0.34,0.33,3,300,900,35.029,35.589,0.6509,21.262,19.731,7.791,5.5,21.7,37.4,49.2,3.893,3.0,8.8,14.3,14.9,128347.7,256893.2,0,0,0,0.0,0.2022,1.4296,2.6154
A,1,42,Balanced,0.34,0.33,4,300,1200,39.838,44.251,0.6687,20.971,19.118,12.52,5.8,21.6,29.0,1351.8,3.801,2.9,9.0,11.5,12.2,79870.1,263065.6,0,0,0,0.0,0.23,1.4101,2.5217
A,1,42,Balanced,0.34,0.33,5,300,1500,34.981,36.526,0.7685,21.056,18.677,6.567,5.4,15.8,24.4,27.7,3.732,2.8,8.7,12.8,19.1,152268.9,267952.7,0,0,0,0.0,0.202,1.4157,1.9063
A,1,42,Balanced,0.34,0.33,6,300,1800,36.616,36.532,0.9784,21.475,20.154,4.341,3.5,9.2,18.4,27.2,3.761,2.8,9.1,12.4,17.6,230379.6,265886.5,0,0,0,0.0,0.2114,1.4439,1.4839
A,1,42,Balanced,0.34,0.33,7,300,2100,54.495,45.586,0.7758,21.073,20.094,5.224,4.3,10.9,15.2,58.6,3.866,2.8,8.8,13.1,14.8,191412.2,258665.3,0,0,0,0.0,0.3146,1.4169,1.1603
A,1,42,Balanced,0.34,0.33,8,300,2400,77.305,71.169,0.655,21.181,20.072,6.37,5.4,15.5,21.8,26.4,4.151,3.1,9.1,13.9,19.0,156985.8,240905.9,0,0,0,0.0,0.4463,1.4242,1.5683
A,1,42,Balanced,0.34,0.33,9,300,2700,91.289,91.823,0.7402,19.918,20.128,6.913,5.8,14.1,27.4,40.3,3.943,3.0,8.8,12.3,16.0,144648.0,253592.5,0,0,0,0.0,0.5271,1.3392,2.2276
A,1,42,Balanced,0.34,0.33,10,300,3000,104.644,111.116,0.7328,20.693,19.638,12.777,6.4,16.7,29.7,1570.9,3.815,3.0,8.5,11.5,13.0,78267.7,262123.4,0,0,0,0.0,0.6042,1.3913,2.5826
A,1,42,Balanced,0.34,0.33,11,300,3300,82.213,78.924,1.1041,21.809,20.436,5.988,4.1,15.3,20.5,29.1,3.858,2.8,9.7,14.1,23.2,167010.0,259179.3,0,0,0,0.0,0.4747,1.4664,1.4539
A,1,42,Balanced,0.34,0.33,12,300,3600,60.571,67.262,0.9855,21.724,19.338,5.333,4.0,14.4,18.6,50.7,3.692,2.8,8.9,11.8,16.9,187500.0,270856.0,0,0,0,0.0,0.3497,1.4607,1.5763
A,1,42,Balanced,0.34,0.33,13,300,3900,76.143,78.594,0.9174,20.378,19.871,5.515,4.4,13.4,22.6,30.9,3.386,2.7,7.6,10.5,11.1,181312.8,295333.7,0,0,0,0.0,0.4396,1.3701,2.1524
A,1,42,Balanced,0.34,0.33,14,300,4200,98.49,103.57,0.6583,21.71,20.185,6.777,5.5,12.8,24.1,93.9,3.784,2.8,9.0,10.8,13.3,147550.7,264247.5,0,0,0,0.0,0.5686,1.4597,2.2315
A,1,42,Balanced,0.34,0.33,15,300,4500,116.621,114.498,0.6959,21.558,20.137,12.492,6.5,14.1,25.2,1621.7,3.705,2.9,8.5,11.5,12.4,80049.1,269881.2,0,0,0,0.0,0.6733,1.4495,2.1913
A,1,42,Balanced,0.34,0.33,16,300,4800,153.454,131.615,0.6373,20.231,19.401,8.44,7.3,18.8,25.7,28.2,3.577,2.7,8.1,10.3,12.0,118488.1,279537.6,0,0,0,0.0,0.886,1.3603,2.4952
A,1,42,Balanced,0.34,0.33,17,300,5100,156.421,140.326,0.6434,22.206,19.699,8.398,7.2,19.4,24.8,27.1,3.832,2.9,8.5,13.1,13.5,119080.7,260960.2,0,0,0,0.0,0.9031,1.493,1.8931
A,1,42,Balanced,0.34,0.33,18,300,5400,169.672,174.913,0.6706,19.776,20.326,9.444,8.4,20.4,25.5,37.7,3.582,2.9,7.9,10.5,11.0,105887.4,279147.9,0,0,0,0.0,0.9796,1.3297,2.4286
A,1,42,Balanced,0.34,0.33,19,300,5700,199.833,202.271,0.6678,20.678,19.933,10.671,9.7,25.7,33.2,75.7,3.547,2.8,8.7,11.1,20.6,93709.0,281955.0,0,0,0,0.0,1.1537,1.3903,2.991
A,1,42,Balanced,0.34,0.33,20,300,6000,216.956,235.243,0.7754,21.122,20.057,11.064,10.0,26.0,32.0,34.7,3.513,2.8,8.6,10.6,11.7,90383.3,284684.1,0,0,0,0.0,1.2526,1.4202,3.0189
A,1,42,Balanced,0.34,0.33,21,300,6300,139.464,146.379,1.2044,21.827,20.668,18.275,9.1,29.5,43.4,1966.6,3.916,3.0,8.7,12.3,13.3,54719.6,255341.1,0,1,0,0.005263,0.8052,1.4676,3.5285
A,1,42,Balanced,0.34,0.33,22,300,6600,26.283,32.026,0.5894,18.943,21.098,7.859,6.2,16.4,23.5,30.6,3.365,2.9,6.8,9.4,9.5,127248.1,297206.3,0,0,0,0.0,0.1517,1.2737,2.5
A,1,42,Balanced,0.34,0.33,23,300,6900,25.364,28.863,0.5831,20.445,19.811,8.509,6.7,18.0,30.4,40.5,3.913,3.1,9.0,12.7,15.8,117522.6,255558.2,0,0,0,0.0,0.1464,1.3747,2.3937
A,1,42,Balanced,0.34,0.33,24,300,7200,24.706,26.042,0.6204,22.847,19.995,9.466,4.1,14.1,29.2,1104.6,3.404,2.7,8.1,10.7,12.3,105641.2,293801.0,0,0,0,0.0,0.1426,1.5362,2.729
A,1,42,Balanced,0.34,0.33,25,300,7500,31.548,33.398,0.5195,20.625,21.704,6.129,4.8,14.8,17.5,22.5,3.583,2.9,7.5,11.7,30.7,163150.1,279069.4,0,0,0,0.0,0.1821,1.3868,1.4957
A,1,42,Balanced,0.34,0.33,26,300,7800,35.867,39.829,0.5936,20.637,19.813,6.67,5.3,15.6,21.6,28.3,3.543,3.0,7.1,8.7,8.9,149932.4,282246.6,0,0,0,0.0,0.2071,1.3876,2.4828
A,1,42,Balanced,0.34,0.33,27,300,8100,38.488,42.19,0.6528,21.702,21.223,6.395,5.5,13.9,21.1,23.6,3.602,3.0,7.4,9.5,12.9,156380.2,277649.7,0,0,0,0.0,0.2222,1.4592,2.2211
A,1,42,Balanced,0.34,0.33,28,300,8400,26.064,29.711,1.1007,21.064,19.789,4.714,3.3,10.8,16.0,52.6,3.323,2.8,6.8,8.2,9.3,212133.9,300902.7,0,0,0,0.0,0.1505,1.4163,1.9512
A,1,42,Balanced,0.34,0.33,29,300,8700,42.009,45.88,0.6616,23.018,21.152,4.599,4.1,7.8,17.2,21.2,3.656,2.9,7.6,11.2,12.6,217422.7,273523.0,0,0,0,0.0,0.2425,1.5477,1.5357
A,1,42,Balanced,0.34,0.33,30,300,9000,63.429,67.168,0.7286,22.01,20.817,9.68,4.8,10.8,21.7,1223.9,3.329,2.8,7.4,9.6,10.2,103302.2,300390.7,0,0,0,0.0,0.3662,1.4799,2.2604
A,1,42,Balanced,0.34,0.33,31,300,9300,82.835,103.025,0.7359,20.359,20.685,6.369,6.1,11.5,15.3,16.7,3.201,2.8,6.2,8.9,9.3,157018.6,312402.6,0,0,0,0.0,0.4782,1.3689,1.7191
A,1,42,Balanced,0.34,0.33,32,300,9600,127.521,110.617,0.6913,23.989,20.626,7.554,6.7,16.3,20.1,22.0,3.68,2.9,8.4,13.1,14.3,132386.1,271763.8,0,0,0,0.0,0.7362,1.613,1.5344
A,1,42,Balanced,0.34,0.33,33,300,9900,157.8,133.421,0.7176,21.857,20.733,8.32,7.1,19.3,24.3,25.0,3.368,2.8,6.8,9.2,11.3,120192.2,296912.4,0,0,0,0.0,0.9111,1.4696,2.6413
A,1,42,Balanced,0.34,0.33,34,300,10200,151.333,177.549,0.8553,19.886,21.687,9.672,8.1,23.7,30.3,50.2,3.833,3.0,8.9,11.8,14.8,103391.2,260892.1,0,0,0,0.0,0.8737,1.3371,2.5678
A,1,42,Balanced,0.34,0.33,35,300,10500,182.345,195.634,0.7727,20.23,20.366,15.813,8.6,24.2,30.4,1625.4,3.544,2.8,8.2,10.8,13.7,63237.8,282166.6,0,0,0,0.0,1.0528,1.3602,2.8148
A,1,42,Balanced,0.34,0.33,36,300,10800,283.073,220.275,0.6749,22.042,21.201,12.443,9.7,33.3,40.5,45.1,3.81,2.9,8.3,12.0,25.2,80366.5,262490.5,0,0,0,0.0,1.6343,1.482,3.375
A,1,42,Balanced,0.34,0.33,37,300,11100,264.443,250.562,0.7963,21.701,20.941,12.834,10.7,31.5,42.8,44.0,3.618,2.9,8.8,10.3,10.7,77920.0,276395.9,0,0,0,0.0,1.5268,1.4591,4.1554
A,1,42,Balanced,0.34,0.33,38,300,11400,288.69,283.141,0.8098,21.741,21.158,14.894,11.3,42.5,50.9,54.9,4.127,3.0,9.0,16.4,18.7,67139.6,242326.4,0,0,0,0.0,1.6668,1.4618,3.1037
A,1,42,Balanced,0.34,0.33,39,300,11700,282.069,303.808,0.7983,22.147,21,14.377,11.1,36.4,49.9,80.5,3.677,2.9,8.3,10.2,11.4,69557.2,271960.5,0,0,0,0.0,1.6285,1.4891,4.8922
A,1,42,Balanced,0.34,0.33,40,300,12000,327.586,340.852,0.7795,22.829,20.725,16.475,13.1,42.0,54.9,129.0,4.016,3.0,9.5,12.1,14.4,60699.2,249024.9,0,0,0,0.0,1.8913,1.535,4.5372
A,1,42,Balanced,0.34,0.33,41,300,12300,352.804,314.495,0.8686,21,20.438,23.998,12.3,49.8,69.1,2244.9,3.674,2.9,8.3,11.9,13.2,41670.1,272158.3,0,1,0,0.004808,2.0369,1.412,5.8067
A,1,42,Balanced,0.34,0.33,42,300,12600,30.343,29.385,0.7899,21.704,20.323,6.123,3.9,21.0,36.3,73.0,3.752,2.9,8.2,10.7,11.5,163327.3,266524.5,0,0,0,0.0,0.1752,1.4593,3.3925
A,1,42,Balanced,0.34,0.33,43,300,12900,31.954,38.042,0.7333,22.75,20.734,11.191,4.3,16.7,37.9,1548.0,4.081,3.1,9.6,13.6,16.5,89357.5,245057.9,0,0,0,0.0,0.1845,1.5297,2.7868
A,1,42,Balanced,0.34,0.33,44,300,13200,55.9,50.939,0.5259,22.342,20.589,5.836,5.2,10.0,26.6,32.6,4.121,3.0,9.2,13.6,19.2,171360.1,242659.3,0,0,0,0.0,0.3227,1.5022,1.9559
A,1,42,Balanced,0.34,0.33,45,300,13500,44.464,37.833,0.903,21.773,21.793,5.448,4.2,12.2,30.8,61.8,3.531,2.8,7.4,9.9,15.0,183553.7,283232.5,0,0,0,0.0,0.2567,1.464,3.1111
A,1,42,Balanced,0.34,0.33,46,300,13800,45.611,55.87,0.8915,21.537,22.302,5.846,4.8,14.2,20.0,34.0,3.957,3.0,8.9,12.5,38.1,171066.9,252695.5,0,0,0,0.0,0.2633,1.4481,1.6
A,1,42,Balanced,0.34,0.33,47,300,14100,54.437,55.569,0.863,22.175,20.914,5.728,4.9,13.1,20.9,24.3,3.659,2.8,8.1,11.3,15.7,174591.1,273323.8,0,0,0,0.0,0.3143,1.491,1.8495
A,1,42,Balanced,0.34,0.33,48,300,14400,57.093,52.688,0.9457,22.213,21.005,5.334,3.9,11.1,35.0,42.2,3.639,2.9,7.8,11.7,14.8,187464.7,274801.3,0,0,0,0.0,0.3296,1.4935,2.9915
A,1,42,Balanced,0.34,0.33,49,300,14700,75.309,71.749,0.829,22.33,21.483,11.637,4.8,14.7,30.9,1654.5,3.813,2.9,8.7,11.9,25.3,85935.2,262237.5,0,0,0,0.0,0.4348,1.5014,2.5966
A,1,42,Balanced,0.34,0.33,50,300,15000,81.404,93.821,0.8657,21.538,20.122,6.581,5.7,14.4,22.2,24.3,3.731,2.9,8.7,11.5,14.0,151944.9,268000.6,0,0,0,0.0,0.47,1.4482,1.9304
A,1,42,Balanced,0.34,0.33,51,300,15300,109.064,107.942,0.7639,22.234,21.369,7.595,6.3,16.5,31.1,65.3,3.548,2.8,7.9,11.2,14.5,131665.6,281822.2,0,0,0,0.0,0.6297,1.495,2.7768
A,1,42,Balanced,0.34,0.33,52,300,15600,104.29,123.995,0.8014,23,22.1,7.953,7.1,16.5,24.5,37.2,3.948,3.0,8.9,11.7,15.3,125738.8,253292.7,0,0,0,0.0,0.6021,1.5465,2.094
A,1,42,Balanced,0.34,0.33,53,300,15900,146.35,135.975,0.6743,21.91,21.235,8.62,7.9,18.6,24.1,54.1,3.56,2.8,7.7,10.6,11.1,116009.2,280925.9,0,0,0,0.0,0.845,1.4732,2.2736
A,1,42,Balanced,0.34,0.33,54,300,16200,154.2,156.856,0.7515,23,20.256,14.898,8.6,21.3,25.3,1766.7,3.744,2.9,8.3,12.1,13.1,67123.1,267094.2,0,0,0,0.0,0.8903,1.5465,2.0909
A,1,42,Balanced,0.34,0.33,55,300,16500,180.78,176.83,0.7374,21.729,20.681,10.219,9.1,24.1,27.4,30.5,3.813,2.9,8.4,10.5,16.9,97853.7,262260.8,0,0,0,0.0,1.0437,1.461,2.6095
A,1,42,Balanced,0.34,0.33,56,300,16800,231.812,207.495,0.6201,22.948,21.858,11.907,10.2,27.5,35.2,51.5,3.767,3.0,8.4,10.9,13.4,83984.2,265463.4,0,0,0,0.0,1.3384,1.543,3.2294
A,1,42,Balanced,0.34,0.33,57,300,17100,240.163,200.93,0.6545,20.802,20.145,11.112,9.9,26.7,31.2,33.9,3.375,2.8,7.1,9.6,12.3,89995.5,296325.1,0,0,0,0.0,1.3866,1.3987,3.25
A,1,42,Balanced,0.34,0.33,58,300,17400,232.953,204.668,0.7457,19.814,19.692,11.482,9.9,30.9,36.3,38.6,3.29,2.7,6.9,8.6,10.3,87092.9,303982.2,0,0,0,0.0,1.345,1.3322,4.221
A,1,42,Balanced,0.34,0.33,59,300,17700,233.297,253.857,0.8105,21.432,19.286,12.587,10.8,32.5,38.8,40.8,3.612,2.9,8.1,9.4,10.3,79447.0,276880.5,0,0,0,0.0,1.3469,1.4411,4.1277
A,1,42,Balanced,0.34,0.33,60,300,18000,160.629,127,1.1835,20.052,19.936,14.116,5.0,28.8,38.9,1664.9,3.421,2.8,7.6,9.8,10.3,70843.3,292312.5,0,0,0,0.0,0.9274,1.3482,3.9694
A,1,42,Balanced,0.34,0.33,61,300,18300,76.814,114.69,1.4506,21.515,19.512,6.29,3.9,17.5,28.1,33.2,3.438,2.7,8.2,10.1,13.3,158982.5,290894.8,0,0,0,0.0,0.4435,1.4466,2.7822
A,1,42,Balanced,0.34,0.33,62,300,18600,51.289,67.877,1.1383,20.557,19.571,224.564,5.3,22.6,36.3,63370.4,3.527,2.9,7.7,10.0,14.3,4453.1,283553.9,0,1,0,0.004926,0.2961,1.3822,3.63
A,1,42,Balanced,0.34,0.33,63,300,18900,34.56,46.614,0.7912,20.414,19.935,6.67,5.0,16.3,31.4,46.0,3.851,2.9,8.9,12.7,14.8,149925.0,259672.6,0,0,0,0.0,0.1995,1.3726,2.4724
A,1,42,Balanced,0.34,0.33,64,300,19200,41.314,45.535,0.9183,19.647,20.212,5.738,4.9,13.4,24.2,31.9,3.428,2.9,7.2,9.9,11.3,174266.7,291687.0,0,0,0,0.0,0.2385,1.321,2.4444
A,1,42,Balanced,0.34,0.33,65,300,19500,55.79,52.59,0.8153,21.06,19.42,5.604,4.6,11.1,17.2,77.1,3.329,2.8,7.1,8.9,9.2,178454.6,300360.3,0,0,0,0.0,0.3221,1.416,1.9326
A,1,42,Balanced,0.34,0.33,66,300,19800,65.148,62.948,0.7575,20.13,19.062,11.241,5.5,13.4,19.2,1476.6,3.819,3.0,8.4,12.9,13.5,88957.4,261848.7,0,0,0,0.0,0.3761,1.3535,1.4884
A,1,42,Balanced,0.34,0.33,67,300,20100,69.787,84.786,0.8637,20.234,20.67,6.712,5.7,14.0,24.4,81.1,3.401,2.8,7.2,10.3,11.1,148979.5,294059.4,0,0,0,0.0,0.4029,1.3605,2.3689
A,1,42,Balanced,0.34,0.33,68,300,20400,90.744,92.518,0.911,21.476,19.454,6.92,6.0,15.0,17.4,21.4,3.235,2.7,7.1,10.5,11.2,144508.7,309150.8,0,0,0,0.0,0.5239,1.444,1.6571
A,1,42,Balanced,0.34,0.33,69,300,20700,99.082,105.232,0.8835,21.791,19.753,8.157,7.0,17.3,21.6,37.2,4.295,3.1,10.0,14.0,18.7,122599.2,232811.0,0,0,0,0.0,0.572,1.4652,1.5429
A,1,42,Balanced,0.34,0.33,70,300,21000,106.256,127.238,1.0148,21.07,20.341,8.178,6.7,20.6,28.2,33.4,3.485,2.8,8.0,11.6,15.9,122279.3,286971.5,0,0,0,0.0,0.6135,1.4167,2.431
A,1,42,Balanced,0.34,0.33,71,300,21300,88.01,90.035,1.301,20.88,19.93,13.609,5.4,22.8,30.5,1907.4,3.682,2.9,8.3,10.8,15.3,73479.0,271616.0,0,0,0,0.0,0.5081,1.4039,2.8241
A,1,42,Balanced,0.34,0.33,72,300,21600,131.788,112.985,1.1337,21.727,19.592,8.168,6.0,22.9,29.1,31.5,3.712,2.9,8.7,12.2,15.7,122434.1,269420.7,0,0,0,0.0,0.7609,1.4609,2.3852
A,1,42,Balanced,0.34,0.33,73,300,21900,120.886,128.085,1.2773,21.75,18.759,7.919,5.1,24.2,31.2,74.2,3.496,2.9,7.8,12.6,19.9,126283.9,286041.0,0,0,0,0.0,0.6979,1.4624,2.4762
A,1,42,Balanced,0.34,0.33,74,300,22200,171.469,126.668,0.9592,21.69,20.032,8.775,5.3,29.2,35.1,42.8,3.854,3.0,8.4,10.8,14.5,113960.2,259493.1,0,0,0,0.0,0.99,1.4584,3.25
A,1,42,Balanced,0.34,0.33,75,300,22500,191.755,148.354,1.0077,20.294,19.803,9.434,5.9,29.9,37.1,38.4,3.489,2.9,7.2,9.0,13.5,105995.8,286642.4,0,0,0,0.0,1.1071,1.3645,4.1222
A,1,42,Balanced,0.34,0.33,76,300,22800,168.474,183.901,0.9477,21.412,19.882,15.627,6.9,25.9,47.4,1700.4,3.758,3.0,8.4,11.1,12.4,63990.4,266098.8,0,0,0,0.0,0.9727,1.4397,4.2703
A,1,42,Balanced,0.34,0.33,77,300,23100,166.686,214.385,0.9464,21.143,20.164,9.807,7.3,24.0,36.2,41.6,3.578,2.9,8.1,10.2,12.6,101964.6,279459.4,0,0,0,0.0,0.9624,1.4216,3.549
A,1,42,Balanced,0.34,0.33,78,300,23400,187.35,214.183,0.9418,20.699,19.523,10.852,8.4,28.5,45.5,51.8,3.645,2.9,8.2,11.1,13.9,92148.9,274373.8,0,0,0,0.0,1.0817,1.3917,4.0991
A,1,42,Balanced,0.34,0.33,79,300,23700,239.546,223.98,0.7964,20.691,20.044,11.693,8.5,29.7,47.5,54.5,3.424,2.8,7.6,10.1,11.7,85518.8,292027.9,0,0,0,0.0,1.383,1.3912,4.703
A,1,42,Balanced,0.34,0.33,80,300,24000,275.443,260.716,0.8357,21.019,20.912,13.186,9.3,38.9,55.1,58.2,3.754,3.0,8.1,11.6,11.7,75839.9,266406.1,0,0,0,0.0,1.5903,1.4133,4.75
A,1,42,Balanced,0.34,0.33,81,300,24300,280.825,254.345,0.8263,21.951,21.223,13.428,9.7,42.4,56.2,80.8,3.583,3.0,8.0,10.3,11.0,74473.1,279069.6,0,0,0,0.0,1.6213,1.476,5.4563
A,1,42,Balanced,0.34,0.33,82,300,24600,94.726,120.785,1.4801,21.084,20.127,21.834,5.5,30.0,79.5,2578.0,3.978,3.0,9.2,12.0,13.5,45799.4,251383.0,0,1,0,0.004878,0.5469,1.4176,6.625
A,1,42,Balanced,0.34,0.33,83,300,24900,65.944,61.389,0.5386,22.202,19.607,6.206,5.1,11.3,34.1,87.8,3.597,2.9,8.7,11.1,12.9,161143.1,278035.1,0,0,0,0.0,0.3807,1.4928,3.0721
A,1,42,Balanced,0.34,0.33,84,100,25000,83.125,67.95,0.6571,20.075,21.817,7.215,6.0,18.4,32.8,32.8,4.346,3.4,10.4,18.9,18.9,138600.2,230096.7,0,0,0,0.0,0.4799,1.3498,1.7354
A,1,42,Insert-heavy,0.15,0.7,1,300,300,29.674,31.568,0.7759,20.349,16.508,12.929,4.0,17.0,30.6,2185.3,4.556,2.2,3.0,3.6,59831.6,77347.5,219488.7,0,1,0,0.003891,0.1713,1.3682,8.4999
A,1,42,Insert-heavy,0.15,0.7,2,300,600,72.386,62.855,0.6248,20.909,19.02,10.508,4.8,11.7,32.7,1517.3,3.334,2.7,8.3,11.1,15.6,95165.6,299970.0,0,0,0,0.0,0.4179,1.4059,2.946
A,1,42,Insert-heavy,0.15,0.7,3,300,900,103.205,99.957,0.652,18.909,19.5,6.125,5.6,12.7,16.8,23.1,3.01,2.7,6.7,8.7,9.4,163256.4,332262.2,0,0,0,0.0,0.5959,1.2714,1.931
A,1,42,Insert-heavy,0.15,0.7,4,300,1200,132.234,153.66,0.776,19.745,19.917,8.161,7.3,16.9,22.5,36.2,3.457,2.9,7.3,12.3,15.8,122534.0,289240.3,0,0,0,0.0,0.7635,1.3276,1.8292
A,1,42,Insert-heavy,0.15,0.7,5,300,1500,179.486,186.883,0.8053,19.629,19.177,17.134,7.4,18.0,28.7,1495.1,3.086,2.7,6.9,9.6,11.7,58362.4,324078.7,0,0,0,0.0,1.0363,1.3198,2.9896
A,1,42,Insert-heavy,0.15,0.7,6,300,1800,223.349,225.113,0.8649,20.953,19.339,10.554,8.5,22.2,41.3,54.9,3.27,2.7,8.0,12.2,15.3,94747.8,305779.4,0,0,0,0.0,1.2895,1.4089,3.3852
A,1,42,Insert-heavy,0.15,0.7,7,300,2100,212.4,283.761,0.941,20.222,19.518,17.349,10.8,26.6,42.5,1626.5,3.459,2.8,8.4,11.4,14.0,57639.1,289073.6,0,0,0,0.0,1.2263,1.3597,3.728
A,1,42,Insert-heavy,0.15,0.7,8,300,2400,319.396,333.024,0.8144,21.415,19.401,14.509,11.8,33.1,49.9,93.5,3.615,2.9,9.0,14.2,14.8,68924.3,276625.3,0,0,0,0.0,1.844,1.4399,3.5141
A,1,42,Insert-heavy,0.15,0.7,9,300,2700,337.804,366.66,0.8733,19.429,18.996,15.569,12.1,35.6,63.3,96.8,3.489,2.8,8.2,12.9,15.0,64230.2,286642.4,0,0,0,0.0,1.9503,1.3063,4.907
A,1,42,Insert-heavy,0.15,0.7,10,300,3000,289.026,211.992,1.2646,21.5,18.855,20.945,8.1,35.3,70.2,2225.4,3.269,2.8,7.6,11.6,13.2,47744.9,305935.5,0,1,0,0.003817,1.6687,1.4456,6.0517
A,1,42,Insert-heavy,0.15,0.7,11,300,3300,45.795,47.008,0.5362,19.128,19.705,11.432,5.6,19.8,32.7,1170.4,3.151,2.8,6.7,8.8,11.8,87471.2,317359.5,1,0,0,0.003831,0.2644,1.2861,3.7159
A,1,42,Insert-heavy,0.15,0.7,12,300,3600,40.52,49.208,0.7146,20.48,19,7.499,5.8,18.4,32.3,62.7,3.386,2.8,7.6,11.8,13.0,133351.1,295304.5,0,0,0,0.0,0.2339,1.377,2.7373
A,1,42,Insert-heavy,0.15,0.7,13,300,3900,47.106,56.423,0.7442,20.277,20.091,6.619,5.8,15.1,22.8,27.6,3.217,2.8,7.1,9.0,12.6,151072.7,310816.4,0,0,0,0.0,0.272,1.3633,2.5333
A,1,42,Insert-heavy,0.15,0.7,14,300,4200,71.5,74.008,0.7395,21.1,19.624,9.343,4.3,9.5,16.2,1256.5,3.265,2.7,7.4,12.3,12.7,107035.7,306278.9,0,0,0,0.0,0.4128,1.4187,1.3171
A,1,42,Insert-heavy,0.15,0.7,15,300,4500,101.973,113.863,0.5331,21.459,18.932,5.998,6.0,10.0,13.2,14.5,3.003,2.6,5.8,9.2,13.1,166713.2,333037.2,0,0,0,0.0,0.5887,1.4429,1.4348
A,1,42,Insert-heavy,0.15,0.7,16,300,4800,156.277,145.802,0.5882,21.574,19.846,11.766,6.6,14.5,27.7,1302.2,3.093,2.7,6.6,10.0,16.4,84988.3,323310.1,0,0,0,0.0,0.9023,1.4506,2.77
A,1,42,Insert-heavy,0.15,0.7,17,300,5100,194.026,190.268,0.663,20.359,19.31,8.768,8.0,15.9,27.7,32.8,3.06,2.7,6.2,8.6,13.2,114046.7,326832.8,0,0,0,0.0,1.1202,1.3689,3.2209
A,1,42,Insert-heavy,0.15,0.7,18,300,5400,205.277,232.565,0.6821,18.574,20.308,10.228,9.3,20.6,40.8,51.0,3.296,2.8,7.4,10.7,14.5,97767.7,303428.7,0,0,0,0.0,1.1852,1.2489,3.8131
A,1,42,Insert-heavy,0.15,0.7,19,300,5700,223.943,242.981,0.761,21.8,19.14,17.981,9.8,23.0,47.6,2105.9,3.288,2.8,8.4,11.0,13.1,55613.2,304136.8,0,1,0,0.003774,1.2929,1.4658,4.3272
A,1,42,Insert-heavy,0.15,0.7,20,300,6000,32.07,35.802,0.5747,20.349,20.187,14.454,6.3,24.8,37.7,1592.7,3.476,2.9,7.5,11.2,15.5,69183.4,287687.3,0,0,0,0.0,0.1852,1.3682,3.366
A,1,42,Insert-heavy,0.15,0.7,21,300,6300,49.442,45.553,0.6314,21.93,19.125,8.089,6.0,17.8,25.5,46.1,3.36,2.8,7.9,11.9,14.8,123619.6,297648.8,0,0,0,0.0,0.2855,1.4745,2.1428
A,1,42,Insert-heavy,0.15,0.7,22,300,6600,57.27,43.106,0.9157,19.189,20.426,7.271,5.5,20.0,27.8,49.4,3.573,3.0,7.5,12.9,35.7,137538.9,279850.7,0,0,0,0.0,0.3307,1.2902,2.155
A,1,42,Insert-heavy,0.15,0.7,23,300,6900,75.2,59.258,0.7402,20.675,18.904,11.924,5.7,14.5,22.8,1549.3,3.215,2.7,7.2,9.9,11.1,83864.5,311009.5,0,0,0,0.0,0.4342,1.3901,2.303
A,1,42,Insert-heavy,0.15,0.7,24,300,7200,100.524,89.101,0.6846,24.357,20.085,7.494,6.8,14.9,18.0,23.2,3.403,2.7,8.8,13.9,17.3,133440.0,293887.4,0,0,0,0.0,0.5804,1.6377,1.295
A,1,42,Insert-heavy,0.15,0.7,25,300,7500,75.846,99.605,1.0803,20.519,20.02,7.709,7.2,16.3,21.9,23.9,3.364,2.8,7.5,11.6,13.2,129724.1,297294.9,0,0,0,0.0,0.4379,1.3797,1.8879
A,1,42,Insert-heavy,0.15,0.7,26,300,7800,74.091,70.418,1.286,21.545,20.621,12.029,4.8,15.7,35.5,1564.2,3.407,2.9,8.3,11.4,27.1,83130.1,293513.5,0,0,0,0.0,0.4278,1.4487,3.114
A,1,42,Insert-heavy,0.15,0.7,27,300,8100,69.413,92.193,1.0472,21.348,18.815,7.219,6.1,16.1,22.4,24.9,3.342,2.7,7.6,12.1,12.2,138523.4,299192.6,0,0,0,0.0,0.4008,1.4354,1.8512
A,1,42,Insert-heavy,0.15,0.7,28,300,8400,133.791,127.237,0.8119,23.349,19.44,13.479,7.4,15.9,26.5,1662.9,3.264,2.7,8.4,11.6,16.8,74189.5,306341.3,0,0,0,0.0,0.7724,1.5699,2.2845
A,1,42,Insert-heavy,0.15,0.7,29,300,8700,99.174,101.685,1.2893,19.804,21.087,16.58,7.4,25.3,37.3,2180.2,3.405,2.9,7.2,10.6,16.0,60314.8,293657.1,0,1,0,0.003937,0.5726,1.3316,3.5189
A,1,42,Insert-heavy,0.15,0.7,30,300,9000,24.6,29.576,0.5975,20.556,19.435,7.646,5.1,19.0,31.1,45.6,3.42,2.8,7.8,11.2,12.9,130787.2,292397.8,0,0,0,0.0,0.142,1.3821,2.7768
A,1,42,Insert-heavy,0.15,0.7,31,300,9300,31.857,32.156,0.6705,21.054,20.59,11.652,4.0,15.1,26.5,1764.2,3.699,2.9,9.4,13.5,17.9,85824.6,270367.6,0,0,0,0.0,0.1839,1.4156,1.963
A,1,42,Insert-heavy,0.15,0.7,32,300,9600,80.295,70.215,0.6187,22.659,20.465,6.017,5.1,11.9,16.3,24.6,3.298,2.8,7.6,13.0,15.0,166195.8,303182.8,0,0,0,0.0,0.4636,1.5235,1.2538
A,1,42,Insert-heavy,0.15,0.7,33,300,9900,106.245,105.88,0.7239,19.755,20.454,14.089,7.5,16.2,30.5,1803.0,3.559,3.0,8.1,10.6,18.0,70975.7,280978.0,0,0,0,0.0,0.6134,1.3283,2.8774
A,1,42,Insert-heavy,0.15,0.7,34,300,10200,100.481,142.411,0.9718,20.635,20.859,8.142,7.6,14.4,27.3,36.5,3.38,2.8,7.8,11.7,17.4,122814.9,295829.0,0,0,0,0.0,0.5801,1.3874,2.3333
A,1,42,Insert-heavy,0.15,0.7,35,300,10500,187.25,179.337,0.8121,21.806,20.011,10.353,8.9,21.7,34.2,66.6,3.368,2.8,7.9,12.8,20.0,96590.4,296911.8,0,0,0,0.0,1.0811,1.4661,2.6719
A,1,42,Insert-heavy,0.15,0.7,36,300,10800,206.605,224.673,0.7674,22.837,20.043,18.407,10.3,23.5,39.0,2048.8,3.499,2.8,8.8,14.7,21.3,54328.1,285796.1,0,0,0,0.0,1.1928,1.5355,2.6531
A,1,42,Insert-heavy,0.15,0.7,37,300,11100,236.811,260.385,0.9563,20.698,19.899,12.791,10.3,28.7,47.1,64.2,3.554,2.9,8.2,11.4,15.8,78177.9,281373.0,0,0,0,0.0,1.3672,1.3917,4.1316
A,1,42,Insert-heavy,0.15,0.7,38,300,11400,78.562,78.828,1.1323,23.5,20.735,5.811,4.4,14.1,26.2,35.7,3.292,2.8,8.1,11.8,16.1,172097.2,303766.8,0,0,0,0.0,0.4536,1.5801,2.2204
A,1,42,Insert-heavy,0.15,0.7,39,300,11700,176.549,131.888,0.5949,21.608,19.948,19.172,6.9,19.2,36.5,2288.6,3.448,2.8,7.9,11.1,16.7,52160.3,290051.3,0,1,0,0.004016,1.0193,1.4529,3.2883
A,1,42,Insert-heavy,0.15,0.7,40,300,12000,194.761,190.409,0.6127,21.304,21.469,9.719,8.7,21.0,30.1,42.2,3.547,2.9,7.8,12.5,14.8,102891.2,281902.3,0,0,0,0.0,1.1245,1.4324,2.408
A,1,42,Insert-heavy,0.15,0.7,41,300,12300,285.444,262.808,0.5164,22.822,19.843,18.64,11.0,26.9,34.5,2020.5,3.321,2.7,7.8,12.4,17.9,53649.0,301114.3,0,0,0,0.0,1.648,1.5345,2.7822
A,1,42,Insert-heavy,0.15,0.7,42,300,12600,317.073,298.239,0.6297,21.415,20.139,13.076,11.7,28.1,40.9,47.3,3.286,2.8,7.9,12.6,12.9,76477.9,304320.8,0,0,0,0.0,1.8306,1.4399,3.246
A,1,42,Insert-heavy,0.15,0.7,43,300,12900,317.417,365.765,0.7213,21,20.727,15.042,13.1,29.9,54.6,75.1,3.371,2.9,8.7,11.0,12.2,66479.0,296677.2,0,0,0,0.0,1.8326,1.412,4.9637
A,1,42,Insert-heavy,0.15,0.7,44,300,13200,431.231,443.512,0.7487,21.288,19.323,25.872,16.6,42.6,67.2,2272.5,3.675,3.0,9.3,13.8,16.1,38651.8,272084.4,0,0,0,0.0,2.4897,1.4314,4.8696
A,1,42,Insert-heavy,0.15,0.7,45,300,13500,437.541,518.593,0.865,20.568,19.551,19.708,17.2,44.5,70.3,90.8,3.303,2.7,7.8,14.4,17.5,50740.0,302755.4,0,0,0,0.0,2.5261,1.3829,4.8819
A,1,42,Insert-heavy,0.15,0.7,46,300,13800,582.171,516.408,0.7793,21.429,19.951,23.489,17.9,54.7,91.5,810.5,3.333,2.8,8.6,11.5,13.6,42572.5,300059.9,0,0,0,0.0,3.3612,1.4408,7.9566
A,1,42,Insert-heavy,0.15,0.7,47,300,14100,551.128,605.142,0.7112,21.154,20.716,30.223,20.8,52.9,101.3,2048.8,3.623,3.0,8.9,13.1,17.4,33087.4,276014.1,0,0,0,0.0,3.1819,1.4223,7.7328
A,1,42,Insert-heavy,0.15,0.7,48,300,14400,516.86,553.613,1.0224,21.825,20.358,32.45,17.9,69.0,121.2,2447.7,3.848,3.0,9.9,12.6,19.3,30817.0,259875.3,0,1,0,0.004115,2.9841,1.4674,9.6191
A,1,42,Insert-heavy,0.15,0.7,49,300,14700,32.417,36.133,0.8442,23.278,20.201,13.752,4.7,16.9,30.6,2164.4,3.691,2.9,8.9,13.8,20.6,72716.7,270905.0,0,0,0,0.0,0.1872,1.5651,2.2174
A,1,42,Insert-heavy,0.15,0.7,50,300,15000,56.096,60.637,0.8224,21.885,20.069,6.901,5.5,15.9,36.8,61.6,3.442,2.7,8.5,14.1,16.1,144913.4,290557.0,0,0,0,0.0,0.3239,1.4715,2.6099
A,1,42,Insert-heavy,0.15,0.7,51,300,15300,95.212,90.236,0.6926,21,20.393,7.889,6.6,17.9,36.9,57.1,3.266,2.8,6.8,11.2,12.8,126764.2,306216.2,0,0,0,0.0,0.5497,1.412,3.2946
A,1,42,Insert-heavy,0.15,0.7,52,300,15600,101.283,115.069,0.8867,21.132,20.777,14.478,7.1,17.0,29.0,2012.0,3.402,2.7,7.9,13.1,15.6,69068.7,293945.0,0,0,0,0.0,0.5848,1.4209,2.2137
A,1,42,Insert-heavy,0.15,0.7,53,300,15900,68.474,88.168,1.4496,22.105,20.893,7.362,6.2,18.2,25.8,30.7,3.277,2.8,7.5,9.6,14.6,135832.6,305188.6,0,0,0,0.0,0.3953,1.4863,2.6875
A,1,42,Insert-heavy,0.15,0.7,54,300,16200,110.458,110.683,0.9354,21.021,19.857,7.394,6.3,14.7,26.5,29.7,3.2,2.7,6.9,9.9,10.4,135250.9,312500.2,0,0,0,0.0,0.6377,1.4134,2.6767
A,1,42,Insert-heavy,0.15,0.7,55,300,16500,87.955,142.531,1.0136,18.886,21.168,14.964,7.4,17.0,30.1,1968.7,3.306,2.9,6.5,10.7,15.2,66825.6,302480.2,0,0,0,0.0,0.5078,1.2699,2.8131
A,1,42,Insert-heavy,0.15,0.7,56,300,16800,127.362,155.688,1.0607,22.745,20.747,9.164,7.7,17.6,31.7,85.7,3.377,2.8,9.0,12.7,14.9,109126.6,296149.9,0,0,0,0.0,0.7353,1.5293,2.4961
A,1,42,Insert-heavy,0.15,0.7,57,300,17100,235.5,184.988,0.6798,25.705,19.973,11.232,9.4,23.6,48.1,71.9,3.702,2.8,10.3,15.2,19.5,89034.0,270148.8,0,0,0,0.0,1.3597,1.7283,3.1645
A,1,42,Insert-heavy,0.15,0.7,58,300,17400,82.943,116.571,1.4176,22.811,21.251,18.128,6.6,26.7,42.2,2506.5,3.718,2.9,9.0,15.5,37.2,55162.3,268937.5,0,1,0,0.004049,0.4789,1.5338,2.7226
A,1,42,Insert-heavy,0.15,0.7,59,300,17700,56.233,59.315,0.7553,21.372,21.008,14.625,5.8,19.0,43.2,2125.3,3.53,2.9,7.9,11.0,13.1,68374.5,283259.5,0,0,0,0.0,0.3247,1.437,3.9273
A,1,42,Insert-heavy,0.15,0.7,60,300,18000,88.213,86.763,0.9321,21.085,19.798,8.282,6.8,18.7,28.9,58.9,3.209,2.7,7.1,9.0,11.3,120743.8,311656.1,0,0,0,0.0,0.5093,1.4177,3.2111
A,1,42,Insert-heavy,0.15,0.7,61,300,18300,123.743,123.442,0.9219,23.314,20.445,15.773,7.7,20.7,25.3,2073.0,3.287,2.8,8.3,11.8,12.6,63400.8,304197.9,0,0,0,0.0,0.7144,1.5676,2.144
A,1,42,Insert-heavy,0.15,0.7,62,300,18600,125,140.294,1.1055,21.422,21.816,9.483,7.8,22.0,35.6,37.4,3.35,2.8,7.6,10.4,13.9,105455.6,298507.1,0,0,0,0.0,0.7217,1.4404,3.4231
A,1,42,Insert-heavy,0.15,0.7,63,300,18900,147.378,174.125,1.0102,25.356,21.361,10.731,9.0,23.5,33.7,53.0,3.576,2.9,9.4,13.2,16.0,93185.1,279668.2,0,0,0,0.0,0.8509,1.7048,2.553
A,1,42,Insert-heavy,0.15,0.7,64,300,19200,176.525,196.919,1.1821,20.55,21.796,16.607,8.2,21.0,39.6,2054.0,3.274,2.8,7.3,11.0,13.4,60214.4,305467.9,0,0,0,0.0,1.0192,1.3817,3.6
A,1,42,Insert-heavy,0.15,0.7,65,300,19500,238,249.588,1.0049,22.375,21.162,11.114,8.4,24.7,44.0,46.5,3.149,2.7,6.8,11.7,12.6,89979.3,317594.3,0,0,0,0.0,1.3741,1.5044,3.7607
A,1,42,Insert-heavy,0.15,0.7,66,300,19800,266.609,276.996,1.0239,21.891,20.547,13.361,8.6,39.3,58.0,84.0,3.79,2.8,9.7,16.6,18.4,74846.6,263829.2,0,0,0,0.0,1.5393,1.4719,3.494
A,1,42,Insert-heavy,0.15,0.7,67,300,20100,333.208,308.266,0.8611,19.583,20.21,21.231,10.5,34.9,62.5,2187.3,3.411,2.9,7.9,11.1,12.5,47100.2,293140.8,0,0,0,0.0,1.9238,1.3167,5.6306
A,1,42,Insert-heavy,0.15,0.7,68,300,20400,67.571,101.883,2.2426,19.971,21.094,18.224,5.9,33.3,47.3,2423.4,3.171,2.8,6.7,10.0,12.0,54872.7,315358.3,0,1,0,0.003774,0.3901,1.3428,4.73
A,1,42,Insert-heavy,0.15,0.7,69,300,20700,60.74,58.844,0.6743,20.7,20.98,14.712,5.8,21.9,38.6,1979.1,3.56,2.9,9.0,11.9,12.7,67971.7,280924.9,1,0,0,0.004,0.3507,1.3918,3.2437
A,1,42,Insert-heavy,0.15,0.7,70,300,21000,36.195,49.019,0.7165,22.195,20.05,6.199,4.7,15.8,36.8,63.1,3.312,2.8,8.1,12.2,12.9,161307.8,301962.4,0,0,0,0.0,0.209,1.4923,3.0164
A,1,42,Insert-heavy,0.15,0.7,71,300,21300,47.214,66.771,0.6945,21.905,20.159,5.944,4.9,12.9,24.2,39.9,3.402,2.8,8.2,12.0,12.8,168236.8,293916.2,0,0,0,0.0,0.2726,1.4728,2.0166
A,1,42,Insert-heavy,0.15,0.7,72,300,21600,74.2,68.945,0.8905,20.311,20.125,12.528,4.0,10.2,38.9,2184.5,3.165,2.7,6.9,11.0,15.9,79819.1,315989.1,0,0,0,0.0,0.4284,1.3657,3.5364
A,1,42,Insert-heavy,0.15,0.7,73,300,21900,104.114,117.594,0.5929,23.75,19.215,7.023,6.0,12.4,39.9,45.5,3.386,2.7,8.8,14.9,21.0,142396.0,295362.8,0,0,0,0.0,0.6011,1.5969,2.6779
A,1,42,Insert-heavy,0.15,0.7,74,300,22200,132.051,141.939,0.7078,23.385,20.705,7.67,6.6,15.1,45.0,59.9,3.332,2.7,8.2,12.4,12.5,130378.2,300089.8,0,0,0,0.0,0.7624,1.5723,3.629
A,1,42,Insert-heavy,0.15,0.7,75,300,22500,177.146,174.444,0.6532,20.439,20.413,21.271,8.0,22.6,61.9,2336.2,3.583,2.9,8.8,12.7,16.7,47011.6,279096.0,0,0,0,0.0,1.0228,1.3743,4.874
A,1,42,Insert-heavy,0.15,0.7,76,300,22800,197.917,223.183,0.5788,23.333,20.381,10.033,9.4,19.2,28.3,81.4,3.315,2.6,8.5,13.3,17.7,99671.1,301689.7,0,0,0,0.0,1.1427,1.5689,2.1278
A,1,42,Insert-heavy,0.15,0.7,77,300,23100,173.043,179.755,0.8237,21.043,20.229,20.875,9.6,29.5,62.3,2719.3,3.563,2.8,9.0,13.5,16.5,47904.2,280636.0,0,1,0,0.003953,0.9991,1.4148,4.6148
A,1,42,Insert-heavy,0.15,0.7,78,300,23400,53.784,61.928,0.68,22.431,20.534,6.358,4.8,18.5,40.1,42.1,3.45,2.8,8.4,11.0,12.0,157290.4,289826.9,0,0,0,0.0,0.3105,1.5082,3.6454
A,1,42,Insert-heavy,0.15,0.7,79,300,23700,115.312,122.214,0.6805,21.375,20.504,13.989,6.2,13.7,46.8,2118.0,3.369,2.7,7.9,10.0,11.6,71486.5,296852.8,0,0,0,0.0,0.6658,1.4372,4.68
A,1,42,Insert-heavy,0.15,0.7,80,300,24000,163.674,174.206,0.7672,22.419,19.685,8.603,7.8,17.0,38.4,55.0,3.369,2.7,8.5,14.7,17.2,116238.5,296824.4,0,0,0,0.0,0.945,1.5074,2.6122
A,1,42,Insert-heavy,0.15,0.7,81,300,24300,287.432,220.646,0.6764,25.622,19.939,17.886,8.2,28.7,36.2,2293.9,3.41,2.7,9.1,13.8,14.9,55910.7,293283.8,0,0,0,0.0,1.6595,1.7227,2.6232
A,1,42,Insert-heavy,0.15,0.7,82,300,24600,313.265,304.713,0.7073,22.306,20.705,13.815,12.3,32.1,54.7,58.3,3.596,2.8,8.9,12.1,14.2,72385.1,278086.5,0,0,0,0.0,1.8086,1.4998,4.5207
A,1,42,Insert-heavy,0.15,0.7,83,300,24900,343.075,350.235,0.7312,20.1,20.485,14.319,12.0,33.4,51.2,52.5,3.292,2.7,7.9,10.8,13.9,69838.9,303735.9,0,0,0,0.0,1.9807,1.3515,4.7407
A,1,42,Insert-heavy,0.15,0.7,84,100,25000,452.5,430.207,0.6902,21.167,20.793,42.231,16.6,57.0,2388.2,2388.2,3.839,2.9,10.2,13.0,13.0,23679.3,260484.4,0,0,0,0.0,2.6125,1.4232,183.7079
A,1,42,Write-heavy,0.1,0.5,1,300,300,39.829,34.404,1.7382,19.629,17.012,15.974,5.1,23.4,47.2,2332.2,2.597,2.2,3.1,3.9,1376.9,62601.7,385104.2,0,1,0,0.003774,0.23,1.3198,12.1025
A,1,42,Write-heavy,0.1,0.5,2,300,600,41.091,41.172,0.6542,20.485,20.011,9.404,5.3,20.7,50.4,398.9,3.067,2.7,7.4,10.2,14.1,106333.9,326051.5,0,0,0,0.0,0.2372,1.3773,4.9412
A,1,42,Write-heavy,0.1,0.5,3,300,900,40.036,50.375,1.0182,22.429,20.114,13.326,5.8,25.6,36.6,1426.4,3.193,2.7,7.5,13.4,16.4,75041.3,313217.8,0,0,0,0.0,0.2311,1.508,2.7313
A,1,42,Write-heavy,0.1,0.5,4,300,1200,59.773,54.108,0.9432,19.773,19.716,8.076,5.8,19.8,31.8,50.8,2.815,2.5,5.7,11.4,12.2,123828.8,355239.7,0,0,0,0.0,0.3451,1.3295,2.7895
A,1,42,Write-heavy,0.1,0.5,5,300,1500,54.529,57.669,1.0168,20.618,20.876,8.721,6.5,21.3,30.4,32.5,3.159,2.7,8.2,12.4,13.5,114665.7,316555.9,0,0,0,0.0,0.3148,1.3863,2.4516
A,1,42,Write-heavy,0.1,0.5,6,300,1800,48.606,66.64,1.142,21.727,19.809,13.125,6.7,21.6,30.2,1441.6,3.011,2.7,6.4,10.4,18.9,76190.5,332079.1,1,0,0,0.003745,0.2806,1.4609,2.9039
A,1,42,Write-heavy,0.1,0.5,7,300,2100,40.235,58.026,0.6489,20.529,19.97,8.384,6.3,20.2,32.2,34.2,3.366,2.7,6.6,15.5,72.8,119274.7,297118.1,0,0,0,0.0,0.2323,1.3803,2.0774
A,1,42,Write-heavy,0.1,0.5,8,300,2400,54.471,56.996,0.7149,20.265,18.865,12.361,6.2,23.4,37.1,1201.6,2.931,2.5,6.9,10.0,10.7,80899.6,341141.8,0,0,0,0.0,0.3145,1.3625,3.71
A,1,42,Write-heavy,0.1,0.5,9,300,2700,44.926,56.681,0.7671,21.519,19.421,7.916,6.3,19.8,24.7,32.8,2.886,2.5,6.8,10.1,11.6,126331.7,346540.8,0,0,0,0.0,0.2594,1.4468,2.4455
A,1,42,Write-heavy,0.1,0.5,10,300,3000,70.385,67.624,0.8289,18.077,19.307,14.993,6.5,27.5,40.3,1738.8,2.956,2.7,6.3,9.5,16.4,66697.8,338333.0,0,0,0,0.0,0.4064,1.2154,4.2421
A,1,42,Write-heavy,0.1,0.5,11,300,3300,63.6,66.233,0.7366,18.2,18.363,8.546,6.6,22.0,28.7,34.1,2.833,2.5,6.4,10.1,15.5,117018.4,353024.1,0,0,0,0.0,0.3672,1.2237,2.8416
A,1,42,Write-heavy,0.1,0.5,12,300,3600,56.292,65.96,1.1021,19.667,20.069,8.001,6.2,20.4,36.5,72.1,2.969,2.6,6.2,13.0,13.5,124984.4,336813.2,0,0,0,0.0,0.325,1.3223,2.8077
A,1,42,Write-heavy,0.1,0.5,13,300,3900,80.708,65.612,0.5688,21.625,19.5,5.096,3.8,11.0,15.0,56.7,2.728,2.4,5.4,9.3,10.6,196232.0,366614.4,0,0,0,0.0,0.466,1.454,1.6129
A,1,42,Write-heavy,0.1,0.5,14,300,4200,84.636,104.809,0.6405,21.152,19.225,12.509,5.6,12.2,16.3,1909.2,2.931,2.6,6.2,9.6,13.0,79942.4,341220.3,0,1,0,0.003745,0.4886,1.4222,1.6979
A,1,42,Write-heavy,0.1,0.5,15,300,4500,119.143,124.958,0.7056,21.771,19.494,7.002,5.9,14.6,25.4,77.9,2.873,2.6,6.6,8.2,10.9,142809.5,348068.4,0,0,0,0.0,0.6879,1.4639,3.0975
A,1,42,Write-heavy,0.1,0.5,16,300,4800,130.452,162.227,0.7076,23.258,19.565,12.082,7.5,15.3,23.3,1282.6,3.007,2.6,7.5,9.5,12.8,82765.5,332520.1,0,0,0,0.0,0.7532,1.5638,2.4526
A,1,42,Write-heavy,0.1,0.5,17,300,5100,142,172.138,0.7829,18.094,20.179,10.197,8.3,24.7,52.7,60.9,3.689,3.1,9.1,13.3,14.5,98068.1,271076.6,0,0,0,0.0,0.8198,1.2166,3.9624
A,1,42,Write-heavy,0.1,0.5,18,300,5400,182.658,199.958,0.7905,19.711,19.302,9.402,9.1,18.1,31.2,33.6,3.084,2.8,6.0,11.1,13.4,106360.4,324254.5,0,0,0,0.0,1.0546,1.3253,2.8108
A,1,42,Write-heavy,0.1,0.5,19,300,5700,194.333,221.133,0.726,20.233,18.848,15.72,9.2,19.5,30.6,1734.2,3.035,2.7,6.5,10.5,18.3,63613.2,329489.6,0,0,0,0.0,1.122,1.3604,2.9143
A,1,42,Write-heavy,0.1,0.5,20,300,6000,273.676,286.471,0.8236,22.054,19.183,12.154,10.8,26.4,45.6,57.4,3.266,2.7,8.3,13.0,15.4,82275.2,306154.0,0,0,0,0.0,1.5801,1.4829,3.5077
A,1,42,Write-heavy,0.1,0.5,21,300,6300,249.423,308.905,0.938,19.577,19.365,12.567,11.1,23.5,47.7,81.8,2.92,2.6,5.7,11.6,12.9,79571.4,342465.7,0,0,0,0.0,1.44,1.3163,4.112
A,1,42,Write-heavy,0.1,0.5,22,300,6600,278.514,326.619,0.8792,18.714,19.268,13.797,12.0,26.9,56.7,61.4,3.1,2.7,7.2,10.2,13.4,72481.3,322546.0,0,0,0,0.0,1.608,1.2583,5.5589
A,1,42,Write-heavy,0.1,0.5,23,300,6900,331.844,338.291,0.9876,20.438,19.209,20.639,11.0,39.4,60.4,1806.0,3.158,2.8,7.3,12.0,15.4,48452.0,316655.8,0,0,0,0.0,1.9159,1.3742,5.0333
A,1,42,Write-heavy,0.1,0.5,24,300,7200,456.297,392.608,0.7435,22.378,19.456,16.762,13.9,41.0,65.3,73.2,3.116,2.7,7.4,10.5,13.9,59659.9,320889.6,0,0,0,0.0,2.6344,1.5047,6.219
A,1,42,Write-heavy,0.1,0.5,25,300,7500,329.185,421.333,0.7799,21.222,20.341,16.164,14.4,34.8,51.6,83.3,3.025,2.7,6.1,11.0,19.3,61867.1,330578.5,0,0,0,0.0,1.9006,1.4269,4.6909
A,1,42,Write-heavy,0.1,0.5,26,300,7800,382.1,438.704,0.8495,21.733,19.222,19.138,15.8,50.7,73.7,86.0,3.489,2.9,8.8,12.5,16.7,52253.0,286614.8,0,0,0,0.0,2.2061,1.4613,5.896
A,1,42,Write-heavy,0.1,0.5,27,300,8100,235.242,368.655,1.1433,18.273,19.277,23.434,13.8,41.2,65.2,2110.0,3.219,2.8,6.8,12.6,15.2,42672.4,310655.6,0,1,0,0.003745,1.3582,1.2286,5.1746
A,1,42,Write-heavy,0.1,0.5,28,300,8400,24.294,26.859,0.6201,19.941,19.081,14.598,6.3,25.8,38.6,1764.8,2.992,2.7,5.9,11.6,16.1,68501.0,334187.5,0,0,0,0.0,0.1403,1.3408,3.3276
A,1,42,Write-heavy,0.1,0.5,29,300,8700,43.351,39.996,0.4798,21.405,19.312,6.789,5.0,16.5,21.1,31.7,3.111,2.8,6.7,10.6,11.9,147297.1,321440.3,0,0,0,0.0,0.2503,1.4392,1.9906
A,1,42,Write-heavy,0.1,0.5,30,300,9000,54.029,57.208,0.8455,19.971,20.306,8.024,6.5,19.9,27.5,32.6,3.317,2.9,7.9,13.1,13.3,124621.0,301447.2,0,0,0,0.0,0.3119,1.3428,2.0992
A,1,42,Write-heavy,0.1,0.5,31,300,9300,56.161,65.639,0.9127,19.968,19.587,7.911,7.0,17.1,28.5,32.1,2.943,2.7,5.8,8.2,12.2,126400.9,339789.5,0,0,0,0.0,0.3242,1.3426,3.4756
A,1,42,Write-heavy,0.1,0.5,32,300,9600,73.147,92.436,1.1276,18.029,19.575,15.031,7.8,20.5,29.2,1828.5,3.151,2.8,7.7,10.8,12.2,66527.7,317392.7,0,0,0,0.0,0.4223,1.2123,2.7037
A,1,42,Write-heavy,0.1,0.5,33,300,9900,122.867,99.404,0.8839,20.067,19.589,9.269,8.5,20.1,30.5,40.7,2.908,2.6,6.0,9.9,17.3,107882.6,343839.6,0,0,0,0.0,0.7094,1.3492,3.0808
A,1,42,Write-heavy,0.1,0.5,34,300,10200,104.062,121.265,1.1217,22.062,20.679,9.992,8.3,23.3,38.8,94.6,3.247,2.8,7.8,15.0,20.6,100076.7,307944.8,0,0,0,0.0,0.6008,1.4834,2.5867
A,1,42,Write-heavy,0.1,0.5,35,300,10500,98.654,128.562,1.0814,21.462,19.215,9.839,8.3,19.4,31.3,95.5,2.895,2.6,5.7,10.9,14.8,101639.8,345423.0,0,0,0,0.0,0.5696,1.443,2.8716
A,1,42,Write-heavy,0.1,0.5,36,300,10800,148.893,133.029,1.1585,20.214,20.121,18.006,9.7,28.9,53.7,2019.0,3.109,2.7,6.7,10.7,15.2,55538.1,321611.7,0,0,0,0.0,0.8596,1.3592,5.0187
A,1,42,Write-heavy,0.1,0.5,37,300,11100,159.478,155.347,1.267,20.087,20.866,12.055,9.6,25.8,48.1,118.0,3.288,2.8,7.0,11.2,18.3,82950.8,304167.2,0,0,0,0.0,0.9207,1.3506,4.2947
A,1,42,Write-heavy,0.1,0.5,38,300,11400,187.222,172.261,0.9781,21.556,20.152,11.205,9.2,25.2,38.1,39.6,3.075,2.6,7.4,12.9,14.1,89243.2,325203.5,0,0,0,0.0,1.0809,1.4493,2.9535
A,1,42,Write-heavy,0.1,0.5,39,300,11700,109.773,183.385,1.1574,22.955,19.432,12.004,9.4,28.1,36.7,54.4,3.116,2.7,7.5,11.8,14.5,83305.6,320924.0,0,0,0,0.0,0.6338,1.5434,3.1102
A,1,42,Write-heavy,0.1,0.5,40,300,12000,179.938,218.377,1.2652,20.938,20.567,19.451,11.0,28.5,60.2,1839.0,3.25,2.7,7.8,15.3,32.3,51410.4,307692.5,0,0,0,0.0,1.0389,1.4078,3.9346
A,1,42,Write-heavy,0.1,0.5,41,300,12300,55.464,94.412,2.0275,22.536,20.048,17.76,7.4,28.1,41.5,2430.0,3.018,2.6,6.7,12.1,15.3,56306.3,331308.6,0,1,0,0.003676,0.3202,1.5152,3.4298
A,1,42,Write-heavy,0.1,0.5,42,300,12600,29.571,34.208,0.7728,20.143,20.275,7.336,4.6,19.7,37.9,41.0,3.196,2.9,7.9,13.0,16.2,136320.3,312858.2,0,0,0,0.0,0.1707,1.3544,2.9154
A,1,42,Write-heavy,0.1,0.5,43,300,12900,42.679,37.136,0.852,22.036,21.562,10.984,3.6,11.5,29.5,1835.1,3.014,2.7,6.8,11.0,15.1,91041.5,331821.7,0,0,0,0.0,0.2464,1.4816,2.6818
A,1,42,Write-heavy,0.1,0.5,44,300,13200,45.769,60.493,0.7425,21.115,21.168,5.76,4.7,12.0,24.3,43.3,3.108,2.7,7.8,12.2,14.6,173601.1,321784.8,0,0,0,0.0,0.2642,1.4197,1.9918
A,1,42,Write-heavy,0.1,0.5,45,300,13500,84.935,99.517,0.8536,23.161,20.818,6.565,5.8,12.4,17.6,31.1,3.007,2.6,7.0,11.1,12.2,152315.2,332557.3,0,0,0,0.0,0.4904,1.5573,1.5856
A,1,42,Write-heavy,0.1,0.5,46,300,13800,97.55,129.786,0.791,23.75,20.104,8.044,7.3,15.8,22.6,30.4,2.917,2.6,8.2,10.3,10.9,124321.4,342779.5,0,0,0,0.0,0.5632,1.5969,2.1942
A,1,42,Write-heavy,0.1,0.5,47,300,14100,167.63,148.044,0.6777,20.111,20.234,15.357,8.0,15.7,26.0,2062.7,2.923,2.6,6.4,11.0,15.7,65115.5,342153.6,0,0,0,0.0,0.9678,1.3522,2.3637
A,1,42,Write-heavy,0.1,0.5,48,300,14400,196.545,175.442,0.7686,21.909,20.345,10.076,9.4,21.7,31.5,43.8,3.23,2.7,8.3,13.4,18.0,99249.1,309566.0,0,0,0,0.0,1.1348,1.4731,2.3507
A,1,42,Write-heavy,0.1,0.5,49,300,14700,77.444,72.092,1.423,24.704,20.571,6.591,3.8,16.8,31.8,60.5,2.981,2.6,6.9,11.1,15.5,151729.8,335420.4,0,0,0,0.0,0.4471,1.661,2.8649
A,1,42,Write-heavy,0.1,0.5,50,300,15000,73.931,84.376,0.6463,19.138,20.871,14.088,5.3,14.4,27.1,2239.9,3.077,2.8,6.5,11.7,18.9,70982.4,324956.8,0,0,0,0.0,0.4268,1.2868,2.3162
A,1,42,Write-heavy,0.1,0.5,51,300,15300,108.214,112.43,0.8959,22.393,21.062,7.186,6.6,14.4,24.0,30.7,3.005,2.7,6.8,11.9,12.2,139153.0,332741.8,0,0,0,0.0,0.6248,1.5056,2.0168
A,1,42,Write-heavy,0.1,0.5,52,300,15600,59.763,94.004,1.3656,22.132,21.073,12.188,4.3,18.8,29.1,1730.5,3.318,2.8,8.2,11.7,14.2,82047.9,301416.6,0,0,0,0.0,0.345,1.4881,2.4872
A,1,42,Write-heavy,0.1,0.5,53,300,15900,83.026,88.336,1.1487,21.421,21.023,5.943,4.3,17.4,26.4,33.5,3.094,2.6,7.4,11.4,13.4,168274.5,323241.2,0,0,0,0.0,0.4794,1.4403,2.3158
A,1,42,Write-heavy,0.1,0.5,54,300,16200,71.419,67.446,0.7346,22.484,21.673,20.253,4.3,20.5,53.3,2274.0,3.305,2.8,7.7,12.6,16.1,49376.2,302602.5,0,1,0,0.003717,0.4123,1.5118,4.2302
A,1,42,Write-heavy,0.1,0.5,55,300,16500,52,58.532,0.8084,23.194,20.599,5.398,4.2,12.1,21.3,89.9,3.007,2.6,6.9,11.3,13.0,185265.5,332594.1,0,0,0,0.0,0.3002,1.5595,1.885
A,1,42,Write-heavy,0.1,0.5,56,300,16800,80.069,82.631,0.7642,21.621,20.723,5.997,5.2,14.8,20.8,36.3,2.904,2.6,6.5,10.4,10.8,166759.2,344392.2,0,0,0,0.0,0.4623,1.4537,2.0
A,1,42,Write-heavy,0.1,0.5,57,300,17100,129.41,103.326,0.7571,23.179,21.843,7.641,6.1,19.5,27.4,88.1,3.351,2.8,8.1,11.6,15.8,130873.0,298447.9,0,0,0,0.0,0.7472,1.5585,2.3621
A,1,42,Write-heavy,0.1,0.5,58,300,17400,119.565,127.504,0.8732,20.565,21.508,14.649,6.5,19.2,26.0,2110.6,3.291,2.7,7.4,14.1,18.5,68264.0,303858.9,0,0,0,0.0,0.6903,1.3828,1.844
A,1,42,Write-heavy,0.1,0.5,59,300,17700,119.4,162.652,0.8327,23.8,20.963,8.622,7.2,19.1,37.7,57.3,3.231,2.7,8.2,12.3,17.0,115977.9,309533.6,0,0,0,0.0,0.6894,1.6003,3.065
A,1,42,Write-heavy,0.1,0.5,60,300,18000,167.96,178.956,0.9162,21.24,21.153,9.634,7.8,21.1,34.8,134.8,3.144,2.7,6.8,12.6,13.1,103802.6,318066.3,0,0,0,0.0,0.9697,1.4281,2.7619
A,1,42,Write-heavy,0.1,0.5,61,300,18300,139.219,205.466,0.9742,20.906,20.892,17.106,8.1,19.2,40.1,2299.1,3.052,2.6,7.4,13.5,19.1,58460.2,327618.4,1,0,0,0.003731,0.8038,1.4057,2.9704
A,1,42,Write-heavy,0.1,0.5,62,300,18600,115.438,153.116,0.7833,18.594,22.224,8.93,6.9,20.9,40.1,62.2,3.342,2.8,7.3,15.1,24.4,111977.9,299192.2,0,0,0,0.0,0.6665,1.2502,2.6556
A,1,42,Write-heavy,0.1,0.5,63,300,18900,118.727,180.828,0.59,20.364,22.12,9.16,7.6,19.6,28.1,33.8,3.438,2.9,7.9,16.2,17.1,109166.3,290894.9,0,0,0,0.0,0.6855,1.3692,1.7346
A,1,42,Write-heavy,0.1,0.5,64,300,19200,164.875,186.486,0.7092,24.708,21.377,9.714,7.7,23.3,30.4,47.7,3.244,2.8,8.0,13.2,16.4,102944.2,308261.8,0,0,0,0.0,0.9519,1.6613,2.303
A,1,42,Write-heavy,0.1,0.5,65,300,19500,160.625,227.446,0.7778,23.167,20.837,18.622,8.7,21.8,63.7,2409.1,3.036,2.6,6.6,13.5,16.4,53699.9,329416.9,0,0,0,0.0,0.9274,1.5577,4.7185
A,1,42,Write-heavy,0.1,0.5,66,300,19800,141.5,228.402,0.7789,18.639,21.246,10.058,8.1,21.4,27.3,44.8,3.014,2.7,7.6,9.9,12.5,99426.7,331785.1,0,0,0,0.0,0.817,1.2532,2.7576
A,1,42,Write-heavy,0.1,0.5,67,300,20100,183.419,196.941,0.8291,20.29,20.907,21.107,9.5,26.5,102.5,2667.1,3.235,2.7,7.7,11.4,18.5,47377.6,309118.8,0,1,0,0.003717,1.059,1.3643,8.9912
A,1,42,Write-heavy,0.1,0.5,68,300,20400,25.429,28.92,0.6851,23.306,21.845,9.774,6.8,24.8,31.0,32.2,3.597,2.9,9.1,13.8,18.2,102308.7,278009.4,0,0,0,0.0,0.1468,1.567,2.2464
A,1,42,Write-heavy,0.1,0.5,69,300,20700,29.781,26.985,0.5277,20.656,21.276,14.955,3.6,20.6,65.5,2512.4,3.195,2.7,7.6,13.2,17.3,66868.8,312988.8,0,0,0,0.0,0.1719,1.3889,4.9621
A,1,42,Write-heavy,0.1,0.5,70,300,21000,61.343,67.109,0.7583,22.714,21.619,5.98,5.0,12.0,26.8,31.1,3.274,2.8,7.9,13.2,16.4,167223.9,305467.4,0,0,0,0.0,0.3542,1.5272,2.0303
A,1,42,Write-heavy,0.1,0.5,71,300,21300,140.235,112.714,0.6224,19.765,20.485,8.637,7.2,20.9,30.3,74.0,3.646,2.9,9.7,14.0,42.6,115780.9,274298.2,0,0,0,0.0,0.8096,1.3289,2.1643
A,1,42,Write-heavy,0.1,0.5,72,300,21600,166.562,160.78,0.6166,24.188,19.948,14.883,8.8,19.0,29.0,1732.8,3.271,2.7,8.8,16.2,23.9,67192.2,305686.0,0,0,0,0.0,0.9616,1.6263,1.7901
A,1,42,Write-heavy,0.1,0.5,73,300,21900,163.273,205.112,0.8119,21.045,20.683,18.543,9.3,17.2,30.1,2646.8,2.974,2.7,5.9,14.8,17.3,53927.7,336210.2,0,0,0,0.0,0.9427,1.415,2.0338
A,1,42,Write-heavy,0.1,0.5,74,300,22200,228.135,184.962,0.8503,18.973,19.578,10.755,8.8,28.8,40.2,51.4,3.21,2.7,8.1,13.3,16.6,92980.0,311558.6,0,0,0,0.0,1.3171,1.2757,3.0226
A,1,42,Write-heavy,0.1,0.5,75,300,22500,36.556,42.451,0.6322,19.083,20.197,4.744,3.8,9.7,22.1,23.4,3.047,2.6,7.2,11.3,23.4,210792.8,328155.9,0,0,0,0.0,0.2111,1.2831,1.9558
A,1,42,Write-heavy,0.1,0.5,76,300,22800,107.812,86.526,0.6141,22.375,21.373,15.881,6.1,18.3,32.7,2562.4,3.329,2.8,9.4,13.2,13.7,62968.3,300420.3,0,0,0,0.0,0.6225,1.5044,2.4773
A,1,42,Write-heavy,0.1,0.5,77,300,23100,141.132,130.076,0.7049,21.263,19.76,7.92,7.5,18.8,24.3,40.7,3.315,2.7,8.6,15.0,22.4,126262.7,301689.3,0,0,0,0.0,0.8148,1.4297,1.62
A,1,42,Write-heavy,0.1,0.5,78,300,23400,193.517,184.218,0.7554,23.138,20.022,9.709,9.3,19.5,30.1,38.7,3.322,2.8,9.5,12.2,17.8,102997.2,301023.3,0,0,0,0.0,1.1173,1.5557,2.4672
A,1,42,Write-heavy,0.1,0.5,79,300,23700,226.725,219.454,0.8197,20.425,20.165,11.805,10.4,26.0,38.4,76.0,3.26,2.8,7.2,13.9,18.0,84709.8,306748.6,0,0,0,0.0,1.309,1.3733,2.7626
A,1,42,Write-heavy,0.1,0.5,80,300,24000,116.297,145.89,1.61,22.514,19.802,8.455,4.5,20.9,38.5,52.2,3.23,2.6,9.3,12.1,12.8,118273.2,309597.6,0,0,0,0.0,0.6714,1.5138,3.1818
A,1,42,Write-heavy,0.1,0.5,81,300,24300,36.8,39.4,0.745,21.52,20.131,16.376,4.5,24.5,40.7,2636.1,3.058,2.7,6.9,10.9,12.2,61066.2,326975.6,0,1,0,0.003636,0.2125,1.4469,3.734
A,1,42,Write-heavy,0.1,0.5,82,300,24600,27.679,30.257,0.6813,18.929,19.702,16.027,4.4,23.0,45.8,2396.2,3.002,2.8,7.4,9.7,11.2,62394.7,333074.3,0,0,0,0.0,0.1598,1.2727,4.7217
A,1,42,Write-heavy,0.1,0.5,83,300,24900,38.533,41.881,0.7541,20.433,20.278,8.377,5.8,26.9,39.4,49.1,3.17,2.7,7.2,11.1,16.3,119369.7,315424.0,0,0,0,0.0,0.2225,1.3739,3.5496
A,1,42,Write-heavy,0.1,0.5,84,100,25000,69,63.404,0.8124,22.455,20.371,9.826,6.7,28.4,39.6,39.6,3.578,2.9,11.0,16.1,16.1,101770.8,279485.1,0,0,0,0.0,0.3984,1.5098,2.4596
A,1,42,Insert-flood,0.02,0.97,1,300,300,28.917,35.771,0.7045,18.333,19.151,14.188,4.4,19.7,41.8,2330.4,4.678,2.3,3.3,4.0,60482.5,70482.1,213759.3,0,1,0,0.003472,0.167,1.2327,10.4499
A,1,42,Insert-flood,0.02,0.97,2,300,600,78.429,46.167,0.4946,23.286,23.949,10.533,4.2,14.9,34.3,1610.9,2.997,2.8,4.2,10.3,11.3,94942.7,333704.3,0,0,0,0.0,0.4528,1.5657,3.3301
A,1,42,Insert-flood,0.02,0.97,3,300,900,127.75,93.044,0.6552,29,22.797,6.006,5.2,13.4,19.3,50.8,2.795,2.7,3.8,6.5,11.6,166500.1,357739.4,0,0,0,0.0,0.7376,1.9499,2.9693
A,1,42,Insert-flood,0.02,0.97,4,300,1200,222.5,159.372,0.7341,20,23.742,13.076,7.1,15.0,24.3,1608.5,3.008,2.8,3.9,8.4,13.0,76476.0,332446.7,0,0,0,0.0,1.2846,1.3447,2.8929
A,1,42,Insert-flood,0.02,0.97,5,300,1500,36,101.488,0.459,27.333,23.586,11.55,4.3,13.8,32.2,1706.9,2.799,2.7,3.9,6.6,9.7,86582.6,357227.8,0,0,0,0.0,0.2078,1.8378,4.8788
A,1,42,Insert-flood,0.02,0.97,6,300,1800,108,128.911,0.7253,22.25,23.795,6.53,6.2,12.5,15.3,27.0,2.931,2.8,4.0,8.4,16.8,153147.2,341141.9,0,0,0,0.0,0.6235,1.496,1.8214
A,1,42,Insert-flood,0.02,0.97,7,300,2100,155.5,184.459,1.0536,23.5,24.041,15.826,8.0,23.5,44.2,1947.4,3.072,2.8,4.5,10.3,13.5,63185.8,325520.5,0,1,0,0.003401,0.8978,1.5801,4.2913
A,1,42,Insert-flood,0.02,0.97,8,300,2400,87.667,58.515,0.2567,35,24.495,11.392,5.0,17.2,38.6,1494.3,3.01,2.9,4.0,5.4,12.4,87780.9,332262.9,0,0,0,0.0,0.5061,2.3533,7.1481
A,1,42,Insert-flood,0.02,0.97,9,300,2700,144.286,107.751,0.6973,23,23.625,6.089,5.3,11.4,15.6,30.5,2.896,2.8,4.1,8.8,9.5,164221.5,345304.0,0,0,0,0.0,0.833,1.5465,1.7727
A,1,42,Insert-flood,0.02,0.97,10,300,3000,95.125,159.301,0.78,18,23.562,12.686,6.0,15.2,17.2,1551.8,2.951,2.9,3.9,6.8,8.9,78827.0,338906.5,0,0,0,0.0,0.5492,1.2103,2.5294
A,1,42,Insert-flood,0.02,0.97,11,300,3300,127.125,212.497,0.6142,26.5,24.503,9.298,7.5,19.7,27.7,46.6,3.144,2.9,4.2,10.6,12.5,107550.0,318099.7,0,0,0,0.0,0.734,1.7818,2.6132
A,1,42,Insert-flood,0.02,0.97,12,300,3600,238.917,254.587,1.0965,22.083,24.295,15.499,7.6,23.5,41.9,1556.2,2.979,2.8,4.1,9.3,12.6,64521.7,335682.6,0,0,0,0.0,1.3794,1.4848,4.5054
A,1,42,Insert-flood,0.02,0.97,13,300,3900,281.667,358.313,1.4846,18.333,24.037,13.354,10.5,27.5,51.4,82.7,2.958,2.8,3.9,7.6,12.1,74883.9,338066.3,0,0,0,0.0,1.6262,1.2327,6.7632
A,1,42,Insert-flood,0.02,0.97,14,300,4200,478.167,294.483,0.7908,25.833,23.963,20.529,9.7,32.7,63.8,1974.6,3.103,2.9,4.4,10.6,12.2,48710.8,322233.7,0,1,0,0.003401,2.7607,1.737,6.0189
A,1,42,Insert-flood,0.02,0.97,15,300,4500,60.625,59.397,0.8284,25.875,24.271,10.723,4.7,16.9,33.3,1466.0,3.036,2.9,4.2,10.0,13.3,93254.6,329417.3,0,0,0,0.0,0.35,1.7398,3.33
A,1,42,Insert-flood,0.02,0.97,16,300,4800,186,118.329,0.3117,23,22.671,6.365,5.6,11.7,17.1,17.7,2.867,2.8,3.9,5.4,7.6,157117.4,348837.0,0,0,0,0.0,1.0739,1.5465,3.1666
A,1,42,Insert-flood,0.02,0.97,17,300,5100,76.667,173.542,0.3503,21.667,24.034,13.176,7.0,15.4,32.1,1584.6,2.929,2.9,3.9,4.9,8.0,75893.7,341413.3,0,0,0,0.0,0.4426,1.4568,6.551
A,1,42,Insert-flood,0.02,0.97,18,300,5400,291.333,274.925,0.9792,23.5,24.571,10.917,9.4,20.5,30.2,49.3,3.07,3.0,4.2,9.0,10.8,91603.0,325768.5,0,0,0,0.0,1.682,1.5801,3.3556
A,1,42,Insert-flood,0.02,0.97,19,300,5700,333.667,328.065,0.7295,24.167,23.418,18.412,11.5,26.6,33.7,1636.1,3.093,2.9,4.1,10.1,11.2,54311.4,323276.1,0,0,0,0.0,1.9264,1.6249,3.3366
A,1,42,Insert-flood,0.02,0.97,20,300,6000,563.429,394.348,0.5828,26.571,24.017,15.074,13.3,32.8,47.3,64.0,3.139,2.9,4.3,9.4,13.4,66337.9,318606.8,0,0,0,0.0,3.253,1.7866,5.0319
A,1,42,Insert-flood,0.02,0.97,21,300,6300,170.455,343.785,1.5639,23.909,22.232,27.098,12.1,35.2,58.3,1951.7,3.151,2.9,4.3,10.6,14.2,36903.5,317326.1,0,1,0,0.00346,0.9841,1.6076,5.5
A,1,42,Insert-flood,0.02,0.97,22,300,6600,60,79.202,0.8718,34,24.966,6.803,5.5,14.9,32.1,37.0,2.944,2.9,3.8,6.1,8.6,146994.0,339635.9,0,0,0,0.0,0.3464,2.2861,5.2624
A,1,42,Insert-flood,0.02,0.97,23,300,6900,117.4,144.956,0.8529,28.8,23.725,13.239,8.4,18.6,27.0,1306.2,3.112,2.9,4.8,8.3,15.5,75534.4,321301.9,0,0,0,0.0,0.6778,1.9364,3.253
A,1,42,Insert-flood,0.02,0.97,24,300,7200,177.375,201.325,0.7741,22.375,24.712,14.412,9.3,18.7,25.0,1327.0,2.994,2.9,4.1,7.8,8.4,69385.0,334001.0,0,0,0,0.0,1.0241,1.5044,3.2051
A,1,42,Insert-flood,0.02,0.97,25,300,7500,239.571,300.386,1.2034,26.143,24.324,13.272,11.9,25.2,38.1,65.7,3.19,3.0,4.5,10.4,11.0,75348.5,313479.1,0,0,0,0.0,1.3832,1.7578,3.6635
A,1,42,Insert-flood,0.02,0.97,26,300,7800,547.5,386.936,0.474,26.5,23.51,22.522,15.8,32.5,70.1,1781.8,3.146,2.9,4.2,10.9,15.1,44401.0,317830.0,0,0,0,0.0,3.161,1.7818,6.4312
A,1,42,Insert-flood,0.02,0.97,27,300,8100,508.857,414.334,0.921,27.143,24.567,17.908,14.9,39.6,66.9,77.0,3.309,3.1,4.6,8.1,17.6,55841.0,302175.8,0,0,0,0.0,2.9379,1.825,8.2592
A,1,42,Insert-flood,0.02,0.97,28,300,8400,348.5,370.979,1.35,21.625,24.065,27.865,10.9,39.5,83.4,2390.9,3.23,3.0,4.4,11.1,12.0,35887.3,309629.9,0,1,0,0.003425,2.0121,1.454,7.5135
A,1,42,Insert-flood,0.02,0.97,29,300,8700,77.2,87.149,0.7381,24,24.519,6.786,5.7,15.3,31.4,32.6,3.093,3.0,4.3,8.0,12.6,147369.4,323311.4,0,0,0,0.0,0.4457,1.6137,3.925
A,1,42,Insert-flood,0.02,0.97,30,300,9000,215,160.587,0.6336,34,23.188,15.507,8.3,20.5,32.8,1843.8,3.295,3.0,4.9,12.8,15.5,64485.6,303490.1,0,0,0,0.0,1.2413,2.2861,2.5625
A,1,42,Insert-flood,0.02,0.97,31,300,9300,219,249.256,0.8998,23.857,24.556,12.198,11.4,24.0,36.4,73.0,3.474,3.1,6.8,9.9,14.1,81982.9,287852.3,0,0,0,0.0,1.2644,1.6041,3.6767
A,1,42,Insert-flood,0.02,0.97,32,300,9600,149,333.87,1.0163,26.857,23.706,21.072,13.6,28.7,46.9,1957.3,3.306,3.1,5.0,12.2,17.4,47455.6,302449.9,0,0,0,0.0,0.8603,1.8058,3.8443
A,1,42,Insert-flood,0.02,0.97,33,300,9900,508.5,415.834,1.0138,17.25,22.736,15.499,14.1,33.6,43.0,82.1,2.965,2.8,4.3,6.6,7.2,64520.3,337306.2,0,0,0,0.0,2.9358,1.1598,6.5151
A,1,42,Insert-flood,0.02,0.97,34,300,10200,672.636,510.048,0.618,23.182,21.869,26.104,17.6,42.0,85.4,1919.5,3.31,3.1,5.5,9.6,16.7,38307.8,302084.1,0,0,0,0.0,3.8835,1.5587,8.8958
A,1,42,Insert-flood,0.02,0.97,35,300,10500,250.333,396.764,1.3693,20.667,21.926,33.108,16.5,57.7,112.8,2793.2,3.464,3.1,6.4,8.0,10.9,30204.5,288684.0,0,1,0,0.003367,1.4453,1.3896,14.0999
A,1,42,Insert-flood,0.02,0.97,36,300,10800,48.5,51.635,0.6977,28.25,22.889,11.784,4.8,17.9,31.6,1603.3,3.238,2.9,4.0,11.7,36.7,84860.8,308864.7,1,0,0,0.003378,0.28,1.8995,2.7008
A,1,42,Insert-flood,0.02,0.97,37,300,11100,70,84.18,0.6687,21.167,22.83,7.365,5.9,17.8,37.8,62.8,3.232,2.9,5.3,9.9,20.4,135771.1,309374.5,0,0,0,0.0,0.4041,1.4232,3.8182
A,1,42,Insert-flood,0.02,0.97,38,300,11400,86.167,118.663,1.0681,29,22.129,12.598,6.0,11.7,18.9,1872.2,2.912,2.7,3.9,9.5,13.1,79375.6,343446.0,0,0,0,0.0,0.4975,1.9499,1.9895
A,1,42,Insert-flood,0.02,0.97,39,300,11700,158.4,161.231,0.6823,19.6,22.169,7.577,6.5,14.7,28.9,47.1,2.849,2.7,4.0,8.5,10.6,131972.6,351000.6,0,0,0,0.0,0.9145,1.3179,3.4
A,1,42,Insert-flood,0.02,0.97,40,300,12000,103.778,206.206,0.7455,22.556,21.938,15.473,7.6,17.7,40.2,1929.4,2.979,2.8,4.2,12.5,12.9,64628.7,335720.5,0,0,0,0.0,0.5992,1.5166,3.216
A,1,42,Insert-flood,0.02,0.97,41,300,12300,267.833,271.956,0.7717,15.167,22.537,10.601,9.2,20.2,30.2,66.3,2.895,2.7,3.9,9.7,15.2,94333.7,345422.8,0,0,0,0.0,1.5463,1.0198,3.1134
A,1,42,Insert-flood,0.02,0.97,42,300,12600,207,197.743,1.1179,29.5,22.392,17.906,7.4,24.1,46.5,2182.4,3.043,2.9,4.3,7.7,11.8,55847.2,328586.9,0,1,0,0.003378,1.1951,1.9835,6.0389
A,1,42,Insert-flood,0.02,0.97,43,300,12900,72,74.29,0.3545,30,23.334,9.333,4.6,7.8,32.1,1280.5,3.01,2.8,4.1,10.9,24.3,107150.5,332262.8,1,0,0,0.003413,0.4157,2.0171,2.945
A,1,42,Insert-flood,0.02,0.97,44,300,13200,206,143.868,0.3404,34,23.169,7.4,6.7,13.5,32.7,52.6,2.844,2.7,3.7,8.7,10.7,135135.1,351617.4,0,0,0,0.0,1.1893,2.2861,3.7586
A,1,42,Insert-flood,0.02,0.97,45,300,13500,111.333,144.565,0.6911,26.333,22.912,13.502,6.1,13.4,31.1,1899.0,2.898,2.7,4.1,9.0,12.2,74063.1,345105.5,1,0,0,0.003401,0.6428,1.7706,3.4555
A,1,42,Insert-flood,0.02,0.97,46,300,13800,148.2,181.566,0.6035,22,23.217,14.001,6.8,15.7,18.8,1858.0,2.816,2.7,3.8,5.7,9.6,71423.4,355113.8,0,0,0,0.0,0.8556,1.4792,3.2982
A,1,42,Insert-flood,0.02,0.97,47,300,14100,178,230.969,0.7414,27.111,23.302,10.052,8.5,19.9,41.8,70.6,3.201,2.9,4.9,13.1,14.7,99486.0,312369.8,0,0,0,0.0,1.0277,1.8229,3.1908
A,1,42,Insert-flood,0.02,0.97,48,300,14400,225.636,272.052,0.8105,21.545,23.958,18.517,9.3,24.2,69.4,2196.6,3.127,2.9,4.8,10.0,15.7,54005.4,319761.4,0,0,0,0.0,1.3027,1.4487,6.94
A,1,42,Insert-flood,0.02,0.97,49,300,14700,152.222,182.103,1.1002,22.222,23.034,19.462,8.9,25.2,36.0,2494.4,3.067,2.9,4.3,9.0,12.3,51381.3,326086.9,0,1,0,0.003436,0.8789,1.4942,4.0
A,1,42,Insert-flood,0.02,0.97,50,300,15000,19,28.355,0.8712,30.5,23.074,13.931,6.3,23.7,35.5,1644.1,3.039,2.9,3.9,8.2,10.6,71782.3,329055.9,0,0,0,0.0,0.1097,2.0507,4.3293
A,1,42,Insert-flood,0.02,0.97,51,300,15300,29.4,38.746,0.8169,24.4,23.142,5.456,3.9,15.1,18.5,53.2,2.846,2.7,3.8,8.3,9.5,183273.2,351329.2,0,0,0,0.0,0.1697,1.6406,2.2289
A,1,42,Insert-flood,0.02,0.97,52,300,15600,181.75,128.108,0.6934,24.5,23.078,13.216,7.2,14.5,20.9,1736.4,2.951,2.8,3.8,7.5,10.4,75665.9,338829.7,0,0,0,0.0,1.0493,1.6473,2.7866
A,1,42,Insert-flood,0.02,0.97,53,300,15900,180.125,229.332,0.8198,28.75,23.014,10.252,9.8,16.8,23.8,28.1,2.953,2.8,4.0,7.5,13.0,97541.9,338638.8,0,0,0,0.0,1.04,1.9331,3.1733
A,1,42,Insert-flood,0.02,0.97,54,300,16200,238.75,323.103,0.7784,21,24.017,19.274,11.9,24.3,29.5,1897.0,3.025,2.9,4.0,8.5,9.9,51883.4,330542.3,0,0,0,0.0,1.3784,1.412,3.4706
A,1,42,Insert-flood,0.02,0.97,55,300,16500,353.5,412.639,0.6634,27.333,22.901,16.255,15.2,30.6,50.8,63.4,3.164,2.9,4.6,10.6,12.6,61519.5,316055.2,0,0,0,0.0,2.0409,1.8378,4.7924
A,1,42,Insert-flood,0.02,0.97,56,300,16800,176.444,254.107,1.6627,30.111,23.711,19.841,11.1,29.7,44.3,1914.4,3.158,3.0,4.3,9.9,10.7,50399.8,316622.6,0,1,0,0.003436,1.0187,2.0246,4.4747
A,1,42,Insert-flood,0.02,0.97,57,300,17100,41.091,40.817,0.6196,21.273,23.17,10.312,4.4,16.6,35.0,1246.2,3.058,2.9,4.3,7.3,10.4,96974.4,326975.6,0,0,0,0.0,0.2372,1.4303,4.7946
A,1,42,Insert-flood,0.02,0.97,58,300,17400,154.143,106.205,0.6322,25.286,24.051,6.914,6.8,12.0,18.7,22.0,2.953,2.8,3.9,8.2,10.8,144641.1,338677.0,0,0,0,0.0,0.8899,1.7001,2.2805
A,1,42,Insert-flood,0.02,0.97,59,300,17700,122.6,91.427,1.6347,20.4,22.881,11.297,4.5,15.0,41.9,1407.2,3.968,2.9,5.5,12.4,265.2,88519.1,252015.9,0,0,0,0.0,0.7078,1.3716,3.379
A,1,42,Insert-flood,0.02,0.97,60,300,18000,149.333,93.031,0.5503,29.667,23.5,5.876,5.1,10.1,17.8,64.5,2.728,2.6,3.6,7.5,10.0,170174.0,366613.4,0,0,0,0.0,0.8622,1.9947,2.3733
A,1,42,Insert-flood,0.02,0.97,61,300,18300,219.8,179.376,0.9689,27.8,23.678,14.763,8.5,18.9,66.2,1649.6,3.084,2.7,5.0,8.2,31.4,67736.9,324254.0,0,0,0,0.0,1.269,1.8692,8.0732
A,1,42,Insert-flood,0.02,0.97,62,300,18600,334.286,263.877,0.5583,29.714,24.406,10.97,9.8,19.9,35.8,64.1,2.885,2.7,3.9,7.1,12.2,91157.7,346660.2,0,0,0,0.0,1.93,1.9979,5.0422
A,1,42,Insert-flood,0.02,0.97,63,300,18900,188.25,183.086,1.1852,22.5,23.682,20.59,8.7,25.6,39.5,2870.2,2.908,2.8,4.1,7.2,12.1,48566.5,343879.0,0,1,0,0.003425,1.0869,1.5128,5.4862
A,1,42,Insert-flood,0.02,0.97,64,300,19200,56.6,31.603,0.6446,24.8,23.729,12.594,6.7,18.9,41.5,1106.6,2.933,2.8,3.9,7.7,11.4,79405.0,340909.6,0,0,0,0.0,0.3268,1.6675,5.3896
A,1,42,Insert-flood,0.02,0.97,65,300,19500,55.143,41.818,0.8096,27.429,24.21,5.551,4.1,14.2,21.5,27.6,3.003,2.8,4.4,9.6,10.3,180137.0,332962.9,0,0,0,0.0,0.3184,1.8442,2.2396
A,1,42,Insert-flood,0.02,0.97,66,300,19800,17,38.672,0.8207,22.25,23.189,8.934,3.3,10.4,36.6,1418.6,2.675,2.6,3.6,5.4,8.0,111931.9,373878.4,0,0,0,0.0,0.0981,1.496,6.7777
A,1,42,Insert-flood,0.02,0.97,67,300,20100,104.857,104.918,0.3571,32,23.205,6.007,5.2,10.5,17.3,58.4,3.074,2.8,4.3,9.1,32.7,166481.6,325308.8,0,0,0,0.0,0.6054,2.1516,1.9011
A,1,42,Insert-flood,0.02,0.97,68,300,20400,261.6,219.719,0.5945,23.2,23.492,14.291,8.9,16.3,31.5,1582.2,2.837,2.7,4.0,6.1,7.8,69974.1,352485.1,0,0,0,0.0,1.5103,1.5599,5.164
A,1,42,Insert-flood,0.02,0.97,69,300,20700,278.429,356.645,0.8767,20.429,23.686,13.214,12.7,24.8,26.5,49.3,3.12,2.9,4.6,8.4,15.6,75675.4,320512.9,0,0,0,0.0,1.6075,1.3736,3.1548
A,1,42,Insert-flood,0.02,0.97,70,300,21000,369.375,249.993,0.9537,25.875,23.836,27.78,10.5,31.4,74.8,3017.6,3.104,2.9,4.1,10.4,14.3,35997.5,322164.6,0,1,0,0.003425,2.1326,1.7398,7.1923
A,1,42,Insert-flood,0.02,0.97,71,300,21300,49.286,47.15,0.8821,22,23.471,4.991,4.1,9.9,38.6,39.6,2.849,2.8,3.8,7.0,7.6,200360.6,351000.2,0,0,0,0.0,0.2846,1.4792,5.5142
A,1,42,Insert-flood,0.02,0.97,72,300,21600,54.5,56.193,0.7775,22.25,22.193,11.538,4.2,7.8,14.9,2079.3,2.876,2.7,4.4,6.7,7.6,86672.6,347705.2,0,0,0,0.0,0.3147,1.496,2.2239
A,1,42,Insert-flood,0.02,0.97,73,300,21900,103.4,129.007,1.2427,24.8,25.014,6.209,5.9,10.3,11.9,57.6,2.887,2.7,4.0,7.7,14.2,161056.6,346340.3,0,0,0,0.0,0.597,1.6675,1.5455
A,1,42,Insert-flood,0.02,0.97,74,300,22200,141.5,195.203,0.9831,16.5,23.902,15.461,7.7,15.9,19.5,2166.3,2.879,2.8,4.2,6.0,8.0,64680.3,347302.5,0,0,0,0.0,0.817,1.1094,3.25
A,1,42,Insert-flood,0.02,0.97,75,300,22500,360.889,264.179,0.6145,33,24.079,10.543,9.2,20.4,41.2,62.0,2.92,2.7,4.0,11.9,13.3,94852.7,342465.3,0,0,0,0.0,2.0836,2.2188,3.4622
A,1,42,Insert-flood,0.02,0.97,76,300,22800,208.5,327.718,0.7563,29.5,22.923,18.55,10.3,24.5,43.7,2052.4,2.76,2.7,3.8,4.4,11.1,53907.4,362362.7,0,0,0,0.0,1.2038,1.9835,9.9318
A,1,42,Insert-flood,0.02,0.97,77,300,23100,196.529,106.29,1.5184,25.529,24.325,14.805,5.0,27.4,60.9,1834.4,3.12,2.9,5.0,9.5,10.9,67546.2,320479.2,0,1,0,0.003534,1.1347,1.7165,6.4105
A,1,42,Insert-flood,0.02,0.97,78,300,23400,49.333,55.83,0.5916,23.167,23.476,12.85,5.6,18.9,38.2,1515.7,3.002,2.8,4.0,7.3,13.1,77823.0,333074.5,0,0,0,0.0,0.2848,1.5577,5.2329
A,1,42,Insert-flood,0.02,0.97,79,300,23700,20.6,78.336,1.0011,37.6,24.464,7.73,6.1,18.7,33.2,56.7,3.113,3.0,4.0,9.4,14.9,129360.5,321199.2,0,0,0,0.0,0.1189,2.5281,3.5319
A,1,42,Insert-flood,0.02,0.97,80,300,24000,111.1,96.917,1.4241,25.2,23.593,12.079,5.7,13.1,27.1,1678.6,2.971,2.8,4.1,8.6,10.4,82790.6,336549.3,0,0,0,0.0,0.6414,1.6944,3.1511
A,1,42,Insert-flood,0.02,0.97,81,300,24300,123,135.443,1.1476,21.444,23.326,7.454,6.7,16.2,21.5,23.0,3.006,2.8,4.5,8.8,27.7,134156.2,332631.1,0,0,0,0.0,0.7101,1.4419,2.4432
A,1,42,Insert-flood,0.02,0.97,82,300,24600,55.5,154.806,1.0579,20.167,23.83,13.596,6.3,17.5,20.1,1737.1,2.836,2.7,3.7,6.5,7.5,73549.2,352568.1,0,0,0,0.0,0.3204,1.356,3.0923
A,1,42,Insert-flood,0.02,0.97,83,300,24900,155.286,208.567,1.4495,24.429,23.457,9.846,7.7,21.6,36.5,53.0,2.977,2.8,4.0,9.3,13.5,101567.6,335908.4,0,0,0,0.0,0.8965,1.6425,3.9248
A,1,42,Insert-flood,0.02,0.97,84,100,25000,93,220.704,1.1405,23,22.52,10.217,8.1,22.2,24.9,24.9,2.789,2.7,3.9,9.3,9.3,97876.1,358551.3,0,0,0,0.0,0.5369,1.5465,2.6774
A,1,42,Delete-flood,0.02,0.05,1,300,300,204.5,44.581,1.2482,25.5,18.292,16.963,4.9,27.6,40.2,2016.7,4.451,2.3,3.3,4.2,54907.9,58951.8,224686.6,0,1,0,0.003356,1.1807,1.7146,9.5713
A,1,42,Delete-flood,0.02,0.05,2,300,600,23.667,31.027,0.6068,17.889,19.742,7.04,4.2,20.2,30.7,33.7,2.285,2.0,4.0,7.7,18.2,142045.4,437700.2,0,0,0,0.0,0.1366,1.2028,3.987
A,1,42,Delete-flood,0.02,0.05,3,300,900,24.875,32.099,0.6278,21.375,19.932,6.735,4.4,17.7,28.9,31.6,2.347,2.1,3.8,8.2,9.1,148485.6,426014.8,0,0,0,0.0,0.1436,1.4372,3.5244
A,1,42,Delete-flood,0.02,0.05,4,300,1200,31.4,32.678,0.6943,22,20.247,6.322,4.3,17.8,27.1,32.6,2.215,2.0,3.6,4.7,8.1,158186.1,451536.0,0,0,0,0.0,0.1813,1.4792,5.7661
A,1,42,Delete-flood,0.02,0.05,5,300,1500,40.286,35.532,0.4836,20.857,20.901,6.273,4.1,15.6,30.5,32.8,2.322,2.1,4.1,8.2,9.9,159413.3,430724.9,0,0,0,0.0,0.2326,1.4024,3.7195
A,1,42,Delete-flood,0.02,0.05,6,300,1800,32.429,35.259,0.6312,22.429,20.177,6.295,4.6,16.6,23.8,27.5,2.32,2.0,3.9,6.9,9.5,158856.1,430972.9,0,0,0,0.0,0.1872,1.508,3.4493
A,1,42,Delete-flood,0.02,0.05,7,300,2100,30.125,35.877,0.6107,21.75,20.517,6.875,4.7,17.4,22.2,24.3,2.291,2.1,3.5,5.6,8.3,145447.7,436490.4,0,0,0,0.0,0.1739,1.4624,3.9642
A,1,42,Delete-flood,0.02,0.05,8,300,2400,35.5,36.341,0.7733,23.5,20.601,6.142,4.4,16.9,22.0,28.4,2.261,2.1,3.5,5.3,9.8,162804.5,442282.1,0,0,0,0.0,0.205,1.5801,4.1509
A,1,42,Delete-flood,0.02,0.05,9,300,2700,40.5,35.779,0.6833,19.5,19.616,6.469,4.6,15.5,20.3,23.8,2.22,2.0,3.7,5.2,8.4,154591.4,450450.4,0,0,0,0.0,0.2338,1.3111,3.9039
A,1,42,Delete-flood,0.02,0.05,10,300,3000,22.5,25.455,1.0552,26,20.592,3.81,2.8,10.4,14.2,16.4,2.257,2.0,3.5,8.5,10.9,262467.3,442999.8,0,0,0,0.0,0.1299,1.7482,1.6706
A,1,42,Delete-flood,0.02,0.05,11,300,3300,11.4,27.414,0.7811,20,20.685,4.033,3.0,10.9,15.0,41.9,2.236,2.0,3.6,5.0,7.3,247974.9,447160.3,0,0,0,0.0,0.0658,1.3447,3.0
A,1,42,Delete-flood,0.02,0.05,12,300,3600,25.125,27.158,1.2959,20.375,20.164,3.868,2.6,11.7,14.9,17.3,2.213,2.0,3.6,5.9,9.1,258553.8,451942.6,0,0,0,0.0,0.1451,1.37,2.5254
A,1,42,Delete-flood,0.02,0.05,13,300,3900,27.5,29.811,1.3864,19,19.608,4.047,3.0,10.8,16.2,25.3,2.123,2.0,3.4,4.8,5.4,247096.7,470957.6,0,0,0,0.0,0.1588,1.2775,3.375
A,1,42,Delete-flood,0.02,0.05,14,300,4200,13.5,29.72,0.2869,20.75,19.47,3.903,2.7,10.4,14.6,16.4,2.101,1.9,3.2,5.6,8.0,256234.8,475963.7,0,0,0,0.0,0.0779,1.3952,2.6071
A,1,42,Delete-flood,0.02,0.05,15,300,4500,52.333,31.776,0.645,22.333,19.616,4.345,3.1,11.4,20.0,23.2,2.267,2.1,3.6,6.5,8.0,230167.0,441047.2,0,0,0,0.0,0.3021,1.5016,3.0769
A,1,42,Delete-flood,0.02,0.05,16,300,4800,16.286,33.331,0.6899,24.286,20.089,4.258,3.1,11.6,19.8,22.2,2.233,2.0,3.6,7.1,8.0,234852.0,447761.1,0,0,0,0.0,0.094,1.6329,2.7887
A,1,42,Delete-flood,0.02,0.05,17,300,5100,34.4,35.58,0.8195,22,20.403,4.208,3.0,11.2,18.3,27.7,2.174,2.0,3.4,5.6,10.2,237661.5,459981.1,0,0,0,0.0,0.1986,1.4792,3.2678
A,1,42,Delete-flood,0.02,0.05,18,300,5400,46.714,38.328,0.7927,25.143,19.785,9.404,3.3,12.3,17.4,1484.0,2.305,2.1,4.0,8.4,9.0,106337.7,433777.0,0,0,0,0.0,0.2697,1.6905,2.0714
A,1,42,Delete-flood,0.02,0.05,19,300,5700,46.75,37.588,0.4371,19.75,22.253,4.711,3.5,15.0,22.6,23.6,2.283,2.1,3.8,5.4,7.1,212254.3,438020.0,0,0,0,0.0,0.2699,1.3279,4.1852
A,1,42,Delete-flood,0.02,0.05,20,300,6000,26,45.031,0.6146,21.429,20.119,4.551,3.8,11.3,15.8,33.1,2.255,2.1,3.7,6.1,7.2,219748.2,443459.9,0,0,0,0.0,0.1501,1.4408,2.5901
A,1,42,Delete-flood,0.02,0.05,21,300,6300,57.4,43.725,0.7011,23.6,19.969,4.814,3.8,13.1,21.4,28.1,2.323,2.1,3.6,7.2,14.4,207712.8,430540.0,0,0,0,0.0,0.3314,1.5868,2.9722
A,1,42,Delete-flood,0.02,0.05,22,300,6600,41.857,44.239,0.6217,16,19.314,4.62,3.7,11.8,23.5,31.5,2.173,2.0,3.3,6.2,7.3,216434.5,460193.0,0,0,0,0.0,0.2417,1.0758,3.7903
A,1,42,Delete-flood,0.02,0.05,23,300,6900,49.667,48.326,0.7815,24.889,20.608,4.148,3.8,8.3,13.2,15.0,2.262,2.0,3.6,6.8,9.2,241099.2,442021.3,0,0,0,0.0,0.2868,1.6735,1.9412
A,1,42,Delete-flood,0.02,0.05,24,300,7200,81.333,49.109,0.658,27.333,20,4.888,4.1,12.2,18.7,19.5,2.315,2.0,3.7,6.9,12.5,204568.6,432028.4,0,0,0,0.0,0.4696,1.8378,2.7101
A,1,42,Delete-flood,0.02,0.05,25,300,7500,43.444,49.378,0.8915,20.667,20.021,4.944,4.3,12.9,17.0,19.3,2.273,2.0,3.7,7.2,7.8,202252.0,440010.9,0,0,0,0.0,0.2508,1.3896,2.3611
A,1,42,Delete-flood,0.02,0.05,26,300,7800,45.667,54.252,0.6117,20.5,20.378,4.533,4.1,9.5,16.6,18.0,2.182,2.0,3.3,6.4,8.9,220620.8,458294.9,0,0,0,0.0,0.2637,1.3784,2.5937
A,1,42,Delete-flood,0.02,0.05,27,300,8100,61.778,60.089,0.7319,23.333,20.474,5.703,4.5,14.8,27.8,38.7,2.348,2.1,4.0,7.2,8.0,175335.9,425956.2,0,0,0,0.0,0.3567,1.5689,3.8611
A,1,42,Delete-flood,0.02,0.05,28,300,8400,68.222,57.131,0.6712,27.333,19.732,4.968,4.4,12.7,20.7,23.1,2.252,2.0,3.6,9.3,15.2,201301.6,443984.8,0,0,0,0.0,0.3939,1.8378,2.2258
A,1,42,Delete-flood,0.02,0.05,29,300,8700,48.5,60.662,0.8271,21.25,20.584,4.914,4.4,11.3,20.0,32.3,2.156,2.0,3.4,5.6,8.8,203500.3,463822.9,0,0,0,0.0,0.28,1.4288,3.5714
A,1,42,Delete-flood,0.02,0.05,30,300,9000,68.571,55.891,0.4759,22,19.485,5.327,4.4,13.5,21.7,26.9,2.258,2.0,3.8,6.3,9.5,187722.8,442804.5,0,0,0,0.0,0.3959,1.4792,3.4445
A,1,42,Delete-flood,0.02,0.05,31,300,9300,99.333,58.017,0.5642,27.333,20.68,4.756,4.4,9.7,15.0,18.2,2.212,2.1,3.5,5.7,7.2,210275.2,452011.2,0,0,0,0.0,0.5735,1.8378,2.6316
A,1,42,Delete-flood,0.02,0.05,32,300,9600,64.25,63.284,0.9002,16.75,20.399,4.754,4.3,9.9,14.7,21.3,2.114,2.0,3.3,4.9,8.9,210364.1,473112.0,0,0,0,0.0,0.3709,1.1262,3.0
A,1,42,Delete-flood,0.02,0.05,33,300,9900,56.667,60.83,0.7237,19.333,20.044,5.109,4.6,10.9,16.3,26.6,2.211,2.0,3.4,6.4,11.8,195745.8,452216.5,0,0,0,0.0,0.3272,1.2999,2.5469
A,1,42,Delete-flood,0.02,0.05,34,300,10200,77.2,63.037,0.7216,20.2,18.932,5.153,4.7,11.7,17.8,23.0,2.154,1.9,3.6,6.5,7.5,194061.7,464181.5,0,0,0,0.0,0.4457,1.3582,2.7385
A,1,42,Delete-flood,0.02,0.05,35,300,10500,94.538,66.073,0.537,25.846,20.383,5.234,4.7,11.0,21.6,28.3,2.33,2.1,3.9,7.4,11.9,191046.2,429246.0,0,0,0,0.0,0.5458,1.7378,2.9189
A,1,42,Delete-flood,0.02,0.05,36,300,10800,47,67.159,1.1638,23.6,19.702,5.404,4.8,11.3,23.0,26.2,2.292,2.0,3.8,6.7,10.1,185036.5,436364.6,0,0,0,0.0,0.2714,1.5868,3.4329
A,1,42,Delete-flood,0.02,0.05,37,300,11100,49.333,67.816,0.8986,19,20.211,5.651,4.7,14.7,24.4,31.6,2.333,2.1,3.8,7.1,14.7,176949.4,428693.2,0,0,0,0.0,0.2848,1.2775,3.4367
A,1,42,Delete-flood,0.02,0.05,38,300,11400,29.25,74.466,1.1087,21.25,20.223,5.646,4.9,13.1,19.7,37.8,2.178,2.0,3.5,4.9,7.0,177106.0,459066.7,0,0,0,0.0,0.1689,1.4288,4.0204
A,1,42,Delete-flood,0.02,0.05,39,300,11700,54.333,58.079,1.0917,29.222,19.581,5.166,4.4,12.8,24.6,30.3,2.41,2.0,4.1,9.7,11.4,193560.8,414937.3,0,0,0,0.0,0.3137,1.9648,2.5361
A,1,42,Delete-flood,0.02,0.05,40,300,12000,30.75,39.331,0.8449,18,20.527,4.49,3.0,12.4,17.5,21.7,2.262,2.1,3.6,5.3,6.1,222717.0,442152.5,0,0,0,0.0,0.1775,1.2103,3.3019
A,1,42,Delete-flood,0.02,0.05,41,300,12300,62.222,40.237,0.8335,24.111,19.478,4.583,3.0,12.5,18.0,28.0,2.28,2.0,3.4,8.7,10.9,218197.8,438596.1,0,0,0,0.0,0.3592,1.6212,2.069
A,1,42,Delete-flood,0.02,0.05,42,300,12600,36.75,43.264,1.1577,19,19.318,4.422,3.0,11.1,16.7,24.8,2.17,2.0,3.4,6.4,7.1,226141.9,460758.8,0,0,0,0.0,0.2122,1.2775,2.6094
A,1,42,Delete-flood,0.02,0.05,43,300,12900,21,44.923,0.2694,18,19.584,4.601,3.2,12.2,17.1,18.5,2.122,2.0,3.3,4.6,6.9,217328.2,471253.2,0,0,0,0.0,0.1212,1.2103,3.7174
A,1,42,Delete-flood,0.02,0.05,44,300,13200,39.8,45.841,1.0507,16.8,20.624,4.427,3.0,11.5,15.4,27.9,2.164,2.0,3.4,5.6,6.4,225886.6,462107.5,0,0,0,0.0,0.2298,1.1296,2.75
A,1,42,Delete-flood,0.02,0.05,45,300,13500,55.5,53.373,0.8749,16.75,20.788,4.558,3.4,10.3,16.4,29.7,2.222,2.1,3.5,4.8,7.1,219410.6,450111.9,0,0,0,0.0,0.3204,1.1262,3.4166
A,1,42,Delete-flood,0.02,0.05,46,300,13800,92.75,48.706,0.9973,20.25,20.166,5.07,3.3,14.4,19.4,37.0,2.269,2.0,3.8,6.9,8.3,197238.7,440722.7,0,0,0,0.0,0.5355,1.3616,2.8116
A,1,42,Delete-flood,0.02,0.05,47,300,14100,51.333,53.891,1.1614,21.833,19.711,4.499,3.2,11.1,17.6,21.1,2.186,2.0,3.6,5.6,13.0,222288.1,457457.0,0,0,0,0.0,0.2964,1.468,3.1429
A,1,42,Delete-flood,0.02,0.05,48,300,14400,16,54.676,0.8524,25,19.986,4.843,3.6,11.4,15.7,22.4,2.166,2.0,3.5,5.2,9.5,206483.6,461680.1,0,0,0,0.0,0.0924,1.6809,3.0192
A,1,42,Delete-flood,0.02,0.05,49,300,14700,51.778,57.062,0.521,20.222,19.412,9.814,3.8,12.5,16.2,1413.5,2.244,2.0,3.7,7.0,7.9,101895.3,445565.9,0,0,0,0.0,0.2989,1.3597,2.3143
A,1,42,Delete-flood,0.02,0.05,50,300,15000,27.222,57.416,0.3356,27.444,19.852,4.667,3.8,10.2,18.2,21.9,2.213,2.0,3.6,7.4,8.4,214270.4,451942.4,0,0,0,0.0,0.1572,1.8453,2.4594
A,1,42,Delete-flood,0.02,0.05,51,300,15300,67,60.125,1.0573,22.25,19.851,5.022,3.9,11.3,16.7,36.6,2.186,2.0,3.5,5.7,7.0,199111.0,457387.2,0,0,0,0.0,0.3868,1.496,2.9298
A,1,42,Delete-flood,0.02,0.05,52,300,15600,84.5,56.889,0.6381,26,19.517,5.017,3.8,12.5,18.9,20.8,2.207,2.0,3.5,6.7,10.3,199335.5,453103.2,0,0,0,0.0,0.4879,1.7482,2.8209
A,1,42,Delete-flood,0.02,0.05,53,300,15900,36.667,62.833,1.342,22,18.969,5.119,4.2,11.6,15.4,23.8,2.137,2.0,3.3,6.8,11.8,195363.3,467945.7,0,0,0,0.0,0.2117,1.4792,2.2647
A,1,42,Delete-flood,0.02,0.05,54,300,16200,100.25,67.949,0.8542,16.75,20.189,4.959,4.3,10.5,15.5,16.0,2.146,2.0,3.3,5.0,7.2,201653.3,465911.2,0,0,0,0.0,0.5788,1.1262,3.1
A,1,42,Delete-flood,0.02,0.05,55,300,16500,84.333,66.888,0.9212,19.833,19.881,5.311,4.5,12.3,18.4,21.0,2.191,2.0,3.6,6.6,7.3,188300.3,456482.6,0,0,0,0.0,0.4869,1.3335,2.7879
A,1,42,Delete-flood,0.02,0.05,56,300,16800,62,69.112,0.185,23.8,19.373,4.965,4.5,10.2,14.9,17.9,2.132,2.0,3.3,5.9,7.7,201423.5,469114.9,0,0,0,0.0,0.358,1.6003,2.5255
A,1,42,Delete-flood,0.02,0.05,57,300,17100,74.5,66.738,0.8964,21.7,19.772,5.158,4.6,10.7,18.0,24.7,2.259,2.0,3.7,7.2,8.4,193861.1,442738.8,0,0,0,0.0,0.4301,1.4591,2.5
A,1,42,Delete-flood,0.02,0.05,58,300,17400,145.4,73.973,0.4863,26.6,19.464,5.37,4.7,12.4,16.9,27.0,2.351,2.0,3.7,9.1,37.7,186231.4,425290.5,0,0,0,0.0,0.8395,1.7885,1.8571
A,1,42,Delete-flood,0.02,0.05,59,300,17700,93,73.825,0.8239,20,19.508,5.512,4.6,12.3,20.1,25.0,2.221,2.0,3.5,6.0,7.1,181411.3,450247.8,0,0,0,0.0,0.5369,1.3447,3.35
A,1,42,Delete-flood,0.02,0.05,60,300,18000,120.75,75.865,0.7897,20.5,18.818,5.45,4.7,11.2,22.1,29.4,2.146,2.0,3.6,5.5,6.5,183475.1,466055.4,0,0,0,0.0,0.6972,1.3784,4.0182
A,1,42,Delete-flood,0.02,0.05,61,300,18300,57.333,76.475,0.628,13.667,19.822,5.465,4.9,11.4,15.7,22.4,2.193,2.0,3.3,4.4,10.3,182971.7,455926.6,0,0,0,0.0,0.331,0.9189,3.5682
A,1,42,Delete-flood,0.02,0.05,62,300,18600,65.25,82.872,0.7342,18.25,19.973,5.299,4.9,10.2,15.4,25.9,2.175,2.0,3.5,5.7,6.3,188726.8,459699.5,0,0,0,0.0,0.3767,1.2271,2.7017
A,1,42,Delete-flood,0.02,0.05,63,300,18900,63.286,84.321,0.4537,21.429,19.986,5.689,5.1,10.9,20.4,33.7,2.226,2.0,3.6,6.2,9.6,175767.7,449168.4,0,0,0,0.0,0.3654,1.4408,3.2903
A,1,42,Delete-flood,0.02,0.05,64,300,19200,45.833,82.714,1.0786,27.833,19.578,5.769,5.1,12.3,20.9,24.2,2.216,2.0,3.6,7.4,9.9,173350.3,451263.7,0,0,0,0.0,0.2646,1.8714,2.8244
A,1,42,Delete-flood,0.02,0.05,65,300,19500,96,88.905,0.4885,25.4,19.298,5.68,5.2,11.2,15.8,24.6,2.144,2.0,3.4,7.5,7.6,176056.3,466490.0,0,0,0,0.0,0.5543,1.7078,2.1067
A,1,42,Delete-flood,0.02,0.05,66,300,19800,69.333,91.17,1.4179,18.167,19.718,5.728,5.2,12.2,19.0,25.3,2.301,2.0,4.0,7.6,16.6,174591.0,434593.5,0,0,0,0.0,0.4003,1.2215,2.5
A,1,42,Delete-flood,0.02,0.05,67,300,20100,20,90.164,0.2828,12.5,19.654,5.971,5.4,11.5,17.1,19.9,2.12,2.0,3.3,4.2,6.7,167466.6,471772.8,0,0,0,0.0,0.1155,0.8405,4.0714
A,1,42,Delete-flood,0.02,0.05,68,300,20400,77,89.471,0.6907,21.429,19.027,5.484,5.3,10.0,13.7,16.0,2.121,1.9,3.6,6.8,7.4,182337.5,471401.1,0,0,0,0.0,0.4446,1.4408,2.0147
A,1,42,Delete-flood,0.02,0.05,69,300,20700,96.5,97.846,0.8048,26.125,19.822,6.653,5.7,14.3,20.0,76.8,2.366,2.1,3.9,8.0,13.7,150308.2,422654.4,0,0,0,0.0,0.5571,1.7566,2.5
A,1,42,Delete-flood,0.02,0.05,70,300,21000,118,99.556,0.4991,22.429,18.679,5.753,5.5,9.8,15.8,20.0,2.13,2.0,3.6,6.5,9.5,173812.2,469411.0,0,0,0,0.0,0.6813,1.508,2.4308
A,1,42,Delete-flood,0.02,0.05,71,300,21300,73.75,103.139,0.4563,19.75,18.926,5.905,5.7,10.2,14.8,17.1,2.079,1.9,3.2,5.0,8.1,169338.5,481077.5,0,0,0,0.0,0.4258,1.3279,2.96
A,1,42,Delete-flood,0.02,0.05,72,300,21600,105.25,98.77,0.8722,22.5,19.713,6.484,5.9,13.1,23.0,31.6,2.233,2.0,3.8,6.2,13.0,154217.8,447760.9,0,0,0,0.0,0.6077,1.5128,3.7097
A,1,42,Delete-flood,0.02,0.05,73,300,21900,74.3,94.107,0.7281,22.4,19.745,5.962,5.5,12.1,18.7,24.0,2.292,2.0,3.8,8.5,10.8,167719.5,436300.3,0,0,0,0.0,0.429,1.5061,2.2
A,1,42,Delete-flood,0.02,0.05,74,300,22200,88,97.35,0.6631,22.167,19.476,6.121,5.9,11.7,16.9,17.9,2.282,2.0,3.6,6.5,32.9,163363.1,438212.2,0,0,0,0.0,0.5081,1.4904,2.6
A,1,42,Delete-flood,0.02,0.05,75,300,22500,44.625,87.404,0.6804,15.875,19.264,5.891,5.2,13.4,26.0,36.3,2.214,2.0,3.5,5.9,6.8,169741.0,451603.0,0,0,0,0.0,0.2576,1.0674,4.4067
A,1,42,Delete-flood,0.02,0.05,76,300,22800,91.4,44.878,1.4018,20.2,19.797,3.982,2.1,12.8,15.1,19.7,2.128,2.0,3.3,6.8,8.1,251109.2,469998.8,0,0,0,0.0,0.5277,1.3582,2.2206
A,1,42,Delete-flood,0.02,0.05,77,300,23100,44,51.851,1.5769,21.75,19.203,3.961,2.2,10.4,14.7,30.6,2.11,2.0,3.4,5.9,6.6,252440.4,473933.4,0,0,0,0.0,0.254,1.4624,2.4915
A,1,42,Delete-flood,0.02,0.05,78,300,23400,11,49.781,0.71,14,20.37,3.771,2.4,9.8,14.7,16.2,2.205,2.1,3.5,4.0,9.3,265181.5,453583.3,0,0,0,0.0,0.0635,0.9413,3.675
A,1,42,Delete-flood,0.02,0.05,79,300,23700,60.429,62.563,1.2662,21,20.44,4.096,2.6,10.1,14.6,15.2,2.212,2.0,3.5,6.7,8.0,244140.6,452011.3,0,0,0,0.0,0.3489,1.412,2.1791
A,1,42,Delete-flood,0.02,0.05,80,300,24000,110.125,51.935,1.0314,17.5,19.64,8.852,2.6,10.7,16.0,1449.3,2.122,2.0,3.3,5.5,7.9,112968.8,471179.9,0,0,0,0.0,0.6358,1.1767,2.9091
A,1,42,Delete-flood,0.02,0.05,81,300,24300,60.5,55.74,1.1526,22.375,19.212,4.214,2.9,10.6,18.0,29.3,2.185,2.0,3.5,7.5,8.6,237323.0,457735.8,0,0,0,0.0,0.3493,1.5044,2.4
A,1,42,Delete-flood,0.02,0.05,82,300,24600,113.667,63.717,1.2287,25.333,19.374,4.541,3.0,13.3,18.4,22.4,2.126,2.0,3.2,4.0,8.2,220215.7,470293.3,0,0,0,0.0,0.6563,1.7033,4.6001
A,1,42,Delete-flood,0.02,0.05,83,300,24900,102.462,64.397,1.1529,23.385,19.394,4.351,3.2,10.4,20.0,21.2,2.198,2.0,3.6,7.5,9.2,229849.7,455028.3,0,0,0,0.0,0.5916,1.5723,2.6667
A,1,42,Delete-flood,0.02,0.05,84,100,25000,231,65.061,0.3306,29,19.265,4.08,3.1,9.8,19.8,19.8,2.172,2.0,3.2,7.4,7.4,245098.0,460405.6,0,0,0,0.0,1.3337,1.9499,2.6757
A,2,43,Read-only,0.99,0.005,1,300,300,135.942,126.8,1.7261,22.01,18.155,21.594,8.7,52.5,67.8,2130.4,3.751,2.2,3.2,4.6,37543.6,46309.9,266610.1,0,1,0,0.2,0.7849,1.4799,14.739
A,2,43,Read-only,0.99,0.005,2,300,600,31.768,64.571,0.6972,22.078,16.429,9.788,7.4,23.9,41.9,58.5,6.605,6.1,11.9,17.3,19.1,102169.4,151408.0,0,0,0,0.0,0.1834,1.4845,2.422
A,2,43,Read-only,0.99,0.005,3,300,900,28.96,699,0.8091,21.368,20,7.917,5.3,30.5,33.5,35.2,5.483,5.2,9.2,12.1,12.2,126315.8,182392.9,0,0,0,0.0,0.1672,1.4367,2.7686
A,2,43,Read-only,0.99,0.005,4,300,1200,29.823,33.833,0.7861,21.748,23.333,7.903,5.2,21.8,33.4,41.2,5.379,4.9,9.0,11.3,20.8,126528.9,185919.7,0,0,0,0.0,0.1722,1.4623,2.9558
A,2,43,Read-only,0.99,0.005,5,300,1500,32.308,33,0.7463,20.661,18.8,9.326,6.6,31.0,34.5,38.5,5.627,5.3,9.5,12.3,13.1,107231.0,177703.9,0,0,0,0.0,0.1865,1.3892,2.8049
A,2,43,Read-only,0.99,0.005,6,300,1800,32.737,17.667,0.8119,22.088,15,8.771,5.6,30.2,32.0,34.0,5.391,5.0,9.3,12.0,12.6,114016.4,185494.3,0,0,0,0.0,0.189,1.4851,2.6667
A,2,43,Read-only,0.99,0.005,7,300,2100,31.336,30.5,0.7249,21.711,15.5,8.118,5.6,20.7,32.1,33.0,5.068,4.7,8.8,11.0,12.3,123178.0,197316.6,0,0,0,0.0,0.1809,1.4598,2.9182
A,2,43,Read-only,0.99,0.005,8,300,2400,34.105,31,0.723,21.508,18,9.642,6.8,31.3,35.4,42.4,5.82,5.2,10.1,15.6,23.2,103709.4,171821.2,0,0,0,0.0,0.1969,1.4462,2.2692
A,2,43,Read-only,0.99,0.005,9,300,2700,31.99,27.25,0.7168,22.027,16.5,8.387,5.7,17.0,33.1,38.5,5.302,5.0,9.0,11.0,13.3,119236.9,188596.2,0,0,0,0.0,0.1847,1.481,3.0091
A,2,43,Read-only,0.99,0.005,10,300,3000,31.624,12.5,0.7595,22.117,32.5,8.202,5.6,22.3,32.2,36.3,5.029,4.8,7.8,10.0,10.8,121926.4,198833.5,0,0,0,0.0,0.1826,1.4871,3.22
A,2,43,Read-only,0.99,0.005,11,300,3300,31.96,2,0.6822,21.625,23,8.633,6.0,17.6,36.3,37.9,5.436,5.1,9.5,14.2,15.6,115839.1,183969.9,0,0,0,0.0,0.1845,1.454,2.5563
A,2,43,Read-only,0.99,0.005,12,300,3600,36.068,10.5,0.6764,21.196,16.75,9.421,7.5,19.2,33.6,34.0,5.205,4.8,9.6,12.1,14.4,106142.0,192123.1,0,0,0,0.0,0.2082,1.4252,2.7769
A,2,43,Read-only,0.99,0.005,13,300,3900,30.734,83.333,0.6253,21.512,17,6.306,4.9,11.8,33.4,44.1,4.96,4.7,8.1,9.9,10.2,158570.7,201626.5,0,0,0,0.0,0.1774,1.4464,3.3738
A,2,43,Read-only,0.99,0.005,14,300,4200,29.966,18.667,0.6143,21.606,26,5.794,4.7,10.1,33.0,34.6,4.988,4.7,8.1,10.9,16.6,172602.2,200494.6,0,0,0,0.0,0.173,1.4527,3.0275
A,2,43,Read-only,0.99,0.005,15,300,4500,31.159,47,0.5686,22.236,21.25,6.771,5.2,13.1,35.6,39.1,5.6,5.3,9.4,13.7,37.0,147681.4,178560.7,0,0,0,0.0,0.1799,1.4951,2.5985
A,2,43,Read-only,0.99,0.005,16,300,4800,28.003,27.5,0.6109,21.201,12.5,5.374,4.8,9.3,33.4,35.7,5.063,4.8,8.4,10.5,12.5,186092.6,197511.5,0,0,0,0.0,0.1617,1.4255,3.1809
A,2,43,Read-only,0.99,0.005,17,300,5100,27.688,33.5,0.6515,21.007,20.5,5.252,4.8,8.1,33.0,35.2,4.748,4.5,7.5,10.5,12.5,190403.6,210615.1,0,0,0,0.0,0.1599,1.4124,3.1429
A,2,43,Read-only,0.99,0.005,18,300,5400,29.739,45,0.5911,21.943,29,5.759,4.9,9.0,33.7,34.0,4.868,4.7,7.9,9.0,9.4,173651.4,205437.1,0,0,0,0.0,0.1717,1.4754,3.7444
A,2,43,Read-only,0.99,0.005,19,300,5700,31.288,20,0.5559,21.431,17.6,6.64,5.4,11.1,37.8,43.6,5.501,5.1,9.2,14.5,16.7,150595.0,181795.9,0,0,0,0.0,0.1806,1.4409,2.6069
A,2,43,Read-only,0.99,0.005,20,300,6000,30.4,24.6,0.6243,21.373,19.6,6.785,5.0,13.2,37.1,47.3,6.277,5.8,11.0,14.0,17.1,147376.7,159303.4,0,0,0,0.0,0.1755,1.4371,2.65
A,2,43,Read-only,0.99,0.005,21,300,6300,31.636,47,0.5945,22.337,22.667,6.068,4.9,11.5,33.5,35.7,5.576,5.2,9.7,12.0,12.4,164789.9,179350.8,0,0,0,0.0,0.1827,1.5019,2.7916
A,2,43,Read-only,0.99,0.005,22,300,6600,29.355,18.5,0.643,21.605,16.75,5.895,4.9,10.3,33.0,41.3,5.144,4.8,9.0,10.7,11.1,169625.7,194401.2,0,0,0,0.0,0.1695,1.4526,3.0841
A,2,43,Read-only,0.99,0.005,23,300,6900,30.715,33.2,0.5959,21.864,20,6.68,5.3,13.0,34.9,50.0,5.707,5.4,9.7,13.6,17.4,149700.6,175233.8,0,0,0,0.0,0.1773,1.4701,2.5662
A,2,43,Read-only,0.99,0.005,24,300,7200,27.591,35,0.6303,21.176,19.5,5.911,5.0,11.0,33.2,36.7,5.385,5.1,9.2,11.2,14.9,169166.5,185712.6,0,0,0,0.0,0.1593,1.4238,2.9643
A,2,43,Read-only,0.99,0.005,25,300,7500,30.601,28.75,0.5845,21.912,15.75,5.952,4.9,10.5,34.0,38.4,5.102,4.8,8.4,11.6,12.0,168020.2,196014.3,0,0,0,0.0,0.1767,1.4733,2.931
A,2,43,Read-only,0.99,0.005,26,300,7800,32.663,45.333,0.6111,21.279,22.333,6.505,5.1,11.8,33.0,33.7,4.896,4.5,8.1,10.3,11.6,153728.0,204234.3,0,0,0,0.0,0.1886,1.4308,3.2039
A,2,43,Read-only,0.99,0.005,27,300,8100,30.534,25,0.6417,22.06,15,6.754,5.4,11.5,43.8,46.8,6.007,5.6,10.5,15.9,18.6,148053.0,166472.6,0,0,0,0.0,0.1763,1.4833,2.7547
A,2,43,Read-only,0.99,0.005,28,300,8400,28.993,0,0.674,21.483,0,6.133,5.1,9.4,34.6,35.9,5.371,5.1,8.7,10.9,17.3,163052.3,186196.8,0,0,0,0.0,0.1674,1.4445,3.1743
A,2,43,Read-only,0.99,0.005,29,300,8700,31.416,41,0.6103,22.356,15,6.246,5.1,10.2,34.1,34.5,5.114,5.0,8.5,10.5,11.8,160102.5,195554.4,0,0,0,0.0,0.1814,1.5031,3.2476
A,2,43,Read-only,0.99,0.005,30,300,9000,31.537,30.5,0.5305,20.889,22.5,6.176,5.1,10.5,33.2,34.2,4.779,4.5,7.5,8.8,11.1,161917.0,209248.9,0,0,0,0.0,0.1821,1.4045,3.7728
A,2,43,Read-only,0.99,0.005,31,300,9300,28.303,13.333,0.6642,22.195,17,6.077,5.1,11.8,35.6,52.7,5.639,5.1,9.9,12.3,18.0,164554.9,177336.4,0,0,0,0.0,0.1634,1.4924,2.8943
A,2,43,Read-only,0.99,0.005,32,300,9600,28.552,32,0.6345,22,16.667,5.961,5.0,10.4,34.2,36.0,5.384,5.0,8.9,12.6,16.5,167757.0,185724.1,0,0,0,0.0,0.1648,1.4792,2.7143
A,2,43,Read-only,0.99,0.005,33,300,9900,30.913,4,0.6253,22.522,21,5.934,5.0,9.9,33.9,35.2,5.144,4.9,8.7,10.8,11.3,168510.9,194388.6,0,0,0,0.0,0.1785,1.5143,3.1389
A,2,43,Read-only,0.99,0.005,34,300,10200,29.597,45,0.6413,21.681,28.8,5.905,4.9,10.7,33.7,34.0,4.83,4.6,8.1,9.8,11.5,169338.5,207053.5,0,0,0,0.0,0.1709,1.4578,3.4388
A,2,43,Read-only,0.99,0.005,35,300,10500,28.419,16.5,0.6681,21.279,9,6.089,5.1,12.1,36.8,39.9,5.121,4.9,8.6,11.8,13.3,164239.5,195287.1,0,0,0,0.0,0.1641,1.4307,3.1187
A,2,43,Read-only,0.99,0.005,36,300,10800,32.643,25.333,0.6618,20.946,18.333,6.817,5.1,12.6,33.8,36.8,5.091,4.8,8.3,11.3,14.1,146699.3,196437.9,0,0,0,0.0,0.1885,1.4084,2.9911
A,2,43,Read-only,0.99,0.005,37,300,11100,30.397,0,0.5964,20.84,0,5.881,4.9,10.1,33.4,33.9,4.833,4.6,8.0,10.2,10.4,170029.6,206896.4,0,0,0,0.0,0.1755,1.4012,3.2745
A,2,43,Read-only,0.99,0.005,38,300,11400,31.003,21,0.6002,21.734,17.333,5.892,5.1,10.1,32.5,34.3,4.74,4.6,7.7,10.0,10.6,169721.7,210955.6,0,0,0,0.0,0.179,1.4613,3.25
A,2,43,Read-only,0.99,0.005,39,300,11700,29.946,39.333,0.6387,21.178,19.333,6.191,5.1,12.1,37.8,47.0,5.327,4.8,8.5,14.0,45.5,161524.8,187711.2,0,0,0,0.0,0.1729,1.424,2.7
A,2,43,Read-only,0.99,0.005,40,300,12000,29.862,28,0.6333,22.162,29,5.931,5.1,10.5,34.2,37.2,5.319,5.0,8.6,10.4,11.4,168615.1,187993.5,0,0,0,0.0,0.1724,1.4901,3.2885
A,2,43,Read-only,0.99,0.005,41,300,12300,32.614,38,0.6329,21.783,31.2,6.255,5.0,11.6,33.5,34.7,4.837,4.6,7.7,9.7,10.4,159863.6,206739.7,0,0,0,0.0,0.1883,1.4646,3.4536
A,2,43,Read-only,0.99,0.005,42,300,12600,33.352,9.5,0.6081,22.047,17,6.241,5.1,10.8,33.3,35.1,4.964,4.8,8.0,11.4,15.3,160239.4,201436.8,0,0,0,0.0,0.1926,1.4824,2.9211
A,2,43,Read-only,0.99,0.005,43,300,12900,31.872,10,0.6183,20.929,21,7.029,5.5,13.1,42.1,50.4,5.847,5.6,10.5,13.1,18.7,142267.7,171018.2,0,0,0,0.0,0.184,1.4072,3.2137
A,2,43,Read-only,0.99,0.005,44,300,13200,31.473,37,0.644,21.755,16.833,6.754,5.4,13.2,34.2,47.0,6.124,5.6,10.8,14.4,15.4,148053.1,163292.0,0,0,0,0.0,0.1817,1.4628,2.375
A,2,43,Read-only,0.99,0.005,45,300,13500,32.161,30,0.6393,21.034,17.5,6.192,5.1,11.2,33.7,34.0,5.26,5.0,8.8,10.1,11.6,161507.4,190126.0,0,0,0,0.0,0.1857,1.4142,3.3366
A,2,43,Read-only,0.99,0.005,46,300,13800,31.502,31.6,0.6287,21.766,20.4,6.016,5.1,11.1,33.5,35.4,5.14,4.9,8.3,10.3,11.1,166214.3,194552.4,0,0,0,0.0,0.1819,1.4635,3.2524
A,2,43,Read-only,0.99,0.005,47,300,14100,30.125,15.25,0.6484,21.932,15.75,7.03,5.7,12.6,41.2,45.3,6.342,5.9,11.2,13.6,15.3,142247.4,157687.3,0,0,0,0.0,0.1739,1.4747,3.0294
A,2,43,Read-only,0.99,0.005,48,300,14400,32.722,62,0.6134,21.468,18,6.403,5.3,11.7,35.2,82.0,6.22,5.8,9.8,14.2,15.4,156184.9,160763.1,0,0,0,0.0,0.1889,1.4435,2.4789
A,2,43,Read-only,0.99,0.005,49,300,14700,31.524,30.5,0.6852,21.391,20.333,6.408,5.2,12.4,33.3,35.2,5.534,5.3,9.3,12.8,13.7,156054.8,180701.2,0,0,0,0.0,0.182,1.4383,2.6016
A,2,43,Read-only,0.99,0.005,50,300,15000,31.312,24,0.6682,21.675,19.4,6.32,5.2,11.7,33.8,35.6,5.239,5.0,8.6,11.5,14.0,158236.2,190888.3,0,0,0,0.0,0.1808,1.4573,2.9391
A,2,43,Read-only,0.99,0.005,51,300,15300,29.493,44.5,0.7076,21.084,13,7.133,5.6,15.4,38.0,48.9,5.904,5.4,10.4,14.5,17.1,140200.0,169367.2,0,0,0,0.0,0.1703,1.4176,2.6207
A,2,43,Read-only,0.99,0.005,52,300,15600,31.963,46,0.6806,20.781,14.667,6.551,5.4,12.9,34.1,36.0,5.161,4.9,8.6,11.3,13.0,152640.8,193748.2,0,0,0,0.0,0.1845,1.3973,3.0177
A,2,43,Read-only,0.99,0.005,53,300,15900,31.823,27,0.6426,21.334,14,5.994,5.2,8.9,33.5,34.7,5.027,4.7,8.3,12.0,14.0,166833.4,198939.2,0,0,0,0.0,0.1837,1.4345,2.7917
A,2,43,Read-only,0.99,0.005,54,300,16200,36.108,29.333,0.5844,21.003,12.667,7.035,5.4,14.3,35.7,36.1,5.013,4.8,8.7,11.8,11.9,142153.0,199468.3,0,0,0,0.0,0.2085,1.4122,3.0254
A,2,43,Read-only,0.99,0.005,55,300,16500,31.367,25.333,0.6433,21.017,14,6.409,5.3,11.4,33.7,39.2,5.445,5.1,9.8,11.3,14.5,156038.7,183654.8,0,0,0,0.0,0.1811,1.4131,2.9823
A,2,43,Read-only,0.99,0.005,56,300,16800,31.73,17.25,0.6131,21.77,17.5,5.995,5.3,9.6,33.1,36.5,5.212,4.9,8.1,11.5,13.9,166805.7,191852.8,0,0,0,0.0,0.1832,1.4638,2.8783
A,2,43,Read-only,0.99,0.005,57,300,17100,32.401,20,0.5648,21.742,28,5.969,5.2,10.4,32.3,34.3,4.852,4.7,7.6,9.8,11.5,167541.5,206114.8,0,0,0,0.0,0.1871,1.4619,3.2959
A,2,43,Read-only,0.99,0.005,58,300,17400,33.646,23,0.6219,21.108,18.333,7.106,5.4,13.9,38.4,44.5,4.994,4.7,8.2,11.9,15.9,140726.2,200253.6,0,0,0,0.0,0.1943,1.4192,3.2269
A,2,43,Read-only,0.99,0.005,59,300,17700,30.434,54.333,0.6448,21.764,22.667,6.223,5.3,10.6,34.8,37.9,5.393,5.2,8.9,11.0,12.7,160702.8,185437.0,0,0,0,0.0,0.1757,1.4634,3.1636
A,2,43,Read-only,0.99,0.005,60,300,18000,35.168,55.667,0.6269,21.091,26.333,6.825,5.4,13.0,33.5,34.5,4.952,4.7,8.3,11.4,12.6,146520.1,201952.4,0,0,0,0.0,0.203,1.4181,2.9386
A,2,43,Read-only,0.99,0.005,61,300,18300,30.473,0,0.6673,21.633,0,5.691,5.2,7.5,33.6,34.3,4.883,4.6,8.6,11.1,13.3,175715.9,204792.4,0,0,0,0.0,0.1759,1.4546,3.027
A,2,43,Read-only,0.99,0.005,62,300,18600,32.983,34.333,0.6294,21.256,19,6.501,5.4,11.1,34.9,47.6,4.942,4.6,8.6,10.0,13.8,153830.4,202333.6,0,0,0,0.0,0.1904,1.4292,3.49
A,2,43,Read-only,0.99,0.005,63,300,18900,32.5,28.75,0.6454,21.324,19,6.443,5.6,10.2,34.0,51.6,5.239,4.9,8.6,11.8,13.9,155215.3,190863.9,0,0,0,0.0,0.1876,1.4338,2.8813
A,2,43,Read-only,0.99,0.005,64,300,19200,34.315,15.5,0.642,21.772,17,6.699,5.3,11.3,33.6,35.6,5.113,4.8,8.5,11.3,20.1,149268.7,195566.9,0,0,0,0.0,0.1981,1.4639,2.9735
A,2,43,Read-only,0.99,0.005,65,300,19500,32.658,53,0.6124,21.254,21.2,6.308,5.2,10.8,33.7,34.3,4.704,4.5,7.8,9.6,10.2,158528.9,212600.2,0,0,0,0.0,0.1885,1.4291,3.5104
A,2,43,Read-only,0.99,0.005,66,300,19800,33.364,28.667,0.6338,21.185,17.333,6.561,5.4,11.5,34.4,44.5,5.025,4.5,8.9,13.7,16.7,152423.4,198992.0,0,0,0,0.0,0.1926,1.4244,2.511
A,2,43,Read-only,0.99,0.005,67,300,20100,30.997,33.429,0.6796,21.222,21.429,6.583,5.6,12.1,34.9,44.2,5.29,5.0,8.6,12.0,14.1,151906.4,189024.0,0,0,0,0.0,0.179,1.4269,2.9083
A,2,43,Read-only,0.99,0.005,68,300,20400,30.282,58,0.6097,21.309,21,5.604,5.3,10.0,12.4,34.3,4.995,4.7,8.5,10.8,12.1,178443.9,200213.6,0,0,0,0.0,0.1748,1.4327,1.1481
A,2,43,Read-only,0.99,0.005,69,300,20700,32.502,37,0.5856,22.217,25,5.452,5.3,8.9,12.0,12.7,4.985,4.7,8.0,9.9,12.4,183430.1,200601.8,0,0,0,0.0,0.1876,1.4938,1.2121
A,2,43,Read-only,0.99,0.005,70,300,21000,34.392,47.75,0.5412,21.899,19,6.119,5.7,10.7,13.4,15.2,5.356,4.9,8.7,12.4,76.7,163416.5,186694.9,0,0,0,0.0,0.1986,1.4724,1.0806
A,2,43,Read-only,0.99,0.005,71,300,21300,32.287,0,0.6168,22.353,0,6.523,5.9,10.6,14.7,55.7,6.533,6.1,11.0,14.8,17.2,153303.7,153061.2,0,0,0,0.0,0.1864,1.503,0.9932
A,2,43,Read-only,0.99,0.005,72,300,21600,33.959,27.75,0.5824,21.865,19.75,5.972,5.5,11.4,15.1,38.0,5.6,5.2,9.7,12.4,14.4,167438.7,178560.9,0,0,0,0.0,0.1961,1.4701,1.2177
A,2,43,Read-only,0.99,0.005,73,300,21900,33.125,28,0.604,21.456,21,6.054,5.4,10.9,12.8,36.6,5.295,4.9,9.4,11.2,13.0,165189.2,188857.4,0,0,0,0.0,0.1912,1.4427,1.1429
A,2,43,Read-only,0.99,0.005,74,300,22200,28.802,43.5,0.6411,21.279,21.5,5.578,5.4,9.6,11.9,13.8,5.035,4.5,9.1,11.9,14.1,179264.9,198596.5,0,0,0,0.0,0.1663,1.4307,1.0
A,2,43,Read-only,0.99,0.005,75,300,22500,31.411,34,0.6289,21.047,25,7.004,5.9,13.7,25.4,60.2,5.97,5.6,9.9,13.2,17.5,142768.7,167513.6,0,0,0,0.0,0.1814,1.4152,1.9242
A,2,43,Read-only,0.99,0.005,76,300,22800,33.959,31.833,0.5505,21.884,17.833,6.378,5.7,11.5,14.6,15.9,5.663,5.3,9.6,12.5,13.6,156788.9,176595.3,0,0,0,0.0,0.1961,1.4714,1.168
A,2,43,Read-only,0.99,0.005,77,300,23100,33.525,26.667,0.6036,22.168,25,5.679,5.4,9.1,12.8,38.7,5.33,5.0,8.9,11.1,13.9,176077.0,187629.0,0,0,0,0.0,0.1936,1.4905,1.1532
A,2,43,Read-only,0.99,0.005,78,300,23400,30.639,23.833,0.6369,21.371,20.333,6.23,5.8,11.3,15.3,29.1,5.71,5.2,9.6,15.2,56.6,160513.7,175141.6,0,0,0,0.0,0.1769,1.4369,1.0066
A,2,43,Read-only,0.99,0.005,79,300,23700,33.108,26.6,0.63,21.868,24.2,6.135,5.6,10.8,14.4,46.0,5.606,5.2,9.7,12.5,13.4,163008.1,178380.3,0,0,0,0.0,0.1912,1.4703,1.152
A,2,43,Read-only,0.99,0.005,80,300,24000,33.96,12.5,0.5892,22.01,19,5.487,5.3,10.4,12.8,14.4,5.257,4.8,9.1,13.4,15.4,182238.1,190222.4,0,0,0,0.0,0.1961,1.4799,0.9552
A,2,43,Read-only,0.99,0.005,81,300,24300,32.178,40.5,0.6662,21.473,13,5.884,5.4,8.7,33.8,37.9,5.046,4.8,8.2,10.9,14.2,169942.8,198176.8,0,0,0,0.0,0.1858,1.4438,3.1009
A,2,43,Read-only,0.99,0.005,82,300,24600,31.902,16.333,0.643,21.643,19.333,6.22,5.6,11.6,17.8,64.0,5.414,5.2,8.9,12.6,14.8,160780.4,184706.3,0,0,0,0.0,0.1842,1.4552,1.4127
A,2,43,Read-only,0.99,0.005,83,300,24900,32.403,20.5,0.6038,21.53,24.5,5.694,5.6,9.0,11.1,13.2,5.299,5.0,9.0,12.0,12.6,175613.1,188703.1,0,0,0,0.0,0.1871,1.4476,0.925
A,2,43,Read-only,0.99,0.005,84,100,25000,28.77,0,0.7473,21.27,0,5.444,5.5,7.8,10.9,10.9,5.238,4.7,9.5,11.8,11.8,183688.6,190912.5,0,0,0,0.0,0.1661,1.4301,0.9237
A,2,43,Search-heavy,0.8,0.15,1,300,300,33.365,36.955,1.253,21.717,16.815,15.516,5.3,22.8,43.6,2219.4,2.473,2.2,3.1,4.9,845.1,64449.6,404388.8,0,1,0,0.014925,0.1926,1.4602,8.8981
A,2,43,Search-heavy,0.8,0.15,2,300,600,32.589,30.681,0.7115,21.162,18.766,8.453,5.9,26.1,45.8,58.9,6.433,6.3,11.6,15.5,16.1,118301.3,155440.3,0,0,0,0.0,0.1882,1.4229,2.9548
A,2,43,Search-heavy,0.8,0.15,3,300,900,32.437,35.854,0.6182,21.298,21.146,6.833,5.6,14.4,28.7,33.4,5.338,5.1,9.2,12.5,13.4,146355.8,187324.3,0,0,0,0.0,0.1873,1.432,2.296
A,2,43,Search-heavy,0.8,0.15,4,300,1200,31.717,35.627,0.8352,20.974,21.597,5.635,5.1,11.0,20.9,73.9,4.921,4.6,8.8,12.7,16.2,177451.7,203224.6,0,0,0,0.0,0.1831,1.4103,1.6457
A,2,43,Search-heavy,0.8,0.15,5,300,1500,28.929,40.915,1.0527,21.548,20.559,4.582,3.7,8.5,17.8,39.6,5.027,4.7,9.2,11.5,13.3,218229.6,198938.9,0,0,0,0.0,0.167,1.4488,1.5478
A,2,43,Search-heavy,0.8,0.15,6,300,1800,35.602,39.224,0.9105,20.542,20.653,4.97,3.8,9.6,16.3,24.2,5.442,5.2,9.2,11.0,12.8,201193.7,183756.0,0,0,0,0.0,0.2055,1.3812,1.4818
A,2,43,Search-heavy,0.8,0.15,7,300,2100,43.727,41.172,0.8812,21.264,19.862,4.984,4.2,9.1,10.7,24.8,4.853,4.5,8.6,10.9,12.3,200642.1,206072.3,0,0,0,0.0,0.2525,1.4298,0.9816
A,2,43,Search-heavy,0.8,0.15,8,300,2400,42.756,47.481,0.7977,21.744,19.259,11.167,4.4,9.5,14.0,1882.9,4.894,4.7,8.3,12.5,17.0,89546.9,204331.8,0,0,0,0.0,0.2469,1.462,1.12
A,2,43,Search-heavy,0.8,0.15,9,300,2700,54.29,57.153,0.7367,20.743,21.407,5.828,5.6,10.3,13.8,33.9,5.334,5.0,9.3,12.6,14.6,171585.3,187488.4,0,0,0,0.0,0.3134,1.3947,1.0952
A,2,43,Search-heavy,0.8,0.15,10,300,3000,63.073,58.379,0.7307,20.906,21,6.083,5.9,10.7,11.2,16.0,4.882,4.7,8.6,10.1,10.6,164383.7,204833.8,0,0,0,0.0,0.3642,1.4057,1.1089
A,2,43,Search-heavy,0.8,0.15,11,300,3300,62.421,74.328,0.7288,19.868,19.483,6.139,5.9,11.1,16.4,20.2,4.589,4.4,8.0,10.1,12.3,162893.0,217912.3,0,0,0,0.0,0.3604,1.3359,1.6238
A,2,43,Search-heavy,0.8,0.15,12,300,3600,70.31,76.635,0.7604,20.571,21.216,7.468,6.3,16.8,25.3,58.9,5.137,4.7,9.8,17.1,21.6,133904.6,194653.6,0,0,0,0.0,0.4059,1.3831,1.4795
A,2,43,Search-heavy,0.8,0.15,13,300,3900,78.261,93.418,0.7284,21.669,20.036,7.116,6.7,13.0,16.8,24.6,5.622,5.4,9.8,14.1,17.4,140521.9,177883.1,0,0,0,0.0,0.4518,1.457,1.1915
A,2,43,Search-heavy,0.8,0.15,14,300,4200,86.251,90.885,0.7425,21.69,18.803,7.478,6.8,13.5,15.3,56.5,5.04,4.8,8.6,13.5,15.1,133731.5,198412.6,0,0,0,0.0,0.498,1.4584,1.1333
A,2,43,Search-heavy,0.8,0.15,15,300,4500,96.531,104.328,0.7325,20.577,21.328,7.722,7.3,14.4,15.8,19.1,4.667,4.4,8.4,11.2,14.7,129505.6,214255.3,0,0,0,0.0,0.5573,1.3836,1.4107
A,2,43,Search-heavy,0.8,0.15,16,300,4800,97.056,107.957,0.732,21.087,20.841,9.138,7.9,19.9,28.6,41.1,6.181,5.7,11.4,18.2,20.1,109429.2,161777.3,0,0,0,0.0,0.5604,1.4178,1.5714
A,2,43,Search-heavy,0.8,0.15,17,300,5100,116.121,129.492,0.7208,21.762,23.541,8.847,7.8,16.9,18.7,23.0,5.229,4.8,9.2,11.0,12.1,113036.9,191253.4,0,0,0,0.0,0.6704,1.4632,1.7
A,2,43,Search-heavy,0.8,0.15,18,300,5400,102.064,100.953,0.8393,21.381,19.594,8.057,7.0,17.2,20.4,28.9,4.744,4.5,8.6,10.3,12.3,124115.6,210792.8,0,0,0,0.0,0.5893,1.4376,1.9806
A,2,43,Search-heavy,0.8,0.15,19,300,5700,117.091,128.983,0.8073,21.905,19.069,9.732,8.4,19.7,33.5,45.8,5.592,5.1,10.9,13.5,14.8,102753.8,178837.5,0,0,0,0.0,0.676,1.4728,2.4815
A,2,43,Search-heavy,0.8,0.15,20,300,6000,116.244,123.258,0.8006,21.034,21.226,14.912,7.7,18.9,21.2,1831.1,4.805,4.7,8.2,11.6,14.9,67061.6,208131.0,0,0,0,0.0,0.6711,1.4142,1.8276
A,2,43,Search-heavy,0.8,0.15,21,300,6300,124.794,119.351,0.8166,21.868,17.807,10.961,9.2,23.3,33.2,43.6,5.71,5.5,10.4,14.8,15.4,91235.3,175121.1,0,0,0,0.0,0.7205,1.4704,2.2432
A,2,43,Search-heavy,0.8,0.15,22,300,6600,136.897,139.105,0.7555,20.379,20.175,10.205,8.7,21.2,24.1,32.3,4.939,4.6,8.7,11.2,12.3,97994.3,202483.9,0,0,0,0.0,0.7904,1.3702,2.1518
A,2,43,Search-heavy,0.8,0.15,23,300,6900,151.289,131.677,0.7474,21.153,20.154,10.661,9.2,22.5,25.7,25.9,4.738,4.5,8.3,10.0,11.3,93802.7,211074.5,0,0,0,0.0,0.8735,1.4223,2.57
A,2,43,Search-heavy,0.8,0.15,24,300,7200,153,173.531,0.7727,20.733,21.797,12.21,10.3,26.5,49.8,59.7,5.364,4.8,9.7,12.9,14.7,81897.9,186439.5,0,0,0,0.0,0.8833,1.394,3.8605
A,2,43,Search-heavy,0.8,0.15,25,300,7500,170.549,150.383,0.7384,22.704,20.043,12.156,10.7,26.2,29.7,30.0,5.327,5.0,9.2,12.4,13.2,82261.6,187711.2,0,0,0,0.0,0.9847,1.5265,2.3951
A,2,43,Search-heavy,0.8,0.15,26,300,7800,159.61,177.019,0.8185,21.358,19.963,12.592,10.1,27.1,34.9,41.5,5.345,5.0,10.0,14.5,22.4,79415.5,187102.5,0,0,0,0.0,0.9215,1.436,2.4069
A,2,43,Search-heavy,0.8,0.15,27,300,8100,170.36,161.962,0.7951,21.761,21.698,12.317,10.4,27.1,31.8,35.5,5.184,5.0,8.5,10.6,13.2,81188.6,192901.2,0,0,0,0.0,0.9836,1.4632,3.0
A,2,43,Search-heavy,0.8,0.15,28,300,8400,186.032,197.811,0.7695,21.215,19.755,13.383,11.1,29.3,32.2,45.9,4.857,4.5,8.3,10.0,11.5,74723.5,205874.4,0,0,0,0.0,1.0741,1.4264,3.22
A,2,43,Search-heavy,0.8,0.15,29,300,8700,173.967,185.783,0.7981,20.604,21.083,14.314,12.2,31.5,41.1,81.3,6.527,5.9,12.8,17.1,26.9,69860.0,153201.9,0,0,0,0.0,1.0044,1.3854,2.4035
A,2,43,Search-heavy,0.8,0.15,30,300,9000,190.826,194.255,0.7912,21.063,22.213,13.864,11.6,30.0,35.7,70.0,5.637,5.5,9.8,12.1,14.1,72129.3,177409.6,0,0,0,0.0,1.1017,1.4162,2.9504
A,2,43,Search-heavy,0.8,0.15,31,300,9300,201.428,200,0.7783,20.663,19.702,16.159,13.9,36.3,49.3,58.7,6.39,6.1,11.8,19.3,22.4,61885.0,156502.6,0,0,0,0.0,1.1629,1.3893,2.5544
A,2,43,Search-heavy,0.8,0.15,32,300,9600,216.517,195.724,0.7621,21.946,22.034,14.611,12.9,33.1,37.7,38.9,5.635,5.3,10.5,12.5,13.4,68443.1,177472.9,0,0,0,0.0,1.2501,1.4756,3.016
A,2,43,Search-heavy,0.8,0.15,33,300,9900,181.468,227.46,0.8446,20.215,19.508,20.935,11.6,32.4,59.4,2107.8,5.521,5.1,10.1,14.2,16.7,47766.9,181137.6,0,0,0,0.0,1.0477,1.3592,4.1831
A,2,43,Search-heavy,0.8,0.15,34,300,10200,218.756,209.79,0.7902,20.332,21.355,14.55,11.8,34.2,38.9,40.2,5.087,5.1,8.6,10.6,12.9,68727.0,196566.3,0,0,0,0.0,1.263,1.3671,3.6698
A,2,43,Search-heavy,0.8,0.15,35,300,10500,225.356,247.131,0.8134,21.105,19.918,16.396,13.3,38.0,44.9,78.6,5.503,5.2,9.5,13.2,15.3,60989.3,181718.9,0,0,0,0.0,1.3011,1.419,3.4015
A,2,43,Search-heavy,0.8,0.15,36,300,10800,214.498,232.016,0.8251,21.791,22.311,14.747,12.2,34.1,41.6,42.9,5.159,4.8,9.8,11.1,16.2,67808.8,193823.6,0,0,0,0.0,1.2384,1.4652,3.7477
A,2,43,Search-heavy,0.8,0.15,37,300,11100,237.664,297.679,0.7991,21.494,20.962,17.577,14.8,41.5,50.1,64.0,5.915,5.5,11.3,14.0,15.5,56891.5,169061.7,0,0,0,0.0,1.3722,1.4452,3.5786
A,2,43,Search-heavy,0.8,0.15,38,300,11400,232.517,223.966,0.8293,21.05,20.466,15.817,12.0,39.8,44.9,47.5,5.257,4.9,9.1,14.0,16.6,63224.4,190234.6,0,0,0,0.0,1.3424,1.4153,3.2071
A,2,43,Search-heavy,0.8,0.15,39,300,11700,255.453,251.922,0.8046,20.915,20.422,18.088,14.5,43.8,54.9,92.2,5.457,5.2,9.7,12.9,21.0,55286.3,183262.1,0,0,0,0.0,1.4749,1.4063,4.2558
A,2,43,Search-heavy,0.8,0.15,40,300,12000,242.713,244.841,0.8365,22.371,19.556,16.194,11.8,38.2,48.2,48.5,5.201,4.9,9.7,11.2,12.0,61750.0,192283.0,0,0,0,0.0,1.4013,1.5042,4.3036
A,2,43,Search-heavy,0.8,0.15,41,300,12300,246.346,256.967,0.8688,20.983,22.65,17.63,13.9,44.2,63.7,84.8,5.404,5.1,9.5,11.8,13.7,56720.4,185048.2,0,0,0,0.0,1.4223,1.4109,5.3983
A,2,43,Search-heavy,0.8,0.15,42,300,12600,265.432,228.339,0.82,21.598,20.271,17.739,14.3,43.4,50.9,58.0,5.156,4.8,9.4,11.2,14.2,56373.0,193936.2,0,0,0,0.0,1.5325,1.4522,4.5447
A,2,43,Search-heavy,0.8,0.15,43,300,12900,243.284,223.859,0.9039,21.801,18.922,17.425,12.7,46.8,70.1,76.4,5.981,5.5,11.4,13.9,14.3,57388.8,167205.5,0,0,0,0.0,1.4046,1.4658,5.0432
A,2,43,Search-heavy,0.8,0.15,44,300,13200,121.34,93.571,1.4587,20.824,19.857,8.768,3.3,33.1,39.1,41.3,4.979,4.7,8.8,10.9,13.8,114046.8,200857.0,0,0,0,0.0,0.7006,1.4001,3.5872
A,2,43,Search-heavy,0.8,0.15,45,300,13500,109.48,104.795,1.3749,21.533,20.795,8.765,4.5,31.7,41.7,65.8,5.507,5.2,10.4,14.9,15.5,114094.5,181576.1,0,0,0,0.0,0.6321,1.4478,2.7987
A,2,43,Search-heavy,0.8,0.15,46,300,13800,57.138,65.967,1.6532,21.404,18.9,17.082,6.8,31.7,55.3,1983.8,5.769,5.4,10.4,14.1,25.8,58542.3,173350.3,0,1,0,0.016667,0.3299,1.4392,3.922
A,2,43,Search-heavy,0.8,0.15,47,300,14100,29.045,31.103,0.8991,22.227,22.155,5.159,3.7,14.4,32.3,34.2,5.156,4.7,9.0,12.0,14.8,193823.5,193948.8,0,0,0,0.0,0.1677,1.4945,2.6917
A,2,43,Search-heavy,0.8,0.15,48,300,14400,39.295,31.212,0.6692,21.15,20.561,6.465,5.3,13.5,59.1,75.0,5.343,4.9,10.0,14.5,15.5,154679.0,187160.7,0,0,0,0.0,0.2269,1.422,4.0759
A,2,43,Search-heavy,0.8,0.15,49,300,14700,43.738,44.812,0.6646,20.635,21.458,6.038,5.0,9.4,35.3,37.3,4.93,4.7,8.8,11.2,12.0,165626.9,202853.6,0,0,0,0.0,0.2525,1.3874,3.1518
A,2,43,Search-heavy,0.8,0.15,50,300,15000,48.845,45.787,0.6289,21.812,20.066,5.829,5.2,9.1,32.6,36.9,4.835,4.7,8.0,12.8,15.4,171565.8,206825.4,0,0,0,0.0,0.282,1.4666,2.5469
A,2,43,Search-heavy,0.8,0.15,51,300,15300,59.577,49.788,0.6144,20.774,20.462,6.091,6.0,9.3,21.7,37.0,4.696,4.4,8.4,10.6,13.9,164167.8,212931.9,0,0,0,0.0,0.344,1.3968,2.0472
A,2,43,Search-heavy,0.8,0.15,52,300,15600,61.278,61.966,0.63,21.095,19.322,12.293,6.1,10.8,55.5,1654.7,4.999,4.6,8.9,10.9,14.0,81344.9,200040.0,0,0,0,0.0,0.3538,1.4184,5.0918
A,2,43,Search-heavy,0.8,0.15,53,300,15900,62.419,59.047,0.8008,20.436,21.125,5.855,5.5,10.5,12.5,42.4,4.504,4.2,8.2,9.3,12.6,170794.1,222008.6,0,0,0,0.0,0.3604,1.3741,1.3441
A,2,43,Search-heavy,0.8,0.15,54,300,16200,56.342,56.275,1.0058,22.303,19.072,5.461,3.6,11.6,13.9,38.3,4.558,4.3,8.1,10.1,10.9,183116.5,219394.5,0,0,0,0.0,0.3253,1.4996,1.3762
A,2,43,Search-heavy,0.8,0.15,55,300,16500,68.128,71.017,0.8694,21.798,19.224,6.712,4.7,14.2,29.2,38.6,5.422,5.1,10.1,14.0,19.6,148994.4,184422.4,0,0,0,0.0,0.3933,1.4656,2.0857
A,2,43,Search-heavy,0.8,0.15,56,300,16800,85,55.483,0.7197,22.244,20.466,6.891,5.7,13.7,14.9,38.7,4.867,4.6,8.1,10.9,16.4,145116.8,205451.2,0,0,0,0.0,0.4907,1.4956,1.367
A,2,43,Search-heavy,0.8,0.15,57,300,17100,82.427,80.788,0.7662,22.282,21.652,6.783,5.6,14.0,16.0,38.8,4.698,4.5,7.9,10.0,17.3,147420.2,212841.4,0,0,0,0.0,0.4759,1.4982,1.6
A,2,43,Search-heavy,0.8,0.15,58,300,17400,92.467,93.875,0.7063,21.48,21.143,10.277,6.8,15.9,30.6,770.1,5.003,4.8,9.0,10.5,12.0,97307.8,199866.7,0,0,0,0.0,0.5339,1.4442,2.9143
A,2,43,Search-heavy,0.8,0.15,59,300,17700,107.463,88.362,0.6976,21.145,20.293,8.248,7.0,16.6,19.2,49.3,4.809,4.4,8.5,10.5,17.0,121241.5,207957.9,0,0,0,0.0,0.6204,1.4217,1.8285
A,2,43,Search-heavy,0.8,0.15,60,300,18000,110.949,105.404,0.6497,21.929,22.426,8.376,7.7,16.1,19.7,23.2,4.723,4.5,7.7,9.2,10.8,119393.6,211729.6,0,0,0,0.0,0.6406,1.4744,2.1413
A,2,43,Search-heavy,0.8,0.15,61,300,18300,112.207,128.667,0.6983,21.561,21.333,9.095,8.1,18.2,28.4,36.3,5.098,4.7,9.0,12.0,18.0,109946.5,196155.2,0,0,0,0.0,0.6478,1.4497,2.3667
A,2,43,Search-heavy,0.8,0.15,62,300,18600,125.721,102.717,0.6713,23.126,22.434,9.139,8.0,19.9,22.0,34.2,5.282,5.1,9.2,11.9,13.4,109421.2,189322.1,0,0,0,0.0,0.7258,1.5549,1.8487
A,2,43,Search-heavy,0.8,0.15,63,300,18900,138.257,134.475,0.5982,21.216,20.508,9.977,9.3,20.2,33.1,40.2,4.751,4.6,8.0,10.2,12.3,100227.2,210496.6,0,0,0,0.0,0.7982,1.4265,3.2451
A,2,43,Search-heavy,0.8,0.15,64,300,19200,140.25,120.089,0.6683,21.107,21.804,17.849,9.2,24.1,42.8,2116.4,5.448,4.8,10.6,12.9,18.1,56026.6,183542.3,0,0,0,0.0,0.8097,1.4192,3.3178
A,2,43,Search-heavy,0.8,0.15,65,300,19500,139.959,185.945,0.681,21.853,20.036,10.334,9.6,21.0,24.8,32.7,5.745,5.4,10.3,13.4,19.6,96771.1,174064.3,0,0,0,0.0,0.8081,1.4693,1.8507
A,2,43,Search-heavy,0.8,0.15,66,300,19800,168.077,144.463,0.6259,22.12,21.239,11.346,10.3,23.5,34.9,50.3,5.211,4.8,10.0,12.5,17.1,88134.2,191902.0,0,0,0,0.0,0.9704,1.4873,2.792
A,2,43,Search-heavy,0.8,0.15,67,300,20100,165.799,167.515,0.6599,21.248,21.591,12.468,10.8,26.3,49.2,64.1,5.745,5.3,11.2,13.8,15.1,80207.5,174074.4,0,0,0,0.0,0.9572,1.4287,3.5652
A,2,43,Search-heavy,0.8,0.15,68,300,20400,178.133,192.433,0.6427,21.253,21.045,11.932,10.9,24.3,27.6,29.1,5.045,4.8,9.0,12.7,15.2,83805.9,198216.3,0,0,0,0.0,1.0285,1.429,2.1732
A,2,43,Search-heavy,0.8,0.15,69,300,20700,178.532,170.942,0.6646,21.306,21.173,12.935,11.6,27.0,38.7,45.1,5.601,5.2,10.6,13.8,16.4,77311.6,178539.6,0,0,0,0.0,1.0308,1.4326,2.8044
A,2,43,Search-heavy,0.8,0.15,70,300,21000,179.932,174.476,0.6482,21.245,20.492,12.158,11.2,24.2,28.7,30.0,5.033,4.6,9.4,13.7,16.6,82248.1,198675.6,0,0,0,0.0,1.0388,1.4284,2.0949
A,2,43,Search-heavy,0.8,0.15,71,300,21300,206.987,208.265,0.67,21.862,21.544,14.465,12.7,31.5,41.0,49.8,5.29,4.7,10.1,12.2,15.7,69134.0,189035.9,0,0,0,0.0,1.195,1.4699,3.3606
A,2,43,Search-heavy,0.8,0.15,72,300,21600,220.975,206.254,0.6487,21.996,20.186,14.474,12.8,29.4,32.3,32.7,5.179,4.9,9.3,11.5,13.3,69089.4,193087.4,0,0,0,0.0,1.2758,1.4789,2.8087
A,2,43,Search-heavy,0.8,0.15,73,300,21900,219.02,191.217,0.6887,22.071,22.283,15.35,13.7,32.1,50.0,72.8,5.44,5.0,10.0,12.8,18.4,65148.0,183812.4,0,0,0,0.0,1.2645,1.484,3.9063
A,2,43,Search-heavy,0.8,0.15,74,300,22200,229.582,264.131,0.6479,21.121,21.754,15.281,14.2,31.0,35.5,68.3,5.139,5.1,8.5,10.2,11.9,65442.2,194603.0,0,0,0,0.0,1.3255,1.4201,3.4804
A,2,43,Search-heavy,0.8,0.15,75,300,22500,231.88,232.134,0.6748,21.768,20.179,15.732,13.5,32.3,40.9,59.1,5.336,4.8,10.1,13.9,17.3,63563.4,187417.9,0,0,0,0.0,1.3388,1.4636,2.9424
A,2,43,Search-heavy,0.8,0.15,76,300,22800,216.162,272.017,0.7427,22.116,19.695,21.526,12.8,32.4,40.3,1950.6,5.875,5.5,11.3,13.3,16.8,46454.7,170203.0,0,0,0,0.0,1.248,1.487,3.0301
A,2,43,Search-heavy,0.8,0.15,77,300,23100,252.591,256.31,0.6744,21.496,22.19,17.792,15.1,37.5,54.2,68.6,5.966,5.6,11.0,15.0,16.2,56205.0,167625.9,0,0,0,0.0,1.4583,1.4453,3.6133
A,2,43,Search-heavy,0.8,0.15,78,300,23400,247.415,271.746,0.6874,21.369,20.814,16.504,14.7,35.7,39.8,48.0,5.81,5.3,10.5,14.1,27.2,60592.6,172127.0,0,0,0,0.0,1.4285,1.4368,2.8227
A,2,43,Search-heavy,0.8,0.15,79,300,23700,261.728,268.426,0.6586,22.008,19.246,18.032,16.4,40.4,48.3,70.0,5.842,5.4,11.5,14.3,16.7,55457.0,171164.4,0,0,0,0.0,1.5111,1.4798,3.3776
A,2,43,Search-heavy,0.8,0.15,80,300,24000,278.823,296.46,0.67,21.62,20.921,18.185,15.4,37.7,48.2,64.1,5.57,5.4,9.8,12.2,13.8,54991.4,179522.6,0,0,0,0.0,1.6098,1.4537,3.9508
A,2,43,Search-heavy,0.8,0.15,81,300,24300,278.408,270.333,0.6839,21.725,19.817,18.9,14.7,41.4,57.1,63.7,5.869,5.4,10.5,12.4,26.7,52911.0,170386.7,0,0,0,0.0,1.6074,1.4607,4.6048
A,2,43,Search-heavy,0.8,0.15,82,300,24600,286.711,268.466,0.7019,22.124,19.879,18.696,16.8,41.4,44.7,91.4,5.646,5.2,10.5,13.3,22.0,53486.4,177106.1,0,0,0,0.0,1.6553,1.4876,3.3609
A,2,43,Search-heavy,0.8,0.15,83,300,24900,291.634,301.723,0.7019,22.094,19.092,19.606,16.8,42.7,52.8,75.8,5.749,5.5,10.1,13.1,19.5,51004.8,173933.3,0,0,0,0.0,1.6837,1.4855,4.0305
A,2,43,Search-heavy,0.8,0.15,84,100,25000,305.776,346.083,0.6936,21.724,21.458,19.396,18.2,41.6,44.8,44.8,5.202,5.1,9.1,10.9,10.9,51557.0,192233.6,0,0,0,0.0,1.7654,1.4606,4.1101
A,2,43,Balanced,0.34,0.33,1,300,300,32.386,33.96,0.6065,24.832,19.886,14.325,5.4,21.0,38.2,2014.8,4.54,2.3,3.4,5.2,55676.6,69809.6,220263.4,0,1,0,0.005025,0.187,1.6696,7.3461
A,2,43,Balanced,0.34,0.33,2,300,600,27.178,29.907,0.7179,23.813,23.176,5.438,4.2,13.0,26.2,34.0,3.991,3.2,8.7,11.8,12.4,183902.5,250584.7,0,0,0,0.0,0.1569,1.6011,2.2203
A,2,43,Balanced,0.34,0.33,3,300,900,38.772,40.633,0.6931,23.832,23.141,6.124,4.8,12.4,22.5,62.5,4.252,3.3,9.7,16.8,21.7,163292.2,235183.4,0,0,0,0.0,0.2239,1.6024,1.3393
A,2,43,Balanced,0.34,0.33,4,300,1200,38.132,36.979,0.8752,24.387,23.041,11.194,4.3,13.4,30.1,1721.8,4.155,3.2,9.5,11.4,12.0,89336.3,240674.0,0,0,0,0.0,0.2202,1.6397,2.6403
A,2,43,Balanced,0.34,0.33,5,300,1500,44.99,53.045,0.9296,22.727,22.821,4.907,4.1,10.0,14.2,15.0,3.601,3.1,7.3,10.3,11.2,203776.6,277726.5,0,0,0,0.0,0.2597,1.5281,1.3786
A,2,43,Balanced,0.34,0.33,6,300,1800,60.969,62.089,0.7943,23.021,22.985,5.78,5.0,12.0,17.0,20.6,3.911,3.1,8.2,14.3,16.3,173020.3,255667.3,0,0,0,0.0,0.352,1.5478,1.1888
A,2,43,Balanced,0.34,0.33,7,300,2100,78.63,83.07,0.7662,23.18,22.18,6.43,5.7,12.9,17.1,65.2,3.701,3.0,8.2,11.8,19.4,155521.0,270221.6,0,0,0,0.0,0.454,1.5586,1.4492
A,2,43,Balanced,0.34,0.33,8,300,2400,90.268,98.904,0.7903,24.446,24.074,6.615,5.9,13.7,15.8,19.1,3.733,3.1,8.3,10.8,13.9,151171.6,267881.1,0,0,0,0.0,0.5212,1.6437,1.463
A,2,43,Balanced,0.34,0.33,9,300,2700,99.972,110.907,0.8205,22.943,22.582,8.671,7.3,19.1,29.8,63.7,4.247,3.5,9.1,17.3,29.6,115331.4,235478.6,0,0,0,0.0,0.5772,1.5427,1.7225
A,2,43,Balanced,0.34,0.33,10,300,3000,123.223,129.777,0.7267,23.152,22.883,14.049,7.4,17.5,21.0,1744.0,3.829,3.1,8.1,12.0,16.5,71179.4,261164.8,0,0,0,0.0,0.7114,1.5567,1.75
A,2,43,Balanced,0.34,0.33,11,300,3300,67.776,72.316,1.2743,22.897,22.492,7.04,5.0,18.8,28.8,48.1,4.276,3.3,9.5,12.3,34.8,142045.5,233863.5,0,0,0,0.0,0.3913,1.5395,2.3415
A,2,43,Balanced,0.34,0.33,12,300,3600,89.11,78.747,1.1676,23.254,22.038,6.504,4.5,17.5,21.9,23.5,3.761,3.0,7.6,10.7,12.9,153743.6,265910.3,0,0,0,0.0,0.5145,1.5636,2.0467
A,2,43,Balanced,0.34,0.33,13,300,3900,70.613,102.361,1.1829,22.547,22.469,6.628,5.2,13.3,24.3,76.2,3.535,3.0,7.6,9.7,10.4,150882.6,282885.3,0,0,0,0.0,0.4077,1.516,2.5052
A,2,43,Balanced,0.34,0.33,14,300,4200,105.41,109.635,1.0701,24.78,23.5,7.277,5.8,19.0,28.7,34.2,3.806,3.1,8.6,12.0,12.7,137425.6,262720.2,0,0,0,0.0,0.6086,1.6661,2.3916
A,2,43,Balanced,0.34,0.33,15,300,4500,126.355,125.58,0.9262,23.226,22.377,13.229,6.4,18.6,30.9,1645.3,3.406,2.9,6.9,9.8,10.1,75589.6,293599.6,0,0,0,0.0,0.7295,1.5616,3.1531
A,2,43,Balanced,0.34,0.33,16,300,4800,150.373,134.939,0.94,23.118,22.455,12.377,7.4,26.6,37.5,927.5,3.756,3.1,8.1,12.0,21.1,80797.2,266216.9,0,0,0,0.0,0.8682,1.5544,3.125
A,2,43,Balanced,0.34,0.33,17,300,5100,131.804,161.819,0.9002,24.518,23.42,8.986,7.5,20.4,30.5,39.6,4.012,3.2,8.8,11.0,14.5,111288.3,249252.5,0,0,0,0.0,0.761,1.6485,2.7727
A,2,43,Balanced,0.34,0.33,18,300,5400,159.369,152.315,0.953,22.068,22.701,9.282,7.4,22.1,36.0,82.5,3.526,3.0,7.1,8.9,9.6,107735.4,283607.8,0,0,0,0.0,0.9201,1.4838,4.0449
A,2,43,Balanced,0.34,0.33,19,300,5700,147.211,178.833,0.8629,22.533,23.29,9.847,8.4,20.7,40.4,44.3,3.95,3.2,8.3,13.2,19.6,101550.3,253164.7,0,0,0,0.0,0.8499,1.5151,3.0606
A,2,43,Balanced,0.34,0.33,20,300,6000,195.223,179.782,0.9043,24.136,23.086,10.816,9.0,27.2,41.5,93.9,4.015,3.1,9.4,11.7,14.7,92458.5,249045.1,0,0,0,0.0,1.1271,1.6228,3.547
A,2,43,Balanced,0.34,0.33,21,300,6300,98.255,94.18,1.4048,24.528,21.557,16.222,6.2,28.2,40.5,2033.7,4.21,3.1,10.1,12.6,20.1,61643.4,237510.9,0,1,0,0.005155,0.5673,1.6492,3.2143
A,2,43,Balanced,0.34,0.33,22,300,6600,48.358,47.259,0.4695,24.453,22.785,5.931,4.8,13.1,21.5,33.7,3.691,3.0,8.1,11.2,14.8,168605.8,270904.5,0,0,0,0.0,0.2792,1.6441,1.9196
A,2,43,Balanced,0.34,0.33,23,300,6900,46.924,61.641,0.7077,23.133,23.185,11.988,5.6,13.5,86.4,1555.1,4.076,3.2,9.0,12.5,15.3,83416.7,245358.4,1,0,0,0.005128,0.2709,1.5554,6.912
A,2,43,Balanced,0.34,0.33,24,300,7200,40.313,51.363,0.7056,23.101,22.413,5.653,5.1,12.4,17.9,18.8,3.589,2.9,8.6,10.5,11.8,176886.6,278655.1,0,0,0,0.0,0.2327,1.5533,1.7048
A,2,43,Balanced,0.34,0.33,25,300,7500,51.234,60.714,0.7482,24.883,23.35,6.19,5.3,13.0,18.5,33.4,3.602,3.0,7.6,9.4,10.9,161542.4,277597.8,0,0,0,0.0,0.2958,1.6731,1.9681
A,2,43,Balanced,0.34,0.33,26,300,7800,47.551,65.252,0.9134,22.816,21.688,5.995,5.6,12.0,19.6,33.0,3.779,3.0,8.1,12.9,16.3,166805.5,264643.6,0,0,0,0.0,0.2745,1.5341,1.5194
A,2,43,Balanced,0.34,0.33,27,300,8100,54.387,59.227,0.8996,22.566,22.515,5.405,4.4,11.2,16.3,19.9,3.763,3.1,8.0,11.5,17.2,185013.8,265769.2,0,0,0,0.0,0.314,1.5173,1.4174
A,2,43,Balanced,0.34,0.33,28,300,8400,67.368,66.543,0.8424,23.605,23.387,5.783,5.1,11.5,14.5,17.3,3.817,3.2,7.7,10.0,11.5,172910.6,261963.2,0,0,0,0.0,0.389,1.5872,1.45
A,2,43,Balanced,0.34,0.33,29,300,8700,85.459,90.193,0.7187,24.684,23.361,12.136,6.2,13.4,19.5,1678.1,3.916,3.1,8.5,10.9,14.3,82401.8,255362.4,0,0,0,0.0,0.4934,1.6597,1.789
A,2,43,Balanced,0.34,0.33,30,300,9000,85.229,93.716,0.8551,23.615,23.225,6.584,5.9,13.9,16.9,59.4,3.634,2.9,7.6,10.3,13.6,151875.8,275178.6,0,0,0,0.0,0.4921,1.5878,1.6408
A,2,43,Balanced,0.34,0.33,31,300,9300,96.265,109.415,0.7744,24.157,22.475,7.216,6.4,14.4,20.6,56.6,3.492,2.9,7.5,9.8,11.4,138587.4,286368.7,0,0,0,0.0,0.5558,1.6242,2.102
A,2,43,Balanced,0.34,0.33,32,300,9600,103.25,111.665,0.8374,24.364,23.08,7.227,6.2,15.4,20.8,30.5,3.596,2.9,7.7,11.5,17.6,138376.5,278112.4,0,0,0,0.0,0.5961,1.6381,1.8087
A,2,43,Balanced,0.34,0.33,33,300,9900,116.06,123.63,0.8952,24.11,23.3,7.521,6.3,16.4,23.2,24.4,3.788,3.1,8.1,10.2,32.5,132961.0,263991.8,0,0,0,0.0,0.6701,1.6211,2.2745
A,2,43,Balanced,0.34,0.33,34,300,10200,99.089,120.397,1.0184,24.416,23.362,13.178,5.2,16.2,28.2,1817.0,4.203,3.2,10.3,14.4,17.0,75886.0,237906.5,0,0,0,0.0,0.5721,1.6417,1.9583
A,2,43,Balanced,0.34,0.33,35,300,10500,111.157,134.894,0.9706,22.959,23.151,7.751,6.1,18.9,26.5,33.7,4.09,3.3,8.5,12.1,13.3,129010.0,244479.1,0,0,0,0.0,0.6418,1.5437,2.1901
A,2,43,Balanced,0.34,0.33,36,300,10800,103.881,161.366,1.0698,22.358,22.974,7.992,6.3,17.9,28.2,28.6,3.87,3.1,8.3,12.0,14.9,125125.1,258375.6,0,0,0,0.0,0.5998,1.5033,2.35
A,2,43,Balanced,0.34,0.33,37,300,11100,151.717,169.711,0.915,23.358,22.206,9.042,7.1,22.9,30.7,33.7,3.894,3.0,8.7,11.7,17.4,110599.1,256827.3,0,0,0,0.0,0.8759,1.5706,2.6239
A,2,43,Balanced,0.34,0.33,38,300,11400,142.709,176.066,1.0049,23.777,22.299,8.886,6.8,21.8,34.1,36.2,3.738,2.9,7.9,11.8,16.8,112540.8,267523.0,0,0,0,0.0,0.8239,1.5987,2.8898
A,2,43,Balanced,0.34,0.33,39,300,11700,140.688,177.319,0.978,23.624,22.644,9.093,7.0,22.4,36.0,39.3,3.996,3.1,9.1,13.8,15.0,109974.7,250271.1,0,0,0,0.0,0.8123,1.5884,2.6087
A,2,43,Balanced,0.34,0.33,40,300,12000,147.214,166.188,1.0561,22.893,22.934,16.63,6.9,26.8,33.4,2164.1,3.678,3.0,8.0,9.3,10.3,60132.3,271911.5,0,1,0,0.005076,0.8499,1.5393,3.5914
A,2,43,Balanced,0.34,0.33,41,300,12300,35.067,57.156,0.5656,23.04,23.253,11.065,7.6,26.9,46.4,50.7,3.631,3.1,7.9,10.3,11.5,90372.3,275381.0,0,0,0,0.0,0.2025,1.5491,4.5049
A,2,43,Balanced,0.34,0.33,42,300,12600,41.66,38.609,0.5216,25.641,22.472,10.554,4.7,12.4,38.5,1427.7,3.923,3.1,8.8,11.0,19.6,94753.8,254928.4,0,0,0,0.0,0.2405,1.724,3.5
A,2,43,Balanced,0.34,0.33,43,300,12900,58.041,53.67,0.7249,24.443,21.552,6.272,5.0,12.6,25.6,97.2,4.001,3.2,9.1,11.9,15.8,159447.3,249916.6,0,0,0,0.0,0.3351,1.6435,2.1512
A,2,43,Balanced,0.34,0.33,44,300,13200,84.625,83.574,0.7351,25.615,24.485,6.38,5.8,12.4,20.1,35.3,3.929,3.0,9.1,12.9,14.1,156748.1,254539.2,0,0,0,0.0,0.4886,1.7223,1.5581
A,2,43,Balanced,0.34,0.33,45,300,13500,100.349,101.099,0.8322,23.505,22.963,6.951,6.3,16.1,18.2,18.6,3.685,3.0,7.8,11.5,12.1,143864.1,271395.2,0,0,0,0.0,0.5794,1.5804,1.5826
A,2,43,Balanced,0.34,0.33,46,300,13800,95.93,101.294,1.0401,23.779,23.089,6.485,5.3,14.6,21.6,24.9,3.732,2.9,7.9,12.5,17.4,154201.9,267929.0,0,0,0,0.0,0.5539,1.5988,1.728
A,2,43,Balanced,0.34,0.33,47,300,14100,132.657,124.035,0.9186,25.141,22.294,12.998,5.4,19.8,25.4,1687.3,3.583,2.9,7.9,11.2,11.6,76936.9,279069.9,0,0,0,0.0,0.7659,1.6904,2.2679
A,2,43,Balanced,0.34,0.33,48,300,14400,171.277,157.777,0.7777,26.312,22.963,9.716,8.0,22.3,31.1,34.9,4.443,3.3,10.4,13.5,34.2,102923.0,225056.0,0,0,0,0.0,0.9889,1.7692,2.3037
A,2,43,Balanced,0.34,0.33,49,300,14700,165.043,152.227,0.8436,23.73,22.249,8.962,7.0,25.5,30.7,32.8,4.136,3.1,9.3,13.8,16.2,111586.4,241759.7,0,0,0,0.0,0.9529,1.5956,2.2246
A,2,43,Balanced,0.34,0.33,50,300,15000,182.933,194.467,0.8129,24.352,21.933,10.377,8.1,26.4,34.1,78.1,4.006,3.1,9.3,12.1,17.8,96363.8,249646.6,0,0,0,0.0,1.0562,1.6374,2.8182
A,2,43,Balanced,0.34,0.33,51,300,15300,229.128,207.492,0.7854,24.017,23.169,11.604,9.0,31.7,37.8,40.8,4.067,3.3,8.7,11.0,14.5,86174.7,245861.5,0,0,0,0.0,1.3229,1.6148,3.4364
A,2,43,Balanced,0.34,0.33,52,300,15600,221.106,206.791,0.8253,23.596,21.495,11.022,8.0,32.2,42.1,46.5,3.715,3.0,8.5,10.7,14.0,90730.4,269203.3,0,0,0,0.0,1.2766,1.5865,3.9346
A,2,43,Balanced,0.34,0.33,53,300,15900,208.011,280.932,0.765,23.368,23.4,18.348,9.9,24.5,42.9,1933.0,3.829,3.1,8.9,11.8,12.4,54500.9,261187.6,0,0,0,0.0,1.2009,1.5712,3.6356
A,2,43,Balanced,0.34,0.33,54,300,16200,253.847,242.714,0.8515,24.577,22.64,13.054,9.7,38.8,49.2,54.2,4.183,3.2,9.3,14.7,16.4,76602.9,239044.0,0,0,0,0.0,1.4656,1.6525,3.3469
A,2,43,Balanced,0.34,0.33,55,300,16500,316.122,301.312,0.7646,24.469,22.337,14.612,11.6,41.1,51.8,55.8,3.772,3.0,7.8,10.2,14.7,68435.3,265088.1,0,0,0,0.0,1.8251,1.6453,5.0785
A,2,43,Balanced,0.34,0.33,56,300,16800,308.237,341.58,0.7982,23.882,23.836,15.813,12.1,45.4,54.5,114.2,4.024,3.1,8.8,12.4,13.8,63239.1,248488.3,0,0,0,0.0,1.7796,1.6057,4.3952
A,2,43,Balanced,0.34,0.33,57,300,17100,352.039,326.959,0.7968,23.398,22.909,16.428,11.9,53.1,66.1,71.1,3.942,3.1,9.0,12.5,15.7,60870.4,253678.4,0,0,0,0.0,2.0325,1.5732,5.288
A,2,43,Balanced,0.34,0.33,58,300,17400,374.843,338.212,0.8042,23.602,23.111,22.284,11.6,50.5,63.7,1885.3,3.624,3.0,7.9,12.5,13.4,44875.2,275912.8,0,0,0,0.0,2.1642,1.587,5.096
A,2,43,Balanced,0.34,0.33,59,300,17700,426.2,392.098,0.7286,23.341,22.721,18.545,14.3,53.7,69.3,75.1,3.857,3.1,8.7,12.3,16.5,53923.9,259268.8,0,0,0,0.0,2.4607,1.5694,5.6342
A,2,43,Balanced,0.34,0.33,60,300,18000,281.604,240.742,1.141,23.953,22.918,23.259,8.7,52.6,76.2,2421.7,4.2,3.2,9.0,11.1,13.1,42993.5,238076.5,0,1,0,0.005155,1.6258,1.6105,6.8649
A,2,43,Balanced,0.34,0.33,61,300,18300,63.827,63.614,0.5446,24.786,22.421,5.817,5.1,10.6,14.5,42.3,3.98,3.0,9.3,12.4,14.3,171900.0,251277.6,0,0,0,0.0,0.3685,1.6665,1.1694
A,2,43,Balanced,0.34,0.33,62,300,18600,93.09,93.785,0.6331,24.48,23.3,7.019,6.4,13.1,19.1,34.6,3.966,3.0,8.8,13.0,15.2,142463.7,252122.0,0,0,0,0.0,0.5375,1.646,1.4692
A,2,43,Balanced,0.34,0.33,63,300,18900,122.574,122.769,0.5967,24.96,23.025,8.281,7.8,15.4,21.7,44.7,4.043,3.1,8.7,11.9,21.0,120753.5,247320.6,0,0,0,0.0,0.7077,1.6783,1.8235
A,2,43,Balanced,0.34,0.33,64,300,19200,78.865,88.243,0.8713,25.288,23.206,12.841,5.9,15.3,36.8,1732.6,4.102,3.3,8.6,11.8,17.0,77875.6,243763.6,1,0,0,0.005291,0.4553,1.7003,3.1186
A,2,43,Balanced,0.34,0.33,65,300,19500,80.969,91.886,0.6399,24.041,23.703,6.67,6.0,12.1,20.5,36.2,4.285,3.2,9.5,13.7,14.7,149932.5,233353.9,0,0,0,0.0,0.4675,1.6164,1.4964
A,2,43,Balanced,0.34,0.33,66,300,19800,80.934,109.985,0.7738,24.406,23.356,7.084,6.1,12.8,22.5,67.5,3.98,3.2,8.8,10.4,11.7,141163.1,251235.3,0,0,0,0.0,0.4673,1.641,2.1635
A,2,43,Balanced,0.34,0.33,67,300,20100,89.596,119.761,0.8407,27.758,23.388,7.53,6.8,15.9,19.6,27.7,4.256,3.2,11.1,15.9,19.2,132808.0,234962.3,0,0,0,0.0,0.5173,1.8663,1.2327
A,2,43,Balanced,0.34,0.33,68,300,20400,106.043,141.825,0.7694,25.479,23.641,7.841,7.2,16.1,19.9,26.7,3.896,3.1,8.4,11.3,15.8,127540.1,256673.7,0,0,0,0.0,0.6122,1.7131,1.7611
A,2,43,Balanced,0.34,0.33,69,300,20700,104.274,135.443,0.7884,25.33,23.124,14.473,7.0,17.1,62.2,1910.2,4.134,3.1,9.2,11.4,40.9,69095.8,241877.0,1,0,0,0.005155,0.602,1.7031,5.4562
A,2,43,Balanced,0.34,0.33,70,300,21000,88.784,128.66,0.8595,23.763,24.118,7.66,6.8,15.6,20.8,24.7,4.019,3.2,9.1,12.2,12.9,130554.0,248797.4,0,0,0,0.0,0.5126,1.5978,1.7049
A,2,43,Balanced,0.34,0.33,71,300,21300,105.337,135.543,0.6728,24.545,22.779,7.919,7.3,14.7,18.7,58.4,3.775,3.0,7.9,9.9,11.5,126283.9,264900.6,0,0,0,0.0,0.6082,1.6503,1.8889
A,2,43,Balanced,0.34,0.33,72,300,21600,97.147,140.747,0.8364,23.549,23.813,7.555,6.5,15.4,20.5,22.8,3.918,3.3,8.1,10.2,12.1,132368.6,255253.9,0,0,0,0.0,0.5609,1.5834,2.0098
A,2,43,Balanced,0.34,0.33,73,300,21900,114.382,145.711,0.8456,23.655,24.416,7.914,6.7,17.5,21.6,23.4,3.915,3.2,8.3,10.2,11.6,126358.4,255449.5,0,0,0,0.0,0.6604,1.5905,2.1176
A,2,43,Balanced,0.34,0.33,74,300,22200,116.512,166.449,0.821,26.128,23.785,16.045,7.3,19.0,69.9,2150.0,3.923,3.1,8.9,12.2,13.9,62326.0,254928.7,0,0,0,0.0,0.6727,1.7568,5.7295
A,2,43,Balanced,0.34,0.33,75,300,22500,122.618,162.414,0.8715,23.52,22.5,8.566,7.2,19.5,26.5,47.3,4.155,3.1,9.7,14.8,23.3,116745.2,240693.0,0,0,0,0.0,0.7079,1.5814,1.7905
A,2,43,Balanced,0.34,0.33,76,300,22800,123.511,186.915,0.8376,23.886,23.83,8.925,7.7,18.5,28.6,56.0,3.774,2.9,8.6,10.8,12.9,112044.8,264994.1,0,0,0,0.0,0.7131,1.6061,2.6482
A,2,43,Balanced,0.34,0.33,77,300,23100,151.072,208.089,0.7898,23.691,23.493,9.728,8.2,22.0,28.1,30.0,3.958,3.0,8.9,13.3,14.5,102796.0,252631.5,0,0,0,0.0,0.8722,1.5929,2.1128
A,2,43,Balanced,0.34,0.33,78,300,23400,171.788,212.652,0.7735,25.798,24.891,10.386,8.5,25.0,34.6,39.9,3.973,3.1,9.2,11.6,17.4,96280.4,251720.2,0,0,0,0.0,0.9918,1.7346,2.9828
A,2,43,Balanced,0.34,0.33,79,300,23700,144.547,205.922,0.8511,24.305,24.01,9.801,7.9,21.0,31.8,67.9,3.801,3.1,8.3,10.4,11.2,102026.9,263065.4,0,0,0,0.0,0.8345,1.6342,3.0577
A,2,43,Balanced,0.34,0.33,80,300,24000,102.814,167.567,1.2233,24.292,23.727,23.788,8.4,29.2,52.5,2312.6,4.168,3.3,9.9,12.0,14.0,42038.6,239923.4,0,1,0,0.005348,0.5936,1.6333,4.375
A,2,43,Balanced,0.34,0.33,81,300,24300,58.627,63.126,0.4649,23.282,23.916,5.759,5.0,8.9,34.7,41.5,3.891,3.2,8.5,10.5,10.9,173631.2,256981.3,0,0,0,0.0,0.3385,1.5654,3.3048
A,2,43,Balanced,0.34,0.33,82,300,24600,92.505,98.23,0.5444,24.451,23.737,7.003,6.0,13.2,22.8,34.8,3.986,3.1,9.5,14.7,20.8,142789.2,250899.0,0,0,0,0.0,0.5341,1.644,1.551
A,2,43,Balanced,0.34,0.33,83,300,24900,136.702,126.281,0.5661,25.99,23.622,8.239,7.3,16.2,24.0,35.9,4.164,3.2,9.5,13.8,17.2,121369.1,240153.7,0,0,0,0.0,0.7892,1.7475,1.7391
A,2,43,Balanced,0.34,0.33,84,100,25000,160.621,142.282,0.5083,23.517,22.859,9.178,8.3,16.6,43.5,43.5,3.505,2.8,9.0,11.2,11.2,108956.1,285307.2,0,0,0,0.0,0.9273,1.5812,3.8839
A,2,43,Insert-heavy,0.15,0.7,1,300,300,30.298,31.166,0.734,21.191,16.765,14.91,4.4,27.1,51.4,2249.1,3.956,2.1,3.0,3.7,45875.2,67069.1,252764.6,0,1,0,0.003953,0.1749,1.4249,13.8918
A,2,43,Insert-heavy,0.15,0.7,2,300,600,52.51,53.032,0.673,19.918,19.359,11.984,4.8,12.8,27.7,1683.9,3.327,2.7,7.9,11.3,22.8,83444.6,300541.0,0,0,0,0.0,0.3032,1.3393,2.4513
A,2,43,Insert-heavy,0.15,0.7,3,300,900,76.689,82.667,0.796,18.578,19.471,6.254,5.8,11.8,24.3,25.7,3.05,2.7,6.4,9.6,10.7,159906.1,327833.4,0,0,0,0.0,0.4428,1.2491,2.5312
A,2,43,Insert-heavy,0.15,0.7,4,300,1200,102.325,120.023,0.8317,19.75,21.054,6.833,6.6,12.6,18.9,19.2,3.056,2.6,7.0,12.8,27.1,146355.8,327189.9,0,0,0,0.0,0.5908,1.3279,1.4766
A,2,43,Insert-heavy,0.15,0.7,5,300,1500,152.842,147.099,0.7521,22.316,20.58,13.695,7.2,16.6,22.5,1726.4,3.028,2.6,6.4,8.7,12.0,73019.4,330251.1,0,0,0,0.0,0.8824,1.5005,2.5862
A,2,43,Insert-heavy,0.15,0.7,6,300,1800,199.604,175.095,0.7127,22.083,20.02,9.272,8.5,20.7,28.7,74.3,3.145,2.6,7.5,10.5,10.9,107855.5,317931.3,0,0,0,0.0,1.1524,1.4848,2.7333
A,2,43,Insert-heavy,0.15,0.7,7,300,2100,185.609,211.476,0.8686,19.957,20.815,15.834,9.1,23.1,32.5,1595.9,3.211,2.9,6.5,9.6,10.6,63155.2,311397.1,0,0,0,0.0,1.0716,1.3418,3.3854
A,2,43,Insert-heavy,0.15,0.7,8,300,2400,224.116,242.899,0.8028,22.465,19.786,11.069,9.7,22.3,34.2,38.5,3.067,2.7,6.7,8.3,8.9,90339.7,326015.6,0,0,0,0.0,1.2939,1.5105,4.1204
A,2,43,Insert-heavy,0.15,0.7,9,300,2700,350.55,256.165,0.6616,20.9,20.677,12.629,10.6,30.6,45.9,49.4,3.062,2.7,6.5,10.5,11.3,79180.7,326583.5,0,0,0,0.0,2.0239,1.4053,4.3714
A,2,43,Insert-heavy,0.15,0.7,10,300,3000,201.348,220.378,1.2381,22.413,20.209,19.482,9.3,31.7,52.9,2173.5,3.27,2.8,7.9,10.2,17.8,51329.4,305841.4,0,1,0,0.003937,1.1625,1.507,5.1862
A,2,43,Insert-heavy,0.15,0.7,11,300,3300,45.5,57.254,0.7715,21.525,20.319,9.995,5.2,13.2,34.3,1189.1,3.019,2.8,6.0,8.7,11.3,100053.3,331235.2,0,0,0,0.0,0.2627,1.4473,3.9426
A,2,43,Insert-heavy,0.15,0.7,12,300,3600,74.978,78.267,0.9206,22.4,19.667,6.951,6.1,13.8,21.0,77.3,3.241,2.7,7.2,9.7,15.6,143871.0,308578.6,0,0,0,0.0,0.4329,1.5061,2.165
A,2,43,Insert-heavy,0.15,0.7,13,300,3900,102.067,101.443,1.1542,21.111,19.149,7.882,6.6,18.1,25.2,32.0,3.241,2.7,7.5,11.4,13.3,126865.9,308578.9,0,0,0,0.0,0.5893,1.4195,2.2105
A,2,43,Insert-heavy,0.15,0.7,14,300,4200,115.789,122.84,1.169,21.649,19.317,13.755,6.9,19.5,33.5,1628.8,3.351,2.7,7.5,12.3,15.5,72699.1,298418.6,0,0,0,0.0,0.6685,1.4556,2.7236
A,2,43,Insert-heavy,0.15,0.7,15,300,4500,209.25,152.619,0.8832,19.844,18.948,9.296,7.5,20.4,35.0,36.4,3.022,2.7,6.5,9.1,15.0,107569.3,330906.4,0,0,0,0.0,1.2081,1.3342,3.8461
A,2,43,Insert-heavy,0.15,0.7,16,300,4800,234.167,201.376,0.8495,22.857,19.946,17.543,8.7,29.1,36.2,1899.3,3.245,2.7,6.6,11.3,19.9,57003.9,308166.1,0,0,0,0.0,1.352,1.5369,3.2036
A,2,43,Insert-heavy,0.15,0.7,17,300,5100,229.043,190.972,1.0312,21.239,20.567,10.412,7.3,30.0,38.6,43.1,3.304,2.8,7.1,10.8,13.5,96040.0,302663.6,0,0,0,0.0,1.3224,1.4281,3.5741
A,2,43,Insert-heavy,0.15,0.7,18,300,5400,290.043,215.48,0.9443,22.13,20.736,11.67,7.9,30.7,53.7,72.3,3.329,2.8,7.5,11.1,12.7,85687.4,300390.4,0,0,0,0.0,1.6746,1.488,4.8378
A,2,43,Insert-heavy,0.15,0.7,19,300,5700,316.922,256.992,0.9945,22.961,19.884,19.465,7.9,42.3,56.3,2082.6,3.292,2.7,7.8,11.8,13.2,51374.3,303797.6,0,1,0,0.004016,1.8297,1.5438,4.7712
A,2,43,Insert-heavy,0.15,0.7,20,300,6000,249.444,319.851,1.2748,21.222,20.906,18.228,8.3,31.9,62.8,1525.5,3.215,2.8,7.1,10.8,12.8,54861.7,311009.7,0,0,0,0.0,1.4402,1.4269,5.8148
A,2,43,Insert-heavy,0.15,0.7,21,300,6300,366.927,344.201,1.058,20.927,19.988,15.493,9.3,48.2,71.4,78.1,3.199,2.7,6.8,9.5,15.8,64545.3,312630.5,0,0,0,0.0,2.1185,1.4071,7.5157
A,2,43,Insert-heavy,0.15,0.7,22,300,6600,403.881,327.469,1.0075,21.381,18.461,18.619,9.8,42.2,88.4,900.2,3.151,2.7,7.0,10.0,13.4,53708.6,317326.1,0,0,0,0.0,2.3318,1.4376,8.84
A,2,43,Insert-heavy,0.15,0.7,23,300,6900,345.457,395.173,1.1818,21.522,20.252,23.341,11.6,40.7,93.6,1908.9,3.346,2.8,7.4,12.3,13.8,42842.4,298864.5,0,0,0,0.0,1.9945,1.4471,7.6098
A,2,43,Insert-heavy,0.15,0.7,24,300,7200,519.277,487.757,0.8411,21.077,20.885,21.286,13.6,64.1,82.0,98.6,3.6,2.9,8.5,11.2,12.8,46980.0,277752.3,0,0,0,0.0,2.998,1.4172,7.3215
A,2,43,Insert-heavy,0.15,0.7,25,300,7500,513.976,489.486,1.0218,21.293,19.799,23.866,14.1,73.2,111.8,127.4,3.855,3.0,10.0,13.7,15.1,41900.6,259426.1,0,0,0,0.0,2.9674,1.4317,8.1606
A,2,43,Insert-heavy,0.15,0.7,26,300,7800,511.595,544.042,0.989,18.054,20.087,29.42,14.1,63.4,115.4,2125.4,3.397,2.9,8.3,10.8,17.3,33990.1,294348.7,0,0,0,0.0,2.9537,1.2139,10.6852
A,2,43,Insert-heavy,0.15,0.7,27,300,8100,491.211,515.042,1.0862,21.132,20.615,22.378,15.8,58.4,110.8,192.0,3.54,2.9,8.6,15.5,20.4,44687.4,282458.9,0,0,0,0.0,2.836,1.4208,7.1484
A,2,43,Insert-heavy,0.15,0.7,28,300,8400,354.935,543.961,1.4534,19.522,20.445,26.893,6.5,58.1,121.8,2124.2,3.275,2.7,7.3,12.2,16.1,37184.9,305312.6,0,0,0,0.0,2.0492,1.3126,9.9836
A,2,43,Insert-heavy,0.15,0.7,29,300,8700,725.833,518.417,1.0011,22.333,19.848,29.154,7.3,82.0,130.6,2183.7,3.121,2.6,7.2,10.2,14.2,34301.0,320375.8,0,1,0,0.003788,4.1906,1.5016,12.804
A,2,43,Insert-heavy,0.15,0.7,30,300,9000,470.04,557.496,1.04,20.04,20.344,21.18,10.1,65.3,99.0,128.8,3.303,2.8,7.3,11.1,13.3,47214.4,302785.4,0,0,0,0.0,2.7138,1.3474,8.9189
A,2,43,Insert-heavy,0.15,0.7,31,300,9300,838.222,637.192,0.9131,23.067,21.039,32.704,12.4,98.4,152.3,1900.3,3.291,2.7,7.6,10.1,15.8,30577.6,303889.5,0,0,0,0.0,4.8395,1.5509,15.0791
A,2,43,Insert-heavy,0.15,0.7,32,300,9600,808.185,730.72,0.8882,21.667,21.203,30.931,14.9,96.9,154.8,200.7,3.534,2.9,8.3,12.7,16.6,32329.7,282938.8,0,0,0,0.0,4.6661,1.4568,12.189
A,2,43,Insert-heavy,0.15,0.7,33,300,9900,799.441,748.545,0.8719,21.206,20.797,36.645,14.6,83.5,138.6,2201.7,3.234,2.7,7.6,11.7,13.1,27288.9,309246.2,0,0,0,0.0,4.6156,1.4258,11.8462
A,2,43,Insert-heavy,0.15,0.7,34,300,10200,627.629,758.581,1.1195,19.743,20.185,28.805,16.9,85.3,152.1,165.3,3.225,2.7,7.3,12.1,12.8,34715.8,310077.2,0,0,0,0.0,3.6236,1.3275,12.5703
A,2,43,Insert-heavy,0.15,0.7,35,300,10500,896.63,795.898,0.9716,22.087,20.925,33.58,18.6,122.5,172.7,194.2,3.455,2.7,8.0,13.0,14.0,29779.6,289435.9,0,0,0,0.0,5.1767,1.4851,13.2845
A,2,43,Insert-heavy,0.15,0.7,36,300,10800,697.857,866.965,0.993,20.69,20.306,40.228,20.5,90.8,163.5,2139.0,3.394,2.8,7.9,12.4,20.0,24858.5,294608.4,0,0,0,0.0,4.0291,1.3912,13.1854
A,2,43,Insert-heavy,0.15,0.7,37,300,11100,965.881,964.32,0.9023,21.814,20.216,39.701,24.7,122.1,180.0,273.9,3.588,2.9,8.5,13.1,14.1,25188.3,278680.7,0,0,0,0.0,5.5765,1.4667,13.7405
A,2,43,Insert-heavy,0.15,0.7,38,300,11400,819.976,885.667,0.8902,20.476,20.012,34.58,22.3,100.6,155.3,224.2,3.394,2.8,7.9,12.8,23.4,28918.4,294608.7,0,0,0,0.0,4.7341,1.3768,12.1328
A,2,43,Insert-heavy,0.15,0.7,39,300,11700,156.735,205.363,2.6949,20.653,21.474,24.113,5.5,57.2,180.2,2481.1,3.337,2.8,7.8,11.4,14.1,41471.4,299700.4,0,1,0,0.003984,0.9049,1.3887,15.8069
A,2,43,Insert-heavy,0.15,0.7,40,300,12000,92.864,94.441,0.7794,20.023,20.934,7.042,6.2,14.3,21.0,24.8,3.024,2.7,6.3,8.5,10.1,141998.4,330687.6,0,0,0,0.0,0.5361,1.3463,2.4706
A,2,43,Insert-heavy,0.15,0.7,41,300,12300,129.77,135.653,0.8734,20.689,20.908,15.675,7.9,20.7,32.5,2014.7,3.359,2.8,7.6,9.5,10.3,63795.9,297737.1,1,0,0,0.004184,0.7492,1.391,3.421
A,2,43,Insert-heavy,0.15,0.7,42,300,12600,54.192,78.125,0.8461,21.385,20.609,6.736,5.9,13.0,21.3,27.4,3.168,2.7,7.2,10.4,12.6,148455.9,315623.5,0,0,0,0.0,0.3129,1.4378,2.0481
A,2,43,Insert-heavy,0.15,0.7,43,300,12900,77.158,100.859,0.8412,21,20.031,7.187,6.3,13.4,22.4,62.2,3.072,2.6,6.4,10.1,13.9,139146.5,325520.6,0,0,0,0.0,0.4455,1.412,2.2178
A,2,43,Insert-heavy,0.15,0.7,44,300,13200,97.128,124.162,0.7923,21.34,21.482,14.364,6.9,16.4,30.9,1892.4,3.232,2.7,6.9,11.1,15.5,69620.1,309437.6,0,0,0,0.0,0.5608,1.4349,2.7838
A,2,43,Insert-heavy,0.15,0.7,45,300,13500,136.63,143.929,0.7261,21,20.689,9.807,8.5,18.8,28.5,88.5,3.312,2.8,6.7,10.8,37.0,101964.5,301902.1,0,0,0,0.0,0.7888,1.412,2.6389
A,2,43,Insert-heavy,0.15,0.7,46,300,13800,106.22,180.652,0.9963,21.54,20.476,9.254,8.3,17.8,24.5,28.0,3.184,2.7,7.0,9.2,10.6,108057.5,314037.2,0,0,0,0.0,0.6133,1.4483,2.663
A,2,43,Insert-heavy,0.15,0.7,47,300,14100,144.712,173.645,0.8941,24.135,21.621,16.017,9.1,22.3,32.8,1753.0,3.445,2.8,7.5,11.0,18.7,62433.7,290276.0,0,0,0,0.0,0.8355,1.6227,2.9818
A,2,43,Insert-heavy,0.15,0.7,48,300,14400,131.462,189.028,1.0412,21.308,20.786,17.992,8.8,22.1,33.5,2254.9,3.292,2.8,7.5,12.3,14.4,55579.2,303766.8,0,1,0,0.004032,0.759,1.4327,2.7236
A,2,43,Insert-heavy,0.15,0.7,49,300,14700,26.946,25.038,0.5873,20.568,21.084,14.169,5.9,20.7,24.4,2027.5,3.447,2.8,7.2,15.3,36.4,70576.6,290107.0,0,0,0,0.0,0.1556,1.3829,1.5948
A,2,43,Insert-heavy,0.15,0.7,50,300,15000,58.122,55.317,0.6493,20.122,20.336,6.233,5.3,13.8,19.7,20.8,3.04,2.6,6.3,9.6,10.2,160427.9,328983.2,0,0,0,0.0,0.3356,1.3529,2.0521
A,2,43,Insert-heavy,0.15,0.7,51,300,15300,36.725,35.927,0.9831,22.775,21.619,5.944,4.1,16.0,23.5,40.6,3.307,2.7,7.6,12.4,14.0,168227.5,302419.3,0,0,0,0.0,0.212,1.5313,1.8952
A,2,43,Insert-heavy,0.15,0.7,52,300,15600,65.523,74.75,0.7938,20.773,21.504,13.264,6.0,14.2,41.3,1903.2,3.176,2.8,7.0,9.9,11.0,75390.1,314894.7,0,0,0,0.0,0.3783,1.3967,4.1717
A,2,43,Insert-heavy,0.15,0.7,53,300,15900,89.045,132.438,1.0412,20.773,20.801,8.631,8.1,18.0,27.0,41.5,3.27,2.8,6.5,13.1,18.4,115856.8,305841.7,0,0,0,0.0,0.5141,1.3967,2.0611
A,2,43,Insert-heavy,0.15,0.7,54,300,16200,182.239,171.24,0.8166,21.391,20.961,9.806,8.8,20.6,30.6,33.1,3.194,2.8,6.7,10.0,13.8,101975.0,313119.8,0,0,0,0.0,1.0522,1.4383,3.06
A,2,43,Insert-heavy,0.15,0.7,55,300,16500,106.269,116.597,1.5766,21.115,20.173,14.248,5.2,19.6,39.4,1939.1,3.239,2.7,8.0,9.2,12.0,70185.3,308705.2,0,0,0,0.0,0.6135,1.4197,4.2826
A,2,43,Insert-heavy,0.15,0.7,56,300,16800,75.486,87.392,0.509,22.943,21.581,5.494,4.9,9.2,12.2,70.3,2.981,2.7,5.8,8.3,14.6,182005.9,335419.6,0,0,0,0.0,0.4358,1.5426,1.4699
A,2,43,Insert-heavy,0.15,0.7,57,300,17100,181.103,158.506,0.6467,21.333,20.962,8.386,7.8,17.1,28.0,70.2,2.96,2.6,6.0,8.7,11.6,119246.2,337876.0,0,0,0,0.0,1.0456,1.4344,3.2184
A,2,43,Insert-heavy,0.15,0.7,58,300,17400,112.091,119.804,1.3024,23.436,21.159,17.56,7.1,23.5,41.7,2473.4,3.409,2.8,7.6,9.8,12.5,56947.6,293341.2,0,1,0,0.004082,0.6472,1.5758,4.2551
A,2,43,Insert-heavy,0.15,0.7,59,300,17700,27.109,30.008,0.6645,22.13,20.748,9.605,4.2,15.5,40.3,1222.6,3.159,2.8,6.5,10.1,13.3,104116.0,316522.6,0,0,0,0.0,0.1565,1.488,3.9901
A,2,43,Insert-heavy,0.15,0.7,60,300,18000,41.319,43.988,0.6265,21.723,18.937,6.346,4.9,16.1,29.0,48.0,3.276,2.8,7.4,10.5,11.8,157587.9,305281.4,0,0,0,0.0,0.2386,1.4606,2.7619
A,2,43,Insert-heavy,0.15,0.7,61,300,18300,58.341,61.672,0.804,20.045,19.641,12.024,5.3,14.5,19.9,1747.3,3.037,2.6,6.1,9.5,9.9,83169.3,329308.6,0,0,0,0.0,0.3368,1.3478,2.0947
A,2,43,Insert-heavy,0.15,0.7,62,300,18600,65.591,67.836,0.8036,19.023,20.293,6.841,6.0,15.0,21.9,23.7,3.212,2.7,6.8,10.8,28.2,146170.3,311299.9,0,0,0,0.0,0.3787,1.279,2.0278
A,2,43,Insert-heavy,0.15,0.7,63,300,18900,61.575,94.723,0.9246,19.1,19.427,7.744,6.9,16.4,29.7,51.8,3.062,2.7,6.7,8.8,14.3,129126.7,326583.9,0,0,0,0.0,0.3555,1.2842,3.375
A,2,43,Insert-heavy,0.15,0.7,64,300,19200,71.86,65.202,1.0645,21.814,19.362,14.068,5.5,17.2,29.3,2181.6,3.438,2.8,7.6,12.3,15.8,71081.6,290838.5,1,0,0,0.003891,0.4149,1.4667,2.3821
A,2,43,Insert-heavy,0.15,0.7,65,300,19500,59.887,67.275,0.9714,19.774,19.551,7.464,5.9,19.8,28.4,45.8,3.408,2.8,8.0,11.6,14.7,133970.4,293398.6,0,0,0,0.0,0.3458,1.3295,2.4483
A,2,43,Insert-heavy,0.15,0.7,66,300,19800,62.789,60.099,1.0011,21.974,18.794,5.262,4.0,12.1,21.1,27.3,3.021,2.6,6.9,9.7,12.7,190042.0,331052.0,0,0,0,0.0,0.3625,1.4775,2.1753
A,2,43,Insert-heavy,0.15,0.7,67,300,20100,84.179,94.483,0.8364,19.949,19.632,22.439,5.9,17.2,48.6,3153.4,3.589,2.9,7.6,12.9,18.8,44565.3,278629.2,0,1,0,0.003831,0.486,1.3413,3.7674
A,2,43,Insert-heavy,0.15,0.7,68,300,20400,28.068,33.697,0.5243,21.305,19.996,8.277,5.8,19.5,43.1,47.4,3.564,2.9,8.6,10.7,15.3,120811.9,280609.7,0,0,0,0.0,0.162,1.4325,4.028
A,2,43,Insert-heavy,0.15,0.7,69,300,20700,29.163,35.447,0.5446,20.581,20.128,14.763,5.9,19.0,23.1,2084.6,3.341,2.8,8.3,10.2,12.4,67738.4,299341.5,1,0,0,0.003891,0.1684,1.3838,2.2647
A,2,43,Insert-heavy,0.15,0.7,70,300,21000,31.735,32.414,0.7279,21.388,19.251,7.252,5.4,17.5,23.3,57.0,3.234,2.8,7.6,9.4,13.8,137899.4,309214.5,0,0,0,0.0,0.1832,1.4381,2.4787
A,2,43,Insert-heavy,0.15,0.7,71,300,21300,40.265,39.492,0.505,21.765,19.82,7.753,5.7,18.0,26.5,57.7,3.151,2.8,6.7,10.6,13.7,128976.8,317325.5,0,0,0,0.0,0.2325,1.4634,2.5
A,2,43,Insert-heavy,0.15,0.7,72,300,21600,32.488,38.116,0.6907,21.341,20.185,11.965,4.3,14.0,25.2,1907.9,3.154,2.8,7.2,8.8,10.7,83579.5,317023.8,0,0,0,0.0,0.1876,1.4349,2.8636
A,2,43,Insert-heavy,0.15,0.7,73,300,21900,47.867,59.373,0.6652,20.556,19.545,6.387,5.6,13.8,17.7,18.9,3.186,2.7,6.6,9.2,12.5,156567.9,313840.6,0,0,0,0.0,0.2764,1.3821,1.9239
A,2,43,Insert-heavy,0.15,0.7,74,300,22200,56.413,70.287,0.9683,21.087,19.555,6.159,5.5,12.9,20.8,26.8,3.147,2.6,7.3,10.2,11.6,162355.2,317729.3,0,0,0,0.0,0.3257,1.4178,2.0392
A,2,43,Insert-heavy,0.15,0.7,75,300,22500,52.537,59,0.8107,19.889,20.386,12.776,4.7,11.7,18.5,2157.5,3.143,2.7,6.7,10.3,11.6,78273.8,318167.1,0,0,0,0.0,0.3033,1.3373,1.7961
A,2,43,Insert-heavy,0.15,0.7,76,300,22800,91.909,80.277,0.7122,19.788,19.187,7.47,6.2,16.1,29.1,55.6,3.125,2.7,6.4,9.6,15.7,133869.0,319999.7,0,0,0,0.0,0.5306,1.3305,3.0312
A,2,43,Insert-heavy,0.15,0.7,77,300,23100,76.738,96.112,1.0106,22.452,18.733,16.763,6.7,17.6,44.4,2623.7,3.123,2.7,7.0,10.3,13.5,59656.4,320204.5,0,1,0,0.003876,0.443,1.5096,4.3106
A,2,43,Insert-heavy,0.15,0.7,78,300,23400,29.618,33.083,0.4924,21.559,18.583,8.968,6.4,20.2,29.6,46.7,3.187,2.8,7.1,9.9,11.3,111503.5,313741.5,0,0,0,0.0,0.171,1.4496,2.9899
A,2,43,Insert-heavy,0.15,0.7,79,300,23700,34.623,35.304,0.5853,20.528,18.919,14.469,6.5,17.7,23.2,1844.0,3.203,2.7,6.8,10.2,13.7,69113.3,312239.7,0,0,0,0.0,0.1999,1.3803,2.2745
A,2,43,Insert-heavy,0.15,0.7,80,300,24000,40.452,44.784,0.5623,19.71,19.431,9.291,6.7,20.0,30.5,44.9,3.104,2.8,6.3,8.9,12.5,107631.0,322130.5,0,0,0,0.0,0.2335,1.3252,3.4269
A,2,43,Insert-heavy,0.15,0.7,81,300,24300,33.927,38.559,0.6751,21.073,18.196,14.805,6.3,18.4,44.6,1984.5,3.239,2.7,6.7,9.6,10.7,67544.7,308769.1,1,0,0,0.004082,0.1959,1.4169,4.6459
A,2,43,Insert-heavy,0.15,0.7,82,300,24600,23.558,26.222,0.8908,20.019,19.141,4.227,3.3,9.8,17.8,47.3,3.395,2.9,7.4,12.1,12.6,236592.8,294550.8,0,0,0,0.0,0.136,1.346,1.4711
A,2,43,Insert-heavy,0.15,0.7,83,300,24900,80.114,81.988,0.7354,21.886,19.285,5.326,4.9,9.9,13.4,15.2,3.188,2.7,7.1,11.0,15.7,187758.1,313709.0,0,0,0,0.0,0.4625,1.4716,1.2182
A,2,43,Insert-heavy,0.15,0.7,84,100,25000,109.667,131.617,0.9478,16.5,19,31.849,6.3,10.6,2545.2,2545.2,2.803,2.5,4.8,9.7,9.7,31398.2,356759.8,0,0,0,0.0,0.6332,1.1094,262.3929
A,2,43,Write-heavy,0.1,0.5,1,300,300,33.128,35.682,0.7368,22.333,18.02,11.355,3.3,11.4,39.2,2038.3,4.759,2.3,3.7,5.7,62863.4,88064.3,210144.5,0,1,0,0.003831,0.1913,1.5016,6.8772
A,2,43,Write-heavy,0.1,0.5,2,300,600,48.25,51.012,0.6347,19.8,20.169,5.427,4.4,13.5,28.4,34.2,3.044,2.6,7.3,11.7,12.2,184275.2,328479.2,0,0,0,0.0,0.2786,1.3313,2.4274
A,2,43,Write-heavy,0.1,0.5,3,300,900,80.85,68.45,0.5321,22.4,20.9,11.058,5.0,10.7,16.0,1728.3,2.633,2.4,4.9,9.1,9.5,90435.0,379794.6,0,0,0,0.0,0.4668,1.5061,1.7583
A,2,43,Write-heavy,0.1,0.5,4,300,1200,101.854,94.058,0.6321,23.098,20.494,6.241,5.9,12.4,19.2,33.7,2.988,2.5,6.7,10.4,11.7,160239.2,334634.6,0,0,0,0.0,0.5881,1.553,1.8461
A,2,43,Write-heavy,0.1,0.5,5,300,1500,140.763,111.763,0.6119,22.237,20.042,7.202,6.7,15.1,18.6,34.3,2.889,2.6,6.3,9.6,10.6,138844.0,346101.0,0,0,0,0.0,0.8127,1.4951,1.9375
A,2,43,Write-heavy,0.1,0.5,6,300,1800,160.774,135.257,0.6525,22.548,19.751,7.594,7.2,14.9,19.1,27.3,2.635,2.4,5.5,9.6,10.3,131683.0,379459.2,0,0,0,0.0,0.9282,1.5161,1.9896
A,2,43,Write-heavy,0.1,0.5,7,300,2100,98.303,152.948,0.9818,18.242,21.255,13.544,7.1,13.2,36.9,1664.7,2.806,2.5,6.3,8.6,11.4,73831.6,356336.8,0,0,0,0.0,0.5676,1.2266,4.2907
A,2,43,Write-heavy,0.1,0.5,8,300,2400,209.784,164.338,0.6327,21.054,20.764,8.573,7.8,18.0,26.6,27.6,2.757,2.5,5.9,7.6,8.5,116645.3,362712.9,0,0,0,0.0,1.2112,1.4156,3.5
A,2,43,Write-heavy,0.1,0.5,9,300,2700,173.474,188.542,0.8333,22.079,20.744,9.614,8.5,18.5,33.7,70.9,2.929,2.6,6.1,11.4,12.3,104018.6,341452.5,0,0,0,0.0,1.0016,1.4845,2.9562
A,2,43,Write-heavy,0.1,0.5,10,300,3000,258.487,206.479,0.6603,22.667,20.483,12.982,9.5,23.1,35.4,777.5,2.924,2.6,6.2,8.7,10.6,77027.8,342035.8,0,0,0,0.0,1.4924,1.524,4.0689
A,2,43,Write-heavy,0.1,0.5,11,300,3300,232.6,251.367,0.7735,20.96,21.825,16.351,10.7,19.8,41.9,1628.2,2.795,2.6,5.5,7.5,11.5,61158.3,357824.6,0,0,0,0.0,1.3429,1.4093,5.5866
A,2,43,Write-heavy,0.1,0.5,12,300,3600,305.781,261.851,0.7814,20.312,20.593,12.31,10.7,29.7,49.2,59.0,2.831,2.5,5.2,9.9,10.9,81234.8,353231.4,0,0,0,0.0,1.7654,1.3658,4.9697
A,2,43,Write-heavy,0.1,0.5,13,300,3900,336.2,269.711,0.7755,24.267,20.596,12.068,10.1,24.2,44.1,50.8,2.796,2.5,6.0,8.9,16.3,82863.7,357653.6,0,0,0,0.0,1.9411,1.6316,4.9551
A,2,43,Write-heavy,0.1,0.5,14,300,4200,342.97,274.139,0.8226,22.152,20.742,20.779,11.7,35.8,65.9,2028.4,3.05,2.7,6.9,11.2,11.9,48126.3,327832.9,0,1,0,0.003745,1.9801,1.4894,5.8839
A,2,43,Write-heavy,0.1,0.5,15,300,4500,53.5,48.54,0.6205,20.464,20.044,7.229,5.0,18.6,34.2,40.4,2.787,2.5,5.0,9.2,10.9,138331.7,358765.7,0,0,0,0.0,0.3089,1.376,3.7174
A,2,43,Write-heavy,0.1,0.5,16,300,4800,41,57.972,0.9436,21.308,20.422,11.96,5.4,16.9,28.6,1594.4,2.785,2.5,4.6,9.3,14.4,83612.1,359066.1,1,0,0,0.003484,0.2367,1.4327,3.0753
A,2,43,Write-heavy,0.1,0.5,17,300,5100,46.774,50.394,0.7509,21.968,20.309,4.784,4.2,9.3,13.8,55.4,2.769,2.5,5.8,9.1,12.7,209015.5,361141.3,0,0,0,0.0,0.2701,1.4771,1.5165
A,2,43,Write-heavy,0.1,0.5,18,300,5400,52.52,65.295,0.8302,20.76,19.324,4.974,4.3,9.8,14.6,16.7,2.946,2.4,6.3,11.5,21.6,201059.1,339404.7,0,0,0,0.0,0.3032,1.3958,1.2696
A,2,43,Write-heavy,0.1,0.5,19,300,5700,77.125,91.018,0.6954,24.167,19.862,5.276,5.0,8.7,13.7,18.8,2.657,2.4,5.1,11.7,15.0,189525.4,376316.9,0,0,0,0.0,0.4453,1.6249,1.1709
A,2,43,Write-heavy,0.1,0.5,20,300,6000,88.321,104.982,0.6885,23.071,20.32,10.875,5.5,9.3,14.4,1570.7,2.688,2.4,5.3,9.6,13.4,91956.9,372069.9,0,0,0,0.0,0.5099,1.5513,1.5
A,2,43,Write-heavy,0.1,0.5,21,300,6300,109.581,132.491,0.7916,19.903,19.762,6.848,6.8,11.2,18.2,22.2,2.765,2.5,5.1,10.1,12.6,146035.1,361664.0,0,0,0,0.0,0.6327,1.3382,1.802
A,2,43,Write-heavy,0.1,0.5,22,300,6600,134.048,146.918,0.785,21.857,20.405,7.266,6.9,11.2,20.4,53.0,2.635,2.5,4.3,8.3,16.5,137627.2,379506.6,0,0,0,0.0,0.7739,1.4696,2.4578
A,2,43,Write-heavy,0.1,0.5,23,300,6900,163,179.538,0.5481,22.824,19.853,13.9,8.3,13.5,24.4,1672.0,2.807,2.5,6.2,9.5,11.0,71942.5,356251.7,0,0,0,0.0,0.9411,1.5346,2.5684
A,2,43,Write-heavy,0.1,0.5,24,300,7200,150.037,211.821,0.8741,20.37,20.667,8.967,8.5,15.2,30.6,36.1,2.654,2.5,5.4,7.5,8.2,111515.9,376837.1,0,0,0,0.0,0.8662,1.3697,4.08
A,2,43,Write-heavy,0.1,0.5,25,300,7500,217.125,223.604,0.7127,21.875,20.72,10.206,9.2,21.4,32.4,82.5,2.893,2.6,5.7,8.8,9.8,97981.6,345701.4,0,0,0,0.0,1.2536,1.4708,3.6818
A,2,43,Write-heavy,0.1,0.5,26,300,7800,220.786,228.39,0.699,20.214,21.331,9.941,9.5,18.3,27.1,34.2,2.875,2.6,5.5,9.7,15.9,100596.8,347785.7,0,0,0,0.0,1.2747,1.3592,2.7938
A,2,43,Write-heavy,0.1,0.5,27,300,8100,269.233,276.163,0.6677,22.067,22.43,11.881,11.4,26.9,35.3,38.5,3.019,2.7,6.8,10.1,13.0,84168.0,331199.2,0,0,0,0.0,1.5544,1.4837,3.495
A,2,43,Write-heavy,0.1,0.5,28,300,8400,134.278,104.928,1.3235,21.861,20.902,16.838,6.5,23.8,43.8,2214.9,2.991,2.6,6.6,9.5,12.3,59389.5,334336.2,0,1,0,0.003788,0.7753,1.4699,4.6105
A,2,43,Write-heavy,0.1,0.5,29,300,8700,32.833,36.716,0.6887,20.167,21.564,10.692,4.5,15.0,24.1,1551.8,3.061,2.7,7.1,9.8,10.4,93530.8,326654.7,0,0,0,0.0,0.1896,1.356,2.4592
A,2,43,Write-heavy,0.1,0.5,30,300,9000,54.281,51.187,0.7538,22.469,21.004,8.596,4.4,11.6,16.2,1004.1,2.807,2.5,5.9,8.8,9.1,116328.5,356211.0,0,0,0,0.0,0.3134,1.5107,1.8409
A,2,43,Write-heavy,0.1,0.5,31,300,9300,72.067,78.207,0.6483,21.633,21.174,6.096,5.6,12.1,21.0,30.4,2.843,2.6,5.5,10.0,16.6,164050.8,351782.7,0,0,0,0.0,0.4161,1.4546,2.1
A,2,43,Write-heavy,0.1,0.5,32,300,9600,96.872,99.241,0.6247,22,20.851,6.677,6.3,12.1,18.6,70.2,2.828,2.6,6.0,8.1,9.3,149760.3,353565.7,0,0,0,0.0,0.5593,1.4792,2.2963
A,2,43,Write-heavy,0.1,0.5,33,300,9900,51.733,72.033,1.5162,21.633,21.407,10.027,3.6,10.7,19.0,1527.0,2.769,2.5,6.0,7.8,9.1,99734.0,361184.9,0,0,0,0.0,0.2987,1.4546,2.4359
A,2,43,Write-heavy,0.1,0.5,34,300,10200,106.78,89.683,0.8867,23.488,20.486,5.673,4.6,11.9,20.8,21.7,3.005,2.6,7.2,9.4,11.4,176273.6,332741.8,0,0,0,0.0,0.6165,1.5793,2.2127
A,2,43,Write-heavy,0.1,0.5,35,300,10500,131,135.034,0.6191,22.062,21.828,6.659,6.0,12.6,18.9,31.9,2.82,2.6,5.2,8.4,14.5,150172.6,354610.3,0,0,0,0.0,0.7563,1.4834,2.25
A,2,43,Write-heavy,0.1,0.5,36,300,10800,164.45,167.507,0.6719,24.45,21.361,13.772,7.2,14.4,25.9,1807.9,2.728,2.5,5.0,9.1,12.7,72609.3,366524.1,0,0,0,0.0,0.9495,1.644,2.8462
A,2,43,Write-heavy,0.1,0.5,37,300,11100,209.567,190.115,0.6241,21.7,21.437,8.551,7.9,15.7,28.0,32.3,2.838,2.5,5.5,9.3,9.8,116950.0,352360.8,0,0,0,0.0,1.2099,1.4591,3.0108
A,2,43,Write-heavy,0.1,0.5,38,300,11400,201.083,239.877,0.7664,20.25,22.471,9.863,9.2,16.8,31.6,47.9,2.857,2.6,5.1,7.3,8.5,101392.4,350058.4,0,0,0,0.0,1.161,1.3616,4.3288
A,2,43,Write-heavy,0.1,0.5,39,300,11700,286.679,277.04,0.6334,21.286,21.04,11.344,10.8,20.9,37.1,39.6,2.829,2.5,5.8,8.3,12.9,88149.7,353481.8,0,0,0,0.0,1.6551,1.4312,4.4698
A,2,43,Write-heavy,0.1,0.5,40,300,12000,320.711,309.832,0.5171,22.211,20.756,20.305,12.8,29.8,40.4,2190.1,3.363,2.7,7.8,12.9,32.4,49248.1,297382.9,0,0,0,0.0,1.8516,1.4934,3.1318
A,2,43,Write-heavy,0.1,0.5,41,300,12300,210.625,198.47,0.8516,20.531,21.119,18.652,6.9,22.4,38.9,2586.6,2.921,2.6,6.4,9.6,10.3,53613.6,342309.5,0,1,0,0.003731,1.216,1.3805,4.0521
A,2,43,Write-heavy,0.1,0.5,42,300,12600,54.083,55.822,0.6953,23.792,22.37,6.871,5.3,19.2,35.2,36.5,2.863,2.7,5.5,11.9,12.6,145546.2,349284.1,0,0,0,0.0,0.3123,1.5997,2.958
A,2,43,Write-heavy,0.1,0.5,43,300,12900,56.2,74.226,0.9245,22.233,21.156,6.736,5.8,13.0,36.3,74.6,2.952,2.6,6.8,9.7,14.9,148448.8,338753.4,0,0,0,0.0,0.3245,1.4949,3.7423
A,2,43,Write-heavy,0.1,0.5,44,300,13200,36.296,57.791,0.7143,19.593,21.934,12.251,5.4,14.5,21.5,1775.1,2.877,2.7,5.5,7.2,7.6,81628.2,347543.6,1,0,0,0.003663,0.2096,1.3174,2.9861
A,2,43,Write-heavy,0.1,0.5,45,300,13500,55.148,60.495,0.8251,24.259,21.132,6.626,5.8,14.1,16.4,18.4,2.881,2.6,5.6,9.9,14.9,150928.3,347141.9,0,0,0,0.0,0.3184,1.6311,1.6566
A,2,43,Write-heavy,0.1,0.5,46,300,13800,56.8,74.796,0.648,19.9,21.793,7.405,6.4,17.0,23.1,27.0,3.056,2.7,6.6,9.0,10.2,135037.8,327225.2,0,0,0,0.0,0.3279,1.338,2.5667
A,2,43,Write-heavy,0.1,0.5,47,300,14100,74.044,93.439,0.8998,22.778,21.612,13.35,6.8,14.9,21.8,1780.8,3.088,2.7,6.9,9.5,10.3,74908.2,323834.1,0,0,0,0.0,0.4275,1.5315,2.2947
A,2,43,Write-heavy,0.1,0.5,48,300,14400,110.552,88.111,0.7563,20.931,21.782,8.157,6.8,17.5,27.1,35.0,3.039,2.8,5.9,8.9,9.5,122599.1,329019.2,0,0,0,0.0,0.6383,1.4073,3.0449
A,2,43,Write-heavy,0.1,0.5,49,300,14700,106.815,113.579,0.9984,22.815,22.015,8.546,7.5,16.1,21.5,66.2,2.892,2.6,5.8,9.1,11.4,117009.1,345741.2,0,0,0,0.0,0.6167,1.534,2.3626
A,2,43,Write-heavy,0.1,0.5,50,300,15000,108.731,120.785,0.9569,21.538,21.609,8.778,7.5,18.2,42.1,44.7,3.029,2.8,6.2,8.2,12.1,113925.5,330178.2,0,0,0,0.0,0.6278,1.4482,5.1341
A,2,43,Write-heavy,0.1,0.5,51,300,15300,96.788,103.12,0.9004,23.485,21.607,13.76,6.5,15.1,21.9,1873.1,2.954,2.7,6.5,8.7,9.9,72676.2,338562.6,1,0,0,0.003745,0.5588,1.5791,2.5172
A,2,43,Write-heavy,0.1,0.5,52,300,15600,68.032,118.944,1.0248,22.194,21.494,8.854,7.3,18.2,32.0,55.3,3.179,2.8,6.5,11.3,18.1,112939.0,314597.1,0,0,0,0.0,0.3928,1.4922,2.8319
A,2,43,Write-heavy,0.1,0.5,53,300,15900,72.258,90.58,0.6779,21.226,21.87,8.737,6.2,21.7,36.2,116.8,2.916,2.7,5.9,9.0,9.9,114451.4,342935.2,0,0,0,0.0,0.4172,1.4272,4.0222
A,2,43,Write-heavy,0.1,0.5,54,300,16200,64.276,94.852,0.9658,20.897,21.97,21.107,7.1,23.5,40.3,2343.1,2.972,2.7,6.2,7.7,9.5,47376.9,336511.4,0,1,0,0.00369,0.3711,1.405,5.2337
A,2,43,Write-heavy,0.1,0.5,55,300,16500,20.531,36.149,0.611,21.906,22.015,5.292,3.4,15.9,36.6,39.7,2.848,2.6,5.9,8.6,9.1,188964.4,351082.6,0,0,0,0.0,0.1185,1.4729,4.2558
A,2,43,Write-heavy,0.1,0.5,56,300,16800,65.593,59.407,0.629,22.852,22.267,5.126,4.2,8.4,37.0,73.2,2.973,2.5,6.4,12.1,35.7,195071.1,336360.2,0,0,0,0.0,0.3787,1.5365,3.0578
A,2,43,Write-heavy,0.1,0.5,57,300,17100,95.783,93.643,0.7643,19.652,21.26,5.422,5.0,9.4,15.2,15.5,2.636,2.5,4.9,7.6,8.3,184433.7,379410.7,0,0,0,0.0,0.553,1.3214,2.0
A,2,43,Write-heavy,0.1,0.5,58,300,17400,196.96,144.713,0.5155,21.32,21.585,12.533,6.6,16.8,36.3,1479.6,3.008,2.6,5.7,12.2,34.2,79789.3,332483.9,0,0,0,0.0,1.1371,1.4335,2.9754
A,2,43,Write-heavy,0.1,0.5,59,300,17700,174.25,184.825,0.7007,23.906,21.228,8.837,7.4,16.0,37.1,63.0,2.946,2.6,6.7,10.0,11.4,113156.3,339481.6,0,0,0,0.0,1.006,1.6074,3.71
A,2,43,Write-heavy,0.1,0.5,60,300,18000,162.519,201.546,0.9293,22.037,22.128,9.049,7.7,18.4,37.3,50.2,2.885,2.7,5.5,9.5,11.4,110509.4,346620.6,0,0,0,0.0,0.9383,1.4817,3.9263
A,2,43,Write-heavy,0.1,0.5,61,300,18300,277.786,281.537,0.701,22.464,22.651,11.456,10.0,21.5,38.5,48.5,2.895,2.6,5.8,8.8,16.5,87288.0,345463.2,0,0,0,0.0,1.6038,1.5104,4.375
A,2,43,Write-heavy,0.1,0.5,62,300,18600,250.703,317.03,0.838,22.514,22.228,18.536,10.3,26.5,56.6,1771.5,2.977,2.6,6.7,9.2,10.5,53949.1,335946.4,0,0,0,0.0,1.4474,1.5138,6.1521
A,2,43,Write-heavy,0.1,0.5,63,300,18900,317.242,369.337,0.719,20.182,22.865,14.448,13.1,26.9,62.0,71.2,2.923,2.7,5.8,8.8,9.8,69215.3,342114.2,0,0,0,0.0,1.8316,1.357,7.0454
A,2,43,Write-heavy,0.1,0.5,64,300,19200,328.146,406.784,0.8167,25.512,22.699,15.589,12.8,31.9,52.8,61.4,3.222,2.6,7.7,12.2,17.7,64147.8,310398.3,0,0,0,0.0,1.8946,1.7154,4.3279
A,2,43,Write-heavy,0.1,0.5,65,300,19500,422.167,431.937,0.7833,23.367,22.526,24.302,14.2,35.7,77.7,2192.8,3.178,2.7,6.8,13.3,15.5,41149.4,314630.2,0,0,0,0.0,2.4374,1.5711,5.8421
A,2,43,Write-heavy,0.1,0.5,66,300,19800,449.355,441.164,0.6621,28.548,22.658,17.448,14.1,36.2,63.6,65.6,3.336,2.7,8.9,13.1,29.0,57312.1,299760.5,0,0,0,0.0,2.5944,1.9195,4.855
A,2,43,Write-heavy,0.1,0.5,67,300,20100,447.535,510.623,0.7529,23.837,23.206,27.253,17.0,43.6,79.4,2193.6,3.251,2.8,7.3,10.7,12.0,36693.7,307598.0,0,1,0,0.003891,2.5838,1.6028,7.4205
A,2,43,Write-heavy,0.1,0.5,68,300,20400,58.409,66.953,0.5481,23.636,22.529,7.335,4.9,20.6,37.4,81.0,2.895,2.7,5.6,9.1,11.1,136332.8,345422.3,0,0,0,0.0,0.3372,1.5892,4.1099
A,2,43,Write-heavy,0.1,0.5,69,300,20700,76.343,76.355,0.6249,22.143,22.608,12.346,5.3,12.7,27.3,1814.7,3.187,2.8,6.8,11.0,18.0,80997.9,313774.5,1,0,0,0.003774,0.4408,1.4888,2.4818
A,2,43,Write-heavy,0.1,0.5,70,300,21000,76.84,90.571,0.6067,25.8,23.189,5.709,5.4,10.2,13.2,14.1,2.89,2.6,6.1,11.1,12.4,175151.7,346020.9,0,0,0,0.0,0.4436,1.7347,1.1892
A,2,43,Write-heavy,0.1,0.5,71,300,21300,102.4,121.163,0.6214,28.4,23.093,10.953,6.6,12.2,23.6,1155.8,3.075,2.7,6.9,12.1,13.7,91299.2,325203.4,0,0,0,0.0,0.5912,1.9095,1.9504
A,2,43,Write-heavy,0.1,0.5,72,300,21600,107.75,140.118,0.7436,22.964,22.386,7.464,7.1,12.3,19.9,31.4,2.832,2.6,5.1,8.2,10.0,133976.4,353107.8,0,0,0,0.0,0.6221,1.5441,2.4268
A,2,43,Write-heavy,0.1,0.5,73,300,21900,87.68,116.88,0.7044,22.24,23.196,12.942,6.1,12.5,32.9,1816.3,2.933,2.7,5.5,8.0,9.0,77267.8,340948.1,1,0,0,0.003636,0.5062,1.4954,4.1125
A,2,43,Write-heavy,0.1,0.5,74,300,22200,89.333,124.563,0.785,22.974,21.992,7.082,6.2,12.9,19.4,22.9,3.06,2.7,6.5,8.9,10.4,141203.0,326761.9,0,0,0,0.0,0.5158,1.5447,2.1798
A,2,43,Write-heavy,0.1,0.5,75,300,22500,96.667,153.502,0.8847,22.667,23.073,7.649,6.7,14.5,20.4,22.7,3.068,2.8,6.1,9.9,24.5,130736.0,325909.7,0,0,0,0.0,0.5581,1.524,2.0606
A,2,43,Write-heavy,0.1,0.5,76,300,22800,142.516,180.245,0.7153,22.839,23.361,16.378,7.6,17.1,26.1,2267.2,3.145,2.7,7.5,12.9,15.0,61056.3,317965.3,0,0,0,0.0,0.8228,1.5356,2.0233
A,2,43,Write-heavy,0.1,0.5,77,300,23100,123.467,194.074,0.8895,23.767,23.681,8.427,7.1,17.5,21.4,23.9,3.074,2.7,7.1,9.2,11.3,118661.4,325273.9,0,0,0,0.0,0.7128,1.598,2.3261
A,2,43,Write-heavy,0.1,0.5,78,300,23400,146.161,198.848,0.7321,23.161,23.985,8.476,7.1,17.4,22.8,30.0,3.042,2.7,6.0,9.4,10.5,117984.9,328694.8,0,0,0,0.0,0.8439,1.5573,2.4255
A,2,43,Write-heavy,0.1,0.5,79,300,23700,193.129,213.461,0.6726,25.258,22.691,9.349,7.5,20.6,29.1,32.2,3.06,2.7,7.2,10.3,12.0,106963.3,326797.6,0,0,0,0.0,1.115,1.6983,2.8252
A,2,43,Write-heavy,0.1,0.5,80,300,24000,165.973,232.669,0.8662,24.162,23.395,9.525,8.1,21.9,32.2,39.7,3.122,2.7,7.1,10.4,12.4,104990.6,320341.8,0,0,0,0.0,0.9582,1.6246,3.0962
A,2,43,Write-heavy,0.1,0.5,81,300,24300,64.679,87.798,0.5844,23.571,22.632,17.187,5.4,30.9,87.0,2314.2,3.459,2.9,7.0,15.2,23.2,58183.5,289073.2,0,1,0,0.003676,0.3734,1.5849,5.7237
A,2,43,Write-heavy,0.1,0.5,82,300,24600,63.577,68.029,0.6643,22.5,22.387,11.783,5.0,9.5,42.8,1903.8,2.862,2.6,6.0,9.7,12.0,84870.4,349447.4,1,0,0,0.00365,0.3671,1.5128,4.4123
A,2,43,Write-heavy,0.1,0.5,83,300,24900,81.267,95.781,0.5934,23.433,23.193,6.405,6.0,12.0,21.0,23.6,3.045,2.8,6.2,9.0,10.3,156119.9,328407.5,0,0,0,0.0,0.4692,1.5756,2.3333
A,2,43,Write-heavy,0.1,0.5,84,100,25000,124.846,108.368,0.5833,20.385,23.989,6.949,6.1,14.2,40.3,40.3,3.194,2.9,6.1,11.8,11.8,143905.5,313088.2,0,0,0,0.0,0.7208,1.3706,3.4152
A,2,43,Insert-flood,0.02,0.97,1,300,300,13,41.429,0.5126,20.667,17.889,14.826,5.3,18.3,44.9,2189.8,2.536,2.2,3.2,3.9,961.6,67447.6,394303.8,0,1,0,0.003401,0.0751,1.3896,11.5127
A,2,43,Insert-flood,0.02,0.97,2,300,600,29.5,49.98,0.3595,20.5,20.856,17.336,6.1,21.9,37.1,1751.3,2.944,2.8,3.9,7.0,10.4,57682.3,339712.1,0,0,0,0.0,0.1703,1.3784,5.3
A,2,43,Insert-flood,0.02,0.97,3,300,900,81,64.416,1.3546,24.75,20.834,7.707,6.5,15.2,21.7,36.1,2.858,2.7,3.8,5.1,7.6,129746.6,349854.0,0,0,0,0.0,0.4677,1.6641,4.2549
A,2,43,Insert-flood,0.02,0.97,4,300,1200,44.6,54.959,0.5095,16.4,20.888,12.532,6.2,14.9,18.7,1589.6,2.907,2.8,3.9,5.9,8.6,79793.6,344037.0,1,0,0,0.00339,0.2575,1.1027,3.1695
A,2,43,Insert-flood,0.02,0.97,5,300,1500,50.667,64.575,0.4132,20.333,21.612,12.228,6.1,16.9,33.8,1431.9,2.969,2.9,3.9,8.0,9.0,81779.6,336850.9,0,0,0,0.0,0.2925,1.3672,4.225
A,2,43,Insert-flood,0.02,0.97,6,300,1800,30,75.055,0.845,19.286,21.389,7.71,6.8,14.9,19.2,51.4,2.902,2.8,3.8,5.8,7.7,129696.1,344589.8,0,0,0,0.0,0.1732,1.2967,3.3104
A,2,43,Insert-flood,0.02,0.97,7,300,2100,53,79.212,1.2772,21.286,21.553,15.109,6.5,19.7,32.0,2131.6,3.061,2.9,4.3,7.7,9.6,66185.7,326726.1,0,1,0,0.003413,0.306,1.4312,4.1559
A,2,43,Insert-flood,0.02,0.97,8,300,2400,26.2,41.654,0.5447,26.4,21.169,10.937,5.5,17.7,36.7,1058.6,2.995,2.9,3.8,6.9,11.9,91432.7,333852.5,1,0,0,0.00339,0.1513,1.7751,5.3189
A,2,43,Insert-flood,0.02,0.97,9,300,2700,38.111,39.811,0.552,21.556,22.027,5.816,5.0,13.6,17.8,34.6,2.982,2.8,4.0,7.1,9.4,171929.6,335382.5,0,0,0,0.0,0.22,1.4493,2.5071
A,2,43,Insert-flood,0.02,0.97,10,300,3000,44.833,62.779,0.57,12.667,21.167,12.27,5.8,14.6,34.4,1672.5,2.887,2.8,3.8,5.6,6.8,81501.8,346420.4,0,0,0,0.0,0.2588,0.8517,6.1428
A,2,43,Insert-flood,0.02,0.97,11,300,3300,16.667,74.407,0.6609,16.667,21.838,5.594,4.5,10.1,19.2,77.0,2.999,2.8,4.2,8.9,13.1,178752.5,333444.2,0,0,0,0.0,0.0962,1.1206,2.1573
A,2,43,Insert-flood,0.02,0.97,12,300,3600,133.625,133.185,0.7877,24.375,20.87,256.296,6.3,12.0,35.6,73390.8,2.854,2.7,4.0,7.1,10.9,3901.7,350426.9,0,0,0,0.0,0.7715,1.6389,5.0141
A,2,43,Insert-flood,0.02,0.97,13,300,3900,164.857,192.328,0.7081,16.286,22.375,8.211,7.8,14.6,17.4,20.9,2.804,2.7,3.9,7.6,11.4,121787.8,356633.0,0,0,0,0.0,0.9518,1.095,2.2895
A,2,43,Insert-flood,0.02,0.97,14,300,4200,326.25,209.561,0.736,17.75,22.361,17.173,8.3,18.1,41.8,2256.4,2.862,2.8,3.8,7.7,10.4,58232.1,349365.1,0,1,0,0.003378,1.8836,1.1935,5.4285
A,2,43,Insert-flood,0.02,0.97,15,300,4500,50.333,59.532,0.8022,19,21.606,8.062,4.4,7.4,18.6,998.7,2.725,2.6,3.6,4.0,5.9,124043.8,367017.6,0,0,0,0.0,0.2906,1.2775,4.6501
A,2,43,Insert-flood,0.02,0.97,16,300,4800,110.182,113.412,0.8788,24.818,21.588,6.57,5.7,11.8,25.8,50.2,3.007,2.8,4.4,9.3,11.1,152214.7,332520.9,0,0,0,0.0,0.6361,1.6687,2.7742
A,2,43,Insert-flood,0.02,0.97,17,300,5100,127.444,161.289,0.871,17.111,21.405,12.122,6.6,14.2,27.9,1370.4,2.815,2.7,3.7,7.3,9.5,82496.9,355240.1,0,0,0,0.0,0.7358,1.1505,3.8219
A,2,43,Insert-flood,0.02,0.97,18,300,5400,131.6,227.366,0.6271,24.2,21.946,9.564,8.5,18.8,33.4,39.5,2.883,2.7,3.9,6.9,13.2,104558.8,346820.6,0,0,0,0.0,0.7598,1.6271,4.8406
A,2,43,Insert-flood,0.02,0.97,19,300,5700,148.667,271.908,1.2837,22.167,21.265,15.142,9.0,21.1,24.9,1457.9,2.829,2.7,3.8,6.4,9.1,66040.0,353481.7,0,0,0,0.0,0.8583,1.4904,3.8907
A,2,43,Insert-flood,0.02,0.97,20,300,6000,372.5,322.659,0.9287,16,21.753,12.685,11.0,26.7,37.6,48.5,2.967,2.8,4.3,7.8,10.7,78831.2,337079.2,0,0,0,0.0,2.1506,1.0758,4.8205
A,2,43,Insert-flood,0.02,0.97,21,300,6300,465.2,312.349,0.5843,20.4,21.885,26.326,11.2,32.5,71.1,2165.2,3.174,2.9,5.1,9.6,14.6,37984.8,315093.1,0,1,0,0.00339,2.6858,1.3716,7.4062
A,2,43,Insert-flood,0.02,0.97,22,300,6600,68.125,70.606,0.8918,23.625,21.01,6.039,5.2,12.4,20.7,25.7,2.851,2.7,4.0,7.8,12.9,165581.2,350713.1,0,0,0,0.0,0.3933,1.5885,2.6539
A,2,43,Insert-flood,0.02,0.97,23,300,6900,84.75,81.456,1.0342,23,21.902,11.54,5.4,12.0,36.7,1634.7,2.843,2.7,3.7,7.8,9.1,86655.1,351782.2,1,0,0,0.003378,0.4893,1.5465,4.7051
A,2,43,Insert-flood,0.02,0.97,24,300,7200,44.222,101.192,1.1458,20.778,21.656,6.649,6.2,12.6,16.9,23.7,2.813,2.7,3.7,5.9,8.1,150391.0,355534.3,0,0,0,0.0,0.2553,1.397,2.8644
A,2,43,Insert-flood,0.02,0.97,25,300,7500,63.429,131.652,1.1464,25,21.71,11.742,6.3,12.4,17.6,1433.6,2.903,2.7,4.0,7.3,14.4,85161.9,344510.5,0,0,0,0.0,0.3662,1.6809,2.411
A,2,43,Insert-flood,0.02,0.97,26,300,7800,178.5,157.15,0.7209,22.167,22.823,12.009,6.4,15.1,37.4,1289.7,2.847,2.7,4.0,5.6,8.3,83268.6,351206.1,0,0,0,0.0,1.0306,1.4904,6.6786
A,2,43,Insert-flood,0.02,0.97,27,300,8100,147.333,231.187,0.678,23.667,20.986,9.662,8.9,17.9,20.0,63.7,2.848,2.7,3.8,8.3,12.2,103498.2,351123.6,0,0,0,0.0,0.8506,1.5913,2.4096
A,2,43,Insert-flood,0.02,0.97,28,300,8400,153.167,242.327,0.822,26.667,22.293,21.145,9.0,20.5,32.7,1975.8,2.892,2.7,4.0,8.1,9.4,47291.8,345741.9,0,1,0,0.003401,0.8843,1.793,4.0371
A,2,43,Insert-flood,0.02,0.97,29,300,8700,218.25,267.16,0.8909,21.917,22.146,10.748,8.2,23.6,27.4,36.5,2.946,2.8,4.0,7.8,9.3,93043.4,339443.5,0,0,0,0.0,1.2601,1.4736,3.5129
A,2,43,Insert-flood,0.02,0.97,30,300,9000,46,261.903,0.246,10,21.44,16.363,8.0,25.3,30.5,1784.2,2.888,2.8,3.9,7.8,10.1,61113.5,346300.7,0,0,0,0.0,0.2656,0.6724,3.9103
A,2,43,Insert-flood,0.02,0.97,31,300,9300,434,336.573,0.5819,25,22.061,12.85,11.6,30.8,41.4,52.5,2.942,2.8,3.9,7.3,10.9,77819.0,339865.6,0,0,0,0.0,2.5057,1.6809,5.6712
A,2,43,Insert-flood,0.02,0.97,32,300,9600,205.333,358.815,1.4017,7.333,22.168,22.566,9.5,33.4,49.3,1993.8,2.957,2.9,4.0,6.3,8.4,44314.5,338142.3,0,0,0,0.0,1.1855,0.4931,7.8253
A,2,43,Insert-flood,0.02,0.97,33,300,9900,267.75,411.288,0.9629,28.625,23.24,14.698,11.3,36.7,46.8,76.6,3.035,2.9,3.9,7.9,11.2,68038.0,329453.4,0,0,0,0.0,1.5459,1.9247,5.924
A,2,43,Insert-flood,0.02,0.97,34,300,10200,361.625,440.548,0.7681,19,22.654,22.311,11.8,39.4,52.4,1938.8,3.085,3.0,4.2,6.8,12.9,44821.6,324114.1,0,0,0,0.0,2.0878,1.2775,7.7058
A,2,43,Insert-flood,0.02,0.97,35,300,10500,204.833,323.864,1.5504,24.167,21.575,19.899,8.7,39.6,57.9,1922.6,2.995,2.8,4.0,6.5,9.8,50254.6,333889.6,0,1,0,0.003401,1.1826,1.6249,8.9078
A,2,43,Insert-flood,0.02,0.97,36,300,10800,73.167,84.105,1.213,26.5,21.871,12.163,5.8,16.0,38.1,1609.7,3.054,2.9,4.1,9.6,10.8,82216.6,327403.6,0,0,0,0.0,0.4224,1.7818,3.9687
A,2,43,Insert-flood,0.02,0.97,37,300,11100,183.8,148.268,0.8703,26.4,21.668,8.015,7.4,14.0,24.9,38.3,2.944,2.8,3.8,7.1,9.0,124771.2,339711.7,0,0,0,0.0,1.0612,1.7751,3.507
A,2,43,Insert-flood,0.02,0.97,38,300,11400,140.111,221.519,1.3949,20.778,22.863,15.884,9.4,18.7,22.0,1679.1,3.14,3.0,4.2,8.8,10.4,62955.1,318471.5,0,0,0,0.0,0.8089,1.397,2.5
A,2,43,Insert-flood,0.02,0.97,39,300,11700,234.182,269.149,1.0724,23.182,21.834,11.191,10.3,23.5,38.4,48.2,3.096,2.9,4.0,8.7,33.6,89354.9,323032.4,0,0,0,0.0,1.352,1.5587,4.4138
A,2,43,Insert-flood,0.02,0.97,40,300,12000,519.5,361.469,0.3495,28.3,22.39,21.547,12.2,31.1,75.2,2203.4,3.162,2.9,5.0,11.8,13.6,46410.2,316222.7,0,0,0,0.0,2.9993,1.9028,6.3729
A,2,43,Insert-flood,0.02,0.97,41,300,12300,305,431.99,0.7474,22.333,21.952,15.618,12.7,34.4,42.6,79.5,2.994,2.8,4.1,8.1,12.4,64030.0,333963.9,0,0,0,0.0,1.7609,1.5016,5.2592
A,2,43,Insert-flood,0.02,0.97,42,300,12600,673.125,355.798,0.7465,22.75,22.051,22.78,8.9,39.6,75.4,2325.6,2.956,2.8,4.2,7.6,10.1,43898.1,338257.1,0,1,0,0.003425,3.8863,1.5297,9.9211
A,2,43,Insert-flood,0.02,0.97,43,300,12900,54.6,66.417,1.1549,15,21.844,10.086,4.7,12.1,35.1,1402.5,3.045,2.8,5.4,9.6,15.0,99147.4,328443.0,1,0,0,0.00339,0.3152,1.0086,3.6563
A,2,43,Insert-flood,0.02,0.97,44,300,13200,147.889,135.866,0.5445,19,22.048,6.754,6.5,11.5,18.7,41.0,2.801,2.7,3.8,7.6,8.5,148053.1,357015.5,0,0,0,0.0,0.8538,1.2775,2.4605
A,2,43,Insert-flood,0.02,0.97,45,300,13500,121.5,155.675,0.4239,21.625,22.62,13.345,6.7,13.2,22.6,1786.3,2.876,2.7,4.1,7.6,8.5,74932.6,347664.8,1,0,0,0.003425,0.7015,1.454,2.9737
A,2,43,Insert-flood,0.02,0.97,46,300,13800,164.875,186.952,0.6629,22.75,23.219,14.478,7.6,16.7,62.6,1798.9,2.903,2.8,3.9,5.8,12.7,69068.7,344432.1,0,0,0,0.0,0.9519,1.5297,10.7932
A,2,43,Insert-flood,0.02,0.97,47,300,14100,175.833,232.884,0.7472,18.167,22.663,9.853,9.0,20.1,24.8,56.6,2.871,2.8,3.9,6.9,7.7,101488.5,348310.5,0,0,0,0.0,1.0152,1.2215,3.5942
A,2,43,Insert-flood,0.02,0.97,48,300,14400,207.833,266.306,0.9126,26.667,22.139,16.299,9.0,22.5,26.1,1803.1,2.794,2.7,3.7,7.4,9.9,61352.2,357910.5,0,0,0,0.0,1.1999,1.793,3.5271
A,2,43,Insert-flood,0.02,0.97,49,300,14700,168,187.963,1.2447,25.2,22.288,17.495,6.6,25.2,32.7,2415.4,2.965,2.8,4.4,9.8,9.9,57160.3,337267.9,0,1,0,0.00339,0.9699,1.6944,3.3368
A,2,43,Insert-flood,0.02,0.97,50,300,15000,36.333,41.055,0.7132,28,21.691,11.483,3.8,10.0,34.9,1959.0,3.121,2.8,4.1,11.0,29.6,87085.2,320445.0,0,0,0,0.0,0.2098,1.8826,3.1727
A,2,43,Insert-flood,0.02,0.97,51,300,15300,125.333,127,0.9341,27.167,22.371,7.105,7.0,13.2,17.6,22.3,2.976,2.8,4.1,7.8,10.3,140745.9,336021.2,0,0,0,0.0,0.7236,1.8266,2.2564
A,2,43,Insert-flood,0.02,0.97,52,300,15600,63.1,109.445,1.0041,24.5,22.155,13.456,4.4,14.2,20.3,2231.8,2.97,2.7,4.1,10.0,21.7,74314.5,336700.1,0,0,0,0.0,0.3643,1.6473,2.03
A,2,43,Insert-flood,0.02,0.97,53,300,15900,127.2,131.748,0.7627,21.9,22.203,6.457,6.0,11.2,18.2,44.4,2.916,2.7,4.2,10.6,11.8,154870.7,342896.4,0,0,0,0.0,0.7344,1.4725,1.717
A,2,43,Insert-flood,0.02,0.97,54,300,16200,302.8,256.814,0.404,27.4,21.2,18.48,9.7,18.6,26.5,2573.9,2.863,2.7,3.8,7.7,14.9,54111.6,349284.5,0,0,0,0.0,1.7482,1.8423,3.4415
A,2,43,Insert-flood,0.02,0.97,55,300,16500,345,356.007,0.6503,19.4,21.488,12.697,11.7,24.2,28.1,67.9,2.741,2.7,3.7,5.7,9.0,78756.7,364874.7,0,0,0,0.0,1.9919,1.3044,4.9299
A,2,43,Insert-flood,0.02,0.97,56,300,16800,470.6,255.864,0.8685,31.2,21.031,21.549,9.2,30.5,71.1,2631.9,3.051,2.7,5.3,9.4,19.3,46406.6,327796.8,0,1,0,0.00339,2.717,2.0978,7.5638
A,2,43,Insert-flood,0.02,0.97,57,300,17100,22.875,29.147,0.6619,24.75,21.171,11.961,4.3,15.9,23.6,1830.7,2.855,2.7,4.2,7.5,8.3,83602.7,350303.3,0,0,0,0.0,0.1321,1.6641,3.1467
A,2,43,Insert-flood,0.02,0.97,58,300,17400,42.125,42.24,0.7647,23.75,21.897,4.66,3.9,10.1,20.4,22.3,2.771,2.6,3.9,8.7,10.0,214576.9,360924.0,0,0,0,0.0,0.2432,1.5969,2.3448
A,2,43,Insert-flood,0.02,0.97,59,300,17700,179.5,94.949,0.5763,25.667,21.639,11.696,5.7,12.0,25.3,1649.4,2.901,2.6,4.7,8.3,10.5,85496.9,344748.6,0,0,0,0.0,1.0363,1.7258,3.0482
A,2,43,Insert-flood,0.02,0.97,60,300,18000,199.6,159.628,0.6824,25.9,21.486,8.073,7.2,14.9,23.2,52.5,2.931,2.7,4.3,12.1,12.8,123864.5,341180.4,0,0,0,0.0,1.1524,1.7414,1.9173
A,2,43,Insert-flood,0.02,0.97,61,300,18300,235.75,241.115,0.945,22.25,22.257,17.465,8.9,21.6,35.4,2002.6,3.005,2.7,4.7,8.2,10.6,57258.5,332778.8,0,0,0,0.0,1.3611,1.496,4.3171
A,2,43,Insert-flood,0.02,0.97,62,300,18600,180.2,275.824,0.7753,21.2,20.847,11.299,9.3,24.2,26.9,48.3,2.811,2.7,3.9,7.9,9.3,88506.0,355703.2,0,0,0,0.0,1.0404,1.4254,3.405
A,2,43,Insert-flood,0.02,0.97,63,300,18900,699.25,180.439,0.2078,27,21.595,22.825,8.1,32.5,68.5,3146.4,3.037,2.9,4.4,7.9,9.7,43812.2,329236.6,0,1,0,0.003378,4.0371,1.8154,8.671
A,2,43,Insert-flood,0.02,0.97,64,300,19200,64,49.081,0.5383,18.6,21.081,14.464,5.9,18.4,34.1,2025.6,3.023,2.8,4.6,8.4,9.1,69138.8,330760.9,0,0,0,0.0,0.3695,1.2506,4.0596
A,2,43,Insert-flood,0.02,0.97,65,300,19500,53.6,62.281,0.7974,20,21.539,6.196,5.2,13.7,22.1,50.5,2.721,2.6,3.7,4.7,7.7,161403.2,367511.9,0,0,0,0.0,0.3095,1.3447,4.7021
A,2,43,Insert-flood,0.02,0.97,66,300,19800,159.571,100.601,0.4862,27.571,21.751,13.746,6.3,13.9,23.3,2000.3,3.196,2.8,5.5,11.4,42.5,72746.6,312923.8,0,0,0,0.0,0.9213,1.8538,2.0439
A,2,43,Insert-flood,0.02,0.97,67,300,20100,97.333,135.759,1.1227,22.778,22,7.582,7.0,13.6,22.8,23.4,2.807,2.6,3.8,8.4,14.2,131891.3,356294.9,0,0,0,0.0,0.562,1.5315,2.7143
A,2,43,Insert-flood,0.02,0.97,68,300,20400,171,158.15,0.8176,27.429,22.29,15.874,8.0,18.5,27.7,2055.8,3.115,2.9,4.9,9.2,9.9,62994.8,321061.3,0,0,0,0.0,0.9873,1.8442,3.0109
A,2,43,Insert-flood,0.02,0.97,69,300,20700,232.333,202.553,0.4763,29.889,22.526,10.037,8.7,19.6,22.8,26.5,2.962,2.8,4.0,8.8,13.6,99628.0,337572.1,0,0,0,0.0,1.3414,2.0097,2.5909
A,2,43,Insert-flood,0.02,0.97,70,300,21000,49.8,124.976,1.106,25,21.803,23.112,7.1,22.8,81.4,2610.8,3.028,2.8,4.5,8.2,10.5,43266.9,330214.9,0,1,0,0.00339,0.2875,1.6809,9.9268
A,2,43,Insert-flood,0.02,0.97,71,300,21300,27.571,43.191,0.5548,18.857,21.696,5.431,4.2,10.7,20.1,73.3,3.006,2.8,4.8,9.0,10.7,184128.0,332630.8,0,0,0,0.0,0.1592,1.2679,2.2333
A,2,43,Insert-flood,0.02,0.97,72,300,21600,108.6,103.844,0.6004,13.6,21.542,15.271,6.4,12.2,25.0,2516.1,2.889,2.8,4.1,5.8,6.7,65482.2,346140.5,0,0,0,0.0,0.627,0.9144,4.3103
A,2,43,Insert-flood,0.02,0.97,73,300,21900,133.562,153.077,0.7922,25.188,21.613,10.697,7.7,15.3,28.1,711.3,3.081,2.7,6.1,10.7,16.1,93484.1,324604.8,0,0,0,0.0,0.7711,1.6935,2.6262
A,2,43,Insert-flood,0.02,0.97,74,300,22200,318.429,211.625,0.7482,26.429,21.256,17.503,9.4,16.5,34.0,2341.7,2.801,2.6,3.8,7.8,11.0,57134.2,356973.3,0,0,0,0.0,1.8384,1.777,4.359
A,2,43,Insert-flood,0.02,0.97,75,300,22500,419.2,247.237,0.4162,23.6,22.986,11.998,10.2,23.6,49.7,52.3,3.033,2.9,4.0,7.8,11.8,83349.5,329670.2,0,0,0,0.0,2.4203,1.5868,6.3718
A,2,43,Insert-flood,0.02,0.97,76,300,22800,290.143,331.556,0.9005,27.143,21.56,21.962,12.1,25.5,51.1,2576.6,3.009,2.8,4.6,7.2,11.5,45532.5,332373.5,0,0,0,0.0,1.6751,1.825,7.0972
A,2,43,Insert-flood,0.02,0.97,77,300,23100,138.2,196.531,1.7198,23.3,22.348,19.791,8.8,30.8,67.7,2305.6,3.352,2.9,6.5,14.2,17.9,50527.2,298299.8,0,1,0,0.003448,0.7979,1.5666,4.7676
A,2,43,Insert-flood,0.02,0.97,78,300,23400,80.75,54.332,0.62,23.875,21.401,12.731,5.0,12.2,30.3,2082.2,2.804,2.6,3.9,6.5,13.9,78550.5,356591.4,0,0,0,0.0,0.4662,1.6053,4.6615
A,2,43,Insert-flood,0.02,0.97,79,300,23700,52.833,97.724,1.065,27.833,22.024,6.524,5.6,12.2,16.1,34.5,2.963,2.8,4.1,8.7,12.2,153280.2,337496.0,0,0,0,0.0,0.305,1.8714,1.8506
A,2,43,Insert-flood,0.02,0.97,80,300,24000,38.333,116.168,1.2593,21.667,22.808,14.736,5.0,13.7,31.2,2459.5,2.795,2.7,3.7,5.4,10.0,67861.0,357824.4,0,0,0,0.0,0.2213,1.4568,5.7777
A,2,43,Insert-flood,0.02,0.97,81,300,24300,91.667,170.589,0.8548,26.333,21.623,8.15,6.4,16.3,26.6,48.6,2.966,2.8,4.1,7.2,13.4,122704.5,337116.3,0,0,0,0.0,0.5292,1.7706,3.6945
A,2,43,Insert-flood,0.02,0.97,82,300,24600,300.5,231.215,1.2401,19,22.52,18.779,8.3,19.8,27.9,2800.2,2.85,2.7,3.9,5.3,7.7,53251.0,350919.2,0,0,0,0.0,1.7349,1.2775,5.2641
A,2,43,Insert-flood,0.02,0.97,83,300,24900,247.333,266.013,0.6691,24.333,22.027,10.863,10.4,22.2,28.3,39.0,2.935,2.8,4.0,8.8,9.4,92058.4,340676.7,0,0,0,0.0,1.428,1.6361,3.2159
A,2,43,Insert-flood,0.02,0.97,84,100,25000,169.5,295.878,0.1544,24,21.48,11.208,10.6,24.9,26.6,26.6,2.833,2.7,3.7,9.5,9.5,89222.0,352982.6,0,0,0,0.0,0.9786,1.6137,2.8
A,2,43,Delete-flood,0.02,0.05,1,300,300,40.625,69.312,0.732,17.5,16.745,18.554,8.3,29.8,46.5,2192.8,2.573,2.2,3.0,3.7,1091.8,53897.7,388659.4,0,1,0,0.003425,0.2345,1.1767,12.5675
A,2,43,Delete-flood,0.02,0.05,2,300,600,40.111,39.663,0.6855,19.333,19.189,10.523,6.4,31.2,38.8,49.1,2.203,1.9,4.3,8.0,8.6,95026.9,453926.0,0,0,0,0.0,0.2316,1.2999,4.85
A,2,43,Delete-flood,0.02,0.05,3,300,900,25.5,32.747,0.6871,18.5,18.821,6.905,4.4,19.1,26.1,47.2,2.036,1.9,3.3,5.1,7.3,144815.6,491159.2,0,0,0,0.0,0.1472,1.2439,5.1177
A,2,43,Delete-flood,0.02,0.05,4,300,1200,29.833,32.367,0.5225,17.667,19.306,6.116,4.2,16.4,20.9,33.7,2.06,1.9,3.3,4.6,10.8,163505.5,485515.2,0,0,0,0.0,0.1722,1.1879,4.5435
A,2,43,Delete-flood,0.02,0.05,5,300,1500,33.375,32.568,0.5513,25.125,19.575,6.487,4.3,17.5,32.8,33.6,2.235,1.9,3.8,10.7,12.0,154146.5,447493.3,0,0,0,0.0,0.1927,1.6893,3.0654
A,2,43,Delete-flood,0.02,0.05,6,300,1800,32.154,32.561,0.4445,20.154,20.334,5.824,4.2,14.7,18.7,20.6,2.241,1.9,3.9,8.2,11.0,171703.3,446295.3,0,0,0,0.0,0.1856,1.3551,2.2805
A,2,43,Delete-flood,0.02,0.05,7,300,2100,15,35.552,0.5333,20.333,19.064,5.542,4.1,13.8,16.2,19.0,2.084,1.9,3.3,5.1,28.5,180429.5,479922.3,0,0,0,0.0,0.0866,1.3672,3.1764
A,2,43,Delete-flood,0.02,0.05,8,300,2400,36.5,33.672,0.6947,22,19.277,6.642,4.3,18.0,24.3,25.2,2.11,1.9,3.3,6.0,9.7,150557.0,474008.6,0,0,0,0.0,0.2107,1.4792,4.0501
A,2,43,Delete-flood,0.02,0.05,9,300,2700,29.75,26.416,1.1344,19.25,19.027,3.578,2.7,10.1,19.7,32.5,2.043,1.8,3.3,6.5,8.0,279459.8,489556.0,0,0,0,0.0,0.1718,1.2943,3.0308
A,2,43,Delete-flood,0.02,0.05,10,300,3000,22.857,25.365,1.0685,19.571,19.113,2.902,2.3,4.4,8.8,32.2,2.026,1.8,3.4,6.8,7.5,344550.1,493583.0,0,0,0,0.0,0.132,1.3159,1.2941
A,2,43,Delete-flood,0.02,0.05,11,300,3300,53.125,29.836,0.5411,17.75,19.291,4.328,3.8,7.7,17.0,32.3,2.825,2.6,5.3,8.4,10.2,231035.9,354024.5,0,0,0,0.0,0.3067,1.1935,2.0238
A,2,43,Delete-flood,0.02,0.05,12,300,3600,50,32.507,0.6567,20.5,18.77,4.393,3.8,7.6,17.0,29.1,2.787,2.5,5.3,8.0,16.3,227635.0,358851.5,0,0,0,0.0,0.2887,1.3784,2.125
A,2,43,Delete-flood,0.02,0.05,13,300,3900,29,34.875,0.528,17.8,19.224,4.046,3.0,7.0,42.7,53.3,2.373,2.0,4.5,9.4,14.4,247137.6,421347.4,0,0,0,0.0,0.1674,1.1968,4.5425
A,2,43,Delete-flood,0.02,0.05,14,300,4200,49,37.627,0.5723,17.5,19.11,3.543,3.1,5.7,15.2,21.8,2.395,1.9,4.5,12.3,24.8,282246.9,417478.2,0,0,0,0.0,0.2829,1.1767,1.2358
A,2,43,Delete-flood,0.02,0.05,15,300,4500,13.75,44.169,0.4173,19,18.51,3.988,3.3,5.9,32.2,36.6,2.222,1.9,3.9,12.4,17.2,250731.7,450111.6,0,0,0,0.0,0.0794,1.2775,2.5968
A,2,43,Delete-flood,0.02,0.05,16,300,4800,58.8,43.278,0.4758,18.4,18.437,3.714,3.4,6.7,11.7,33.6,2.075,1.8,3.5,5.7,7.5,269251.2,481851.1,0,0,0,0.0,0.3395,1.2372,2.0527
A,2,43,Delete-flood,0.02,0.05,17,300,5100,30.2,43.376,1.1857,13.6,18.898,3.725,3.3,6.0,27.0,34.5,2.084,1.8,3.6,5.8,8.1,268432.3,479770.3,0,0,0,0.0,0.1744,0.9144,4.6552
A,2,43,Delete-flood,0.02,0.05,18,300,5400,48.75,48.709,0.8207,26.75,18.821,3.811,3.6,5.5,11.0,34.9,2.156,1.9,3.4,8.9,13.8,262375.4,463894.2,0,0,0,0.0,0.2815,1.7986,1.236
A,2,43,Delete-flood,0.02,0.05,19,300,5700,65,51.764,0.5741,17.5,18.178,3.838,3.6,6.9,10.7,32.7,2.035,1.8,3.3,6.9,8.6,260552.0,491481.6,0,0,0,0.0,0.3753,1.1767,1.5507
A,2,43,Delete-flood,0.02,0.05,20,300,6000,58.667,51.051,0.5841,16.667,19.077,11.026,3.5,6.4,12.6,2171.7,2.111,1.9,3.4,5.5,9.6,90697.4,473634.6,0,0,0,0.0,0.3387,1.1206,2.291
A,2,43,Delete-flood,0.02,0.05,21,300,6300,58.2,53.024,0.5486,18.2,18.972,3.875,3.6,6.3,9.4,33.6,2.135,1.8,3.6,10.1,10.7,258041.8,468310.7,0,0,0,0.0,0.336,1.2237,0.9307
A,2,43,Delete-flood,0.02,0.05,22,300,6600,66,63.255,0.5418,20.8,18.369,4.883,4.2,8.8,26.2,60.1,2.313,2.0,4.6,8.1,8.6,204806.2,432276.1,0,0,0,0.0,0.3811,1.3985,3.2345
A,2,43,Delete-flood,0.02,0.05,23,300,6900,49.75,59.634,0.69,17.375,18.61,4.18,3.9,6.6,11.0,25.4,2.269,2.0,3.9,7.4,8.4,239215.4,440787.7,0,0,0,0.0,0.2872,1.1682,1.4865
A,2,43,Delete-flood,0.02,0.05,24,300,7200,54.25,66.101,0.9105,24.75,19.074,3.97,3.9,5.9,9.0,9.4,2.057,1.8,3.3,7.8,12.8,251910.2,486144.8,0,0,0,0.0,0.3132,1.6641,1.1538
A,2,43,Delete-flood,0.02,0.05,25,300,7500,75.2,68.715,0.3867,17,19.051,4.396,4.0,7.0,27.9,34.7,2.028,1.9,3.4,5.1,7.1,227479.5,493096.9,0,0,0,0.0,0.4342,1.143,5.4705
A,2,43,Delete-flood,0.02,0.05,26,300,7800,64,72.406,0.5329,24.286,18.28,4.672,4.4,8.0,15.3,36.2,2.337,1.9,4.2,11.5,15.4,214025.8,427959.7,0,0,0,0.0,0.3695,1.6329,1.3304
A,2,43,Delete-flood,0.02,0.05,27,300,8100,43.4,75.858,0.909,18.4,18.671,4.583,4.1,6.5,23.3,48.1,2.047,1.8,3.3,8.9,9.6,218197.9,488440.9,0,0,0,0.0,0.2506,1.2372,2.618
A,2,43,Delete-flood,0.02,0.05,28,300,8400,96.75,79.16,0.4201,21.75,19.434,4.846,4.4,8.5,27.7,33.7,2.244,1.9,3.8,8.9,11.2,206341.7,445566.8,0,0,0,0.0,0.5586,1.4624,3.1124
A,2,43,Delete-flood,0.02,0.05,29,300,8700,55.5,84.527,0.6743,14.75,19,5.083,4.8,8.0,21.8,34.7,2.178,1.9,3.7,6.8,9.6,196734.4,459206.7,0,0,0,0.0,0.3204,0.9918,3.2058
A,2,43,Delete-flood,0.02,0.05,30,300,9000,57.917,82.33,0.943,19.583,19.823,4.61,4.3,7.1,12.9,33.9,2.187,1.9,3.7,6.7,8.6,216919.9,457177.0,0,0,0,0.0,0.3344,1.3167,1.9254
A,2,43,Delete-flood,0.02,0.05,31,300,9300,38.75,83.709,1.0631,29.75,19.632,4.628,4.4,7.4,10.9,11.9,2.145,1.9,3.6,8.5,13.4,216060.6,466200.3,0,0,0,0.0,0.2237,2.0003,1.2824
A,2,43,Delete-flood,0.02,0.05,32,300,9600,56.444,90.33,0.8344,15.333,19.505,5.605,4.9,10.1,22.6,55.7,2.436,1.9,5.5,10.5,16.1,178422.7,410509.0,0,0,0,0.0,0.3259,1.031,2.1524
A,2,43,Delete-flood,0.02,0.05,33,300,9900,86.2,91.458,0.843,21.4,19.502,4.875,4.7,7.7,12.4,32.6,2.0,1.9,3.2,5.0,7.6,205114.0,499917.5,0,0,0,0.0,0.4977,1.4389,2.48
A,2,43,Delete-flood,0.02,0.05,34,300,10200,138,102.694,0.5544,21.333,19.976,5.584,5.1,8.8,17.2,40.8,2.294,2.0,4.1,9.7,10.6,179093.7,435983.3,0,0,0,0.0,0.7967,1.4344,1.7732
A,2,43,Delete-flood,0.02,0.05,35,300,10500,100.786,100.699,0.7799,18.071,19.766,5.491,4.8,8.6,33.1,35.0,2.213,1.9,4.3,9.1,10.7,182127.2,451875.6,0,0,0,0.0,0.5819,1.2151,3.6373
A,2,43,Delete-flood,0.02,0.05,36,300,10800,168.75,97.402,0.5769,19.25,19.446,5.222,4.8,8.8,16.1,27.1,2.026,1.9,3.3,6.4,8.6,191509.6,493584.0,0,0,0,0.0,0.9743,1.2943,2.5156
A,2,43,Delete-flood,0.02,0.05,37,300,11100,104.111,108.945,0.6441,20,18.732,5.787,5.4,9.5,20.1,34.3,2.191,1.9,3.8,9.9,10.2,172791.0,456344.0,0,0,0,0.0,0.6011,1.3447,2.0303
A,2,43,Delete-flood,0.02,0.05,38,300,11400,147.4,111.41,0.5644,20.4,19.295,5.393,5.0,8.9,15.1,25.4,2.009,1.8,3.2,6.3,9.0,185437.0,497677.4,0,0,0,0.0,0.851,1.3716,2.3969
A,2,43,Delete-flood,0.02,0.05,39,300,11700,64,103.682,1.0252,19.25,19.074,5.264,5.0,9.0,15.6,19.6,2.019,1.8,3.3,6.4,8.1,189969.7,495294.7,0,0,0,0.0,0.3695,1.2943,2.4375
A,2,43,Delete-flood,0.02,0.05,40,300,12000,88.125,114.188,0.6984,25.25,19.435,5.824,5.4,9.7,20.7,35.5,2.297,1.9,4.6,10.9,17.3,171693.4,435350.0,0,0,0,0.0,0.5088,1.6977,1.8991
A,2,43,Delete-flood,0.02,0.05,41,300,12300,120,109.449,0.7951,20.25,19.644,5.78,5.2,9.1,33.0,66.7,2.079,1.8,3.7,7.3,9.0,173020.5,481077.7,0,0,0,0.0,0.6928,1.3616,4.5206
A,2,43,Delete-flood,0.02,0.05,42,300,12600,132.2,111.264,0.6711,13.4,19.173,6.184,5.6,11.2,29.6,38.8,2.199,2.0,3.9,5.9,6.8,161698.9,454820.8,0,0,0,0.0,0.7633,0.901,5.0169
A,2,43,Delete-flood,0.02,0.05,43,300,12900,72,117.819,0.0,17,19.207,5.736,5.4,10.0,16.8,33.1,2.001,1.8,3.2,4.8,5.6,174337.5,499749.6,0,0,0,0.0,0.4157,1.143,3.5
A,2,43,Delete-flood,0.02,0.05,44,300,13200,117.333,130.034,0.3154,18.333,19.293,6.099,5.8,10.1,21.2,34.5,2.034,1.9,3.4,5.8,6.7,163961.4,491722.4,0,0,0,0.0,0.6774,1.2327,3.6552
A,2,43,Delete-flood,0.02,0.05,45,300,13500,307,130.06,0.0645,17,19.537,6.328,6.0,10.9,21.9,33.6,2.213,1.9,3.8,6.3,8.4,158036.0,451876.1,0,0,0,0.0,1.7725,1.143,3.4762
A,2,43,Delete-flood,0.02,0.05,46,300,13800,163.5,136.16,0.5558,22.167,19.415,6.541,6.1,10.8,31.7,33.4,2.084,1.9,3.5,7.3,9.9,152889.7,479769.6,0,0,0,0.0,0.944,1.4904,4.3425
A,2,43,Delete-flood,0.02,0.05,47,300,14100,161.2,144.434,0.6474,19.5,19.472,6.856,6.2,11.5,31.3,36.7,2.293,1.9,4.1,8.4,14.5,145864.8,436173.6,0,0,0,0.0,0.9307,1.3111,3.7262
A,2,43,Delete-flood,0.02,0.05,48,300,14400,249,141.114,0.0697,22.667,20.084,6.323,6.0,10.9,16.9,22.0,2.049,1.9,3.4,4.5,8.4,158144.3,488043.4,0,0,0,0.0,1.4376,1.524,3.7556
A,2,43,Delete-flood,0.02,0.05,49,300,14700,192.167,151.381,0.377,21.333,20.483,7.168,6.5,12.3,33.4,36.9,2.336,1.9,4.2,7.1,37.3,139502.4,428081.9,0,0,0,0.0,1.1095,1.4344,4.7043
A,2,43,Delete-flood,0.02,0.05,50,300,15000,119.222,149.629,0.9493,17.222,18.56,6.635,6.1,11.7,22.7,32.1,2.026,1.8,3.5,7.6,11.0,150715.9,493665.1,0,0,0,0.0,0.6883,1.158,2.9868
A,2,43,Delete-flood,0.02,0.05,51,300,15300,93.875,143.884,0.8297,20.25,18.979,6.536,6.2,12.1,17.1,33.9,2.232,1.9,4.3,8.1,11.9,152998.8,448095.5,0,0,0,0.0,0.542,1.3616,2.1111
A,2,43,Delete-flood,0.02,0.05,52,300,15600,162.571,158.331,0.7026,21.571,18.792,7.498,6.6,15.4,28.7,54.5,2.312,1.9,4.6,9.3,14.9,133363.0,432588.0,0,0,0,0.0,0.9386,1.4504,3.086
A,2,43,Delete-flood,0.02,0.05,53,300,15900,109,159.696,0.8172,20,20.336,7.223,6.8,12.9,20.2,64.5,2.258,1.9,4.4,9.8,14.3,138440.1,442870.1,0,0,0,0.0,0.6293,1.3447,2.0612
A,2,43,Delete-flood,0.02,0.05,54,300,16200,198.75,149.716,0.6833,18.25,20.106,6.579,6.1,12.1,22.8,34.3,2.069,1.8,3.6,7.2,8.4,151991.1,483246.6,0,0,0,0.0,1.1475,1.2271,3.1667
A,2,43,Delete-flood,0.02,0.05,55,300,16500,75.5,149.143,0.9999,18.333,19.32,13.744,5.9,12.1,27.5,2200.7,2.062,1.8,3.4,6.4,9.9,72759.0,485044.5,0,0,0,0.0,0.4359,1.2327,4.2969
A,2,43,Delete-flood,0.02,0.05,56,300,16800,139.429,165.324,0.8027,17.857,19.283,7.047,6.6,12.3,22.3,49.6,2.156,1.9,3.8,8.7,11.3,141897.7,463822.5,0,0,0,0.0,0.805,1.2007,2.5632
A,2,43,Delete-flood,0.02,0.05,57,300,17100,232,173.358,0.5327,21,19.352,7.295,6.7,13.0,19.5,27.4,2.11,1.8,3.5,7.9,10.5,137080.2,474008.2,0,0,0,0.0,1.3395,1.412,2.4683
A,2,43,Delete-flood,0.02,0.05,58,300,17400,149,157.437,1.0512,17.8,19.698,7.095,6.4,13.1,27.7,36.3,2.165,1.8,4.1,9.3,11.1,140944.4,461964.4,0,0,0,0.0,0.8603,1.1968,2.9785
A,2,43,Delete-flood,0.02,0.05,59,300,17700,73,153.798,0.5903,19,19.26,6.764,6.1,13.3,21.8,33.4,2.077,1.8,3.5,7.4,9.6,147841.5,481388.0,0,0,0,0.0,0.4215,1.2775,2.946
A,2,43,Delete-flood,0.02,0.05,60,300,18000,162.286,178.635,0.6766,16.714,19.836,7.548,7.2,13.6,18.8,32.7,2.111,1.9,3.6,6.7,7.5,132485.3,473709.0,0,0,0,0.0,0.937,1.1238,2.806
A,2,43,Delete-flood,0.02,0.05,61,300,18300,251.75,175.449,0.3041,20.75,18.909,7.188,7.0,13.2,15.6,22.1,1.942,1.8,3.2,6.7,9.0,139120.6,514933.5,0,0,0,0.0,1.4535,1.3952,2.3283
A,2,43,Delete-flood,0.02,0.05,62,300,18600,112,175.898,0.886,27.833,19.034,7.493,7.3,14.0,24.1,35.7,2.266,1.9,3.6,9.5,23.3,133457.8,441370.9,0,0,0,0.0,0.6466,1.8714,2.5368
A,2,43,Delete-flood,0.02,0.05,63,300,18900,134.667,176.337,0.7251,28,18.684,7.193,6.9,13.9,17.7,34.4,1.96,1.8,3.0,7.6,13.2,139030.5,510291.9,0,0,0,0.0,0.7775,1.8826,2.3289
A,2,43,Delete-flood,0.02,0.05,64,300,19200,188,185.59,0.9448,21,19.827,7.779,7.2,14.1,23.7,31.5,2.21,1.9,3.9,7.3,12.4,128545.7,452488.7,0,0,0,0.0,1.0854,1.412,3.2466
A,2,43,Delete-flood,0.02,0.05,65,300,19500,317.5,192.752,0.5278,23.5,20.047,7.86,7.3,13.9,27.2,32.7,2.012,1.9,3.3,4.6,10.4,127221.0,496935.7,0,0,0,0.0,1.8331,1.5801,5.913
A,2,43,Delete-flood,0.02,0.05,66,300,19800,183.5,197.443,0.5761,19.75,18.48,8.368,7.8,15.5,35.0,37.4,2.02,1.8,3.8,5.7,7.0,119498.1,495049.4,0,0,0,0.0,1.0594,1.3279,6.1404
A,2,43,Delete-flood,0.02,0.05,67,300,20100,234.444,200.11,0.7948,22.111,19.168,8.042,7.5,15.1,26.7,30.1,2.115,1.8,3.3,7.8,12.8,124342.0,472739.2,0,0,0,0.0,1.3536,1.4867,3.4231
A,2,43,Delete-flood,0.02,0.05,68,300,20400,199.8,190.245,0.8036,18.8,19.179,8.243,7.7,16.4,31.4,33.7,2.134,1.9,3.7,7.2,9.2,121310.2,468675.8,0,0,0,0.0,1.1535,1.2641,4.3611
A,2,43,Delete-flood,0.02,0.05,69,300,20700,222,193.946,0.8031,22.6,19.586,7.724,7.3,14.8,20.6,29.9,2.075,1.9,3.5,8.7,11.4,129461.0,481927.0,0,0,0,0.0,1.2817,1.5196,2.3678
A,2,43,Delete-flood,0.02,0.05,70,300,21000,122.833,199.218,1.2137,16.167,20.398,9.087,7.8,18.9,36.6,88.1,2.49,1.9,5.7,10.1,33.7,110051.3,401659.9,0,0,0,0.0,0.7092,1.087,3.6238
A,2,43,Delete-flood,0.02,0.05,71,300,21300,272.6,223.966,0.5286,20.4,20.027,8.607,8.4,16.3,22.8,33.3,2.058,1.9,3.6,5.8,12.3,116189.0,485829.5,0,0,0,0.0,1.5739,1.3716,3.9311
A,2,43,Delete-flood,0.02,0.05,72,300,21600,153.75,197.831,1.1964,22,18.878,8.465,7.4,17.3,34.0,36.4,2.161,1.9,3.8,7.9,9.9,118138.2,462819.8,0,0,0,0.0,0.8877,1.4792,4.3038
A,2,43,Delete-flood,0.02,0.05,73,300,21900,66.2,196.705,1.3003,17.8,19.814,8.076,7.3,16.2,25.8,33.5,2.143,1.9,3.6,5.6,10.9,123818.5,466708.8,0,0,0,0.0,0.3822,1.1968,4.6071
A,2,43,Delete-flood,0.02,0.05,74,300,22200,259.2,199.983,0.6764,26,19.807,8.307,7.6,16.7,30.1,36.7,2.184,1.9,3.6,9.3,11.5,120375.7,457875.1,0,0,0,0.0,1.4965,1.7482,3.2366
A,2,43,Delete-flood,0.02,0.05,75,300,22500,194.429,207.396,0.6726,15,20.403,8.615,7.6,17.3,32.9,45.3,2.134,1.9,3.7,6.0,7.5,116081.1,468676.7,0,0,0,0.0,1.1225,1.0086,5.4833
A,2,43,Delete-flood,0.02,0.05,76,300,22800,206.857,207.775,0.8135,19.286,19.157,8.663,8.2,17.1,29.2,53.5,2.243,1.9,4.2,9.2,11.4,115429.0,445831.0,0,0,0,0.0,1.1943,1.2967,3.1739
A,2,43,Delete-flood,0.02,0.05,77,300,23100,284.833,221.18,0.4886,22,19.973,8.719,8.2,16.8,26.3,31.4,2.077,1.8,3.4,7.1,9.2,114687.6,481463.5,0,0,0,0.0,1.6445,1.4792,3.7042
A,2,43,Delete-flood,0.02,0.05,78,300,23400,22,228.087,0.0,16,19.197,9.001,8.4,17.5,20.6,31.9,1.996,1.9,3.2,3.8,6.9,111094.6,501084.9,0,0,0,0.0,0.127,1.0758,5.4212
A,2,43,Delete-flood,0.02,0.05,79,300,23700,248.333,227.471,0.797,16.667,19.444,8.81,8.2,17.4,27.6,33.1,1.986,1.8,3.0,4.8,6.4,113507.3,503609.8,0,0,0,0.0,1.4338,1.1206,5.75
A,2,43,Delete-flood,0.02,0.05,80,300,24000,172,239.795,1.188,19,19.655,9.647,8.8,18.9,37.7,42.9,2.216,1.9,4.2,7.9,8.8,103655.6,451195.0,0,0,0,0.0,0.993,1.2775,4.7722
A,2,43,Delete-flood,0.02,0.05,81,300,24300,180.5,243.785,1.3907,32,19.621,9.029,8.3,17.4,19.9,23.8,2.04,1.9,3.2,4.4,11.0,110754.2,490115.7,0,0,0,0.0,1.0421,2.1516,4.5227
A,2,43,Delete-flood,0.02,0.05,82,300,24600,223.25,236.294,1.1053,14.25,19.155,9.719,8.6,18.8,41.7,56.1,2.23,1.9,3.9,7.4,14.9,102894.7,448364.5,0,0,0,0.0,1.2889,0.9581,5.6352
A,2,43,Delete-flood,0.02,0.05,83,300,24900,155.8,251.851,1.4757,15.6,19.492,9.45,9.0,18.2,27.4,41.1,2.064,1.9,3.4,6.1,7.5,105823.8,484496.2,0,0,0,0.0,0.8995,1.0489,4.4918
A,2,43,Delete-flood,0.02,0.05,84,100,25000,0.0,249.31,0.0,0.0,19.88,9.669,8.7,18.9,35.4,35.4,2.262,2.0,4.2,10.8,10.8,103423.3,442087.2,0,0,0,0.0,0.0,0.0,3.2778
A,3,44,Read-only,0.99,0.005,1,300,300,117.591,194,2.0232,20.748,17.42,19.779,6.6,59.2,112.9,1841.8,4.564,2.2,3.1,5.4,61830.7,50558.7,219126.7,0,1,0,0.5,0.6789,1.3951,20.9073
A,3,44,Read-only,0.99,0.005,2,300,600,29.923,11.5,0.6446,20.973,21,8.87,7.5,17.3,31.1,51.1,6.254,5.9,10.4,13.6,14.9,112743.8,159889.1,0,0,0,0.0,0.1728,1.4102,2.2868
A,3,44,Read-only,0.99,0.005,3,300,900,29.65,104,0.7142,20.619,16.167,9.147,6.7,23.4,35.4,75.3,6.192,5.7,10.4,18.8,48.2,109321.5,161489.9,0,0,0,0.0,0.1712,1.3864,1.883
A,3,44,Read-only,0.99,0.005,4,300,1200,29.53,61.5,0.611,20.104,21.5,8.016,6.0,15.7,30.9,31.6,5.368,5.1,8.9,10.8,11.2,124750.5,186277.5,0,0,0,0.0,0.1705,1.3517,2.8611
A,3,44,Read-only,0.99,0.005,5,300,1500,29.599,2,0.611,19.475,28,7.762,5.9,14.9,30.8,32.1,4.886,4.7,8.1,10.3,11.8,128827.2,204652.5,0,0,0,0.0,0.1709,1.3094,2.9903
A,3,44,Read-only,0.99,0.005,6,300,1800,28.654,30,0.7436,21.176,25.6,8.024,5.4,27.5,30.6,37.6,5.323,4.9,9.8,12.4,14.5,124621.0,187864.0,0,0,0,0.0,0.1654,1.4238,2.4677
A,3,44,Read-only,0.99,0.005,7,300,2100,32.753,17.75,0.7028,20.578,26.5,10.713,8.6,30.2,33.9,54.3,6.926,6.7,11.9,15.5,18.0,93341.6,144390.4,0,0,0,0.0,0.1891,1.3836,2.1871
A,3,44,Read-only,0.99,0.005,8,300,2400,32.21,66.2,0.6426,20.817,21.2,8.526,5.7,28.7,32.1,48.1,6.298,5.9,10.6,12.6,13.5,117283.7,158772.1,0,0,0,0.0,0.186,1.3997,2.5476
A,3,44,Read-only,0.99,0.005,9,300,2700,28.946,28.75,0.6964,20.199,21.5,7.029,5.2,24.0,35.0,43.9,5.561,5.1,9.1,12.8,23.4,142274.5,179813.0,0,0,0,0.0,0.1671,1.3582,2.7344
A,3,44,Read-only,0.99,0.005,10,300,3000,29.44,46,0.616,20.997,13.5,6.652,5.2,12.1,32.9,44.3,6.151,5.8,10.3,13.3,14.8,150323.2,162584.0,0,0,0,0.0,0.17,1.4118,2.4737
A,3,44,Read-only,0.99,0.005,11,300,3300,29.929,18.6,0.6334,20.566,23,6.457,5.0,13.1,32.1,33.6,5.342,5.2,8.4,10.3,12.2,154862.7,187207.4,0,0,0,0.0,0.1728,1.3828,3.1165
A,3,44,Read-only,0.99,0.005,12,300,3600,28.348,13,0.6898,20.328,15,5.949,4.9,11.0,31.5,33.3,5.029,4.7,8.6,11.2,12.7,168095.4,198860.0,0,0,0,0.0,0.1637,1.3668,2.8125
A,3,44,Read-only,0.99,0.005,13,300,3900,28.684,40.333,0.7026,20.158,23,8.4,5.5,27.6,56.0,62.5,5.778,5.4,10.1,13.3,15.1,119047.6,173060.3,0,0,0,0.0,0.1656,1.3554,4.2105
A,3,44,Read-only,0.99,0.005,14,300,4200,29.966,15,0.6421,20.267,12.25,6.696,5.2,12.4,32.0,33.9,5.57,5.3,9.0,11.4,14.1,149335.5,179522.4,0,0,0,0.0,0.173,1.3627,2.807
A,3,44,Read-only,0.99,0.005,15,300,4500,29.913,13.5,0.6551,20.852,25,6.239,4.9,10.7,31.2,36.1,5.257,5.0,8.7,10.9,12.2,160282.0,190222.7,0,0,0,0.0,0.1727,1.4021,2.8624
A,3,44,Read-only,0.99,0.005,16,300,4800,32.138,31.667,0.5559,20.596,15,6.26,4.9,10.7,31.1,32.2,4.985,4.7,8.5,11.9,13.6,159753.0,200601.8,0,0,0,0.0,0.1855,1.3848,2.6135
A,3,44,Read-only,0.99,0.005,17,300,5100,31.525,24.667,0.6381,20.741,21.667,7.725,5.4,20.8,39.1,44.1,5.808,5.3,9.9,16.8,20.7,129455.5,172166.3,0,0,0,0.0,0.182,1.3946,2.3274
A,3,44,Read-only,0.99,0.005,18,300,5400,27.875,15.667,0.7041,19.875,12.333,6.139,4.9,12.7,31.7,34.5,5.307,5.1,8.5,10.1,12.1,162884.0,188418.7,0,0,0,0.0,0.1609,1.3364,3.1386
A,3,44,Read-only,0.99,0.005,19,300,5700,28.737,30,0.6302,22.01,24.667,6.259,5.0,11.6,32.5,37.5,5.391,5.1,8.5,11.1,12.8,159761.5,185494.3,0,0,0,0.0,0.1659,1.4799,2.9279
A,3,44,Read-only,0.99,0.005,20,300,6000,28.88,13,0.6571,20.458,16,6.182,5.0,10.3,31.3,31.5,4.922,4.8,8.2,11.2,13.7,161768.7,203183.0,0,0,0,0.0,0.1667,1.3756,2.7947
A,3,44,Read-only,0.99,0.005,21,300,6300,30.302,31,0.6562,20.302,24.5,8.052,5.9,22.7,42.0,47.8,6.476,5.9,11.0,16.8,42.4,124197.9,154424.2,0,0,0,0.0,0.1749,1.3651,2.5
A,3,44,Read-only,0.99,0.005,22,300,6600,29.554,30,0.6222,20.561,16,6.387,5.1,12.0,32.2,33.6,5.687,5.4,9.2,13.0,13.5,156559.7,175829.4,0,0,0,0.0,0.1706,1.3825,2.4769
A,3,44,Read-only,0.99,0.005,23,300,6900,30.483,18.75,0.6727,19.916,27.25,6.63,5.0,17.6,31.0,34.2,5.02,4.8,7.9,9.0,9.6,150829.6,199189.9,0,0,0,0.0,0.176,1.3391,3.4444
A,3,44,Read-only,0.99,0.005,24,300,7200,28.746,25.8,0.6333,20.963,21,5.868,4.9,10.7,31.8,32.5,4.999,4.7,8.4,10.6,12.5,170415.8,200026.7,0,0,0,0.0,0.166,1.4095,3.0
A,3,44,Read-only,0.99,0.005,25,300,7500,28.168,43,0.6508,21.077,14,7.365,5.5,14.3,43.7,47.7,6.77,6.4,11.4,15.5,16.4,135777.3,147710.5,0,0,0,0.0,0.1626,1.4172,2.8194
A,3,44,Read-only,0.99,0.005,26,300,7800,28.443,47,0.6399,20.574,18.5,6.122,4.9,10.9,32.1,34.0,5.771,5.4,10.1,12.8,13.6,163354.2,173270.3,0,0,0,0.0,0.1642,1.3833,2.5078
A,3,44,Read-only,0.99,0.005,27,300,8100,29.535,44,0.6117,21.3,17.667,5.586,5.0,10.0,31.2,32.4,5.378,5.1,8.5,11.3,11.8,179008.2,185931.3,0,0,0,0.0,0.1705,1.4321,2.7611
A,3,44,Read-only,0.99,0.005,28,300,8400,30.517,32.5,0.6051,20.797,23.25,6.109,5.0,11.1,31.1,31.9,5.04,4.7,8.4,11.7,12.6,163701.8,198426.0,0,0,0,0.0,0.1762,1.3984,2.6581
A,3,44,Read-only,0.99,0.005,29,300,8700,29.152,32,0.6172,20.545,24,6.755,5.4,12.0,33.3,63.2,6.195,5.5,10.8,14.6,16.0,148045.7,161429.1,0,0,0,0.0,0.1683,1.3814,2.2808
A,3,44,Read-only,0.99,0.005,30,300,9000,30.161,51,0.58,19.766,10,5.342,4.9,9.7,29.3,33.6,5.14,4.7,8.8,10.9,16.3,187207.4,194552.6,0,0,0,0.0,0.1741,1.329,2.6881
A,3,44,Read-only,0.99,0.005,31,300,9300,30.942,31.4,0.5798,20.573,16.8,6.338,5.2,11.8,31.7,32.1,5.052,4.8,8.4,9.9,14.7,157786.7,197941.5,0,0,0,0.0,0.1786,1.3833,3.202
A,3,44,Read-only,0.99,0.005,32,300,9600,30.02,36.429,0.5754,20.027,19.857,6.122,5.2,11.5,22.1,44.7,4.964,4.6,8.2,11.5,15.8,163345.2,201437.0,0,0,0,0.0,0.1733,1.3466,1.9217
A,3,44,Read-only,0.99,0.005,33,300,9900,31.679,39.5,0.5721,19.956,18.5,7.067,5.5,13.0,34.5,40.1,5.493,5.2,8.9,12.0,15.2,141509.5,182038.7,0,0,0,0.0,0.1829,1.3418,2.875
A,3,44,Read-only,0.99,0.005,34,300,10200,29.693,47.571,0.6262,20.399,17.714,6.314,5.3,11.0,31.5,32.9,5.006,4.7,8.2,9.7,11.3,158378.1,199747.0,0,0,0,0.0,0.1714,1.3716,3.2474
A,3,44,Read-only,0.99,0.005,35,300,10500,30.791,42.333,0.6023,20.219,17.667,5.693,5.0,9.8,31.3,32.4,4.768,4.5,7.6,8.9,9.8,175654.3,209746.1,0,0,0,0.0,0.1778,1.3595,3.5169
A,3,44,Read-only,0.99,0.005,36,300,10800,29.886,25.333,0.6742,20.545,17.667,6.372,5.4,11.0,31.3,41.4,5.105,4.8,8.7,10.4,11.0,156936.6,195873.6,0,0,0,0.0,0.1725,1.3814,3.0096
A,3,44,Read-only,0.99,0.005,37,300,11100,30.664,31.8,0.6212,20.508,15.8,6.419,5.4,11.2,33.9,43.8,5.899,5.5,10.0,15.3,17.8,155787.6,169510.5,0,0,0,0.0,0.177,1.3789,2.2157
A,3,44,Read-only,0.99,0.005,38,300,11400,32.017,21.333,0.6163,20.421,15,6.608,5.5,12.9,33.1,37.9,5.589,5.2,9.6,11.6,13.2,151331.7,178922.9,0,0,0,0.0,0.1848,1.373,2.8535
A,3,44,Read-only,0.99,0.005,39,300,11700,30.101,32,0.6644,20.485,18.667,5.607,5.1,9.7,31.5,34.1,5.251,5.0,8.6,10.6,15.5,178359.1,190440.1,0,0,0,0.0,0.1738,1.3773,2.9717
A,3,44,Read-only,0.99,0.005,40,300,12000,29.547,27,0.6307,20.872,26.25,6.351,5.3,12.4,31.0,34.6,5.951,5.3,9.9,13.3,79.9,157455.5,168048.4,0,0,0,0.0,0.1706,1.4034,2.3308
A,3,44,Read-only,0.99,0.005,41,300,12300,30.535,40,0.6605,20.064,20,6.476,5.3,11.4,32.5,45.1,5.595,5.2,9.7,11.4,14.4,154408.4,178720.3,0,0,0,0.0,0.1763,1.349,2.8509
A,3,44,Read-only,0.99,0.005,42,300,12600,29.673,40.667,0.656,20.195,17.667,5.281,4.9,10.3,32.3,33.0,5.074,4.8,8.1,10.2,12.4,189370.1,197096.1,0,0,0,0.0,0.1713,1.3579,3.1667
A,3,44,Read-only,0.99,0.005,43,300,12900,29.436,32,0.6237,20.334,16.5,5.641,5.1,10.1,30.9,36.0,4.926,4.6,8.2,10.8,14.5,177263.2,202990.6,0,0,0,0.0,0.1699,1.3672,2.8611
A,3,44,Read-only,0.99,0.005,44,300,13200,30.428,54.333,0.5999,19.899,16,6.496,5.4,11.5,28.5,56.8,5.231,4.8,8.9,15.7,18.2,153933.1,191180.0,0,0,0,0.0,0.1757,1.338,1.8153
A,3,44,Read-only,0.99,0.005,45,300,13500,30.471,33.667,0.6114,21.263,24.333,5.88,5.3,10.9,14.7,44.2,5.909,5.4,10.2,14.0,14.3,170058.5,169242.8,0,0,0,0.0,0.1759,1.4296,1.05
A,3,44,Read-only,0.99,0.005,46,300,13800,30.492,15.333,0.594,21.141,19.667,5.808,5.2,11.0,18.7,32.9,5.292,5.0,8.7,11.1,14.0,172186.1,188964.5,0,0,0,0.0,0.176,1.4215,1.6847
A,3,44,Read-only,0.99,0.005,47,300,14100,31.667,32.667,0.5909,20.481,18.667,5.742,5.2,9.4,29.6,34.3,5.003,4.9,7.8,10.4,13.7,174145.3,199866.7,0,0,0,0.0,0.1828,1.3771,2.8461
A,3,44,Read-only,0.99,0.005,48,300,14400,31.351,53,0.5624,20.284,10,6.555,5.5,11.4,17.9,56.5,5.137,4.8,8.8,14.1,16.0,152555.3,194678.8,0,0,0,0.0,0.181,1.3639,1.2695
A,3,44,Read-only,0.99,0.005,49,300,14700,30.43,0,0.5964,20.12,0,6.446,5.5,12.0,19.6,50.5,5.943,5.7,9.5,13.6,14.3,155135.0,168265.2,0,0,0,0.0,0.1757,1.3528,1.4412
A,3,44,Read-only,0.99,0.005,50,300,15000,29.814,21.6,0.617,19.986,23.4,5.946,5.4,10.6,25.9,35.1,5.288,5.0,8.1,10.5,11.7,168180.4,189095.4,0,0,0,0.0,0.1721,1.3438,2.4667
A,3,44,Read-only,0.99,0.005,51,300,15300,31.75,32.25,0.5827,20.443,21.5,5.619,5.0,10.5,15.0,32.8,5.012,4.8,8.6,9.9,10.3,177957.1,199534.3,0,0,0,0.0,0.1833,1.3745,1.5152
A,3,44,Read-only,0.99,0.005,52,300,15600,29.703,22.25,0.622,20.568,19.5,5.701,4.9,11.7,31.3,36.2,4.987,4.6,8.7,11.4,16.1,175397.7,200507.8,0,0,0,0.0,0.1715,1.3829,2.7456
A,3,44,Read-only,0.99,0.005,53,300,15900,29.43,0,0.6197,20.427,0,5.808,5.4,10.0,12.0,46.2,5.844,5.4,10.2,15.9,18.5,172186.4,171115.5,0,0,0,0.0,0.1699,1.3734,0.7547
A,3,44,Read-only,0.99,0.005,54,300,16200,29.834,14.5,0.6409,20.736,24.25,5.709,5.2,9.6,30.4,35.5,5.255,5.0,8.3,10.5,11.6,175162.0,190294.9,0,0,0,0.0,0.1722,1.3943,2.8952
A,3,44,Read-only,0.99,0.005,55,300,16500,32.595,18.75,0.5793,21.118,15.75,5.905,5.2,10.6,12.0,38.6,5.025,4.8,8.1,10.1,11.8,169338.4,198991.9,0,0,0,0.0,0.1882,1.4199,1.1881
A,3,44,Read-only,0.99,0.005,56,300,16800,26.258,18,0.8004,20.642,22,4.924,4.6,9.3,31.7,32.8,4.93,4.6,8.1,12.1,18.0,203100.6,202826.0,0,0,0,0.0,0.1516,1.3879,2.6198
A,3,44,Read-only,0.99,0.005,57,300,17100,29.048,32.5,0.7236,19.949,20.5,6.054,5.3,12.7,31.5,45.1,5.782,5.4,10.0,12.7,13.6,165171.0,172960.5,0,0,0,0.0,0.1677,1.3413,2.4803
A,3,44,Read-only,0.99,0.005,58,300,17400,27.01,16,0.7858,19.987,12.5,5.068,5.0,9.9,14.2,35.0,5.162,5.0,8.2,9.3,12.1,197329.6,193710.7,0,0,0,0.0,0.1559,1.3438,1.5269
A,3,44,Read-only,0.99,0.005,59,300,17700,29.058,30.4,0.7002,21.288,19,5.097,5.2,9.0,10.9,34.0,5.184,5.1,8.1,9.7,12.2,196181.0,192901.3,0,0,0,0.0,0.1678,1.4314,1.1237
A,3,44,Read-only,0.99,0.005,60,300,18000,26.003,24,0.8008,21.626,17.667,4.94,4.8,9.4,12.3,62.7,5.087,4.9,8.0,9.6,13.5,202415.5,196592.3,0,0,0,0.0,0.1501,1.4541,1.2813
A,3,44,Read-only,0.99,0.005,61,300,18300,28.493,27.833,0.7307,21.18,14.667,5.828,5.4,11.2,37.1,42.8,5.721,5.4,9.7,12.1,14.7,171585.5,174794.5,0,0,0,0.0,0.1645,1.4241,3.0661
A,3,44,Read-only,0.99,0.005,62,300,18600,29.815,17.333,0.7421,20.781,17.333,5.597,5.2,10.7,31.4,34.6,5.26,5.0,8.5,10.9,15.9,178677.7,190102.2,0,0,0,0.0,0.1721,1.3973,2.8807
A,3,44,Read-only,0.99,0.005,63,300,18900,29.686,40.5,0.692,20.436,22.75,5.334,5.3,9.0,15.1,34.5,5.235,5.1,8.7,11.0,13.5,187465.0,191034.0,0,0,0,0.0,0.1714,1.3741,1.3727
A,3,44,Read-only,0.99,0.005,64,300,19200,29.299,2,0.7149,21.104,18,5.522,5.1,10.0,31.8,37.9,5.063,4.9,8.2,10.0,11.9,181083.0,197511.2,0,0,0,0.0,0.1692,1.419,3.18
A,3,44,Read-only,0.99,0.005,65,300,19500,26.673,0,0.7485,19.97,0,5.697,5.5,10.0,12.5,47.2,5.428,5.2,9.0,10.8,11.4,175541.1,184218.7,0,0,0,0.0,0.154,1.3427,1.1574
A,3,44,Read-only,0.99,0.005,66,300,19800,29.065,18.143,0.7023,20.092,22.286,5.701,5.3,9.9,30.9,37.5,5.084,4.8,8.0,9.9,13.8,175407.8,196682.6,0,0,0,0.0,0.1678,1.3509,3.1212
A,3,44,Read-only,0.99,0.005,67,300,20100,29.088,35.5,0.7277,20.264,18.5,5.382,4.9,9.5,31.2,32.0,4.966,4.8,7.6,9.6,13.4,185816.0,201355.8,0,0,0,0.0,0.1679,1.3625,3.25
A,3,44,Read-only,0.99,0.005,68,300,20400,27.569,33.4,0.7381,19.837,13.4,5.215,5.1,9.1,28.5,33.0,4.736,4.6,7.1,9.8,12.7,191754.6,211148.6,0,0,0,0.0,0.1592,1.3338,2.9082
A,3,44,Read-only,0.99,0.005,69,300,20700,26.561,57.25,0.7284,20.997,20,5.58,5.3,10.5,20.2,45.1,5.571,5.2,9.8,13.7,14.4,179211.7,179500.8,0,0,0,0.0,0.1533,1.4118,1.4744
A,3,44,Read-only,0.99,0.005,70,300,21000,25.943,26.667,0.765,19.899,14.667,5.361,5.2,9.8,17.3,36.8,5.245,5.0,8.4,11.8,14.2,186532.5,190645.6,0,0,0,0.0,0.1498,1.338,1.4661
A,3,44,Read-only,0.99,0.005,71,300,21300,27.936,22,0.7226,20.466,15.5,5.222,5.0,9.9,16.7,33.6,5.11,5.0,8.2,9.9,11.9,191509.9,195681.9,0,0,0,0.0,0.1613,1.3761,1.6869
A,3,44,Read-only,0.99,0.005,72,300,21600,28.619,26.667,0.7509,21.605,19.167,5.461,4.9,10.6,32.2,32.5,5.136,5.0,8.5,9.3,10.7,183105.5,194704.0,0,0,0,0.0,0.1652,1.4527,3.4623
A,3,44,Read-only,0.99,0.005,73,300,21900,28.378,30,0.7551,19.672,19,6.926,5.3,13.2,64.7,178.7,6.186,5.4,13.3,17.3,39.0,144376.5,161646.7,0,0,0,0.0,0.1638,1.3227,3.7399
A,3,44,Read-only,0.99,0.005,74,300,22200,29.698,27,0.707,21.248,10,5.406,5.1,10.2,23.6,48.8,6.123,5.9,10.3,12.3,13.1,184979.7,163309.7,0,0,0,0.0,0.1715,1.4287,1.9187
A,3,44,Read-only,0.99,0.005,75,300,22500,28.997,29,0.7037,19.811,21.667,5.536,5.1,11.0,14.3,36.0,5.224,5.0,8.5,10.7,13.3,180646.8,191436.3,0,0,0,0.0,0.1674,1.3321,1.3365
A,3,44,Read-only,0.99,0.005,76,300,22800,28.628,36.5,0.7402,20.04,27,5.146,4.8,10.5,29.7,34.9,4.976,4.7,8.7,10.2,11.1,194325.8,200978.1,0,0,0,0.0,0.1653,1.3475,2.9117
A,3,44,Read-only,0.99,0.005,77,300,23100,29.94,0,0.7233,20.27,0,6.035,5.3,12.1,30.6,31.4,5.473,5.1,9.7,14.1,15.9,165700.1,182726.3,0,0,0,0.0,0.1729,1.3629,2.1702
A,3,44,Read-only,0.99,0.005,78,300,23400,30.4,43.4,0.6923,20.946,22.4,5.275,5.1,10.3,12.7,40.3,5.474,5.4,9.4,11.3,13.6,189561.4,182681.8,0,0,0,0.0,0.1755,1.4083,1.1239
A,3,44,Read-only,0.99,0.005,79,300,23700,30.014,14.6,0.7064,19.881,22.2,5.606,5.1,10.2,31.6,37.1,4.915,4.7,7.7,9.3,12.9,178390.9,203445.1,0,0,0,0.0,0.1733,1.3368,3.3979
A,3,44,Read-only,0.99,0.005,80,300,24000,31.195,58,0.6689,20.535,15,5.518,5.2,9.8,31.1,33.1,4.906,4.7,8.2,10.5,12.6,181225.0,203845.9,0,0,0,0.0,0.1801,1.3807,2.9619
A,3,44,Read-only,0.99,0.005,81,300,24300,30.889,28.333,0.6737,20.455,20.333,6.33,5.4,12.6,32.9,72.6,5.574,5.0,9.7,18.3,19.4,157969.6,179393.5,0,0,0,0.0,0.1783,1.3753,1.7978
A,3,44,Read-only,0.99,0.005,82,300,24600,29,30,0.7575,20.189,22.5,5.703,5.2,10.6,31.8,45.3,5.699,5.3,9.1,12.1,20.4,175356.5,175459.3,0,0,0,0.0,0.1674,1.3575,2.6281
A,3,44,Read-only,0.99,0.005,83,300,24900,30.35,42.333,0.7149,20.293,17.667,5.583,5.1,10.4,31.5,34.5,5.234,5.2,8.6,10.8,11.2,179115.1,191070.7,0,0,0,0.0,0.1752,1.3644,2.9167
A,3,44,Read-only,0.99,0.005,84,100,25000,32.75,0,0.6394,19.78,0,5.885,5.1,11.8,32.5,32.5,5.154,4.8,8.3,9.7,9.7,169923.7,194023.8,0,0,0,0.0,0.1891,1.33,3.3505
A,3,44,Search-heavy,0.8,0.15,1,300,300,37.077,44.87,1.9288,21.5,18.337,13.12,4.9,21.7,82.7,1751.0,4.288,2.3,3.3,5.1,50107.2,76219.5,233195.7,0,1,0,0.018519,0.2141,1.4456,16.2156
A,3,44,Search-heavy,0.8,0.15,2,300,600,32.712,34.756,0.6186,20.973,18.885,7.724,5.8,18.6,31.5,55.0,5.809,5.3,11.0,15.5,23.2,129472.2,172146.6,0,0,0,0.0,0.1889,1.4102,2.0323
A,3,44,Search-heavy,0.8,0.15,3,300,900,32.908,35.028,0.6505,21.293,21.056,6.992,5.7,14.8,33.1,37.2,5.195,4.8,9.5,12.7,15.0,143013.8,192480.4,0,0,0,0.0,0.19,1.4317,2.6063
A,3,44,Search-heavy,0.8,0.15,4,300,1200,32.805,35.114,0.7073,21.273,20.386,6.421,5.7,11.4,17.6,94.0,4.967,4.9,8.3,9.6,10.8,155747.1,201328.8,0,0,0,0.0,0.1894,1.4304,1.8333
A,3,44,Search-heavy,0.8,0.15,5,300,1500,34.777,36.345,0.7106,21.446,21.017,6.956,6.0,14.3,24.0,25.2,5.732,5.3,10.3,15.4,17.0,143767.8,174459.0,0,0,0,0.0,0.2008,1.442,1.5584
A,3,44,Search-heavy,0.8,0.15,6,300,1800,37.687,31.105,0.7379,21.691,21.509,6.206,5.9,11.3,18.4,21.4,5.046,4.9,8.9,11.1,12.7,161134.4,198189.8,0,0,0,0.0,0.2176,1.4585,1.6576
A,3,44,Search-heavy,0.8,0.15,7,300,2100,41.498,46.864,0.7549,20.946,19.441,6.739,6.2,11.5,18.6,46.7,4.945,4.7,8.5,11.2,16.0,148390.0,202224.6,0,0,0,0.0,0.2396,1.4084,1.6607
A,3,44,Search-heavy,0.8,0.15,8,300,2400,39.667,45.549,0.7578,21.249,21.745,12.763,6.8,15.0,24.7,1571.5,6.005,5.5,11.4,13.4,17.2,78351.5,166537.1,0,0,0,0.0,0.229,1.4287,1.8433
A,3,44,Search-heavy,0.8,0.15,9,300,2700,41.648,54.839,0.817,21.84,18.786,6.953,6.3,12.9,19.5,25.2,5.753,5.4,10.5,15.3,17.2,143829.8,173832.4,0,0,0,0.0,0.2405,1.4685,1.2745
A,3,44,Search-heavy,0.8,0.15,10,300,3000,46.821,46.662,0.8431,21.97,21.769,6.971,6.0,12.0,25.5,59.4,5.151,4.8,9.3,11.3,11.7,143458.3,194137.0,0,0,0,0.0,0.2703,1.4772,2.2566
A,3,44,Search-heavy,0.8,0.15,11,300,3300,46.321,50.608,0.8817,21.594,23.569,7.448,6.3,13.6,31.1,34.5,5.712,5.3,9.8,16.6,19.8,134264.3,175059.8,0,0,0,0.0,0.2674,1.4519,1.8735
A,3,44,Search-heavy,0.8,0.15,12,300,3600,46.591,47.059,0.903,20.94,20.912,7.274,6.6,13.1,22.1,31.3,5.104,4.9,9.1,11.0,13.4,137475.9,195937.6,0,0,0,0.0,0.269,1.4079,2.0091
A,3,44,Search-heavy,0.8,0.15,13,300,3900,42.888,50.134,1.0352,22.013,20.985,6.548,6.0,12.3,15.5,17.4,5.039,4.8,8.5,9.8,12.1,152718.3,198452.1,0,0,0,0.0,0.2476,1.4801,1.5816
A,3,44,Search-heavy,0.8,0.15,14,300,4200,48.657,31.551,1.1825,21.167,19.061,5.337,3.4,12.7,18.1,30.9,4.942,4.7,8.4,14.0,16.4,187359.6,202360.8,0,0,0,0.0,0.2809,1.4232,1.2929
A,3,44,Search-heavy,0.8,0.15,15,300,4500,47.694,50.31,1.052,22.632,19.862,5.57,3.9,13.1,20.5,65.0,5.356,5.2,9.4,11.3,14.3,179533.3,186706.5,0,0,0,0.0,0.2754,1.5217,1.8141
A,3,44,Search-heavy,0.8,0.15,16,300,4800,48.353,53.676,1.3054,20.836,20.985,5.42,3.5,12.7,15.2,18.5,4.814,4.7,7.8,10.9,12.4,184513.2,207727.5,0,0,0,0.0,0.2792,1.401,1.3945
A,3,44,Search-heavy,0.8,0.15,17,300,5100,52.347,54.983,1.2228,20.455,18.621,5.563,3.8,14.1,15.4,38.3,4.784,4.6,7.8,12.0,13.7,179759.2,209030.1,0,0,0,0.0,0.3022,1.3753,1.2833
A,3,44,Search-heavy,0.8,0.15,18,300,5400,57.751,60.814,1.0146,21.141,19.898,6.309,4.7,14.2,16.9,64.7,5.119,4.9,8.7,12.2,16.3,158512.0,195350.7,0,0,0,0.0,0.3334,1.4215,1.3852
A,3,44,Search-heavy,0.8,0.15,19,300,5700,63.738,56.12,0.9877,20.52,19.36,6.406,5.2,14.4,20.2,20.9,4.866,4.7,8.5,11.5,15.1,156111.8,205521.9,0,0,0,0.0,0.368,1.3797,1.7565
A,3,44,Search-heavy,0.8,0.15,20,300,6000,70.791,72.714,0.897,20.713,20.964,11.419,5.6,14.9,20.7,1473.6,4.921,4.8,8.5,10.2,11.3,87575.9,203224.5,0,0,0,0.0,0.4087,1.3927,2.0294
A,3,44,Search-heavy,0.8,0.15,21,300,6300,74.76,71.121,0.8903,21.079,21.569,6.698,5.7,15.8,18.2,29.5,4.959,4.6,8.1,11.3,18.6,149298.4,201640.0,0,0,0,0.0,0.4316,1.4173,1.6106
A,3,44,Search-heavy,0.8,0.15,22,300,6600,87.619,68.541,0.8153,21.962,20.934,7.511,6.6,16.5,19.2,23.9,5.504,5.2,9.5,12.4,14.3,133132.2,181686.0,0,0,0,0.0,0.5059,1.4767,1.5484
A,3,44,Search-heavy,0.8,0.15,23,300,6900,95.554,93.867,0.7328,21.367,19.817,7.691,7.2,15.5,18.9,22.0,4.914,4.7,8.3,9.8,12.3,130022.0,203514.2,0,0,0,0.0,0.5517,1.4366,1.9286
A,3,44,Search-heavy,0.8,0.15,24,300,7200,101.233,102.688,0.7604,21.581,21.062,8.18,7.3,17.4,20.4,54.8,4.809,4.5,8.2,11.3,16.2,122244.4,207943.4,0,0,0,0.0,0.5845,1.451,1.8053
A,3,44,Search-heavy,0.8,0.15,25,300,7500,116.602,102.547,0.7012,20.809,21.312,9.142,8.2,17.7,21.9,30.6,5.254,5.0,8.9,12.1,13.9,109389.2,190319.2,0,0,0,0.0,0.6732,1.3992,1.8099
A,3,44,Search-heavy,0.8,0.15,26,300,7800,111.53,115.652,0.7583,21.564,21.167,11.597,7.7,17.7,20.8,948.1,5.004,4.8,8.3,10.4,14.1,86229.2,199840.2,0,0,0,0.0,0.6439,1.4499,2.0
A,3,44,Search-heavy,0.8,0.15,27,300,8100,120.333,124.063,0.777,20.979,19.524,9.661,8.6,19.7,27.9,45.7,5.024,4.6,8.6,15.0,16.7,103508.9,199058.1,0,0,0,0.0,0.6947,1.4106,1.86
A,3,44,Search-heavy,0.8,0.15,28,300,8400,126.838,107.185,0.7461,21.915,21,9.485,8.3,19.8,23.2,24.1,5.647,5.4,9.9,12.6,14.8,105429.7,177085.0,0,0,0,0.0,0.7323,1.4735,1.8413
A,3,44,Search-heavy,0.8,0.15,29,300,8700,121.523,136.158,0.7564,22.156,19.965,9.088,8.2,18.6,22.6,23.4,5.194,4.9,9.0,11.8,17.3,110035.1,192529.9,0,0,0,0.0,0.7016,1.4897,1.9153
A,3,44,Search-heavy,0.8,0.15,30,300,9000,121.058,107.593,0.9216,23.004,21,10.412,8.3,25.1,34.5,53.4,5.966,5.6,10.7,13.0,14.9,96043.1,167616.4,0,0,0,0.0,0.6989,1.5467,2.6539
A,3,44,Search-heavy,0.8,0.15,31,300,9300,71.935,100.243,1.426,21.47,20.143,6.937,3.8,20.2,26.5,36.3,5.766,5.4,10.5,13.9,17.2,144154.5,173430.5,0,0,0,0.0,0.4153,1.4436,1.9065
A,3,44,Search-heavy,0.8,0.15,32,300,9600,67.955,105.759,1.4577,22.112,18.31,12.245,4.0,21.3,27.1,1645.2,5.661,5.5,9.8,13.6,17.5,81668.2,176647.4,0,0,0,0.0,0.3923,1.4867,1.9927
A,3,44,Search-heavy,0.8,0.15,33,300,9900,85.332,79.375,1.2676,21.34,18.179,8.439,5.1,25.6,33.7,102.5,5.923,5.6,10.7,16.9,21.0,118492.7,168823.9,0,0,0,0.0,0.4927,1.4349,1.9941
A,3,44,Search-heavy,0.8,0.15,34,300,10200,96.372,99.828,1.1598,20.062,20.121,8.011,5.6,24.6,28.5,29.4,5.26,5.1,8.7,10.0,12.1,124828.3,190114.1,0,0,0,0.0,0.5564,1.3489,2.85
A,3,44,Search-heavy,0.8,0.15,35,300,10500,102.095,117.474,1.1306,22.519,21.316,8.294,6.3,24.2,29.6,29.9,5.55,5.2,10.1,11.9,13.1,120564.2,180180.3,0,0,0,0.0,0.5894,1.5141,2.4874
A,3,44,Search-heavy,0.8,0.15,36,300,10800,114.441,92.099,1.0608,22.201,21.014,9.076,6.6,27.2,37.2,41.1,5.847,5.2,10.9,16.9,36.8,110184.8,171027.9,0,0,0,0.0,0.6607,1.4927,2.2012
A,3,44,Search-heavy,0.8,0.15,37,300,11100,113.101,107.057,0.9413,21.182,19.868,8.95,7.2,23.6,27.4,31.5,5.381,5.1,9.3,12.1,12.2,111736.0,185850.5,0,0,0,0.0,0.653,1.4242,2.2645
A,3,44,Search-heavy,0.8,0.15,38,300,11400,121.095,123.559,0.908,21.481,19.644,9.361,7.6,24.6,30.6,80.6,5.232,5.1,9.2,11.5,13.0,106826.3,191131.2,0,0,0,0.0,0.6991,1.4443,2.6609
A,3,44,Search-heavy,0.8,0.15,39,300,11700,128.871,123.471,0.875,22.233,19.216,10.341,8.0,28.0,45.6,53.6,5.881,5.6,10.4,14.6,16.8,96705.6,170029.5,0,0,0,0.0,0.744,1.4949,3.1233
A,3,44,Search-heavy,0.8,0.15,40,300,12000,144.726,135.442,0.8555,20.742,23.5,10.691,8.9,28.8,33.0,37.6,5.278,5.0,9.0,11.9,13.5,93533.7,189465.7,0,0,0,0.0,0.8356,1.3946,2.7731
A,3,44,Search-heavy,0.8,0.15,41,300,12300,134.053,122,0.8773,21.741,21.642,9.993,7.9,26.9,32.8,49.7,5.385,5.1,9.0,12.9,24.4,100070.1,185712.5,0,0,0,0.0,0.774,1.4618,2.5426
A,3,44,Search-heavy,0.8,0.15,42,300,12600,155.32,161.5,0.8209,21.356,20.718,11.237,9.0,28.9,34.7,39.3,5.407,5.1,9.3,13.0,17.2,88991.7,184957.1,0,0,0,0.0,0.8967,1.4359,2.6692
A,3,44,Search-heavy,0.8,0.15,43,300,12900,157.498,154,0.8283,21.478,22.245,11.383,8.9,27.1,33.7,34.4,5.325,5.0,8.8,11.7,15.8,87852.8,187793.5,0,0,0,0.0,0.9093,1.4441,2.8803
A,3,44,Search-heavy,0.8,0.15,44,300,13200,164.859,138.356,0.8224,21.29,19.085,13.051,10.5,32.6,44.8,49.2,6.357,5.7,12.3,18.9,21.0,76624.4,157306.8,0,0,0,0.0,0.9518,1.4315,2.3704
A,3,44,Search-heavy,0.8,0.15,45,300,13500,91.149,76.448,1.2066,22.632,21.103,18.655,9.5,29.3,40.9,2147.8,6.046,5.8,11.3,13.4,16.5,53605.9,165389.4,0,1,0,0.017241,0.5262,1.5217,3.0522
A,3,44,Search-heavy,0.8,0.15,46,300,13800,28.059,37.065,0.6079,22.29,21.177,8.45,6.7,18.7,32.5,33.4,6.131,5.8,10.9,17.2,21.8,118347.9,163096.6,0,0,0,0.0,0.162,1.4987,1.8895
A,3,44,Search-heavy,0.8,0.15,47,300,14100,31.549,35.143,0.4954,21.221,20.75,8.002,5.9,15.6,34.9,55.4,6.506,6.1,11.7,16.0,22.7,124968.7,153712.3,0,0,0,0.0,0.1821,1.4269,2.1812
A,3,44,Search-heavy,0.8,0.15,48,300,14400,33.229,36.141,0.5482,21.403,19.938,7.717,6.2,16.0,33.9,36.3,5.791,5.4,10.1,12.3,12.5,129584.0,172681.8,0,0,0,0.0,0.1918,1.4391,2.7561
A,3,44,Search-heavy,0.8,0.15,49,300,14700,33.253,32,0.6092,22.09,19.343,7.285,6.1,15.1,20.7,32.1,5.981,5.5,11.8,17.9,19.0,137268.5,167196.1,0,0,0,0.0,0.192,1.4853,1.1564
A,3,44,Search-heavy,0.8,0.15,50,300,15000,36.623,42.479,0.6689,21.512,22.333,12.209,6.1,13.6,21.0,1514.9,5.863,5.5,10.2,13.0,16.5,81904.5,170561.2,1,0,0,0.020833,0.2114,1.4464,1.6154
A,3,44,Search-heavy,0.8,0.15,51,300,15300,28.487,35.556,0.5388,22.07,19.5,6.885,5.7,13.7,22.4,31.9,5.517,5.2,9.4,13.6,29.7,145243.3,181257.9,0,0,0,0.0,0.1645,1.4839,1.6471
A,3,44,Search-heavy,0.8,0.15,52,300,15600,29.567,33.362,0.6215,22.169,20.348,6.568,5.7,13.5,18.4,24.5,5.649,5.3,10.9,14.7,15.7,152261.1,177022.4,0,0,0,0.0,0.1707,1.4906,1.2517
A,3,44,Search-heavy,0.8,0.15,53,300,15900,25.207,26.5,0.7882,21.622,19.407,5.641,5.2,11.9,15.8,44.0,5.447,5.3,9.7,12.0,13.1,177283.8,183576.2,0,0,0,0.0,0.1455,1.4538,1.3167
A,3,44,Search-heavy,0.8,0.15,54,300,16200,27.2,27.783,0.7298,21.733,22.483,5.853,5.2,11.7,20.5,57.0,5.182,4.9,8.7,10.3,16.0,170862.2,192975.8,0,0,0,0.0,0.157,1.4613,1.9903
A,3,44,Search-heavy,0.8,0.15,55,300,16500,33.05,38.919,0.6665,21.601,19.806,6.132,5.6,12.3,17.5,30.6,5.032,4.7,8.7,11.2,13.9,163070.1,198741.2,0,0,0,0.0,0.1908,1.4524,1.5625
A,3,44,Search-heavy,0.8,0.15,56,300,16800,34,35.297,0.7258,22.542,19.688,6.176,5.4,13.4,20.9,28.5,5.835,5.5,10.4,16.8,18.3,161916.9,171370.0,0,0,0,0.0,0.1963,1.5157,1.244
A,3,44,Search-heavy,0.8,0.15,57,300,17100,36.681,42.215,0.6693,21.753,20.492,6.294,5.8,10.8,17.0,21.6,5.329,5.2,8.8,10.4,13.8,158889.9,187652.6,0,0,0,0.0,0.2118,1.4626,1.6346
A,3,44,Search-heavy,0.8,0.15,58,300,17400,39.983,39.448,0.6313,22.176,22.418,6.174,5.7,11.6,15.7,21.8,5.072,4.9,8.5,10.8,16.3,161960.7,197147.9,0,0,0,0.0,0.2308,1.4911,1.4537
A,3,44,Search-heavy,0.8,0.15,59,300,17700,45.004,46.541,0.6561,21.268,19.197,7.079,6.3,13.2,23.7,59.4,5.45,5.0,9.5,13.7,17.9,141269.5,183486.2,0,0,0,0.0,0.2598,1.43,1.7299
A,3,44,Search-heavy,0.8,0.15,60,300,18000,27.839,35.229,1.0644,21.896,20.671,5.601,5.2,12.7,16.8,24.1,5.239,4.9,9.3,13.7,16.1,178539.5,190888.2,0,0,0,0.0,0.1607,1.4722,1.2263
A,3,44,Search-heavy,0.8,0.15,61,300,18300,35.859,36.904,1.0126,20.524,20.575,5.675,5.3,10.9,16.5,18.7,4.866,4.6,8.2,10.4,12.1,176201.1,205493.5,0,0,0,0.0,0.207,1.38,1.5865
A,3,44,Search-heavy,0.8,0.15,62,300,18600,37.173,44.882,0.8506,21.57,21.706,12.059,5.7,13.2,23.0,1742.5,5.544,5.1,9.6,14.7,16.8,82925.6,180364.3,0,0,0,0.0,0.2146,1.4503,1.5646
A,3,44,Search-heavy,0.8,0.15,63,300,18900,41.193,42.333,0.8699,23.14,20.439,6.072,5.0,11.6,27.6,53.5,5.781,5.7,9.8,13.4,16.1,164681.2,172990.5,0,0,0,0.0,0.2378,1.5559,2.0597
A,3,44,Search-heavy,0.8,0.15,64,300,19200,46.394,50.75,0.8704,21.568,21.031,5.944,5.4,11.3,17.2,22.5,5.136,5.0,8.5,12.9,15.4,168236.9,194704.1,0,0,0,0.0,0.2679,1.4502,1.3333
A,3,44,Search-heavy,0.8,0.15,65,300,19500,32.335,46.961,0.9875,21.679,20.145,5.868,5.5,11.6,18.4,19.2,4.95,4.7,8.4,10.5,10.7,170406.0,202006.8,0,0,0,0.0,0.1867,1.4576,1.7524
A,3,44,Search-heavy,0.8,0.15,66,300,19800,41.991,48.288,1.0941,21.385,21.348,7.005,6.3,14.6,32.4,45.5,6.037,5.7,10.4,15.7,17.5,142755.3,165636.0,0,0,0,0.0,0.2424,1.4378,2.0637
A,3,44,Search-heavy,0.8,0.15,67,300,20100,41.05,44.917,1.0654,22.225,19.183,6.142,5.8,13.5,21.3,23.0,5.298,5.1,9.6,11.8,14.0,162822.1,188738.8,0,0,0,0.0,0.237,1.4944,1.8051
A,3,44,Search-heavy,0.8,0.15,68,300,20400,49.262,53.522,1.102,22.142,22.149,6.164,5.2,13.4,16.8,24.5,5.206,5.0,9.2,12.3,15.3,162232.4,192086.0,0,0,0,0.0,0.2844,1.4887,1.3659
A,3,44,Search-heavy,0.8,0.15,69,300,20700,52.196,53.569,1.0233,22.2,20.938,7.114,6.1,15.6,23.4,31.0,5.939,5.6,11.2,14.4,17.1,140561.3,168378.6,0,0,0,0.0,0.3014,1.4927,1.625
A,3,44,Search-heavy,0.8,0.15,70,300,21000,46.421,46.119,1.2813,21.305,20.493,7.034,4.7,15.5,49.3,76.6,6.018,5.7,11.1,14.1,14.2,142173.3,166159.0,0,0,0,0.0,0.268,1.4325,3.4964
A,3,44,Search-heavy,0.8,0.15,71,300,21300,46.073,50.603,1.1894,21.672,21.926,5.597,4.1,12.6,18.6,29.5,5.489,5.2,10.1,11.1,12.8,178667.3,182171.5,0,0,0,0.0,0.266,1.4572,1.6757
A,3,44,Search-heavy,0.8,0.15,72,300,21600,53.168,50.339,0.997,22.366,21.258,6.267,5.0,14.4,19.8,23.5,5.869,5.5,10.6,14.1,16.5,159557.5,170386.9,0,0,0,0.0,0.307,1.5038,1.4043
A,3,44,Search-heavy,0.8,0.15,73,300,21900,54.961,49.91,0.9431,21.167,21.925,6.199,5.1,13.8,18.7,29.4,5.548,5.4,9.8,12.8,13.7,161325.1,180234.3,0,0,0,0.0,0.3173,1.4232,1.4609
A,3,44,Search-heavy,0.8,0.15,74,300,22200,72.195,63.672,0.8547,22.25,20.891,12.469,6.2,15.6,18.5,1659.0,5.471,5.4,9.3,11.5,12.7,80198.9,182781.9,0,0,0,0.0,0.4168,1.496,1.6087
A,3,44,Search-heavy,0.8,0.15,75,300,22500,71.607,78.833,0.7222,22.56,20.348,7.098,6.5,14.4,19.2,31.6,5.676,5.4,10.0,15.8,27.4,140878.1,176180.4,0,0,0,0.0,0.4134,1.5169,1.2152
A,3,44,Search-heavy,0.8,0.15,76,300,22800,82.116,71.4,0.7756,21.62,19.92,7.518,6.9,14.7,23.6,26.1,5.518,5.3,9.0,13.3,14.7,133014.1,181236.1,0,0,0,0.0,0.4741,1.4537,1.7744
A,3,44,Search-heavy,0.8,0.15,77,300,23100,77.542,91.359,0.7533,21.602,22.109,7.359,6.9,13.3,17.5,18.6,5.072,4.9,8.3,12.3,15.8,135894.2,197173.8,0,0,0,0.0,0.4477,1.4524,1.4228
A,3,44,Search-heavy,0.8,0.15,78,300,23400,93.822,86.359,0.7291,20.945,21.031,8.508,8.0,17.0,20.9,48.3,5.24,5.0,8.8,13.8,17.0,117536.4,190839.7,0,0,0,0.0,0.5417,1.4083,1.5145
A,3,44,Search-heavy,0.8,0.15,79,300,23700,108.021,103.831,0.6675,22.081,21.169,8.923,8.6,15.8,20.0,21.0,5.527,5.2,10.0,11.6,11.8,112074.1,180919.0,0,0,0,0.0,0.6237,1.4847,1.7241
A,3,44,Search-heavy,0.8,0.15,80,300,24000,78.75,61.961,1.0228,20.911,19.987,6.884,6.1,16.5,21.4,26.1,4.964,4.7,8.5,10.4,11.7,145264.4,201450.3,0,0,0,0.0,0.4547,1.406,2.0577
A,3,44,Search-heavy,0.8,0.15,81,300,24300,53.764,72.794,1.2979,21.489,21.54,5.296,3.6,15.1,19.2,21.7,4.951,4.7,9.0,9.9,11.9,188809.8,201993.0,0,0,0,0.0,0.3104,1.4449,1.9394
A,3,44,Search-heavy,0.8,0.15,82,300,24600,62.337,75.907,1.0635,21.85,20.889,6.268,4.6,15.0,26.4,77.9,5.642,5.3,9.9,12.7,16.3,159549.0,177242.0,0,0,0,0.0,0.3599,1.4691,2.0787
A,3,44,Search-heavy,0.8,0.15,83,300,24900,72.565,63.647,0.9675,21.746,21.235,6.173,5.0,14.9,22.6,24.5,5.109,4.8,8.7,10.9,14.9,162004.6,195745.8,0,0,0,0.0,0.419,1.4621,2.0734
A,3,44,Search-heavy,0.8,0.15,84,100,25000,84.835,97.133,0.793,21.518,21.2,6.981,6.5,16.9,21.5,21.5,5.205,5.1,9.7,11.8,11.8,143245.9,192123.1,0,0,0,0.0,0.4898,1.4468,1.822
A,3,44,Balanced,0.34,0.33,1,300,300,40.724,41.436,1.2817,19.918,16.059,13.203,5.3,20.0,44.9,1737.9,3.89,2.2,3.0,3.8,42970.4,75740.4,257067.9,0,1,0,0.00495,0.2351,1.3393,11.8157
A,3,44,Balanced,0.34,0.33,2,300,600,36.382,36.838,0.6153,21.51,19.838,8.261,5.6,17.2,35.7,280.4,4.046,3.1,9.4,13.9,20.2,121055.6,247178.2,0,0,0,0.0,0.2101,1.4463,2.5684
A,3,44,Balanced,0.34,0.33,3,300,900,39.546,37.719,0.7418,20.289,18.941,6.268,5.3,13.7,31.4,33.8,3.456,3.0,7.1,9.5,14.5,159532.0,289324.0,0,0,0,0.0,0.2283,1.3642,3.3052
A,3,44,Balanced,0.34,0.33,4,300,1200,39.121,45.301,0.8278,20.682,19.15,11.074,5.4,18.4,31.4,1250.2,3.885,3.1,8.6,12.2,16.0,90301.6,257400.5,0,0,0,0.0,0.2259,1.3906,2.5738
A,3,44,Balanced,0.34,0.33,5,300,1500,34.414,34.707,1.2123,20.259,20.5,4.935,3.4,10.7,30.4,41.6,3.916,2.9,8.7,12.8,13.7,202634.4,255384.3,0,0,0,0.0,0.1987,1.3621,2.375
A,3,44,Balanced,0.34,0.33,6,300,1800,56.636,49.448,0.9654,20.556,19.368,4.941,4.0,10.9,13.1,18.2,3.392,2.8,7.7,9.5,10.9,202374.4,294811.3,0,0,0,0.0,0.327,1.3821,1.379
A,3,44,Balanced,0.34,0.33,7,300,2100,62.953,58.278,0.8356,19.651,19.015,5.405,4.5,11.7,14.7,52.2,3.319,2.9,6.5,8.7,9.4,185002.5,301265.3,0,0,0,0.0,0.3635,1.3213,1.6897
A,3,44,Balanced,0.34,0.33,8,300,2400,61.933,57.36,1.1592,20.629,19.213,5.679,4.1,14.1,22.7,27.1,3.741,2.8,9.1,11.3,13.1,176097.8,267308.1,0,0,0,0.0,0.3576,1.3871,2.0089
A,3,44,Balanced,0.34,0.33,9,300,2700,75.4,71.205,1.0578,19.743,19.841,10.812,4.4,14.9,20.8,1494.7,3.505,2.9,7.6,10.7,12.4,92489.9,285306.5,0,0,0,0.0,0.4353,1.3275,1.9439
A,3,44,Balanced,0.34,0.33,10,300,3000,84.979,89.569,0.9512,22.083,19.51,7.43,6.0,17.1,35.5,73.2,4.183,3.4,8.8,15.3,62.5,134583.6,239062.7,0,0,0,0.0,0.4906,1.4848,2.3203
A,3,44,Balanced,0.34,0.33,11,300,3300,98.118,104.541,0.8165,19.065,19.768,6.564,5.7,12.5,20.8,23.3,3.252,2.7,6.6,8.7,10.5,152338.4,307503.2,0,0,0,0.0,0.5665,1.2818,2.3908
A,3,44,Balanced,0.34,0.33,12,300,3600,104.221,106.153,0.8253,20.769,20.571,7.017,5.9,13.8,24.5,55.8,3.433,2.8,7.1,9.1,9.8,142511.0,291261.9,0,0,0,0.0,0.6017,1.3965,2.6923
A,3,44,Balanced,0.34,0.33,13,300,3900,127.569,120.685,0.7452,19.612,18.848,8.195,7.3,17.8,26.5,37.8,3.704,2.9,7.9,11.7,17.1,122025.7,269978.3,0,0,0,0.0,0.7365,1.3187,2.265
A,3,44,Balanced,0.34,0.33,14,300,4200,145.26,132.201,0.7221,21.219,19.088,8.604,7.5,19.1,25.3,31.8,3.445,2.8,7.6,11.1,13.3,116220.6,290247.6,0,0,0,0.0,0.8387,1.4267,2.2793
A,3,44,Balanced,0.34,0.33,15,300,4500,157.019,158.684,0.7592,20.971,19.051,14.663,8.7,23.3,37.8,1383.2,3.82,3.0,8.5,12.8,18.5,68200.4,261757.2,0,0,0,0.0,0.9066,1.41,2.9531
A,3,44,Balanced,0.34,0.33,16,300,4800,194.56,189.081,0.6994,21.582,19.947,10.408,9.0,24.3,32.4,51.5,3.49,2.9,7.8,9.8,11.2,96076.9,286505.4,0,0,0,0.0,1.1233,1.4511,3.3061
A,3,44,Balanced,0.34,0.33,17,300,5100,194.319,187.576,0.7754,19.207,18.587,11.78,9.1,27.7,48.6,82.2,3.781,3.1,8.1,11.8,14.3,84892.0,264457.2,0,0,0,0.0,1.1219,1.2914,4.1187
A,3,44,Balanced,0.34,0.33,18,300,5400,200.904,212.173,0.7816,22.202,20.699,11.614,9.7,30.2,35.3,66.1,3.854,3.1,8.2,11.2,14.4,86105.5,259470.5,0,0,0,0.0,1.1599,1.4928,3.1518
A,3,44,Balanced,0.34,0.33,19,300,5700,218.087,225.48,0.8025,20.279,19.77,12.664,10.6,33.5,40.8,52.7,3.813,3.0,7.9,13.2,28.7,78966.1,262238.0,0,0,0,0.0,1.2591,1.3635,3.0909
A,3,44,Balanced,0.34,0.33,20,300,6000,257.377,221.742,0.6815,22.053,19.403,13.119,10.7,34.2,40.7,45.3,3.931,3.1,8.9,11.1,12.8,76223.4,254366.5,0,0,0,0.0,1.486,1.4828,3.6666
A,3,44,Balanced,0.34,0.33,21,300,6300,68.212,76.311,1.808,21.692,19.663,15.532,7.0,25.4,41.8,1835.6,3.943,3.1,8.6,11.8,16.8,64384.6,253613.7,0,1,0,0.005102,0.3938,1.4585,3.5424
A,3,44,Balanced,0.34,0.33,22,300,6600,27.598,28.025,0.5724,21.124,19.867,4.673,3.7,9.7,21.1,31.8,3.802,3.0,8.3,12.0,15.0,213980.0,263042.7,0,0,0,0.0,0.1593,1.4203,1.7583
A,3,44,Balanced,0.34,0.33,23,300,6900,47.644,44.236,0.5693,21.297,20.754,9.685,4.4,10.4,20.7,1369.0,3.547,2.9,7.5,10.4,16.7,103255.9,281928.9,0,0,0,0.0,0.2751,1.432,1.9904
A,3,44,Balanced,0.34,0.33,24,300,7200,58.263,61.907,0.6208,21.421,19.195,6.292,5.3,11.8,18.8,84.9,3.751,2.9,8.8,11.3,16.2,158940.3,266571.9,0,0,0,0.0,0.3364,1.4403,1.6637
A,3,44,Balanced,0.34,0.33,25,300,7500,85.462,84.646,0.6472,20.505,19.445,6.545,6.0,12.4,14.1,17.6,3.472,2.8,7.4,11.1,13.7,152788.4,287990.6,0,0,0,0.0,0.4934,1.3787,1.2703
A,3,44,Balanced,0.34,0.33,26,300,7800,107.046,94.749,0.7267,20.716,19.974,7.611,7.0,14.9,18.3,58.8,3.63,3.0,7.8,10.0,11.7,131383.0,275456.8,0,0,0,0.0,0.618,1.3929,1.83
A,3,44,Balanced,0.34,0.33,27,300,8100,113.552,99.255,0.7944,20.167,19.417,8.035,7.0,17.6,22.8,30.2,3.538,2.9,7.8,12.6,14.5,124455.5,282618.9,0,0,0,0.0,0.6556,1.356,1.8095
A,3,44,Balanced,0.34,0.33,28,300,8400,134.28,138.375,0.8397,22,20.09,8.775,7.7,19.5,24.3,24.7,3.598,3.0,8.1,10.7,12.9,113955.8,277932.2,0,0,0,0.0,0.7753,1.4792,2.271
A,3,44,Balanced,0.34,0.33,29,300,8700,134.14,147.699,0.8504,21.974,19.478,14.336,8.4,22.5,29.2,1450.4,3.942,3.2,8.9,12.2,13.0,69752.8,253678.3,0,0,0,0.0,0.7745,1.4775,2.3934
A,3,44,Balanced,0.34,0.33,30,300,9000,176.8,161.898,0.7966,21.421,19.868,9.981,8.5,25.0,28.9,30.4,3.671,2.9,8.2,11.2,14.8,100187.0,272430.2,0,0,0,0.0,1.0208,1.4403,2.5804
A,3,44,Balanced,0.34,0.33,31,300,9300,163.74,171.915,0.7789,22.27,20.615,13.529,8.5,22.5,32.5,1030.4,3.78,3.0,8.3,10.3,11.8,73917.1,264527.2,0,0,0,0.0,0.9454,1.4974,3.1554
A,3,44,Balanced,0.34,0.33,32,300,9600,86.282,82.482,1.3537,20.709,19.66,6.196,3.5,18.4,32.6,34.8,3.466,2.8,7.4,9.2,9.5,161403.2,288489.6,0,0,0,0.0,0.4981,1.3924,3.5435
A,3,44,Balanced,0.34,0.33,33,300,9900,63.736,66.569,0.8869,20.978,20.057,4.911,4.3,9.5,16.6,18.4,3.27,2.8,6.6,8.3,11.1,203638.3,305810.6,0,0,0,0.0,0.368,1.4105,2.0
A,3,44,Balanced,0.34,0.33,34,300,10200,97.309,110.421,0.6802,21.073,20.074,7.181,6.3,13.8,23.6,91.2,3.734,3.2,7.7,12.1,12.6,139256.3,267809.2,0,0,0,0.0,0.5618,1.4169,1.9504
A,3,44,Balanced,0.34,0.33,35,300,10500,121.43,118.647,0.6512,21.527,21.014,12.201,6.4,15.2,17.9,1566.0,3.583,3.0,7.8,10.9,15.1,81962.7,279069.9,0,0,0,0.0,0.7011,1.4474,1.6422
A,3,44,Balanced,0.34,0.33,36,300,10800,159.794,136.507,0.6213,20.845,21.207,8.236,7.2,18.9,22.0,24.4,3.525,3.0,7.4,11.0,11.7,121413.3,283661.2,0,0,0,0.0,0.9226,1.4016,2.0
A,3,44,Balanced,0.34,0.33,37,300,11100,172.7,187.076,0.6248,22.578,19.876,10.047,9.1,21.0,33.4,111.3,3.863,2.9,8.9,13.6,15.0,99532.2,258865.9,0,0,0,0.0,0.9971,1.5181,2.4559
A,3,44,Balanced,0.34,0.33,38,300,11400,230.046,219.219,0.5691,20.343,18.578,11.481,10.2,25.6,31.4,32.1,3.666,3.0,8.0,9.7,13.0,87097.9,272777.1,0,0,0,0.0,1.3282,1.3678,3.2371
A,3,44,Balanced,0.34,0.33,39,300,11700,229.615,233.02,0.6888,21.271,19.882,12.001,10.3,31.9,36.1,62.8,3.723,3.0,8.7,12.9,14.1,83328.7,268576.4,0,0,0,0.0,1.3257,1.4302,2.7985
A,3,44,Balanced,0.34,0.33,40,300,12000,269.571,276.862,0.6882,21.562,19.713,13.4,11.4,36.4,40.9,41.8,3.685,3.0,8.4,10.9,11.5,74625.0,271395.0,0,0,0,0.0,1.5564,1.4498,3.7523
A,3,44,Balanced,0.34,0.33,41,300,12300,240.602,234.349,0.9048,20.519,20.156,20.517,10.9,38.6,46.9,2063.2,4.018,3.2,8.8,14.2,19.9,48739.3,248859.4,0,1,0,0.005208,1.3891,1.3796,3.3028
A,3,44,Balanced,0.34,0.33,42,300,12600,33.25,32.578,0.6304,21.344,20.456,6.719,5.1,16.7,31.8,71.2,3.601,3.0,8.1,11.2,11.7,148838.9,277675.2,0,0,0,0.0,0.192,1.4351,2.8393
A,3,44,Balanced,0.34,0.33,43,300,12900,36.959,35.272,0.7359,21.469,19.985,10.73,4.9,15.1,22.5,1421.2,3.906,3.1,9.1,10.8,15.3,93196.6,256038.4,0,0,0,0.0,0.2134,1.4435,2.0833
A,3,44,Balanced,0.34,0.33,44,300,13200,42.162,41.533,0.8523,19.495,19.046,6.132,5.4,12.7,19.9,58.1,3.513,2.9,7.0,9.1,9.8,163087.6,284684.3,0,0,0,0.0,0.2434,1.3108,2.1868
A,3,44,Balanced,0.34,0.33,45,300,13500,51.361,51.557,0.8966,21.074,19.885,7.134,6.1,16.1,22.2,27.2,4.045,3.2,8.7,13.3,16.4,140167.3,247198.4,0,0,0,0.0,0.2965,1.417,1.6692
A,3,44,Balanced,0.34,0.33,46,300,13800,43.385,47.497,1.0329,22.358,19.387,6.817,5.7,15.7,24.8,27.8,4.012,3.0,8.8,12.1,14.8,146699.3,249252.1,0,0,0,0.0,0.2505,1.5033,2.0496
A,3,44,Balanced,0.34,0.33,47,300,14100,64.444,64.047,0.9335,21.222,20.646,6.909,5.9,13.9,20.9,58.9,3.699,3.1,7.7,10.0,11.5,144731.7,270343.1,0,0,0,0.0,0.3721,1.4269,2.09
A,3,44,Balanced,0.34,0.33,48,300,14400,70.872,64.015,1.0463,21.926,20.558,13.322,6.0,17.9,31.5,1661.3,4.044,3.1,9.6,12.8,20.2,75065.7,247279.9,0,0,0,0.0,0.4092,1.4742,2.4609
A,3,44,Balanced,0.34,0.33,49,300,14700,74,76.356,1.0128,22.735,20.723,7.179,6.1,15.6,21.7,44.0,3.706,2.9,8.2,10.9,12.3,139295.1,269808.4,0,0,0,0.0,0.4272,1.5286,1.9908
A,3,44,Balanced,0.34,0.33,50,300,15000,84.009,81.438,1.0484,21.434,19.928,8.135,6.8,17.7,23.3,30.0,3.829,3.1,7.9,10.9,13.0,122920.6,261187.5,0,0,0,0.0,0.485,1.4412,2.1376
A,3,44,Balanced,0.34,0.33,51,300,15300,62.137,76.834,1.2182,20.916,19.39,7.126,5.5,16.3,25.1,56.9,3.878,3.0,9.3,13.5,18.3,140337.8,257842.7,0,0,0,0.0,0.3587,1.4063,1.8593
A,3,44,Balanced,0.34,0.33,52,300,15600,67.435,70.011,1.3391,20.626,20.568,5.85,3.8,15.6,25.0,44.4,3.832,3.1,8.2,10.7,13.0,170949.8,260960.4,0,0,0,0.0,0.3893,1.3868,2.3365
A,3,44,Balanced,0.34,0.33,53,300,15900,90.619,95.176,1.1227,21.204,20.802,6.735,5.0,19.3,26.8,39.2,3.958,3.2,8.4,11.7,14.5,148485.3,252674.3,0,0,0,0.0,0.5232,1.4257,2.2906
A,3,44,Balanced,0.34,0.33,54,300,16200,138.01,114.975,0.896,21.323,20.843,13.597,6.1,23.9,33.0,1718.3,3.746,3.0,8.7,10.8,14.1,73547.4,266951.4,0,0,0,0.0,0.7968,1.4337,3.0556
A,3,44,Balanced,0.34,0.33,55,300,16500,116.917,127.531,0.886,20.537,20.396,7.67,6.3,15.2,28.8,29.9,3.676,3.1,7.2,10.5,12.0,130378.1,272034.6,0,0,0,0.0,0.675,1.3809,2.7428
A,3,44,Balanced,0.34,0.33,56,300,16800,173,140.936,0.735,21.949,20.589,9.319,7.2,23.9,32.9,56.4,3.9,3.1,8.2,13.4,14.7,107311.5,256410.2,0,0,0,0.0,0.9988,1.4758,2.4552
A,3,44,Balanced,0.34,0.33,57,300,17100,164.947,171.301,0.7405,22.723,20.044,9.307,8.0,19.3,32.3,34.4,3.661,2.9,8.3,11.2,12.0,107449.8,273174.4,0,0,0,0.0,0.9523,1.5279,2.8839
A,3,44,Balanced,0.34,0.33,58,300,17400,162.4,169.142,0.7437,21.209,21.016,9.629,8.3,21.8,32.5,40.9,4.15,3.0,9.8,13.6,14.6,103849.3,240963.9,0,0,0,0.0,0.9376,1.426,2.3897
A,3,44,Balanced,0.34,0.33,59,300,17700,202.438,178.713,0.7199,20.991,19.989,16.844,9.0,28.1,37.4,1740.8,3.898,3.0,8.4,10.5,11.3,59369.5,256564.1,0,0,0,0.0,1.1688,1.4114,3.5619
A,3,44,Balanced,0.34,0.33,60,300,18000,221.05,213.06,0.7835,20.38,20.57,12.058,9.8,30.1,37.4,67.9,3.851,3.1,9.4,11.1,15.8,82930.2,259650.4,0,0,0,0.0,1.2762,1.3703,3.3694
A,3,44,Balanced,0.34,0.33,61,300,18300,141.4,152.852,1.1723,21.422,18.643,17.757,8.6,31.3,40.8,2083.6,3.573,2.8,8.1,10.2,11.9,56316.9,279876.9,0,1,0,0.004762,0.8164,1.4404,4.0
A,3,44,Balanced,0.34,0.33,62,300,18600,40.464,45.749,0.6131,21.423,20.68,10.29,5.1,18.1,33.3,1041.5,3.857,3.0,8.4,12.7,14.2,97178.6,259291.4,0,0,0,0.0,0.2336,1.4404,2.6221
A,3,44,Balanced,0.34,0.33,63,300,18900,53.68,52.89,0.6746,22.95,21.605,6.198,5.3,12.4,17.5,33.2,3.691,3.0,8.5,10.1,10.1,161333.5,270930.0,0,0,0,0.0,0.3099,1.5431,1.7327
A,3,44,Balanced,0.34,0.33,64,300,19200,62.274,65.187,0.9383,21.124,20.824,6.73,6.2,14.8,19.2,24.6,3.969,3.2,8.6,12.3,19.5,148588.3,251952.8,0,0,0,0.0,0.3595,1.4203,1.561
A,3,44,Balanced,0.34,0.33,65,300,19500,73.935,71.259,0.9095,23.196,20.86,12.357,5.7,15.1,22.2,1742.8,4.177,3.1,10.3,11.9,20.5,80925.8,239406.3,0,0,0,0.0,0.4269,1.5597,1.8655
A,3,44,Balanced,0.34,0.33,66,300,19800,77.908,76.526,1.0067,22.667,20.507,6.269,5.3,14.5,17.3,18.0,3.528,2.8,8.3,10.4,12.6,159523.6,283447.2,0,0,0,0.0,0.4498,1.524,1.6635
A,3,44,Balanced,0.34,0.33,67,300,20100,95.916,87.439,0.9373,20.695,20.927,7.703,6.4,17.4,26.3,43.9,3.922,3.0,8.3,13.7,35.7,129819.5,254994.0,0,0,0,0.0,0.5538,1.3915,1.9197
A,3,44,Balanced,0.34,0.33,68,300,20400,88.967,113.429,1.0609,21.044,19.881,8.028,6.9,16.8,24.8,78.0,3.617,3.0,7.8,11.4,12.9,124558.8,276498.0,0,0,0,0.0,0.5136,1.415,2.1755
A,3,44,Balanced,0.34,0.33,69,300,20700,112.99,126.029,1.0994,20.896,20.382,8.255,6.3,21.9,27.2,33.4,3.694,3.0,8.0,11.5,12.9,121143.6,270685.2,0,0,0,0.0,0.6523,1.405,2.3652
A,3,44,Balanced,0.34,0.33,70,300,21000,129.825,132.467,1.0089,21.184,20.051,9.377,7.5,24.3,30.4,82.9,3.786,3.1,8.1,10.4,11.6,106640.1,264154.0,0,0,0,0.0,0.7495,1.4244,2.9231
A,3,44,Balanced,0.34,0.33,71,300,21300,156.981,139.5,0.9901,20.963,19.714,15.095,7.2,27.9,32.3,1669.0,3.675,3.2,7.4,9.2,14.4,66245.6,272133.4,0,0,0,0.0,0.9063,1.4095,3.5109
A,3,44,Balanced,0.34,0.33,72,300,21600,137.137,142.624,1.1186,20.011,20.483,9.513,7.3,26.1,33.0,35.6,3.861,3.1,8.6,11.3,16.8,105123.0,258977.9,0,0,0,0.0,0.7918,1.3455,2.9204
A,3,44,Balanced,0.34,0.33,73,300,21900,170.13,171.161,1.023,20.759,20.922,10.542,8.1,31.1,40.0,70.6,3.752,3.1,8.0,11.8,14.3,94861.7,266524.4,0,0,0,0.0,0.9822,1.3958,3.3898
A,3,44,Balanced,0.34,0.33,74,300,22200,159.536,172.862,1.0639,20.696,20.739,10.825,7.8,32.3,40.6,46.8,4.062,3.2,8.5,12.7,13.6,92375.9,246184.0,0,0,0,0.0,0.9211,1.3916,3.1969
A,3,44,Balanced,0.34,0.33,75,300,22500,213.053,208.979,0.9684,21.77,20.011,12.472,9.6,38.1,45.3,55.6,3.95,3.2,8.4,11.7,20.0,80181.7,253186.1,0,0,0,0.0,1.2301,1.4638,3.8718
A,3,44,Balanced,0.34,0.33,76,300,22800,186.22,195.4,1.0272,19.54,20.11,18.025,9.2,34.1,50.0,1803.1,3.856,3.2,8.4,10.7,13.0,55478.5,259313.9,0,0,0,0.0,1.0751,1.3138,4.6729
A,3,44,Balanced,0.34,0.33,77,300,23100,242.7,244.07,0.9219,22.38,20.19,13.538,10.6,41.1,50.1,53.0,3.841,3.0,8.3,12.5,14.2,73864.3,260348.9,0,0,0,0.0,1.4012,1.5048,4.008
A,3,44,Balanced,0.34,0.33,78,300,23400,187.265,233.106,1.1819,20.529,20.843,11.906,8.5,32.0,52.8,54.7,3.873,3.1,8.7,10.5,12.6,83991.3,258175.4,0,0,0,0.0,1.0812,1.3803,5.0286
A,3,44,Balanced,0.34,0.33,79,300,23700,224.81,208.226,1.0661,21.714,19.954,12.8,8.8,39.5,54.6,66.6,3.945,3.0,8.4,13.7,16.9,78123.0,253506.9,0,0,0,0.0,1.2979,1.46,3.9854
A,3,44,Balanced,0.34,0.33,80,300,24000,190.267,217.886,1.1631,21.026,19.788,12.631,9.2,33.8,54.4,78.7,4.251,3.2,10.2,12.6,13.2,79172.4,235257.2,0,0,0,0.0,1.0985,1.4137,4.3175
A,3,44,Balanced,0.34,0.33,81,300,24300,293.969,255.728,1.0136,21.633,20.351,15.407,10.4,54.1,67.9,77.3,3.977,3.1,9.0,10.5,11.6,64906.9,251467.1,0,0,0,0.0,1.6972,1.4545,6.4666
A,3,44,Balanced,0.34,0.33,82,300,24600,51.944,61.498,2.355,21.157,20.081,18.31,4.7,23.2,58.8,2205.3,3.758,3.0,8.7,11.5,11.8,54616.0,266075.3,0,1,0,0.004739,0.2999,1.4226,5.113
A,3,44,Balanced,0.34,0.33,83,300,24900,33.592,34.518,0.571,21.087,20.31,7.758,5.5,17.5,25.2,200.7,4.899,3.1,8.9,13.8,266.2,128904.8,204109.4,0,0,0,0.0,0.1939,1.4179,1.8261
A,3,44,Balanced,0.34,0.33,84,100,25000,32.742,48.478,0.7495,19.903,20.942,7.248,5.5,17.4,45.5,45.5,3.661,3.1,8.5,11.8,11.8,137969.1,273149.1,0,0,0,0.0,0.189,1.3382,3.8559
A,3,44,Insert-heavy,0.15,0.7,1,300,300,29.977,40.992,0.5536,17.093,16.675,14.129,5.5,19.0,53.5,1954.5,2.586,2.2,3.3,4.7,1072.8,70774.7,386642.4,0,1,0,0.003891,0.1731,1.1493,11.3829
A,3,44,Insert-heavy,0.15,0.7,2,300,600,36.105,36.477,1.1756,18.921,17.546,10.972,4.5,15.5,32.4,1530.0,3.308,2.7,8.3,12.4,14.1,91143.8,302328.4,0,0,0,0.0,0.2085,1.2722,2.6129
A,3,44,Insert-heavy,0.15,0.7,3,300,900,74.156,58.486,0.7332,20.156,17.051,6.063,5.1,13.1,23.3,35.0,3.165,2.6,7.8,11.5,15.6,164934.8,315989.2,0,0,0,0.0,0.4281,1.3552,2.0261
A,3,44,Insert-heavy,0.15,0.7,4,300,1200,78.042,77.802,0.8476,19.104,17.758,10.51,6.0,15.5,30.5,1090.1,3.212,2.7,7.1,12.1,14.5,95150.5,311332.2,0,0,0,0.0,0.4506,1.2845,2.5207
A,3,44,Insert-heavy,0.15,0.7,5,300,1500,99.06,105.284,0.7941,19.04,17.384,248.023,6.6,18.5,27.1,70549.2,3.364,2.7,8.2,12.8,14.6,4031.9,297235.7,0,0,0,0.0,0.5719,1.2802,2.1172
A,3,44,Insert-heavy,0.15,0.7,6,300,1800,88.208,109.587,1.0761,17.438,17.758,8.15,6.9,18.2,28.2,80.7,3.305,2.7,7.4,15.8,23.3,122699.4,302571.8,0,0,0,0.0,0.5093,1.1725,1.7848
A,3,44,Insert-heavy,0.15,0.7,7,300,2100,110.945,83.004,1.1325,18.345,18.049,11.102,4.3,17.4,30.9,1409.9,3.081,2.6,6.7,11.7,12.5,90076.6,324605.5,0,0,0,0.0,0.6405,1.2335,2.641
A,3,44,Insert-heavy,0.15,0.7,8,300,2400,94.622,124.901,1.0894,17.135,17.357,7.664,6.5,15.8,23.8,30.9,3.377,2.8,7.7,14.3,33.5,130480.2,296120.7,0,0,0,0.0,0.5463,1.1521,1.6643
A,3,44,Insert-heavy,0.15,0.7,9,300,2700,150.147,133.977,0.9765,18.353,17,8.415,7.2,19.0,32.0,71.5,2.973,2.6,6.6,10.0,10.5,118840.2,336323.2,0,0,0,0.0,0.8669,1.234,3.2
A,3,44,Insert-heavy,0.15,0.7,10,300,3000,44.194,90.591,1.5028,18,17.799,13.607,4.8,17.9,38.6,1862.4,3.021,2.6,6.6,10.3,15.6,73493.4,331052.2,0,1,0,0.003717,0.2552,1.2103,3.7476
A,3,44,Insert-heavy,0.15,0.7,11,300,3300,46.231,47.484,0.8955,18.731,17.448,10.661,5.3,15.4,31.4,1205.1,3.23,2.7,7.1,10.3,11.3,93802.7,309629.7,0,0,0,0.0,0.2669,1.2594,3.0485
A,3,44,Insert-heavy,0.15,0.7,12,300,3600,75.528,67.324,0.8996,17.226,17.879,6.935,6.0,14.1,31.0,57.3,3.11,2.6,6.9,8.8,10.7,144196.1,321543.1,0,0,0,0.0,0.4361,1.1583,3.5227
A,3,44,Insert-heavy,0.15,0.7,13,300,3900,87.702,90.253,1.0879,19.17,17.257,6.74,6.2,14.8,21.0,22.6,3.139,2.7,6.8,10.8,11.7,148375.2,318539.1,0,0,0,0.0,0.5063,1.289,1.9444
A,3,44,Insert-heavy,0.15,0.7,14,300,4200,119.783,103.453,0.9522,19.239,16.768,11.438,5.6,18.7,32.1,1201.5,3.075,2.7,6.2,9.4,9.5,87430.4,325238.3,0,0,0,0.0,0.6916,1.2936,3.4149
A,3,44,Insert-heavy,0.15,0.7,15,300,4500,147.808,145.681,0.9044,19.135,17.359,8.884,6.9,19.4,38.9,65.5,3.325,2.8,7.2,10.2,23.4,112566.1,300752.0,0,0,0,0.0,0.8534,1.2866,3.8137
A,3,44,Insert-heavy,0.15,0.7,16,300,4800,156.979,179.147,0.985,17.333,17.548,9.436,7.6,18.6,31.4,64.1,3.109,2.7,6.0,9.2,11.0,105980.9,321681.6,0,0,0,0.0,0.9063,1.1654,3.4131
A,3,44,Insert-heavy,0.15,0.7,17,300,5100,186.257,193.404,0.8692,20.057,16.913,14.265,7.8,20.6,34.5,1316.6,3.106,2.8,6.9,11.1,15.0,70103.3,321923.2,0,0,0,0.0,1.0754,1.3486,3.1081
A,3,44,Insert-heavy,0.15,0.7,18,300,5400,235.197,211.029,0.9477,17.197,16.686,11.492,8.6,33.2,45.3,65.8,3.145,2.8,6.6,9.0,11.7,87014.5,317999.3,0,0,0,0.0,1.3579,1.1563,5.0334
A,3,44,Insert-heavy,0.15,0.7,19,300,5700,179.487,248.337,1.0763,17.205,16.241,11.652,9.5,24.2,43.6,52.2,3.136,2.7,6.9,10.0,10.7,85819.7,318844.0,0,0,0,0.0,1.0363,1.1568,4.36
A,3,44,Insert-heavy,0.15,0.7,20,300,6000,108.6,125.888,1.747,19.02,17.444,15.503,6.7,24.7,59.3,1721.6,3.405,2.8,7.4,13.4,16.6,64505.0,293657.1,0,1,0,0.004,0.627,1.2789,4.4254
A,3,44,Insert-heavy,0.15,0.7,21,300,6300,35.556,42.298,0.7928,20,16.502,12.125,5.6,18.3,36.4,1374.5,3.178,2.7,7.4,11.7,12.7,82474.3,314663.0,1,0,0,0.003922,0.2053,1.3447,3.1111
A,3,44,Insert-heavy,0.15,0.7,22,300,6600,43.86,42.374,0.7891,20.116,16.802,6.443,5.5,12.8,29.3,35.8,3.084,2.7,6.8,9.8,12.0,155215.1,324289.1,0,0,0,0.0,0.2532,1.3526,2.9898
A,3,44,Insert-heavy,0.15,0.7,23,300,6900,50.891,52.567,0.9627,17.348,17.524,12.233,5.8,18.6,25.5,1485.4,3.306,2.8,6.6,11.6,14.2,81748.3,302510.8,0,0,0,0.0,0.2938,1.1664,2.1983
A,3,44,Insert-heavy,0.15,0.7,24,300,7200,61.661,68.734,1.0037,17.644,17.846,5.686,5.1,11.7,15.8,16.9,3.18,2.6,6.7,10.1,11.9,175870.6,314432.5,0,0,0,0.0,0.356,1.1863,1.5644
A,3,44,Insert-heavy,0.15,0.7,25,300,7500,73.25,88.832,0.7452,16.091,17.895,6.206,5.2,11.4,18.8,60.8,3.08,2.7,6.4,11.1,14.4,161143.2,324710.5,0,0,0,0.0,0.4229,1.0819,1.6937
A,3,44,Insert-heavy,0.15,0.7,26,300,7800,122.848,132.445,0.5414,20.196,18.398,12.193,6.9,12.5,20.0,1467.2,3.086,2.6,7.0,11.0,11.4,82016.5,324079.0,0,0,0,0.0,0.7093,1.3579,1.8182
A,3,44,Insert-heavy,0.15,0.7,27,300,8100,154.51,165.669,0.7106,20.143,18.789,8.297,7.8,16.6,26.8,31.4,3.15,2.7,6.5,9.9,10.5,120530.3,317427.4,0,0,0,0.0,0.8921,1.3544,2.7071
A,3,44,Insert-heavy,0.15,0.7,28,300,8400,181.919,191.114,0.7579,18.081,18.487,8.948,8.0,16.8,25.8,32.1,2.975,2.6,5.8,10.9,12.0,111756.8,336135.5,0,0,0,0.0,1.0503,1.2157,2.367
A,3,44,Insert-heavy,0.15,0.7,29,300,8700,259.489,216.794,0.5969,20.468,18.929,21.606,10.0,28.8,37.7,1633.3,3.253,2.8,6.7,10.8,12.5,46283.4,307440.2,0,1,0,0.003953,1.4982,1.3762,3.4908
A,3,44,Insert-heavy,0.15,0.7,30,300,9000,36.714,54.143,0.6189,19.388,18.203,7.081,5.2,17.0,33.5,69.1,3.099,2.7,6.6,9.0,10.5,141223.0,322649.9,0,0,0,0.0,0.212,1.3036,3.7222
A,3,44,Insert-heavy,0.15,0.7,31,300,9300,63.804,70.65,0.8001,19.065,18.571,11.09,6.1,13.5,20.4,1262.4,3.137,2.8,6.3,9.4,12.8,90171.3,318741.8,1,0,0,0.003937,0.3684,1.2819,2.1702
A,3,44,Insert-heavy,0.15,0.7,32,300,9600,49.311,58.141,0.7554,17.689,18.659,6.685,5.7,13.0,23.1,55.7,3.034,2.7,5.7,8.4,9.2,149581.3,329633.9,0,0,0,0.0,0.2847,1.1894,2.75
A,3,44,Insert-heavy,0.15,0.7,33,300,9900,64.774,72.833,0.817,17.032,18.093,6.5,6.0,13.3,16.2,17.6,2.84,2.7,5.4,7.7,9.1,153838.2,352113.2,0,0,0,0.0,0.374,1.1452,2.1039
A,3,44,Insert-heavy,0.15,0.7,34,300,10200,76.733,91.78,1.0075,19.911,17.98,12.658,6.6,15.8,22.4,1543.5,3.184,2.8,6.8,8.7,12.3,79003.5,314103.8,0,0,0,0.0,0.443,1.3388,2.5747
A,3,44,Insert-heavy,0.15,0.7,35,300,10500,68.659,103.525,1.1975,19.951,17.672,6.945,6.4,13.9,20.0,22.0,2.99,2.6,6.0,9.3,10.4,143981.5,334410.7,0,0,0,0.0,0.3964,1.3415,2.1506
A,3,44,Insert-heavy,0.15,0.7,36,300,10800,98.225,129.7,1.0691,17.925,18.546,12.464,5.7,13.8,31.6,1624.4,3.134,2.7,6.8,10.2,11.5,80233.2,319046.7,0,0,0,0.0,0.5671,1.2052,3.098
A,3,44,Insert-heavy,0.15,0.7,37,300,11100,125.048,144.682,0.9883,18.452,18.729,7.568,5.7,14.5,28.0,75.0,3.059,2.7,6.3,9.5,12.8,132135.3,326868.6,0,0,0,0.0,0.722,1.2407,2.9474
A,3,44,Insert-heavy,0.15,0.7,38,300,11400,173.725,180.373,0.8737,20.431,18.57,9.195,7.3,20.8,40.9,46.7,3.315,2.8,7.4,10.1,11.4,108750.8,301628.3,0,0,0,0.0,1.003,1.3738,4.0495
A,3,44,Insert-heavy,0.15,0.7,39,300,11700,95.412,123.072,1.1601,19.392,18.285,18.25,6.1,25.3,72.1,1860.9,3.188,2.7,6.2,9.2,13.4,54793.5,313676.2,0,1,0,0.004016,0.5509,1.3039,7.837
A,3,44,Insert-heavy,0.15,0.7,40,300,12000,70.784,68.851,0.7432,20.882,18.924,5.642,4.9,10.9,17.1,60.8,3.232,2.7,6.9,11.2,12.3,177231.5,309374.8,0,0,0,0.0,0.4087,1.4041,1.5268
A,3,44,Insert-heavy,0.15,0.7,41,300,12300,129.425,101.788,0.7263,19.4,18.065,6.703,5.8,14.2,19.7,32.3,3.006,2.7,6.2,8.8,13.2,149179.4,332705.1,0,0,0,0.0,0.7472,1.3044,2.2386
A,3,44,Insert-heavy,0.15,0.7,42,300,12600,156.395,146.93,0.773,20.116,17.778,12.321,7.0,17.1,32.6,1281.5,3.04,2.7,6.2,9.5,9.9,81160.0,328983.1,0,0,0,0.0,0.9029,1.3526,3.4315
A,3,44,Insert-heavy,0.15,0.7,43,300,12900,181.83,187.636,0.8397,19.213,18.427,9.508,8.2,20.0,31.3,34.6,3.228,2.8,7.1,9.1,16.9,105174.6,309821.1,0,0,0,0.0,1.0498,1.2918,3.4395
A,3,44,Insert-heavy,0.15,0.7,44,300,13200,268.763,233.983,0.6918,20.339,18.465,16.138,9.5,31.7,40.8,1364.2,3.353,2.7,7.3,9.0,10.5,61965.5,298270.0,0,0,0,0.0,1.5517,1.3675,4.5333
A,3,44,Insert-heavy,0.15,0.7,45,300,13500,288.451,254.185,0.6697,20.373,18.361,12.242,10.6,26.1,39.2,46.7,3.215,2.8,7.0,10.1,11.9,81686.0,311042.0,0,0,0,0.0,1.6654,1.3698,3.8812
A,3,44,Insert-heavy,0.15,0.7,46,300,13800,224.913,231.15,1.0797,19.239,19.15,10.86,8.1,26.3,48.3,51.7,3.185,2.8,6.6,8.8,10.7,92083.8,314004.9,0,0,0,0.0,1.2985,1.2936,5.4887
A,3,44,Insert-heavy,0.15,0.7,47,300,14100,283.432,250.016,1.119,18.295,18.648,16.516,7.4,32.4,58.4,1477.5,3.025,2.7,5.8,9.2,11.1,60547.4,330578.5,0,0,0,0.0,1.6364,1.2301,6.3478
A,3,44,Insert-heavy,0.15,0.7,48,300,14400,262.182,327.699,1.1284,20.659,17.199,26.16,10.3,33.5,72.0,2125.0,3.39,2.8,8.1,11.8,12.5,38226.8,294956.2,0,1,0,0.003906,1.5137,1.3891,6.1017
A,3,44,Insert-heavy,0.15,0.7,49,300,14700,72.756,70.804,0.6274,19.511,19.145,6.582,5.0,15.1,52.2,66.1,3.458,2.8,7.7,11.7,18.3,151937.1,289157.0,0,0,0,0.0,0.4201,1.3119,4.4616
A,3,44,Insert-heavy,0.15,0.7,50,300,15000,66.024,69.388,0.5851,20.143,18.547,11.123,5.1,10.9,33.4,1608.7,3.091,2.6,7.5,10.0,12.9,89901.1,323554.4,1,0,0,0.003876,0.3812,1.3544,3.34
A,3,44,Insert-heavy,0.15,0.7,51,300,15300,82.174,113.803,0.6655,19.304,18.732,6.326,6.4,9.9,13.1,15.4,3.03,2.6,6.3,9.2,13.0,158086.1,330032.9,0,0,0,0.0,0.4744,1.298,1.4239
A,3,44,Insert-heavy,0.15,0.7,52,300,15600,95.636,129.645,0.9127,20.327,18.992,12.74,7.0,14.6,22.4,1608.5,3.371,2.8,7.5,11.8,12.8,78492.9,296618.5,1,0,0,0.004082,0.5522,1.3668,1.8983
A,3,44,Insert-heavy,0.15,0.7,53,300,15900,91.885,139.403,0.7561,19.75,18.504,7.256,6.5,13.3,17.2,18.6,3.142,2.6,7.2,8.9,10.4,137810.6,318302.2,0,0,0,0.0,0.5305,1.3279,1.9326
A,3,44,Insert-heavy,0.15,0.7,54,300,16200,113.878,166.637,0.865,20.306,18.594,8.298,7.4,16.1,22.9,23.9,3.208,2.7,7.0,10.1,11.8,120506.1,311720.3,0,0,0,0.0,0.6575,1.3653,2.2673
A,3,44,Insert-heavy,0.15,0.7,55,300,16500,147.275,185.762,0.721,21.375,19.108,13.367,7.8,16.6,26.7,1471.0,3.091,2.7,7.2,9.2,11.2,74809.2,323520.0,0,0,0,0.0,0.8503,1.4372,2.9021
A,3,44,Insert-heavy,0.15,0.7,56,300,16800,142.348,237.717,0.7482,19.239,18.965,10.154,8.8,20.6,29.1,33.4,3.195,2.8,6.6,9.1,9.3,98486.6,313021.6,0,0,0,0.0,0.8218,1.2936,3.1978
A,3,44,Insert-heavy,0.15,0.7,57,300,17100,171.412,239.369,0.8508,19.431,18.888,10.422,8.8,22.9,33.8,35.9,3.189,2.7,7.0,8.7,10.9,95947.9,313544.8,0,0,0,0.0,0.9896,1.3065,3.885
A,3,44,Insert-heavy,0.15,0.7,58,300,17400,122.812,186.655,1.149,21.5,18.722,17.994,9.1,25.6,38.8,2039.2,3.342,2.8,7.3,9.3,11.9,55574.1,299252.0,0,1,0,0.003968,0.7091,1.4456,4.172
A,3,44,Insert-heavy,0.15,0.7,59,300,17700,24.256,32.782,0.7051,19.419,18.77,10.641,4.2,18.4,33.4,1131.6,3.204,2.7,6.6,10.3,15.1,93976.1,312077.7,1,0,0,0.003891,0.14,1.3057,3.2427
A,3,44,Insert-heavy,0.15,0.7,60,300,18000,31.898,41.637,0.6428,22.184,18.263,5.925,4.8,13.9,25.3,42.4,3.308,2.7,8.1,10.6,11.8,168767.0,302266.6,0,0,0,0.0,0.1842,1.4916,2.3868
A,3,44,Insert-heavy,0.15,0.7,61,300,18300,51.25,60.538,0.8252,19.944,19.466,6.722,5.6,15.2,23.6,32.9,3.076,2.7,6.4,9.7,12.1,148772.6,325097.1,0,0,0,0.0,0.2959,1.341,2.433
A,3,44,Insert-heavy,0.15,0.7,62,300,18600,44.83,57.121,0.7768,20.642,18.996,11.649,5.8,18.1,29.2,1382.5,3.526,2.9,8.4,12.0,16.5,85846.7,283607.7,1,0,0,0.004049,0.2588,1.3879,2.4333
A,3,44,Insert-heavy,0.15,0.7,63,300,18900,46.426,63.514,0.6841,22.83,19.439,6.99,5.9,15.6,27.5,57.9,3.317,2.8,8.3,10.5,11.9,143068.3,301447.0,0,0,0,0.0,0.268,1.535,2.619
A,3,44,Insert-heavy,0.15,0.7,64,300,19200,58.861,79.754,0.7898,21.083,18.557,13.435,6.1,17.1,23.9,1845.1,3.141,2.7,6.7,11.7,17.3,74432.4,318369.8,0,0,0,0.0,0.3398,1.4176,2.0427
A,3,44,Insert-heavy,0.15,0.7,65,300,19500,54.746,77.934,0.8697,20.949,19.249,7.475,6.2,14.6,22.7,57.6,3.429,2.8,7.7,12.8,13.6,133779.2,291658.5,0,0,0,0.0,0.3161,1.4086,1.7734
A,3,44,Insert-heavy,0.15,0.7,66,300,19800,62.75,90.82,0.8629,18.455,18.598,6.727,6.2,12.9,18.0,20.8,3.106,2.7,6.2,12.1,13.1,148662.2,321922.9,0,0,0,0.0,0.3623,1.2408,1.4876
A,3,44,Insert-heavy,0.15,0.7,67,300,20100,52.811,82.939,0.9808,20.208,18.583,12.485,5.2,14.5,57.0,1683.0,3.404,2.9,7.8,11.5,14.8,80096.1,293772.1,0,0,0,0.0,0.3049,1.3587,4.9565
A,3,44,Insert-heavy,0.15,0.7,68,300,20400,54.784,66.94,1.3008,19.784,17.554,13.463,5.2,21.0,38.0,1814.2,3.24,2.7,7.1,11.8,11.9,74277.6,308673.3,0,1,0,0.004016,0.3163,1.3302,3.2203
A,3,44,Insert-heavy,0.15,0.7,69,300,20700,49.804,47.559,0.7899,19.587,19,7.277,5.6,16.7,24.8,35.3,3.314,2.9,6.8,11.4,12.4,137425.6,301719.9,0,0,0,0.0,0.2875,1.317,2.1754
A,3,44,Insert-heavy,0.15,0.7,70,300,21000,39.089,36.447,0.9861,20.661,18.168,10.978,5.4,15.2,19.4,1324.6,3.3,2.8,6.8,9.9,11.9,91091.3,303060.9,1,0,0,0.004098,0.2257,1.3892,1.9596
A,3,44,Insert-heavy,0.15,0.7,71,300,21300,34.457,40.909,0.6942,19.429,18.838,7.499,5.5,17.4,40.7,60.1,3.163,2.7,6.6,10.8,14.7,133357.0,316188.9,0,0,0,0.0,0.1989,1.3063,3.7685
A,3,44,Insert-heavy,0.15,0.7,72,300,21600,34.652,50.524,0.5762,20.696,19.783,11.437,5.6,15.3,34.0,1366.6,3.184,2.8,6.8,9.2,11.8,87438.1,314103.3,0,0,0,0.0,0.2001,1.3915,3.6957
A,3,44,Insert-heavy,0.15,0.7,73,300,21900,54.917,56.698,0.72,19.354,18.79,7.548,6.1,16.2,20.3,50.2,3.191,2.8,6.6,10.9,13.1,132479.6,313381.5,0,0,0,0.0,0.3171,1.3013,1.8624
A,3,44,Insert-heavy,0.15,0.7,74,300,22200,62.14,64.502,0.8073,20.814,19.117,7.338,6.0,16.4,22.7,24.2,3.174,2.7,7.0,9.2,14.6,136270.7,315092.4,0,0,0,0.0,0.3588,1.3995,2.4674
A,3,44,Insert-heavy,0.15,0.7,75,300,22500,52.447,80.087,0.8062,21,18.312,12.984,6.4,18.2,28.8,1482.4,3.298,2.8,7.1,11.3,14.8,77019.9,303183.4,0,0,0,0.0,0.3028,1.412,2.5487
A,3,44,Insert-heavy,0.15,0.7,76,300,22800,69.362,79.996,0.7875,19.064,18.668,8.946,7.4,19.7,27.2,34.6,3.279,2.7,7.9,10.3,11.9,111785.9,305001.9,0,0,0,0.0,0.4005,1.2818,2.6408
A,3,44,Insert-heavy,0.15,0.7,77,300,23100,72.524,93.694,0.9868,19.833,19.411,8.259,7.2,16.8,21.3,25.2,3.159,2.8,6.3,9.1,11.2,121084.9,316522.4,0,0,0,0.0,0.4187,1.3335,2.3407
A,3,44,Insert-heavy,0.15,0.7,78,300,23400,32.043,33.48,1.2755,21.87,19.287,17.235,6.9,18.6,26.0,2522.1,3.333,2.8,7.2,13.5,18.2,58020.3,300060.1,0,1,0,0.003937,0.185,1.4705,1.9259
A,3,44,Insert-heavy,0.15,0.7,79,300,23700,26.089,30.902,0.8054,18.875,18.176,9.957,4.4,16.8,38.9,1165.3,3.327,2.8,7.9,10.3,24.1,100435.2,300600.8,0,0,0,0.0,0.1506,1.2691,3.7767
A,3,44,Insert-heavy,0.15,0.7,80,300,24000,97.467,91.604,0.7105,19.067,17.361,6.351,5.7,12.4,17.1,20.4,3.18,2.7,7.0,11.0,14.0,157463.9,314432.7,0,0,0,0.0,0.5627,1.282,1.5546
A,3,44,Insert-heavy,0.15,0.7,81,300,24300,178.958,171.925,0.6824,19.438,18.282,9.093,8.5,17.9,28.0,61.9,3.165,2.7,6.8,9.1,10.9,109970.6,315955.8,0,0,0,0.0,1.0332,1.3069,3.0769
A,3,44,Insert-heavy,0.15,0.7,82,300,24600,229.756,263.51,0.8157,19.512,18.714,18.235,11.1,23.4,37.0,1979.7,3.189,2.8,6.6,9.7,13.7,54840.6,313577.9,0,0,0,0.0,1.3265,1.3119,3.8144
A,3,44,Insert-heavy,0.15,0.7,83,300,24900,392.762,334.26,0.5648,18.833,19.008,15.321,13.3,36.2,53.4,137.5,3.272,2.8,6.9,9.3,14.9,65271.3,305592.2,0,0,0,0.0,2.2676,1.2663,5.7419
A,3,44,Insert-heavy,0.15,0.7,84,100,25000,355.167,391.523,0.8312,18.833,17,15.719,14.8,28.6,58.8,58.8,3.085,2.7,6.1,12.0,12.0,63617.3,324149.6,0,0,0,0.0,2.0506,1.2663,4.9
A,3,44,Write-heavy,0.1,0.5,1,300,300,25.781,37.866,0.6828,22.625,19.455,13.484,4.9,18.7,29.0,1924.3,2.609,2.2,3.3,4.4,2131.5,74162.0,383271.1,0,1,0,0.003731,0.1488,1.5212,6.591
A,3,44,Write-heavy,0.1,0.5,2,300,600,33.029,37.192,0.7466,19.353,19.023,7.136,4.9,22.4,32.6,84.1,2.909,2.5,6.6,10.1,15.0,140134.3,343760.5,0,0,0,0.0,0.1907,1.3012,3.2277
A,3,44,Write-heavy,0.1,0.5,3,300,900,37.846,41.018,0.7706,21.269,19.555,9.917,4.9,13.3,20.0,1259.2,2.691,2.5,6.0,8.5,11.3,100840.3,371654.8,0,0,0,0.0,0.2185,1.4301,2.353
A,3,44,Write-heavy,0.1,0.5,4,300,1200,38.821,43.943,0.9432,21.385,18.889,6.298,5.1,14.1,29.7,67.7,2.917,2.4,7.0,9.1,14.3,158772.1,342857.4,0,0,0,0.0,0.2241,1.4378,3.2638
A,3,44,Write-heavy,0.1,0.5,5,300,1500,45.273,46.06,0.9994,19.364,20.056,4.954,4.2,10.6,16.2,19.1,2.746,2.5,5.3,8.4,10.8,201857.2,364165.8,0,0,0,0.0,0.2614,1.302,1.9286
A,3,44,Write-heavy,0.1,0.5,6,300,1800,69.241,65.638,0.9713,20.69,19.45,9.35,4.8,10.7,16.2,1203.9,2.592,2.4,5.1,7.1,7.6,106955.7,385852.1,0,0,0,0.0,0.3998,1.3911,2.2817
A,3,44,Write-heavy,0.1,0.5,7,300,2100,75,79.318,0.9395,20.231,19.42,5.961,5.5,11.6,15.5,19.7,2.715,2.5,5.5,8.1,9.0,167747.8,368370.0,0,0,0,0.0,0.433,1.3603,1.9136
A,3,44,Write-heavy,0.1,0.5,8,300,2400,113.138,92.738,0.7525,21,19.306,6.577,5.8,11.8,20.0,62.1,2.672,2.5,5.0,7.6,13.1,152052.6,374298.3,0,0,0,0.0,0.6532,1.412,2.6316
A,3,44,Write-heavy,0.1,0.5,9,300,2700,76.767,112.322,1.1829,22.167,19.741,6.883,6.5,12.5,19.5,21.6,2.761,2.5,5.9,9.8,11.6,145292.6,362187.0,0,0,0,0.0,0.4432,1.4904,1.9898
A,3,44,Write-heavy,0.1,0.5,10,300,3000,98.182,98.618,1.0618,22.424,19.835,10.771,5.1,13.4,22.6,1313.4,2.849,2.5,6.0,11.8,12.4,92839.0,351041.2,0,0,0,0.0,0.5669,1.5077,1.9153
A,3,44,Write-heavy,0.1,0.5,11,300,3300,101,102.48,1.2016,20.333,19.392,6.007,4.8,12.8,22.5,26.3,2.667,2.5,5.6,7.6,9.7,166463.0,374906.5,0,0,0,0.0,0.5831,1.3672,2.9605
A,3,44,Write-heavy,0.1,0.5,12,300,3600,105.677,118.208,1.0262,19.419,18.788,6.929,5.5,15.1,23.9,43.0,2.909,2.6,6.1,11.2,16.2,144327.9,343800.2,0,0,0,0.0,0.6101,1.3057,2.1339
A,3,44,Write-heavy,0.1,0.5,13,300,3900,116.97,148.06,1.0294,18.606,18.674,7.677,6.9,16.1,25.6,35.6,2.833,2.5,6.1,9.6,12.1,130253.5,352941.2,0,0,0,0.0,0.6753,1.251,2.6667
A,3,44,Write-heavy,0.1,0.5,14,300,4200,82.414,108.531,1.0288,17.655,20.133,14.275,5.6,16.5,35.3,2164.7,2.798,2.6,5.8,9.2,11.1,70052.6,357440.5,0,1,0,0.00369,0.4758,1.1871,3.8369
A,3,44,Write-heavy,0.1,0.5,15,300,4500,68.192,75.515,0.7987,18.154,18.894,5.726,5.0,10.8,29.9,30.7,2.645,2.5,5.1,7.8,8.4,174652.2,378071.7,0,0,0,0.0,0.3937,1.2206,3.8334
A,3,44,Write-heavy,0.1,0.5,16,300,4800,61.5,71.19,0.6795,20.538,19.241,9.075,4.9,8.7,13.3,1206.4,2.727,2.5,5.4,9.2,10.1,110188.8,366658.5,1,0,0,0.00365,0.3551,1.381,1.4457
A,3,44,Write-heavy,0.1,0.5,17,300,5100,76.786,99.36,0.7267,19.964,19.688,5.841,5.9,9.7,16.3,19.1,2.764,2.6,5.5,8.6,10.4,171203.6,361838.0,0,0,0,0.0,0.4433,1.3423,1.8954
A,3,44,Write-heavy,0.1,0.5,18,300,5400,85.314,115.113,0.7942,21.971,19.419,6.77,6.4,11.3,17.4,57.7,2.864,2.6,6.0,8.5,10.6,147717.8,349202.3,0,0,0,0.0,0.4926,1.4773,2.047
A,3,44,Write-heavy,0.1,0.5,19,300,5700,118.882,122.515,0.7499,18.647,19.414,12.472,7.1,16.4,29.6,1443.8,2.946,2.6,6.1,10.1,13.9,80181.7,339443.2,0,0,0,0.0,0.6864,1.2538,2.9307
A,3,44,Write-heavy,0.1,0.5,20,300,6000,165.03,154.966,0.6754,21.576,20.21,8.016,7.8,13.4,25.4,27.8,2.834,2.5,6.4,8.9,12.6,124755.7,352899.5,0,0,0,0.0,0.9528,1.4507,2.8539
A,3,44,Write-heavy,0.1,0.5,21,300,6300,141.088,193.252,0.8371,22.118,19.376,9.064,8.8,15.4,22.9,33.4,2.901,2.6,6.3,8.2,9.4,110330.6,344709.1,0,0,0,0.0,0.8146,1.4871,2.7927
A,3,44,Write-heavy,0.1,0.5,22,300,6600,191.406,212.694,0.8534,19.625,18.731,9.899,9.2,18.7,32.8,55.9,2.851,2.6,6.3,9.7,11.7,101020.3,350713.0,0,0,0,0.0,1.1051,1.3195,3.3815
A,3,44,Write-heavy,0.1,0.5,23,300,6900,130.68,184.269,0.7608,21.24,18.935,14.072,7.4,16.6,26.5,1662.1,2.792,2.5,5.4,10.0,15.7,71061.5,358208.8,1,0,0,0.003636,0.7545,1.4281,2.65
A,3,44,Write-heavy,0.1,0.5,24,300,7200,127.75,210.798,0.8836,22.571,19.618,9.091,8.0,17.9,23.1,29.0,2.861,2.5,6.6,10.6,11.7,109994.8,349487.2,0,0,0,0.0,0.7376,1.5176,2.1792
A,3,44,Write-heavy,0.1,0.5,25,300,7500,166,203.648,0.684,21.939,19.03,9.452,7.9,20.7,26.3,65.7,2.929,2.5,6.6,10.5,12.8,105801.4,341453.1,0,0,0,0.0,0.9584,1.4751,2.5047
A,3,44,Write-heavy,0.1,0.5,26,300,7800,155.72,203.015,0.7305,20.88,19.364,12.556,7.5,19.3,29.4,1036.3,2.665,2.4,5.9,8.2,9.7,79645.3,375234.8,0,0,0,0.0,0.899,1.4039,3.5854
A,3,44,Write-heavy,0.1,0.5,27,300,8100,135.289,198.645,0.9752,18.658,19.79,17.789,8.4,23.6,37.4,2197.1,2.98,2.6,6.0,10.4,13.9,56214.5,335570.0,0,1,0,0.003817,0.7811,1.2545,3.5962
A,3,44,Write-heavy,0.1,0.5,28,300,8400,25.533,29.252,0.5855,19.133,19.541,11.934,6.4,17.1,21.9,1147.9,2.786,2.5,5.8,9.2,10.5,83794.2,358894.5,0,0,0,0.0,0.1474,1.2865,2.3804
A,3,44,Write-heavy,0.1,0.5,29,300,8700,22.609,27.993,0.476,21.478,20.101,7.971,6.4,16.4,22.6,28.2,2.803,2.5,5.3,8.9,17.8,125454.8,356718.1,0,0,0,0.0,0.1305,1.4441,2.5393
A,3,44,Write-heavy,0.1,0.5,30,300,9000,23.032,30.535,0.6188,21.226,19.796,7.987,6.5,15.9,20.3,21.7,2.899,2.6,5.5,11.0,12.6,125198.3,344985.9,0,0,0,0.0,0.133,1.4272,1.8454
A,3,44,Write-heavy,0.1,0.5,31,300,9300,21.424,27.461,0.698,19.758,19.382,7.71,6.6,16.0,22.5,33.4,2.948,2.6,6.0,8.9,14.0,129696.1,339213.1,0,0,0,0.0,0.1237,1.3284,2.5281
A,3,44,Write-heavy,0.1,0.5,32,300,9600,29.828,30.365,0.7215,21.138,20.314,10.653,5.0,13.6,19.1,1354.6,2.91,2.7,5.4,9.6,14.0,93873.2,343682.1,0,0,0,0.0,0.1722,1.4213,1.9896
A,3,44,Write-heavy,0.1,0.5,33,300,9900,39.455,44.109,0.8078,20.485,18.993,6.569,5.8,13.7,18.9,22.1,2.808,2.6,5.7,8.2,10.7,152230.1,356167.8,0,0,0,0.0,0.2278,1.3773,2.3049
A,3,44,Write-heavy,0.1,0.5,34,300,10200,78.143,57.026,0.6971,21.086,18.675,7.493,6.7,15.2,21.4,22.1,2.856,2.5,6.2,9.5,10.0,133452.0,350099.1,0,0,0,0.0,0.4512,1.4177,2.2526
A,3,44,Write-heavy,0.1,0.5,35,300,10500,76.722,76.837,0.9157,21.972,18.917,7.757,6.9,15.3,17.9,21.9,2.885,2.6,6.0,9.1,11.0,128921.4,346579.7,0,0,0,0.0,0.443,1.4774,1.967
A,3,44,Write-heavy,0.1,0.5,36,300,10800,76.96,81.804,1.2467,20.16,19.735,13.596,7.7,16.5,21.2,1598.8,2.836,2.6,5.9,10.1,16.3,73551.0,352568.4,0,0,0,0.0,0.4443,1.3555,2.099
A,3,44,Write-heavy,0.1,0.5,37,300,11100,126.708,94.23,0.9731,18.333,19.536,9.021,8.0,17.6,23.2,25.9,2.952,2.6,5.9,9.2,11.2,110856.5,338753.5,0,0,0,0.0,0.7316,1.2327,2.5217
A,3,44,Write-heavy,0.1,0.5,38,300,11400,75.7,85.289,1.2083,24.9,19.407,8.132,6.6,20.8,34.7,62.6,3.027,2.7,6.5,12.8,16.2,122965.9,330396.8,0,0,0,0.0,0.4371,1.6742,2.7109
A,3,44,Write-heavy,0.1,0.5,39,300,11700,57.857,51.426,0.7357,20.036,19.408,10.772,4.4,12.2,17.5,1635.4,2.75,2.5,5.8,9.5,10.3,92836.1,363680.3,0,0,0,0.0,0.334,1.3471,1.8421
A,3,44,Write-heavy,0.1,0.5,40,300,12000,78.04,93.356,0.7967,22.4,20.4,6.857,6.2,13.0,19.9,85.2,2.877,2.6,6.3,10.0,10.5,145843.5,347624.6,0,0,0,0.0,0.4506,1.5061,1.99
A,3,44,Write-heavy,0.1,0.5,41,300,12300,39.321,36.879,1.3851,20.571,20.471,15.884,5.7,18.2,33.9,2598.4,2.956,2.7,6.2,9.4,12.6,62957.8,338256.7,0,1,0,0.003676,0.227,1.3832,3.6064
A,3,44,Write-heavy,0.1,0.5,42,300,12600,39.054,41.977,0.6332,22.622,20.916,5.229,4.1,11.3,18.2,34.9,3.072,2.6,6.7,9.7,14.0,191241.2,325520.6,0,0,0,0.0,0.2255,1.521,1.8763
A,3,44,Write-heavy,0.1,0.5,43,300,12900,55.444,55.062,0.9662,17.852,19.989,11.42,4.8,13.8,35.5,1576.0,2.857,2.7,5.9,8.3,9.3,87563.1,349976.6,0,0,0,0.0,0.3201,1.2003,4.2771
A,3,44,Write-heavy,0.1,0.5,44,300,13200,38,41.283,0.5737,19.625,19.88,5.086,3.8,11.6,21.7,36.7,2.712,2.5,4.9,8.3,9.6,196618.0,368777.2,0,0,0,0.0,0.2194,1.3195,2.6144
A,3,44,Write-heavy,0.1,0.5,45,300,13500,88.194,84.673,0.7456,19.968,20.368,6.713,5.8,13.3,21.9,36.0,3.092,2.7,7.1,12.2,18.0,148972.0,323380.4,0,0,0,0.0,0.5092,1.3426,1.7951
A,3,44,Write-heavy,0.1,0.5,46,300,13800,127.567,119.078,0.7888,18.433,19.948,7.651,7.4,13.8,20.8,40.6,2.752,2.6,4.9,8.2,10.4,130701.9,363372.3,0,0,0,0.0,0.7365,1.2394,2.5366
A,3,44,Write-heavy,0.1,0.5,47,300,14100,148.97,163.296,0.9008,20.909,20.584,17.811,8.2,18.2,34.1,1763.9,2.913,2.6,6.4,9.6,10.7,56144.0,343327.4,0,0,0,0.0,0.8601,1.4059,3.5521
A,3,44,Write-heavy,0.1,0.5,48,300,14400,206.7,183.522,0.8448,20.6,20.522,9.625,9.2,17.2,32.4,36.0,2.9,2.7,6.2,8.1,11.1,103892.5,344787.7,0,0,0,0.0,1.1934,1.3851,4.0
A,3,44,Write-heavy,0.1,0.5,49,300,14700,230.346,180.755,0.8977,20.269,20.215,10.208,9.4,22.5,38.4,50.5,3.078,2.7,5.9,10.6,45.8,97965.6,324851.0,0,0,0,0.0,1.3299,1.3629,3.6227
A,3,44,Write-heavy,0.1,0.5,50,300,15000,25.179,27.981,0.8545,23.308,19.935,4.443,3.2,11.1,17.9,23.6,2.925,2.5,6.3,10.0,13.2,225073.1,341880.5,0,0,0,0.0,0.1454,1.5671,1.79
A,3,44,Write-heavy,0.1,0.5,51,300,15300,48.75,51.254,0.8501,17.929,20.441,11.496,4.3,11.5,38.0,1718.9,2.775,2.6,4.9,7.8,8.1,86989.3,360360.4,0,0,0,0.0,0.2815,1.2055,4.8718
A,3,44,Write-heavy,0.1,0.5,52,300,15600,126.815,97.886,0.5063,23.667,19.978,6.592,6.1,12.6,18.5,23.1,2.839,2.5,6.3,10.0,11.4,151699.0,352278.0,0,0,0,0.0,0.7322,1.5913,1.85
A,3,44,Write-heavy,0.1,0.5,53,300,15900,130.92,122.753,0.6723,20.4,19.789,7.562,7.4,13.0,18.0,21.0,2.758,2.6,5.2,7.7,10.5,132234.4,362538.1,0,0,0,0.0,0.7559,1.3716,2.3377
A,3,44,Write-heavy,0.1,0.5,54,300,16200,72.1,94.822,1.4043,20.333,20.685,20.451,6.3,24.5,78.1,2276.4,3.007,2.6,6.6,9.3,18.9,48898.2,332519.9,0,1,0,0.003704,0.4163,1.3672,8.3979
A,3,44,Write-heavy,0.1,0.5,55,300,16500,44.643,40.522,0.6493,22,21.375,6.49,4.7,15.7,35.0,40.1,2.873,2.7,5.8,9.0,9.9,154091.2,348027.8,0,0,0,0.0,0.2577,1.4792,3.8889
A,3,44,Write-heavy,0.1,0.5,56,300,16800,38.194,52.394,0.8567,23.278,21.004,7.135,5.4,18.5,27.7,44.8,3.263,2.7,8.6,11.2,12.3,140160.7,306435.2,0,0,0,0.0,0.2205,1.5651,2.4732
A,3,44,Write-heavy,0.1,0.5,57,300,17100,48.367,54.193,1.0301,22.133,21.211,5.006,3.8,12.1,18.2,36.9,2.818,2.5,5.7,9.4,9.8,199773.6,354904.0,0,0,0,0.0,0.2792,1.4882,1.9362
A,3,44,Write-heavy,0.1,0.5,58,300,17400,64.444,66.311,0.8979,21.815,20.971,10.096,4.2,11.7,42.0,1469.7,3.051,2.6,6.0,12.1,22.7,99045.9,327725.7,0,0,0,0.0,0.3721,1.4668,3.471
A,3,44,Write-heavy,0.1,0.5,59,300,17700,88,94.977,0.6653,22,20.932,5.456,5.0,10.3,14.5,16.0,2.916,2.5,7.0,9.3,11.3,183273.2,342974.8,0,0,0,0.0,0.5081,1.4792,1.5591
A,3,44,Write-heavy,0.1,0.5,60,300,18000,163.217,117.22,0.6874,21.783,20.332,6.473,5.8,12.0,21.3,21.8,2.789,2.5,5.6,9.5,10.8,154487.9,358508.6,0,0,0,0.0,0.9423,1.4646,2.2421
A,3,44,Write-heavy,0.1,0.5,61,300,18300,168.154,150.923,0.5779,21.769,20.007,14.158,6.9,13.9,31.7,1922.8,2.882,2.6,5.8,9.7,13.8,70629.8,347021.5,0,0,0,0.0,0.9708,1.4637,3.2681
A,3,44,Write-heavy,0.1,0.5,62,300,18600,148.471,170.812,0.9053,23.735,19.951,8.169,7.4,14.6,27.6,58.1,2.91,2.5,6.1,10.2,16.9,122409.0,343682.2,0,0,0,0.0,0.8572,1.5959,2.7059
A,3,44,Write-heavy,0.1,0.5,63,300,18900,179.333,188.966,0.6875,21.278,20.682,8.946,8.2,16.8,26.2,65.1,3.227,2.7,7.2,16.7,19.5,111786.0,309885.6,0,0,0,0.0,1.0354,1.4307,1.5689
A,3,44,Write-heavy,0.1,0.5,64,300,19200,259.548,225.506,0.6723,23.484,20.55,10.14,9.1,22.7,32.8,34.9,2.905,2.5,6.5,9.3,11.4,98619.4,344194.3,0,0,0,0.0,1.4985,1.579,3.5269
A,3,44,Write-heavy,0.1,0.5,65,300,19500,278.417,238.779,0.7251,24.25,20.649,17.178,9.1,20.9,37.2,2033.7,2.943,2.7,5.9,10.8,11.8,58212.8,339751.1,0,0,0,0.0,1.6074,1.6305,3.4445
A,3,44,Write-heavy,0.1,0.5,66,300,19800,235,265.536,0.7947,19.577,20.938,10.909,10.0,21.0,42.5,46.4,2.946,2.7,5.4,10.3,18.3,91667.4,339404.6,0,0,0,0.0,1.3568,1.3163,4.1262
A,3,44,Write-heavy,0.1,0.5,67,300,20100,182.657,199.894,1.0915,24.314,20.698,18.893,9.9,24.2,54.6,2331.3,3.21,2.7,8.1,12.3,14.8,52930.6,311493.9,0,1,0,0.003774,1.0546,1.6348,4.439
A,3,44,Write-heavy,0.1,0.5,68,300,20400,30.903,31.056,0.8754,21.323,21.283,10.187,4.0,18.7,37.1,1214.1,3.127,2.8,7.4,11.1,12.2,98161.1,319829.3,0,0,0,0.0,0.1784,1.4337,3.3424
A,3,44,Write-heavy,0.1,0.5,69,300,20700,65.161,51.346,0.536,23.452,21.268,11.322,4.8,11.6,25.3,1670.7,2.891,2.6,6.9,12.6,13.3,88321.0,345901.6,0,0,0,0.0,0.3762,1.5768,2.0079
A,3,44,Write-heavy,0.1,0.5,70,300,21000,72.536,69.449,0.7043,21.679,21.732,6.661,5.4,13.7,28.7,37.4,2.912,2.6,6.2,12.2,14.2,150120.2,343406.3,0,0,0,0.0,0.4188,1.4576,2.3524
A,3,44,Write-heavy,0.1,0.5,71,300,21300,125.256,102.659,0.5237,25.667,21.272,7.435,6.8,14.0,22.2,26.2,3.117,2.6,7.4,12.1,15.1,134492.9,320855.9,0,0,0,0.0,0.7232,1.7258,1.8347
A,3,44,Write-heavy,0.1,0.5,72,300,21600,109.771,123.909,0.7742,21.8,21.494,14.603,7.2,14.3,25.2,2113.0,2.961,2.6,7.2,9.3,10.7,68477.5,337761.8,0,0,0,0.0,0.6338,1.4658,2.7097
A,3,44,Write-heavy,0.1,0.5,73,300,21900,134.355,154.677,0.7453,20.097,20.896,8.64,8.5,15.0,22.1,25.7,2.939,2.6,6.1,10.6,13.3,115745.2,340251.8,0,0,0,0.0,0.7757,1.3513,2.0849
A,3,44,Write-heavy,0.1,0.5,74,300,22200,161.382,169.635,0.8335,22.324,22.308,9.252,9.0,16.9,28.7,29.8,3.048,2.7,7.0,10.4,10.7,108088.6,328084.3,0,0,0,0.0,0.9317,1.501,2.7596
A,3,44,Write-heavy,0.1,0.5,75,300,22500,247.652,216.567,0.7287,24.348,20.531,10.991,10.2,20.3,36.8,57.2,2.964,2.6,5.8,14.4,16.4,90983.5,337419.5,0,0,0,0.0,1.4298,1.6371,2.5556
A,3,44,Write-heavy,0.1,0.5,76,300,22800,189,230.577,1.0051,21.121,20.764,17.72,10.2,20.0,38.2,2037.6,2.991,2.7,5.8,10.2,17.7,56432.4,334373.4,0,0,0,0.0,1.0912,1.4201,3.7451
A,3,44,Write-heavy,0.1,0.5,77,300,23100,244.636,236.543,0.8096,26.303,19.787,12.006,10.9,22.2,48.3,54.6,3.179,2.7,7.5,13.6,26.8,83291.7,314564.2,0,0,0,0.0,1.4124,1.7685,3.5515
A,3,44,Write-heavy,0.1,0.5,78,300,23400,254.028,272.727,0.9638,22.694,21.367,13.231,11.3,27.3,55.1,70.2,3.113,2.8,6.4,9.5,11.4,75580.1,321267.9,0,0,0,0.0,1.4666,1.5259,5.8
A,3,44,Write-heavy,0.1,0.5,79,300,23700,364.667,296.867,0.7639,21.619,21.781,13.964,12.3,27.3,47.4,71.5,2.95,2.8,5.1,9.9,11.9,71611.0,338982.7,0,0,0,0.0,2.1054,1.4536,4.7879
A,3,44,Write-heavy,0.1,0.5,80,300,24000,158.29,204.844,1.3314,21.806,21.55,20.939,10.9,30.6,50.2,2477.2,3.279,2.8,7.6,11.9,28.0,47757.8,304940.2,0,1,0,0.003717,0.9139,1.4662,4.2185
A,3,44,Write-heavy,0.1,0.5,81,300,24300,23.727,25.146,0.696,21.667,21.082,10.601,5.2,16.3,38.2,1147.4,3.034,2.7,7.0,10.8,14.3,94327.8,329598.0,0,0,0,0.0,0.137,1.4568,3.537
A,3,44,Write-heavy,0.1,0.5,82,300,24600,32.033,34.844,0.7424,22.233,21.204,5.608,3.9,14.1,27.3,51.3,3.141,2.7,6.9,12.0,16.6,178306.2,318403.9,0,0,0,0.0,0.1849,1.4949,2.275
A,3,44,Write-heavy,0.1,0.5,83,300,24900,53.784,56.304,0.787,22.459,21.947,5.794,4.9,11.7,16.2,25.1,3.061,2.7,6.7,11.3,14.8,172602.2,326690.6,0,0,0,0.0,0.3105,1.5101,1.4336
A,3,44,Write-heavy,0.1,0.5,84,100,25000,41.556,78.297,1.041,19.667,23,5.908,5.6,12.8,17.5,17.5,2.945,2.7,4.8,9.8,9.8,169262.1,339558.1,0,0,0,0.0,0.2399,1.3223,1.7857
A,3,44,Insert-flood,0.02,0.97,1,300,300,18.333,37.498,0.6928,22.333,15.653,12.65,4.8,16.2,28.8,1817.0,4.197,2.1,2.9,3.5,53227.8,79053.5,238275.9,0,1,0,0.003367,0.1058,1.5016,8.2285
A,3,44,Insert-flood,0.02,0.97,2,300,600,39.333,48.367,1.2435,20.5,17.782,11.079,5.4,15.8,27.2,1274.1,2.765,2.6,3.9,7.6,9.1,90263.6,361620.5,0,0,0,0.0,0.2271,1.3784,3.579
A,3,44,Insert-flood,0.02,0.97,3,300,900,87.25,66.822,0.68,22.375,17.589,5.232,4.5,10.2,20.7,40.6,2.562,2.4,3.5,6.0,7.9,191143.6,390319.6,0,0,0,0.0,0.5037,1.5044,3.45
A,3,44,Insert-flood,0.02,0.97,4,300,1200,91.833,105.769,0.5036,20.5,17.952,10.062,5.6,11.4,30.4,1153.6,2.653,2.5,3.6,6.9,11.9,99387.1,376979.0,0,0,0,0.0,0.5302,1.3784,4.4058
A,3,44,Insert-flood,0.02,0.97,5,300,1500,56.5,158.054,1.1889,28.5,17.869,11.514,7.4,12.7,16.6,1188.3,2.571,2.5,3.3,4.1,8.6,86853.3,388903.4,0,0,0,0.0,0.3262,1.9163,4.0488
A,3,44,Insert-flood,0.02,0.97,6,300,1800,102.667,123.296,1.0334,15,17.884,6.315,4.2,14.3,21.1,24.9,2.491,2.4,3.6,4.7,5.4,158361.6,401391.9,0,0,0,0.0,0.5927,1.0086,4.4893
A,3,44,Insert-flood,0.02,0.97,7,300,2100,140.889,136.244,1.1187,23.444,17.9,12.472,5.8,17.0,56.4,1538.9,2.721,2.5,3.8,10.7,13.9,80177.5,367511.6,0,1,0,0.003436,0.8134,1.5763,5.271
A,3,44,Insert-flood,0.02,0.97,8,300,2400,19,26.216,0.8241,16.375,18.856,10.286,5.4,16.8,31.1,970.9,2.769,2.6,3.7,5.7,5.8,97219.6,361184.1,1,0,0,0.003425,0.1097,1.101,5.4561
A,3,44,Insert-flood,0.02,0.97,9,300,2700,24.8,25.112,0.2871,19,18.82,7.501,6.1,18.1,22.3,37.7,2.861,2.7,3.8,6.7,9.1,133321.6,349568.7,0,0,0,0.0,0.1432,1.2775,3.3284
A,3,44,Insert-flood,0.02,0.97,10,300,3000,25.5,33.942,0.9508,14.333,18.129,9.169,4.2,12.8,30.0,1113.7,2.652,2.6,3.5,5.0,7.3,109059.2,377025.7,0,0,0,0.0,0.1472,0.9637,6.0
A,3,44,Insert-flood,0.02,0.97,11,300,3300,71.667,56.156,0.8652,17.5,18.605,6.356,5.3,14.6,25.7,26.7,2.845,2.7,4.1,6.2,7.8,157339.8,351453.2,0,0,0,0.0,0.4138,1.1767,4.1451
A,3,44,Insert-flood,0.02,0.97,12,300,3600,87.667,80.024,0.516,21.667,18.943,11.364,6.1,13.9,19.9,1411.9,2.758,2.6,3.6,7.1,10.0,87999.7,362582.4,0,0,0,0.0,0.5061,1.4568,2.8028
A,3,44,Insert-flood,0.02,0.97,13,300,3900,149.4,106.569,1.0575,17.4,17.868,7.416,6.4,15.0,27.9,47.8,2.711,2.6,3.6,7.1,14.2,134843.5,368867.5,0,0,0,0.0,0.8626,1.1699,3.9296
A,3,44,Insert-flood,0.02,0.97,14,300,4200,38,117.315,0.9055,16.2,19.098,15.43,6.9,17.3,32.9,2096.3,2.757,2.7,3.6,4.7,7.4,64807.4,362757.1,0,1,0,0.00339,0.2194,1.0892,6.9999
A,3,44,Insert-flood,0.02,0.97,15,300,4500,33.5,47.274,0.4511,23,18.554,10.42,5.4,15.8,20.9,1013.2,2.79,2.7,3.6,6.6,12.4,95969.3,358380.3,0,0,0,0.0,0.1934,1.5465,3.1667
A,3,44,Insert-flood,0.02,0.97,16,300,4800,101.6,64.847,0.8946,19.6,17.888,6.255,5.8,12.5,19.0,65.3,2.686,2.6,3.6,5.5,9.4,159880.5,372347.2,0,0,0,0.0,0.5866,1.3179,3.4545
A,3,44,Insert-flood,0.02,0.97,17,300,5100,79.5,81.311,0.7198,21.5,18.858,9.337,4.0,11.5,18.3,1163.0,2.699,2.6,3.6,6.6,9.6,107100.8,370553.3,0,0,0,0.0,0.459,1.4456,2.7728
A,3,44,Insert-flood,0.02,0.97,18,300,5400,79.875,133.695,0.9008,21.875,18.87,6.901,6.1,13.6,15.9,19.3,2.776,2.6,3.9,6.9,12.2,144913.7,360273.5,0,0,0,0.0,0.4612,1.4708,2.3043
A,3,44,Insert-flood,0.02,0.97,19,300,5700,133.625,183.425,0.99,24.25,18.134,12.47,7.6,16.5,21.2,1287.3,2.695,2.5,3.6,7.1,11.6,80192.5,371103.3,0,0,0,0.0,0.7715,1.6305,2.9859
A,3,44,Insert-flood,0.02,0.97,20,300,6000,347.4,228.295,0.5981,19.6,18.241,9.745,9.2,19.2,34.1,45.7,2.685,2.6,3.6,5.0,8.3,102613.2,372440.0,0,0,0,0.0,2.0057,1.3179,6.8201
A,3,44,Insert-flood,0.02,0.97,21,300,6300,286.889,212.082,0.844,23.556,18.261,19.848,9.6,22.3,60.3,1445.2,2.774,2.6,4.0,7.8,9.2,50382.1,360534.5,0,1,0,0.003436,1.6564,1.5838,7.7308
A,3,44,Insert-flood,0.02,0.97,22,300,6600,77,60.416,0.6587,22.25,18.541,6.433,5.2,13.7,22.1,33.5,2.712,2.6,3.4,7.7,14.3,155440.3,368777.7,0,0,0,0.0,0.4446,1.496,2.8701
A,3,44,Insert-flood,0.02,0.97,23,300,6900,56.333,64.121,0.6031,22,19.424,10.637,5.7,14.7,30.7,1186.3,2.855,2.7,4.4,6.1,7.3,94011.5,350303.6,1,0,0,0.003367,0.3252,1.4792,5.0327
A,3,44,Insert-flood,0.02,0.97,24,300,7200,26.167,85.099,0.7974,20.5,18.714,13.04,6.3,15.9,29.7,1670.3,2.788,2.7,3.6,5.9,12.1,76689.1,358723.1,1,0,0,0.003401,0.1511,1.3784,5.034
A,3,44,Insert-flood,0.02,0.97,25,300,7500,80.667,95.561,0.5561,17.667,19.289,7.115,6.0,14.6,20.8,63.3,2.711,2.6,3.6,5.9,12.1,140541.6,368867.6,0,0,0,0.0,0.4657,1.1879,3.5255
A,3,44,Insert-flood,0.02,0.97,26,300,7800,75.786,96.185,0.9014,20.714,18.661,11.6,5.5,13.4,22.0,1554.6,2.886,2.6,3.9,9.0,18.3,86209.4,346540.8,0,0,0,0.0,0.4375,1.3928,2.4444
A,3,44,Insert-flood,0.02,0.97,27,300,8100,121,135.676,0.732,28.143,18.464,6.602,5.0,14.6,17.1,18.8,2.669,2.5,3.6,7.5,12.3,151469.2,374719.0,0,0,0,0.0,0.6986,1.8923,2.28
A,3,44,Insert-flood,0.02,0.97,28,300,8400,106,162.631,1.2687,25.4,19.149,19.197,6.9,21.2,29.0,2061.3,3.219,2.9,5.6,8.4,10.5,52092.4,310623.3,0,1,0,0.00339,0.612,1.7078,3.4524
A,3,44,Insert-flood,0.02,0.97,29,300,8700,136.4,211.285,1.0467,21.8,18.756,8.93,7.7,19.1,21.5,23.7,2.795,2.6,3.8,9.4,14.1,111982.1,357738.6,0,0,0,0.0,0.7875,1.4658,2.2872
A,3,44,Insert-flood,0.02,0.97,30,300,9000,165.429,241.259,0.4575,21.143,19.676,14.257,8.3,20.3,23.4,1458.3,2.77,2.6,3.8,8.3,9.7,70139.3,361053.7,0,0,0,0.0,0.9551,1.4216,2.8193
A,3,44,Insert-flood,0.02,0.97,31,300,9300,253.375,281.712,0.6442,19.25,18.729,11.413,10.2,25.0,34.4,48.7,2.865,2.7,4.1,7.5,10.5,87616.8,349040.0,0,0,0,0.0,1.4629,1.2943,4.5866
A,3,44,Insert-flood,0.02,0.97,32,300,9600,476.333,333.084,0.1465,20.667,18.909,17.871,11.2,25.6,33.6,1642.5,2.702,2.6,3.7,5.8,10.3,55957.6,370096.1,0,0,0,0.0,2.7501,1.3896,5.7932
A,3,44,Insert-flood,0.02,0.97,33,300,9900,415.333,371.044,0.5449,18.667,19.66,13.231,12.4,29.0,33.0,41.3,2.688,2.6,3.7,4.8,6.1,75580.1,372024.0,0,0,0,0.0,2.3979,1.2551,6.8751
A,3,44,Insert-flood,0.02,0.97,34,300,10200,274.6,404.763,0.951,21.2,18.963,20.86,14.1,31.4,73.6,1848.0,2.834,2.6,3.7,10.0,12.4,47939.4,352816.6,0,0,0,0.0,1.5854,1.4254,7.36
A,3,44,Insert-flood,0.02,0.97,35,300,10500,196.25,323.572,1.4799,21.25,18.836,20.759,11.8,34.8,64.4,1964.6,2.917,2.7,4.0,11.3,12.8,48172.6,342818.1,0,1,0,0.003425,1.133,1.4288,5.6991
A,3,44,Insert-flood,0.02,0.97,36,300,10800,23,30.622,0.856,19.667,19.388,12.888,5.0,19.1,34.9,1789.0,2.856,2.7,3.8,7.4,11.8,77593.5,350180.6,1,0,0,0.003401,0.1328,1.3223,4.7162
A,3,44,Insert-flood,0.02,0.97,37,300,11100,35.75,31.064,0.4793,14,18.28,5.633,4.1,15.7,22.3,28.6,2.648,2.6,3.5,4.8,5.6,177514.9,377643.7,0,0,0,0.0,0.2064,0.9413,4.6458
A,3,44,Insert-flood,0.02,0.97,38,300,11400,24.5,56.392,0.9429,21,18.639,10.005,4.5,11.4,29.7,1378.8,2.731,2.6,3.5,4.8,10.7,99953.3,366166.0,0,0,0,0.0,0.1415,1.412,6.1875
A,3,44,Insert-flood,0.02,0.97,39,300,11700,49.571,67.205,0.7031,22.857,19.102,5.618,5.0,12.3,17.0,17.7,2.715,2.5,3.8,6.8,13.4,177999.5,368323.4,0,0,0,0.0,0.2862,1.5369,2.5
A,3,44,Insert-flood,0.02,0.97,40,300,12000,28.5,75.159,0.6648,17,19.321,11.069,4.8,12.6,15.2,1593.4,2.656,2.6,3.6,4.1,9.0,90339.7,376458.6,0,0,0,0.0,0.1645,1.143,3.7073
A,3,44,Insert-flood,0.02,0.97,41,300,12300,91.889,100.062,0.82,20.778,17.911,7.049,6.2,13.9,22.2,60.5,2.923,2.6,4.2,9.3,31.1,141870.8,342075.0,0,0,0,0.0,0.5305,1.397,2.3871
A,3,44,Insert-flood,0.02,0.97,42,300,12600,46.75,107.089,0.5348,17.375,19.161,13.651,5.9,14.4,36.2,1972.9,2.873,2.8,4.0,7.3,7.7,73256.5,348027.8,0,1,0,0.003425,0.2699,1.1682,4.959
A,3,44,Insert-flood,0.02,0.97,43,300,12900,60.25,84.243,0.8167,20.5,19.284,11.935,5.9,12.0,24.5,1542.9,2.948,2.8,4.6,7.4,8.5,83789.5,339174.4,0,0,0,0.0,0.3479,1.3784,3.3108
A,3,44,Insert-flood,0.02,0.97,44,300,13200,78,153.778,1.2025,21.333,19.098,8.208,7.8,13.9,17.5,38.9,2.706,2.6,3.6,5.2,6.9,121827.5,369594.5,0,0,0,0.0,0.4503,1.4344,3.3654
A,3,44,Insert-flood,0.02,0.97,45,300,13500,181,217.091,1.2705,20.5,19.486,15.663,9.2,18.4,28.8,1681.8,2.863,2.7,3.8,7.2,8.6,63843.4,349242.8,0,0,0,0.0,1.045,1.3784,4.0
A,3,44,Insert-flood,0.02,0.97,46,300,13800,289.857,294.949,1.0475,15.714,18.488,13.292,11.9,28.5,43.1,70.5,3.183,2.9,4.8,8.8,18.4,75235.1,314136.5,0,0,0,0.0,1.6735,1.0566,4.8978
A,3,44,Insert-flood,0.02,0.97,47,300,14100,458.167,356.531,0.6842,18.083,18.128,20.655,12.4,30.2,63.3,1982.6,2.896,2.7,4.1,8.3,9.9,48413.7,345303.4,0,0,0,0.0,2.6452,1.2159,7.6264
A,3,44,Insert-flood,0.02,0.97,48,300,14400,371,370.869,1.14,24.3,18.555,20.161,11.4,33.3,69.0,1860.0,2.892,2.7,4.0,10.3,11.9,49599.9,345821.3,0,0,0,0.0,2.142,1.6339,6.699
A,3,44,Insert-flood,0.02,0.97,49,300,14700,497.417,313.354,0.9149,17.75,20.115,21.318,8.8,38.3,86.0,1933.8,3.062,2.7,5.4,8.8,22.2,46908.7,326583.9,0,1,0,0.003472,2.8718,1.1935,9.7727
A,3,44,Insert-flood,0.02,0.97,50,300,15000,75.75,59.824,0.6319,24.25,19.24,11.362,5.2,14.1,28.0,1590.0,2.733,2.6,3.6,5.8,11.9,88010.1,365853.6,0,0,0,0.0,0.4373,1.6305,4.8275
A,3,44,Insert-flood,0.02,0.97,51,300,15300,125.2,106.895,0.6907,17.8,20.142,6.206,5.0,11.2,36.6,55.1,2.725,2.6,3.6,4.8,9.1,161125.7,366972.6,0,0,0,0.0,0.7228,1.1968,7.6249
A,3,44,Insert-flood,0.02,0.97,52,300,15600,154.273,164.54,0.7808,19.636,18.747,15.122,7.0,15.2,37.0,1594.7,2.896,2.7,4.5,8.2,9.8,66128.8,345263.4,0,0,0,0.0,0.8907,1.3203,4.5122
A,3,44,Insert-flood,0.02,0.97,53,300,15900,354.25,223.152,0.4253,14,18.868,9.35,8.8,17.3,23.2,34.4,2.678,2.6,3.6,4.5,8.0,106948.1,373459.4,0,0,0,0.0,2.0453,0.9413,5.1555
A,3,44,Insert-flood,0.02,0.97,54,300,16200,261.6,295.312,0.5794,20.4,19.037,16.829,10.9,22.0,25.2,1624.7,2.805,2.6,4.0,7.6,8.4,59420.1,356548.6,0,0,0,0.0,1.5103,1.3716,3.3158
A,3,44,Insert-flood,0.02,0.97,55,300,16500,454,342.871,0.6384,20.4,19.098,13.001,11.9,25.6,34.3,58.1,2.905,2.6,4.2,9.5,31.2,76915.2,344194.9,0,0,0,0.0,2.6212,1.3716,3.6105
A,3,44,Insert-flood,0.02,0.97,56,300,16800,270.857,248.43,1.0409,14.857,18.58,18.534,7.9,28.0,44.8,2274.8,2.712,2.6,3.7,5.3,6.7,53955.9,368686.4,0,1,0,0.003413,1.5638,0.999,8.4528
A,3,44,Insert-flood,0.02,0.97,57,300,17100,106.75,82.712,0.6112,21.875,19.027,11.876,5.1,10.2,47.3,1752.9,3.155,2.7,5.1,9.9,12.8,84205.8,316923.5,0,0,0,0.0,0.6163,1.4708,4.7777
A,3,44,Insert-flood,0.02,0.97,58,300,17400,119.444,143.096,0.8203,22.667,20.096,6.561,6.1,12.0,14.0,17.7,2.733,2.6,3.9,7.7,12.5,152423.6,365854.1,0,0,0,0.0,0.6896,1.524,1.8182
A,3,44,Insert-flood,0.02,0.97,59,300,17700,276.667,222.084,0.3026,22.333,19.64,14.954,8.2,17.2,22.1,1821.9,2.696,2.6,3.8,6.5,8.1,66870.3,370920.3,0,0,0,0.0,1.5973,1.5016,3.4
A,3,44,Insert-flood,0.02,0.97,60,300,18000,256.2,274.597,1.1162,19.6,18.953,10.53,9.6,20.7,24.5,41.1,2.714,2.6,3.8,5.6,8.2,94963.7,368414.4,0,0,0,0.0,1.4792,1.3179,4.375
A,3,44,Insert-flood,0.02,0.97,61,300,18300,432,328.268,0.3077,21,19.55,17.717,10.5,25.2,35.6,1775.3,2.703,2.5,3.8,7.6,11.1,56441.9,369913.8,0,0,0,0.0,2.4942,1.412,4.6842
A,3,44,Insert-flood,0.02,0.97,62,300,18600,576.75,380.655,0.5826,26.25,19.26,14.017,12.8,28.9,54.1,72.3,2.977,2.8,4.1,8.9,9.8,71341.9,335870.8,0,0,0,0.0,3.3299,1.765,6.0786
A,3,44,Insert-flood,0.02,0.97,63,300,18900,267.25,260.798,1.2591,22.25,20.171,19.603,6.9,32.8,57.8,2241.1,3.04,2.8,4.5,11.9,13.1,51012.6,328911.4,0,1,0,0.003425,1.543,1.496,4.8572
A,3,44,Insert-flood,0.02,0.97,64,300,19200,75,74.173,0.8679,24.667,19.412,11.378,5.2,13.9,38.3,1524.8,2.835,2.7,3.8,7.7,14.6,87886.4,352734.2,1,0,0,0.003401,0.433,1.6585,4.9741
A,3,44,Insert-flood,0.02,0.97,65,300,19500,127.333,103.785,0.0387,15,19.02,6.714,6.3,13.4,16.9,20.5,2.825,2.7,3.8,4.6,8.7,148949.8,353982.1,0,0,0,0.0,0.7352,1.0086,3.6739
A,3,44,Insert-flood,0.02,0.97,66,300,19800,81.25,122.037,0.8234,21,19.503,13.265,6.3,12.5,38.7,1851.7,2.842,2.7,3.9,5.1,9.0,75386.4,351864.7,1,0,0,0.003378,0.4691,1.412,7.5883
A,3,44,Insert-flood,0.02,0.97,67,300,20100,158.778,158.223,0.5539,20.333,19.784,13.102,11.4,26.3,36.1,38.6,4.649,4.5,7.2,14.0,25.1,76322.3,215100.1,0,0,0,0.0,0.9167,1.3672,2.5786
A,3,44,Insert-flood,0.02,0.97,68,300,20400,148.857,185.085,0.9709,19,20.225,21.037,9.6,26.5,40.4,3010.6,3.93,3.4,7.0,12.0,23.2,47535.3,254431.4,0,0,0,0.0,0.8594,1.2775,3.3666
A,3,44,Insert-flood,0.02,0.97,69,300,20700,121.2,221.58,1.0564,23.4,19.949,9.441,7.2,20.7,25.6,75.7,2.862,2.7,3.9,7.0,13.9,105924.7,349406.0,0,0,0,0.0,0.6997,1.5734,3.6572
A,3,44,Insert-flood,0.02,0.97,70,300,21000,43,131.051,0.8605,22.667,20.286,21.202,4.8,18.5,52.1,2656.2,2.794,2.7,3.7,7.5,9.5,47164.6,357867.7,1,1,0,0.006734,0.2483,1.524,6.9466
A,3,44,Insert-flood,0.02,0.97,71,300,21300,30,41.632,1.191,22.75,20.392,8.412,3.7,8.8,40.0,1094.4,2.895,2.7,4.1,9.2,11.4,118873.0,345463.2,0,0,0,0.0,0.1732,1.5297,4.3479
A,3,44,Insert-flood,0.02,0.97,72,300,21600,89.333,76.698,0.5395,22.111,19.296,10.733,4.4,8.7,11.2,1761.5,2.811,2.7,3.9,8.3,12.5,93167.7,355745.7,0,0,0,0.0,0.5158,1.4867,1.3494
A,3,44,Insert-flood,0.02,0.97,73,300,21900,128.4,123.875,0.5999,23,18.898,6.354,5.6,12.1,15.5,20.0,2.863,2.7,4.0,8.9,10.9,157381.2,349283.6,0,0,0,0.0,0.7413,1.5465,1.7416
A,3,44,Insert-flood,0.02,0.97,74,300,22200,75,157.547,1.0717,25.5,20.152,13.535,6.3,14.0,15.1,1938.4,2.852,2.7,4.0,7.4,10.3,73882.5,350671.8,0,0,0,0.0,0.433,1.7146,2.0406
A,3,44,Insert-flood,0.02,0.97,75,300,22500,142.8,203.871,1.0808,19.6,20.095,8.53,7.7,17.2,21.1,25.4,2.862,2.8,3.8,6.4,8.2,117237.9,349446.9,0,0,0,0.0,0.8245,1.3179,3.2968
A,3,44,Insert-flood,0.02,0.97,76,300,22800,250.889,252.21,0.5987,21.333,18.67,17.179,9.1,19.7,33.9,2100.2,2.88,2.7,3.9,9.0,14.9,58211.7,347261.8,0,0,0,0.0,1.4485,1.4344,3.7667
A,3,44,Insert-flood,0.02,0.97,77,300,23100,252.6,164.634,0.787,22,19.881,17.177,5.4,23.8,45.1,2551.2,2.839,2.7,4.1,6.0,14.4,58217.4,352236.6,0,1,0,0.00339,1.4584,1.4792,7.5166
A,3,44,Insert-flood,0.02,0.97,78,300,23400,54.5,108.95,1.1288,23.5,19.584,12.695,5.5,9.2,50.8,1956.4,2.733,2.6,3.6,4.5,13.2,78771.2,365942.8,1,0,0,0.003356,0.3147,1.5801,11.2891
A,3,44,Insert-flood,0.02,0.97,79,300,23700,26.25,135.068,0.875,18,20.098,6.54,6.4,11.3,13.5,15.7,2.841,2.7,4.2,6.5,7.6,152913.0,351947.2,0,0,0,0.0,0.1516,1.2103,2.0769
A,3,44,Insert-flood,0.02,0.97,80,300,24000,148.667,194.781,0.7996,22.667,19.899,15.003,8.0,14.3,27.9,1993.5,2.872,2.7,4.6,7.1,9.3,66651.8,348149.0,0,0,0,0.0,0.8583,1.524,3.9296
A,3,44,Insert-flood,0.02,0.97,81,300,24300,245.4,248.332,0.7673,16.6,20.02,13.291,9.0,18.5,32.0,1078.3,2.907,2.7,4.1,8.4,8.8,75238.9,344036.6,0,0,0,0.0,1.4168,1.1161,3.8095
A,3,44,Insert-flood,0.02,0.97,82,300,24600,203.5,300.139,0.8392,20.5,20.003,17.646,10.9,20.9,40.1,1841.0,2.916,2.7,4.3,9.8,11.0,56671.1,342935.2,0,0,0,0.0,1.1749,1.3784,4.0918
A,3,44,Insert-flood,0.02,0.97,83,300,24900,256.2,385.488,0.8899,23.2,19.59,13.682,13.7,24.6,29.9,41.8,2.981,2.7,3.9,9.8,33.3,73088.7,335457.9,0,0,0,0.0,1.4792,1.5599,3.051
A,3,44,Insert-flood,0.02,0.97,84,100,25000,114.8,384.821,1.0125,28,19.937,41.246,16.4,30.2,2433.1,2433.1,3.252,2.9,6.3,12.9,12.9,24244.8,307503.4,0,1,0,0.010526,0.6628,1.8826,188.6127
A,3,44,Delete-flood,0.02,0.05,1,300,300,39.286,46.894,0.6358,22.286,18.901,15.553,5.0,27.1,53.3,1989.1,4.892,2.3,3.3,4.0,66888.1,64296.3,204420.3,0,1,0,0.003413,0.2268,1.4984,13.3249
A,3,44,Delete-flood,0.02,0.05,2,300,600,40.5,32.051,0.2738,25,21.561,7.239,4.5,24.4,36.4,41.3,2.368,2.1,3.9,10.5,15.3,138140.7,422298.1,0,0,0,0.0,0.2338,1.6809,3.4667
A,3,44,Delete-flood,0.02,0.05,3,300,900,17.667,34.764,0.5136,23,22.29,6.482,4.5,16.8,28.5,29.8,2.213,2.1,3.6,4.4,16.7,154273.6,451806.9,0,0,0,0.0,0.102,1.5465,6.4774
A,3,44,Delete-flood,0.02,0.05,4,300,1200,38.6,34.956,0.3712,27.4,22.098,6.671,4.4,17.2,27.8,30.8,2.266,2.1,3.4,8.4,10.2,149910.1,441370.6,0,0,0,0.0,0.2229,1.8423,3.3095
A,3,44,Delete-flood,0.02,0.05,5,300,1500,27.4,34.298,1.0617,16.6,21.78,6.175,4.4,14.8,22.3,29.8,2.167,2.0,3.5,5.2,8.8,161934.5,461397.7,0,0,0,0.0,0.1582,1.1161,4.2885
A,3,44,Delete-flood,0.02,0.05,6,300,1800,16.333,36.263,0.0935,26,21.232,7.001,4.7,19.3,27.1,61.2,2.239,2.1,3.8,5.5,11.5,142836.8,446561.2,0,0,0,0.0,0.0943,1.7482,4.9272
A,3,44,Delete-flood,0.02,0.05,7,300,2100,22.333,36.966,0.684,14.667,21.438,6.377,4.6,15.9,25.4,32.0,2.116,2.0,3.3,4.2,7.0,156821.8,472589.7,0,0,0,0.0,0.1289,0.9861,6.0476
A,3,44,Delete-flood,0.02,0.05,8,300,2400,28.875,35.445,0.7514,29.25,21.99,6.105,4.4,15.4,19.9,29.9,2.267,2.0,3.8,9.1,9.5,163800.3,441111.9,0,0,0,0.0,0.1667,1.9667,2.1868
A,3,44,Delete-flood,0.02,0.05,9,300,2700,14.5,34.293,0.6272,26.833,21.878,6.645,4.5,18.6,23.4,32.7,2.335,2.1,3.7,7.9,9.9,150481.4,428204.4,0,0,0,0.0,0.0837,1.8042,2.9621
A,3,44,Delete-flood,0.02,0.05,10,300,3000,37,37.724,0.5156,35.333,22.135,6.388,4.8,14.0,17.9,30.1,2.167,2.0,3.3,7.6,11.7,156535.5,461395.2,0,0,0,0.0,0.2136,2.3757,2.3553
A,3,44,Delete-flood,0.02,0.05,11,300,3300,43.667,34.869,0.7315,21.333,21.36,6.649,4.8,16.7,25.1,30.1,2.165,2.0,3.5,5.0,6.7,150406.2,461893.2,0,0,0,0.0,0.2521,1.4344,5.02
A,3,44,Delete-flood,0.02,0.05,12,300,3600,25.5,39.007,0.5842,13.333,20.776,6.474,4.7,16.0,20.8,32.0,2.168,2.0,3.5,5.3,7.6,154472.0,461183.7,0,0,0,0.0,0.1472,0.8965,3.9245
A,3,44,Delete-flood,0.02,0.05,13,300,3900,34.857,37.382,0.8548,23,21.529,6.556,4.9,16.5,23.4,30.2,2.243,2.0,3.9,8.0,9.6,152524.2,445765.1,0,0,0,0.0,0.2012,1.5465,2.925
A,3,44,Delete-flood,0.02,0.05,14,300,4200,19,38.66,0.5114,27.5,19.997,7.307,5.1,17.7,25.0,31.0,2.204,2.0,3.9,9.0,11.9,136861.3,453719.9,0,0,0,0.0,0.1097,1.849,2.7778
A,3,44,Delete-flood,0.02,0.05,15,300,4500,36.75,37.054,0.8711,23.5,21.054,6.599,4.9,15.1,24.2,25.6,2.184,2.0,3.5,7.4,9.3,151538.0,457805.4,0,0,0,0.0,0.2122,1.5801,3.2703
A,3,44,Delete-flood,0.02,0.05,16,300,4800,37.778,40.23,0.7684,18.444,21.629,6.341,4.9,14.9,18.6,30.2,2.299,2.0,3.5,9.5,29.6,157712.0,434971.9,0,0,0,0.0,0.2181,1.2402,1.9579
A,3,44,Delete-flood,0.02,0.05,17,300,5100,25.667,43.435,0.9772,26.5,22.337,8.436,5.5,24.6,34.9,55.1,2.631,2.2,5.7,8.3,10.7,118544.3,380036.0,0,0,0,0.0,0.1482,1.7818,4.2049
A,3,44,Delete-flood,0.02,0.05,18,300,5400,49.875,44.086,0.4682,23.625,21.87,6.905,5.2,17.6,22.0,24.1,2.279,2.1,3.6,8.5,10.8,144829.6,438787.5,0,0,0,0.0,0.288,1.5885,2.5882
A,3,44,Delete-flood,0.02,0.05,19,300,5700,18.125,40.627,0.3182,22.125,21.705,13.58,5.5,22.8,43.5,1705.9,2.71,2.3,5.9,9.5,12.7,73635.9,369003.7,0,0,0,0.0,0.1046,1.4876,4.579
A,3,44,Delete-flood,0.02,0.05,20,300,6000,55,38.844,0.7398,23.8,21.366,6.456,4.8,15.4,28.8,31.3,2.096,1.9,3.3,7.1,11.9,154902.6,477174.9,0,0,0,0.0,0.3175,1.6003,4.0564
A,3,44,Delete-flood,0.02,0.05,21,300,6300,44.6,42.41,0.8803,24.8,21.444,6.611,4.9,15.4,23.7,32.1,2.241,2.0,4.3,8.0,9.6,151263.0,446230.4,0,0,0,0.0,0.2575,1.6675,2.9625
A,3,44,Delete-flood,0.02,0.05,22,300,6600,22.167,42.728,0.3658,26.667,21.177,5.832,4.7,13.1,15.7,17.9,2.096,1.9,3.3,6.2,7.1,171477.7,477099.4,0,0,0,0.0,0.128,1.793,2.5322
A,3,44,Delete-flood,0.02,0.05,23,300,6900,38.9,42.566,0.9951,17.3,21.079,5.815,4.6,13.7,19.7,23.3,2.101,1.9,3.5,5.3,6.5,171959.1,475888.0,0,0,0,0.0,0.2246,1.1632,3.717
A,3,44,Delete-flood,0.02,0.05,24,300,7200,26,41.929,0.3669,20,20.424,6.754,5.0,16.4,24.5,29.3,2.08,1.9,3.3,4.7,7.5,148060.3,480846.0,0,0,0,0.0,0.1501,1.3447,5.2127
A,3,44,Delete-flood,0.02,0.05,25,300,7500,52,46.277,0.7403,23.75,21.78,7.15,4.9,17.6,36.4,59.0,2.187,2.0,3.7,6.9,9.4,139866.7,457177.8,0,0,0,0.0,0.3002,1.5969,5.2753
A,3,44,Delete-flood,0.02,0.05,26,300,7800,35,44.388,0.0,37,21.064,8.036,5.0,26.3,37.3,66.0,2.269,2.0,3.8,5.6,11.2,124440.0,440787.9,0,0,0,0.0,0.2021,2.4878,6.6607
A,3,44,Delete-flood,0.02,0.05,27,300,8100,33.167,43.364,0.7327,17.333,20.435,6.821,4.9,18.0,27.4,31.0,2.09,1.9,3.5,5.7,7.3,146613.2,478544.6,0,0,0,0.0,0.1915,1.1654,4.8071
A,3,44,Delete-flood,0.02,0.05,28,300,8400,43,49.228,0.8183,20.167,21.711,5.779,4.8,13.5,19.3,28.9,2.119,1.9,3.4,6.2,7.9,173040.3,471921.3,0,0,0,0.0,0.2483,1.356,3.1129
A,3,44,Delete-flood,0.02,0.05,29,300,8700,43.5,47.912,0.6974,26.167,20.643,6.633,5.1,16.0,20.7,27.7,2.158,1.9,3.5,8.8,10.6,150768.9,463391.8,0,0,0,0.0,0.2511,1.7594,2.3523
A,3,44,Delete-flood,0.02,0.05,30,300,9000,28.727,45.875,0.5382,18.091,21.322,6.113,4.8,15.3,18.3,29.2,2.132,1.9,3.5,6.4,9.2,163594.7,469042.3,0,0,0,0.0,0.1659,1.2164,2.8594
A,3,44,Delete-flood,0.02,0.05,31,300,9300,25.833,49.639,0.4813,20.667,21.656,5.963,4.9,13.0,16.5,16.9,2.174,1.9,3.5,9.0,15.3,167691.3,459910.6,0,0,0,0.0,0.1491,1.3896,1.8333
A,3,44,Delete-flood,0.02,0.05,32,300,9600,37.375,50.952,0.9342,20,20.849,6.739,5.2,16.1,27.3,30.8,2.144,1.9,3.5,7.5,7.9,148382.5,466345.7,0,0,0,0.0,0.2158,1.3447,3.64
A,3,44,Delete-flood,0.02,0.05,33,300,9900,22.5,49.338,0.869,23.75,20.551,6.126,5.0,15.5,21.1,28.8,2.091,1.9,3.4,7.3,8.6,163238.7,478163.2,0,0,0,0.0,0.1299,1.5969,2.8904
A,3,44,Delete-flood,0.02,0.05,34,300,10200,51.143,45.956,0.6744,28.857,21.15,6.605,5.3,15.4,19.3,31.6,2.197,2.0,3.4,7.7,16.6,151408.0,455235.2,0,0,0,0.0,0.2953,1.9403,2.5065
A,3,44,Delete-flood,0.02,0.05,35,300,10500,25.25,47.561,0.3503,15,21.632,6.332,5.0,13.9,18.9,29.0,2.06,1.9,3.3,6.0,7.8,157936.3,485437.7,0,0,0,0.0,0.1458,1.0086,3.15
A,3,44,Delete-flood,0.02,0.05,36,300,10800,18,50.764,0.1014,16,20.767,5.917,5.0,13.0,16.0,19.3,1.987,1.9,3.4,4.9,5.1,168995.0,503186.6,0,0,0,0.0,0.1039,1.0758,3.2653
A,3,44,Delete-flood,0.02,0.05,37,300,11100,54.667,55.232,0.6884,19.667,20.744,6.472,5.3,15.0,18.7,28.7,2.124,1.9,3.5,7.0,9.1,154511.6,470736.1,0,0,0,0.0,0.3156,1.3223,2.6714
A,3,44,Delete-flood,0.02,0.05,38,300,11400,64,52.601,1.0879,21.25,21.196,6.316,5.2,12.8,17.9,30.8,2.018,1.9,3.2,3.8,9.7,158319.7,495458.3,0,0,0,0.0,0.3695,1.4288,4.7105
A,3,44,Delete-flood,0.02,0.05,39,300,11700,37.667,51.582,0.9594,22,20.643,6.436,5.4,13.3,16.0,18.1,2.018,1.9,3.4,5.6,8.4,155368.0,495457.8,0,0,0,0.0,0.2175,1.4792,2.8571
A,3,44,Delete-flood,0.02,0.05,40,300,12000,60.333,49.508,0.6334,25,21.929,7.082,5.3,17.5,30.2,36.8,2.255,2.0,3.6,8.2,12.9,141196.5,443524.1,0,0,0,0.0,0.3483,1.6809,3.6829
A,3,44,Delete-flood,0.02,0.05,41,300,12300,53.667,58.239,1.1887,19,20.848,6.455,5.6,13.4,16.7,25.7,2.009,1.9,3.0,4.3,6.2,154918.6,497843.3,0,0,0,0.0,0.3098,1.2775,3.8837
A,3,44,Delete-flood,0.02,0.05,42,300,12600,52.5,54.558,1.0591,25.25,20.438,6.439,5.3,13.7,21.4,29.2,2.122,1.9,3.4,6.9,10.5,155303.6,471179.3,0,0,0,0.0,0.3031,1.6977,3.1014
A,3,44,Delete-flood,0.02,0.05,43,300,12900,73.4,54.262,0.8263,20.7,20.693,6.541,5.3,14.8,20.1,30.5,2.133,1.9,3.7,6.8,7.5,152881.9,468896.4,0,0,0,0.0,0.4238,1.3918,2.9559
A,3,44,Delete-flood,0.02,0.05,44,300,13200,81.8,54.515,1.073,21,21.108,6.197,5.3,13.3,17.1,18.2,2.068,1.9,3.2,6.9,8.2,161359.7,483559.3,0,0,0,0.0,0.4723,1.412,2.4783
A,3,44,Delete-flood,0.02,0.05,45,300,13500,40.429,57.7,0.5986,29.143,21.454,7.127,5.5,16.9,30.2,53.3,2.197,2.0,3.5,9.8,14.2,140318.1,455096.4,0,0,0,0.0,0.2334,1.9595,3.0816
A,3,44,Delete-flood,0.02,0.05,46,300,13800,23.875,58.017,0.4161,19.875,21.185,6.56,5.4,15.3,22.7,29.3,2.109,1.9,3.3,6.4,7.9,152431.2,474157.6,0,0,0,0.0,0.1378,1.3363,3.5468
A,3,44,Delete-flood,0.02,0.05,47,300,14100,44.3,58.003,1.2796,19.6,21.297,12.533,5.3,15.7,29.4,1772.3,2.193,2.0,4.0,6.4,7.5,79789.3,455927.5,1,0,0,0.003448,0.2558,1.3179,4.5937
A,3,44,Delete-flood,0.02,0.05,48,300,14400,32.875,48.568,0.6058,25.75,21.202,7.483,5.3,19.8,29.9,31.9,2.172,1.9,4.0,6.3,13.6,133636.2,460334.7,0,0,0,0.0,0.1898,1.7314,4.7461
A,3,44,Delete-flood,0.02,0.05,49,300,14700,48.714,49.365,0.6417,24.143,21.437,6.259,4.9,14.7,21.4,30.4,2.136,1.9,3.3,8.0,9.3,159778.6,468237.8,0,0,0,0.0,0.2813,1.6233,2.675
A,3,44,Delete-flood,0.02,0.05,50,300,15000,65.75,47.811,0.3384,22.75,20.889,6.476,4.9,16.4,22.0,26.1,2.147,1.9,3.7,6.6,10.5,154416.3,465838.9,0,0,0,0.0,0.3796,1.5297,3.3334
A,3,44,Delete-flood,0.02,0.05,51,300,15300,37.167,50.347,0.7981,26.333,20.789,6.318,5.1,14.3,21.2,29.3,2.058,1.9,3.3,7.1,10.6,158286.4,485907.6,0,0,0,0.0,0.2146,1.7706,2.9859
A,3,44,Delete-flood,0.02,0.05,52,300,15600,30.2,49.705,0.5626,23.4,21.18,6.364,5.1,14.3,19.3,28.2,2.02,1.9,3.3,5.7,7.7,157125.6,495130.7,0,0,0,0.0,0.1744,1.5734,3.3859
A,3,44,Delete-flood,0.02,0.05,53,300,15900,34.5,48.98,0.0205,11,20.903,6.663,4.9,15.1,26.9,29.5,2.042,1.9,3.2,4.1,5.3,150082.5,489796.6,0,0,0,0.0,0.1992,0.7396,6.5611
A,3,44,Delete-flood,0.02,0.05,54,300,16200,35.25,47.524,0.8782,17,20.324,6.058,5.0,13.2,16.2,17.4,2.036,1.9,3.3,4.3,6.4,165061.9,491239.3,0,0,0,0.0,0.2035,1.143,3.7674
A,3,44,Delete-flood,0.02,0.05,55,300,16500,37.4,53.888,0.767,35.4,21.522,6.277,5.1,14.2,18.6,28.7,2.125,1.9,3.4,8.6,11.2,159311.9,470662.2,0,0,0,0.0,0.2159,2.3802,2.1628
A,3,44,Delete-flood,0.02,0.05,56,300,16800,79,48.572,0.539,29,20.939,5.972,4.8,15.0,19.1,22.5,2.036,1.9,3.2,6.1,7.4,167448.0,491078.0,0,0,0,0.0,0.4561,1.9499,3.1311
A,3,44,Delete-flood,0.02,0.05,57,300,17100,14.5,52.047,0.8437,24.75,21.483,6.102,5.2,13.7,17.3,23.3,2.042,1.9,3.2,6.9,8.7,163871.8,489717.5,0,0,0,0.0,0.0837,1.6641,2.5072
A,3,44,Delete-flood,0.02,0.05,58,300,17400,19.833,48.452,0.7515,19.667,20.963,6.385,5.1,15.8,29.0,35.3,2.15,1.9,3.6,5.8,16.4,156617.1,465188.2,0,0,0,0.0,0.1145,1.3223,5.0
A,3,44,Delete-flood,0.02,0.05,59,300,17700,30.4,49.715,0.2816,22.6,21.081,5.457,4.7,12.8,19.3,20.3,2.044,1.8,3.4,5.8,10.0,183261.9,489237.0,0,0,0,0.0,0.1755,1.5196,3.3276
A,3,44,Delete-flood,0.02,0.05,60,300,18000,35.571,41.546,0.7466,24.714,21.324,5.273,4.5,12.3,16.7,24.6,2.049,1.9,3.2,5.1,10.8,189657.2,488043.4,0,0,0,0.0,0.2054,1.6617,3.2745
A,3,44,Delete-flood,0.02,0.05,61,300,18300,40.5,43.723,0.9418,34,20.541,6.058,4.7,17.0,21.8,32.4,2.151,2.0,3.3,5.8,16.3,165071.0,464828.2,0,0,0,0.0,0.2338,2.2861,3.7587
A,3,44,Delete-flood,0.02,0.05,62,300,18600,25.667,46.505,0.7416,25,20.434,5.296,4.8,11.5,18.9,20.3,1.983,1.9,3.1,3.9,7.7,188821.8,504371.1,0,0,0,0.0,0.1482,1.6809,4.8463
A,3,44,Delete-flood,0.02,0.05,63,300,18900,31.6,43.332,1.4333,28,21.247,5.247,4.5,12.9,16.3,19.7,2.077,1.9,3.3,6.4,10.3,190597.0,481386.5,0,0,0,0.0,0.1824,1.8826,2.5469
A,3,44,Delete-flood,0.02,0.05,64,300,19200,54.5,45.581,0.532,15,20.191,5.972,4.9,14.4,18.2,21.1,2.073,1.9,3.4,4.7,12.8,167448.0,482469.8,0,0,0,0.0,0.3147,1.0086,3.8724
A,3,44,Delete-flood,0.02,0.05,65,300,19500,49.857,43.956,0.8234,23,19.57,5.948,4.9,14.2,20.4,28.2,2.039,1.8,3.4,6.8,8.1,168123.8,490357.4,0,0,0,0.0,0.2879,1.5465,3.0
A,3,44,Delete-flood,0.02,0.05,66,300,19800,46.4,53.407,0.879,17.4,20.651,5.946,5.1,14.0,19.8,21.4,2.015,1.9,3.3,4.5,5.6,168180.3,496278.0,0,0,0,0.0,0.2679,1.1699,4.4001
A,3,44,Delete-flood,0.02,0.05,67,300,20100,27.2,49.068,0.5374,24.8,20.525,6.499,5.3,16.4,24.6,50.7,2.201,2.0,3.8,7.9,9.9,153861.9,454269.8,0,0,0,0.0,0.157,1.6675,3.1139
A,3,44,Delete-flood,0.02,0.05,68,300,20400,25,49.729,0.8158,21.8,20.878,5.581,4.5,14.0,22.0,24.2,2.037,1.9,3.2,5.1,7.7,179179.5,490998.0,0,0,0,0.0,0.1443,1.4658,4.3138
A,3,44,Delete-flood,0.02,0.05,69,300,20700,64.6,51.627,0.7394,18.6,20.766,5.747,4.8,13.4,18.6,18.8,2.055,1.9,3.3,4.0,10.1,174003.8,486617.5,0,0,0,0.0,0.373,1.2506,4.65
A,3,44,Delete-flood,0.02,0.05,70,300,21000,32.3,53.524,0.6661,20.3,20.093,6.448,5.2,16.4,26.2,42.8,2.205,1.9,3.6,7.8,11.1,155086.8,453583.2,0,0,0,0.0,0.1865,1.3649,3.359
A,3,44,Delete-flood,0.02,0.05,71,300,21300,48,45.9,0.9582,26.222,22.168,5.584,4.8,13.0,17.8,19.2,2.173,2.0,3.4,7.7,8.9,179093.7,460122.5,0,0,0,0.0,0.2771,1.7631,2.3117
A,3,44,Delete-flood,0.02,0.05,72,300,21600,65.333,49.241,0.8018,27,23.133,5.941,5.0,14.5,22.9,28.6,2.328,2.1,4.1,7.4,9.9,168331.2,429553.4,0,0,0,0.0,0.3772,1.8154,3.0946
A,3,44,Delete-flood,0.02,0.05,73,300,21900,52,54.736,0.9953,23.6,22.875,5.527,4.7,14.2,21.4,27.2,2.16,2.0,3.4,6.2,7.4,180940.9,463034.1,0,0,0,0.0,0.3002,1.5868,3.4516
A,3,44,Delete-flood,0.02,0.05,74,300,22200,25.4,53.451,0.7984,19.2,22.505,5.365,4.6,12.1,15.2,17.8,2.087,2.0,3.4,4.5,6.7,186393.3,479156.9,0,0,0,0.0,0.1466,1.291,3.3778
A,3,44,Delete-flood,0.02,0.05,75,300,22500,47.5,56.659,0.8761,23.75,22.669,6.501,5.2,17.0,20.5,30.7,2.217,2.0,3.6,8.6,13.7,153814.5,451060.0,0,0,0,0.0,0.2742,1.5969,2.3837
A,3,44,Delete-flood,0.02,0.05,76,300,22800,40,52.839,0.0,14,22.712,5.547,4.6,13.0,19.7,20.3,2.069,2.0,3.3,4.3,6.2,180277.5,483324.7,0,0,0,0.0,0.2309,0.9413,4.5815
A,3,44,Delete-flood,0.02,0.05,77,300,23100,44.75,48.479,1.1065,21.625,22.603,5.58,5.0,12.4,15.3,16.6,2.126,2.0,3.4,5.7,6.5,179211.4,470440.4,0,0,0,0.0,0.2584,1.454,2.6842
A,3,44,Delete-flood,0.02,0.05,78,300,23400,39.8,52.942,0.6536,24.2,22.563,5.992,4.9,15.4,23.8,24.2,2.238,2.0,3.6,7.4,10.0,166898.4,446827.7,0,0,0,0.0,0.2298,1.6271,3.2163
A,3,44,Delete-flood,0.02,0.05,79,300,23700,58.375,52.712,1.1015,26,22.678,10.674,4.8,13.3,20.6,1473.5,2.202,2.0,3.7,7.1,8.3,93685.6,454064.3,0,0,0,0.0,0.337,1.7482,2.9014
A,3,44,Delete-flood,0.02,0.05,80,300,24000,51.222,52.251,1.215,28.333,22.814,5.325,4.6,11.8,15.5,21.0,2.235,2.1,3.5,8.2,10.3,187805.2,447427.4,0,0,0,0.0,0.2957,1.9051,1.8902
A,3,44,Delete-flood,0.02,0.05,81,300,24300,35.111,61.017,1.274,22.667,22.381,6.003,4.9,14.2,19.2,26.9,2.213,2.1,3.6,7.2,7.8,166574.2,451943.7,0,0,0,0.0,0.2027,1.524,2.6667
A,3,44,Delete-flood,0.02,0.05,82,300,24600,24.2,49.146,0.4688,22.6,21.695,5.446,4.8,11.7,16.7,18.3,2.069,1.9,3.2,6.4,7.4,183609.7,483247.8,0,0,0,0.0,0.1397,1.5196,2.6094
A,3,44,Delete-flood,0.02,0.05,83,300,24900,56.8,59.658,0.9654,21.8,22.485,5.985,5.1,13.5,16.8,20.5,2.146,2.0,3.5,5.1,5.4,167084.3,465911.2,0,0,0,0.0,0.3279,1.4658,3.2941
A,3,44,Delete-flood,0.02,0.05,84,100,25000,149,57.747,0.0,27,21.222,6.689,5.7,16.0,23.3,23.3,2.169,2.0,3.5,5.9,5.9,149499.2,461040.9,0,0,0,0.0,0.8603,1.8154,3.9491
A,4,45,Read-only,0.99,0.005,1,300,300,328.956,356.333,0.916,21.168,17.325,22.373,13.4,59.6,71.2,135.9,4.082,2.3,3.2,4.8,46099.8,44696.1,244950.4,0,0,0,0.0,1.8992,1.4233,14.8332
A,4,45,Read-only,0.99,0.005,2,300,600,51.936,34.25,2.2502,21.047,22.25,16.743,6.8,29.4,62.8,1913.9,7.156,6.6,13.1,16.7,17.7,59727.6,139736.3,0,1,0,0.25,0.2999,1.4152,3.7605
A,4,45,Read-only,0.99,0.005,3,300,900,32.993,33,0.6354,21.468,20,8.437,5.7,20.2,27.8,30.1,5.994,5.6,10.0,16.5,17.7,118525.6,166824.2,0,0,0,0.0,0.1905,1.4435,1.6848
A,4,45,Read-only,0.99,0.005,4,300,1200,39.304,31.75,0.5773,20.753,15,9.75,11.2,22.0,27.8,30.3,5.416,5.1,8.9,12.9,14.2,102564.1,184626.7,0,0,0,0.0,0.2269,1.3954,2.155
A,4,45,Read-only,0.99,0.005,5,300,1500,27.266,25.667,0.7218,20.212,18.333,7.65,5.6,18.0,35.8,41.9,5.723,5.4,9.5,13.5,14.7,130718.9,174723.3,0,0,0,0.0,0.1574,1.359,2.6519
A,4,45,Read-only,0.99,0.005,6,300,1800,32.288,15,0.6517,21.753,20,8.247,5.7,18.3,28.1,29.4,5.669,5.4,9.7,12.3,12.9,121256.2,176408.4,0,0,0,0.0,0.1864,1.4626,2.2846
A,4,45,Read-only,0.99,0.005,7,300,2100,28.657,33.333,0.6964,20.579,29,7.345,5.5,14.5,28.8,29.7,5.137,4.8,9.2,11.2,11.5,136147.0,194653.5,0,0,0,0.0,0.1654,1.3837,2.5714
A,4,45,Read-only,0.99,0.005,8,300,2400,30.591,16,0.6398,19.819,20,8.388,6.3,16.2,28.9,61.2,5.508,5.1,9.2,15.7,38.0,119222.7,181543.0,0,0,0,0.0,0.1766,1.3326,1.8408
A,4,45,Read-only,0.99,0.005,9,300,2700,29.918,32.167,0.6799,21.01,23,8.184,5.9,21.4,34.3,38.7,6.007,5.8,9.6,12.5,14.6,122189.5,166463.4,0,0,0,0.0,0.1727,1.4127,2.744
A,4,45,Read-only,0.99,0.005,10,300,3000,29.589,44,0.6792,20.172,21,7.424,5.1,14.6,28.9,30.5,5.534,5.3,9.3,10.8,12.6,134704.3,180690.2,0,0,0,0.0,0.1708,1.3563,2.6759
A,4,45,Read-only,0.99,0.005,11,300,3300,27.664,45,0.6904,21.424,20.2,6.91,5.2,16.1,29.2,31.9,5.204,5.0,8.7,10.9,12.6,144724.7,192147.7,0,0,0,0.0,0.1597,1.4405,2.6789
A,4,45,Read-only,0.99,0.005,12,300,3600,32.912,31.4,0.6806,20.932,19.6,9.335,6.9,27.2,36.7,46.6,6.031,5.7,10.1,13.2,22.8,107127.5,165810.0,0,0,0,0.0,0.19,1.4074,2.7803
A,4,45,Read-only,0.99,0.005,13,300,3900,27.323,22.667,0.6408,21.879,24,6.57,5.1,15.0,28.1,28.9,5.645,5.3,9.6,12.1,16.1,152207.0,177137.4,0,0,0,0.0,0.1578,1.4711,2.3223
A,4,45,Read-only,0.99,0.005,14,300,4200,26.418,25.333,0.7252,20.798,26,6.452,5.1,13.9,29.5,31.2,5.228,4.9,8.7,11.1,11.2,154998.7,191277.7,0,0,0,0.0,0.1525,1.3984,2.6577
A,4,45,Read-only,0.99,0.005,15,300,4500,35.45,53.5,0.5724,21.215,16,10.244,11.0,24.0,33.9,46.4,5.773,5.3,10.1,15.0,17.9,97614.9,173220.3,0,0,0,0.0,0.2047,1.4264,2.26
A,4,45,Read-only,0.99,0.005,16,300,4800,27.315,12,0.7525,20.178,20,7.352,5.1,17.1,29.3,36.7,5.849,5.5,10.3,12.6,14.2,136011.2,170969.5,0,0,0,0.0,0.1577,1.3567,2.3254
A,4,45,Read-only,0.99,0.005,17,300,5100,28.296,33.5,0.7235,20.197,24.667,7.32,5.2,14.8,29.6,30.8,5.321,4.9,8.8,12.9,17.6,136605.8,187946.4,0,0,0,0.0,0.1634,1.358,2.2946
A,4,45,Read-only,0.99,0.005,18,300,5400,29.01,45,0.5954,21.865,20.5,7.032,5.4,14.3,29.0,29.9,5.239,4.8,9.3,11.2,13.4,142207.1,190876.1,0,0,0,0.0,0.1675,1.4701,2.5893
A,4,45,Read-only,0.99,0.005,19,300,5700,32.862,15,0.6913,20.519,24.333,7.726,5.2,26.9,33.5,43.8,5.763,5.5,10.3,13.1,14.5,129427.6,173510.6,0,0,0,0.0,0.1897,1.3796,2.5573
A,4,45,Read-only,0.99,0.005,20,300,6000,38.315,87,0.4917,21.007,34.5,6.431,4.9,20.1,29.5,34.4,5.951,5.7,10.1,12.0,14.1,155504.8,168048.4,0,0,0,0.0,0.2212,1.4124,2.4583
A,4,45,Read-only,0.99,0.005,21,300,6300,41.97,47.667,0.4025,20.912,17.333,5.008,4.7,5.6,30.9,33.5,5.463,5.0,9.3,11.3,12.1,199680.6,183049.5,0,0,0,0.0,0.2423,1.4061,2.7345
A,4,45,Read-only,0.99,0.005,22,300,6600,44.312,49,0.3511,21.305,24.5,4.876,4.8,5.4,30.4,31.5,5.105,4.7,8.2,11.7,13.4,205086.1,195873.6,0,0,0,0.0,0.2558,1.4325,2.5983
A,4,45,Read-only,0.99,0.005,23,300,6900,43.144,47.5,0.3822,20.201,18.5,5.072,4.9,6.4,28.3,30.3,5.374,5.0,8.7,13.2,32.6,197161.1,186081.0,0,0,0,0.0,0.2491,1.3583,2.1439
A,4,45,Read-only,0.99,0.005,24,300,7200,44.218,34.5,0.3793,21.067,22,5.178,4.9,5.7,30.1,46.1,5.564,5.3,9.1,11.4,12.2,193112.3,179737.6,0,0,0,0.0,0.2553,1.4165,2.6404
A,4,45,Read-only,0.99,0.005,25,300,7500,46.159,42,0.382,20.366,14.4,5.618,4.9,6.1,31.5,35.2,5.165,4.8,8.4,10.2,10.8,178009.9,193623.4,0,0,0,0.0,0.2665,1.3694,3.0882
A,4,45,Read-only,0.99,0.005,26,300,7800,46.5,47,0.3652,19.789,28.5,5.257,4.9,5.8,29.2,33.3,4.786,4.5,7.9,10.4,11.8,190234.8,208942.5,0,0,0,0.0,0.2685,1.3305,2.8077
A,4,45,Read-only,0.99,0.005,27,300,8100,45.252,50.5,0.3951,20.117,16,5.235,5.0,6.2,30.8,51.6,5.108,4.9,8.5,12.2,19.4,191034.1,195758.5,0,0,0,0.0,0.2613,1.3526,2.5246
A,4,45,Read-only,0.99,0.005,28,300,8400,47.201,57,0.3578,20.699,27,5.141,5.0,5.7,30.5,38.8,5.314,5.1,8.7,11.1,13.4,194527.2,188182.3,0,0,0,0.0,0.2725,1.3917,2.7478
A,4,45,Read-only,0.99,0.005,29,300,8700,48.515,22.333,0.3895,20.855,8.667,5.852,5.0,25.0,29.8,31.0,5.052,4.8,8.5,12.4,14.5,170891.3,197941.6,0,0,0,0.0,0.2801,1.4023,2.4032
A,4,45,Read-only,0.99,0.005,30,300,9000,47.889,22,0.3942,20.826,15,5.442,5.1,5.8,29.6,31.4,4.936,4.7,8.6,9.6,10.7,183767.2,202579.6,0,0,0,0.0,0.2765,1.4003,3.0833
A,4,45,Read-only,0.99,0.005,31,300,9300,46.602,65,0.3888,21.12,18,5.292,5.0,5.8,29.9,31.6,4.994,4.6,8.4,10.6,12.4,188976.3,200227.0,0,0,0,0.0,0.2691,1.4201,2.8208
A,4,45,Read-only,0.99,0.005,32,300,9600,47.556,45,0.3876,20.861,21.8,5.499,5.2,6.0,30.9,51.6,5.449,5.1,9.1,12.6,14.5,181840.2,183508.7,0,0,0,0.0,0.2746,1.4026,2.4524
A,4,45,Read-only,0.99,0.005,33,300,9900,47.57,0,0.3947,20.093,0,5.003,5.1,5.7,27.8,31.3,4.857,4.7,7.7,9.5,11.9,199893.5,205874.3,0,0,0,0.0,0.2746,1.351,2.9263
A,4,45,Read-only,0.99,0.005,34,300,10200,51.081,44,0.3491,21.416,20,5.524,5.2,6.0,30.1,31.4,4.907,4.6,7.6,9.7,10.8,181039.3,203804.2,0,0,0,0.0,0.2949,1.4399,3.1031
A,4,45,Read-only,0.99,0.005,35,300,10500,50.367,41.333,0.4165,20.626,21.667,5.609,5.2,6.1,29.1,31.1,4.752,4.6,7.4,9.9,12.3,178284.8,210452.6,0,0,0,0.0,0.2908,1.3869,2.9394
A,4,45,Read-only,0.99,0.005,36,300,10800,50.652,22,0.4123,20.625,16,5.779,5.4,8.7,35.4,41.6,5.534,5.2,9.0,14.1,20.1,173030.4,180711.9,0,0,0,0.0,0.2924,1.3868,2.5106
A,4,45,Read-only,0.99,0.005,37,300,11100,52.771,67,0.3846,20.428,28.333,5.737,5.3,6.3,33.4,35.8,5.09,4.8,8.3,11.1,13.1,174317.2,196476.6,0,0,0,0.0,0.3047,1.3735,3.009
A,4,45,Read-only,0.99,0.005,38,300,11400,50.512,55,0.4231,20.566,21.667,5.225,5.2,6.2,30.0,31.5,4.872,4.7,8.1,11.1,11.2,191375.3,205268.7,0,0,0,0.0,0.2916,1.3828,2.7027
A,4,45,Read-only,0.99,0.005,39,300,11700,51.582,56.333,0.4186,20.572,22,5.278,5.3,6.2,29.2,32.3,4.786,4.5,8.1,9.7,11.5,189453.7,208942.8,0,0,0,0.0,0.2978,1.3832,3.0103
A,4,45,Read-only,0.99,0.005,40,300,12000,50.869,63,0.4542,20.556,25,5.821,5.4,7.1,34.9,41.8,5.259,4.6,9.1,15.1,23.5,171791.8,190150.1,0,0,0,0.0,0.2937,1.3821,2.3113
A,4,45,Read-only,0.99,0.005,41,300,12300,51.845,52.25,0.4294,20.767,15.75,5.47,5.4,6.4,30.7,37.2,5.199,5.1,8.7,10.3,11.5,182815.4,192357.0,0,0,0,0.0,0.2993,1.3963,2.9806
A,4,45,Read-only,0.99,0.005,42,300,12600,52.137,71,0.4294,20.88,24,5.539,5.4,6.5,30.8,31.5,5.015,4.8,8.1,10.2,10.9,180527.1,199415.0,0,0,0,0.0,0.301,1.4039,3.0196
A,4,45,Read-only,0.99,0.005,43,300,12900,53.248,35,0.4104,20.919,10.5,5.563,5.4,6.6,29.4,31.6,4.727,4.5,7.9,9.3,10.4,179770.0,211550.6,0,0,0,0.0,0.3074,1.4066,3.1613
A,4,45,Read-only,0.99,0.005,44,300,13200,54.455,42,0.3871,21.653,16,6.175,5.6,9.8,30.2,54.5,5.471,5.0,9.5,14.3,16.3,161952.1,182770.7,0,0,0,0.0,0.3144,1.4559,2.1119
A,4,45,Read-only,0.99,0.005,45,300,13500,54.651,61,0.3917,21.5,21,6.049,5.5,6.9,36.1,53.1,6.598,6.2,11.0,18.3,19.6,165307.3,151568.8,0,0,0,0.0,0.3155,1.4456,1.9727
A,4,45,Read-only,0.99,0.005,46,300,13800,55.568,63.5,0.4051,21.609,24.5,6.049,5.6,7.7,31.5,32.8,5.8,5.6,9.6,12.2,15.3,165307.4,172423.7,0,0,0,0.0,0.3208,1.4529,2.582
A,4,45,Read-only,0.99,0.005,47,300,14100,54.568,70,0.4278,20.943,21.25,5.85,5.5,6.7,30.2,33.7,5.305,4.9,8.8,11.1,12.8,170949.9,188501.5,0,0,0,0.0,0.315,1.4081,2.7207
A,4,45,Read-only,0.99,0.005,48,300,14400,55.639,53.333,0.404,20.633,22.167,5.79,5.6,7.3,29.2,30.4,5.309,4.9,9.0,13.2,22.9,172701.7,188359.3,0,0,0,0.0,0.3212,1.3873,2.2121
A,4,45,Read-only,0.99,0.005,49,300,14700,54.853,74,0.4487,20.716,47,5.646,5.6,7.1,29.8,44.5,5.66,5.4,8.9,14.4,16.7,177116.5,176678.4,0,0,0,0.0,0.3167,1.3929,2.0694
A,4,45,Read-only,0.99,0.005,50,300,15000,57.256,50.333,0.4363,20.394,16.667,5.811,5.8,7.1,30.2,34.6,5.147,5.0,8.6,9.8,12.5,172077.5,194300.5,0,0,0,0.0,0.3306,1.3712,3.0816
A,4,45,Read-only,0.99,0.005,51,300,15300,58.868,48.5,0.4091,21.699,19.5,5.95,5.7,7.0,30.6,32.1,5.169,5.0,8.2,9.2,9.3,168057.8,193473.6,0,0,0,0.0,0.3399,1.459,3.3261
A,4,45,Read-only,0.99,0.005,52,300,15600,54.741,72,0.4637,20.973,19,5.798,5.6,7.0,29.9,30.6,5.035,4.8,8.6,11.2,12.5,172473.3,198622.9,0,0,0,0.0,0.316,1.4102,2.6696
A,4,45,Read-only,0.99,0.005,53,300,15900,58.51,58,0.417,21.287,20.25,6.131,5.8,7.7,33.4,56.6,6.018,5.6,10.1,13.7,19.2,163096.8,166177.3,0,0,0,0.0,0.3378,1.4313,2.438
A,4,45,Read-only,0.99,0.005,54,300,16200,56.815,67.5,0.4488,20.876,25.5,5.668,5.7,7.2,28.9,33.2,5.38,5.1,9.2,12.0,13.2,176439.4,185862.2,0,0,0,0.0,0.328,1.4036,2.4083
A,4,45,Read-only,0.99,0.005,55,300,16500,59.909,46.5,0.4171,21.077,14.5,5.956,5.8,7.2,31.9,37.5,5.04,4.8,8.0,9.7,11.2,167907.3,198399.7,0,0,0,0.0,0.3459,1.4172,3.2887
A,4,45,Read-only,0.99,0.005,56,300,16800,62.301,56,0.3859,20.314,24,6.323,5.9,10.2,31.7,44.8,5.077,4.8,8.8,12.1,15.5,158144.4,196979.9,0,0,0,0.0,0.3597,1.3659,2.6198
A,4,45,Read-only,0.99,0.005,57,300,17100,58.414,50,0.4507,20.207,22.8,6.311,5.8,8.1,30.8,41.9,5.529,5.2,9.0,12.7,16.1,158445.2,180853.5,0,0,0,0.0,0.3373,1.3587,2.4252
A,4,45,Read-only,0.99,0.005,58,300,17400,60.013,74.5,0.4458,20.977,14.5,5.636,5.9,7.3,9.8,30.5,5.078,4.9,8.4,9.8,12.8,177430.8,196928.0,0,0,0,0.0,0.3465,1.4104,1.0
A,4,45,Read-only,0.99,0.005,59,300,17700,62.735,82,0.4035,20.5,34,6.307,5.8,7.6,31.1,33.0,4.905,4.6,8.3,10.1,13.6,158554.0,203859.8,0,0,0,0.0,0.3622,1.3784,3.0792
A,4,45,Read-only,0.99,0.005,60,300,18000,59.963,40.5,0.4595,20.189,14.75,6.415,6.0,9.9,32.4,42.1,5.039,4.6,9.4,12.8,15.2,155884.6,198439.0,0,0,0,0.0,0.3462,1.3575,2.5313
A,4,45,Read-only,0.99,0.005,61,300,18300,58.767,73.25,0.4798,20.591,18.25,6.124,6.0,7.7,32.0,45.8,5.969,5.5,9.8,13.9,16.4,163283.2,167522.7,0,0,0,0.0,0.3393,1.3845,2.3022
A,4,45,Read-only,0.99,0.005,62,300,18600,60.786,89,0.4758,20.953,30,5.792,5.9,7.5,28.2,31.7,5.387,5.1,9.3,11.9,13.8,172652.1,185631.9,0,0,0,0.0,0.3509,1.4088,2.3698
A,4,45,Read-only,0.99,0.005,63,300,18900,62.508,53,0.432,20.108,14.667,6.267,6.0,7.7,31.3,34.4,4.972,4.8,7.9,12.7,13.2,159574.4,201139.8,0,0,0,0.0,0.3609,1.352,2.4645
A,4,45,Read-only,0.99,0.005,64,300,19200,61.357,60.667,0.4722,21.202,17.667,5.918,5.9,7.6,31.5,33.1,5.254,4.9,8.9,12.3,13.3,168966.5,190331.1,0,0,0,0.0,0.3542,1.4256,2.561
A,4,45,Read-only,0.99,0.005,65,300,19500,58.848,82,0.4976,20.33,15.333,5.93,5.9,7.7,29.6,42.1,5.479,5.2,8.7,10.6,17.0,168643.5,182503.9,0,0,0,0.0,0.3398,1.3669,2.7924
A,4,45,Read-only,0.99,0.005,66,300,19800,63.312,45.5,0.4568,20.557,8.5,6.149,6.0,8.1,30.6,31.6,4.993,4.6,8.3,9.8,10.5,162636.9,200280.4,0,0,0,0.0,0.3655,1.3822,3.1225
A,4,45,Read-only,0.99,0.005,67,300,20100,62.721,86.5,0.4587,20.574,21,5.988,5.9,7.7,30.3,32.0,4.969,4.8,8.1,10.1,13.2,166991.3,201247.8,0,0,0,0.0,0.3621,1.3833,3.0
A,4,45,Read-only,0.99,0.005,68,300,20400,63.232,79,0.4687,21.691,26.5,6.82,6.0,15.1,28.9,31.6,5.259,4.8,8.3,12.1,16.8,146620.5,190150.1,0,0,0,0.0,0.3651,1.4585,2.3884
A,4,45,Read-only,0.99,0.005,69,300,20700,62.885,68.75,0.47,20.382,20.25,6.729,6.3,8.4,31.4,62.1,5.874,5.5,9.8,17.4,20.4,148603.1,170232.0,0,0,0,0.0,0.3631,1.3704,1.8046
A,4,45,Read-only,0.99,0.005,70,300,21000,63.435,65.833,0.4803,20.929,23.167,6.427,6.1,8.2,31.1,35.0,5.47,5.1,8.8,11.1,12.1,155601.7,182815.3,0,0,0,0.0,0.3662,1.4072,2.8018
A,4,45,Read-only,0.99,0.005,71,300,21300,65.193,78.75,0.4641,20.564,32,6.593,6.0,8.5,30.1,34.5,5.07,4.9,8.6,10.2,12.4,151668.3,197238.8,0,0,0,0.0,0.3764,1.3827,2.951
A,4,45,Read-only,0.99,0.005,72,300,21600,64.649,43,0.4844,20.598,19.5,6.12,6.1,8.2,29.7,32.6,5.083,4.9,8.6,11.5,12.4,163407.7,196734.1,0,0,0,0.0,0.3732,1.385,2.5826
A,4,45,Read-only,0.99,0.005,73,300,21900,67.993,91.25,0.4518,21.392,27,6.742,6.3,8.9,31.7,46.4,6.208,5.7,11.0,16.3,17.1,148324.0,161073.8,0,0,0,0.0,0.3926,1.4383,1.9448
A,4,45,Read-only,0.99,0.005,74,300,22200,68.117,81,0.4854,20.94,34,6.464,6.4,8.4,31.0,33.1,5.612,5.2,9.3,11.7,15.6,154695.0,178189.5,0,0,0,0.0,0.3933,1.4079,2.6496
A,4,45,Read-only,0.99,0.005,75,300,22500,67.65,88.333,0.5036,20.751,29.333,6.294,6.4,8.4,30.7,32.5,5.165,4.9,8.7,11.6,12.7,158889.8,193610.8,0,0,0,0.0,0.3906,1.3952,2.6466
A,4,45,Read-only,0.99,0.005,76,300,22800,67.013,35,0.5173,21.09,18,6.693,6.5,9.0,31.6,41.1,5.844,5.5,10.1,15.8,18.0,149402.3,171125.6,0,0,0,0.0,0.3869,1.4181,2.0
A,4,45,Read-only,0.99,0.005,77,300,23100,69.007,56.5,0.5043,20.939,19.667,6.361,6.5,8.6,30.9,41.9,5.591,5.4,9.6,12.2,14.1,157207.9,178869.6,0,0,0,0.0,0.3984,1.4079,2.5328
A,4,45,Read-only,0.99,0.005,78,300,23400,71.195,65.143,0.4983,20.812,16.857,6.954,6.7,9.1,30.3,32.8,5.301,4.9,8.5,11.1,12.3,143795.3,188655.4,0,0,0,0.0,0.411,1.3994,2.7297
A,4,45,Read-only,0.99,0.005,79,300,23700,70.909,70,0.4946,20.017,25.333,6.546,6.5,8.8,30.3,31.3,4.956,4.8,8.4,10.5,11.2,152772.9,201761.9,0,0,0,0.0,0.4094,1.3459,2.8857
A,4,45,Read-only,0.99,0.005,80,300,24000,71.199,91,0.5113,20.65,21,7.198,6.7,9.5,36.1,40.6,5.704,5.4,10.3,12.1,14.9,138927.5,175315.5,0,0,0,0.0,0.4111,1.3884,2.9835
A,4,45,Read-only,0.99,0.005,81,300,24300,71.627,70.2,0.4763,20.698,25.4,7.024,6.5,9.6,30.6,33.5,5.452,5.2,8.9,11.6,13.5,142362.2,183407.8,0,0,0,0.0,0.4135,1.3917,2.6379
A,4,45,Read-only,0.99,0.005,82,300,24600,72.215,52.333,0.5296,21.33,15.333,6.421,6.3,9.0,30.5,30.9,5.124,5.0,8.7,10.7,12.7,155747.0,195172.8,0,0,0,0.0,0.4169,1.4342,2.8504
A,4,45,Read-only,0.99,0.005,83,300,24900,71.701,120.5,0.524,20.896,27.5,6.832,6.4,9.3,30.0,35.0,4.896,4.6,8.0,10.4,14.5,146370.0,204262.4,0,0,0,0.0,0.414,1.405,2.8846
A,4,45,Read-only,0.99,0.005,84,100,25000,66.677,121,0.5337,19.909,15,6.491,6.5,9.9,29.6,29.6,5.545,5.2,10.2,12.9,12.9,154059.6,180342.4,0,0,0,0.0,0.385,1.3386,2.2946
A,4,45,Search-heavy,0.8,0.15,1,300,300,51.951,70.618,0.8419,19.171,17.558,11.814,4.9,18.6,37.4,1725.5,3.784,2.2,3.2,4.6,38481.9,84647.7,264261.2,0,1,0,0.018182,0.2999,1.289,8.1304
A,4,45,Search-heavy,0.8,0.15,2,300,600,65.214,64.085,0.4269,19.59,18.493,7.566,6.2,14.1,52.8,68.1,5.858,5.3,11.4,15.6,17.4,132164.4,170716.5,0,0,0,0.0,0.3765,1.3171,3.3846
A,4,45,Search-heavy,0.8,0.15,3,300,900,70.123,73.263,0.5739,19.403,19.351,6.917,5.9,10.5,32.8,74.0,5.341,4.9,10.1,14.3,17.8,144578.2,187231.0,0,0,0,0.0,0.4049,1.3046,2.2937
A,4,45,Search-heavy,0.8,0.15,4,300,1200,89.905,83.672,0.5557,19.992,18.862,7.285,7.0,12.2,17.4,38.4,4.819,4.6,8.5,11.3,13.5,137268.3,207526.4,0,0,0,0.0,0.5191,1.3442,1.5398
A,4,45,Search-heavy,0.8,0.15,5,300,1500,97.329,106.939,0.6238,19.756,20.242,7.829,7.3,13.6,30.8,35.3,4.582,4.3,7.8,10.6,12.6,127730.2,218229.6,0,0,0,0.0,0.5619,1.3284,2.9057
A,4,45,Search-heavy,0.8,0.15,6,300,1800,111.525,125.667,0.6461,19.171,18.133,8.931,8.2,16.7,31.4,35.5,4.88,4.6,8.8,12.4,15.0,111973.7,204932.0,0,0,0,0.0,0.6439,1.289,2.5323
A,4,45,Search-heavy,0.8,0.15,7,300,2100,127.278,116.354,0.6635,19.476,18.021,9.276,8.4,17.2,26.8,33.8,4.647,4.4,8.0,12.4,13.4,107801.2,215207.8,0,0,0,0.0,0.7348,1.3095,2.1613
A,4,45,Search-heavy,0.8,0.15,8,300,2400,77.667,99.667,0.9166,18.78,18.278,11.907,5.4,18.0,31.4,1431.6,4.506,4.3,7.9,10.6,14.0,83984.2,221942.6,1,0,0,0.018519,0.4484,1.2628,2.9622
A,4,45,Search-heavy,0.8,0.15,9,300,2700,62.611,87.854,0.6174,19.671,17.833,6.648,5.6,10.9,31.5,57.5,5.566,5.1,10.5,15.7,17.6,150413.7,179651.4,0,0,0,0.0,0.3615,1.3226,2.0064
A,4,45,Search-heavy,0.8,0.15,10,300,3000,69.708,107.017,0.6342,19.708,19.05,6.45,5.8,11.0,28.2,34.0,4.852,4.5,8.9,10.6,12.3,155030.7,206114.8,0,0,0,0.0,0.4025,1.3251,2.6604
A,4,45,Search-heavy,0.8,0.15,11,300,3300,73.339,111.633,0.7063,19.59,18.959,7.055,5.7,12.6,30.6,33.3,4.609,4.4,7.8,9.8,10.2,141750.1,216951.1,0,0,0,0.0,0.4234,1.3172,3.1225
A,4,45,Search-heavy,0.8,0.15,12,300,3600,80.955,120.696,0.6536,20.467,18.661,7.925,6.8,14.4,32.4,57.2,5.455,5.0,10.2,14.4,16.4,126182.9,183318.1,0,0,0,0.0,0.4674,1.3762,2.25
A,4,45,Search-heavy,0.8,0.15,13,300,3900,88.098,98.354,0.6739,19.311,17.123,7.372,6.2,13.6,30.3,34.7,4.843,4.7,8.5,12.5,14.3,135654.6,206497.6,0,0,0,0.0,0.5086,1.2984,2.424
A,4,45,Search-heavy,0.8,0.15,14,300,4200,91.832,118.321,0.6899,20.201,18.607,7.681,6.2,13.9,31.0,59.1,4.728,4.7,8.0,10.4,12.2,130197.0,211505.9,0,0,0,0.0,0.5302,1.3583,2.9808
A,4,45,Search-heavy,0.8,0.15,15,300,4500,100.746,101.824,0.6833,20.478,18.824,10.626,8.8,25.2,53.9,67.2,5.734,5.3,11.1,14.7,21.3,94105.9,174398.3,0,0,0,0.0,0.5817,1.3769,3.6667
A,4,45,Search-heavy,0.8,0.15,16,300,4800,95.882,118.919,0.7372,20.765,17.774,8.25,7.0,16.7,31.4,34.5,5.668,5.4,10.5,15.4,18.0,121207.3,176439.4,0,0,0,0.0,0.5536,1.3962,2.039
A,4,45,Search-heavy,0.8,0.15,17,300,5100,106.605,158.339,0.6981,19.731,18.952,8.613,7.5,16.8,32.4,35.3,4.781,4.5,8.8,11.5,14.6,116108.1,209175.8,0,0,0,0.0,0.6155,1.3267,2.8174
A,4,45,Search-heavy,0.8,0.15,18,300,5400,124.089,117.741,0.6531,19.874,18.63,9.901,8.7,18.9,32.0,46.6,5.293,4.8,9.5,16.5,19.1,101003.3,188916.8,0,0,0,0.0,0.7164,1.3363,1.9394
A,4,45,Search-heavy,0.8,0.15,19,300,5700,117.75,159.926,0.7219,19.272,17.941,9.266,7.7,19.0,33.8,60.2,4.867,4.5,8.6,10.8,12.5,107925.3,205479.4,0,0,0,0.0,0.6798,1.2958,3.1296
A,4,45,Search-heavy,0.8,0.15,20,300,6000,131.62,186.055,0.6959,18.91,17.527,15.216,8.8,21.3,33.1,1457.1,4.577,4.3,8.2,9.5,10.3,65720.3,218499.4,0,0,0,0.0,0.7599,1.2715,3.4842
A,4,45,Search-heavy,0.8,0.15,21,300,6300,140.952,174.278,0.7054,18.307,17.569,10.628,9.2,22.4,29.5,46.1,4.841,4.6,8.5,13.2,17.9,94094.0,206583.1,0,0,0,0.0,0.8138,1.2309,2.2349
A,4,45,Search-heavy,0.8,0.15,22,300,6600,163.052,181.07,0.6743,19.559,19.563,11.395,9.6,23.3,31.2,34.7,4.546,4.3,8.1,10.1,16.5,87755.2,219973.4,0,0,0,0.0,0.9414,1.3151,3.0891
A,4,45,Search-heavy,0.8,0.15,23,300,6900,154.242,157.058,0.668,18.455,18.522,11.373,9.7,24.4,39.4,45.5,4.915,4.4,9.1,15.4,36.5,87930.1,203472.7,0,0,0,0.0,0.8905,1.2408,2.5584
A,4,45,Search-heavy,0.8,0.15,24,300,7200,155.128,171.651,0.7216,18.222,16.791,11.315,9.3,24.2,32.0,42.5,4.905,4.6,8.9,11.6,13.8,88380.8,203887.5,0,0,0,0.0,0.8956,1.2252,2.7586
A,4,45,Search-heavy,0.8,0.15,25,300,7500,158.327,193.909,0.7218,19.024,18.382,11.324,10.0,24.9,31.1,32.9,4.59,4.3,7.8,9.0,10.8,88310.6,217864.7,0,0,0,0.0,0.9141,1.2792,3.4555
A,4,45,Search-heavy,0.8,0.15,26,300,7800,172.707,223.028,0.7457,20.1,19.62,12.956,10.6,28.5,39.6,56.9,5.172,4.7,9.8,12.6,13.7,77186.3,193348.8,0,0,0,0.0,0.9971,1.3515,3.1429
A,4,45,Search-heavy,0.8,0.15,27,300,8100,184.219,235.038,0.7065,18.98,15.981,13.06,11.2,27.4,29.4,35.2,4.739,4.5,8.2,10.9,12.4,76569.7,211014.8,0,0,0,0.0,1.0636,1.2761,2.6973
A,4,45,Search-heavy,0.8,0.15,28,300,8400,186.753,194.906,0.7232,18.899,18.453,14.514,11.8,30.0,41.0,155.2,5.265,4.9,9.5,11.8,13.2,68897.4,189921.7,0,0,0,0.0,1.0782,1.2707,3.4745
A,4,45,Search-heavy,0.8,0.15,29,300,8700,193.955,220.83,0.7143,19.219,17.358,13.787,11.2,29.5,35.6,59.2,5.293,5.0,9.5,13.0,14.4,72533.9,188928.7,0,0,0,0.0,1.1198,1.2922,2.7385
A,4,45,Search-heavy,0.8,0.15,30,300,9000,196.694,211.2,0.7347,18.51,16.982,14.8,12.2,32.2,41.3,59.6,5.037,4.7,8.6,11.0,16.9,67566.0,198544.0,0,0,0,0.0,1.1356,1.2446,3.7546
A,4,45,Search-heavy,0.8,0.15,31,300,9300,196.404,230.292,0.7655,19.17,17.954,13.966,11.3,32.8,35.5,44.8,5.56,5.3,10.6,14.3,20.0,71602.5,179845.3,0,0,0,0.0,1.1339,1.289,2.4825
A,4,45,Search-heavy,0.8,0.15,32,300,9600,178.079,242.361,0.7879,19.117,17.541,18.861,10.9,31.7,37.6,1642.2,5.071,4.8,8.9,12.5,12.9,53019.5,197199.9,1,0,0,0.016393,1.0281,1.2854,3.008
A,4,45,Search-heavy,0.8,0.15,33,300,9900,151.691,220.828,0.7174,18.695,16.812,11.53,10.4,25.0,36.2,37.2,5.204,4.9,9.7,13.0,14.9,86730.3,192147.6,0,0,0,0.0,0.8758,1.257,2.7846
A,4,45,Search-heavy,0.8,0.15,34,300,10200,145.197,162.984,0.742,19.076,17.548,10.886,8.9,24.8,33.3,36.5,5.074,4.9,9.4,13.2,14.2,91858.3,197096.0,0,0,0,0.0,0.8383,1.2826,2.5227
A,4,45,Search-heavy,0.8,0.15,35,300,10500,145.837,187.791,0.68,19.536,18.925,11.758,9.9,27.9,43.1,47.6,5.46,5.1,10.3,14.5,15.4,85050.9,183139.1,0,0,0,0.0,0.842,1.3136,2.9724
A,4,45,Search-heavy,0.8,0.15,36,300,10800,167.367,240.079,0.7129,18.485,19.016,12.541,11.5,28.4,34.9,35.5,5.086,4.7,9.4,13.0,13.5,79738.4,196631.1,0,0,0,0.0,0.9663,1.2429,2.6846
A,4,45,Search-heavy,0.8,0.15,37,300,11100,171.68,249.068,0.6661,18.444,16.203,13.125,11.9,28.4,41.9,50.1,5.015,4.8,9.2,11.3,11.9,76192.4,199401.8,0,0,0,0.0,0.9912,1.2401,3.708
A,4,45,Search-heavy,0.8,0.15,38,300,11400,165.258,215.549,0.6729,19.721,18.408,11.966,11.0,27.5,32.9,38.4,5.161,4.9,9.4,11.9,13.3,83572.5,193760.9,0,0,0,0.0,0.9541,1.326,2.7647
A,4,45,Search-heavy,0.8,0.15,39,300,11700,172.988,229.019,0.6781,18.524,17.115,14.713,10.7,27.3,34.4,674.2,4.794,4.6,8.2,10.1,11.0,67965.6,208594.0,0,0,0,0.0,0.9987,1.2455,3.4059
A,4,45,Search-heavy,0.8,0.15,40,300,12000,175.661,229.483,0.7049,19.169,18.81,13.046,11.3,30.2,37.7,51.0,5.227,4.9,9.2,12.2,15.6,76651.8,191302.2,0,0,0,0.0,1.0142,1.2889,3.0902
A,4,45,Search-heavy,0.8,0.15,41,300,12300,182.25,207.9,0.6744,18.321,16.75,12.989,11.4,30.1,33.4,37.3,4.58,4.4,8.6,9.9,11.0,76988.3,218340.4,0,0,0,0.0,1.0522,1.2318,3.3738
A,4,45,Search-heavy,0.8,0.15,42,300,12600,191.205,249.246,0.6662,18.577,17.852,14.865,13.1,31.1,55.0,154.8,4.968,4.8,8.7,12.3,17.6,67272.1,201288.2,0,0,0,0.0,1.1039,1.2491,4.4715
A,4,45,Search-heavy,0.8,0.15,43,300,12900,198.166,267.4,0.6644,19.111,18.892,13.751,12.0,31.7,34.6,35.4,4.806,4.5,8.7,10.9,12.0,72723.7,208073.2,0,0,0,0.0,1.1441,1.2849,3.1743
A,4,45,Search-heavy,0.8,0.15,44,300,13200,197.171,260.75,0.6818,19.625,19.317,15.638,12.8,36.1,70.3,86.6,5.521,5.2,9.5,11.8,13.2,63945.4,181137.6,0,0,0,0.0,1.1384,1.3195,5.9576
A,4,45,Search-heavy,0.8,0.15,45,300,13500,34.73,38.269,1.4903,18.581,18.192,14.525,6.2,17.7,37.1,2001.7,5.303,4.8,10.0,11.9,15.1,68848.4,188584.3,0,1,0,0.019231,0.2005,1.2493,3.1176
A,4,45,Search-heavy,0.8,0.15,46,300,13800,23.278,24.604,0.6309,19.631,17.083,6.568,5.9,12.8,16.8,22.5,4.944,4.8,8.3,10.4,11.8,152253.5,202265.2,0,0,0,0.0,0.1344,1.3199,1.6154
A,4,45,Search-heavy,0.8,0.15,47,300,14100,23.03,22.588,0.6504,18.534,17.132,7.274,6.2,14.5,24.8,35.9,5.051,4.6,9.5,12.2,16.2,137469.6,197980.6,0,0,0,0.0,0.133,1.2462,2.0328
A,4,45,Search-heavy,0.8,0.15,48,300,14400,23.641,26.545,0.6064,19.56,17.848,7.094,6.1,15.8,22.3,22.9,4.983,4.6,9.0,12.4,13.7,140970.8,200669.0,0,0,0,0.0,0.1365,1.3152,1.7984
A,4,45,Search-heavy,0.8,0.15,49,300,14700,20.777,20.453,0.6905,18.874,18.321,6.115,5.6,12.2,19.5,57.4,4.544,4.2,7.6,9.9,11.9,163523.3,220086.7,0,0,0,0.0,0.12,1.2691,1.9697
A,4,45,Search-heavy,0.8,0.15,50,300,15000,16.004,14.136,0.7656,19.797,18.525,7.42,2.8,4.4,47.5,1259.8,4.911,4.4,8.8,13.3,18.3,134764.8,203638.5,0,0,0,0.0,0.0924,1.3311,3.5714
A,4,45,Search-heavy,0.8,0.15,51,300,15300,31.15,32.278,0.6286,18.614,17.815,3.983,3.6,5.6,32.8,35.9,4.665,4.4,7.9,10.5,11.0,251067.2,214362.2,0,0,0,0.0,0.1798,1.2515,3.1238
A,4,45,Search-heavy,0.8,0.15,52,300,15600,52.479,55.453,0.654,18.919,18.203,4.901,4.6,8.0,8.9,34.9,4.353,4.1,7.4,9.2,10.5,204053.8,229709.0,0,0,0,0.0,0.303,1.2721,0.9674
A,4,45,Search-heavy,0.8,0.15,53,300,15900,60.983,64.791,0.7055,19.133,17.552,5.49,4.7,9.9,18.5,43.8,4.243,3.9,7.3,9.4,13.2,182160.5,235682.1,0,0,0,0.0,0.3521,1.2865,1.9681
A,4,45,Search-heavy,0.8,0.15,54,300,16200,94.498,92.662,0.6006,19.63,17.738,7.51,6.8,13.0,22.9,63.8,4.56,4.2,8.3,10.4,12.9,133150.0,219282.0,0,0,0,0.0,0.5456,1.3199,2.2019
A,4,45,Search-heavy,0.8,0.15,55,300,16500,108.962,103.905,0.6604,19.013,16.159,7.84,7.1,15.1,16.5,25.7,4.841,4.7,8.3,10.5,12.5,127545.5,206583.1,0,0,0,0.0,0.6291,1.2784,1.5714
A,4,45,Search-heavy,0.8,0.15,56,300,16800,134.447,141.028,0.5909,19.259,18.028,9.37,8.9,16.9,34.3,36.6,4.408,4.1,7.5,12.8,15.0,106727.4,226860.4,0,0,0,0.0,0.7762,1.2949,2.6797
A,4,45,Search-heavy,0.8,0.15,57,300,17100,140.841,156.291,0.7267,18.131,18.891,9.791,8.8,20.5,26.2,39.9,4.427,4.1,7.4,12.3,14.9,102131.2,225886.5,0,0,0,0.0,0.8131,1.2191,2.1301
A,4,45,Search-heavy,0.8,0.15,58,300,17400,176.97,153.8,0.6528,19.557,17.985,11.436,10.0,23.0,25.3,32.4,4.897,4.7,8.7,10.4,12.5,87440.6,204220.5,0,0,0,0.0,1.0217,1.315,2.4327
A,4,45,Search-heavy,0.8,0.15,59,300,17700,204.732,187.646,0.6343,19.166,18.723,13.194,12.4,25.9,37.4,53.5,4.517,4.3,8.0,9.9,12.4,75790.1,221385.9,0,0,0,0.0,1.182,1.2887,3.7778
A,4,45,Search-heavy,0.8,0.15,60,300,18000,214.008,252.042,0.6634,19.028,17.146,14.94,14.2,28.8,36.9,50.4,5.392,4.9,10.4,14.9,15.8,66935.9,185471.3,0,0,0,0.0,1.2356,1.2794,2.4765
A,4,45,Search-heavy,0.8,0.15,61,300,18300,216.729,217.844,0.6799,19.127,18.047,14.068,12.1,29.8,36.3,55.1,5.176,4.9,9.6,12.4,17.2,71083.3,193186.9,0,0,0,0.0,1.2513,1.2861,2.9274
A,4,45,Search-heavy,0.8,0.15,62,300,18600,228.86,229.281,0.7078,18.047,16.844,21.611,12.7,33.1,46.5,2031.8,5.463,5.1,10.1,12.6,13.2,46272.7,183060.9,0,0,0,0.0,1.3213,1.2134,3.6905
A,4,45,Search-heavy,0.8,0.15,63,300,18900,273.076,290.578,0.666,19.127,18.344,17.2,15.4,35.1,37.8,39.4,5.274,4.8,10.2,15.3,19.1,58139.5,189597.5,0,0,0,0.0,1.5766,1.2861,2.4706
A,4,45,Search-heavy,0.8,0.15,64,300,19200,269.042,265.59,0.6821,18.351,18.885,17.421,15.6,36.8,45.1,73.2,5.187,4.8,10.4,14.1,15.7,57400.9,192777.2,0,0,0,0.0,1.5533,1.2339,3.1986
A,4,45,Search-heavy,0.8,0.15,65,300,19500,291.589,310.22,0.678,19.1,16.644,18.355,16.1,40.1,42.6,43.0,4.973,4.7,9.0,13.1,13.4,54481.1,201072.4,0,0,0,0.0,1.6835,1.2842,3.2519
A,4,45,Search-heavy,0.8,0.15,66,300,19800,329.344,315.875,0.6392,19.295,17.071,21.142,19.6,44.5,47.8,63.0,5.578,5.2,10.8,14.6,17.4,47298.5,179265.0,0,0,0,0.0,1.9015,1.2974,3.274
A,4,45,Search-heavy,0.8,0.15,67,300,20100,309.512,290.483,0.7204,18.317,18.467,19.216,15.4,43.9,54.5,70.3,4.993,4.6,8.8,13.2,28.4,52039.1,200293.7,0,0,0,0.0,1.787,1.2316,4.1288
A,4,45,Search-heavy,0.8,0.15,68,300,20400,334.608,342.911,0.6711,18.757,16.778,21.325,18.1,44.5,49.2,62.9,5.419,5.2,9.2,11.4,15.7,46892.6,184547.1,0,0,0,0.0,1.9319,1.2612,4.3158
A,4,45,Search-heavy,0.8,0.15,69,300,20700,381.173,365.46,0.6151,18.051,17.254,23.417,21.5,49.2,54.0,58.2,4.879,4.5,9.1,11.9,13.5,42704.0,204960.1,0,0,0,0.0,2.2007,1.2137,4.5378
A,4,45,Search-heavy,0.8,0.15,70,300,21000,385.526,295.941,0.6647,20.008,17.333,23.673,20.2,52.7,55.1,56.6,5.334,4.9,9.7,11.1,12.2,42242.2,187476.5,0,0,0,0.0,2.2258,1.3453,4.964
A,4,45,Search-heavy,0.8,0.15,71,300,21300,386.236,409.638,0.6824,18.446,16.534,24.77,21.6,55.2,63.3,108.7,5.157,4.8,9.5,12.2,13.5,40370.9,193923.7,0,0,0,0.0,2.2299,1.2403,5.1885
A,4,45,Search-heavy,0.8,0.15,72,300,21600,411.728,473.204,0.6816,18.919,19.519,26.399,24.3,57.0,66.1,82.1,5.357,5.0,9.7,14.2,17.0,37879.7,186683.4,0,0,0,0.0,2.3771,1.272,4.6549
A,4,45,Search-heavy,0.8,0.15,73,300,21900,476.688,377.957,0.6308,19.344,18.191,28.831,27.8,61.0,62.7,64.9,5.308,4.9,9.2,11.2,12.5,34684.5,188394.7,0,0,0,0.0,2.7522,1.3006,5.5982
A,4,45,Search-heavy,0.8,0.15,74,300,22200,421.764,514.759,0.7606,18.346,17.741,27.202,22.0,62.0,68.6,72.2,5.587,5.3,10.4,13.3,13.7,36762.4,178997.8,0,0,0,0.0,2.4351,1.2335,5.1579
A,4,45,Search-heavy,0.8,0.15,75,300,22500,428.045,473.241,0.7071,18.907,18,33.445,23.8,60.4,87.8,2000.1,5.608,5.2,10.9,13.6,17.1,29899.8,178316.5,0,0,0,0.0,2.4713,1.2712,6.4559
A,4,45,Search-heavy,0.8,0.15,76,300,22800,442.433,415.629,0.7264,19.21,18.758,27.471,22.0,67.0,77.5,90.0,6.655,4.8,10.2,60.5,257.5,36402.0,150270.4,0,0,0,0.0,2.5544,1.2916,1.281
A,4,45,Search-heavy,0.8,0.15,77,300,23100,506.848,470.714,0.6598,18.949,17.571,30.813,27.7,66.9,71.4,114.9,5.083,4.9,9.1,13.6,15.8,32454.2,196747.2,0,0,0,0.0,2.9263,1.2741,5.25
A,4,45,Search-heavy,0.8,0.15,78,300,23400,483.173,568.698,0.707,19.747,18.54,29.915,25.5,69.6,75.9,87.2,5.328,5.0,9.5,12.3,14.1,33428.4,187699.3,0,0,0,0.0,2.7896,1.3277,6.1707
A,4,45,Search-heavy,0.8,0.15,79,300,23700,529.409,459.508,0.6786,19.359,19.032,31.536,26.6,72.9,77.6,84.4,5.258,4.7,10.1,13.2,19.2,31709.5,190198.4,0,0,0,0.0,3.0565,1.3016,5.8788
A,4,45,Search-heavy,0.8,0.15,80,300,24000,545.671,566.517,0.6603,18.4,18.55,33.262,29.1,73.9,82.2,94.1,5.156,4.7,9.0,11.8,14.1,30064.0,193961.4,0,0,0,0.0,3.1504,1.2372,6.9661
A,4,45,Search-heavy,0.8,0.15,81,300,24300,581.129,554.4,0.6925,18.246,18.517,35.88,31.5,79.4,88.9,118.8,5.231,5.0,9.8,14.0,15.3,27870.9,191168.0,0,0,0,0.0,3.3552,1.2268,6.35
A,4,45,Search-heavy,0.8,0.15,82,300,24600,590.3,587.9,0.7092,18.935,17.843,36.049,30.7,81.4,90.2,129.2,5.539,5.2,10.0,12.9,19.0,27739.8,180527.3,0,0,0,0.0,3.4081,1.2731,6.9923
A,4,45,Search-heavy,0.8,0.15,83,300,24900,617.232,560.704,0.6669,19.984,18.426,37.874,35.2,83.6,88.9,93.5,5.809,5.5,10.0,13.7,19.9,26403.1,172156.6,0,0,0,0.0,3.5636,1.3437,6.4891
A,4,45,Search-heavy,0.8,0.15,84,100,25000,652.953,689,0.6742,20.153,17.2,40.575,39.7,86.2,94.8,94.8,5.716,5.8,9.4,12.6,12.6,24645.7,174947.4,0,0,0,0.0,3.7698,1.355,7.5238
A,4,45,Balanced,0.34,0.33,1,300,300,46.443,58.163,0.4902,20.629,17.601,12.67,4.5,19.7,31.3,1903.5,2.548,2.3,3.2,4.3,1003.1,78924.5,392414.9,0,1,0,0.004926,0.2681,1.387,7.279
A,4,45,Balanced,0.34,0.33,2,300,600,83.787,78.908,0.452,18.489,17.558,6.196,5.3,10.5,31.1,38.2,3.282,2.7,7.4,8.7,11.9,161385.7,304692.1,0,0,0,0.0,0.4837,1.2432,3.5747
A,4,45,Balanced,0.34,0.33,3,300,900,106.949,113.52,0.5659,18.296,17.307,7.267,6.5,13.8,31.5,34.0,3.337,2.6,7.1,10.5,15.3,137608.4,299700.4,0,0,0,0.0,0.6175,1.2302,3.0
A,4,45,Balanced,0.34,0.33,4,300,1200,84.657,93.505,0.7048,17.213,18.161,11.366,5.6,14.4,30.4,1489.7,3.271,2.8,6.8,9.0,9.8,87984.3,305748.0,1,0,0,0.005208,0.4888,1.1574,3.3778
A,4,45,Balanced,0.34,0.33,5,300,1500,70.178,88.583,0.6391,19.307,17.93,6.071,5.4,10.6,30.9,38.9,3.23,2.6,7.1,8.8,11.1,164717.5,309597.4,0,0,0,0.0,0.4052,1.2981,3.5114
A,4,45,Balanced,0.34,0.33,6,300,1800,95.414,119.104,0.6125,19.566,17.557,7.122,6.6,14.2,27.8,29.8,3.391,2.7,7.3,12.2,12.9,140416.6,294897.7,0,0,0,0.0,0.5509,1.3155,2.2787
A,4,45,Balanced,0.34,0.33,7,300,2100,108.289,132,0.7072,18.474,17.379,7.401,6.6,15.8,27.9,35.6,3.194,2.6,7.0,9.8,11.9,135116.8,313120.1,0,0,0,0.0,0.6252,1.2422,2.8469
A,4,45,Balanced,0.34,0.33,8,300,2400,119.455,140.84,0.7574,18.143,17.048,7.953,6.7,19.5,28.6,30.2,3.168,2.6,6.4,9.5,9.8,125738.7,315690.0,0,0,0,0.0,0.6897,1.2199,3.0105
A,4,45,Balanced,0.34,0.33,9,300,2700,137.67,148.783,0.6878,18.909,17.623,13.902,7.3,19.6,42.6,1499.7,3.497,2.8,7.4,9.5,21.3,71930.4,285986.4,1,0,0,0.004717,0.7948,1.2714,4.4842
A,4,45,Balanced,0.34,0.33,10,300,3000,110.111,144.024,0.7036,19.089,17.7,7.89,6.5,17.2,27.9,32.8,3.234,2.6,7.4,10.0,11.2,126737.3,309214.7,0,0,0,0.0,0.6357,1.2835,2.79
A,4,45,Balanced,0.34,0.33,11,300,3300,114.991,155.632,0.7179,19.701,18.202,8.487,7.0,18.7,27.7,30.5,3.563,2.7,7.9,12.1,13.3,117831.9,280636.0,0,0,0,0.0,0.6639,1.3246,2.2893
A,4,45,Balanced,0.34,0.33,12,300,3600,115.01,159.297,0.6359,18.827,17.574,8.516,7.1,18.4,31.0,60.1,3.334,2.8,7.6,9.4,11.6,117421.3,299939.9,0,0,0,0.0,0.664,1.2658,3.2979
A,4,45,Balanced,0.34,0.33,13,300,3900,140.606,178.294,0.6585,18.475,17.98,9.587,8.1,22.8,32.0,37.6,3.381,2.9,6.7,9.4,11.7,104304.3,295770.7,0,0,0,0.0,0.8118,1.2422,3.4043
A,4,45,Balanced,0.34,0.33,14,300,4200,134.5,199.495,0.7412,18.731,18.821,9.964,8.3,22.4,29.9,63.9,3.69,2.8,8.2,11.0,13.6,100357.9,271002.6,0,0,0,0.0,0.7765,1.2594,2.7182
A,4,45,Balanced,0.34,0.33,15,300,4500,136.34,209.616,0.7019,19.515,18.153,14.674,8.2,20.4,34.1,1508.1,3.44,2.8,7.1,9.8,11.7,68147.7,290669.7,0,0,0,0.0,0.7872,1.3122,3.4796
A,4,45,Balanced,0.34,0.33,16,300,4800,162.144,247.404,0.6959,19.701,17.537,10.924,9.6,22.5,30.4,69.4,3.493,2.8,7.8,10.3,13.2,91544.3,286314.0,0,0,0,0.0,0.9361,1.3246,2.9515
A,4,45,Balanced,0.34,0.33,17,300,5100,171.032,266.859,0.756,19.957,18.383,11.906,10.4,27.4,41.7,52.0,3.505,2.8,7.9,10.9,11.7,83989.0,285334.1,0,0,0,0.0,0.9875,1.3419,3.8257
A,4,45,Balanced,0.34,0.33,18,300,5400,190.515,267.318,0.6922,19.091,18.647,12.757,10.6,28.7,40.4,73.8,3.432,2.9,7.2,9.4,11.8,78388.3,291403.2,0,0,0,0.0,1.0999,1.2836,4.2978
A,4,45,Balanced,0.34,0.33,19,300,5700,178.778,301.343,0.8277,19.828,18.781,12.555,10.1,29.7,36.5,45.7,3.627,2.8,8.2,10.8,15.3,79649.6,275710.1,0,0,0,0.0,1.0322,1.3332,3.3796
A,4,45,Balanced,0.34,0.33,20,300,6000,113.161,187.043,1.159,20.032,19.903,17.291,8.7,25.9,33.8,1900.9,3.523,2.9,7.4,9.7,10.9,57834.7,283848.8,0,1,0,0.004831,0.6533,1.3469,3.4845
A,4,45,Balanced,0.34,0.33,21,300,6300,23.053,25.396,0.5913,20.195,19.086,7.571,6.5,17.2,22.5,27.8,3.814,3.0,7.9,11.2,14.7,132082.9,262214.9,0,0,0,0.0,0.1331,1.3578,2.0089
A,4,45,Balanced,0.34,0.33,22,300,6600,25.43,26.475,0.5114,20.75,19.695,6.01,4.9,12.9,17.9,20.6,3.469,2.9,7.3,9.4,13.6,166380.2,288267.7,0,0,0,0.0,0.1468,1.3952,1.9043
A,4,45,Balanced,0.34,0.33,23,300,6900,28.194,36.64,0.6424,19.573,19.193,9.648,5.0,12.9,19.2,1105.3,3.341,2.9,6.7,8.6,10.0,103644.9,299341.1,0,0,0,0.0,0.1628,1.316,2.2325
A,4,45,Balanced,0.34,0.33,24,300,7200,41.938,43.471,0.7328,21.344,19.093,7.357,6.3,15.6,20.6,75.1,3.686,2.9,7.9,10.7,15.4,135931.1,271272.3,0,0,0,0.0,0.2421,1.4351,1.9252
A,4,45,Balanced,0.34,0.33,25,300,7500,48.677,52.98,0.8224,21.091,18.612,7.141,6.1,14.4,23.3,58.7,3.396,2.8,7.0,10.4,12.6,140036.5,294435.0,0,0,0,0.0,0.281,1.4181,2.2404
A,4,45,Balanced,0.34,0.33,26,300,7800,51.314,56.497,0.9607,20.091,19.022,6.67,6.4,12.8,15.7,17.2,3.452,3.0,7.3,8.7,12.0,149925.0,289715.5,0,0,0,0.0,0.2963,1.3509,1.8046
A,4,45,Balanced,0.34,0.33,27,300,8100,70.019,70.906,0.9013,19.852,18.156,8.403,7.5,16.3,24.0,26.7,3.809,2.8,8.9,12.9,18.0,119005.2,262559.1,0,0,0,0.0,0.4043,1.3348,1.8605
A,4,45,Balanced,0.34,0.33,28,300,8400,90.778,75.458,0.889,19.909,19.458,12.845,7.3,16.9,21.2,1457.4,3.515,2.8,7.7,11.1,12.4,77853.3,284468.0,0,0,0,0.0,0.5241,1.3386,1.9099
A,4,45,Balanced,0.34,0.33,29,300,8700,79.6,93.979,1.0692,20.067,19.682,8.527,8.0,18.0,20.7,21.2,3.866,3.0,8.7,12.3,55.3,117270.0,258642.7,0,0,0,0.0,0.4596,1.3492,1.6829
A,4,45,Balanced,0.34,0.33,30,300,9000,91.212,82.73,1.0531,19.144,19.133,8.452,7.4,18.5,23.5,24.5,3.546,2.9,7.4,10.3,13.8,118319.8,282034.7,0,0,0,0.0,0.5266,1.2872,2.2816
A,4,45,Balanced,0.34,0.33,31,300,9300,94.606,86.363,1.1717,19.657,19.557,7.955,7.1,19.1,24.6,27.5,3.401,2.9,6.9,10.1,10.6,125712.3,294031.1,0,0,0,0.0,0.5462,1.3217,2.4356
A,4,45,Balanced,0.34,0.33,32,300,9600,25.311,27.017,0.744,19.857,19.503,3.908,3.3,8.1,13.0,33.2,3.788,3.0,8.6,11.1,13.6,255907.0,264014.7,0,0,0,0.0,0.1461,1.3351,1.1712
A,4,45,Balanced,0.34,0.33,33,300,9900,67.532,64.296,0.6952,22,18.825,5.034,4.6,9.5,12.4,47.8,3.342,2.7,7.5,10.3,10.6,198635.9,299222.4,0,0,0,0.0,0.3899,1.4792,1.2039
A,4,45,Balanced,0.34,0.33,34,300,10200,97.972,92.425,0.7315,20.523,19.238,11.097,5.6,13.8,16.0,1478.1,3.362,2.8,6.8,10.4,11.9,90117.1,297441.8,0,0,0,0.0,0.5656,1.3799,1.5385
A,4,45,Balanced,0.34,0.33,35,300,10500,119.723,140.207,0.799,19.759,19.516,7.918,7.2,18.1,22.4,32.7,3.608,3.0,8.0,10.2,11.0,126289.2,277135.9,0,0,0,0.0,0.6912,1.3285,2.1961
A,4,45,Balanced,0.34,0.33,36,300,10800,161.462,171.758,0.7611,19.785,20.56,8.973,8.0,21.0,28.1,36.4,3.341,2.8,6.6,8.9,10.0,111445.4,299341.5,0,0,0,0.0,0.9322,1.3303,3.1573
A,4,45,Balanced,0.34,0.33,37,300,11100,135.954,163.738,1.1281,20.615,18.99,8.838,6.8,24.6,37.6,52.2,3.619,2.9,8.5,10.6,11.4,113143.5,276293.8,0,0,0,0.0,0.7849,1.3861,3.5472
A,4,45,Balanced,0.34,0.33,38,300,11400,36.446,38.176,0.6549,19.901,19.884,3.912,3.5,5.9,9.1,44.5,3.37,2.9,6.8,8.8,15.4,255601.9,296735.9,0,0,0,0.0,0.2104,1.3381,1.0341
A,4,45,Balanced,0.34,0.33,39,300,11700,86.127,85.293,0.6276,19.48,19.924,5.634,5.1,11.0,14.4,16.2,3.273,2.9,6.5,7.9,9.4,177493.8,305561.1,0,0,0,0.0,0.4973,1.3098,1.8228
A,4,45,Balanced,0.34,0.33,40,300,12000,130.08,127.19,0.5842,21.43,19.94,9.904,6.9,14.9,18.3,785.7,3.47,2.9,7.8,10.6,11.3,100965.9,288184.1,0,0,0,0.0,0.751,1.4409,1.7264
A,4,45,Balanced,0.34,0.33,41,300,12300,45.378,51.98,0.9014,20.949,19.475,11.734,4.0,16.3,32.2,1894.0,3.364,2.8,6.9,9.2,10.2,85222.4,297236.1,0,1,0,0.00495,0.262,1.4086,3.5
A,4,45,Balanced,0.34,0.33,42,300,12600,46.373,50.78,0.7032,20.432,19.39,8.274,4.2,7.8,30.9,1102.6,3.468,2.9,6.8,9.1,9.3,120855.7,288322.9,0,0,0,0.0,0.2677,1.3738,3.3956
A,4,45,Balanced,0.34,0.33,43,300,12900,69.403,68.119,0.6962,19.508,19.739,5.822,5.0,10.6,34.9,38.6,3.708,3.1,7.6,8.9,11.5,171762.3,269711.3,0,0,0,0.0,0.4007,1.3117,3.9214
A,4,45,Balanced,0.34,0.33,44,300,13200,81.071,93.243,0.7665,20.041,19.564,6.582,5.6,13.8,32.9,51.9,3.588,2.9,8.4,10.6,14.3,151937.1,278732.9,0,0,0,0.0,0.4681,1.3475,3.1038
A,4,45,Balanced,0.34,0.33,45,300,13500,86,103.635,0.8553,19.864,19.254,6.677,5.4,15.3,31.4,64.8,3.392,2.9,7.0,9.1,11.4,149768.0,294840.2,0,0,0,0.0,0.4965,1.3356,3.4505
A,4,45,Balanced,0.34,0.33,46,300,13800,126.685,124.26,0.7679,21.37,20.236,7.491,6.3,18.1,30.4,32.1,3.271,2.8,6.4,9.6,10.8,133499.6,305685.8,0,0,0,0.0,0.7314,1.4368,3.1666
A,4,45,Balanced,0.34,0.33,47,300,14100,123.923,140.842,0.8504,19.817,19.597,8.197,6.4,19.6,33.8,50.5,3.595,2.9,8.1,11.2,12.6,121990.9,278190.0,0,0,0,0.0,0.7155,1.3325,3.0179
A,4,45,Balanced,0.34,0.33,48,300,14400,147.729,151.103,0.8784,21.51,18.794,13.825,6.6,22.2,29.1,1657.2,3.496,2.7,7.8,11.2,25.5,72334.5,286013.7,0,0,0,0.0,0.8529,1.4463,2.5982
A,4,45,Balanced,0.34,0.33,49,300,14700,191.699,185.449,0.7534,20.989,18.691,10.599,8.7,27.2,34.7,68.4,3.737,2.9,8.8,12.1,12.6,94348.5,267570.8,0,0,0,0.0,1.1068,1.4113,2.8678
A,4,45,Balanced,0.34,0.33,50,300,15000,197.146,221.686,0.843,21.208,19.49,10.998,8.6,27.6,38.8,82.9,3.73,2.9,8.7,10.6,10.7,90922.9,268072.3,0,0,0,0.0,1.1382,1.426,3.6604
A,4,45,Balanced,0.34,0.33,51,300,15300,208.446,216.588,0.8672,20.238,19.698,13.028,9.4,35.0,66.6,215.7,3.891,3.1,8.8,11.7,14.8,76759.7,257025.5,0,0,0,0.0,1.2035,1.3607,5.6923
A,4,45,Balanced,0.34,0.33,52,300,15600,252.075,229.675,0.7696,22.179,18.995,12.005,9.1,33.5,40.4,43.4,3.592,2.8,8.0,10.9,12.8,83296.3,278422.4,0,0,0,0.0,1.4554,1.4913,3.7064
A,4,45,Balanced,0.34,0.33,53,300,15900,228.049,275.873,0.8799,21.136,19.137,18.821,9.8,34.3,51.1,1854.3,3.64,2.8,8.2,11.8,13.7,53131.2,274725.4,1,0,0,0.005076,1.3166,1.4211,4.3305
A,4,45,Balanced,0.34,0.33,54,300,16200,156.534,179.482,0.7074,19.165,19.797,8.9,7.0,21.8,30.0,40.2,3.276,2.7,7.6,10.5,11.5,112363.8,305281.5,0,0,0,0.0,0.9037,1.2886,2.8571
A,4,45,Balanced,0.34,0.33,55,300,16500,161.02,189.53,0.6739,20.196,20.01,9.215,7.7,21.7,25.5,35.4,3.43,2.8,7.4,10.1,10.6,108522.6,291573.3,0,0,0,0.0,0.9296,1.3579,2.5248
A,4,45,Balanced,0.34,0.33,56,300,16800,165.127,186.854,0.6491,21.706,18.465,9.338,7.5,20.7,28.5,68.5,3.387,2.7,7.3,10.8,12.4,107093.2,295217.3,0,0,0,0.0,0.9534,1.4594,2.6389
A,4,45,Balanced,0.34,0.33,57,300,17100,160.175,223.383,0.6615,20.817,20.183,11.271,9.0,25.9,43.5,80.1,3.812,3.0,8.5,11.4,15.8,88725.9,262306.6,0,0,0,0.0,0.9248,1.3997,3.8158
A,4,45,Balanced,0.34,0.33,58,300,17400,195.021,268.199,0.6842,20.83,20.18,11.552,9.3,27.0,32.3,76.3,3.334,2.8,6.9,9.2,10.6,86562.6,299910.4,0,0,0,0.0,1.126,1.4005,3.5109
A,4,45,Balanced,0.34,0.33,59,300,17700,188.217,235.387,0.6561,19.887,18.716,16.767,9.2,25.3,38.0,1679.7,3.439,2.8,7.4,10.0,15.9,59642.2,290754.1,0,0,0,0.0,1.0867,1.3371,3.8
A,4,45,Balanced,0.34,0.33,60,300,18000,211.183,260.245,0.7152,20.413,19.454,11.62,9.1,28.4,34.5,36.5,3.378,2.7,6.9,9.2,9.4,86056.1,296003.6,0,0,0,0.0,1.2193,1.3725,3.75
A,4,45,Balanced,0.34,0.33,61,300,18300,160.887,222.985,0.9544,21.17,20.088,18.829,8.8,31.2,88.1,2092.6,3.948,3.0,9.6,13.5,18.0,53110.5,253314.0,0,1,0,0.005155,0.9289,1.4234,6.5259
A,4,45,Balanced,0.34,0.33,62,300,18600,16.491,15.773,0.7908,19.84,20.165,4.289,2.8,11.1,19.4,29.1,3.472,2.8,7.7,10.5,11.0,233136.6,287990.7,0,0,0,0.0,0.0952,1.334,1.8476
A,4,45,Balanced,0.34,0.33,63,300,18900,20.171,20.795,0.8446,20.705,19.944,3.185,2.7,5.1,13.6,35.6,3.388,2.8,7.7,9.0,9.7,313938.6,295130.4,0,0,0,0.0,0.1165,1.3921,1.5111
A,4,45,Balanced,0.34,0.33,64,300,19200,66.709,68.785,0.6216,21.186,19.5,4.985,4.6,9.1,12.9,44.8,3.373,2.8,7.8,12.8,13.1,200615.4,296500.9,0,0,0,0.0,0.3851,1.4245,1.0078
A,4,45,Balanced,0.34,0.33,65,300,19500,118.837,117.474,0.6233,20.981,20.255,11.807,5.8,14.1,35.4,1503.3,3.437,2.8,6.9,9.1,11.1,84695.5,290923.0,0,0,0,0.0,0.6861,1.4107,3.8901
A,4,45,Balanced,0.34,0.33,66,300,19800,141.012,152.491,0.6941,20.36,20.196,7.804,7.0,16.6,23.4,35.2,3.272,2.7,6.9,9.6,15.0,128144.9,305591.9,0,0,0,0.0,0.8141,1.369,2.4375
A,4,45,Balanced,0.34,0.33,67,300,20100,188.826,207.317,0.6579,20.196,20.524,9.611,8.8,22.1,26.0,43.2,3.351,2.7,7.2,9.0,12.4,104051.0,298388.9,0,0,0,0.0,1.0902,1.3579,2.8889
A,4,45,Balanced,0.34,0.33,68,300,20400,255.243,245.533,0.5999,20.155,19.553,11.76,10.4,27.9,33.9,36.6,3.364,2.8,7.2,8.9,11.2,85036.4,297264.9,0,0,0,0.0,1.4736,1.3552,3.809
A,4,45,Balanced,0.34,0.33,69,300,20700,306.202,280.816,0.558,22.106,19.587,13.718,12.3,34.1,43.2,47.3,3.515,2.7,8.0,9.2,14.2,72896.9,284494.9,0,0,0,0.0,1.7679,1.4864,4.6956
A,4,45,Balanced,0.34,0.33,70,300,21000,361.73,334.845,0.587,20.76,20.35,15.757,13.8,39.7,45.2,47.1,3.538,3.0,7.4,9.3,10.6,63465.2,282672.0,0,0,0,0.0,2.0884,1.3958,4.8602
A,4,45,Balanced,0.34,0.33,71,300,21300,406.182,379.653,0.6269,20.718,19.132,24.239,15.6,46.1,54.4,1874.8,3.617,2.8,8.2,11.3,12.5,41255.3,276497.8,0,0,0,0.0,2.3451,1.393,4.8142
A,4,45,Balanced,0.34,0.33,72,300,21600,443.08,413.725,0.6134,21.77,19.585,19.153,16.5,48.1,58.6,62.8,3.573,2.8,8.3,10.6,10.9,52212.1,279850.7,0,0,0,0.0,2.5581,1.4638,5.5283
A,4,45,Balanced,0.34,0.33,73,300,21900,463.01,475.517,0.6857,20.081,18.468,21.277,17.2,57.7,69.1,79.8,3.724,2.9,8.4,11.5,14.6,46999.8,268552.5,0,0,0,0.0,2.6732,1.3502,6.0087
A,4,45,Balanced,0.34,0.33,74,300,22200,528.551,549.312,0.5654,21.031,20.015,23.474,22.0,56.4,73.9,80.7,3.77,2.9,8.7,11.1,12.7,42600.3,265275.4,0,0,0,0.0,3.0516,1.414,6.6577
A,4,45,Balanced,0.34,0.33,75,300,22500,566.307,594.967,0.6275,20.898,20.255,24.541,21.6,60.9,76.1,88.2,3.614,2.9,8.7,11.2,12.6,40748.7,276727.0,0,0,0,0.0,3.2696,1.4051,6.7947
A,4,45,Balanced,0.34,0.33,76,300,22800,569.51,606.28,0.6804,19.7,18.79,31.717,21.1,72.5,86.3,1888.9,3.64,2.9,8.1,11.3,11.7,31529.2,274750.3,0,0,0,0.0,3.2881,1.3246,7.6371
A,4,45,Balanced,0.34,0.33,77,300,23100,691.467,648.749,0.6129,20.657,19.667,29.875,25.5,77.1,92.6,110.8,3.933,3.0,9.3,11.2,13.0,33473.2,254258.8,0,0,0,0.0,3.9922,1.3889,8.2678
A,4,45,Balanced,0.34,0.33,78,300,23400,717.308,699.333,0.6242,20.863,20.197,32.675,27.4,84.4,114.0,152.0,4.094,3.2,8.4,11.4,14.9,30604.1,244239.9,0,0,0,0.0,4.1414,1.4028,10.0
A,4,45,Balanced,0.34,0.33,79,300,23700,701.091,779.196,0.6588,20.975,19.469,34.733,30.5,93.2,106.3,112.7,4.374,3.2,9.7,14.3,16.4,28791.3,228606.2,0,0,0,0.0,4.0478,1.4103,7.4336
A,4,45,Balanced,0.34,0.33,80,300,24000,750.735,699.634,0.713,20.551,20.376,32.284,25.0,96.1,108.3,164.8,3.824,3.0,8.9,12.5,14.9,30974.8,261483.4,0,0,0,0.0,4.3344,1.3818,8.664
A,4,45,Balanced,0.34,0.33,81,300,24300,30.763,33.005,0.7706,19.325,20.011,3.853,3.3,6.2,20.1,38.9,3.699,2.9,8.3,12.2,21.5,259560.5,270319.2,0,0,0,0.0,0.1776,1.2993,1.6475
A,4,45,Balanced,0.34,0.33,82,300,24600,24.009,29.808,0.542,20.318,20.347,19.721,6.4,18.3,37.0,2267.3,3.697,2.9,8.1,10.4,13.0,50706.5,270489.5,0,1,0,0.005181,0.1386,1.3661,3.5577
A,4,45,Balanced,0.34,0.33,83,300,24900,22.663,29.005,0.5982,19.157,19.427,7.655,6.1,16.3,19.7,24.3,3.327,2.8,7.0,9.1,10.8,130633.6,300571.0,0,0,0,0.0,0.1308,1.2881,2.1648
A,4,45,Balanced,0.34,0.33,84,100,25000,26.167,32.75,0.6036,21.194,19.781,8.988,6.9,18.7,28.3,28.3,4.059,3.2,9.5,12.8,12.8,111259.5,246366.3,0,0,0,0.0,0.1511,1.4251,2.2109
A,4,45,Insert-heavy,0.15,0.7,1,300,300,74.569,74.643,0.5628,20.196,16.575,12.204,4.8,12.7,38.3,1860.5,4.132,2.3,3.1,3.9,48319.6,81942.6,241995.8,0,1,0,0.004016,0.4305,1.3579,9.8205
A,4,45,Insert-heavy,0.15,0.7,2,300,600,106.286,102.205,0.6721,19.833,18.353,11.321,5.8,13.5,29.9,1410.2,3.238,2.8,7.3,10.7,14.2,88334.0,308832.8,1,0,0,0.003876,0.6136,1.3335,2.7944
A,4,45,Insert-heavy,0.15,0.7,3,300,900,81.216,108.9,0.599,18.275,19.566,6.588,5.9,10.9,28.5,36.9,3.111,2.8,6.0,9.2,9.8,151791.1,321405.3,0,0,0,0.0,0.4689,1.2287,3.0978
A,4,45,Insert-heavy,0.15,0.7,4,300,1200,128.286,143.657,0.6171,22.629,18.683,7.827,7.1,13.7,32.3,60.0,3.295,2.8,6.7,13.1,16.8,127757.4,303489.8,0,0,0,0.0,0.7407,1.5215,2.4657
A,4,45,Insert-heavy,0.15,0.7,5,300,1500,127.545,170,0.7655,19.327,18.914,12.761,7.6,17.7,28.0,1309.4,3.207,2.8,6.5,8.7,10.0,78365.8,311850.2,0,0,0,0.0,0.7364,1.2995,3.2184
A,4,45,Insert-heavy,0.15,0.7,6,300,1800,155.607,229.5,0.911,19.179,18.452,10.116,9.1,19.1,29.1,46.4,2.987,2.7,5.1,9.0,13.4,98853.3,334821.3,0,0,0,0.0,0.8984,1.2895,3.2333
A,4,45,Insert-heavy,0.15,0.7,7,300,2100,166.548,234.528,0.7654,18.742,18.576,14.569,8.8,20.7,58.8,1251.3,3.01,2.7,5.8,8.6,10.1,68637.3,332225.8,1,0,0,0.003717,0.9616,1.2602,6.8372
A,4,45,Insert-heavy,0.15,0.7,8,300,2400,149.542,230.206,0.6817,22.396,18.893,11.192,9.5,27.5,37.0,46.3,3.614,3.0,7.8,14.6,16.8,89349.5,276676.3,0,0,0,0.0,0.8634,1.5058,2.5343
A,4,45,Insert-heavy,0.15,0.7,9,300,2700,212.683,245.595,0.559,18.878,18.444,13.776,9.7,23.3,33.9,814.3,3.053,2.8,6.0,9.1,11.2,72591.8,327582.2,0,0,0,0.0,1.2279,1.2693,3.7252
A,4,45,Insert-heavy,0.15,0.7,10,300,3000,56.114,120.707,1.6067,19.659,18.613,16.496,7.1,22.8,46.6,2064.5,3.351,2.9,7.6,10.5,12.2,60622.0,298418.2,0,1,0,0.003906,0.324,1.3218,4.4381
A,4,45,Insert-heavy,0.15,0.7,11,300,3300,26.273,31.102,0.6267,19.818,18.395,10.968,6.7,17.0,23.5,856.1,3.266,2.9,7.1,9.5,13.2,91177.1,306216.7,0,0,0,0.0,0.1517,1.3325,2.4737
A,4,45,Insert-heavy,0.15,0.7,12,300,3600,25.75,26.398,0.8467,19.214,18.299,4.984,3.5,12.8,21.4,33.1,3.266,2.8,7.1,9.2,11.4,200642.0,306153.8,0,0,0,0.0,0.1487,1.2919,2.3261
A,4,45,Insert-heavy,0.15,0.7,13,300,3900,51.2,48.419,0.9018,18.743,18.804,4.761,3.8,8.9,13.4,59.7,2.932,2.7,5.5,7.7,8.5,210025.1,341064.5,0,0,0,0.0,0.2956,1.2602,1.7402
A,4,45,Insert-heavy,0.15,0.7,14,300,4200,144.681,131.119,0.6858,18.681,18.751,11.236,6.9,15.3,23.4,1090.0,3.198,2.9,6.6,10.1,11.8,89002.3,312663.2,0,0,0,0.0,0.8353,1.2561,2.3168
A,4,45,Insert-heavy,0.15,0.7,15,300,4500,188.704,223.382,0.7612,20.296,18.862,10.407,9.9,20.0,32.0,40.6,3.337,2.9,7.0,9.3,10.5,96089.1,299700.3,0,0,0,0.0,1.0895,1.3647,3.4409
A,4,45,Insert-heavy,0.15,0.7,16,300,4800,241.273,300.754,0.8295,19.659,18.449,17.883,12.4,32.0,50.2,1365.0,3.242,2.9,6.6,8.7,9.7,55918.0,308451.4,0,0,0,0.0,1.393,1.3218,5.7701
A,4,45,Insert-heavy,0.15,0.7,17,300,5100,374.873,361.796,0.7093,17.655,18.641,16.545,14.4,42.9,55.1,81.5,3.371,2.9,6.8,10.2,10.6,60440.0,296677.3,0,0,0,0.0,2.1643,1.187,5.402
A,4,45,Insert-heavy,0.15,0.7,18,300,5400,466.727,408.824,0.6867,19.932,19.254,17.702,15.0,48.5,61.0,67.2,3.271,2.9,6.8,9.2,12.8,56490.8,305748.5,0,0,0,0.0,2.6947,1.3402,6.6304
A,4,45,Insert-heavy,0.15,0.7,19,300,5700,566.4,523.338,0.7193,20.15,18.762,27.968,18.5,53.5,77.1,2001.6,3.337,2.9,7.2,9.8,12.5,35755.1,299640.4,0,1,0,0.003846,3.2701,1.3548,7.8673
A,4,45,Insert-heavy,0.15,0.7,20,300,6000,26.408,28.155,0.5974,20.571,17.892,12.141,5.7,20.5,35.5,1367.3,3.436,2.9,8.1,12.2,16.4,82367.8,291035.9,0,0,0,0.0,0.1525,1.3832,2.9098
A,4,45,Insert-heavy,0.15,0.7,21,300,6300,40.6,34.498,0.7312,21.311,18.722,5.973,4.8,13.0,18.6,19.2,3.179,2.7,6.7,10.0,12.4,167429.5,314597.3,0,0,0,0.0,0.2344,1.4329,1.86
A,4,45,Insert-heavy,0.15,0.7,22,300,6600,58.636,46.762,0.6869,20.318,17.906,4.531,3.8,8.8,31.8,42.3,3.117,2.6,6.8,10.9,22.5,220702.2,320855.5,0,0,0,0.0,0.3385,1.3661,2.9174
A,4,45,Insert-heavy,0.15,0.7,23,300,6900,138.675,138.496,0.6923,17,18.469,14.562,6.6,14.6,48.1,1270.4,2.951,2.7,5.6,8.8,15.2,68673.5,338829.8,0,0,0,0.0,0.8006,1.143,5.4659
A,4,45,Insert-heavy,0.15,0.7,24,300,7200,91.106,72.759,1.3346,19.638,19.115,5.397,3.7,13.6,26.5,39.4,3.065,2.7,6.1,9.3,11.3,185288.0,326264.1,0,0,0,0.0,0.526,1.3204,2.8495
A,4,45,Insert-heavy,0.15,0.7,25,300,7500,98.767,117.568,0.785,20.209,19.957,6.521,5.7,11.3,16.7,120.7,3.165,2.7,6.5,10.7,18.4,153343.0,315988.9,0,0,0,0.0,0.5702,1.3588,1.5607
A,4,45,Insert-heavy,0.15,0.7,26,300,7800,221.979,191.139,0.5985,21.146,18.698,12.978,8.3,23.5,28.8,1155.5,3.143,2.8,6.6,8.2,8.7,77055.4,318133.4,0,0,0,0.0,1.2816,1.4218,3.5122
A,4,45,Insert-heavy,0.15,0.7,27,300,8100,314.525,294.112,0.6385,18.55,19.754,12.686,11.3,31.4,41.2,60.0,3.083,2.8,5.8,7.7,10.1,78829.1,324358.9,0,0,0,0.0,1.8159,1.2473,5.3506
A,4,45,Insert-heavy,0.15,0.7,28,300,8400,367.4,364.78,0.7648,19.622,19.118,19.727,13.4,37.3,64.6,1407.8,3.24,2.8,6.9,8.5,9.9,50691.9,308610.4,0,0,0,0.0,2.1212,1.3193,7.6
A,4,45,Insert-heavy,0.15,0.7,29,300,8700,214.525,252.931,1.3809,18.725,18.765,18.354,7.7,30.8,62.9,1741.9,3.105,2.8,6.0,9.8,10.7,54484.0,322026.8,0,1,0,0.003846,1.2386,1.259,6.4184
A,4,45,Insert-heavy,0.15,0.7,30,300,9000,31.885,37.5,0.7315,17.904,19.52,7.471,5.4,17.7,28.9,36.8,3.439,3.0,6.5,11.2,26.3,133856.8,290810.3,0,0,0,0.0,0.1841,1.2038,2.5803
A,4,45,Insert-heavy,0.15,0.7,31,300,9300,42,44.659,0.7419,19.542,18.583,11.356,5.8,15.3,20.8,1276.2,3.24,2.8,6.3,9.5,10.3,88056.6,308673.6,0,0,0,0.0,0.2425,1.3139,2.1895
A,4,45,Insert-heavy,0.15,0.7,32,300,9600,32.708,52.69,1.1035,20.125,19.48,6.437,5.6,13.8,21.7,60.4,3.387,2.9,7.1,9.8,14.2,155343.9,295246.1,0,0,0,0.0,0.1888,1.3532,2.2143
A,4,45,Insert-heavy,0.15,0.7,33,300,9900,77.3,71.14,0.8053,20.52,19.584,10.66,4.4,9.9,20.1,1621.0,3.403,2.9,7.8,11.2,15.7,93808.6,293829.4,0,0,0,0.0,0.4463,1.3797,1.7947
A,4,45,Insert-heavy,0.15,0.7,34,300,10200,137.174,110.008,0.5342,19.457,19.626,6.532,5.9,12.6,18.3,42.3,3.141,2.8,6.1,9.7,10.1,153100.3,318369.8,0,0,0,0.0,0.792,1.3082,1.8866
A,4,45,Insert-heavy,0.15,0.7,35,300,10500,162.025,162.104,0.6137,19.325,18.946,8.244,7.6,15.6,25.1,55.3,3.198,2.8,6.4,9.8,12.8,121305.2,312728.3,0,0,0,0.0,0.9355,1.2994,2.5612
A,4,45,Insert-heavy,0.15,0.7,36,300,10800,214.864,195.879,0.6167,19.818,20.188,14.572,8.4,20.0,31.8,1522.7,3.181,2.8,6.7,8.3,10.5,68624.8,314366.7,0,0,0,0.0,1.2405,1.3325,3.8314
A,4,45,Insert-heavy,0.15,0.7,37,300,11100,228.59,267.234,0.739,21.103,19.077,14.045,10.2,21.3,34.6,882.0,3.181,2.7,6.3,11.0,24.3,71201.4,314333.4,0,0,0,0.0,1.3198,1.4189,3.1455
A,4,45,Insert-heavy,0.15,0.7,38,300,11400,330.755,312.247,0.7803,19.857,20.004,13.739,11.3,39.3,50.0,53.7,3.269,2.8,7.1,9.1,13.8,72783.7,305903.8,0,0,0,0.0,1.9096,1.3351,5.4945
A,4,45,Insert-heavy,0.15,0.7,39,300,11700,60.512,67.77,1.3178,20.465,19.611,16.036,3.9,20.8,45.7,2000.8,3.197,2.8,6.5,8.9,10.2,62358.4,312760.9,0,1,0,0.003891,0.3494,1.376,5.1349
A,4,45,Insert-heavy,0.15,0.7,40,300,12000,127.864,118.199,0.5646,21.341,19.035,6.562,5.9,12.0,20.1,35.7,3.027,2.6,6.6,10.1,11.5,152392.5,330396.6,0,0,0,0.0,0.7382,1.4349,1.9901
A,4,45,Insert-heavy,0.15,0.7,41,300,12300,228,218.962,0.6348,20.139,18.708,14.351,9.2,21.3,36.6,1333.9,3.057,2.7,6.5,8.4,9.4,69683.2,327082.3,0,0,0,0.0,1.3164,1.3541,4.3571
A,4,45,Insert-heavy,0.15,0.7,42,300,12600,310.103,331.467,0.5967,20.436,19.747,13.62,13.1,27.9,40.6,64.4,3.27,2.8,6.6,10.9,13.9,73421.4,305810.5,0,0,0,0.0,1.7904,1.3741,3.7248
A,4,45,Insert-heavy,0.15,0.7,43,300,12900,489.235,409.992,0.5181,22.441,19.598,16.788,14.6,41.4,58.4,71.2,3.191,2.8,6.5,9.1,14.0,59565.2,313381.1,0,0,0,0.0,2.8246,1.5089,6.4176
A,4,45,Insert-heavy,0.15,0.7,44,300,13200,568.537,494.386,0.5573,19.829,18.934,25.89,17.5,54.0,67.5,1833.3,3.262,2.8,7.0,12.1,13.0,38625.0,306560.3,0,0,0,0.0,3.2824,1.3333,5.5785
A,4,45,Insert-heavy,0.15,0.7,45,300,13500,608.66,619.198,0.646,19.277,19.688,24.32,22.5,57.5,83.5,92.4,3.458,2.9,7.7,11.6,14.2,41118.4,289184.3,0,0,0,0.0,3.5141,1.2961,7.1983
A,4,45,Insert-heavy,0.15,0.7,46,300,13800,790.29,714.885,0.621,21.452,19.717,27.245,25.2,60.9,102.7,110.1,3.352,2.9,6.8,11.1,12.5,36704.4,298358.9,0,0,0,0.0,4.5627,1.4424,9.2523
A,4,45,Insert-heavy,0.15,0.7,47,300,14100,720.977,815.459,0.6937,19.488,19.447,37.417,27.6,71.4,122.3,2253.0,3.391,2.8,7.8,11.4,14.5,26725.8,294898.3,0,0,0,0.0,4.1626,1.3103,10.7281
A,4,45,Insert-heavy,0.15,0.7,48,300,14400,507.136,459.348,1.2389,20.818,19.293,29.394,13.8,68.7,116.0,2157.1,3.482,3.0,7.7,12.4,13.3,34020.2,287218.9,0,1,0,0.003906,2.928,1.3998,9.3549
A,4,45,Insert-heavy,0.15,0.7,49,300,14700,27.766,28.249,0.7629,20.404,19.66,11.012,4.7,15.3,37.9,1401.0,3.33,2.9,8.1,12.1,12.8,90810.0,300330.7,0,0,0,0.0,0.1603,1.3719,3.1322
A,4,45,Insert-heavy,0.15,0.7,50,300,15000,57.111,56.137,0.6047,22.911,19.608,6.164,5.2,12.6,28.6,30.2,3.467,2.9,8.2,11.3,18.4,162241.0,288406.0,0,0,0,0.0,0.3297,1.5405,2.531
A,4,45,Insert-heavy,0.15,0.7,51,300,15300,85.019,77.24,0.8221,17.981,19.102,9.3,6.3,14.1,19.6,725.3,3.126,2.8,6.1,9.0,10.8,107530.7,319863.6,0,0,0,0.0,0.4909,1.209,2.1778
A,4,45,Insert-heavy,0.15,0.7,52,300,15600,109.614,118.297,0.9301,20.545,19.109,14.86,7.5,16.7,26.4,2018.0,3.281,2.8,7.4,11.3,13.1,67294.8,304785.0,0,0,0,0.0,0.6329,1.3814,2.3363
A,4,45,Insert-heavy,0.15,0.7,53,300,15900,159,145.657,0.9481,19.239,20.055,9.397,7.8,19.7,31.7,38.4,3.197,2.8,6.5,8.7,9.1,106420.6,312825.9,0,0,0,0.0,0.918,1.2936,3.6436
A,4,45,Insert-heavy,0.15,0.7,54,300,16200,153.66,187.56,1.0798,19.64,19.516,10.359,8.5,20.3,37.9,40.5,3.365,2.9,8.0,10.5,12.1,96531.4,297147.4,0,0,0,0.0,0.8872,1.3205,3.6095
A,4,45,Insert-heavy,0.15,0.7,55,300,16500,248.429,209.744,0.8982,19.667,19.857,18.191,10.5,26.5,45.2,1856.2,3.391,3.0,6.8,9.3,24.1,54973.3,294897.9,0,0,0,0.0,1.4343,1.3223,4.8602
A,4,45,Insert-heavy,0.15,0.7,56,300,16800,168.708,244.377,1.2308,21.792,19.853,12.106,9.5,25.7,53.9,58.6,3.451,3.0,7.3,10.2,14.2,82603.7,289742.7,0,0,0,0.0,0.974,1.4652,5.2843
A,4,45,Insert-heavy,0.15,0.7,57,300,17100,382.395,284.511,0.7901,23.184,19.805,14.832,10.6,34.1,55.7,59.4,3.389,2.9,7.6,11.1,14.3,67423.3,295043.6,0,0,0,0.0,2.2078,1.5588,5.018
A,4,45,Insert-heavy,0.15,0.7,58,300,17400,165.184,159.801,1.5528,19.918,19.438,20.349,9.0,29.6,58.6,2389.9,3.399,3.0,6.7,9.8,11.0,49142.5,294232.7,0,1,0,0.003984,0.9537,1.3393,5.9795
A,4,45,Insert-heavy,0.15,0.7,59,300,17700,42.66,39.936,0.801,20.54,20,10.18,4.4,11.2,17.6,1515.1,3.314,2.9,7.0,10.1,11.3,98231.9,301779.9,0,0,0,0.0,0.2463,1.3811,1.7426
A,4,45,Insert-heavy,0.15,0.7,60,300,18000,55.347,69.339,0.7986,19.49,19.259,6.105,5.3,11.0,15.4,40.3,3.2,2.8,6.3,8.8,12.0,163791.1,312500.0,0,0,0,0.0,0.3195,1.3104,1.75
A,4,45,Insert-heavy,0.15,0.7,61,300,18300,103.146,100.623,0.7248,21.604,18.639,14.829,7.4,15.5,21.7,2051.8,3.551,3.0,8.1,10.7,12.7,67436.9,281636.8,0,0,0,0.0,0.5955,1.4526,2.028
A,4,45,Insert-heavy,0.15,0.7,62,300,18600,124.717,122.839,0.7364,20.565,19.882,8.191,7.8,16.1,22.8,57.7,3.268,2.9,6.8,8.7,13.0,122085.2,305966.3,0,0,0,0.0,0.7201,1.3828,2.6207
A,4,45,Insert-heavy,0.15,0.7,63,300,18900,166.936,143.858,0.7247,21.213,19.573,9.598,8.9,19.7,31.5,42.3,3.565,3.0,8.3,12.7,16.0,104188.4,280478.4,0,0,0,0.0,0.9638,1.4263,2.4803
A,4,45,Insert-heavy,0.15,0.7,64,300,19200,180.93,179.179,0.7957,23.116,19.241,17.247,9.2,21.4,29.9,2193.8,3.335,2.9,7.2,10.3,12.9,57982.2,299820.0,0,0,0,0.0,1.0446,1.5543,2.9029
A,4,45,Insert-heavy,0.15,0.7,65,300,19500,181.5,216.504,0.8036,19.765,19.35,10.894,10.4,18.8,29.4,35.0,3.072,2.8,5.9,9.0,12.8,91793.6,325556.2,0,0,0,0.0,1.0479,1.3289,3.2667
A,4,45,Insert-heavy,0.15,0.7,66,300,19800,223.342,227.103,0.7444,21.842,19.385,20.388,11.1,29.9,41.7,2406.8,3.368,2.9,7.0,11.7,14.3,49049.3,296883.0,0,0,0,0.0,1.2895,1.4686,3.5641
A,4,45,Insert-heavy,0.15,0.7,67,300,20100,265.86,258.664,0.8083,19.94,19.86,13.53,11.9,33.3,49.0,52.2,3.481,2.9,7.8,11.0,12.7,73908.0,287274.1,0,0,0,0.0,1.5349,1.3407,4.4546
A,4,45,Insert-heavy,0.15,0.7,68,300,20400,48.264,45.753,1.3337,20.585,20.437,19.365,6.4,24.8,44.8,2800.1,3.565,2.9,8.3,10.3,15.6,51640.4,280504.8,0,1,0,0.004049,0.2787,1.3841,4.3495
A,4,45,Insert-heavy,0.15,0.7,69,300,20700,50.729,54.976,0.8516,20.771,20,13.739,5.8,16.8,41.6,1934.2,3.429,3.0,7.3,10.5,11.3,72785.5,291601.9,1,0,0,0.003968,0.2929,1.3966,3.9619
A,4,45,Insert-heavy,0.15,0.7,70,300,21000,50.49,52.072,0.7847,20.216,21.478,7.213,5.9,16.1,23.6,42.4,3.387,3.0,6.8,12.0,12.6,138632.1,295217.6,0,0,0,0.0,0.2915,1.3593,1.9667
A,4,45,Insert-heavy,0.15,0.7,71,300,21300,55.279,66.743,0.8379,20.442,20.42,7.118,6.4,14.4,20.2,23.3,3.271,2.9,7.0,8.7,9.4,140495.5,305685.3,0,0,0,0.0,0.3192,1.3745,2.3219
A,4,45,Insert-heavy,0.15,0.7,72,300,21600,48.2,77.004,1.1811,22.156,21.173,13.138,6.3,16.7,22.3,1867.1,3.396,2.9,7.8,11.0,11.8,76115.1,294493.1,0,0,0,0.0,0.2783,1.4897,2.0273
A,4,45,Insert-heavy,0.15,0.7,73,300,21900,71.973,81.559,0.9276,22.541,20.741,7.014,6.4,12.8,16.2,20.9,3.231,2.8,6.7,11.4,14.8,142578.7,309501.9,0,0,0,0.0,0.4155,1.5156,1.421
A,4,45,Insert-heavy,0.15,0.7,74,300,22200,84.386,102.211,1.1346,19.295,19.715,8.967,7.7,19.1,29.2,79.5,3.367,2.9,7.3,10.2,14.5,111520.0,296971.2,0,0,0,0.0,0.4872,1.2974,2.8627
A,4,45,Insert-heavy,0.15,0.7,75,300,22500,88.333,137.483,1.2615,20.256,20.425,16.852,7.7,19.9,40.2,2364.5,3.373,2.8,8.0,11.3,12.9,59340.1,296442.2,0,0,0,0.0,0.51,1.362,3.5575
A,4,45,Insert-heavy,0.15,0.7,76,300,22800,132.861,138.008,0.8428,23.333,20.42,10.154,8.7,22.7,38.5,54.1,3.524,3.0,7.0,12.7,17.1,98486.6,283768.3,0,0,0,0.0,0.7671,1.5689,3.0315
A,4,45,Insert-heavy,0.15,0.7,77,300,23100,101.917,112.897,1.1811,21.042,20.413,20.973,9.8,30.6,43.1,2591.5,3.574,3.0,7.7,12.2,12.6,47679.6,279772.6,0,1,0,0.003968,0.5884,1.4148,3.5328
A,4,45,Insert-heavy,0.15,0.7,78,300,23400,43.864,47.656,0.6172,22.636,20.918,16.267,5.8,21.9,44.2,2380.0,3.718,2.9,10.1,14.8,16.5,61472.9,268985.6,1,0,0,0.003906,0.2532,1.522,2.9865
A,4,45,Insert-heavy,0.15,0.7,79,300,23700,38.364,41.873,0.7096,23.182,20.64,7.92,5.5,22.7,38.5,43.6,3.857,3.1,8.8,16.5,22.6,126267.9,259269.0,0,0,0,0.0,0.2215,1.5587,2.3333
A,4,45,Insert-heavy,0.15,0.7,80,300,24000,57.306,57.076,0.6729,20.878,19.757,5.853,5.0,13.2,26.8,32.2,3.549,3.0,8.2,12.7,13.5,170852.7,281795.6,0,0,0,0.0,0.3309,1.4038,2.1102
A,4,45,Insert-heavy,0.15,0.7,81,300,24300,84.868,97.176,0.6735,21.579,21.469,16.418,6.1,15.1,32.6,2758.1,3.602,3.0,8.3,11.4,36.3,60908.7,277623.6,0,0,0,0.0,0.49,1.4509,2.8597
A,4,45,Insert-heavy,0.15,0.7,82,300,24600,102.846,105.536,0.6074,24.558,21.133,7.7,6.9,14.2,23.4,28.3,3.686,2.9,8.8,15.1,21.8,129875.7,271296.7,0,0,0,0.0,0.5938,1.6512,1.5497
A,4,45,Insert-heavy,0.15,0.7,83,300,24900,126.781,151.269,0.7299,21,20.959,8.732,8.2,16.0,24.9,25.9,3.419,3.0,7.9,11.3,20.1,114521.2,292483.5,0,0,0,0.0,0.732,1.412,2.2035
A,4,45,Insert-heavy,0.15,0.7,84,100,25000,123.5,181.122,0.5865,25.8,20.244,36.972,8.2,17.0,2738.6,2738.6,3.41,2.9,9.6,11.6,11.6,27047.5,293255.8,0,0,0,0.0,0.713,1.7347,236.0844
A,4,45,Write-heavy,0.1,0.5,1,300,300,59.409,68.317,0.4819,16.409,18.713,10.926,4.2,19.7,31.0,1601.2,4.707,2.4,3.3,4.1,62246.9,91522.0,212471.7,0,1,0,0.003597,0.343,1.1033,7.5609
A,4,45,Write-heavy,0.1,0.5,2,300,600,98.63,109.663,0.6034,19.926,18.421,6.559,6.1,11.7,27.9,31.5,3.139,2.7,7.7,13.7,15.2,152454.5,318572.5,0,0,0,0.0,0.5694,1.3398,2.0365
A,4,45,Write-heavy,0.1,0.5,3,300,900,81,87.678,0.6359,17.818,17.757,11.258,5.2,10.5,30.3,1572.2,2.799,2.6,6.4,8.4,9.2,88825.7,357228.5,1,0,0,0.003745,0.4677,1.198,3.6072
A,4,45,Write-heavy,0.1,0.5,4,300,1200,123.222,117.259,0.4569,19.278,18.358,6.673,6.2,13.0,28.8,39.8,2.73,2.6,4.5,12.2,14.8,149865.1,366300.4,0,0,0,0.0,0.7114,1.2962,2.3607
A,4,45,Write-heavy,0.1,0.5,5,300,1500,107.278,146.371,0.7873,16.444,18.689,7.478,6.9,14.1,30.5,31.7,2.838,2.6,5.3,8.3,9.7,133719.7,352361.0,0,0,0,0.0,0.6194,1.1057,3.6747
A,4,45,Write-heavy,0.1,0.5,6,300,1800,159.968,171.201,0.5868,20.677,18.431,12.831,8.0,17.7,33.7,1338.8,2.907,2.6,6.1,9.9,12.9,77938.3,343997.3,0,0,0,0.0,0.9236,1.3903,3.4041
A,4,45,Write-heavy,0.1,0.5,7,300,2100,190.087,204.419,0.6171,19.565,18.325,9.146,8.9,16.9,28.1,34.3,2.757,2.6,5.5,8.2,8.8,109341.4,362756.8,0,0,0,0.0,1.0975,1.3155,3.4268
A,4,45,Write-heavy,0.1,0.5,8,300,2400,142.429,218.256,0.8092,19.024,18.907,9.611,9.0,19.2,29.4,33.3,2.976,2.7,6.1,9.4,12.5,104047.4,336059.2,0,0,0,0.0,0.8223,1.2791,3.1277
A,4,45,Write-heavy,0.1,0.5,9,300,2700,149.407,257.337,0.9106,18.556,19.212,10.485,10.1,18.3,31.3,58.6,2.798,2.6,5.2,8.7,9.5,95371.3,357397.8,0,0,0,0.0,0.8626,1.2476,3.5977
A,4,45,Write-heavy,0.1,0.5,10,300,3000,155.529,228.906,0.8145,20.294,18.271,16.441,8.5,21.0,55.7,1818.9,3.009,2.7,6.6,11.3,11.7,60823.6,332373.5,1,0,0,0.003759,0.8979,1.3645,4.9292
A,4,45,Write-heavy,0.1,0.5,11,300,3300,155.576,222.558,0.8545,20.333,18.592,9.888,8.3,22.2,29.1,69.2,2.941,2.7,6.5,10.6,10.8,101129.2,339982.3,0,0,0,0.0,0.8982,1.3672,2.7453
A,4,45,Write-heavy,0.1,0.5,12,300,3600,156.652,235.029,0.8607,18.217,18.415,10.769,8.6,23.7,38.7,72.9,3.02,2.8,5.6,13.1,19.1,92862.0,331125.9,0,0,0,0.0,0.9044,1.2249,2.9542
A,4,45,Write-heavy,0.1,0.5,13,300,3900,189.429,250.596,0.772,20.321,19.676,10.408,8.4,22.7,35.5,46.8,2.93,2.7,6.0,8.8,10.7,96083.0,341296.7,0,0,0,0.0,1.0937,1.3664,4.0341
A,4,45,Write-heavy,0.1,0.5,14,300,4200,48.586,85.406,1.7517,15.483,18.83,12.674,3.4,22.0,32.7,1973.8,2.776,2.6,5.0,8.5,9.7,78899.6,360186.9,0,1,0,0.00369,0.2805,1.041,3.8471
A,4,45,Write-heavy,0.1,0.5,15,300,4500,71.615,73.547,0.7324,21.077,18.493,7.762,4.5,8.0,16.1,884.8,2.753,2.6,5.4,8.9,11.2,128838.2,363196.3,0,0,0,0.0,0.4135,1.4172,1.809
A,4,45,Write-heavy,0.1,0.5,16,300,4800,140.259,139.751,0.6138,24.259,19.3,7.085,6.3,13.0,30.6,48.5,2.898,2.6,6.2,9.7,14.2,141150.0,345025.5,0,0,0,0.0,0.8098,1.6311,3.1546
A,4,45,Write-heavy,0.1,0.5,17,300,5100,211.743,206.63,0.6125,22.314,18.298,9.738,8.5,20.8,32.6,88.7,2.996,2.6,6.5,11.7,12.3,102687.0,333740.7,0,0,0,0.0,1.2225,1.5004,2.7863
A,4,45,Write-heavy,0.1,0.5,18,300,5400,235.786,263.71,0.6895,19.464,18.555,10.969,10.2,19.8,36.7,64.1,2.857,2.7,5.9,8.5,10.3,91163.2,350017.5,0,0,0,0.0,1.3613,1.3087,4.3177
A,4,45,Write-heavy,0.1,0.5,19,300,5700,297.786,321.537,0.7738,19.786,19.243,17.357,11.7,29.9,47.5,1364.1,2.953,2.6,5.9,9.8,12.2,57612.6,338676.6,0,0,0,0.0,1.7193,1.3303,4.8469
A,4,45,Write-heavy,0.1,0.5,20,300,6000,418.72,347.727,0.6508,18.8,18.269,14.231,12.6,30.3,53.1,58.8,2.856,2.6,5.9,8.5,9.0,70269.1,350099.4,0,0,0,0.0,2.4175,1.2641,6.2471
A,4,45,Write-heavy,0.1,0.5,21,300,6300,393.088,417,0.6886,19.118,18.312,15.95,13.9,31.9,56.1,69.1,3.118,2.8,6.7,10.7,14.2,62694.6,320718.4,0,0,0,0.0,2.2695,1.2854,5.243
A,4,45,Write-heavy,0.1,0.5,22,300,6600,456.333,492.735,0.7728,19.722,18.701,24.769,17.2,39.1,72.9,1810.9,3.1,2.8,6.1,9.6,14.7,40372.5,322545.6,0,0,0,0.0,2.6346,1.3261,7.5937
A,4,45,Write-heavy,0.1,0.5,23,300,6900,617.586,594.723,0.6136,18.069,18.668,22.756,21.3,47.1,80.0,83.0,3.004,2.7,6.3,10.8,11.8,43945.1,332926.5,0,0,0,0.0,3.5656,1.2149,7.4074
A,4,45,Write-heavy,0.1,0.5,24,300,7200,736.36,600.604,0.4644,21.8,18.335,23.964,21.1,60.6,92.7,96.7,3.036,2.7,6.7,11.3,11.5,41728.7,329344.6,0,0,0,0.0,4.2514,1.4658,8.2036
A,4,45,Write-heavy,0.1,0.5,25,300,7500,576.5,673.544,0.8569,18.75,18.188,24.716,22.1,48.7,90.6,99.5,2.994,2.7,7.1,10.0,16.7,40459.6,334001.3,0,0,0,0.0,3.3284,1.2607,9.0599
A,4,45,Write-heavy,0.1,0.5,26,300,7800,797.806,765.033,0.6895,20.516,18.491,28.749,25.4,75.4,96.1,106.4,3.027,2.7,6.7,10.4,13.1,34783.4,330359.9,0,0,0,0.0,4.6061,1.3795,9.2404
A,4,45,Write-heavy,0.1,0.5,27,300,8100,305.824,266.406,1.5889,18.324,18.511,23.507,8.1,55.2,95.5,2296.8,3.049,2.8,6.3,8.7,9.1,42540.5,327976.6,0,1,0,0.003759,1.7657,1.232,10.9771
A,4,45,Write-heavy,0.1,0.5,28,300,8400,23.242,27.419,0.7001,18.515,19.551,13.057,5.1,19.4,33.3,1818.8,3.167,2.9,7.2,10.7,11.3,76589.2,315723.2,0,0,0,0.0,0.1342,1.2449,3.1122
A,4,45,Write-heavy,0.1,0.5,29,300,8700,32.667,33.674,0.5815,20.133,19.126,5.538,4.0,14.3,23.4,51.7,2.851,2.6,6.1,9.6,12.5,180570.5,350754.5,0,0,0,0.0,0.1886,1.3537,2.4375
A,4,45,Write-heavy,0.1,0.5,30,300,9000,52.88,52.56,0.7233,19.04,18.971,6.22,5.1,12.8,19.5,66.9,2.81,2.7,4.6,8.6,11.2,160780.1,355829.7,0,0,0,0.0,0.3053,1.2802,2.2674
A,4,45,Write-heavy,0.1,0.5,31,300,9300,60.5,64.471,1.0843,21,19.19,6.768,5.9,14.8,29.9,34.4,2.934,2.6,5.6,9.1,17.6,147754.1,340870.4,0,0,0,0.0,0.3493,1.412,3.2857
A,4,45,Write-heavy,0.1,0.5,32,300,9600,42.24,40.396,0.8013,22.24,18.92,10.428,3.9,10.0,16.3,1728.6,2.893,2.7,5.6,9.7,11.4,95892.6,345622.2,0,0,0,0.0,0.2439,1.4954,1.6804
A,4,45,Write-heavy,0.1,0.5,33,300,9900,60.667,81.828,0.75,20.222,18.128,5.89,5.2,12.0,19.2,32.7,2.79,2.6,6.1,8.9,9.8,169788.9,358423.4,0,0,0,0.0,0.3503,1.3597,2.1573
A,4,45,Write-heavy,0.1,0.5,34,300,10200,115.433,114.352,0.7735,20.233,19.167,6.96,6.5,14.5,16.9,22.8,2.914,2.7,5.4,10.2,13.0,143685.0,343209.8,0,0,0,0.0,0.6665,1.3604,1.6569
A,4,45,Write-heavy,0.1,0.5,35,300,10500,136.917,156.246,0.8509,20.111,18.633,13.606,7.7,15.4,21.8,1607.1,3.063,2.7,6.8,11.1,13.7,73498.8,326476.9,0,0,0,0.0,0.7905,1.3522,1.964
A,4,45,Write-heavy,0.1,0.5,36,300,10800,173.167,186.956,0.7796,19.6,19.4,9.225,8.2,16.6,30.5,41.3,2.911,2.7,5.2,8.6,11.9,108401.1,343564.1,0,0,0,0.0,0.9998,1.3179,3.5465
A,4,45,Write-heavy,0.1,0.5,37,300,11100,267.559,203.959,0.8137,19.735,18.436,11.313,9.1,29.5,41.5,84.3,3.073,2.7,6.9,10.3,12.1,88391.3,325379.4,0,0,0,0.0,1.5448,1.3269,4.0291
A,4,45,Write-heavy,0.1,0.5,38,300,11400,232.194,266.703,0.692,20.097,18.554,11.64,10.0,22.1,30.8,36.6,2.921,2.7,6.2,8.2,10.6,85913.1,342348.8,0,0,0,0.0,1.3406,1.3513,3.7561
A,4,45,Write-heavy,0.1,0.5,39,300,11700,307.37,304.542,0.6003,20.296,18.795,19.497,10.9,26.4,37.0,1918.6,2.877,2.7,5.0,9.6,11.8,51290.8,347584.5,0,0,0,0.0,1.7746,1.3647,3.8541
A,4,45,Write-heavy,0.1,0.5,40,300,12000,193.367,142.83,1.3365,17.267,19.437,17.245,6.8,26.5,52.4,1957.7,2.965,2.7,5.4,9.5,20.1,57987.8,337229.9,0,1,0,0.003704,1.1164,1.161,5.5158
A,4,45,Write-heavy,0.1,0.5,41,300,12300,25.057,33.879,0.7991,20.714,19.423,6.531,4.6,17.3,34.5,35.1,2.971,2.7,6.1,8.8,13.9,153108.1,336625.1,0,0,0,0.0,0.1447,1.3928,3.9204
A,4,45,Write-heavy,0.1,0.5,42,300,12600,40.045,38.345,0.9142,20.909,19.719,11.348,4.7,17.4,39.2,1505.5,2.944,2.8,5.6,9.6,13.1,88123.8,339712.6,0,0,0,0.0,0.2312,1.4059,4.0833
A,4,45,Write-heavy,0.1,0.5,43,300,12900,38.125,52.227,0.6789,19,19.481,7.353,5.4,19.4,36.1,36.9,3.267,2.8,7.6,12.0,18.0,135999.0,306060.2,0,0,0,0.0,0.2201,1.2775,3.0083
A,4,45,Write-heavy,0.1,0.5,44,300,13200,46.061,53.483,0.881,19.455,19.846,7.088,5.6,17.4,29.2,64.8,3.06,2.8,6.8,9.6,12.9,141076.9,326797.5,0,0,0,0.0,0.2659,1.3081,3.0417
A,4,45,Write-heavy,0.1,0.5,45,300,13500,60.846,65.755,0.9023,18.692,18.825,7.662,6.0,16.4,36.1,76.5,3.057,2.8,6.3,9.2,25.3,130508.5,327118.1,0,0,0,0.0,0.3513,1.2568,3.9239
A,4,45,Write-heavy,0.1,0.5,46,300,13800,64.765,76.895,0.8661,18.706,19.383,13.63,6.6,15.3,20.9,1895.1,2.939,2.6,6.3,9.2,11.9,73367.6,340290.1,0,0,0,0.0,0.3739,1.2577,2.2718
A,4,45,Write-heavy,0.1,0.5,47,300,14100,78,84.941,1.1283,19.444,18.626,8.402,6.7,18.4,29.9,80.9,2.976,2.8,6.1,9.3,12.5,119019.2,336021.4,0,0,0,0.0,0.4503,1.3074,3.2151
A,4,45,Write-heavy,0.1,0.5,48,300,14400,29,56.26,0.8661,20.806,19.033,6.499,5.4,16.9,20.1,20.9,2.866,2.5,6.5,9.5,11.7,153869.7,348959.2,0,0,0,0.0,0.1674,1.399,2.1158
A,4,45,Write-heavy,0.1,0.5,49,300,14700,64.391,72.751,1.4569,17.478,18.946,13.789,6.0,15.9,23.6,2011.2,2.813,2.7,5.4,8.5,10.0,72523.3,355535.4,0,0,0,0.0,0.3718,1.1752,2.7765
A,4,45,Write-heavy,0.1,0.5,50,300,15000,100.808,81.04,1.061,19.385,18.887,7.543,6.2,17.6,26.8,35.4,2.821,2.6,5.9,9.5,12.2,132579.1,354442.1,0,0,0,0.0,0.582,1.3034,2.8211
A,4,45,Write-heavy,0.1,0.5,51,300,15300,106.12,79.993,0.9993,22.68,19.145,7.309,6.1,14.1,25.6,62.1,2.935,2.7,7.1,9.1,9.4,136811.4,340754.0,0,0,0,0.0,0.6127,1.5249,2.8132
A,4,45,Write-heavy,0.1,0.5,52,300,15600,63.7,106.259,0.8707,20.167,18.796,12.204,7.1,18.9,26.0,1096.1,3.009,2.7,6.0,9.6,11.0,81940.4,332336.1,0,0,0,0.0,0.3678,1.356,2.7083
A,4,45,Write-heavy,0.1,0.5,53,300,15900,54,70.849,0.6986,17.536,18.235,21.506,7.6,25.3,43.5,2283.8,2.786,2.6,5.2,7.5,9.4,46497.9,358980.6,0,1,0,0.003676,0.3118,1.1791,5.8
A,4,45,Write-heavy,0.1,0.5,54,300,16200,46.967,44.711,0.6848,20.7,19.144,6.552,5.0,14.8,23.3,40.4,2.902,2.7,5.9,9.3,10.9,152625.1,344550.3,0,0,0,0.0,0.2712,1.3918,2.5054
A,4,45,Write-heavy,0.1,0.5,55,300,16500,52.4,56.902,0.8886,20.08,19.196,5.549,5.1,10.3,17.2,36.7,2.858,2.7,4.8,9.0,12.8,180223.3,349935.9,0,0,0,0.0,0.3025,1.3501,1.9111
A,4,45,Write-heavy,0.1,0.5,56,300,16800,63.487,72.046,1.0255,21.256,18.881,5.851,3.9,12.8,37.8,74.4,3.16,2.7,7.9,11.7,14.3,170901.1,316489.3,0,0,0,0.0,0.3665,1.4292,3.2308
A,4,45,Write-heavy,0.1,0.5,57,300,17100,79.4,90.163,0.8827,22.8,18.548,12.501,4.5,10.7,36.8,2021.7,2.922,2.6,6.5,10.3,13.3,79995.7,342270.5,0,0,0,0.0,0.4584,1.533,3.5728
A,4,45,Write-heavy,0.1,0.5,58,300,17400,126.8,120.193,0.7604,20.64,19.164,7.225,5.6,15.0,37.9,55.8,2.883,2.6,6.0,9.1,13.5,138402.0,346900.5,0,0,0,0.0,0.7321,1.3878,4.1648
A,4,45,Write-heavy,0.1,0.5,59,300,17700,146.476,151.446,0.8435,18.595,18.787,8.159,6.9,18.8,37.6,41.1,3.068,2.7,6.6,10.8,11.5,122564.0,325909.6,0,0,0,0.0,0.8457,1.2503,3.4815
A,4,45,Write-heavy,0.1,0.5,60,300,18000,172.367,166.852,0.7877,20.767,18.352,8.844,7.2,19.3,37.1,71.6,3.008,2.7,6.2,10.9,17.1,113066.7,332484.2,0,0,0,0.0,0.9952,1.3963,3.4037
A,4,45,Write-heavy,0.1,0.5,61,300,18300,217.345,203.749,0.8611,18.862,19.251,16.695,8.2,21.5,60.5,2131.6,2.872,2.7,5.9,8.6,10.9,59897.0,348188.9,0,0,0,0.0,1.2548,1.2682,7.0348
A,4,45,Write-heavy,0.1,0.5,62,300,18600,257.483,207.207,0.7006,19.862,19.376,10.254,8.3,28.7,40.6,98.7,2.961,2.7,5.9,9.3,10.5,97519.7,337723.8,0,0,0,0.0,1.4866,1.3355,4.3656
A,4,45,Write-heavy,0.1,0.5,63,300,18900,264.233,257.759,0.7809,18.8,18.593,11.424,9.3,24.2,43.0,48.5,2.901,2.7,5.8,8.0,9.5,87535.0,344669.4,0,0,0,0.0,1.5256,1.2641,5.375
A,4,45,Write-heavy,0.1,0.5,64,300,19200,302.833,269.507,0.5872,21.567,18.185,18.493,10.8,28.6,44.6,1940.9,2.904,2.6,6.7,9.1,12.3,54073.5,344392.4,0,0,0,0.0,1.7484,1.4501,4.9011
A,4,45,Write-heavy,0.1,0.5,65,300,19500,290.786,276.662,0.7305,19.75,19.25,11.716,9.9,23.6,38.0,53.5,2.928,2.7,6.3,9.2,10.8,85355.8,341530.0,0,0,0,0.0,1.6789,1.3279,4.1305
A,4,45,Write-heavy,0.1,0.5,66,300,19800,228.846,315.555,0.8758,21.808,19.664,18.064,12.4,30.0,45.4,1469.5,2.907,2.7,5.3,8.7,11.0,55357.7,343958.3,0,1,0,0.00365,1.3212,1.4663,5.2184
A,4,45,Write-heavy,0.1,0.5,67,300,20100,32.045,42.871,0.5663,21.955,18.957,10.15,6.2,24.4,30.9,41.9,2.957,2.7,5.9,10.0,12.3,98525.5,338142.1,0,0,0,0.0,0.185,1.4762,3.09
A,4,45,Write-heavy,0.1,0.5,68,300,20400,43.52,60.836,0.6015,18.44,18.524,13.482,5.1,22.8,57.9,1572.7,2.808,2.7,5.4,7.4,8.1,74173.0,356125.4,0,0,0,0.0,0.2513,1.2399,7.8243
A,4,45,Write-heavy,0.1,0.5,69,300,20700,85.545,91.285,0.5538,19.818,18.562,6.837,6.0,12.7,22.2,49.8,3.302,2.9,8.4,11.2,19.9,146255.9,302816.6,0,0,0,0.0,0.4939,1.3325,1.9821
A,4,45,Write-heavy,0.1,0.5,70,300,21000,121.033,128.533,0.6243,23.5,19.315,8.037,6.9,16.1,38.4,98.1,3.196,2.8,8.3,12.2,14.4,124429.7,312923.6,0,0,0,0.0,0.6988,1.5801,3.1476
A,4,45,Write-heavy,0.1,0.5,71,300,21300,239.931,175.852,0.4513,20.828,18.827,9.4,8.5,20.3,34.6,38.5,3.079,2.8,6.8,11.2,13.2,106386.7,324780.6,0,0,0,0.0,1.3852,1.4004,3.0893
A,4,45,Write-heavy,0.1,0.5,72,300,21600,188.806,232.483,0.8066,20.516,18.357,18.286,10.4,17.9,30.4,2378.2,2.91,2.5,6.5,10.7,10.8,54685.6,343603.2,0,0,0,0.0,1.0901,1.3795,2.8411
A,4,45,Write-heavy,0.1,0.5,73,300,21900,262,250.069,0.7274,17.64,18.611,11.732,10.8,23.3,39.5,41.8,2.941,2.7,5.5,8.3,12.3,85234.5,340058.8,0,0,0,0.0,1.5127,1.1861,4.7591
A,4,45,Write-heavy,0.1,0.5,74,300,22200,256.314,321.038,0.9598,19.771,19.774,13.792,12.3,26.3,45.4,52.1,3.16,2.8,6.6,10.9,14.4,72504.0,316456.2,0,0,0,0.0,1.4798,1.3294,4.1652
A,4,45,Write-heavy,0.1,0.5,75,300,22500,426.743,391.185,0.615,19.886,19.838,24.313,15.6,36.9,60.6,2368.3,3.104,2.8,6.6,9.7,12.4,41130.3,322130.4,0,0,0,0.0,2.4638,1.3371,6.2474
A,4,45,Write-heavy,0.1,0.5,76,300,22800,510.387,420.848,0.669,21.387,19.855,17.135,15.4,44.8,63.1,66.4,3.059,2.7,7.0,9.1,26.0,58360.1,326939.8,0,0,0,0.0,2.9467,1.438,6.934
A,4,45,Write-heavy,0.1,0.5,77,300,23100,527.289,451.37,0.728,18.921,18.943,19.43,16.3,52.0,70.3,78.0,3.259,2.9,7.0,10.0,12.3,51465.9,306811.0,0,0,0,0.0,3.0443,1.2722,7.03
A,4,45,Write-heavy,0.1,0.5,78,300,23400,539,534.859,0.68,19.833,19.889,21.179,20.8,44.7,75.1,82.0,3.228,2.9,6.9,10.2,13.1,47216.6,309821.4,0,0,0,0.0,3.1119,1.3335,7.3628
A,4,45,Write-heavy,0.1,0.5,79,300,23700,90.421,110.797,0.521,18.632,18.623,8.389,6.0,28.3,46.1,167.5,2.909,2.7,4.8,10.4,13.2,119199.0,343760.6,0,0,0,0.0,0.522,1.2527,4.4327
A,4,45,Write-heavy,0.1,0.5,80,300,24000,71.321,71.728,1.1642,18.607,19.114,14.438,5.0,13.8,37.4,2501.2,2.808,2.6,5.5,9.3,10.5,69260.1,356168.0,0,1,0,0.003676,0.4118,1.2511,4.0215
A,4,45,Write-heavy,0.1,0.5,81,300,24300,29.963,33.414,0.6649,20.185,18.458,10.357,4.1,16.3,27.5,1439.2,2.941,2.7,6.8,9.3,12.7,96549.9,340020.6,0,0,0,0.0,0.173,1.3572,2.957
A,4,45,Write-heavy,0.1,0.5,82,300,24600,39.5,43.65,0.547,21.382,18.274,5.94,4.5,14.2,20.5,70.0,2.911,2.6,6.8,8.9,12.7,168350.0,343485.0,0,0,0,0.0,0.2281,1.4377,2.3033
A,4,45,Write-heavy,0.1,0.5,83,300,24900,42.6,57.204,0.707,21.08,18.662,5.808,4.8,14.8,19.7,22.7,2.876,2.6,6.3,9.0,9.2,172186.4,347665.0,0,0,0,0.0,0.246,1.4174,2.1889
A,4,45,Write-heavy,0.1,0.5,84,100,25000,44.667,73.375,0.9367,19.583,19.205,12.109,6.6,37.3,84.7,84.7,3.17,2.9,7.5,9.5,9.5,82583.2,315458.0,0,0,0,0.0,0.2579,1.3167,8.9158
A,4,45,Insert-flood,0.02,0.97,1,300,300,45.5,89.919,0.5991,13,17.322,11.367,4.8,8.9,29.3,1754.6,3.958,2.2,3.1,3.9,44049.9,87971.3,252641.0,0,1,0,0.003378,0.2627,0.8741,7.5128
A,4,45,Insert-flood,0.02,0.97,2,300,600,58,100.466,0.4145,12,19.544,9.834,5.5,9.6,30.3,1169.1,2.661,2.6,3.5,4.2,8.6,101688.0,375845.8,1,0,0,0.003356,0.3349,0.8068,7.2142
A,4,45,Insert-flood,0.02,0.97,3,300,900,120.5,146.169,0.735,23.5,19.73,7.249,6.4,12.9,28.7,29.2,2.595,2.5,3.4,6.1,8.6,137943.7,385307.1,0,0,0,0.0,0.6957,1.5801,4.705
A,4,45,Insert-flood,0.02,0.97,4,300,1200,215.2,196.336,0.6251,20.4,19.793,12.886,8.0,18.5,29.2,1137.7,2.862,2.6,4.6,8.4,12.5,77603.6,349446.3,0,0,0,0.0,1.2425,1.3716,3.4762
A,4,45,Insert-flood,0.02,0.97,5,300,1500,305.75,231.284,0.2737,24.75,19.132,13.637,8.5,18.0,27.1,1324.8,2.476,2.4,3.3,6.4,6.6,73329.9,403931.4,1,0,0,0.003378,1.7652,1.6641,4.2343
A,4,45,Insert-flood,0.02,0.97,6,300,1800,192.444,225.275,0.4873,25.556,20.344,9.689,7.8,20.6,28.0,57.4,2.707,2.5,3.8,8.0,9.9,103209.8,369367.4,0,0,0,0.0,1.1111,1.7183,3.5
A,4,45,Insert-flood,0.02,0.97,7,300,2100,129,247.798,1.2219,19.375,20.432,16.057,8.4,22.0,29.8,1782.8,2.68,2.5,3.7,7.7,10.6,62278.1,373088.0,0,1,0,0.003425,0.7448,1.3027,3.8701
A,4,45,Insert-flood,0.02,0.97,8,300,2400,19.167,28.133,0.8133,26.333,20.33,11.556,6.5,18.5,25.5,1074.7,2.811,2.7,3.7,8.6,11.2,86532.6,355787.2,0,0,0,0.0,0.1107,1.7706,2.9651
A,4,45,Insert-flood,0.02,0.97,9,300,2700,40.889,40.973,0.7112,24,19.564,6.884,6.3,14.5,17.4,18.5,2.672,2.5,3.5,7.6,9.0,145257.5,374297.8,0,0,0,0.0,0.2361,1.6137,2.2895
A,4,45,Insert-flood,0.02,0.97,10,300,3000,84.6,45.566,0.915,21.4,20.62,11.3,5.1,16.3,24.3,1436.8,2.844,2.7,3.9,9.9,12.3,88498.2,351575.9,0,0,0,0.0,0.4884,1.4389,2.4546
A,4,45,Insert-flood,0.02,0.97,11,300,3300,25.333,52.505,0.4709,27.667,20.407,4.721,3.9,10.2,19.1,22.0,2.625,2.6,3.4,7.0,9.7,211819.6,380952.1,0,0,0,0.0,0.1463,1.8602,2.7286
A,4,45,Insert-flood,0.02,0.97,12,300,3600,191,159.024,0.3254,23.6,20.763,11.08,6.8,12.6,36.1,1170.8,2.671,2.6,3.6,5.9,8.1,90252.7,374437.6,0,0,0,0.0,1.1027,1.5868,6.1186
A,4,45,Insert-flood,0.02,0.97,13,300,3900,451.286,297.215,0.2002,23,21.768,11.423,10.8,20.5,36.7,59.2,2.722,2.6,3.7,6.8,7.8,87540.1,367332.2,0,0,0,0.0,2.6055,1.5465,5.3971
A,4,45,Insert-flood,0.02,0.97,14,300,4200,350.857,368.526,0.679,19.714,21.184,20.292,14.0,26.5,40.1,1856.9,3.629,2.7,4.0,8.2,248.2,49280.5,275583.7,0,1,0,0.003413,2.0257,1.3255,4.8902
A,4,45,Insert-flood,0.02,0.97,15,300,4500,34.2,34.966,0.6824,23.6,20.81,10.491,5.3,17.8,32.9,934.2,2.731,2.7,3.6,6.2,10.0,95322.8,366122.1,0,0,0,0.0,0.1975,1.5868,5.3065
A,4,45,Insert-flood,0.02,0.97,16,300,4800,33.25,50.983,1.1111,24.25,21.72,4.708,4.1,8.1,28.3,33.7,2.707,2.6,3.6,7.1,8.0,212404.5,369412.6,0,0,0,0.0,0.192,1.6305,3.9859
A,4,45,Insert-flood,0.02,0.97,17,300,5100,140.4,112.034,0.7186,21.9,20.086,10.099,5.3,10.6,42.6,1189.2,2.661,2.6,3.5,5.9,8.7,99019.7,375798.3,0,0,0,0.0,0.8106,1.4725,7.2204
A,4,45,Insert-flood,0.02,0.97,18,300,5400,253.3,212.179,0.5726,24.8,20.19,8.909,8.2,16.0,28.6,39.1,2.817,2.6,3.8,10.2,10.8,112246.1,354987.9,0,0,0,0.0,1.4624,1.6675,2.8039
A,4,45,Insert-flood,0.02,0.97,19,300,5700,272.833,270.827,0.7415,23.167,21.466,15.127,8.8,21.5,34.1,1378.8,2.797,2.6,4.1,6.9,10.1,66108.4,357526.1,0,0,0,0.0,1.5752,1.5577,4.9421
A,4,45,Insert-flood,0.02,0.97,20,300,6000,479.4,339.807,0.7214,16,20.024,12.82,10.4,25.0,56.5,57.5,2.649,2.5,3.6,6.1,8.4,78001.1,377453.4,0,0,0,0.0,2.7678,1.0758,9.2622
A,4,45,Insert-flood,0.02,0.97,21,300,6300,242,343.045,1.1234,19.333,20.9,25.217,10.9,32.1,59.8,2043.3,2.88,2.7,4.3,8.2,9.4,39656.3,347262.4,0,1,0,0.003436,1.3972,1.2999,7.2926
A,4,45,Insert-flood,0.02,0.97,22,300,6600,59.8,69.207,0.8866,19,21.508,5.071,4.5,8.7,13.3,23.8,2.763,2.6,3.8,8.0,9.1,197212.8,361925.1,0,0,0,0.0,0.3453,1.2775,1.6625
A,4,45,Insert-flood,0.02,0.97,23,300,6900,148.917,161.087,0.6441,20.75,21.774,11.854,7.2,13.2,19.4,1289.9,2.816,2.7,3.9,6.1,9.3,84357.3,355156.0,0,0,0,0.0,0.8598,1.3952,3.1803
A,4,45,Insert-flood,0.02,0.97,24,300,7200,170,238.263,0.8266,26,21.556,16.641,8.8,19.1,36.7,1413.8,2.731,2.6,3.8,5.4,11.9,60093.7,366210.5,0,0,0,0.0,0.9815,1.7482,6.7962
A,4,45,Insert-flood,0.02,0.97,25,300,7500,341.857,336.396,0.7717,22,22.44,12.406,11.2,24.1,27.1,49.8,2.812,2.7,3.7,5.8,8.4,80608.3,355618.5,0,0,0,0.0,1.9737,1.4792,4.6724
A,4,45,Insert-flood,0.02,0.97,26,300,7800,397.6,406.241,0.7906,26.4,22.586,20.114,13.8,30.1,49.0,1508.8,2.96,2.8,4.1,8.4,10.6,49715.8,337799.9,0,0,0,0.0,2.2955,1.7751,5.8333
A,4,45,Insert-flood,0.02,0.97,27,300,8100,452.4,353.241,1.217,18.2,21.19,13.424,8.2,34.1,70.0,76.1,2.815,2.7,3.8,6.6,9.4,74493.5,355197.9,0,0,0,0.0,2.6119,1.2237,10.606
A,4,45,Insert-flood,0.02,0.97,28,300,8400,81.6,75.898,0.6046,20.6,18.641,14.061,4.2,8.7,49.9,1765.7,2.534,2.4,3.3,5.6,8.4,71120.4,394581.5,0,1,0,0.00339,0.4711,1.3851,8.9107
A,4,45,Insert-flood,0.02,0.97,29,300,8700,27.4,77.986,0.647,26,19.766,5.243,4.8,7.8,34.9,86.1,2.721,2.6,3.6,6.9,12.4,190730.6,367511.9,0,0,0,0.0,0.1582,1.7482,5.0579
A,4,45,Insert-flood,0.02,0.97,30,300,9000,114.6,127.186,0.7171,19.6,19.261,11.091,5.6,10.9,36.7,1438.2,2.589,2.5,3.4,6.2,8.3,90165.9,386249.5,1,0,0,0.00339,0.6616,1.3179,5.9193
A,4,45,Insert-flood,0.02,0.97,31,300,9300,109,133.726,0.8229,17.375,20.003,6.511,5.6,12.1,15.5,21.2,2.752,2.6,3.7,6.4,10.1,153586.3,363372.0,0,0,0,0.0,0.6293,1.1682,2.4219
A,4,45,Insert-flood,0.02,0.97,32,300,9600,105.857,165.652,0.6746,21.571,20.205,13.719,6.4,14.2,40.5,1878.3,2.714,2.6,3.7,8.5,11.6,72889.8,368505.1,0,0,0,0.0,0.6112,1.4504,4.7647
A,4,45,Insert-flood,0.02,0.97,33,300,9900,96,212.017,0.089,17.333,19.384,8.463,7.2,16.7,20.0,20.1,2.689,2.6,3.6,5.9,6.4,118161.4,371931.1,0,0,0,0.0,0.5543,1.1654,3.3898
A,4,45,Insert-flood,0.02,0.97,34,300,10200,177.333,246.306,1.3224,21.667,19.889,16.833,7.6,18.4,30.3,1592.3,2.683,2.6,3.5,5.1,9.1,59408.3,372670.9,0,0,0,0.0,1.0238,1.4568,5.9413
A,4,45,Insert-flood,0.02,0.97,35,300,10500,117.6,178.908,1.2253,15.4,19.464,15.011,7.3,21.6,29.1,1716.3,2.782,2.7,3.7,6.1,6.7,66617.8,359410.7,0,1,0,0.00339,0.679,1.0355,4.7705
A,4,45,Insert-flood,0.02,0.97,36,300,10800,49.667,43.626,1.0559,27.333,19.448,8.809,4.3,12.0,22.0,1050.7,2.677,2.6,3.5,6.0,10.1,113524.6,373552.5,0,0,0,0.0,0.2868,1.8378,3.6666
A,4,45,Insert-flood,0.02,0.97,37,300,11100,101.8,67.739,0.826,22.6,20.661,5.59,4.5,11.1,14.9,53.6,2.788,2.6,3.6,7.6,11.1,178880.2,358679.9,0,0,0,0.0,0.5877,1.5196,1.9605
A,4,45,Insert-flood,0.02,0.97,38,300,11400,130,105.379,0.8864,14.143,19.887,10.567,5.3,10.4,14.3,1454.3,2.615,2.5,3.5,5.8,7.1,94637.2,382457.7,0,0,0,0.0,0.7506,0.9509,2.4655
A,4,45,Insert-flood,0.02,0.97,39,300,11700,72.333,230.246,1.1574,11.667,19.438,10.448,9.6,18.0,26.2,229.7,2.817,2.7,4.1,5.9,11.1,95709.0,354987.4,0,0,0,0.0,0.4176,0.7844,4.4406
A,4,45,Insert-flood,0.02,0.97,40,300,12000,512.6,331.698,0.6359,19.2,19.481,17.877,11.2,24.4,53.8,1653.2,2.747,2.6,3.7,4.9,6.2,55938.8,364033.7,0,0,0,0.0,2.9595,1.291,10.9795
A,4,45,Insert-flood,0.02,0.97,41,300,12300,507.25,459.355,0.6489,16,19.53,15.985,15.3,30.7,34.4,59.0,2.751,2.7,3.6,5.3,7.1,62558.7,363548.2,0,0,0,0.0,2.9286,1.0758,6.4906
A,4,45,Insert-flood,0.02,0.97,42,300,12600,142.286,278.096,1.3328,23,19.635,22.34,8.4,37.6,65.6,2641.6,2.945,2.7,4.1,8.6,12.5,44762.1,339596.9,0,1,0,0.003413,0.8215,1.5465,7.6279
A,4,45,Insert-flood,0.02,0.97,43,300,12900,66.571,58.102,0.8343,23.143,19.843,8.993,4.3,11.6,15.5,1174.6,2.954,2.7,4.3,10.1,38.2,111197.6,338485.8,0,0,0,0.0,0.3844,1.5561,1.5347
A,4,45,Insert-flood,0.02,0.97,44,300,13200,91,132.288,1.4267,18.25,19.678,210.832,6.8,12.6,41.7,59368.2,2.812,2.6,3.8,8.9,9.7,4743.1,355618.6,0,0,0,0.0,0.5254,1.2271,4.6854
A,4,45,Insert-flood,0.02,0.97,45,300,13500,115.667,208.815,1.5459,19,19.694,8.845,7.5,16.4,20.7,21.9,2.681,2.6,3.6,5.6,8.7,113062.5,373042.1,0,0,0,0.0,0.6678,1.2775,3.6965
A,4,45,Insert-flood,0.02,0.97,46,300,13800,21,116.299,0.6061,16.5,19.695,12.17,4.2,17.9,20.3,1848.6,2.674,2.6,3.6,4.9,11.7,82167.0,374017.8,0,0,0,0.0,0.1212,1.1094,4.1428
A,4,45,Insert-flood,0.02,0.97,47,300,14100,180.25,118.436,0.2445,24.75,19.932,6.133,5.7,10.7,14.4,47.7,2.66,2.6,3.5,7.9,8.4,163052.3,375892.4,0,0,0,0.0,1.0407,1.6641,1.8228
A,4,45,Insert-flood,0.02,0.97,48,300,14400,170,205.276,0.5145,20.833,19.622,13.48,7.9,16.9,20.2,1533.9,2.781,2.6,3.8,8.2,10.3,74185.8,359539.4,0,0,0,0.0,0.9815,1.4008,2.4634
A,4,45,Insert-flood,0.02,0.97,49,300,14700,169,123.887,1.1071,20.571,19.491,18.022,8.5,25.3,38.3,2178.0,2.825,2.7,3.8,6.8,9.5,55488.8,353982.2,0,1,0,0.003413,0.9757,1.3832,5.6323
A,4,45,Insert-flood,0.02,0.97,50,300,15000,38.6,41.945,0.4804,19.8,19.741,16.541,6.5,26.4,47.9,1699.6,2.985,2.8,4.3,7.7,10.5,60455.8,334971.7,0,0,0,0.0,0.2229,1.3313,6.2207
A,4,45,Insert-flood,0.02,0.97,51,300,15300,39.5,59.645,0.8973,18.5,19.824,5.926,5.0,13.0,40.4,59.1,2.679,2.6,3.4,5.8,8.6,168747.8,373320.1,0,0,0,0.0,0.2281,1.2439,6.9655
A,4,45,Insert-flood,0.02,0.97,52,300,15600,106.667,91.898,0.4028,22.5,20.731,12.605,6.3,13.0,48.9,1714.0,2.959,2.8,4.1,7.4,11.2,79335.7,337990.0,0,0,0,0.0,0.6158,1.5128,6.6082
A,4,45,Insert-flood,0.02,0.97,53,300,15900,114.375,109.733,0.9746,22.5,19.955,7.146,6.3,13.8,18.1,23.0,2.83,2.7,3.8,7.1,9.6,139944.9,353357.3,0,0,0,0.0,0.6603,1.5128,2.5493
A,4,45,Insert-flood,0.02,0.97,54,300,16200,134.4,130.359,1.1918,23,19.949,13.364,6.2,15.0,24.3,1787.2,2.783,2.7,3.5,6.7,8.7,74827.9,359324.0,1,0,0,0.00339,0.776,1.5465,3.6269
A,4,45,Insert-flood,0.02,0.97,55,300,16500,224.25,142.456,0.8968,12.75,20.125,10.622,6.7,17.5,27.4,754.2,2.77,2.7,3.6,5.5,9.1,94141.3,360967.6,0,0,0,0.0,1.2947,0.8573,4.9819
A,4,45,Insert-flood,0.02,0.97,56,300,16800,17,88.889,1.1646,29.5,19.513,17.318,6.9,22.0,46.2,2264.2,2.785,2.7,3.7,7.6,10.1,57742.3,359023.0,0,1,0,0.003356,0.0981,1.9835,6.0789
A,4,45,Insert-flood,0.02,0.97,57,300,17100,40,39.662,0.4267,23.714,19.966,10.287,4.7,15.0,42.7,1267.0,2.797,2.6,3.6,10.3,10.9,97210.0,357568.7,1,0,0,0.003413,0.2309,1.5945,4.1456
A,4,45,Insert-flood,0.02,0.97,58,300,17400,35.667,53.224,1.1793,20,20.871,4.678,3.9,8.0,16.3,18.4,2.811,2.7,3.8,6.0,8.6,213751.3,355703.2,0,0,0,0.0,0.2059,1.3447,2.7166
A,4,45,Insert-flood,0.02,0.97,59,300,17700,63.5,98.872,0.9242,19,20.054,11.65,5.5,9.7,13.3,1757.4,2.665,2.6,3.5,5.0,7.7,85834.4,375234.5,0,0,0,0.0,0.3666,1.2775,2.66
A,4,45,Insert-flood,0.02,0.97,60,300,18000,89,137.699,0.951,20,19.595,7.018,6.6,11.8,18.1,46.8,2.751,2.7,3.5,4.6,8.3,142497.4,363504.3,0,0,0,0.0,0.5138,1.3447,3.9348
A,4,45,Insert-flood,0.02,0.97,61,300,18300,169.778,181.186,0.6532,21.333,20.137,15.538,7.8,13.4,17.5,2317.6,2.799,2.6,3.7,8.7,10.2,64359.7,357270.4,0,0,0,0.0,0.9802,1.4344,2.0115
A,4,45,Insert-flood,0.02,0.97,62,300,18600,218.833,226.051,0.5835,24.5,19.01,9.46,9.1,16.7,26.9,56.4,2.756,2.6,3.7,7.9,13.1,105712.0,362800.7,0,0,0,0.0,1.2634,1.6473,3.405
A,4,45,Insert-flood,0.02,0.97,63,300,18900,23.4,105.112,0.7174,29.6,20.024,22.118,6.6,21.3,50.0,2170.5,2.848,2.7,3.8,8.4,12.9,45212.7,351082.7,1,1,0,0.00678,0.1351,1.9902,5.9523
A,4,45,Insert-flood,0.02,0.97,64,300,19200,24.8,28.227,0.7551,27.8,21.271,10.103,6.0,18.3,25.6,695.8,2.885,2.8,3.7,10.0,12.7,98983.7,346660.9,0,0,0,0.0,0.1432,1.8692,2.56
A,4,45,Insert-flood,0.02,0.97,65,300,19500,29,54.942,0.9076,19.5,19.633,9.262,3.9,6.9,13.4,1520.0,2.583,2.5,3.4,6.0,8.7,107968.0,387197.1,0,0,0,0.0,0.1674,1.3111,2.2333
A,4,45,Insert-flood,0.02,0.97,66,300,19800,156,129.01,0.4758,21.333,19.827,6.519,5.9,11.2,16.6,58.4,2.755,2.7,3.7,6.0,8.2,153397.8,363020.8,0,0,0,0.0,0.9007,1.4344,2.7666
A,4,45,Insert-flood,0.02,0.97,67,300,20100,179.364,202.827,0.8008,21,20.803,14.336,6.9,16.4,24.3,1802.6,2.793,2.7,3.7,7.6,11.1,69754.5,358038.5,0,0,0,0.0,1.0356,1.412,3.1974
A,4,45,Insert-flood,0.02,0.97,68,300,20400,95.5,277.698,0.97,14,19.356,10.917,8.4,22.4,33.0,84.9,2.781,2.6,3.8,5.2,8.5,91597.5,359539.4,0,0,0,0.0,0.5514,0.9413,6.3463
A,4,45,Insert-flood,0.02,0.97,69,300,20700,302.4,361.685,1.1007,17.6,20.041,13.871,11.5,27.6,56.8,110.0,2.878,2.7,4.1,7.6,10.2,72092.9,347463.5,0,0,0,0.0,1.7459,1.1834,7.4736
A,4,45,Insert-flood,0.02,0.97,70,300,21000,19,97.77,0.3697,14.75,20.453,21.08,4.2,23.3,33.3,2861.7,2.776,2.7,3.6,5.0,5.9,47439.1,360230.0,0,1,0,0.003378,0.1097,0.9918,6.6599
A,4,45,Insert-flood,0.02,0.97,71,300,21300,70.875,80.045,0.6731,20.25,20.959,6.141,5.3,11.3,18.9,56.1,2.936,2.8,4.0,7.1,9.9,162848.7,340638.5,0,0,0,0.0,0.4092,1.3616,2.662
A,4,45,Insert-flood,0.02,0.97,72,300,21600,172.2,161.549,0.7793,21.8,20.244,15.885,8.1,14.8,45.6,2297.9,2.737,2.6,3.5,8.3,11.9,62951.2,365363.4,0,0,0,0.0,0.9942,1.4658,5.494
A,4,45,Insert-flood,0.02,0.97,73,300,21900,50.571,55.488,1.2472,22.429,20.836,5.358,4.3,12.0,16.7,26.2,2.995,2.7,4.7,8.8,10.5,186648.5,333926.6,0,0,0,0.0,0.292,1.508,1.8977
A,4,45,Insert-flood,0.02,0.97,74,300,22200,77,71.692,0.5432,21,20.866,11.97,4.3,10.9,17.4,2038.9,2.732,2.6,3.7,6.8,9.9,83542.2,365988.3,0,0,0,0.0,0.4446,1.412,2.5589
A,4,45,Insert-flood,0.02,0.97,75,300,22500,123.364,110.145,0.9499,22.182,20.529,9.746,5.8,14.6,21.8,910.7,3.24,2.8,5.7,13.5,23.1,102609.7,308610.4,0,0,0,0.0,0.7122,1.4914,1.6148
A,4,45,Insert-flood,0.02,0.97,76,300,22800,203.375,174.685,1.0299,20.875,19.815,16.164,7.2,15.6,32.3,2427.6,2.777,2.6,3.7,9.9,10.9,61867.1,360100.6,0,0,0,0.0,1.1742,1.4036,3.2626
A,4,45,Insert-flood,0.02,0.97,77,300,23100,36.4,30.003,0.4705,24.2,20.214,14.473,4.8,20.6,44.3,2159.1,2.849,2.7,3.7,9.4,13.1,69094.2,351041.5,0,1,0,0.00339,0.2102,1.6271,4.7127
A,4,45,Insert-flood,0.02,0.97,78,300,23400,26,57.255,0.1088,19.5,20.95,11.117,5.0,13.3,23.6,1548.7,2.758,2.7,3.5,4.3,8.5,89949.6,362581.8,0,0,0,0.0,0.1501,1.3111,5.4883
A,4,45,Insert-flood,0.02,0.97,79,300,23700,132.667,104.399,0.587,20.667,20.199,8.009,7.2,17.2,25.3,27.2,3.035,2.8,4.2,8.0,10.3,124864.8,329489.4,0,0,0,0.0,0.766,1.3896,3.1625
A,4,45,Insert-flood,0.02,0.97,80,300,24000,188.5,145.48,0.7287,22.833,20.507,18.491,8.2,16.9,29.0,2845.6,3.017,2.9,3.8,8.3,12.3,54079.4,331492.3,0,0,0,0.0,1.0883,1.5353,3.4939
A,4,45,Insert-flood,0.02,0.97,81,300,24300,165.167,186.028,1.012,20.667,19.812,10.332,8.8,19.5,29.9,70.6,2.959,2.7,3.9,9.1,11.7,96783.6,337951.8,0,0,0,0.0,0.9536,1.3896,3.2857
A,4,45,Insert-flood,0.02,0.97,82,300,24600,176.6,148.664,0.9212,22.8,21.027,16.675,7.3,20.8,34.3,2402.6,2.966,2.8,4.0,8.8,11.1,59968.8,337153.8,0,0,0,0.0,1.0196,1.533,3.8977
A,4,45,Insert-flood,0.02,0.97,83,300,24900,74.167,83.418,1.1854,20,20.667,6.102,5.4,11.5,21.4,25.8,2.782,2.7,3.6,6.5,10.8,163889.7,359496.9,0,0,0,0.0,0.4282,1.3447,3.2923
A,4,45,Insert-flood,0.02,0.97,84,100,25000,0.0,80.31,0.0,0.0,21.39,37.451,7.7,29.6,2709.6,2709.6,2.935,2.8,3.9,5.5,5.5,26701.6,340715.6,0,1,0,0.01,0.0,0.0,492.6612
A,4,45,Delete-flood,0.02,0.05,1,300,300,25,61.789,0.792,18.5,16.693,15.403,7.4,25.8,30.1,1690.9,4.092,2.2,3.0,3.8,48698.8,64922.4,244383.8,0,1,0,0.003356,0.1443,1.2439,7.921
A,4,45,Delete-flood,0.02,0.05,2,300,600,26.75,46.599,0.6264,22.125,19.723,10.191,7.4,26.9,33.6,37.9,2.206,1.9,3.6,9.4,13.5,98122.6,453378.2,0,0,0,0.0,0.1544,1.4876,3.5744
A,4,45,Delete-flood,0.02,0.05,3,300,900,49.333,68.37,0.6089,23.667,19.488,10.176,8.5,23.8,34.4,40.6,2.129,1.9,3.4,6.2,9.4,98267.2,469703.8,0,0,0,0.0,0.2848,1.5913,5.5485
A,4,45,Delete-flood,0.02,0.05,4,300,1200,37.375,51.699,0.7401,19.75,19.459,7.966,4.4,19.9,29.1,30.6,2.093,1.9,3.4,5.5,7.5,125533.5,477782.7,0,0,0,0.0,0.2158,1.3279,5.2909
A,4,45,Delete-flood,0.02,0.05,5,300,1500,46.5,48.443,0.3094,17.25,19.618,4.135,3.5,5.5,27.0,27.4,1.916,1.8,3.1,4.5,7.0,241837.7,521921.5,0,0,0,0.0,0.2685,1.1598,6.0001
A,4,45,Delete-flood,0.02,0.05,6,300,1800,52.4,52.851,0.4079,19.4,18.881,5.023,3.7,10.4,30.3,60.7,2.161,1.8,4.2,7.5,12.8,199084.1,462676.8,0,0,0,0.0,0.3025,1.3044,4.04
A,4,45,Delete-flood,0.02,0.05,7,300,2100,48.714,58.898,0.6018,15.143,19.119,4.517,3.9,6.4,27.3,44.2,1.977,1.8,3.0,6.0,6.9,221385.9,505731.0,0,0,0,0.0,0.2813,1.0182,4.55
A,4,45,Delete-flood,0.02,0.05,8,300,2400,66.571,61.181,0.3959,20.143,19.29,4.705,4.1,7.7,27.1,40.4,1.972,1.8,3.1,5.9,5.9,212524.6,507186.1,0,0,0,0.0,0.3844,1.3544,4.5933
A,4,45,Delete-flood,0.02,0.05,9,300,2700,74,71.963,0.4727,21.8,18.59,5.377,4.3,8.8,27.9,67.7,2.031,1.9,3.1,5.9,7.7,185977.1,492368.3,0,0,0,0.0,0.4272,1.4658,4.7288
A,4,45,Delete-flood,0.02,0.05,10,300,3000,113,79.304,0.1009,23.75,19.503,5.611,4.6,11.4,33.5,38.2,1.988,1.8,3.0,5.3,8.5,178231.8,502934.1,0,0,0,0.0,0.6524,1.5969,6.3208
A,4,45,Delete-flood,0.02,0.05,11,300,3300,57.5,85.997,0.7678,18.833,19.823,5.699,4.9,14.6,27.1,27.8,1.963,1.8,3.1,5.4,9.0,175459.1,509424.1,0,0,0,0.0,0.332,1.2663,5.0185
A,4,45,Delete-flood,0.02,0.05,12,300,3600,71.333,86.027,0.5859,19.778,19.519,5.618,4.7,8.6,29.5,43.2,2.067,1.8,3.5,6.2,9.9,178009.7,483871.5,0,0,0,0.0,0.4118,1.3298,4.758
A,4,45,Delete-flood,0.02,0.05,13,300,3900,66.667,86.404,1.2025,23,18.785,5.286,4.6,7.3,28.2,28.4,1.957,1.8,3.0,4.8,7.7,189190.9,510987.2,0,0,0,0.0,0.3849,1.5465,5.8751
A,4,45,Delete-flood,0.02,0.05,14,300,4200,68.333,93.845,0.7916,13.667,19.737,5.642,4.8,7.4,28.4,33.4,2.006,1.8,3.1,6.2,6.4,177252.9,498587.2,0,0,0,0.0,0.3945,0.9189,4.5807
A,4,45,Delete-flood,0.02,0.05,15,300,4500,133.333,97.859,0.4394,28.333,18.912,5.603,4.9,7.5,29.8,32.5,1.967,1.8,3.2,5.4,12.9,178475.9,508474.9,0,0,0,0.0,0.7698,1.9051,5.5186
A,4,45,Delete-flood,0.02,0.05,16,300,4800,94,103.801,0.8708,19,19.088,5.944,5.1,10.7,27.6,28.6,1.947,1.8,3.1,5.2,5.7,168227.6,513699.0,0,0,0,0.0,0.5427,1.2775,5.3078
A,4,45,Delete-flood,0.02,0.05,17,300,5100,107,109.221,1.0309,20.5,20.144,5.988,5.1,8.8,28.3,36.3,1.972,1.8,3.1,3.9,5.6,167000.6,507098.8,0,0,0,0.0,0.6178,1.3784,7.2566
A,4,45,Delete-flood,0.02,0.05,18,300,5400,152.889,116.034,0.2803,22.556,18.309,6.156,5.9,11.4,16.0,33.7,2.261,1.8,4.6,8.8,12.8,162452.0,442347.3,0,0,0,0.0,0.8827,1.5166,1.8182
A,4,45,Delete-flood,0.02,0.05,19,300,5700,107.333,115.241,0.6963,17.667,19.357,11.378,5.4,9.3,27.3,1599.7,1.973,1.8,3.3,5.1,6.0,87891.5,506757.3,1,0,0,0.003401,0.6197,1.1879,5.353
A,4,45,Delete-flood,0.02,0.05,20,300,6000,66.143,71.225,0.4517,23.857,18.877,4.794,4.3,8.4,27.7,30.7,2.112,1.8,3.6,8.5,8.6,208608.4,473485.0,0,0,0,0.0,0.3819,1.6041,3.2588
A,4,45,Delete-flood,0.02,0.05,21,300,6300,49.2,73.244,0.9278,24,19.668,4.902,4.3,6.7,27.9,30.1,2.027,1.9,3.2,6.4,7.1,203984.4,493259.8,0,0,0,0.0,0.2841,1.6137,4.3594
A,4,45,Delete-flood,0.02,0.05,22,300,6600,41,74.49,0.3794,14,19.081,4.948,4.1,6.8,27.2,43.1,1.954,1.8,3.1,4.4,6.5,202102.0,511770.1,0,0,0,0.0,0.2367,0.9413,6.1818
A,4,45,Delete-flood,0.02,0.05,23,300,6900,51.25,78.26,1.0265,20.75,18.527,4.576,4.0,6.8,19.0,28.0,1.991,1.8,3.2,4.6,7.2,218547.4,502177.3,0,0,0,0.0,0.2959,1.3952,4.1304
A,4,45,Delete-flood,0.02,0.05,24,300,7200,56,83.007,1.1391,16.333,19.879,5.188,4.6,6.9,31.0,36.5,1.986,1.8,3.2,3.9,5.2,192752.5,503525.7,0,0,0,0.0,0.3233,1.0982,7.9487
A,4,45,Delete-flood,0.02,0.05,25,300,7500,71.143,86.993,0.6867,25.429,19.7,4.826,4.5,7.1,12.1,27.1,1.989,1.8,3.4,6.3,7.0,207196.5,502681.6,0,0,0,0.0,0.4107,1.7098,1.9206
A,4,45,Delete-flood,0.02,0.05,26,300,7800,63.545,87.536,0.5933,18.909,20.035,5.168,4.9,7.4,26.9,28.3,2.119,1.9,3.5,6.6,9.8,193511.1,471920.8,0,0,0,0.0,0.3669,1.2714,4.0758
A,4,45,Delete-flood,0.02,0.05,27,300,8100,63.667,93.738,0.522,19.167,19.5,5.366,5.1,7.5,27.0,30.0,2.043,1.8,3.3,6.1,11.4,186358.5,489475.6,0,0,0,0.0,0.3676,1.2887,4.4262
A,4,45,Delete-flood,0.02,0.05,28,300,8400,91.25,91.795,0.424,21.5,19.545,5.407,5.0,8.5,27.2,28.5,2.045,1.8,3.5,6.2,8.4,184957.0,489076.9,0,0,0,0.0,0.5268,1.4456,4.3872
A,4,45,Delete-flood,0.02,0.05,29,300,8700,108.6,91.553,0.4143,24,20.241,5.451,5.0,7.9,27.1,27.9,2.068,1.9,3.0,6.7,8.1,183452.5,483558.8,0,0,0,0.0,0.627,1.6137,4.0448
A,4,45,Delete-flood,0.02,0.05,30,300,9000,79.5,97.071,0.5157,21,18.935,5.491,5.3,7.9,28.1,31.6,2.02,1.9,3.2,5.0,8.1,182104.9,495050.0,0,0,0,0.0,0.459,1.412,5.62
A,4,45,Delete-flood,0.02,0.05,31,300,9300,101.5,99.413,0.62,28,18.554,5.482,5.3,7.8,26.7,28.2,1.938,1.8,3.1,5.5,7.3,182426.0,515996.1,0,0,0,0.0,0.586,1.8826,4.8546
A,4,45,Delete-flood,0.02,0.05,32,300,9600,88.5,99.365,0.5096,19.25,19.588,5.947,5.4,8.6,28.3,73.8,2.104,1.9,3.4,5.1,7.4,168151.9,475286.2,0,0,0,0.0,0.511,1.2943,5.5491
A,4,45,Delete-flood,0.02,0.05,33,300,9900,65.875,109.116,0.5657,21.375,18.976,5.625,5.5,8.3,27.1,29.2,2.054,1.9,3.2,6.8,12.1,177777.9,486854.7,0,0,0,0.0,0.3803,1.4372,3.9853
A,4,45,Delete-flood,0.02,0.05,34,300,10200,92.167,105.32,0.7244,26.167,18.969,5.725,5.4,8.2,26.9,28.9,2.035,1.9,3.3,6.5,9.7,174662.2,491320.5,0,0,0,0.0,0.5321,1.7594,4.1384
A,4,45,Delete-flood,0.02,0.05,35,300,10500,40.75,113.517,0.4359,12.75,19.385,5.926,5.9,8.4,27.8,37.2,1.958,1.8,3.0,3.8,4.4,168757.3,510813.1,0,0,0,0.0,0.2353,0.8573,7.3157
A,4,45,Delete-flood,0.02,0.05,36,300,10800,66,113.298,0.8755,19.5,19.914,5.851,5.9,8.4,28.2,29.1,2.114,1.9,3.3,6.2,8.4,170901.3,472963.0,0,0,0,0.0,0.3811,1.3111,4.5483
A,4,45,Delete-flood,0.02,0.05,37,300,11100,65.75,111.52,0.6236,19.75,18.909,5.864,5.4,8.5,27.7,41.1,1.979,1.8,3.1,5.6,7.8,170541.6,505220.2,0,0,0,0.0,0.3796,1.3279,4.9465
A,4,45,Delete-flood,0.02,0.05,38,300,11400,98,119.215,0.527,20,19.822,6.285,6.1,10.0,29.4,37.0,2.109,1.9,3.5,5.3,7.8,159100.5,474158.8,0,0,0,0.0,0.5658,1.3447,5.5471
A,4,45,Delete-flood,0.02,0.05,39,300,11700,102.6,124.997,0.4607,19.6,18.936,6.37,6.1,9.2,27.7,36.3,2.009,1.8,3.3,5.9,8.7,156994.1,497841.9,0,0,0,0.0,0.5924,1.3179,4.6949
A,4,45,Delete-flood,0.02,0.05,40,300,12000,79.4,120.481,0.9109,19.6,19.275,6.004,5.7,9.1,27.0,35.6,1.99,1.8,3.1,5.1,7.4,166546.4,502512.8,0,0,0,0.0,0.4584,1.3179,5.2942
A,4,45,Delete-flood,0.02,0.05,41,300,12300,82.875,128.055,0.7114,18.875,18.51,6.343,6.3,9.5,27.7,34.3,2.049,1.8,3.4,6.8,9.1,157662.4,487963.5,0,0,0,0.0,0.4785,1.2691,4.0736
A,4,45,Delete-flood,0.02,0.05,42,300,12600,107.5,123.75,0.5195,21.75,20.311,6.069,5.8,9.5,28.6,41.0,2.066,1.9,3.3,5.8,8.9,164771.9,483949.2,0,0,0,0.0,0.6207,1.4624,4.9311
A,4,45,Delete-flood,0.02,0.05,43,300,12900,111.25,131.791,0.6385,18.125,19.979,6.937,6.5,13.9,30.5,34.2,2.105,1.9,3.3,6.5,7.5,144154.5,475134.9,0,0,0,0.0,0.6423,1.2187,4.6923
A,4,45,Delete-flood,0.02,0.05,44,300,13200,96.857,129.034,0.6719,16.714,18.741,6.158,5.9,9.6,26.6,28.5,1.93,1.7,3.2,5.6,7.1,162381.6,518135.4,0,0,0,0.0,0.5592,1.1238,4.75
A,4,45,Delete-flood,0.02,0.05,45,300,13500,165.143,135.631,0.284,23.286,19.529,6.644,6.4,11.3,27.1,33.3,2.033,1.8,3.3,6.0,7.8,150504.2,491803.6,0,0,0,0.0,0.9535,1.5657,4.5167
A,4,45,Delete-flood,0.02,0.05,46,300,13800,164.6,130.919,0.2173,20.4,18.953,6.518,6.2,10.5,29.9,44.6,2.003,1.8,3.4,5.9,7.8,153413.6,499168.5,0,0,0,0.0,0.9503,1.3716,5.0679
A,4,45,Delete-flood,0.02,0.05,47,300,14100,149.6,138.376,0.622,23.2,19.007,6.569,6.3,10.8,27.0,27.5,2.019,1.8,3.2,4.9,16.9,152230.2,495211.8,0,0,0,0.0,0.8637,1.5599,5.5102
A,4,45,Delete-flood,0.02,0.05,48,300,14400,142.667,131.65,0.7307,20,19.572,6.416,6.1,10.6,29.7,35.5,1.988,1.9,3.1,4.6,6.0,155860.3,503017.9,0,0,0,0.0,0.8237,1.3447,6.4565
A,4,45,Delete-flood,0.02,0.05,49,300,14700,141.833,144.51,0.6548,17.5,20.014,6.883,6.7,11.1,27.9,42.6,2.071,1.9,3.4,5.7,10.6,145292.6,482935.3,0,0,0,0.0,0.8189,1.1767,4.8947
A,4,45,Delete-flood,0.02,0.05,50,300,15000,182.2,149.969,0.3642,23.2,19.241,6.619,6.2,10.9,15.7,28.0,2.003,1.8,3.2,5.3,6.5,151072.6,499250.6,0,0,0,0.0,1.0519,1.5599,2.9622
A,4,45,Delete-flood,0.02,0.05,51,300,15300,178.333,154.204,0.3489,19.167,18.204,7.104,7.2,11.2,29.6,40.2,2.011,1.8,3.5,5.9,8.3,140772.3,497182.3,0,0,0,0.0,1.0296,1.2887,5.0169
A,4,45,Delete-flood,0.02,0.05,52,300,15600,111.667,159.728,1.0685,16.5,19.663,6.998,6.9,11.0,26.7,38.6,2.006,1.8,3.5,5.0,6.2,142904.8,498504.7,0,0,0,0.0,0.6447,1.1094,5.3401
A,4,45,Delete-flood,0.02,0.05,53,300,15900,163.222,151.533,0.5152,20.556,19.935,13.129,7.1,15.3,31.5,1713.2,2.118,1.9,3.5,7.3,9.3,76169.2,472218.4,1,0,0,0.003436,0.9424,1.3821,4.3151
A,4,45,Delete-flood,0.02,0.05,54,300,16200,47.167,121.946,0.8431,18.5,19.524,6.12,5.5,11.0,28.3,37.2,2.052,1.9,3.2,5.8,8.4,163407.5,487409.0,0,0,0,0.0,0.2723,1.2439,4.8794
A,4,45,Delete-flood,0.02,0.05,55,300,16500,83.571,124.638,0.6945,17.857,18.945,6.357,5.5,11.0,27.9,35.5,2.009,1.8,3.2,4.7,5.5,157298.7,497761.8,0,0,0,0.0,0.4825,1.2007,5.9361
A,4,45,Delete-flood,0.02,0.05,56,300,16800,124.375,126.277,0.58,22.5,18.873,6.642,5.9,12.9,32.9,39.9,2.205,1.9,4.1,7.7,9.5,150564.6,453584.3,0,0,0,0.0,0.7181,1.5128,4.2727
A,4,45,Delete-flood,0.02,0.05,57,300,17100,81.6,130.142,0.6218,24,19.424,6.449,5.3,11.4,27.4,35.6,2.02,1.8,3.1,7.1,10.5,155054.9,494967.8,0,0,0,0.0,0.4711,1.6137,3.8592
A,4,45,Delete-flood,0.02,0.05,58,300,17400,118.833,121.781,0.5363,20.417,19.368,6.297,5.4,12.0,28.8,39.0,2.138,1.8,3.8,7.5,10.6,158814.3,467726.0,0,0,0,0.0,0.6861,1.3728,3.84
A,4,45,Delete-flood,0.02,0.05,59,300,17700,142.625,133.551,0.5748,23,19.658,6.638,6.0,11.9,27.0,34.3,2.114,1.8,3.4,8.3,10.6,150647.7,472962.8,0,0,0,0.0,0.8234,1.5465,3.253
A,4,45,Delete-flood,0.02,0.05,60,300,18000,99.5,138.541,0.6459,22.75,18.875,6.625,5.9,11.8,28.0,35.1,2.011,1.8,3.1,6.8,8.8,150935.9,497347.1,0,0,0,0.0,0.5745,1.5297,4.1177
A,4,45,Delete-flood,0.02,0.05,61,300,18300,89.5,140.01,1.0529,18.125,19.062,6.8,5.7,12.1,28.5,68.1,2.11,1.8,3.9,6.1,9.8,147058.8,473859.0,0,0,0,0.0,0.5167,1.2187,4.6722
A,4,45,Delete-flood,0.02,0.05,62,300,18600,117.333,138.374,0.5631,19,19.85,6.463,5.7,11.8,27.7,29.1,2.04,1.8,3.5,5.9,8.6,154719.0,490276.7,0,0,0,0.0,0.6774,1.2775,4.695
A,4,45,Delete-flood,0.02,0.05,63,300,18900,89.1,141.962,0.809,20.4,19.19,6.742,6.2,12.7,27.4,35.3,2.131,1.9,3.7,5.9,10.0,148316.6,469190.1,0,0,0,0.0,0.5144,1.3716,4.644
A,4,45,Delete-flood,0.02,0.05,64,300,19200,141.429,145.823,0.6286,16.857,19.84,7.07,6.1,12.8,37.2,43.1,2.053,1.9,3.3,7.0,8.3,141436.1,487012.7,0,0,0,0.0,0.8165,1.1334,5.3143
A,4,45,Delete-flood,0.02,0.05,65,300,19500,125.143,141.29,0.6326,19.143,18.59,6.818,5.5,12.5,27.2,39.0,1.99,1.8,3.3,5.9,8.5,146677.7,502429.1,0,0,0,0.0,0.7225,1.2871,4.6102
A,4,45,Delete-flood,0.02,0.05,66,300,19800,89.5,155.139,0.425,23.5,19.456,7.394,6.6,12.8,34.4,42.3,2.109,1.9,3.5,7.8,8.6,135250.9,474157.0,0,0,0,0.0,0.5167,1.5801,4.4103
A,4,45,Delete-flood,0.02,0.05,67,300,20100,171.5,154.618,0.2345,27,19.247,6.957,6.4,12.7,27.0,38.0,1.956,1.8,3.1,6.5,8.1,143747.0,511246.9,0,0,0,0.0,0.9902,1.8154,4.1538
A,4,45,Delete-flood,0.02,0.05,68,300,20400,188,153.628,0.519,28,19.822,7.213,6.4,12.9,28.1,59.2,2.102,1.9,3.4,4.6,8.5,138644.9,475662.1,0,0,0,0.0,1.0854,1.8826,6.1088
A,4,45,Delete-flood,0.02,0.05,69,300,20700,105.5,156.701,0.9853,37,19.503,7.189,5.9,13.0,29.0,48.2,2.04,1.8,3.1,7.0,12.0,139107.8,490195.3,0,0,0,0.0,0.6091,2.4878,4.1429
A,4,45,Delete-flood,0.02,0.05,70,300,21000,114,157.795,0.6703,23.429,19.423,8.127,6.6,18.6,38.1,53.2,2.293,1.9,4.8,6.4,11.7,123051.7,436110.9,0,0,0,0.0,0.6582,1.5753,5.9531
A,4,45,Delete-flood,0.02,0.05,71,300,21300,68,150.396,0.4708,16.857,19.648,7.79,6.2,18.4,31.7,47.9,2.171,1.9,3.8,6.0,10.1,128364.3,460547.1,0,0,0,0.0,0.3926,1.1334,5.2834
A,4,45,Delete-flood,0.02,0.05,72,300,21600,80.667,150.99,0.6257,23.667,19.884,6.778,6.0,12.8,20.7,38.0,2.118,1.8,3.5,7.5,8.8,147528.8,472217.5,0,0,0,0.0,0.4657,1.5913,2.76
A,4,45,Delete-flood,0.02,0.05,73,300,21900,145.857,160.679,0.6013,21.714,18.311,7.644,6.7,13.7,30.4,67.7,2.026,1.8,3.1,7.9,9.4,130827.3,493664.9,0,0,0,0.0,0.8421,1.46,3.8481
A,4,45,Delete-flood,0.02,0.05,74,300,22200,132,158.407,0.531,22.667,19.512,7.228,6.6,13.0,36.5,44.0,2.016,1.8,3.3,6.8,8.0,138350.8,496113.0,0,0,0,0.0,0.7621,1.524,5.3676
A,4,45,Delete-flood,0.02,0.05,75,300,22500,119.167,164.585,0.7017,24.667,19.656,7.621,6.5,14.1,28.7,51.3,2.182,1.9,3.6,8.8,14.7,131210.7,458224.7,0,0,0,0.0,0.688,1.6585,3.2614
A,4,45,Delete-flood,0.02,0.05,76,300,22800,177.667,174.684,0.8027,28.333,19.178,8.023,7.1,15.2,28.2,43.4,2.05,1.9,3.2,4.4,8.4,124641.6,487725.4,0,0,0,0.0,1.0258,1.9051,6.409
A,4,45,Delete-flood,0.02,0.05,77,300,23100,103.875,163.771,0.8244,22.375,19.253,7.709,6.3,14.2,49.0,60.4,2.137,1.9,3.5,7.7,9.0,129724.2,467872.7,0,0,0,0.0,0.5997,1.5044,6.3637
A,4,45,Delete-flood,0.02,0.05,78,300,23400,130.1,179.597,0.49,22.6,18.279,8.159,7.2,14.2,51.5,54.7,2.105,1.9,3.5,7.3,8.1,122569.0,475060.1,0,0,0,0.0,0.7511,1.5196,7.0547
A,4,45,Delete-flood,0.02,0.05,79,300,23700,59.714,161.188,1.5953,16.857,17.956,6.919,5.6,13.7,26.0,26.9,1.951,1.8,3.1,5.8,6.4,144529.5,512644.6,0,0,0,0.0,0.3448,1.1334,4.4828
A,4,45,Delete-flood,0.02,0.05,80,300,24000,169.833,173.347,0.7485,20.333,19.024,7.458,6.6,14.0,27.5,47.5,2.054,1.8,3.4,5.8,8.9,134078.2,486776.5,0,0,0,0.0,0.9805,1.3672,4.7413
A,4,45,Delete-flood,0.02,0.05,81,300,24300,108.333,188.119,0.9679,17.667,19.605,7.816,7.1,14.6,27.7,28.5,2.115,1.9,3.6,6.5,7.4,127942.7,472812.4,0,0,0,0.0,0.6255,1.1879,4.2615
A,4,45,Delete-flood,0.02,0.05,82,300,24600,118.444,176.285,0.9237,21.556,18.674,8.062,6.5,15.7,30.4,53.1,2.158,1.9,3.7,7.9,10.1,124038.7,463319.7,0,0,0,0.0,0.6838,1.4493,3.8481
A,4,45,Delete-flood,0.02,0.05,83,300,24900,101.25,190.669,0.6211,18.25,18.608,8.437,7.3,15.6,37.0,52.8,2.046,1.9,3.3,4.7,5.9,118530.2,488838.1,0,0,0,0.0,0.5846,1.2271,7.8723
A,4,45,Delete-flood,0.02,0.05,84,100,25000,120,177.303,0.0,19,19.515,8.555,7.2,18.3,33.1,33.1,2.355,1.9,5.2,14.5,14.5,116890.6,424630.0,0,0,0,0.0,0.6928,1.2775,2.2828
