bench,run,seed,ds,window_num,snapshot,executed_ops,avg_us,p50_us,p95_us,p99_us,max_us,throughput,local_event_t,sub_event_t,global_event_t
8,1,42,JLI,1,1,300,14.772,5.0,25.2,65.5,1942.8,67694.1,18,14,1
8,1,42,JLI,1,2,600,5.138,4.0,13.8,25.3,29.0,194615.6,18,14,1
8,1,42,JLI,1,3,900,3.55,2.9,7.4,14.7,29.4,281663.6,18,14,1
8,1,42,JLI,1,4,1200,7.459,4.2,11.4,25.6,739.8,134060.3,18,14,1
8,1,42,JLI,1,5,1500,5.616,4.8,10.0,20.1,67.8,178052.1,18,14,1
8,1,42,JLI,1,6,1800,6.062,5.7,12.3,14.4,17.2,164953.0,18,14,1
8,1,42,JLI,1,7,2100,7.008,6.9,13.7,17.2,18.1,142694.1,18,14,1
8,1,42,JLI,1,8,2400,7.739,7.3,15.6,18.6,36.0,129215.6,18,14,1
8,1,42,JLI,1,9,2700,12.229,7.6,19.9,22.7,1151.5,81770.6,18,14,1
8,1,42,JLI,1,10,3000,9.698,8.8,20.1,26.4,26.7,103114.1,18,14,1
8,1,42,JLI,1,11,3300,10.686,9.5,23.6,31.0,46.3,93580.4,18,14,1
8,1,42,JLI,1,12,3600,10.958,9.0,28.4,33.0,35.3,91257.5,18,14,1
8,1,42,JLI,1,13,3900,12.459,10.6,29.6,34.1,35.0,80263.3,18,14,1
8,1,42,JLI,1,14,4200,13.254,11.2,32.4,42.3,64.8,75447.0,18,14,1
8,1,42,JLI,1,15,4500,17.659,11.5,32.8,42.0,1198.7,56627.3,18,14,1
8,1,42,JLI,1,16,4800,15.234,13.0,36.1,44.3,45.9,65644.1,18,14,1
8,1,42,JLI,1,17,5100,14.719,12.3,40.4,46.4,58.2,67937.9,18,14,1
8,1,42,JLI,1,18,5400,17.388,14.8,41.3,51.4,56.2,57512.0,18,14,1
8,1,42,JLI,1,19,5700,15.487,12.2,39.1,53.3,56.8,64570.3,18,14,1
8,1,42,JLI,1,20,6000,20.294,12.4,39.7,58.2,1587.5,49274.8,18,15,1
8,1,42,JLI,1,21,6300,7.371,5.5,19.4,27.6,36.6,135672.9,18,15,1
8,1,42,JLI,1,22,6600,10.05,5.4,15.6,25.4,1000.3,99499.2,18,15,1
8,1,42,JLI,1,23,6900,7.082,5.9,14.0,19.4,34.8,141203.1,18,15,1
8,1,42,JLI,1,24,7200,7.317,6.6,14.7,20.3,21.1,136668.1,18,15,1
8,1,42,JLI,1,25,7500,7.831,6.6,15.1,19.6,64.8,127692.2,18,15,1
8,1,42,JLI,1,26,7800,8.364,7.5,15.6,20.9,35.8,119560.0,18,15,1
8,1,42,JLI,1,27,8100,6.965,6.4,14.6,18.6,24.2,143581.9,18,15,1
8,1,42,JLI,1,28,8400,12.279,6.5,20.0,25.3,1408.4,81442.1,18,15,1
8,1,42,JLI,1,29,8700,7.447,5.9,17.0,24.7,29.8,134282.2,18,15,1
8,1,42,JLI,1,30,9000,8.23,6.3,19.9,27.4,27.8,121511.6,18,15,1
8,1,42,JLI,1,31,9300,8.899,6.9,19.0,27.5,31.8,112368.0,18,15,1
8,1,42,JLI,1,32,9600,9.719,7.3,23.7,30.7,56.7,102887.7,18,15,1
8,1,42,JLI,1,33,9900,15.54,8.9,28.0,40.6,1292.6,64351.4,18,15,1
8,1,42,JLI,1,34,10200,8.827,6.3,27.2,33.5,41.2,113284.5,18,15,1
8,1,42,JLI,1,35,10500,8.009,3.7,22.0,33.5,38.7,124854.3,18,15,1
8,1,42,JLI,1,36,10800,9.679,5.7,25.0,38.4,40.0,103312.9,18,15,1
8,1,42,JLI,1,37,11100,10.967,6.3,31.7,40.9,54.6,91182.6,18,15,1
8,1,42,JLI,1,38,11400,11.38,7.5,33.1,41.9,50.4,87870.9,18,15,1
8,1,42,JLI,1,39,11700,10.828,7.7,27.0,44.3,49.5,92350.3,18,15,1
8,1,42,JLI,1,40,12000,16.168,7.7,30.5,43.2,1586.8,61849.3,18,16,1
8,1,42,JLI,1,41,12300,6.514,5.3,14.8,34.5,62.4,153507.7,18,16,1
8,1,42,JLI,1,42,12600,10.34,5.9,20.2,28.9,872.7,96714.9,18,16,1
8,1,42,JLI,1,43,12900,7.488,6.2,17.0,28.9,32.4,133547.0,18,16,1
8,1,42,JLI,1,44,13200,7.094,6.1,14.6,21.2,21.6,140970.8,18,16,1
8,1,42,JLI,1,45,13500,6.898,6.6,13.6,18.4,19.7,144962.6,18,16,1
8,1,42,JLI,1,46,13800,6.905,6.3,15.5,17.0,26.7,144829.5,18,16,1
8,1,42,JLI,1,47,14100,10.67,6.1,16.2,20.3,1114.0,93720.7,18,16,1
8,1,42,JLI,1,48,14400,6.17,3.8,17.7,20.7,28.1,162065.8,18,16,1
8,1,42,JLI,1,49,14700,7.114,5.1,18.8,22.7,46.8,140574.5,18,16,1
8,1,42,JLI,1,50,15000,7.748,6.1,19.5,24.0,25.2,129060.0,18,16,1
8,1,42,JLI,1,51,15300,9.303,7.9,22.5,27.1,28.7,107496.1,18,16,1
8,1,42,JLI,1,52,15600,9.269,8.3,18.7,27.9,28.6,107890.4,18,16,1
8,1,42,JLI,1,53,15900,14.18,9.5,25.4,30.1,1000.9,70521.9,18,16,1
8,1,42,JLI,1,54,16200,11.572,10.1,24.9,31.7,33.6,86415.5,18,16,1
8,1,42,JLI,1,55,16500,12.268,11.1,25.1,33.4,35.4,81510.7,18,16,1
8,1,42,JLI,1,56,16800,13.585,12.2,33.2,38.2,46.5,73612.4,18,16,1
8,1,42,JLI,1,57,17100,14.53,13.1,31.8,40.1,46.4,68823.1,18,16,1
8,1,42,JLI,1,58,17400,21.39,13.9,37.4,47.3,1659.6,46750.8,18,16,1
8,1,42,JLI,1,59,17700,14.617,13.2,31.0,40.2,43.1,68411.9,18,16,1
8,1,42,JLI,1,60,18000,19.454,14.1,38.5,50.4,1181.1,51403.3,18,17,1
8,1,42,JLI,1,61,18300,9.402,5.3,27.7,42.2,52.7,106360.3,18,17,1
8,1,42,JLI,1,62,18600,6.396,5.5,12.9,20.7,42.4,156347.7,18,17,1
8,1,42,JLI,1,63,18900,6.892,6.0,14.3,29.2,35.5,145102.8,18,17,1
8,1,42,JLI,1,64,19200,10.952,5.1,13.6,36.7,1389.7,91304.7,19,17,1
8,1,42,JLI,1,65,19500,5.985,5.4,11.2,23.1,37.5,167093.7,19,17,1
8,1,42,JLI,1,66,19800,5.937,5.3,11.7,16.3,20.4,168444.7,19,17,1
8,1,42,JLI,1,67,20100,6.034,5.0,12.0,33.3,42.0,165727.6,19,17,1
8,1,42,JLI,1,68,20400,6.09,5.0,12.6,22.5,48.3,164212.6,19,17,1
8,1,42,JLI,1,69,20700,11.001,5.0,14.0,35.2,1440.2,90900.8,19,17,1
8,1,42,JLI,1,70,21000,6.51,5.6,14.7,16.7,39.8,153617.7,19,17,1
8,1,42,JLI,1,71,21300,7.246,6.1,14.8,21.2,37.1,138000.8,19,17,1
8,1,42,JLI,1,72,21600,7.467,6.2,16.0,18.6,19.9,133928.6,19,17,1
8,1,42,JLI,1,73,21900,8.725,7.4,18.3,22.2,24.2,114617.6,19,17,1
8,1,42,JLI,1,74,22200,9.033,7.6,19.6,23.8,28.4,110709.3,19,17,1
8,1,42,JLI,1,75,22500,13.382,7.5,20.8,25.6,1287.7,74727.3,19,17,1
8,1,42,JLI,1,76,22800,9.53,8.1,21.7,25.9,39.4,104935.5,19,17,1
8,1,42,JLI,1,77,23100,9.846,8.6,21.2,27.7,35.1,101567.5,19,17,1
8,1,42,JLI,1,78,23400,10.775,9.9,23.9,28.5,37.5,92810.3,19,17,1
8,1,42,JLI,1,79,23700,10.662,8.8,24.1,34.6,41.2,93794.0,19,17,1
8,1,42,JLI,1,80,24000,12.062,11.2,26.7,31.9,36.1,82902.7,19,17,1
8,1,42,JLI,1,81,24300,15.486,5.1,24.3,36.2,1368.7,64575.8,19,18,1
8,1,42,JLI,1,82,24600,6.596,5.1,16.5,27.4,37.4,151607.0,19,18,1
8,1,42,JLI,1,83,24900,6.83,6.0,13.4,18.9,22.7,146412.9,19,18,1
8,1,42,JLI,1,84,25200,7.526,6.7,14.7,21.0,23.1,132878.6,19,18,1
8,1,42,JLI,1,85,25500,8.052,6.9,16.0,17.7,28.2,124187.6,19,18,1
8,1,42,JLI,1,86,25800,9.253,8.1,17.7,22.4,69.2,108077.0,19,18,1
8,1,42,JLI,1,87,26100,12.481,7.6,20.1,38.0,1061.6,80119.7,19,18,1
8,1,42,JLI,1,88,26400,6.736,5.4,14.9,32.4,34.5,148463.4,19,18,1
8,1,42,JLI,1,89,26700,8.217,6.7,16.7,30.3,47.7,121694.0,19,18,1
8,1,42,JLI,1,90,27000,8.134,7.2,14.8,21.5,36.9,122940.7,19,18,1
8,1,42,JLI,1,91,27300,8.918,8.1,16.2,20.5,38.1,112128.6,19,18,1
8,1,42,JLI,1,92,27600,9.47,8.0,19.9,34.1,37.2,105596.6,19,18,1
8,1,42,JLI,1,93,27900,10.8,5.8,11.5,18.2,1340.4,92595.4,20,18,1
8,1,42,JLI,1,94,28200,11.305,6.6,14.8,26.7,1185.8,88456.4,20,18,1
8,1,42,JLI,1,95,28500,8.384,7.3,17.5,32.1,57.1,119270.0,20,18,1
8,1,42,JLI,1,96,28800,7.76,7.1,14.0,24.9,37.0,128871.5,20,18,1
8,1,42,JLI,1,97,29100,7.969,7.4,14.3,20.2,22.1,125481.0,20,18,1
8,1,42,JLI,1,98,29400,13.692,7.7,15.8,19.7,1561.7,73033.6,20,18,1
8,1,42,JLI,1,99,29700,7.935,7.0,16.7,21.5,26.5,126018.6,20,18,1
8,1,42,JLI,1,100,30000,8.699,7.9,17.3,20.3,21.5,114960.2,20,18,1
8,1,42,JLI,1,101,30300,14.795,7.0,22.1,39.5,1586.2,67591.9,20,19,1
8,1,42,JLI,1,102,30600,5.926,5.0,12.2,18.7,26.6,168747.9,20,19,1
8,1,42,JLI,1,103,30900,9.668,5.9,11.9,19.7,926.4,103437.6,21,19,1
8,1,42,JLI,1,104,31200,5.755,5.3,11.0,13.9,15.6,173762.0,21,19,1
8,1,42,JLI,1,105,31500,6.437,5.7,13.1,18.8,19.3,155359.9,21,19,1
8,1,42,JLI,1,106,31800,6.924,6.3,13.7,19.6,33.7,144425.2,21,19,1
8,1,42,JLI,1,107,32100,7.343,6.8,13.3,18.5,27.6,136190.3,21,19,1
8,1,42,JLI,1,108,32400,7.757,6.9,13.8,20.6,30.4,128921.3,21,19,1
8,1,42,JLI,1,109,32700,11.201,6.4,14.0,21.5,1149.4,89275.1,22,19,1
8,1,42,JLI,1,110,33000,6.741,6.0,12.5,17.3,20.9,148338.6,22,19,1
8,1,42,JLI,1,111,33300,7.382,6.2,14.8,21.2,33.2,135470.8,22,19,1
8,1,42,JLI,1,112,33600,7.877,7.0,14.9,22.5,35.3,126951.9,22,19,1
8,1,42,JLI,1,113,33900,7.527,6.6,14.7,17.2,17.3,132860.9,22,19,1
8,1,42,JLI,1,114,34200,7.758,6.9,14.5,17.1,18.2,128893.7,22,19,1
8,1,42,JLI,1,115,34500,11.712,7.1,15.9,21.0,1074.9,85384.9,22,19,1
8,1,42,JLI,1,116,34800,8.515,7.5,16.4,18.7,49.0,117444.4,22,19,1
8,1,42,JLI,1,117,35100,9.068,7.9,17.8,23.3,61.6,110273.8,22,19,1
8,1,42,JLI,1,118,35400,9.817,8.1,19.8,35.8,52.6,101864.1,22,19,1
8,1,42,JLI,1,119,35700,5.578,4.6,7.9,33.8,37.7,179286.4,22,19,1
8,1,42,JLI,1,120,36000,6.77,6.0,11.9,33.4,35.9,147710.5,22,19,1
8,1,42,JLI,1,121,36300,13.307,6.8,26.0,36.6,1428.9,75148.4,22,20,1
8,1,42,JLI,1,122,36600,9.063,5.5,30.0,34.0,35.6,110338.7,22,20,1
8,1,42,JLI,1,123,36900,8.659,3.8,8.9,60.7,1131.9,115482.3,22,20,1
8,1,42,JLI,1,124,37200,5.418,4.8,9.9,17.8,41.5,184569.9,22,20,1
8,1,42,JLI,1,125,37500,6.491,5.9,13.9,20.3,22.2,154059.5,22,20,1
8,1,42,JLI,1,126,37800,7.461,6.6,15.4,20.2,21.4,134024.3,22,20,1
8,1,42,JLI,1,127,38100,8.731,7.7,20.4,24.4,41.8,114534.4,22,20,1
8,1,42,JLI,1,128,38400,12.958,8.3,20.8,25.5,1117.2,77174.4,22,20,1
8,1,42,JLI,1,129,38700,12.046,10.3,27.8,36.8,50.4,83012.8,22,20,1
8,1,42,JLI,1,130,39000,11.808,9.2,29.6,36.6,63.8,84685.9,22,20,1
8,1,42,JLI,1,131,39300,13.763,12.0,34.5,40.1,40.4,72660.3,22,20,1
8,1,42,JLI,1,132,39600,13.669,12.2,37.2,42.1,56.8,73160.0,22,20,1
8,1,42,JLI,1,133,39900,15.366,12.6,42.4,49.5,58.8,65078.8,22,20,1
8,1,42,JLI,1,134,40200,21.797,13.3,41.8,50.7,1835.7,45877.9,22,20,1
8,1,42,JLI,1,135,40500,16.094,12.9,44.8,51.5,53.1,62135.0,22,20,1
8,1,42,JLI,1,136,40800,16.985,12.2,46.5,59.0,65.9,58874.3,22,20,1
8,1,42,JLI,1,137,41100,19.526,15.4,53.3,60.9,65.2,51213.8,22,20,1
8,1,42,JLI,1,138,41400,21.588,17.3,56.2,83.2,119.4,46322.0,22,20,1
8,1,42,JLI,1,139,41700,21.924,19.0,56.4,70.4,92.5,45612.8,22,20,1
8,1,42,JLI,1,140,42000,26.76,16.9,56.4,76.0,1800.5,37368.7,22,20,1
8,1,42,JLI,1,141,42300,23.813,19.3,69.8,78.8,84.8,41993.3,22,20,1
8,1,42,JLI,1,142,42600,12.72,4.6,25.5,41.5,1799.2,78618.4,22,21,1
8,1,42,JLI,1,143,42900,6.234,5.4,10.2,35.8,40.1,160402.1,22,21,1
8,1,42,JLI,1,144,43200,7.422,6.6,13.3,34.9,42.8,134740.6,22,21,1
8,1,42,JLI,1,145,43500,11.724,6.5,16.0,50.4,1257.0,85297.6,23,21,1
8,1,42,JLI,1,146,43800,6.281,5.4,10.4,40.1,53.9,159201.8,23,21,1
8,1,42,JLI,1,147,44100,6.206,5.2,10.9,37.1,43.3,161143.0,23,21,1
8,1,42,JLI,1,148,44400,6.817,6.2,12.8,15.0,31.5,146692.1,23,21,1
8,1,42,JLI,1,149,44700,7.767,6.9,14.2,37.4,40.9,128744.3,23,21,1
8,1,42,JLI,1,150,45000,12.144,7.5,16.4,41.2,1110.1,82342.9,23,21,1
8,1,42,JLI,1,151,45300,9.681,8.3,18.3,37.4,64.7,103298.7,23,21,1
8,1,42,JLI,1,152,45600,10.273,9.2,20.6,39.4,48.1,97345.7,23,21,1
8,1,42,JLI,1,153,45900,10.729,9.4,22.1,43.2,59.5,93202.4,23,21,1
8,1,42,JLI,1,154,46200,10.866,9.4,23.0,28.0,41.6,92033.0,23,21,1
8,1,42,JLI,1,155,46500,12.217,10.8,25.5,40.9,55.9,81855.4,23,21,1
8,1,42,JLI,1,156,46800,19.202,10.6,26.2,55.3,2128.8,52077.9,24,21,1
8,1,42,JLI,1,157,47100,10.126,8.8,20.1,43.4,60.0,98752.4,24,21,1
8,1,42,JLI,1,158,47400,10.471,9.2,21.3,25.2,45.4,95501.9,24,21,1
8,1,42,JLI,1,159,47700,11.238,9.5,24.9,38.4,48.8,88983.8,24,21,1
8,1,42,JLI,1,160,48000,7.163,4.9,20.8,44.4,56.4,139599.8,24,21,1
8,1,42,JLI,1,161,48300,4.945,4.9,8.5,10.8,13.6,202210.8,24,21,1
8,1,42,JLI,1,162,48600,14.125,4.8,26.7,38.9,1950.1,70794.8,24,22,1
8,1,42,JLI,1,163,48900,5.008,4.1,10.1,15.5,40.5,199680.5,24,22,1
8,1,42,JLI,1,164,49200,5.878,5.3,10.2,27.9,38.4,170116.3,24,22,1
8,1,42,JLI,1,165,49500,11.162,6.3,15.0,54.6,1025.9,89587.0,24,22,1
8,1,42,JLI,1,166,49800,7.705,7.0,15.4,21.3,40.9,129791.5,24,22,1
8,1,42,JLI,1,167,50000,8.399,7.7,18.0,20.4,21.3,119068.9,24,22,1
8,1,42,SkipList,1,1,300,5.625,5.1,10.3,16.7,60.5,177777.8,0,0,0
8,1,42,SkipList,1,2,600,4.273,4.0,7.8,10.9,15.7,234009.3,0,0,0
8,1,42,SkipList,1,3,900,3.873,3.6,7.2,11.0,12.3,258175.5,0,0,0
8,1,42,SkipList,1,4,1200,3.547,3.2,6.7,8.0,25.2,281901.9,0,0,0
8,1,42,SkipList,1,5,1500,3.603,3.2,5.8,8.2,44.1,277572.3,0,0,0
8,1,42,SkipList,1,6,1800,3.374,3.2,5.7,7.9,9.6,296384.2,0,0,0
8,1,42,SkipList,1,7,2100,4.058,3.4,6.8,12.1,96.9,246426.8,0,0,0
8,1,42,SkipList,1,8,2400,8.208,3.7,7.2,10.5,1261.5,121832.4,0,0,0
8,1,42,SkipList,1,9,2700,3.992,3.7,7.1,9.4,16.1,250480.2,0,0,0
8,1,42,SkipList,1,10,3000,3.727,3.5,6.3,8.2,11.2,268336.3,0,0,0
8,1,42,SkipList,1,11,3300,3.419,3.2,6.2,7.1,8.0,292483.0,0,0,0
8,1,42,SkipList,1,12,3600,3.488,3.3,5.8,7.6,54.2,286697.1,0,0,0
8,1,42,SkipList,1,13,3900,3.248,3.0,5.5,7.4,9.9,307881.7,0,0,0
8,1,42,SkipList,1,14,4200,3.206,3.1,5.2,6.7,7.8,311915.3,0,0,0
8,1,42,SkipList,1,15,4500,3.153,3.0,5.1,6.4,9.5,317158.2,0,0,0
8,1,42,SkipList,1,16,4800,3.006,2.9,4.8,6.5,7.3,332705.1,0,0,0
8,1,42,SkipList,1,17,5100,3.134,3.0,5.1,5.6,6.9,319047.3,0,0,0
8,1,42,SkipList,1,18,5400,2.926,2.8,4.8,6.0,8.7,341802.5,0,0,0
8,1,42,SkipList,1,19,5700,3.046,2.9,5.0,6.2,7.4,328299.4,0,0,0
8,1,42,SkipList,1,20,6000,3.692,3.2,6.3,11.6,68.9,270831.5,0,0,0
8,1,42,SkipList,1,21,6300,3.725,3.3,7.0,11.1,14.3,268456.4,0,0,0
8,1,42,SkipList,1,22,6600,3.44,3.3,6.0,7.6,8.5,290697.6,0,0,0
8,1,42,SkipList,1,23,6900,3.323,3.1,5.6,7.3,9.6,300962.9,0,0,0
8,1,42,SkipList,1,24,7200,3.38,3.1,5.2,7.3,46.5,295887.2,0,0,0
8,1,42,SkipList,1,25,7500,3.139,2.9,5.3,6.7,7.4,318606.8,0,0,0
8,1,42,SkipList,1,26,7800,3.056,2.8,5.0,7.3,9.3,327225.2,0,0,0
8,1,42,SkipList,1,27,8100,3.081,3.0,4.8,6.1,6.5,324605.0,0,0,0
8,1,42,SkipList,1,28,8400,3.215,2.9,5.1,8.5,47.3,311041.9,0,0,0
8,1,42,SkipList,1,29,8700,3.038,2.9,4.8,5.9,8.4,329200.2,0,0,0
8,1,42,SkipList,1,30,9000,2.9,2.8,4.8,5.4,6.3,344867.0,0,0,0
8,1,42,SkipList,1,31,9300,2.948,2.9,4.7,5.6,10.6,339251.4,0,0,0
8,1,42,SkipList,1,32,9600,3.065,2.9,4.6,6.0,43.8,326264.2,0,0,0
8,1,42,SkipList,1,33,9900,2.902,2.7,4.7,5.6,10.4,344550.3,0,0,0
8,1,42,SkipList,1,34,10200,4.584,4.3,8.1,12.5,16.1,218150.0,0,0,0
8,1,42,SkipList,1,35,10500,3.949,3.5,6.7,9.6,54.4,253228.6,0,0,0
8,1,42,SkipList,1,36,10800,3.413,3.2,5.9,7.9,8.7,292997.4,0,0,0
8,1,42,SkipList,1,37,11100,3.498,3.4,6.1,7.4,8.8,285904.9,0,0,0
8,1,42,SkipList,1,38,11400,3.296,3.2,5.2,7.4,10.0,303428.7,0,0,0
8,1,42,SkipList,1,39,11700,3.329,3.1,5.3,6.8,42.7,300360.4,0,0,0
8,1,42,SkipList,1,40,12000,3.036,2.9,5.1,6.8,9.1,329417.1,0,0,0
8,1,42,SkipList,1,41,12300,3.1,2.9,5.1,7.0,7.8,322546.0,0,0,0
8,1,42,SkipList,1,42,12600,3.121,3.0,4.9,6.7,9.2,320376.0,0,0,0
8,1,42,SkipList,1,43,12900,3.151,2.9,5.1,7.2,42.0,317326.0,0,0,0
8,1,42,SkipList,1,44,13200,2.983,2.9,5.0,5.8,6.4,335270.2,0,0,0
8,1,42,SkipList,1,45,13500,2.932,2.8,5.2,6.2,7.3,341102.8,0,0,0
8,1,42,SkipList,1,46,13800,2.877,2.7,4.8,5.7,6.1,347544.0,0,0,0
8,1,42,SkipList,1,47,14100,3.838,3.4,6.3,11.8,66.3,260529.8,0,0,0
8,1,42,SkipList,1,48,14400,3.867,3.6,6.8,9.9,13.3,258576.1,0,0,0
8,1,42,SkipList,1,49,14700,4.035,3.8,7.0,8.7,9.2,247831.5,0,0,0
8,1,42,SkipList,1,50,15000,3.684,3.5,6.1,7.3,8.2,271468.6,0,0,0
8,1,42,SkipList,1,51,15300,3.629,3.4,6.3,9.3,10.5,275532.6,0,0,0
8,1,42,SkipList,1,52,15600,3.669,3.3,5.9,7.0,58.5,272529.2,0,0,0
8,1,42,SkipList,1,53,15900,3.29,3.1,5.8,7.4,9.0,303920.6,0,0,0
8,1,42,SkipList,1,54,16200,3.466,3.3,6.3,7.5,12.8,288544.8,0,0,0
8,1,42,SkipList,1,55,16500,6.215,3.2,5.4,6.3,889.7,160901.1,0,0,0
8,1,42,SkipList,1,56,16800,3.193,3.1,5.3,6.6,7.3,313152.3,0,0,0
8,1,42,SkipList,1,57,17100,3.078,2.9,5.0,7.1,8.2,324921.4,0,0,0
8,1,42,SkipList,1,58,17400,3.068,2.9,4.9,6.1,8.4,325980.5,0,0,0
8,1,42,SkipList,1,59,17700,3.663,3.2,6.7,10.4,59.7,272975.5,0,0,0
8,1,42,SkipList,1,60,18000,3.889,3.7,6.4,9.2,10.9,257113.4,0,0,0
8,1,42,SkipList,1,61,18300,3.611,3.5,5.9,7.3,10.1,276957.1,0,0,0
8,1,42,SkipList,1,62,18600,3.374,3.1,5.7,7.0,7.4,296354.8,0,0,0
8,1,42,SkipList,1,63,18900,3.474,3.1,5.5,6.8,49.5,287852.7,0,0,0
8,1,42,SkipList,1,64,19200,3.214,3.1,5.0,5.8,11.2,311171.1,0,0,0
8,1,42,SkipList,1,65,19500,3.278,3.1,5.5,7.1,10.7,305064.1,0,0,0
8,1,42,SkipList,1,66,19800,3.148,3.0,5.4,6.9,8.2,317695.7,0,0,0
8,1,42,SkipList,1,67,20100,3.318,3.0,5.4,6.9,51.6,301386.4,0,0,0
8,1,42,SkipList,1,68,20400,2.996,2.9,4.8,6.8,7.7,333741.2,0,0,0
8,1,42,SkipList,1,69,20700,3.138,3.0,5.1,6.6,7.8,318674.2,0,0,0
8,1,42,SkipList,1,70,21000,3.021,2.9,5.0,6.4,9.4,331052.8,0,0,0
8,1,42,SkipList,1,71,21300,3.166,2.9,5.0,6.0,49.3,315855.8,0,0,0
8,1,42,SkipList,1,72,21600,3.874,3.6,7.4,12.0,13.4,258108.9,0,0,0
8,1,42,SkipList,1,73,21900,3.511,3.3,6.1,9.0,10.0,284819.1,0,0,0
8,1,42,SkipList,1,74,22200,3.21,3.1,5.3,7.3,9.6,311559.0,0,0,0
8,1,42,SkipList,1,75,22500,3.236,2.9,5.1,8.6,55.2,308991.7,0,0,0
8,1,42,SkipList,1,76,22800,3.102,3.0,5.1,6.1,9.1,322337.9,0,0,0
8,1,42,SkipList,1,77,23100,3.081,2.9,5.3,6.4,7.9,324569.9,0,0,0
8,1,42,SkipList,1,78,23400,3.161,3.0,5.0,7.3,27.2,316355.7,0,0,0
8,1,42,SkipList,1,79,23700,3.121,2.8,4.7,6.5,51.2,320409.9,0,0,0
8,1,42,SkipList,1,80,24000,2.943,2.9,4.8,8.0,9.5,339789.4,0,0,0
8,1,42,SkipList,1,81,24300,2.944,2.9,4.8,6.2,7.1,339674.0,0,0,0
8,1,42,SkipList,1,82,24600,2.934,2.8,4.7,5.7,6.2,340870.2,0,0,0
8,1,42,SkipList,1,83,24900,3.004,2.8,4.9,6.3,12.6,332852.5,0,0,0
8,1,42,SkipList,1,84,25200,3.233,2.9,5.0,6.3,50.8,309310.2,0,0,0
8,1,42,SkipList,1,85,25500,3.606,3.3,6.5,8.7,11.6,277290.0,0,0,0
8,1,42,SkipList,1,86,25800,4.251,3.9,7.2,12.2,14.7,235220.4,0,0,0
8,1,42,SkipList,1,87,26100,3.946,3.6,6.7,9.7,12.6,253442.5,0,0,0
8,1,42,SkipList,1,88,26400,3.931,3.6,6.1,8.1,55.5,254409.8,0,0,0
8,1,42,SkipList,1,89,26700,3.477,3.3,5.8,7.6,8.3,287631.7,0,0,0
8,1,42,SkipList,1,90,27000,3.499,3.3,6.1,8.1,11.0,285795.7,0,0,0
8,1,42,SkipList,1,91,27300,3.436,3.4,5.7,7.0,7.9,291064.4,0,0,0
8,1,42,SkipList,1,92,27600,3.458,3.1,5.3,6.8,56.2,289184.6,0,0,0
8,1,42,SkipList,1,93,27900,3.186,3.1,5.2,7.0,8.0,313840.4,0,0,0
8,1,42,SkipList,1,94,28200,3.215,3.0,5.6,6.8,10.2,311009.8,0,0,0
8,1,42,SkipList,1,95,28500,3.222,3.1,4.9,7.4,9.8,310398.4,0,0,0
8,1,42,SkipList,1,96,28800,3.27,3.0,5.1,6.6,52.1,305810.4,0,0,0
8,1,42,SkipList,1,97,29100,3.557,3.3,6.3,10.3,12.4,281109.4,0,0,0
8,1,42,SkipList,1,98,29400,3.773,3.5,6.4,10.0,14.3,265017.7,0,0,0
8,1,42,SkipList,1,99,29700,3.865,3.6,6.4,8.6,14.1,258709.9,0,0,0
8,1,42,SkipList,1,100,30000,3.715,3.3,5.9,9.4,56.4,269179.0,0,0,0
8,1,42,SkipList,1,101,30300,3.504,3.3,5.9,7.8,9.8,285388.2,0,0,0
8,1,42,SkipList,1,102,30600,3.487,3.3,5.9,6.8,10.7,286779.5,0,0,0
8,1,42,SkipList,1,103,30900,3.344,3.2,5.4,7.2,10.1,299013.3,0,0,0
8,1,42,SkipList,1,104,31200,6.593,3.1,5.2,7.8,997.6,151668.4,0,0,0
8,1,42,SkipList,1,105,31500,3.138,3.0,5.0,6.8,8.8,318708.3,0,0,0
8,1,42,SkipList,1,106,31800,3.102,2.9,5.2,6.5,12.6,322338.1,0,0,0
8,1,42,SkipList,1,107,32100,3.139,3.1,4.8,7.0,8.0,318606.6,0,0,0
8,1,42,SkipList,1,108,32400,3.288,3.0,5.1,6.4,49.9,304136.4,0,0,0
8,1,42,SkipList,1,109,32700,3.025,3.0,4.5,5.5,5.8,330578.5,0,0,0
8,1,42,SkipList,1,110,33000,4.532,4.1,8.0,10.7,56.4,220636.9,0,0,0
8,1,42,SkipList,1,111,33300,4.618,4.2,7.9,12.2,69.7,216528.3,0,0,0
8,1,42,SkipList,1,112,33600,3.974,3.8,6.6,9.5,12.0,251614.5,0,0,0
8,1,42,SkipList,1,113,33900,3.645,3.4,6.3,9.2,11.7,274348.3,0,0,0
8,1,42,SkipList,1,114,34200,3.669,3.5,5.9,8.0,10.2,272529.0,0,0,0
8,1,42,SkipList,1,115,34500,3.591,3.4,5.8,7.3,9.5,278499.8,0,0,0
8,1,42,SkipList,1,116,34800,3.621,3.4,5.3,7.4,53.3,276141.4,0,0,0
8,1,42,SkipList,1,117,35100,3.279,3.2,5.5,6.6,7.0,305002.2,0,0,0
8,1,42,SkipList,1,118,35400,3.373,3.3,5.6,7.4,10.7,296472.0,0,0,0
8,1,42,SkipList,1,119,35700,3.305,3.2,5.4,6.7,7.8,302541.5,0,0,0
8,1,42,SkipList,1,120,36000,3.378,3.1,5.1,7.2,53.9,296062.4,0,0,0
8,1,42,SkipList,1,121,36300,3.143,3.0,5.2,6.9,12.6,318201.2,0,0,0
8,1,42,SkipList,1,122,36600,4.965,4.8,9.1,13.1,15.5,201409.8,0,0,0
8,1,42,SkipList,1,123,36900,6.241,5.9,10.3,15.0,20.8,160230.8,0,0,0
8,1,42,SkipList,1,124,37200,6.109,5.6,11.7,13.9,15.6,163701.9,0,0,0
8,1,42,SkipList,1,125,37500,5.388,5.1,9.6,12.2,16.3,185597.6,0,0,0
8,1,42,SkipList,1,126,37800,4.777,4.3,8.7,11.6,12.6,209350.9,0,0,0
8,1,42,SkipList,1,127,38100,4.409,4.2,7.5,9.7,11.1,226825.9,0,0,0
8,1,42,SkipList,1,128,38400,5.016,4.4,8.4,16.8,78.7,199348.8,0,0,0
8,1,42,SkipList,1,129,38700,4.38,4.2,7.8,10.9,12.9,228310.5,0,0,0
8,1,42,SkipList,1,130,39000,4.285,4.0,7.7,10.0,10.5,233372.2,0,0,0
8,1,42,SkipList,1,131,39300,4.663,4.3,9.0,12.0,16.6,214454.2,0,0,0
8,1,42,SkipList,1,132,39600,4.82,4.2,8.1,13.4,72.8,207454.5,0,0,0
8,1,42,SkipList,1,133,39900,4.104,3.8,7.3,8.9,9.4,243664.8,0,0,0
8,1,42,SkipList,1,134,40200,4.002,3.7,7.0,8.9,9.5,249895.9,0,0,0
8,1,42,SkipList,1,135,40500,3.824,3.6,6.5,8.9,11.5,261483.5,0,0,0
8,1,42,SkipList,1,136,40800,3.984,3.5,6.8,8.8,64.9,251003.9,0,0,0
8,1,42,SkipList,1,137,41100,3.76,3.5,6.6,9.6,11.9,265933.9,0,0,0
8,1,42,SkipList,1,138,41400,3.489,3.3,5.9,7.4,7.8,286587.6,0,0,0
8,1,42,SkipList,1,139,41700,3.563,3.3,5.9,9.4,11.2,280662.4,0,0,0
8,1,42,SkipList,1,140,42000,3.588,3.2,5.6,8.8,58.2,278680.8,0,0,0
8,1,42,SkipList,1,141,42300,3.489,3.3,6.1,8.8,11.5,286642.3,0,0,0
8,1,42,SkipList,1,142,42600,4.3,3.7,8.1,12.0,19.8,232576.1,0,0,0
8,1,42,SkipList,1,143,42900,3.757,3.5,6.5,9.3,10.9,266146.2,0,0,0
8,1,42,SkipList,1,144,43200,3.887,3.5,6.5,9.2,60.4,257245.7,0,0,0
8,1,42,SkipList,1,145,43500,3.311,3.1,5.4,7.8,10.4,301993.2,0,0,0
8,1,42,SkipList,1,146,43800,3.328,3.1,5.6,7.3,13.2,300450.8,0,0,0
8,1,42,SkipList,1,147,44100,3.386,3.2,5.8,7.5,8.2,295362.7,0,0,0
8,1,42,SkipList,1,148,44400,3.549,3.2,5.6,7.6,54.7,281769.6,0,0,0
8,1,42,SkipList,1,149,44700,3.392,3.3,5.4,7.4,11.5,294782.4,0,0,0
8,1,42,SkipList,1,150,45000,3.31,3.2,5.4,7.1,7.8,302084.4,0,0,0
8,1,42,SkipList,1,151,45300,3.3,3.1,5.4,7.9,8.4,302999.6,0,0,0
8,1,42,SkipList,1,152,45600,6.552,3.1,5.1,8.6,985.1,152632.9,0,0,0
8,1,42,SkipList,1,153,45900,3.115,3.0,5.0,6.7,10.2,321027.3,0,0,0
8,1,42,SkipList,1,154,46200,3.609,3.3,6.6,11.1,11.6,277085.1,0,0,0
8,1,42,SkipList,1,155,46500,3.881,3.6,6.6,11.0,12.6,257687.6,0,0,0
8,1,42,SkipList,1,156,46800,3.846,3.6,6.7,12.2,15.9,259987.9,0,0,0
8,1,42,SkipList,1,157,47100,3.779,3.5,5.8,6.9,59.9,264620.3,0,0,0
8,1,42,SkipList,1,158,47400,3.58,3.5,5.8,7.5,9.9,279329.7,0,0,0
8,1,42,SkipList,1,159,47700,3.49,3.3,5.9,7.7,8.9,286505.7,0,0,0
8,1,42,SkipList,1,160,48000,3.377,3.2,5.6,6.4,7.3,296149.9,0,0,0
8,1,42,SkipList,1,161,48300,3.469,3.1,5.6,7.0,50.4,288295.3,0,0,0
8,1,42,SkipList,1,162,48600,3.296,3.2,5.4,6.4,7.7,303367.4,0,0,0
8,1,42,SkipList,1,163,48900,3.208,3.1,5.3,6.9,9.3,311688.4,0,0,0
8,1,42,SkipList,1,164,49200,3.224,3.1,5.4,6.2,10.8,310205.7,0,0,0
8,1,42,SkipList,1,165,49500,3.367,3.0,5.1,8.0,52.9,297029.7,0,0,0
8,1,42,SkipList,1,166,49800,3.466,3.2,6.0,9.7,16.0,288544.8,0,0,0
8,1,42,SkipList,1,167,50000,3.841,3.5,6.8,9.2,11.0,260348.9,0,0,0
8,1,42,JLI,2,1,50300,10.154,8.7,21.3,36.5,70.3,98486.6,24,22,1
8,1,42,JLI,2,2,50600,11.841,10.2,27.1,40.4,56.7,84452.3,24,22,1
8,1,42,JLI,2,3,50900,11.454,9.8,28.2,30.6,34.0,87305.7,24,22,1
8,1,42,JLI,2,4,51200,17.931,10.6,30.9,35.6,1749.1,55770.4,24,22,1
8,1,42,JLI,2,5,51500,14.929,12.6,35.0,60.5,75.6,66985.2,24,22,1
8,1,42,JLI,2,6,51800,14.917,13.4,36.5,43.4,45.5,67036.1,24,22,1
8,1,42,JLI,2,7,52100,14.351,12.2,36.8,47.3,51.1,69683.2,24,22,1
8,1,42,JLI,2,8,52400,15.967,13.4,38.0,52.7,116.5,62629.2,24,22,1
8,1,42,JLI,2,9,52700,23.582,14.5,49.4,68.0,1668.7,42405.2,24,22,1
8,1,42,JLI,2,10,53000,18.486,16.4,45.2,55.7,56.4,54094.0,24,22,1
8,1,42,JLI,2,11,53300,19.88,17.1,49.3,65.1,84.8,50301.0,24,22,1
8,1,42,JLI,2,12,53600,21.26,18.0,56.4,65.1,73.0,47035.9,24,22,1
8,1,42,JLI,2,13,53900,21.198,18.7,58.1,69.7,74.8,47175.0,24,22,1
8,1,42,JLI,2,14,54200,21.116,17.3,59.4,70.5,76.6,47357.5,24,22,1
8,1,42,JLI,2,15,54500,23.674,19.4,64.9,79.3,96.6,42241.0,24,22,1
8,1,42,JLI,2,16,54800,34.734,23.4,76.1,88.0,2421.8,28790.0,24,23,1
8,1,42,JLI,2,17,55100,26.094,19.9,71.5,82.6,84.6,38323.0,24,23,1
8,1,42,JLI,2,18,55400,34.157,24.3,78.0,92.0,1556.3,29276.6,24,23,1
8,1,42,JLI,2,19,55700,31.817,25.6,75.8,103.7,338.6,31429.4,24,23,1
8,1,42,JLI,2,20,56000,29.71,26.4,74.1,91.0,96.0,33659.1,24,23,1
8,1,42,JLI,2,21,56300,32.694,25.0,90.3,136.7,163.4,30587.0,24,23,1
8,1,42,JLI,2,22,56600,30.644,26.2,77.8,100.9,134.7,32632.5,24,23,1
8,1,42,JLI,2,23,56900,35.31,27.8,87.6,132.9,358.9,28320.3,24,23,1
8,1,42,JLI,2,24,57200,45.508,30.0,100.7,188.7,2047.5,21974.0,24,23,1
8,1,42,JLI,2,25,57500,36.647,31.9,91.5,151.5,202.2,27287.4,24,23,1
8,1,42,JLI,2,26,57800,36.808,31.9,92.8,116.5,119.6,27168.0,24,23,1
8,1,42,JLI,2,27,58100,37.992,25.8,106.8,171.3,218.0,26321.6,24,23,1
8,1,42,JLI,2,28,58400,42.258,35.2,106.0,129.6,227.2,23664.3,24,23,1
8,1,42,JLI,2,29,58700,46.667,31.0,107.3,134.9,1966.2,21428.4,24,23,1
8,1,42,JLI,2,30,59000,43.669,36.1,113.0,136.4,147.1,22899.4,24,23,1
8,1,42,JLI,2,31,59300,45.373,38.7,111.6,148.4,643.7,22039.7,24,23,1
8,1,42,JLI,2,32,59600,51.021,39.2,130.4,188.9,379.6,19599.9,24,23,1
8,1,42,JLI,2,33,59900,47.582,39.4,118.1,148.6,155.6,21016.5,24,23,1
8,1,42,JLI,2,34,60200,55.608,45.1,141.0,205.6,236.6,17982.9,24,23,1
8,1,42,JLI,2,35,60500,53.735,46.4,132.9,162.2,262.4,18610.0,24,23,1
8,1,42,JLI,2,36,60800,44.643,19.1,127.7,225.1,2657.2,22399.9,24,24,1
8,1,42,JLI,2,37,61100,9.363,4.8,10.0,35.4,1040.3,106807.2,25,24,1
8,1,42,JLI,2,38,61400,5.063,4.7,7.9,20.5,24.7,197498.3,25,24,1
8,1,42,JLI,2,39,61700,5.874,5.4,10.2,24.3,40.3,170251.4,25,24,1
8,1,42,JLI,2,40,62000,6.438,5.9,12.8,15.9,21.2,155327.7,25,24,1
8,1,42,JLI,2,41,62300,8.214,7.1,17.7,34.7,55.7,121743.4,25,24,1
8,1,42,JLI,2,42,62600,8.22,7.6,19.1,23.0,23.7,121659.5,25,24,1
8,1,42,JLI,2,43,62900,16.038,9.2,23.9,41.6,1570.9,62350.6,25,24,1
8,1,42,JLI,2,44,63200,10.184,8.3,25.9,28.8,29.4,98193.2,25,24,1
8,1,42,JLI,2,45,63500,12.959,9.7,25.8,47.4,445.7,77166.4,25,24,1
8,1,42,JLI,2,46,63800,11.427,9.1,29.5,34.5,37.7,87512.0,25,24,1
8,1,42,JLI,2,47,64100,12.735,10.6,29.8,38.8,48.9,78525.8,25,24,1
8,1,42,JLI,2,48,64400,13.873,10.9,36.0,41.1,44.7,72084.2,25,24,1
8,1,42,JLI,2,49,64700,20.593,12.3,39.6,51.9,1554.4,48561.0,25,24,1
8,1,42,JLI,2,50,65000,15.183,12.8,38.1,48.4,51.1,65863.1,25,24,1
8,1,42,JLI,2,51,65300,17.256,14.6,42.7,53.0,54.8,57950.9,25,24,1
8,1,42,JLI,2,52,65600,20.977,16.8,51.8,87.3,101.3,47671.3,25,24,1
8,1,42,JLI,2,53,65900,19.687,15.6,51.2,61.4,63.7,50794.9,25,24,1
8,1,42,JLI,2,54,66200,26.627,19.0,50.8,63.5,1786.1,37555.9,25,24,1
8,1,42,JLI,2,55,66500,20.701,17.2,50.8,65.6,71.8,48307.6,25,24,1
8,1,42,JLI,2,56,66800,26.837,16.7,56.0,74.6,1659.6,37261.5,25,25,1
8,1,42,JLI,2,57,67100,12.038,6.2,34.3,55.4,204.2,83072.6,25,25,1
8,1,42,JLI,2,58,67400,6.284,5.8,10.1,20.6,23.4,159134.3,25,25,1
8,1,42,JLI,2,59,67700,7.519,7.1,12.6,20.1,41.2,133002.3,25,25,1
8,1,42,JLI,2,60,68000,13.295,8.4,16.3,20.4,1350.5,75216.2,26,25,1
8,1,42,JLI,2,61,68300,10.136,9.3,20.3,23.1,41.1,98655.0,26,25,1
8,1,42,JLI,2,62,68600,12.657,11.6,25.7,35.4,39.4,79009.7,26,25,1
8,1,42,JLI,2,63,68900,13.748,12.6,29.3,34.2,34.8,72736.1,26,25,1
8,1,42,JLI,2,64,69200,15.603,14.0,33.0,38.6,106.0,64091.6,26,25,1
8,1,42,JLI,2,65,69500,23.36,15.9,39.5,61.8,1818.7,42807.6,27,25,1
8,1,42,JLI,2,66,69800,17.292,16.7,36.9,44.3,45.5,57829.1,27,25,1
8,1,42,JLI,2,67,70100,19.789,17.8,46.5,51.8,54.0,50534.0,27,25,1
8,1,42,JLI,2,68,70400,23.07,21.1,51.0,56.5,61.8,43346.3,27,25,1
8,1,42,JLI,2,69,70700,22.353,20.9,52.7,60.0,66.7,44736.1,27,25,1
8,1,42,JLI,2,70,71000,25.55,22.9,57.1,68.6,81.0,39138.9,27,25,1
8,1,42,JLI,2,71,71300,31.343,23.2,59.9,69.5,1827.6,31905.4,28,25,1
8,1,42,JLI,2,72,71600,25.225,22.8,64.9,73.6,81.1,39642.7,28,25,1
8,1,42,JLI,2,73,71900,27.661,26.5,65.2,76.9,77.6,36151.5,28,25,1
8,1,42,JLI,2,74,72200,32.797,30.0,74.4,84.7,367.0,30490.3,28,25,1
8,1,42,JLI,2,75,72500,31.483,26.4,82.7,88.1,123.2,31762.8,28,25,1
8,1,42,JLI,2,76,72800,33.454,29.4,87.1,95.3,123.7,29891.5,28,25,1
8,1,42,JLI,2,77,73100,32.913,18.9,62.1,90.8,2369.4,30383.1,28,26,1
8,1,42,JLI,2,78,73400,7.37,5.2,21.8,38.9,46.6,135679.1,28,26,1
8,1,42,JLI,2,79,73700,12.453,6.1,13.4,42.5,1508.8,80299.8,30,26,1
8,1,42,JLI,2,80,74000,5.312,4.9,9.0,14.8,37.2,188253.0,30,26,1
8,1,42,JLI,2,81,74300,6.264,5.6,11.5,20.0,41.4,159650.9,30,26,1
8,1,42,JLI,2,82,74600,6.978,6.2,13.6,25.9,39.4,143314.3,30,26,1
8,1,42,JLI,2,83,74900,8.324,7.5,16.8,26.8,52.4,120129.7,30,26,1
8,1,42,JLI,2,84,75200,7.273,6.8,15.7,21.4,28.2,137501.2,30,26,1
8,1,42,JLI,2,85,75500,13.238,7.8,17.7,21.3,1497.1,75538.2,31,26,1
8,1,42,JLI,2,86,75800,12.021,8.0,18.5,25.6,1054.8,83187.8,31,26,1
8,1,42,JLI,2,87,76100,8.598,7.6,18.9,24.6,29.5,116306.1,31,26,1
8,1,42,JLI,2,88,76400,10.001,9.4,21.4,26.3,28.4,99990.0,31,26,1
8,1,42,JLI,2,89,76700,10.195,9.0,22.6,28.8,29.2,98084.1,31,26,1
8,1,42,JLI,2,90,77000,11.336,10.8,25.1,29.5,30.9,88217.1,31,26,1
8,1,42,JLI,2,91,77300,15.916,9.6,25.6,31.5,1477.2,62828.5,32,26,1
8,1,42,JLI,2,92,77600,12.14,10.8,27.2,35.1,46.3,82370.1,32,26,1
8,1,42,JLI,2,93,77900,13.21,11.1,29.9,36.3,52.1,75702.1,32,26,1
8,1,42,JLI,2,94,78200,12.864,10.6,29.0,39.9,40.5,77734.3,32,26,1
8,1,42,JLI,2,95,78500,14.23,12.3,32.0,40.4,51.0,70272.4,32,26,1
8,1,42,JLI,2,96,78800,19.642,16.0,46.6,68.4,82.2,50912.2,32,26,1
8,1,42,JLI,2,97,79100,22.029,13.1,34.9,45.0,2049.4,45394.7,32,27,1
8,1,42,JLI,2,98,79400,8.179,4.4,25.4,37.2,52.9,122269.3,32,27,1
8,1,42,JLI,2,99,79700,10.223,5.3,12.3,32.7,1221.8,97821.8,33,27,1
8,1,42,JLI,2,100,80000,6.526,5.8,12.8,21.5,25.6,153241.1,33,27,1
8,1,42,JLI,2,101,80300,7.695,7.6,15.3,18.2,28.5,129954.5,33,27,1
8,1,42,JLI,2,102,80600,8.21,7.6,17.4,20.8,21.5,121807.6,33,27,1
8,1,42,JLI,2,103,80900,9.323,8.7,19.7,22.9,24.2,107265.4,33,27,1
8,1,42,JLI,2,104,81200,10.744,9.6,24.1,27.7,30.2,93075.2,33,27,1
8,1,42,JLI,2,105,81500,18.033,11.2,27.7,33.4,1678.8,55452.9,34,27,1
8,1,42,JLI,2,106,81800,13.047,11.5,31.1,36.5,57.6,76644.0,34,27,1
8,1,42,JLI,2,107,82100,14.079,13.2,34.0,38.7,39.6,71029.5,34,27,1
8,1,42,JLI,2,108,82400,15.715,14.5,36.9,46.8,53.9,63632.1,34,27,1
8,1,42,JLI,2,109,82700,16.804,15.4,39.0,48.4,49.7,59509.6,34,27,1
8,1,42,JLI,2,110,83000,24.388,16.2,44.9,52.5,1939.2,41003.8,35,27,1
8,1,42,JLI,2,111,83300,19.048,16.7,47.7,57.2,112.3,52498.0,35,27,1
8,1,42,JLI,2,112,83600,19.411,16.4,51.5,58.9,60.2,51516.3,35,27,1
8,1,42,JLI,2,113,83900,20.051,17.3,51.3,63.5,66.4,49873.7,35,27,1
8,1,42,JLI,2,114,84200,22.017,19.2,64.5,72.1,83.6,45418.8,35,27,1
8,1,42,JLI,2,115,84500,29.54,21.3,62.6,74.2,1870.3,33852.0,36,27,1
8,1,42,JLI,2,116,84800,28.278,26.6,71.2,78.2,79.1,35363.2,36,27,1
8,1,42,JLI,2,117,85100,26.176,10.5,64.7,82.2,1847.1,38202.4,36,28,1
8,1,42,JLI,2,118,85400,6.652,5.7,12.8,29.5,38.9,150323.2,36,28,1
8,1,42,JLI,2,119,85700,7.5,6.7,12.3,29.6,56.2,133339.2,36,28,1
8,1,42,JLI,2,120,86000,7.975,7.2,14.0,24.2,41.0,125386.6,36,28,1
8,1,42,JLI,2,121,86300,12.912,6.8,17.1,38.1,1485.5,77447.4,38,28,1
8,1,42,JLI,2,122,86600,6.081,5.6,10.2,14.3,16.3,164437.6,38,28,1
8,1,42,JLI,2,123,86900,6.805,6.2,11.7,18.5,57.0,146943.6,38,28,1
8,1,42,JLI,2,124,87200,8.246,7.3,15.9,21.5,52.3,121275.8,38,28,1
8,1,42,JLI,2,125,87500,7.927,7.2,14.3,25.2,26.9,126151.2,38,28,1
8,1,42,JLI,2,126,87800,13.263,7.2,14.9,21.9,1632.5,75395.8,39,28,1
8,1,42,JLI,2,127,88100,7.948,7.2,15.7,21.1,27.6,125823.1,39,28,1
8,1,42,JLI,2,128,88400,9.67,9.2,19.3,23.9,31.4,103416.2,39,28,1
8,1,42,JLI,2,129,88700,9.907,8.2,21.3,24.9,27.1,100935.3,39,28,1
8,1,42,JLI,2,130,89000,10.435,9.2,21.9,26.3,48.3,95828.3,39,28,1
8,1,42,JLI,2,131,89300,10.142,9.2,20.9,25.5,26.0,98603.1,39,28,1
8,1,42,JLI,2,132,89600,17.026,9.8,24.8,28.7,1673.0,58732.6,40,28,1
8,1,42,JLI,2,133,89900,12.351,10.5,27.7,39.0,44.3,80962.9,40,28,1
8,1,42,JLI,2,134,90200,12.546,10.6,28.7,35.1,48.2,79706.7,40,28,1
8,1,42,JLI,2,135,90500,13.289,11.2,29.0,34.8,36.8,75250.2,40,28,1
8,1,42,JLI,2,136,90800,13.741,12.4,32.0,35.8,39.0,72773.1,40,28,1
8,1,42,JLI,2,137,91100,26.325,9.3,33.9,51.6,2623.1,37987.2,41,29,1
8,1,42,JLI,2,138,91400,5.262,3.8,11.9,40.2,85.9,190041.8,41,29,1
8,1,42,JLI,2,139,91700,5.749,5.0,10.8,18.3,39.8,173953.3,41,29,1
8,1,42,JLI,2,140,92000,7.562,6.6,14.9,22.9,41.3,132234.3,41,29,1
8,1,42,JLI,2,141,92300,8.582,7.9,17.3,21.8,24.3,116518.4,41,29,1
8,1,42,JLI,2,142,92600,10.264,8.9,22.3,28.9,36.8,97424.7,41,29,1
8,1,42,JLI,2,143,92900,17.006,10.0,26.3,41.8,1534.6,58802.8,42,29,1
8,1,42,JLI,2,144,93200,7.876,5.4,24.2,38.6,43.8,126962.6,42,29,1
8,1,42,JLI,2,145,93500,6.468,6.0,11.0,14.9,20.3,154615.2,42,29,1
8,1,42,JLI,2,146,93800,8.159,7.4,14.2,37.0,40.1,122559.0,42,29,1
8,1,42,JLI,2,147,94100,10.021,9.2,20.1,26.7,30.3,99787.1,42,29,1
8,1,42,JLI,2,148,94400,16.273,9.6,21.7,31.4,1717.4,61452.7,43,29,1
8,1,42,JLI,2,149,94700,11.298,10.4,23.8,28.3,42.7,88513.8,43,29,1
8,1,42,JLI,2,150,95000,12.543,11.7,28.5,33.5,54.0,79725.7,43,29,1
8,1,42,JLI,2,151,95300,14.427,12.4,34.7,40.5,67.7,69312.9,43,29,1
8,1,42,JLI,2,152,95600,16.557,14.7,39.1,44.2,54.4,60397.4,43,29,1
8,1,42,JLI,2,153,95900,22.992,15.8,40.6,46.8,1620.8,43492.8,44,29,1
8,1,42,JLI,2,154,96200,18.669,16.4,41.1,52.9,65.1,53563.8,44,29,1
8,1,42,JLI,2,155,96500,20.596,19.7,47.9,56.1,57.9,48552.3,44,29,1
8,1,42,JLI,2,156,96800,22.765,21.1,52.5,61.5,99.1,43927.7,44,29,1
8,1,42,JLI,2,157,97100,25.516,15.0,45.3,56.0,2428.1,39191.6,44,30,1
8,1,42,JLI,2,158,97400,6.011,4.1,19.9,38.1,39.2,166361.6,44,30,1
8,1,42,JLI,2,159,97700,8.707,4.5,10.2,21.1,1039.1,114850.1,46,30,1
8,1,42,JLI,2,160,98000,4.663,4.1,9.5,14.2,22.1,214469.5,46,30,1
8,1,42,JLI,2,161,98300,5.652,4.9,11.0,23.5,51.0,176939.0,46,30,1
8,1,42,JLI,2,162,98600,5.593,5.4,8.8,19.8,28.9,178794.9,46,30,1
8,1,42,JLI,2,163,98900,6.402,5.9,11.5,17.3,51.3,156201.2,46,30,1
8,1,42,JLI,2,164,99200,6.16,5.4,11.3,21.5,50.6,162328.9,46,30,1
8,1,42,JLI,2,165,99500,11.036,6.1,13.1,29.2,1269.3,90615.3,47,30,1
8,1,42,JLI,2,166,99800,6.874,6.0,13.4,20.3,42.0,145475.7,47,30,1
8,1,42,JLI,2,167,100000,8.019,6.8,14.8,39.1,41.9,124711.6,47,30,1
8,1,42,SkipList,2,1,50300,5.96,5.3,11.7,17.7,18.0,167785.3,0,0,0
8,1,42,SkipList,2,2,50600,5.113,4.7,10.4,12.3,17.4,195579.9,0,0,0
8,1,42,SkipList,2,3,50900,4.724,4.3,8.3,10.3,65.0,211700.0,0,0,0
8,1,42,SkipList,2,4,51200,4.041,3.7,7.1,10.2,13.2,247443.2,0,0,0
8,1,42,SkipList,2,5,51500,3.96,3.5,7.3,11.0,11.3,252504.0,0,0,0
8,1,42,SkipList,2,6,51800,3.735,3.5,6.1,8.2,9.3,267737.6,0,0,0
8,1,42,SkipList,2,7,52100,7.121,3.4,6.6,9.9,1019.7,140429.7,0,0,0
8,1,42,SkipList,2,8,52400,3.58,3.5,6.2,7.9,8.7,279303.4,0,0,0
8,1,42,SkipList,2,9,52700,3.523,3.3,5.9,7.8,11.9,283822.2,0,0,0
8,1,42,SkipList,2,10,53000,3.446,3.3,5.7,7.5,7.8,290163.3,0,0,0
8,1,42,SkipList,2,11,53300,3.486,3.2,5.7,7.5,32.1,286861.7,0,0,0
8,1,42,SkipList,2,12,53600,4.475,3.8,7.4,12.7,87.8,223463.7,0,0,0
8,1,42,SkipList,2,13,53900,3.801,3.6,6.5,8.1,14.3,263088.7,0,0,0
8,1,42,SkipList,2,14,54200,3.772,3.7,6.3,7.9,9.4,265134.8,0,0,0
8,1,42,SkipList,2,15,54500,3.462,3.3,5.7,8.0,8.4,288878.0,0,0,0
8,1,42,SkipList,2,16,54800,3.652,3.3,5.7,9.2,58.7,273797.8,0,0,0
8,1,42,SkipList,2,17,55100,3.329,3.2,5.6,7.2,9.7,300360.5,0,0,0
8,1,42,SkipList,2,18,55400,3.324,3.2,5.5,7.0,8.5,300842.2,0,0,0
8,1,42,SkipList,2,19,55700,3.251,3.2,5.6,7.0,10.6,307597.6,0,0,0
8,1,42,SkipList,2,20,56000,3.408,3.1,5.5,8.0,48.5,293398.4,0,0,0
8,1,42,SkipList,2,21,56300,3.289,3.1,5.6,6.4,7.3,304043.8,0,0,0
8,1,42,SkipList,2,22,56600,3.107,3.0,5.3,8.8,9.8,321853.9,0,0,0
8,1,42,SkipList,2,23,56900,3.191,3.1,5.4,7.0,7.7,313414.1,0,0,0
8,1,42,SkipList,2,24,57200,3.726,3.2,7.1,12.6,51.6,268384.4,0,0,0
8,1,42,SkipList,2,25,57500,4.217,3.8,8.0,11.4,13.3,237135.5,0,0,0
8,1,42,SkipList,2,26,57800,3.923,3.6,6.9,10.4,12.3,254885.3,0,0,0
8,1,42,SkipList,2,27,58100,3.548,3.3,6.0,7.7,8.0,281822.5,0,0,0
8,1,42,SkipList,2,28,58400,3.638,3.3,6.2,11.2,51.1,274851.1,0,0,0
8,1,42,SkipList,2,29,58700,3.45,3.3,6.2,7.3,8.1,289827.2,0,0,0
8,1,42,SkipList,2,30,59000,3.324,3.2,5.9,7.5,8.7,300812.2,0,0,0
8,1,42,SkipList,2,31,59300,3.212,3.1,5.2,6.3,9.7,311365.0,0,0,0
8,1,42,SkipList,2,32,59600,3.338,3.1,5.0,6.4,50.8,299610.4,0,0,0
8,1,42,SkipList,2,33,59900,3.197,3.1,5.3,6.9,7.0,312825.9,0,0,0
8,1,42,SkipList,2,34,60200,3.26,3.0,5.4,7.3,9.2,306717.1,0,0,0
8,1,42,SkipList,2,35,60500,3.194,3.0,5.2,6.2,9.4,313119.8,0,0,0
8,1,42,SkipList,2,36,60800,3.469,3.1,5.7,7.7,51.9,288267.6,0,0,0
8,1,42,SkipList,2,37,61100,3.645,3.3,6.7,11.0,21.8,274348.3,0,0,0
8,1,42,SkipList,2,38,61400,4.034,3.8,6.8,9.0,11.1,247892.9,0,0,0
8,1,42,SkipList,2,39,61700,4.46,4.2,8.5,10.4,13.4,224232.1,0,0,0
8,1,42,SkipList,2,40,62000,4.398,4.1,6.7,9.2,64.0,227393.3,0,0,0
8,1,42,SkipList,2,41,62300,3.949,3.7,6.4,8.0,9.9,253250.0,0,0,0
8,1,42,SkipList,2,42,62600,3.718,3.5,6.2,7.7,13.0,268961.8,0,0,0
8,1,42,SkipList,2,43,62900,3.631,3.4,6.7,8.5,9.2,275406.3,0,0,0
8,1,42,SkipList,2,44,63200,3.635,3.4,6.3,7.9,9.8,275077.8,0,0,0
8,1,42,SkipList,2,45,63500,3.356,3.1,5.7,7.3,8.5,297944.2,0,0,0
8,1,42,SkipList,2,46,63800,3.509,3.4,5.9,7.9,8.7,284981.4,0,0,0
8,1,42,SkipList,2,47,64100,3.308,3.1,5.4,6.6,10.4,302297.5,0,0,0
8,1,42,SkipList,2,48,64400,3.252,3.1,5.5,7.0,9.8,307502.9,0,0,0
8,1,42,SkipList,2,49,64700,3.699,3.3,6.1,8.8,57.1,270343.3,0,0,0
8,1,42,SkipList,2,50,65000,4.812,4.2,8.3,12.0,93.5,207828.2,0,0,0
8,1,42,SkipList,2,51,65300,3.959,3.8,6.6,9.2,13.2,252610.2,0,0,0
8,1,42,SkipList,2,52,65600,3.762,3.5,7.0,8.9,11.0,265792.5,0,0,0
8,1,42,SkipList,2,53,65900,3.841,3.5,6.1,8.6,58.6,260371.4,0,0,0
8,1,42,SkipList,2,54,66200,3.408,3.3,5.5,7.4,12.8,293398.6,0,0,0
8,1,42,SkipList,2,55,66500,3.372,3.2,5.6,7.0,7.6,296589.2,0,0,0
8,1,42,SkipList,2,56,66800,3.418,3.2,5.7,7.0,8.7,292597.3,0,0,0
8,1,42,SkipList,2,57,67100,6.953,3.1,5.6,7.9,1066.5,143829.7,0,0,0
8,1,42,SkipList,2,58,67400,3.285,3.1,5.2,6.9,7.3,304383.2,0,0,0
8,1,42,SkipList,2,59,67700,3.311,3.2,5.4,6.7,10.2,302053.9,0,0,0
8,1,42,SkipList,2,60,68000,3.353,3.2,5.7,7.0,7.6,298240.4,0,0,0
8,1,42,SkipList,2,61,68300,4.595,4.0,9.1,14.3,17.1,217627.9,0,0,0
8,1,42,SkipList,2,62,68600,4.231,3.8,6.5,9.3,79.2,236369.4,0,0,0
8,1,42,SkipList,2,63,68900,3.835,3.7,6.7,8.6,11.0,260778.9,0,0,0
8,1,42,SkipList,2,64,69200,3.581,3.5,6.0,8.5,8.7,279277.7,0,0,0
8,1,42,SkipList,2,65,69500,3.577,3.4,6.0,8.3,11.6,279564.0,0,0,0
8,1,42,SkipList,2,66,69800,3.623,3.3,5.7,9.1,55.8,276014.4,0,0,0
8,1,42,SkipList,2,67,70100,3.351,3.1,5.8,6.7,7.2,298388.7,0,0,0
8,1,42,SkipList,2,68,70400,3.346,3.3,5.6,6.8,9.1,298834.5,0,0,0
8,1,42,SkipList,2,69,70700,3.274,3.1,5.3,7.1,9.6,305405.7,0,0,0
8,1,42,SkipList,2,70,71000,3.46,3.1,5.5,7.3,50.8,288989.5,0,0,0
8,1,42,SkipList,2,71,71300,3.26,3.1,5.4,7.6,10.0,306779.9,0,0,0
8,1,42,SkipList,2,72,71600,3.427,3.1,6.1,8.1,12.3,291800.2,0,0,0
8,1,42,SkipList,2,73,71900,4.347,4.0,8.3,11.1,13.4,230026.2,0,0,0
8,1,42,SkipList,2,74,72200,4.42,4.0,7.6,10.7,56.7,226261.4,0,0,0
8,1,42,SkipList,2,75,72500,3.918,3.7,6.3,8.3,11.4,255210.5,0,0,0
8,1,42,SkipList,2,76,72800,3.786,3.5,6.7,7.9,9.6,264130.9,0,0,0
8,1,42,SkipList,2,77,73100,3.64,3.5,5.9,7.9,8.3,274750.4,0,0,0
8,1,42,SkipList,2,78,73400,3.846,3.5,6.4,10.7,57.2,259988.0,0,0,0
8,1,42,SkipList,2,79,73700,3.506,3.3,5.9,8.0,11.4,285225.3,0,0,0
8,1,42,SkipList,2,80,74000,3.395,3.1,5.9,7.5,8.0,294521.8,0,0,0
8,1,42,SkipList,2,81,74300,3.352,3.1,5.8,8.1,9.1,298299.8,0,0,0
8,1,42,SkipList,2,82,74600,3.429,3.3,5.7,7.9,10.5,291630.3,0,0,0
8,1,42,SkipList,2,83,74900,3.352,3.2,5.4,7.4,9.6,298359.1,0,0,0
8,1,42,SkipList,2,84,75200,3.443,3.2,5.9,8.0,11.4,290416.2,0,0,0
8,1,42,SkipList,2,85,75500,4.236,3.9,6.9,13.0,15.1,236071.7,0,0,0
8,1,42,SkipList,2,86,75800,3.879,3.7,6.4,9.1,11.7,257820.7,0,0,0
8,1,42,SkipList,2,87,76100,3.938,3.5,6.2,8.1,65.1,253957.5,0,0,0
8,1,42,SkipList,2,88,76400,3.601,3.4,5.8,8.1,11.6,277700.6,0,0,0
8,1,42,SkipList,2,89,76700,3.541,3.2,6.2,7.9,9.0,282379.6,0,0,0
8,1,42,SkipList,2,90,77000,3.488,3.3,5.8,7.2,9.0,286697.3,0,0,0
8,1,42,SkipList,2,91,77300,3.562,3.2,6.0,7.9,51.4,280714.9,0,0,0
8,1,42,SkipList,2,92,77600,3.319,3.1,5.4,8.3,9.4,301295.4,0,0,0
8,1,42,SkipList,2,93,77900,3.399,3.3,5.6,7.8,8.1,294175.4,0,0,0
8,1,42,SkipList,2,94,78200,3.301,3.1,5.4,7.3,8.5,302938.5,0,0,0
8,1,42,SkipList,2,95,78500,3.342,3.1,5.4,7.7,53.0,299251.8,0,0,0
8,1,42,SkipList,2,96,78800,3.302,3.2,5.5,6.3,7.1,302877.1,0,0,0
8,1,42,SkipList,2,97,79100,4.117,3.6,8.3,12.6,29.9,242915.0,0,0,0
8,1,42,SkipList,2,98,79400,3.66,3.5,6.0,8.5,13.9,273224.0,0,0,0
8,1,42,SkipList,2,99,79700,3.392,3.3,5.5,6.4,8.4,294811.4,0,0,0
8,1,42,SkipList,2,100,80000,3.672,3.2,5.9,8.3,59.6,272331.1,0,0,0
8,1,42,SkipList,2,101,80300,3.344,3.2,5.4,6.7,7.7,299072.8,0,0,0
8,1,42,SkipList,2,102,80600,3.399,3.3,5.5,6.7,8.0,294204.1,0,0,0
8,1,42,SkipList,2,103,80900,3.376,3.1,5.6,7.3,8.7,296237.8,0,0,0
8,1,42,SkipList,2,104,81200,3.531,3.3,5.2,8.2,58.2,283232.7,0,0,0
8,1,42,SkipList,2,105,81500,3.137,2.9,5.0,6.3,7.5,318809.6,0,0,0
8,1,42,SkipList,2,106,81800,3.267,3.1,5.3,6.6,8.9,306091.3,0,0,0
8,1,42,SkipList,2,107,82100,3.223,3.0,5.3,7.6,26.7,310269.7,0,0,0
8,1,42,SkipList,2,108,82400,3.185,3.1,5.0,6.4,7.6,313938.8,0,0,0
8,1,42,SkipList,2,109,82700,3.893,3.5,7.2,10.0,10.6,256893.3,0,0,0
8,1,42,SkipList,2,110,83000,4.189,4.0,7.4,8.9,11.7,238720.5,0,0,0
8,1,42,SkipList,2,111,83300,5.115,4.6,9.8,14.2,15.7,195503.4,0,0,0
8,1,42,SkipList,2,112,83600,4.324,4.1,7.5,11.1,12.5,231267.4,0,0,0
8,1,42,SkipList,2,113,83900,4.391,3.9,7.2,9.4,70.5,227738.6,0,0,0
8,1,42,SkipList,2,114,84200,4.069,3.9,7.3,8.6,8.8,245740.5,0,0,0
8,1,42,SkipList,2,115,84500,3.855,3.6,6.4,9.5,10.4,259403.4,0,0,0
8,1,42,SkipList,2,116,84800,3.666,3.5,6.0,8.2,10.5,272801.7,0,0,0
8,1,42,SkipList,2,117,85100,3.604,3.4,5.7,7.1,7.6,277469.5,0,0,0
8,1,42,SkipList,2,118,85400,3.496,3.4,5.4,6.9,9.8,286068.4,0,0,0
8,1,42,SkipList,2,119,85700,3.357,3.1,5.6,8.4,9.3,297855.5,0,0,0
8,1,42,SkipList,2,120,86000,3.521,3.3,6.2,8.0,10.9,283983.2,0,0,0
8,1,42,SkipList,2,121,86300,4.926,4.2,9.0,12.8,78.8,203004.4,0,0,0
8,1,42,SkipList,2,122,86600,4.237,3.9,7.4,10.7,13.4,235997.4,0,0,0
8,1,42,SkipList,2,123,86900,4.06,3.7,7.0,9.5,10.4,246285.0,0,0,0
8,1,42,SkipList,2,124,87200,3.834,3.6,6.5,9.4,10.0,260824.2,0,0,0
8,1,42,SkipList,2,125,87500,3.971,3.6,6.3,7.5,62.4,251804.7,0,0,0
8,1,42,SkipList,2,126,87800,3.831,3.7,6.2,8.7,9.6,261051.2,0,0,0
8,1,42,SkipList,2,127,88100,3.621,3.3,6.2,8.4,10.5,276141.5,0,0,0
8,1,42,SkipList,2,128,88400,3.595,3.4,5.8,7.6,9.2,278189.7,0,0,0
8,1,42,SkipList,2,129,88700,3.744,3.4,6.0,8.1,55.3,267070.1,0,0,0
8,1,42,SkipList,2,130,89000,3.466,3.3,5.8,7.9,8.8,288489.1,0,0,0
8,1,42,SkipList,2,131,89300,3.446,3.2,5.8,7.2,9.0,290191.5,0,0,0
8,1,42,SkipList,2,132,89600,3.432,3.2,6.0,7.3,9.4,291347.1,0,0,0
8,1,42,SkipList,2,133,89900,5.014,4.3,9.5,15.6,76.4,199441.5,0,0,0
8,1,42,SkipList,2,134,90200,4.135,4.0,6.9,9.1,10.2,241818.3,0,0,0
8,1,42,SkipList,2,135,90500,3.731,3.6,6.4,8.1,9.6,268000.8,0,0,0
8,1,42,SkipList,2,136,90800,3.727,3.5,6.3,8.0,10.8,268312.4,0,0,0
8,1,42,SkipList,2,137,91100,3.89,3.5,6.1,8.1,63.5,257091.4,0,0,0
8,1,42,SkipList,2,138,91400,3.587,3.4,6.1,7.6,9.9,278784.5,0,0,0
8,1,42,SkipList,2,139,91700,3.574,3.4,5.8,7.7,8.3,279772.5,0,0,0
8,1,42,SkipList,2,140,92000,3.381,3.3,5.6,8.0,11.4,295770.6,0,0,0
8,1,42,SkipList,2,141,92300,3.531,3.1,5.9,7.1,54.4,283179.2,0,0,0
8,1,42,SkipList,2,142,92600,3.449,3.2,5.6,6.7,7.8,289967.1,0,0,0
8,1,42,SkipList,2,143,92900,3.566,3.3,6.0,7.8,14.7,280452.4,0,0,0
8,1,42,SkipList,2,144,93200,3.996,3.5,7.3,13.6,27.4,250250.4,0,0,0
8,1,42,SkipList,2,145,93500,4.309,4.0,7.4,10.0,13.7,232090.3,0,0,0
8,1,42,SkipList,2,146,93800,4.175,3.7,6.7,8.3,71.0,239540.0,0,0,0
8,1,42,SkipList,2,147,94100,3.663,3.4,6.0,8.7,9.0,273025.0,0,0,0
8,1,42,SkipList,2,148,94400,3.696,3.5,6.4,7.4,7.9,270562.9,0,0,0
8,1,42,SkipList,2,149,94700,3.51,3.3,5.9,7.8,9.1,284927.4,0,0,0
8,1,42,SkipList,2,150,95000,3.851,3.6,5.8,9.2,59.9,259650.3,0,0,0
8,1,42,SkipList,2,151,95300,3.646,3.6,5.8,7.4,10.5,274248.1,0,0,0
8,1,42,SkipList,2,152,95600,3.473,3.3,5.7,7.6,8.4,287963.2,0,0,0
8,1,42,SkipList,2,153,95900,3.495,3.3,5.8,7.9,11.2,286150.4,0,0,0
8,1,42,SkipList,2,154,96200,3.622,3.3,6.1,7.1,57.0,276090.6,0,0,0
8,1,42,SkipList,2,155,96500,3.476,3.3,5.8,7.8,9.2,287714.5,0,0,0
8,1,42,SkipList,2,156,96800,3.898,3.5,7.0,11.3,20.3,256542.0,0,0,0
8,1,42,SkipList,2,157,97100,4.779,4.4,8.8,11.5,13.8,209263.4,0,0,0
8,1,42,SkipList,2,158,97400,4.491,4.3,7.7,11.0,12.6,222667.5,0,0,0
8,1,42,SkipList,2,159,97700,8.009,3.9,7.2,11.2,1165.4,124859.5,0,0,0
8,1,42,SkipList,2,160,98000,3.767,3.6,6.3,7.3,9.8,265463.3,0,0,0
8,1,42,SkipList,2,161,98300,3.662,3.6,5.9,7.8,8.4,273050.0,0,0,0
8,1,42,SkipList,2,162,98600,3.618,3.4,6.1,8.2,10.3,276421.2,0,0,0
8,1,42,SkipList,2,163,98900,3.645,3.5,5.9,7.6,9.0,274348.4,0,0,0
8,1,42,SkipList,2,164,99200,3.657,3.3,5.7,7.5,62.1,273423.1,0,0,0
8,1,42,SkipList,2,165,99500,3.387,3.1,5.4,7.8,8.9,295246.5,0,0,0
8,1,42,SkipList,2,166,99800,3.504,3.3,5.9,9.3,10.2,285415.3,0,0,0
8,1,42,SkipList,2,167,100000,4.905,4.4,9.9,13.1,19.4,203873.5,0,0,0
8,1,42,JLI,3,1,100300,7.505,6.3,15.5,24.7,27.2,133238.6,47,30,1
8,1,42,JLI,3,2,100600,8.726,7.3,17.4,34.0,50.0,114600.1,47,30,1
8,1,42,JLI,3,3,100900,8.655,7.5,17.4,26.0,96.6,115535.7,47,30,1
8,1,42,JLI,3,4,101200,16.358,7.8,18.8,45.1,2223.1,61130.9,48,30,1
8,1,42,JLI,3,5,101500,9.07,7.7,18.4,22.7,46.1,110249.5,48,30,1
8,1,42,JLI,3,6,101800,9.759,8.6,19.8,24.4,42.7,102473.0,48,30,1
8,1,42,JLI,3,7,102100,11.169,9.7,23.5,28.9,43.3,89530.9,48,30,1
8,1,42,JLI,3,8,102400,10.53,8.3,23.4,28.8,68.8,94963.7,48,30,1
8,1,42,JLI,3,9,102700,11.793,10.0,25.1,33.1,50.8,84798.5,48,30,1
8,1,42,JLI,3,10,103000,12.326,10.9,26.6,30.8,32.9,81129.3,48,30,1
8,1,42,JLI,3,11,103300,17.184,5.4,30.8,40.5,2273.2,58192.5,48,31,1
8,1,42,JLI,3,12,103600,10.122,5.1,9.2,25.4,1346.2,98798.0,50,31,1
8,1,42,JLI,3,13,103900,5.452,4.8,9.6,21.6,42.9,183430.2,50,31,1
8,1,42,JLI,3,14,104200,5.616,5.3,9.1,13.7,43.3,178052.1,50,31,1
8,1,42,JLI,3,15,104500,6.792,6.4,11.8,22.5,42.2,147224.8,50,31,1
8,1,42,JLI,3,16,104800,8.292,7.1,15.8,23.3,133.5,120598.2,50,31,1
8,1,42,JLI,3,17,105100,8.8,7.7,15.9,23.3,58.5,113632.1,50,31,1
8,1,42,JLI,3,18,105400,12.125,6.3,11.3,21.7,1629.2,82476.5,52,31,1
8,1,42,JLI,3,19,105700,6.963,6.4,11.9,15.5,46.2,143616.2,52,31,1
8,1,42,JLI,3,20,106000,7.301,6.5,13.6,16.8,25.5,136973.8,52,31,1
8,1,42,JLI,3,21,106300,8.16,7.6,14.4,17.1,19.7,122554.0,52,31,1
8,1,42,JLI,3,22,106600,300.33,7.7,16.4,43.0,87490.4,3329.7,52,31,1
8,1,42,JLI,3,23,106900,15.216,7.9,18.2,28.3,1889.7,65720.3,53,31,1
8,1,42,JLI,3,24,107200,10.414,9.4,19.7,21.7,49.0,96027.7,53,31,1
8,1,42,JLI,3,25,107500,9.879,8.9,18.6,21.3,54.2,101224.8,53,31,1
8,1,42,JLI,3,26,107800,11.272,9.7,21.9,27.7,62.4,88712.8,53,31,1
8,1,42,JLI,3,27,108100,11.543,10.3,23.1,57.4,59.4,86635.1,53,31,1
8,1,42,JLI,3,28,108400,11.382,9.3,23.5,27.0,67.9,87860.6,53,31,1
8,1,42,JLI,3,29,108700,17.248,9.9,26.1,43.6,1599.5,57976.6,54,31,1
8,1,42,JLI,3,30,109000,13.991,11.3,28.9,64.3,105.5,71476.2,54,31,1
8,1,42,JLI,3,31,109300,16.575,5.4,28.3,42.5,1977.1,60330.6,54,32,1
8,1,42,JLI,3,32,109600,5.382,4.5,9.4,35.3,44.6,185793.0,54,32,1
8,1,42,JLI,3,33,109900,6.339,5.6,11.9,18.0,39.8,157761.9,54,32,1
8,1,42,JLI,3,34,110200,10.813,6.9,14.5,16.5,1054.9,92481.3,56,32,1
8,1,42,JLI,3,35,110500,6.43,4.8,10.6,26.0,282.2,155512.9,56,32,1
8,1,42,JLI,3,36,110800,5.759,4.9,10.5,22.6,30.7,173631.2,56,32,1
8,1,42,JLI,3,37,111100,5.854,5.3,10.5,20.5,68.9,170813.6,56,32,1
8,1,42,JLI,3,38,111400,6.191,5.5,11.9,21.5,26.0,161533.5,56,32,1
8,1,42,JLI,3,39,111700,6.378,5.8,11.7,14.5,15.0,156780.7,56,32,1
8,1,42,JLI,3,40,112000,13.077,6.6,13.6,18.4,1689.8,76472.1,57,32,1
8,1,42,JLI,3,41,112300,7.236,6.2,13.2,36.7,43.5,138191.5,57,32,1
8,1,42,JLI,3,42,112600,11.234,9.9,22.9,32.6,127.5,89012.8,57,32,1
8,1,42,JLI,3,43,112900,7.789,7.1,15.5,18.4,26.4,128391.7,57,32,1
8,1,42,JLI,3,44,113200,7.692,6.5,15.7,18.6,35.2,130010.8,57,32,1
8,1,42,JLI,3,45,113500,9.072,7.8,17.5,22.5,52.4,110225.2,57,32,1
8,1,42,JLI,3,46,113800,14.153,8.3,18.4,23.2,1524.7,70658.1,58,32,1
8,1,42,JLI,3,47,114100,11.946,9.8,21.9,36.9,232.2,83710.0,58,32,1
8,1,42,JLI,3,48,114400,10.874,9.4,23.3,28.7,30.6,91965.3,58,32,1
8,1,42,JLI,3,49,114700,11.539,10.3,23.5,29.1,80.0,86662.6,58,32,1
8,1,42,JLI,3,50,115000,11.853,10.2,24.3,29.9,31.5,84364.5,58,32,1
8,1,42,JLI,3,51,115300,18.351,9.4,29.2,60.0,1929.4,54492.0,58,33,1
8,1,42,JLI,3,52,115600,4.86,4.2,7.7,20.2,40.0,205747.2,58,33,1
8,1,42,JLI,3,53,115900,6.185,5.5,10.3,21.0,41.2,161690.2,58,33,1
8,1,42,JLI,3,54,116200,10.263,5.8,12.5,14.5,1117.0,97434.2,60,33,1
8,1,42,JLI,3,55,116500,5.125,4.6,8.0,14.7,41.4,195134.6,60,33,1
8,1,42,JLI,3,56,116800,5.428,5.2,9.7,15.0,20.1,184241.3,60,33,1
8,1,42,JLI,3,57,117100,8.308,6.7,16.3,35.4,125.5,120365.9,60,33,1
8,1,42,JLI,3,58,117400,6.854,6.4,13.4,16.5,21.8,145893.1,60,33,1
8,1,42,JLI,3,59,117700,7.371,6.8,12.4,33.4,49.3,135666.8,60,33,1
8,1,42,JLI,3,60,118000,13.85,7.7,17.0,38.4,1585.2,72202.2,61,33,1
8,1,42,JLI,3,61,118300,8.734,7.9,16.6,20.5,44.0,114490.7,61,33,1
8,1,42,JLI,3,62,118600,8.865,8.5,17.3,22.0,42.3,112798.9,61,33,1
8,1,42,JLI,3,63,118900,13.64,11.7,31.3,48.2,52.6,73315.6,61,33,1
8,1,42,JLI,3,64,119200,10.408,9.0,22.1,28.5,33.1,96079.9,61,33,1
8,1,42,JLI,3,65,119500,18.73,10.5,20.6,46.5,2303.2,53390.3,63,33,1
8,1,42,JLI,3,66,119800,8.565,7.0,16.5,21.4,56.9,116758.8,63,33,1
8,1,42,JLI,3,67,120100,11.07,7.4,32.5,66.9,83.0,90336.9,63,33,1
8,1,42,JLI,3,68,120400,5.686,4.9,8.8,26.6,46.6,175870.6,63,33,1
8,1,42,JLI,3,69,120700,7.039,6.3,12.3,23.8,43.7,142065.7,63,33,1
8,1,42,JLI,3,70,121000,8.628,8.1,16.4,18.6,34.2,115897.2,63,33,1
8,1,42,JLI,3,71,121300,10.298,9.8,19.8,22.1,43.9,97109.4,63,33,1
8,1,42,JLI,3,72,121600,15.479,5.4,23.6,36.7,2292.6,64603.7,63,34,1
8,1,42,JLI,3,73,121900,6.263,4.0,18.5,30.1,40.5,159676.4,63,34,1
8,1,42,JLI,3,74,122200,8.869,3.2,11.8,25.3,1372.0,112748.0,64,34,1
8,1,42,JLI,3,75,122500,4.54,3.9,10.5,16.8,26.1,220264.4,64,34,1
8,1,42,JLI,3,76,122800,4.759,4.3,8.6,17.6,19.7,210128.2,64,34,1
8,1,42,JLI,3,77,123100,5.156,4.7,9.8,14.1,14.1,193961.4,64,34,1
8,1,42,JLI,3,78,123400,6.08,5.4,12.6,20.0,20.9,164464.6,64,34,1
8,1,42,JLI,3,79,123700,10.8,5.6,13.9,19.9,1371.5,92589.7,65,34,1
8,1,42,JLI,3,80,124000,7.015,6.0,15.8,18.3,23.0,142544.9,65,34,1
8,1,42,JLI,3,81,124300,7.143,5.9,16.8,21.7,55.8,139990.7,65,34,1
8,1,42,JLI,3,82,124600,7.775,6.6,15.1,23.4,59.2,128611.9,65,34,1
8,1,42,JLI,3,83,124900,8.247,7.0,19.9,26.0,44.1,121261.1,65,34,1
8,1,42,JLI,3,84,125200,8.682,7.7,18.0,26.8,27.9,115185.2,65,34,1
8,1,42,JLI,3,85,125500,14.91,7.5,26.5,30.8,1593.5,67070.6,67,34,1
8,1,42,JLI,3,86,125800,9.904,7.7,22.6,32.8,33.4,100972.7,67,34,1
8,1,42,JLI,3,87,126100,10.345,7.9,22.7,34.7,35.3,96665.1,67,34,1
8,1,42,JLI,3,88,126400,10.875,7.7,29.0,38.0,76.3,91956.9,67,34,1
8,1,42,JLI,3,89,126700,12.135,9.3,30.1,50.7,64.3,82404.0,67,34,1
8,1,42,JLI,3,90,127000,11.88,9.3,28.4,39.4,40.7,84177.4,67,34,1
8,1,42,JLI,3,91,127300,11.607,8.7,27.9,42.2,44.2,86154.9,67,34,1
8,1,42,JLI,3,92,127600,13.328,3.3,18.4,39.1,2295.3,75031.9,67,35,1
8,1,42,JLI,3,93,127900,7.87,3.8,9.1,15.7,1027.9,127064.8,68,35,1
8,1,42,JLI,3,94,128200,5.855,4.9,10.5,18.8,85.1,170794.1,68,35,1
8,1,42,JLI,3,95,128500,7.585,6.6,14.3,19.4,117.2,131844.9,68,35,1
8,1,42,JLI,3,96,128800,8.267,7.5,18.1,19.7,20.2,120958.0,68,35,1
8,1,42,JLI,3,97,129100,9.525,8.7,21.7,23.4,24.2,104990.5,68,35,1
8,1,42,JLI,3,98,129400,12.923,5.1,22.7,26.6,1576.0,77379.4,69,35,1
8,1,42,JLI,3,99,129700,3.936,3.5,6.6,20.6,24.2,254065.0,69,35,1
8,1,42,JLI,3,100,130000,5.649,4.7,10.7,20.4,27.1,177012.0,69,35,1
8,1,42,JLI,3,101,130300,6.976,5.9,13.4,20.6,83.4,143341.8,69,35,1
8,1,42,JLI,3,102,130600,8.066,7.3,16.7,25.7,29.2,123977.2,69,35,1
8,1,42,JLI,3,103,130900,9.809,8.9,20.1,22.9,60.5,101943.7,69,35,1
8,1,42,JLI,3,104,131200,16.849,9.9,22.2,26.5,1971.0,59350.7,70,35,1
8,1,42,JLI,3,105,131500,11.868,10.4,26.9,44.3,48.0,84257.8,70,35,1
8,1,42,JLI,3,106,131800,13.56,12.7,29.6,36.5,45.8,73746.3,70,35,1
8,1,42,JLI,3,107,132100,15.252,14.6,33.6,39.6,54.5,65566.6,70,35,1
8,1,42,JLI,3,108,132400,17.231,16.0,37.0,44.8,45.8,58033.8,70,35,1
8,1,42,JLI,3,109,132700,22.436,18.8,50.5,78.2,96.7,44571.9,70,35,1
8,1,42,JLI,3,110,133000,25.698,16.7,45.4,53.6,2230.4,38913.0,71,35,1
8,1,42,JLI,3,111,133300,21.136,18.1,52.5,59.9,82.5,47313.4,71,35,1
8,1,42,JLI,3,112,133600,29.899,14.9,55.4,59.9,3207.3,33446.3,71,36,1
8,1,42,JLI,3,113,133900,7.175,4.9,20.9,41.3,44.3,139379.3,71,36,1
8,1,42,JLI,3,114,134200,6.572,4.3,19.0,41.7,58.8,152168.4,71,36,1
8,1,42,JLI,3,115,134500,10.999,4.1,17.1,24.7,1573.5,90917.4,71,36,1
8,1,42,JLI,3,116,134800,5.75,4.6,14.7,25.8,32.5,173913.0,71,36,1
8,1,42,JLI,3,117,135100,6.994,5.6,15.8,40.2,47.7,142979.7,71,36,1
8,1,42,JLI,3,118,135400,6.466,5.7,13.9,19.5,44.6,154647.2,71,36,1
8,1,42,JLI,3,119,135700,6.983,6.2,16.0,22.9,25.8,143198.1,71,36,1
8,1,42,JLI,3,120,136000,8.664,6.9,19.9,44.2,61.1,115424.6,71,36,1
8,1,42,JLI,3,121,136300,13.923,6.9,17.8,28.0,1782.9,71821.9,71,36,1
8,1,42,JLI,3,122,136600,8.519,7.5,16.9,26.1,51.8,117380.1,71,36,1
8,1,42,JLI,3,123,136900,8.403,7.4,17.9,20.7,22.5,119000.4,71,36,1
8,1,42,JLI,3,124,137200,8.703,7.6,17.6,20.8,26.5,114902.9,71,36,1
8,1,42,JLI,3,125,137500,9.31,7.9,20.4,40.0,46.9,107411.4,71,36,1
8,1,42,JLI,3,126,137800,10.592,9.0,24.0,29.0,64.2,94407.9,71,36,1
8,1,42,JLI,3,127,138100,13.528,3.7,19.3,42.2,2090.7,73920.7,71,36,1
8,1,42,JLI,3,128,138400,5.36,3.9,12.4,20.0,24.6,186578.8,71,36,1
8,1,42,JLI,3,129,138700,6.242,4.9,13.9,22.6,54.7,160196.5,71,36,1
8,1,42,JLI,3,130,139000,6.693,5.9,13.3,21.3,22.1,149402.4,71,36,1
8,1,42,JLI,3,131,139300,7.533,6.4,17.3,21.6,22.6,132755.1,71,36,1
8,1,42,JLI,3,132,139600,9.707,8.6,19.7,29.1,46.9,103018.5,71,36,1
8,1,42,JLI,3,133,139900,14.639,4.8,17.6,44.1,2327.2,68312.2,71,37,1
8,1,42,JLI,3,134,140200,5.371,4.9,8.9,15.1,16.5,186173.5,71,37,1
8,1,42,JLI,3,135,140500,10.651,5.6,10.2,14.0,1417.4,93887.9,72,37,1
8,1,42,JLI,3,136,140800,5.346,4.8,10.0,19.6,48.1,187067.4,72,37,1
8,1,42,JLI,3,137,141100,5.783,5.2,10.8,20.8,30.9,172920.6,72,37,1
8,1,42,JLI,3,138,141400,6.366,5.6,12.3,18.9,22.6,157084.5,72,37,1
8,1,42,JLI,3,139,141700,7.071,6.5,12.8,21.7,64.1,141416.0,72,37,1
8,1,42,JLI,3,140,142000,7.734,7.2,14.8,20.4,80.4,129293.7,72,37,1
8,1,42,JLI,3,141,142300,12.774,7.3,14.6,19.5,1573.6,78282.0,72,37,1
8,1,42,JLI,3,142,142600,8.005,7.7,15.9,20.2,20.9,124927.1,72,37,1
8,1,42,JLI,3,143,142900,8.813,8.0,18.2,23.9,31.6,113464.5,72,37,1
8,1,42,JLI,3,144,143200,9.38,8.4,20.1,26.2,32.2,106606.0,72,37,1
8,1,42,JLI,3,145,143500,9.307,8.0,20.6,26.5,31.0,107446.0,72,37,1
8,1,42,JLI,3,146,143800,9.522,8.6,19.1,24.6,32.9,105023.6,72,37,1
8,1,42,JLI,3,147,144100,15.003,7.8,18.2,24.8,1788.8,66653.3,73,37,1
8,1,42,JLI,3,148,144400,9.762,8.1,20.8,37.2,61.2,102441.5,73,37,1
8,1,42,JLI,3,149,144700,10.282,9.2,19.9,27.9,61.1,97260.5,73,37,1
8,1,42,JLI,3,150,145000,10.392,8.8,21.4,45.0,61.2,96224.8,73,37,1
8,1,42,JLI,3,151,145300,10.417,8.8,21.9,27.7,61.8,95993.9,73,37,1
8,1,42,JLI,3,152,145600,9.848,8.4,21.9,26.0,29.0,101546.9,73,37,1
8,1,42,JLI,3,153,145900,21.36,10.4,29.7,48.8,2537.6,46817.2,73,38,1
8,1,42,JLI,3,154,146200,7.189,3.7,21.5,42.6,45.0,139101.4,73,38,1
8,1,42,JLI,3,155,146500,9.17,3.3,12.2,45.2,1272.6,109055.2,73,38,1
8,1,42,JLI,3,156,146800,4.993,3.8,10.1,41.4,43.0,200280.5,73,38,1
8,1,42,JLI,3,157,147100,4.703,3.6,8.0,43.0,49.5,212645.3,73,38,1
8,1,42,JLI,3,158,147400,5.149,4.3,9.5,22.1,45.8,194225.1,73,38,1
8,1,42,JLI,3,159,147700,5.287,3.9,12.8,21.4,38.3,189131.3,73,38,1
8,1,42,JLI,3,160,148000,11.592,4.8,12.3,27.1,1720.7,86268.9,73,38,1
8,1,42,JLI,3,161,148300,6.056,5.5,11.2,16.8,19.0,165134.6,73,38,1
8,1,42,JLI,3,162,148600,6.888,6.5,13.3,16.1,27.0,145173.0,73,38,1
8,1,42,JLI,3,163,148900,7.475,7.0,14.8,18.8,19.9,133779.3,73,38,1
8,1,42,JLI,3,164,149200,8.113,7.5,15.3,17.6,43.7,123259.0,73,38,1
8,1,42,JLI,3,165,149500,9.281,8.5,18.2,21.0,49.9,107747.0,73,38,1
8,1,42,JLI,3,166,149800,16.357,9.3,23.3,41.3,1829.5,61137.2,73,38,1
8,1,42,JLI,3,167,150000,5.946,3.1,20.7,26.2,28.0,168180.3,73,38,1
8,1,42,SkipList,3,1,100300,6.021,5.3,11.5,15.3,17.7,166076.2,0,0,0
8,1,42,SkipList,3,2,100600,4.833,4.4,9.1,12.6,15.3,206896.5,0,0,0
8,1,42,SkipList,3,3,100900,4.46,4.0,7.9,11.2,15.8,224198.5,0,0,0
8,1,42,SkipList,3,4,101200,4.285,4.2,7.1,9.3,9.5,233354.1,0,0,0
8,1,42,SkipList,3,5,101500,4.533,3.9,7.6,11.4,84.9,220588.3,0,0,0
8,1,42,SkipList,3,6,101800,3.983,3.8,7.1,10.0,11.4,251046.1,0,0,0
8,1,42,SkipList,3,7,102100,4.979,4.6,9.8,14.8,23.5,200830.1,0,0,0
8,1,42,SkipList,3,8,102400,4.776,4.4,8.3,11.6,13.3,209365.6,0,0,0
8,1,42,SkipList,3,9,102700,4.455,4.1,7.3,9.7,71.0,224450.1,0,0,0
8,1,42,SkipList,3,10,103000,4.082,3.8,7.1,11.2,12.7,244977.9,0,0,0
8,1,42,SkipList,3,11,103300,3.908,3.6,6.7,8.9,13.1,255907.3,0,0,0
8,1,42,SkipList,3,12,103600,3.877,3.7,6.8,7.9,13.5,257931.3,0,0,0
8,1,42,SkipList,3,13,103900,4.031,3.6,6.7,8.4,60.6,248097.9,0,0,0
8,1,42,SkipList,3,14,104200,3.653,3.4,6.0,8.7,9.1,273747.6,0,0,0
8,1,42,SkipList,3,15,104500,3.709,3.5,6.1,8.0,9.3,269590.2,0,0,0
8,1,42,SkipList,3,16,104800,3.565,3.4,5.9,7.9,12.4,280478.7,0,0,0
8,1,42,SkipList,3,17,105100,3.826,3.5,6.0,8.8,63.5,261346.8,0,0,0
8,1,42,SkipList,3,18,105400,4.169,3.7,7.4,13.3,15.2,239884.9,0,0,0
8,1,42,SkipList,3,19,105700,4.284,3.9,7.8,11.4,17.9,233408.5,0,0,0
8,1,42,SkipList,3,20,106000,4.211,4.0,7.0,10.0,11.5,237492.1,0,0,0
8,1,42,SkipList,3,21,106300,4.186,3.7,7.2,9.4,63.5,238891.5,0,0,0
8,1,42,SkipList,3,22,106600,3.728,3.5,6.3,7.3,7.7,268216.3,0,0,0
8,1,42,SkipList,3,23,106900,3.727,3.6,5.9,8.0,10.2,268312.4,0,0,0
8,1,42,SkipList,3,24,107200,3.631,3.4,5.9,7.6,9.2,275431.5,0,0,0
8,1,42,SkipList,3,25,107500,3.624,3.5,5.9,6.6,7.5,275963.4,0,0,0
8,1,42,SkipList,3,26,107800,7.661,3.4,6.3,8.1,1203.6,130536.9,0,0,0
8,1,42,SkipList,3,27,108100,3.642,3.5,6.2,7.4,8.9,274599.4,0,0,0
8,1,42,SkipList,3,28,108400,3.501,3.3,6.1,8.7,9.2,285659.9,0,0,0
8,1,42,SkipList,3,29,108700,4.283,3.9,7.8,10.9,17.7,233481.3,0,0,0
8,1,42,SkipList,3,30,109000,4.185,3.9,6.7,8.9,12.1,238929.6,0,0,0
8,1,42,SkipList,3,31,109300,4.212,3.7,6.9,10.5,71.5,237416.9,0,0,0
8,1,42,SkipList,3,32,109600,3.826,3.6,6.4,9.5,16.3,261392.4,0,0,0
8,1,42,SkipList,3,33,109900,3.898,3.7,6.9,8.6,13.4,256563.8,0,0,0
8,1,42,SkipList,3,34,110200,3.667,3.4,5.9,7.1,8.1,272727.3,0,0,0
8,1,42,SkipList,3,35,110500,3.848,3.5,5.9,9.1,58.0,259897.7,0,0,0
8,1,42,SkipList,3,36,110800,3.544,3.3,6.0,7.3,8.6,282167.1,0,0,0
8,1,42,SkipList,3,37,111100,3.64,3.5,5.9,8.2,11.4,274700.1,0,0,0
8,1,42,SkipList,3,38,111400,3.638,3.5,6.1,7.7,8.6,274901.5,0,0,0
8,1,42,SkipList,3,39,111700,3.7,3.4,5.9,7.7,58.2,270294.7,0,0,0
8,1,42,SkipList,3,40,112000,4.338,3.9,8.6,11.3,29.8,230503.2,0,0,0
8,1,42,SkipList,3,41,112300,4.835,4.6,8.3,12.4,17.2,206839.5,0,0,0
8,1,42,SkipList,3,42,112600,4.374,4.1,7.6,10.1,12.1,228623.6,0,0,0
8,1,42,SkipList,3,43,112900,3.95,3.8,6.3,9.7,11.4,253185.9,0,0,0
8,1,42,SkipList,3,44,113200,4.184,3.7,6.8,10.0,80.1,239005.8,0,0,0
8,1,42,SkipList,3,45,113500,3.982,3.8,6.6,9.3,16.5,251109.1,0,0,0
8,1,42,SkipList,3,46,113800,3.832,3.6,6.4,8.5,10.5,260937.6,0,0,0
8,1,42,SkipList,3,47,114100,3.62,3.5,6.0,7.2,8.0,276217.8,0,0,0
8,1,42,SkipList,3,48,114400,3.744,3.3,6.4,9.7,55.9,267093.9,0,0,0
8,1,42,SkipList,3,49,114700,3.546,3.4,6.0,7.9,9.5,282034.4,0,0,0
8,1,42,SkipList,3,50,115000,3.547,3.4,5.8,6.9,7.5,281928.3,0,0,0
8,1,42,SkipList,3,51,115300,4.236,3.8,7.8,17.6,19.2,236071.8,0,0,0
8,1,42,SkipList,3,52,115600,4.796,4.4,8.5,12.5,14.4,208507.1,0,0,0
8,1,42,SkipList,3,53,115900,4.571,4.2,7.4,10.0,67.3,218754.6,0,0,0
8,1,42,SkipList,3,54,116200,4.114,3.8,6.9,8.5,13.7,243092.1,0,0,0
8,1,42,SkipList,3,55,116500,3.913,3.7,6.3,9.3,9.5,255536.7,0,0,0
8,1,42,SkipList,3,56,116800,4.031,3.9,7.0,8.0,9.3,248077.4,0,0,0
8,1,42,SkipList,3,57,117100,4.048,3.6,6.7,7.6,66.6,247056.0,0,0,0
8,1,42,SkipList,3,58,117400,3.84,3.7,6.4,7.9,9.4,260394.0,0,0,0
8,1,42,SkipList,3,59,117700,3.59,3.4,6.2,7.1,12.5,278525.6,0,0,0
8,1,42,SkipList,3,60,118000,3.622,3.5,6.1,7.2,11.4,276090.4,0,0,0
8,1,42,SkipList,3,61,118300,3.554,3.3,6.4,8.7,11.3,281373.2,0,0,0
8,1,42,SkipList,3,62,118600,4.174,3.7,7.5,10.9,55.6,239559.3,0,0,0
8,1,42,SkipList,3,63,118900,4.59,4.2,7.8,10.0,16.9,217849.1,0,0,0
8,1,42,SkipList,3,64,119200,4.802,4.4,8.3,12.1,15.9,208261.0,0,0,0
8,1,42,SkipList,3,65,119500,4.608,4.4,7.6,10.3,14.1,217013.9,0,0,0
8,1,42,SkipList,3,66,119800,4.685,4.2,7.7,10.0,70.2,213447.2,0,0,0
8,1,42,SkipList,3,67,120100,4.195,3.9,7.1,10.1,11.2,238360.0,0,0,0
8,1,42,SkipList,3,68,120400,4.027,3.7,7.0,10.0,14.1,248303.4,0,0,0
8,1,42,SkipList,3,69,120700,3.827,3.7,6.4,8.4,11.7,261278.5,0,0,0
8,1,42,SkipList,3,70,121000,3.819,3.7,6.5,8.5,10.9,261825.7,0,0,0
8,1,42,SkipList,3,71,121300,3.947,3.5,6.7,11.1,54.1,253335.6,0,0,0
8,1,42,SkipList,3,72,121600,3.617,3.4,6.0,8.2,11.6,276472.2,0,0,0
8,1,42,SkipList,3,73,121900,3.755,3.5,6.6,7.8,8.4,266288.0,0,0,0
8,1,42,SkipList,3,74,122200,4.526,3.9,8.4,15.7,33.9,220945.7,0,0,0
8,1,42,SkipList,3,75,122500,4.918,4.3,8.5,14.1,73.1,203334.7,0,0,0
8,1,42,SkipList,3,76,122800,4.192,3.9,7.7,11.1,21.1,238549.6,0,0,0
8,1,42,SkipList,3,77,123100,3.973,3.7,7.0,11.0,12.7,251678.0,0,0,0
8,1,42,SkipList,3,78,123400,3.929,3.6,6.8,7.8,9.7,254496.2,0,0,0
8,1,42,SkipList,3,79,123700,7.366,3.6,6.3,10.2,1083.4,135758.9,0,0,0
8,1,42,SkipList,3,80,124000,3.717,3.5,6.2,8.6,10.4,269034.2,0,0,0
8,1,42,SkipList,3,81,124300,3.723,3.5,6.3,7.9,9.7,268624.5,0,0,0
8,1,42,SkipList,3,82,124600,3.673,3.5,6.1,8.0,8.7,272232.4,0,0,0
8,1,42,SkipList,3,83,124900,3.512,3.3,5.7,7.7,8.3,284738.1,0,0,0
8,1,42,SkipList,3,84,125200,4.172,3.6,7.6,12.7,51.7,239693.0,0,0,0
8,1,42,SkipList,3,85,125500,6.539,6.1,11.6,14.2,15.6,152928.6,0,0,0
8,1,42,SkipList,3,86,125800,4.643,4.2,7.8,11.9,15.6,215393.4,0,0,0
8,1,42,SkipList,3,87,126100,4.48,4.3,7.5,10.1,10.6,223197.6,0,0,0
8,1,42,SkipList,3,88,126400,4.767,4.4,7.7,10.3,65.3,209790.2,0,0,0
8,1,42,SkipList,3,89,126700,4.219,3.8,7.6,10.3,11.7,237041.7,0,0,0
8,1,42,SkipList,3,90,127000,4.272,4.0,7.3,9.1,10.8,234100.6,0,0,0
8,1,42,SkipList,3,91,127300,4.989,4.6,8.9,18.0,19.4,200427.6,0,0,0
8,1,42,SkipList,3,92,127600,5.013,4.5,8.3,11.9,72.9,199481.3,0,0,0
8,1,42,SkipList,3,93,127900,4.509,4.1,8.3,13.4,15.7,221762.2,0,0,0
8,1,42,SkipList,3,94,128200,5.27,5.0,9.6,12.6,13.9,189765.3,0,0,0
8,1,42,SkipList,3,95,128500,5.022,4.7,8.3,9.2,16.8,199110.7,0,0,0
8,1,42,SkipList,3,96,128800,4.403,4.2,7.6,11.5,12.8,227117.9,0,0,0
8,1,42,SkipList,3,97,129100,4.627,4.1,7.8,10.8,75.0,216122.7,0,0,0
8,1,42,SkipList,3,98,129400,4.531,4.2,7.6,9.4,13.4,220685.7,0,0,0
8,1,42,SkipList,3,99,129700,4.535,4.1,7.9,10.5,40.9,220507.2,0,0,0
8,1,42,SkipList,3,100,130000,4.137,3.9,7.1,8.6,10.7,241721.1,0,0,0
8,1,42,SkipList,3,101,130300,4.254,3.9,6.8,9.6,62.1,235054.3,0,0,0
8,1,42,SkipList,3,102,130600,3.766,3.6,6.6,8.4,11.5,265533.7,0,0,0
8,1,42,SkipList,3,103,130900,3.992,3.7,6.7,9.1,9.3,250480.2,0,0,0
8,1,42,SkipList,3,104,131200,4.287,4.0,7.3,12.0,14.6,233245.2,0,0,0
8,1,42,SkipList,3,105,131500,4.756,4.3,8.7,11.1,26.5,210246.0,0,0,0
8,1,42,SkipList,3,106,131800,4.585,4.0,7.4,10.4,81.3,218118.4,0,0,0
8,1,42,SkipList,3,107,132100,4.302,3.9,7.4,9.7,11.2,232432.0,0,0,0
8,1,42,SkipList,3,108,132400,4.085,3.9,6.8,8.2,8.8,244778.1,0,0,0
8,1,42,SkipList,3,109,132700,3.965,3.7,6.9,8.3,12.1,252228.0,0,0,0
8,1,42,SkipList,3,110,133000,3.925,3.7,6.3,8.6,10.1,254755.4,0,0,0
8,1,42,SkipList,3,111,133300,4.105,3.7,6.9,8.2,60.9,243605.5,0,0,0
8,1,42,SkipList,3,112,133600,3.605,3.4,6.1,7.7,11.0,277418.3,0,0,0
8,1,42,SkipList,3,113,133900,3.739,3.4,6.4,8.7,10.5,267427.3,0,0,0
8,1,42,SkipList,3,114,134200,3.583,3.4,5.9,7.8,8.6,279069.7,0,0,0
8,1,42,SkipList,3,115,134500,3.837,3.7,5.7,8.7,54.6,260597.7,0,0,0
8,1,42,SkipList,3,116,134800,4.699,4.3,8.2,14.4,19.8,212796.2,0,0,0
8,1,42,SkipList,3,117,135100,4.081,3.9,6.6,10.4,12.8,245018.0,0,0,0
8,1,42,SkipList,3,118,135400,4.09,3.9,6.7,8.5,9.0,244479.0,0,0,0
8,1,42,SkipList,3,119,135700,3.912,3.7,6.5,7.9,10.3,255645.5,0,0,0
8,1,42,SkipList,3,120,136000,4.164,3.7,6.6,10.1,68.3,240134.5,0,0,0
8,1,42,SkipList,3,121,136300,3.848,3.6,6.6,8.1,8.7,259897.9,0,0,0
8,1,42,SkipList,3,122,136600,3.727,3.5,6.3,6.9,8.6,268288.4,0,0,0
8,1,42,SkipList,3,123,136900,3.755,3.5,6.9,8.5,8.8,266335.1,0,0,0
8,1,42,SkipList,3,124,137200,3.895,3.5,6.2,8.5,68.4,256761.4,0,0,0
8,1,42,SkipList,3,125,137500,3.627,3.5,6.2,7.4,9.1,275684.6,0,0,0
8,1,42,SkipList,3,126,137800,4.264,3.9,7.6,11.2,31.0,234521.6,0,0,0
8,1,42,SkipList,3,127,138100,4.535,4.2,7.8,10.5,13.3,220491.0,0,0,0
8,1,42,SkipList,3,128,138400,4.819,4.5,8.8,12.0,12.9,207497.6,0,0,0
8,1,42,SkipList,3,129,138700,5.402,4.6,9.3,13.1,85.9,185105.2,0,0,0
8,1,42,SkipList,3,130,139000,4.567,4.3,7.7,10.0,10.2,218946.1,0,0,0
8,1,42,SkipList,3,131,139300,4.194,3.9,7.4,9.8,10.6,238416.8,0,0,0
8,1,42,SkipList,3,132,139600,4.18,3.9,7.4,8.7,9.2,239253.5,0,0,0
8,1,42,SkipList,3,133,139900,3.937,3.7,6.7,8.8,10.2,254000.6,0,0,0
8,1,42,SkipList,3,134,140200,7.642,3.7,6.9,8.5,1117.6,130855.8,0,0,0
8,1,42,SkipList,3,135,140500,3.813,3.6,6.5,8.9,9.5,262283.6,0,0,0
8,1,42,SkipList,3,136,140800,3.856,3.6,6.3,8.6,14.6,259313.8,0,0,0
8,1,42,SkipList,3,137,141100,4.177,3.7,8.1,13.1,21.2,239387.2,0,0,0
8,1,42,SkipList,3,138,141400,4.638,4.2,8.8,12.6,13.1,215610.2,0,0,0
8,1,42,SkipList,3,139,141700,4.524,4.0,7.1,8.9,77.8,221026.9,0,0,0
8,1,42,SkipList,3,140,142000,4.227,4.0,7.0,9.4,15.4,236593.1,0,0,0
8,1,42,SkipList,3,141,142300,4.092,3.9,6.8,9.2,12.1,244359.4,0,0,0
8,1,42,SkipList,3,142,142600,3.825,3.7,6.3,7.9,8.4,261438.0,0,0,0
8,1,42,SkipList,3,143,142900,3.832,3.6,6.3,7.3,9.5,260983.1,0,0,0
8,1,42,SkipList,3,144,143200,4.105,3.7,6.6,9.2,70.6,243585.6,0,0,0
8,1,42,SkipList,3,145,143500,3.561,3.4,6.0,8.1,8.9,280846.2,0,0,0
8,1,42,SkipList,3,146,143800,3.774,3.6,6.1,8.2,14.6,264994.2,0,0,0
8,1,42,SkipList,3,147,144100,3.693,3.5,6.2,8.2,9.8,270807.1,0,0,0
8,1,42,SkipList,3,148,144400,4.342,3.8,7.2,11.3,60.0,230326.3,0,0,0
8,1,42,SkipList,3,149,144700,4.536,4.2,7.7,10.0,12.0,220458.6,0,0,0
8,1,42,SkipList,3,150,145000,4.202,4.0,6.8,11.2,11.7,238000.7,0,0,0
8,1,42,SkipList,3,151,145300,4.112,3.9,6.8,8.7,11.5,243190.6,0,0,0
8,1,42,SkipList,3,152,145600,3.85,3.5,6.8,9.0,12.4,259740.3,0,0,0
8,1,42,SkipList,3,153,145900,3.832,3.6,6.4,8.7,9.4,260983.0,0,0,0
8,1,42,SkipList,3,154,146200,3.797,3.6,6.1,7.9,12.6,263388.9,0,0,0
8,1,42,SkipList,3,155,146500,3.717,3.6,5.8,6.9,9.5,269010.0,0,0,0
8,1,42,SkipList,3,156,146800,3.668,3.6,5.8,7.3,8.6,272628.0,0,0,0
8,1,42,SkipList,3,157,147100,3.913,3.6,6.2,9.0,54.8,255580.3,0,0,0
8,1,42,SkipList,3,158,147400,3.684,3.5,6.2,7.5,14.8,271419.5,0,0,0
8,1,42,SkipList,3,159,147700,3.971,3.6,6.8,10.2,30.7,251846.9,0,0,0
8,1,42,SkipList,3,160,148000,4.505,4.2,7.9,9.8,15.2,221992.0,0,0,0
8,1,42,SkipList,3,161,148300,4.58,4.1,7.1,11.4,74.9,218324.7,0,0,0
8,1,42,SkipList,3,162,148600,4.175,4.0,6.8,8.5,10.7,239521.0,0,0,0
8,1,42,SkipList,3,163,148900,4.079,3.9,7.0,9.3,11.8,245138.0,0,0,0
8,1,42,SkipList,3,164,149200,3.9,3.8,6.5,9.9,11.5,256388.3,0,0,0
8,1,42,SkipList,3,165,149500,3.945,3.6,6.1,8.6,60.8,253463.8,0,0,0
8,1,42,SkipList,3,166,149800,3.66,3.4,6.3,8.4,10.9,273199.2,0,0,0
8,1,42,SkipList,3,167,150000,3.825,3.8,6.2,8.5,9.1,261403.8,0,0,0
8,1,42,JLI,4,1,150300,6.377,4.0,19.3,34.6,61.2,156805.4,73,38,1
8,1,42,JLI,4,2,150600,7.882,5.8,20.4,28.8,31.5,126876.7,73,38,1
8,1,42,JLI,4,3,150900,8.708,7.0,19.4,28.0,31.2,114832.5,73,38,1
8,1,42,JLI,4,4,151200,10.831,8.4,33.0,40.9,66.6,92324.8,73,38,1
8,1,42,JLI,4,5,151500,19.263,8.8,26.0,33.3,2692.7,51912.1,73,38,1
8,1,42,JLI,4,6,151800,16.572,9.6,28.4,39.6,1639.0,60341.5,73,39,1
8,1,42,JLI,4,7,152100,6.692,4.7,19.9,46.7,57.6,149424.7,73,39,1
8,1,42,JLI,4,8,152400,7.387,5.7,19.9,30.3,96.4,135366.9,73,39,1
8,1,42,JLI,4,9,152700,7.138,5.9,16.4,28.5,33.8,140095.2,73,39,1
8,1,42,JLI,4,10,153000,13.788,5.9,15.0,48.0,1981.6,72528.6,74,39,1
8,1,42,JLI,4,11,153300,6.027,4.9,14.0,16.0,18.2,165920.1,74,39,1
8,1,42,JLI,4,12,153600,6.774,5.2,17.4,19.7,34.9,147623.3,74,39,1
8,1,42,JLI,4,13,153900,7.476,5.7,17.3,22.1,23.0,133767.3,74,39,1
8,1,42,JLI,4,14,154200,9.634,7.5,22.5,30.5,73.7,103802.7,74,39,1
8,1,42,JLI,4,15,154500,8.802,5.9,23.5,28.3,54.7,113610.5,74,39,1
8,1,42,JLI,4,16,154800,15.489,6.9,24.2,32.0,1762.8,64560.6,75,39,1
8,1,42,JLI,4,17,155100,9.44,7.3,23.3,28.2,30.4,105932.2,75,39,1
8,1,42,JLI,4,18,155400,11.645,8.1,29.8,44.1,50.4,85871.3,75,39,1
8,1,42,JLI,4,19,155700,11.803,7.5,33.5,41.0,49.0,84721.8,75,39,1
8,1,42,JLI,4,20,156000,11.226,7.6,26.7,39.4,74.0,89076.3,75,39,1
8,1,42,JLI,4,21,156300,18.565,8.6,35.1,44.1,1908.8,53864.8,76,39,1
8,1,42,JLI,4,22,156600,14.078,9.6,39.7,50.1,100.8,71032.8,76,39,1
8,1,42,JLI,4,23,156900,13.821,10.1,39.7,50.2,56.0,72355.4,76,39,1
8,1,42,JLI,4,24,157200,14.97,10.7,38.8,51.7,53.3,66798.8,76,39,1
8,1,42,JLI,4,25,157500,15.619,11.0,42.0,54.7,55.9,64023.2,76,39,1
8,1,42,JLI,4,26,157800,22.755,10.4,45.3,57.0,2497.4,43945.7,76,40,1
8,1,42,JLI,4,27,158100,12.059,4.5,24.8,44.8,1416.4,82925.6,77,40,1
8,1,42,JLI,4,28,158400,6.538,5.0,16.2,25.4,48.1,152959.8,77,40,1
8,1,42,JLI,4,29,158700,6.306,5.4,12.3,31.7,70.1,158570.7,77,40,1
8,1,42,JLI,4,30,159000,6.4,5.7,12.6,23.5,54.8,156258.1,77,40,1
8,1,42,JLI,4,31,159300,7.165,5.8,17.0,20.5,37.9,139567.4,77,40,1
8,1,42,JLI,4,32,159600,14.568,7.2,17.8,23.2,1911.3,68643.6,78,40,1
8,1,42,JLI,4,33,159900,8.94,7.2,19.9,24.9,30.8,111861.0,78,40,1
8,1,42,JLI,4,34,160200,10.102,8.3,23.9,30.4,57.1,98987.0,78,40,1
8,1,42,JLI,4,35,160500,10.655,9.0,21.6,33.0,80.7,93852.7,78,40,1
8,1,42,JLI,4,36,160800,12.47,9.9,29.5,48.1,96.6,80194.6,78,40,1
8,1,42,JLI,4,37,161100,11.506,8.9,27.0,33.9,60.0,86908.7,78,40,1
8,1,42,JLI,4,38,161400,20.98,10.7,34.4,39.9,2354.2,47665.2,79,40,1
8,1,42,JLI,4,39,161700,13.94,11.4,36.0,48.8,68.1,71736.0,79,40,1
8,1,42,JLI,4,40,162000,15.158,13.3,38.8,44.9,47.4,65970.3,79,40,1
8,1,42,JLI,4,41,162300,15.548,11.6,42.4,50.3,52.1,64315.6,79,40,1
8,1,42,JLI,4,42,162600,16.674,12.4,46.5,55.4,58.6,59974.8,79,40,1
8,1,42,JLI,4,43,162900,25.016,12.6,51.0,57.6,2305.5,39973.9,80,40,1
8,1,42,JLI,4,44,163200,16.563,12.9,39.4,53.9,57.5,60375.5,80,40,1
8,1,42,JLI,4,45,163500,18.54,14.8,40.9,64.4,77.3,53938.4,80,40,1
8,1,42,JLI,4,46,163800,20.762,16.1,59.2,65.4,67.1,48165.7,80,40,1
8,1,42,JLI,4,47,164100,16.656,4.9,32.3,51.3,2501.9,60039.6,80,41,1
8,1,42,JLI,4,48,164400,7.563,6.3,19.1,31.2,39.3,132216.8,80,41,1
8,1,42,JLI,4,49,164700,12.805,5.1,13.5,25.4,2044.6,78092.5,82,41,1
8,1,42,JLI,4,50,165000,6.419,5.6,15.7,21.4,29.6,155779.4,82,41,1
8,1,42,JLI,4,51,165300,6.366,5.7,10.7,51.2,75.5,157092.8,82,41,1
8,1,42,JLI,4,52,165600,5.872,5.4,10.7,13.3,53.2,170309.4,82,41,1
8,1,42,JLI,4,53,165900,6.714,5.8,12.9,43.9,49.1,148949.9,82,41,1
8,1,42,JLI,4,54,166200,16.865,6.7,17.9,101.1,2434.4,59294.4,83,41,1
8,1,42,JLI,4,55,166500,7.492,6.4,15.3,18.1,80.3,133469.8,83,41,1
8,1,42,JLI,4,56,166800,7.825,7.1,17.5,19.9,53.1,127801.0,83,41,1
8,1,42,JLI,4,57,167100,8.186,7.0,17.6,42.0,58.9,122164.8,83,41,1
8,1,42,JLI,4,58,167400,9.198,7.6,21.2,46.9,48.6,108719.3,83,41,1
8,1,42,JLI,4,59,167700,23.873,11.4,34.9,124.1,2799.2,41888.9,84,41,1
8,1,42,JLI,4,60,168000,10.535,8.6,23.0,47.6,76.0,94924.7,84,41,1
8,1,42,JLI,4,61,168300,10.579,9.3,21.6,47.3,48.9,94523.9,84,41,1
8,1,42,JLI,4,62,168600,12.082,10.6,27.7,51.0,65.7,82770.0,84,41,1
8,1,42,JLI,4,63,168900,14.087,12.3,30.5,54.0,80.8,70987.4,84,41,1
8,1,42,JLI,4,64,169200,12.802,10.8,28.8,35.8,40.1,78112.8,84,41,1
8,1,42,JLI,4,65,169500,14.579,12.7,32.5,52.1,100.1,68591.8,84,41,1
8,1,42,JLI,4,66,169800,25.399,10.1,37.5,54.4,3532.9,39371.6,84,42,1
8,1,42,JLI,4,67,170100,4.813,3.2,14.0,44.4,50.1,207785.0,84,42,1
8,1,42,JLI,4,68,170400,9.826,3.6,6.9,29.5,1726.4,101767.4,85,42,1
8,1,42,JLI,4,69,170700,4.981,4.0,8.8,25.6,50.0,200776.3,85,42,1
8,1,42,JLI,4,70,171000,5.717,4.8,11.2,24.8,27.3,174927.1,85,42,1
8,1,42,JLI,4,71,171300,7.156,5.7,15.0,34.2,61.7,139742.9,85,42,1
8,1,42,JLI,4,72,171600,8.561,7.0,16.5,34.0,85.1,116808.8,85,42,1
8,1,42,JLI,4,73,171900,8.538,7.2,19.3,25.2,29.9,117123.4,85,42,1
8,1,42,JLI,4,74,172200,15.987,8.0,23.0,29.9,1967.1,62549.5,86,42,1
8,1,42,JLI,4,75,172500,9.563,8.4,20.4,25.9,26.8,104569.7,86,42,1
8,1,42,JLI,4,76,172800,13.917,10.8,34.5,66.2,91.4,71852.8,86,42,1
8,1,42,JLI,4,77,173100,12.123,10.0,30.2,41.1,53.7,82490.1,86,42,1
8,1,42,JLI,4,78,173400,13.51,12.2,32.1,37.9,38.6,74017.4,86,42,1
8,1,42,JLI,4,79,173700,14.13,11.7,35.0,41.4,71.0,70769.7,86,42,1
8,1,42,JLI,4,80,174000,22.725,13.2,37.6,58.7,2272.6,44005.0,87,42,1
8,1,42,JLI,4,81,174300,16.19,13.3,38.5,48.8,53.7,61765.3,87,42,1
8,1,42,JLI,4,82,174600,15.947,13.6,39.7,49.0,53.4,62707.7,87,42,1
8,1,42,JLI,4,83,174900,17.679,15.0,36.9,54.1,62.3,56563.2,87,42,1
8,1,42,JLI,4,84,175200,19.114,16.1,45.9,58.1,59.4,52317.7,87,42,1
8,1,42,JLI,4,85,175500,28.604,18.0,55.0,61.0,2239.0,34960.1,88,42,1
8,1,42,JLI,4,86,175800,20.723,16.6,57.3,68.0,96.8,48255.6,88,42,1
8,1,42,JLI,4,87,176100,29.88,17.1,50.8,76.1,2790.5,33467.6,88,43,1
8,1,42,JLI,4,88,176400,6.449,4.7,14.4,49.4,56.8,155054.8,88,43,1
8,1,42,JLI,4,89,176700,5.979,5.3,10.2,45.5,70.3,167242.8,88,43,1
8,1,42,JLI,4,90,177000,6.479,5.8,12.6,20.9,50.9,154352.7,88,43,1
8,1,42,JLI,4,91,177300,15.17,7.3,16.3,23.2,2144.3,65918.1,89,43,1
8,1,42,JLI,4,92,177600,7.893,7.3,17.7,19.7,20.1,126699.9,89,43,1
8,1,42,JLI,4,93,177900,9.578,9.2,20.5,27.7,48.2,104409.6,89,43,1
8,1,42,JLI,4,94,178200,10.877,9.2,26.2,29.5,41.2,91939.9,89,43,1
8,1,42,JLI,4,95,178500,11.677,10.3,27.1,32.5,32.8,85636.0,89,43,1
8,1,42,JLI,4,96,178800,13.183,12.2,30.2,35.4,55.3,75857.2,89,43,1
8,1,42,JLI,4,97,179100,20.813,12.2,31.1,37.2,2113.7,48046.1,90,43,1
8,1,42,JLI,4,98,179400,14.379,12.4,36.0,43.0,44.5,69545.9,90,43,1
8,1,42,JLI,4,99,179700,16.729,14.9,41.9,46.3,64.5,59777.6,90,43,1
8,1,42,JLI,4,100,180000,16.425,13.6,41.8,56.4,87.5,60881.6,90,43,1
8,1,42,JLI,4,101,180300,17.372,13.0,49.0,52.8,67.4,57562.8,90,43,1
8,1,42,JLI,4,102,180600,24.593,15.0,47.3,58.1,2066.1,40662.5,91,43,1
8,1,42,JLI,4,103,180900,20.666,17.8,53.2,61.5,66.7,48389.4,91,43,1
8,1,42,JLI,4,104,181200,21.705,19.9,53.2,63.6,64.5,46072.3,91,43,1
8,1,42,JLI,4,105,181500,21.481,17.1,57.7,78.0,80.4,46552.0,91,43,1
8,1,42,JLI,4,106,181800,21.064,16.6,60.3,71.1,98.4,47473.6,91,43,1
8,1,42,JLI,4,107,182100,22.777,19.0,62.6,72.7,73.8,43903.9,91,43,1
8,1,42,JLI,4,108,182400,28.431,7.7,61.0,83.2,3119.4,35173.3,91,44,1
8,1,42,JLI,4,109,182700,5.762,5.1,8.9,19.9,58.1,173560.9,91,44,1
8,1,42,JLI,4,110,183000,6.708,6.4,12.3,15.5,17.2,149075.7,91,44,1
8,1,42,JLI,4,111,183300,12.727,5.5,12.6,58.7,1938.0,78575.2,93,44,1
8,1,42,JLI,4,112,183600,6.43,5.6,11.6,25.6,103.4,155529.1,93,44,1
8,1,42,JLI,4,113,183900,6.604,6.0,11.5,20.2,26.0,151415.7,93,44,1
8,1,42,JLI,4,114,184200,6.987,6.5,13.1,14.9,23.1,143129.7,93,44,1
8,1,42,JLI,4,115,184500,7.587,7.1,14.8,17.7,37.0,131798.6,93,44,1
8,1,42,JLI,4,116,184800,15.43,7.7,16.5,22.3,2173.8,64810.2,95,44,1
8,1,42,JLI,4,117,185100,7.086,6.1,13.0,19.1,62.0,141116.7,95,44,1
8,1,42,JLI,4,118,185400,8.767,7.4,16.7,32.2,62.9,114059.8,95,44,1
8,1,42,JLI,4,119,185700,7.986,7.1,15.0,20.3,47.0,125213.9,95,44,1
8,1,42,JLI,4,120,186000,8.327,7.1,16.7,18.3,23.8,120096.1,95,44,1
8,1,42,JLI,4,121,186300,9.095,7.6,19.3,21.3,79.7,109950.5,95,44,1
8,1,42,JLI,4,122,186600,17.112,8.4,19.8,34.6,2221.7,58439.7,96,44,1
8,1,42,JLI,4,123,186900,10.66,8.6,22.1,55.1,72.3,93811.6,96,44,1
8,1,42,JLI,4,124,187200,10.106,8.7,20.9,23.0,24.1,98954.4,96,44,1
8,1,42,JLI,4,125,187500,10.93,9.6,23.6,26.2,64.0,91491.3,96,44,1
8,1,42,JLI,4,126,187800,12.567,10.9,25.2,44.0,75.9,79575.6,96,44,1
8,1,42,JLI,4,127,188100,12.433,10.2,26.5,62.2,75.5,80429.0,96,44,1
8,1,42,JLI,4,128,188400,23.076,10.5,27.2,34.8,3190.1,43335.1,96,45,1
8,1,42,JLI,4,129,188700,10.389,6.9,25.8,37.1,62.8,96258.8,96,45,1
8,1,42,JLI,4,130,189000,12.069,3.5,19.7,28.5,1768.5,82856.9,97,45,1
8,1,42,JLI,4,131,189300,5.664,4.2,15.2,25.7,35.1,176543.3,97,45,1
8,1,42,JLI,4,132,189600,6.6,5.7,13.3,27.5,79.1,151515.1,97,45,1
8,1,42,JLI,4,133,189900,10.97,7.3,15.7,25.8,977.0,91157.7,97,45,1
8,1,42,JLI,4,134,190200,8.687,8.2,18.2,22.2,24.9,115110.1,97,45,1
8,1,42,JLI,4,135,190500,10.004,9.2,21.2,23.9,25.6,99956.7,97,45,1
8,1,42,JLI,4,136,190800,17.846,9.9,22.7,27.0,2165.8,56035.0,98,45,1
8,1,42,JLI,4,137,191100,12.317,10.9,27.7,32.3,35.1,81186.4,98,45,1
8,1,42,JLI,4,138,191400,13.574,12.1,28.9,33.9,98.8,73668.4,98,45,1
8,1,42,JLI,4,139,191700,14.193,12.4,33.8,38.9,70.1,70457.3,98,45,1
8,1,42,JLI,4,140,192000,369.645,13.6,36.2,49.7,106285.2,2705.3,98,45,1
8,1,42,JLI,4,141,192300,15.622,13.5,35.7,42.9,45.7,64010.9,98,45,1
8,1,42,JLI,4,142,192600,27.941,17.0,44.9,70.2,2765.2,35789.7,99,45,1
8,1,42,JLI,4,143,192900,17.726,15.3,41.3,54.6,56.4,56414.3,99,45,1
8,1,42,JLI,4,144,193200,15.507,11.2,46.5,57.3,82.8,64485.6,99,45,1
8,1,42,JLI,4,145,193500,4.718,3.7,10.5,15.7,21.3,211969.2,99,45,1
8,1,42,JLI,4,146,193800,5.556,4.9,9.8,20.7,30.1,179974.8,99,45,1
8,1,42,JLI,4,147,194100,7.028,6.5,13.5,22.2,24.4,142281.2,99,45,1
8,1,42,JLI,4,148,194400,8.535,8.2,16.3,18.6,20.4,117160.1,99,45,1
8,1,42,JLI,4,149,194700,15.769,4.2,20.0,54.0,2775.6,63416.9,99,46,1
8,1,42,JLI,4,150,195000,10.66,4.9,12.0,20.9,1458.0,93811.6,100,46,1
8,1,42,JLI,4,151,195300,6.032,5.4,10.8,20.1,61.5,165791.7,100,46,1
8,1,42,JLI,4,152,195600,6.391,5.5,12.5,25.1,59.8,156470.1,100,46,1
8,1,42,JLI,4,153,195900,6.317,5.0,14.2,31.9,56.8,158294.6,100,46,1
8,1,42,JLI,4,154,196200,7.251,5.8,16.1,36.0,55.8,137918.4,100,46,1
8,1,42,JLI,4,155,196500,7.281,5.5,16.6,29.9,57.6,137343.8,100,46,1
8,1,42,JLI,4,156,196800,14.177,6.3,19.8,35.9,1840.0,70536.8,101,46,1
8,1,42,JLI,4,157,197100,8.506,6.4,20.4,27.0,68.5,117568.7,101,46,1
8,1,42,JLI,4,158,197400,9.32,7.7,22.1,32.0,58.4,107292.3,101,46,1
8,1,42,JLI,4,159,197700,10.11,7.4,27.6,38.0,54.4,98915.3,101,46,1
8,1,42,JLI,4,160,198000,9.999,7.4,27.4,33.2,48.1,100013.3,101,46,1
8,1,42,JLI,4,161,198300,20.047,8.7,29.9,55.8,2428.0,49881.9,102,46,1
8,1,42,JLI,4,162,198600,11.193,8.8,31.8,36.6,39.6,89344.2,102,46,1
8,1,42,JLI,4,163,198900,11.411,8.1,29.2,40.6,91.8,87632.2,102,46,1
8,1,42,JLI,4,164,199200,12.583,8.9,33.7,44.5,62.0,79470.2,102,46,1
8,1,42,JLI,4,165,199500,14.236,10.9,40.0,52.6,66.3,70242.8,102,46,1
8,1,42,JLI,4,166,199800,15.025,11.1,41.4,54.7,81.0,66555.7,102,46,1
8,1,42,JLI,4,167,200000,27.438,9.7,37.5,51.7,2692.7,36445.8,103,46,1
8,1,42,SkipList,4,1,150300,6.031,5.6,11.3,15.2,19.0,165800.8,0,0,0
8,1,42,SkipList,4,2,150600,4.873,4.6,8.4,10.2,12.1,205226.5,0,0,0
8,1,42,SkipList,4,3,150900,5.854,5.6,10.0,16.1,18.1,170823.4,0,0,0
8,1,42,SkipList,4,4,151200,4.932,4.7,8.7,11.0,12.6,202757.5,0,0,0
8,1,42,SkipList,4,5,151500,4.845,4.3,8.1,11.1,111.1,206398.4,0,0,0
8,1,42,SkipList,4,6,151800,4.402,4.1,7.7,9.9,14.0,227169.5,0,0,0
8,1,42,SkipList,4,7,152100,4.228,4.0,7.0,9.5,14.3,236537.1,0,0,0
8,1,42,SkipList,4,8,152400,3.991,3.8,6.5,8.3,10.4,250542.9,0,0,0
8,1,42,SkipList,4,9,152700,4.019,3.7,7.3,9.1,9.4,248797.4,0,0,0
8,1,42,SkipList,4,10,153000,4.104,3.7,6.7,8.1,80.1,243664.7,0,0,0
8,1,42,SkipList,4,11,153300,3.767,3.6,6.3,7.7,10.1,265439.8,0,0,0
8,1,42,SkipList,4,12,153600,3.733,3.6,6.1,8.1,9.1,267857.1,0,0,0
8,1,42,SkipList,4,13,153900,5.146,4.6,9.3,12.2,62.9,194313.1,0,0,0
8,1,42,SkipList,4,14,154200,5.848,5.2,10.2,15.6,99.5,171008.4,0,0,0
8,1,42,SkipList,4,15,154500,4.72,4.5,7.8,10.2,12.4,211849.4,0,0,0
8,1,42,SkipList,4,16,154800,4.368,4.1,7.3,9.8,12.3,228937.8,0,0,0
8,1,42,SkipList,4,17,155100,4.185,3.9,7.0,10.4,12.9,238948.6,0,0,0
8,1,42,SkipList,4,18,155400,4.317,4.0,6.9,8.9,67.0,231624.5,0,0,0
8,1,42,SkipList,4,19,155700,3.892,3.7,6.6,9.1,11.4,256937.3,0,0,0
8,1,42,SkipList,4,20,156000,3.799,3.7,6.0,7.5,9.2,263204.2,0,0,0
8,1,42,SkipList,4,21,156300,3.779,3.6,6.5,7.8,9.3,264643.6,0,0,0
8,1,42,SkipList,4,22,156600,3.694,3.6,6.0,8.4,9.7,270709.2,0,0,0
8,1,42,SkipList,4,23,156900,4.209,3.6,6.7,11.0,70.7,237605.0,0,0,0
8,1,42,SkipList,4,24,157200,4.959,4.6,8.6,13.0,20.9,201653.5,0,0,0
8,1,42,SkipList,4,25,157500,4.704,4.3,7.8,12.8,14.1,212570.0,0,0,0
8,1,42,SkipList,4,26,157800,4.19,4.0,7.0,8.7,11.5,238682.6,0,0,0
8,1,42,SkipList,4,27,158100,4.401,3.9,7.2,9.8,77.7,227203.9,0,0,0
8,1,42,SkipList,4,28,158400,4.055,3.8,6.7,9.0,15.1,246588.9,0,0,0
8,1,42,SkipList,4,29,158700,4.011,3.8,6.7,8.4,12.1,249293.6,0,0,0
8,1,42,SkipList,4,30,159000,3.787,3.6,6.1,8.9,9.9,264061.2,0,0,0
8,1,42,SkipList,4,31,159300,4.084,3.7,6.3,8.8,67.8,244838.1,0,0,0
8,1,42,SkipList,4,32,159600,3.711,3.6,5.9,7.7,9.5,269445.0,0,0,0
8,1,42,SkipList,4,33,159900,3.67,3.5,6.3,8.0,9.6,272504.4,0,0,0
8,1,42,SkipList,4,34,160200,3.799,3.6,6.7,7.7,15.3,263227.2,0,0,0
8,1,42,SkipList,4,35,160500,4.673,4.2,9.2,13.3,13.9,213995.3,0,0,0
8,1,42,SkipList,4,36,160800,4.71,4.2,7.7,10.2,103.2,212314.1,0,0,0
8,1,42,SkipList,4,37,161100,4.326,4.1,7.0,9.4,13.4,231178.3,0,0,0
8,1,42,SkipList,4,38,161400,4.37,4.1,7.4,8.7,10.2,228833.0,0,0,0
8,1,42,SkipList,4,39,161700,4.008,3.8,6.4,9.4,11.4,249480.2,0,0,0
8,1,42,SkipList,4,40,162000,3.915,3.8,6.4,8.3,10.1,255427.8,0,0,0
8,1,42,SkipList,4,41,162300,8.688,3.9,6.1,8.8,1404.9,115105.7,0,0,0
8,1,42,SkipList,4,42,162600,3.863,3.6,6.3,8.3,11.4,258888.5,0,0,0
8,1,42,SkipList,4,43,162900,3.697,3.4,5.9,7.4,12.2,270513.9,0,0,0
8,1,42,SkipList,4,44,163200,3.847,3.5,6.4,9.3,46.2,259920.3,0,0,0
8,1,42,SkipList,4,45,163500,6.17,5.3,10.8,16.1,117.8,162074.6,0,0,0
8,1,42,SkipList,4,46,163800,4.853,4.6,8.4,9.6,11.8,206058.1,0,0,0
8,1,42,SkipList,4,47,164100,4.463,4.3,7.4,9.1,15.0,224064.6,0,0,0
8,1,42,SkipList,4,48,164400,4.325,4.2,7.1,8.6,9.5,231213.9,0,0,0
8,1,42,SkipList,4,49,164700,4.72,4.1,8.0,10.7,74.7,211849.4,0,0,0
8,1,42,SkipList,4,50,165000,4.151,3.9,6.8,10.1,12.5,240905.7,0,0,0
8,1,42,SkipList,4,51,165300,4.154,3.8,6.9,10.4,12.6,240751.0,0,0,0
8,1,42,SkipList,4,52,165600,4.011,4.0,6.5,9.0,11.5,249293.7,0,0,0
8,1,42,SkipList,4,53,165900,3.88,3.7,6.2,7.8,11.2,257731.9,0,0,0
8,1,42,SkipList,4,54,166200,3.991,3.6,6.4,9.3,72.9,250542.9,0,0,0
8,1,42,SkipList,4,55,166500,4.59,4.2,7.8,12.3,42.2,217880.8,0,0,0
8,1,42,SkipList,4,56,166800,4.798,4.5,8.4,10.8,13.2,208434.7,0,0,0
8,1,42,SkipList,4,57,167100,4.417,4.2,7.6,9.9,14.4,226398.0,0,0,0
8,1,42,SkipList,4,58,167400,4.367,4.1,7.5,9.6,11.0,229007.7,0,0,0
8,1,42,SkipList,4,59,167700,4.227,3.9,7.0,8.5,12.1,236574.4,0,0,0
8,1,42,SkipList,4,60,168000,4.099,3.9,6.7,8.7,12.0,243961.9,0,0,0
8,1,42,SkipList,4,61,168300,3.897,3.7,6.3,7.9,9.2,256585.6,0,0,0
8,1,42,SkipList,4,62,168600,4.078,3.8,6.6,9.3,32.4,245218.2,0,0,0
8,1,42,SkipList,4,63,168900,4.127,3.7,7.1,9.2,60.8,242287.3,0,0,0
8,1,42,SkipList,4,64,169200,3.812,3.6,6.4,8.5,9.6,262329.5,0,0,0
8,1,42,SkipList,4,65,169500,3.837,3.7,6.0,8.5,9.2,260642.9,0,0,0
8,1,42,SkipList,4,66,169800,3.811,3.7,6.4,8.8,9.1,262398.2,0,0,0
8,1,42,SkipList,4,67,170100,4.702,4.4,8.0,14.0,14.6,212660.3,0,0,0
8,1,42,SkipList,4,68,170400,4.971,4.4,7.8,10.8,100.4,201166.8,0,0,0
8,1,42,SkipList,4,69,170700,4.197,3.9,7.4,8.9,9.9,238265.5,0,0,0
8,1,42,SkipList,4,70,171000,4.147,4.1,6.6,10.3,12.2,241157.6,0,0,0
8,1,42,SkipList,4,71,171300,4.057,3.7,6.9,10.6,11.8,246487.6,0,0,0
8,1,42,SkipList,4,72,171600,3.974,3.7,6.8,8.9,9.9,251614.6,0,0,0
8,1,42,SkipList,4,73,171900,4.031,3.7,6.2,9.4,66.8,248056.9,0,0,0
8,1,42,SkipList,4,74,172200,3.82,3.7,6.2,9.3,11.7,261803.0,0,0,0
8,1,42,SkipList,4,75,172500,3.755,3.6,5.9,7.3,9.7,266311.7,0,0,0
8,1,42,SkipList,4,76,172800,3.666,3.5,6.0,7.9,8.6,272777.0,0,0,0
8,1,42,SkipList,4,77,173100,4.488,4.1,7.7,13.4,14.6,222816.4,0,0,0
8,1,42,SkipList,4,78,173400,4.952,4.3,8.2,14.4,108.5,201938.7,0,0,0
8,1,42,SkipList,4,79,173700,4.566,4.3,8.0,9.7,11.4,219026.0,0,0,0
8,1,42,SkipList,4,80,174000,4.204,3.9,7.5,10.3,11.0,237868.6,0,0,0
8,1,42,SkipList,4,81,174300,4.038,3.8,6.8,8.7,9.4,247626.9,0,0,0
8,1,42,SkipList,4,82,174600,3.921,3.7,6.4,8.6,9.2,255036.9,0,0,0
8,1,42,SkipList,4,83,174900,4.228,3.8,6.9,10.8,62.4,236499.8,0,0,0
8,1,42,SkipList,4,84,175200,3.983,3.8,6.4,7.7,12.1,251088.0,0,0,0
8,1,42,SkipList,4,85,175500,3.723,3.5,5.9,6.5,7.1,268624.7,0,0,0
8,1,42,SkipList,4,86,175800,3.683,3.6,5.8,8.0,10.6,271493.2,0,0,0
8,1,42,SkipList,4,87,176100,3.964,3.7,6.1,9.4,56.5,252249.1,0,0,0
8,1,42,SkipList,4,88,176400,4.452,3.9,8.3,12.2,29.0,224601.3,0,0,0
8,1,42,SkipList,4,89,176700,4.976,4.5,9.0,14.8,15.4,200964.6,0,0,0
8,1,42,SkipList,4,90,177000,4.563,4.4,7.4,9.9,18.1,219138.1,0,0,0
8,1,42,SkipList,4,91,177300,4.273,4.1,7.0,9.9,12.4,234009.4,0,0,0
8,1,42,SkipList,4,92,177600,4.402,3.9,7.0,9.2,71.7,227152.2,0,0,0
8,1,42,SkipList,4,93,177900,3.877,3.6,6.4,8.6,9.2,257953.5,0,0,0
8,1,42,SkipList,4,94,178200,3.795,3.7,6.0,7.7,10.3,263504.7,0,0,0
8,1,42,SkipList,4,95,178500,3.836,3.7,6.3,10.4,10.9,260710.9,0,0,0
8,1,42,SkipList,4,96,178800,3.932,3.8,6.7,8.8,9.5,254323.4,0,0,0
8,1,42,SkipList,4,97,179100,7.521,3.6,6.1,10.1,1122.2,132966.9,0,0,0
8,1,42,SkipList,4,98,179400,3.976,3.7,6.3,8.4,35.8,251509.1,0,0,0
8,1,42,SkipList,4,99,179700,4.91,4.4,9.6,14.5,16.4,203679.8,0,0,0
8,1,42,SkipList,4,100,180000,4.549,4.2,8.1,10.0,11.4,219828.5,0,0,0
8,1,42,SkipList,4,101,180300,4.322,3.9,7.1,8.8,63.2,231392.3,0,0,0
8,1,42,SkipList,4,102,180600,3.948,3.7,6.3,7.7,11.7,253292.7,0,0,0
8,1,42,SkipList,4,103,180900,4.012,3.8,6.2,9.1,11.0,249272.9,0,0,0
8,1,42,SkipList,4,104,181200,3.973,3.8,6.4,8.0,8.8,251720.0,0,0,0
8,1,42,SkipList,4,105,181500,3.882,3.8,6.0,7.8,10.4,257577.0,0,0,0
8,1,42,SkipList,4,106,181800,4.031,3.6,6.7,9.1,64.4,248056.8,0,0,0
8,1,42,SkipList,4,107,182100,3.735,3.6,6.2,7.0,7.9,267737.6,0,0,0
8,1,42,SkipList,4,108,182400,3.851,3.7,6.3,7.8,11.1,259672.7,0,0,0
8,1,42,SkipList,4,109,182700,3.709,3.6,5.8,8.3,10.6,269614.5,0,0,0
8,1,42,SkipList,4,110,183000,4.925,4.3,9.0,15.8,28.1,203045.7,0,0,0
8,1,42,SkipList,4,111,183300,5.056,4.4,8.8,14.4,83.8,197797.8,0,0,0
8,1,42,SkipList,4,112,183600,4.362,4.1,7.1,9.7,12.5,229252.6,0,0,0
8,1,42,SkipList,4,113,183900,4.285,4.0,7.1,8.9,11.0,233390.5,0,0,0
8,1,42,SkipList,4,114,184200,4.067,3.8,6.8,9.7,12.7,245861.3,0,0,0
8,1,42,SkipList,4,115,184500,4.051,3.8,6.5,8.9,11.4,246832.3,0,0,0
8,1,42,SkipList,4,116,184800,4.219,3.9,7.1,8.5,69.7,237004.2,0,0,0
8,1,42,SkipList,4,117,185100,3.993,3.8,6.4,8.7,11.9,250438.2,0,0,0
8,1,42,SkipList,4,118,185400,3.878,3.6,6.4,8.5,12.9,257864.9,0,0,0
8,1,42,SkipList,4,119,185700,3.792,3.7,5.9,7.0,7.5,263689.8,0,0,0
8,1,42,SkipList,4,120,186000,4.003,3.7,6.8,8.6,12.7,249791.8,0,0,0
8,1,42,SkipList,4,121,186300,5.23,4.5,9.8,14.1,83.0,191204.6,0,0,0
8,1,42,SkipList,4,122,186600,4.74,4.4,9.1,11.0,12.6,210985.3,0,0,0
8,1,42,SkipList,4,123,186900,4.383,4.1,7.4,8.9,11.4,228171.6,0,0,0
8,1,42,SkipList,4,124,187200,4.174,4.0,6.8,9.5,11.6,239559.1,0,0,0
8,1,42,SkipList,4,125,187500,4.267,4.0,7.1,9.5,32.0,234375.0,0,0,0
8,1,42,SkipList,4,126,187800,4.329,3.9,6.9,9.7,67.3,231000.3,0,0,0
8,1,42,SkipList,4,127,188100,4.093,3.8,7.0,10.7,14.3,244339.5,0,0,0
8,1,42,SkipList,4,128,188400,3.85,3.9,6.3,8.7,9.6,259740.3,0,0,0
8,1,42,SkipList,4,129,188700,3.702,3.6,5.7,7.0,8.1,270148.7,0,0,0
8,1,42,SkipList,4,130,189000,4.063,3.7,7.0,9.0,59.9,246123.6,0,0,0
8,1,42,SkipList,4,131,189300,3.964,3.7,6.3,9.3,23.5,252249.2,0,0,0
8,1,42,SkipList,4,132,189600,5.152,4.6,9.7,13.6,27.8,194099.3,0,0,0
8,1,42,SkipList,4,133,189900,4.689,4.4,8.0,10.2,14.2,213249.9,0,0,0
8,1,42,SkipList,4,134,190200,4.434,4.1,7.6,9.1,12.9,225529.8,0,0,0
8,1,42,SkipList,4,135,190500,4.584,4.2,7.0,10.7,72.5,218150.1,0,0,0
8,1,42,SkipList,4,136,190800,4.3,4.1,7.2,10.3,11.7,232576.3,0,0,0
8,1,42,SkipList,4,137,191100,4.148,3.9,7.1,8.8,9.3,241060.7,0,0,0
8,1,42,SkipList,4,138,191400,3.979,3.8,6.7,8.1,9.0,251319.5,0,0,0
8,1,42,SkipList,4,139,191700,4.041,3.8,6.5,9.4,11.1,247443.1,0,0,0
8,1,42,SkipList,4,140,192000,3.997,3.6,6.4,8.1,66.0,250208.5,0,0,0
8,1,42,SkipList,4,141,192300,3.739,3.6,6.0,7.2,9.3,267475.1,0,0,0
8,1,42,SkipList,4,142,192600,4.423,4.1,7.5,11.5,29.2,226108.0,0,0,0
8,1,42,SkipList,4,143,192900,4.812,4.5,8.5,10.0,14.3,207799.4,0,0,0
8,1,42,SkipList,4,144,193200,4.215,4.1,6.8,8.6,13.4,237229.1,0,0,0
8,1,42,SkipList,4,145,193500,4.288,3.9,6.9,10.8,69.6,233227.1,0,0,0
8,1,42,SkipList,4,146,193800,4.05,3.8,6.9,8.9,11.8,246934.0,0,0,0
8,1,42,SkipList,4,147,194100,3.957,3.8,6.5,8.3,10.8,252716.7,0,0,0
8,1,42,SkipList,4,148,194400,3.957,3.7,6.5,8.8,11.4,252716.6,0,0,0
8,1,42,SkipList,4,149,194700,4.192,3.7,6.9,10.3,62.7,238568.7,0,0,0
8,1,42,SkipList,4,150,195000,3.789,3.6,6.6,8.4,9.9,263921.7,0,0,0
8,1,42,SkipList,4,151,195300,3.784,3.7,6.3,7.4,11.8,264247.2,0,0,0
8,1,42,SkipList,4,152,195600,3.809,3.6,6.4,8.2,11.9,262536.1,0,0,0
8,1,42,SkipList,4,153,195900,4.236,3.9,7.4,11.7,34.6,236071.7,0,0,0
8,1,42,SkipList,4,154,196200,8.932,4.6,8.6,14.8,1233.4,111952.8,0,0,0
8,1,42,SkipList,4,155,196500,4.26,4.1,6.7,9.5,13.8,234741.8,0,0,0
8,1,42,SkipList,4,156,196800,4.202,4.1,7.2,8.4,10.1,238000.8,0,0,0
8,1,42,SkipList,4,157,197100,3.972,3.8,6.5,7.9,9.5,251741.2,0,0,0
8,1,42,SkipList,4,158,197400,4.035,3.8,6.4,8.2,9.7,247852.1,0,0,0
8,1,42,SkipList,4,159,197700,4.121,3.8,6.5,8.3,64.4,242639.9,0,0,0
8,1,42,SkipList,4,160,198000,3.814,3.6,6.2,8.5,11.5,262191.9,0,0,0
8,1,42,SkipList,4,161,198300,3.718,3.5,6.0,7.7,8.4,268937.7,0,0,0
8,1,42,SkipList,4,162,198600,3.784,3.6,6.0,8.3,9.9,264247.3,0,0,0
8,1,42,SkipList,4,163,198900,4.582,4.0,7.5,13.1,86.7,218261.2,0,0,0
8,1,42,SkipList,4,164,199200,4.933,4.6,8.8,11.1,13.1,202702.8,0,0,0
8,1,42,SkipList,4,165,199500,4.489,4.4,7.2,9.3,11.0,222750.1,0,0,0
8,1,42,SkipList,4,166,199800,4.397,4.2,7.0,8.5,10.2,227410.5,0,0,0
8,1,42,SkipList,4,167,200000,4.224,4.1,6.9,7.9,8.4,236770.4,0,0,0
8,1,42,JLI,5,1,200300,18.658,12.9,47.2,95.9,138.8,53596.3,103,46,1
8,1,42,JLI,5,2,200600,24.285,8.7,36.2,55.6,3370.5,41178.2,103,47,1
8,1,42,JLI,5,3,200900,5.535,4.9,7.5,49.6,51.9,180657.6,103,47,1
8,1,42,JLI,5,4,201200,7.403,6.4,12.3,39.4,71.9,135080.4,103,47,1
8,1,42,JLI,5,5,201500,8.342,7.4,15.7,31.8,58.5,119880.1,103,47,1
8,1,42,JLI,5,6,201800,13.981,5.2,12.2,31.8,2369.8,71525.6,105,47,1
8,1,42,JLI,5,7,202100,6.21,5.7,10.2,31.5,59.6,161030.6,105,47,1
8,1,42,JLI,5,8,202400,6.862,6.1,11.3,33.1,66.2,145723.0,105,47,1
8,1,42,JLI,5,9,202700,6.789,6.3,12.0,14.8,34.1,147289.9,105,47,1
8,1,42,JLI,5,10,203000,8.079,7.4,15.5,20.7,26.0,123777.7,105,47,1
8,1,42,JLI,5,11,203300,8.484,7.7,14.6,34.7,49.6,117868.9,105,47,1
8,1,42,JLI,5,12,203600,17.601,9.1,18.8,39.1,2313.2,56816.0,106,47,1
8,1,42,JLI,5,13,203900,9.781,9.0,17.8,31.7,57.2,102235.6,106,47,1
8,1,42,JLI,5,14,204200,5.682,3.2,16.2,57.5,59.3,175984.1,106,47,1
8,1,42,JLI,5,15,204500,5.46,4.5,8.3,58.1,67.6,183150.2,106,47,1
8,1,42,JLI,5,16,204800,5.949,5.5,11.9,13.4,14.4,168086.1,106,47,1
8,1,42,JLI,5,17,205100,14.533,6.4,15.5,52.5,2144.1,68808.9,107,47,1
8,1,42,JLI,5,18,205400,8.142,7.5,17.4,19.3,21.3,122814.9,107,47,1
8,1,42,JLI,5,19,205700,10.106,9.4,22.0,26.0,63.2,98954.4,107,47,1
8,1,42,JLI,5,20,206000,11.873,10.3,26.7,31.1,37.0,84227.1,107,47,1
8,1,42,JLI,5,21,206300,12.309,11.2,30.1,36.1,79.4,81243.6,107,47,1
8,1,42,JLI,5,22,206600,14.371,14.5,30.5,37.1,38.2,69586.2,107,47,1
8,1,42,JLI,5,23,206900,18.86,5.9,32.6,55.0,2395.5,53023.2,107,48,1
8,1,42,JLI,5,24,207200,8.829,5.5,27.6,57.7,87.4,113267.4,107,48,1
8,1,42,JLI,5,25,207500,14.223,5.6,19.4,28.8,1975.3,70308.7,108,48,1
8,1,42,JLI,5,26,207800,5.944,4.5,15.9,27.9,36.9,168236.8,108,48,1
8,1,42,JLI,5,27,208100,5.068,3.8,11.1,16.8,60.1,197316.5,108,48,1
8,1,42,JLI,5,28,208400,5.421,4.4,10.3,19.5,56.7,184479.1,108,48,1
8,1,42,JLI,5,29,208700,5.946,5.1,12.1,18.3,24.9,168189.7,108,48,1
8,1,42,JLI,5,30,209000,6.291,5.7,11.3,16.9,58.3,158948.8,108,48,1
8,1,42,JLI,5,31,209300,14.676,6.9,17.6,45.1,1927.0,68138.5,109,48,1
8,1,42,JLI,5,32,209600,7.29,6.8,14.3,16.8,24.3,137174.2,109,48,1
8,1,42,JLI,5,33,209900,7.746,6.8,16.2,18.0,18.6,129104.5,109,48,1
8,1,42,JLI,5,34,210200,8.442,7.5,18.4,20.4,21.3,118450.7,109,48,1
8,1,42,JLI,5,35,210500,8.889,7.9,18.7,22.6,28.6,112498.6,109,48,1
8,1,42,JLI,5,36,210800,17.786,8.8,22.8,36.5,2242.6,56222.9,110,48,1
8,1,42,JLI,5,37,211100,10.783,9.6,24.0,27.1,33.5,92735.7,110,48,1
8,1,42,JLI,5,38,211400,11.554,9.3,25.4,32.2,57.3,86547.6,110,48,1
8,1,42,JLI,5,39,211700,11.029,9.3,24.6,33.4,54.4,90672.8,110,48,1
8,1,42,JLI,5,40,212000,14.22,12.7,31.7,41.0,43.4,70325.1,110,48,1
8,1,42,JLI,5,41,212300,12.693,11.7,29.5,34.9,35.8,78781.5,110,48,1
8,1,42,JLI,5,42,212600,24.252,9.8,33.9,56.8,3180.3,41234.3,110,49,1
8,1,42,JLI,5,43,212900,14.607,9.5,42.4,65.3,96.6,68458.8,110,49,1
8,1,42,JLI,5,44,213200,21.622,6.9,34.1,55.9,3171.7,46249.2,112,49,1
8,1,42,JLI,5,45,213500,10.508,7.1,28.2,41.4,43.0,95165.6,112,49,1
8,1,42,JLI,5,46,213800,9.633,6.4,25.3,31.8,37.1,103813.4,112,49,1
8,1,42,JLI,5,47,214100,11.039,6.8,31.2,61.2,98.4,90585.2,112,49,1
8,1,42,JLI,5,48,214400,12.848,7.4,37.7,58.3,66.5,77831.1,112,49,1
8,1,42,JLI,5,49,214700,9.842,6.6,23.0,36.6,59.8,101605.4,112,49,1
8,1,42,JLI,5,50,215000,21.01,7.4,26.5,104.9,2617.8,47596.4,113,49,1
8,1,42,JLI,5,51,215300,10.674,7.1,27.9,42.0,45.0,93688.5,113,49,1
8,1,42,JLI,5,52,215600,9.862,6.9,24.1,28.5,30.9,101395.9,113,49,1
8,1,42,JLI,5,53,215900,9.708,6.9,23.1,27.3,84.9,103011.4,113,49,1
8,1,42,JLI,5,54,216200,9.111,7.0,22.7,29.3,30.1,109753.4,113,49,1
8,1,42,JLI,5,55,216500,21.925,7.3,24.2,65.3,3085.5,45610.7,115,49,1
8,1,42,JLI,5,56,216800,9.184,6.6,22.5,26.7,55.4,108881.0,115,49,1
8,1,42,JLI,5,57,217100,8.124,6.3,21.2,44.9,73.1,123097.1,115,49,1
8,1,42,JLI,5,58,217400,5.047,3.7,13.7,17.8,20.0,198124.5,115,49,1
8,1,42,JLI,5,59,217700,5.33,4.5,12.5,19.2,21.3,187605.5,115,49,1
8,1,42,JLI,5,60,218000,6.872,5.4,15.5,33.3,137.7,145525.1,115,49,1
8,1,42,JLI,5,61,218300,19.686,6.6,24.5,45.4,3361.5,50798.4,116,49,1
8,1,42,JLI,5,62,218600,19.885,6.7,13.0,33.7,3780.0,50290.0,116,50,1
8,1,42,JLI,5,63,218900,13.736,8.3,39.6,53.7,65.7,72803.2,116,50,1
8,1,42,JLI,5,64,219200,11.54,7.5,30.5,50.3,75.0,86652.6,116,50,1
8,1,42,JLI,5,65,219500,4.619,3.4,10.7,33.9,35.1,216512.7,116,50,1
8,1,42,JLI,5,66,219800,14.438,4.5,10.3,55.3,2693.9,69261.7,118,50,1
8,1,42,JLI,5,67,220100,5.776,5.1,11.2,19.4,65.5,173130.2,118,50,1
8,1,42,JLI,5,68,220400,6.852,6.3,13.7,15.1,56.7,145935.7,118,50,1
8,1,42,JLI,5,69,220700,7.928,6.7,16.1,29.3,93.8,126140.5,118,50,1
8,1,42,JLI,5,70,221000,9.302,8.3,19.8,24.2,25.0,107503.8,118,50,1
8,1,42,JLI,5,71,221300,10.379,8.7,23.1,30.1,96.3,96351.5,118,50,1
8,1,42,JLI,5,72,221600,16.677,4.7,24.2,37.3,2851.0,59962.8,120,50,1
8,1,42,JLI,5,73,221900,4.277,3.5,9.6,13.3,13.5,233808.8,120,50,1
8,1,42,JLI,5,74,222200,5.417,4.7,9.0,13.4,68.0,184592.7,120,50,1
8,1,42,JLI,5,75,222500,6.875,6.5,13.3,15.8,17.1,145454.6,120,50,1
8,1,42,JLI,5,76,222800,7.903,7.3,14.9,20.4,83.4,126539.6,120,50,1
8,1,42,JLI,5,77,223100,16.461,7.5,17.0,20.0,2443.0,60749.6,122,50,1
8,1,42,JLI,5,78,223400,9.545,8.3,21.2,24.9,67.2,104770.6,122,50,1
8,1,42,JLI,5,79,223700,13.538,9.7,24.3,34.0,749.3,73868.0,122,50,1
8,1,42,JLI,5,80,224000,13.675,11.4,31.1,50.6,88.1,73127.9,122,50,1
8,1,42,JLI,5,81,224300,11.933,11.0,26.6,31.4,35.1,83798.9,122,50,1
8,1,42,JLI,5,82,224600,14.06,12.2,33.5,36.2,38.0,71125.4,122,50,1
8,1,42,JLI,5,83,224900,26.889,5.6,42.9,65.3,2583.7,37189.5,124,51,1
8,1,42,JLI,5,84,225200,4.993,3.5,16.4,27.4,58.9,200267.1,124,51,1
8,1,42,JLI,5,85,225500,4.468,3.7,8.2,22.5,65.1,223830.5,124,51,1
8,1,42,JLI,5,86,225800,5.527,4.6,9.4,19.2,63.1,180919.1,124,51,1
8,1,42,JLI,5,87,226100,5.594,5.0,10.3,15.5,60.0,178763.0,124,51,1
8,1,42,JLI,5,88,226400,11.656,5.7,12.1,15.8,1607.0,85795.2,126,51,1
8,1,42,JLI,5,89,226700,6.763,6.1,13.5,15.8,20.9,147863.4,126,51,1
8,1,42,JLI,5,90,227000,7.536,6.9,14.5,17.6,90.3,132696.4,126,51,1
8,1,42,JLI,5,91,227300,8.062,7.3,17.1,20.3,63.9,124043.8,126,51,1
8,1,42,JLI,5,92,227600,8.736,8.0,18.4,21.0,21.7,114464.5,126,51,1
8,1,42,JLI,5,93,227900,9.273,8.8,19.9,23.2,28.1,107843.8,126,51,1
8,1,42,JLI,5,94,228200,18.934,10.5,22.8,50.6,2346.5,52814.1,128,51,1
8,1,42,JLI,5,95,228500,11.691,10.9,25.5,30.7,32.8,85535.9,128,51,1
8,1,42,JLI,5,96,228800,11.399,10.1,26.2,30.0,32.6,87729.6,128,51,1
8,1,42,JLI,5,97,229100,12.603,11.5,28.0,34.0,36.3,79348.3,128,51,1
8,1,42,JLI,5,98,229400,13.85,13.2,29.2,35.2,42.5,72203.9,128,51,1
8,1,42,JLI,5,99,229700,13.501,11.2,31.1,37.6,38.4,74068.6,128,51,1
8,1,42,JLI,5,100,230000,24.824,12.5,33.0,69.0,3085.4,40284.1,130,51,1
8,1,42,JLI,5,101,230300,16.483,13.8,38.6,63.3,90.3,60667.3,130,51,1
8,1,42,JLI,5,102,230600,15.371,14.0,34.2,45.1,52.6,65057.6,130,51,1
8,1,42,JLI,5,103,230900,25.788,13.8,42.9,59.7,2713.2,38778.2,130,52,1
8,1,42,JLI,5,104,231200,11.011,6.0,35.4,59.5,74.6,90815.5,130,52,1
8,1,42,JLI,5,105,231500,17.792,5.4,28.0,70.1,2679.6,56204.0,133,52,1
8,1,42,JLI,5,106,231800,7.613,5.1,21.5,32.0,60.4,131360.0,133,52,1
8,1,42,JLI,5,107,232100,5.558,4.6,12.2,56.1,62.6,179931.6,133,52,1
8,1,42,JLI,5,108,232400,5.095,4.2,8.7,22.0,60.6,196258.0,133,52,1
8,1,42,JLI,5,109,232700,6.109,5.2,12.2,56.0,62.8,163692.9,133,52,1
8,1,42,JLI,5,110,233000,8.289,6.4,19.4,59.6,95.7,120646.6,133,52,1
8,1,42,JLI,5,111,233300,15.832,6.0,16.1,58.4,2601.5,63163.2,135,52,1
8,1,42,JLI,5,112,233600,7.367,6.5,15.1,20.6,60.9,135734.3,135,52,1
8,1,42,JLI,5,113,233900,7.427,6.7,14.6,19.3,22.9,134649.9,135,52,1
8,1,42,JLI,5,114,234200,8.028,7.1,16.2,20.9,67.4,124558.8,135,52,1
8,1,42,JLI,5,115,234500,6.652,3.9,18.9,24.1,68.1,150338.3,135,52,1
8,1,42,JLI,5,116,234800,15.885,5.2,21.7,29.3,2473.3,62953.8,137,52,1
8,1,42,JLI,5,117,235100,6.933,4.6,15.6,26.1,26.7,144244.6,137,52,1
8,1,42,JLI,5,118,235400,7.915,5.5,19.1,28.8,72.5,126347.7,137,52,1
8,1,42,JLI,5,119,235700,9.067,6.7,24.3,31.8,55.2,110290.0,137,52,1
8,1,42,JLI,5,120,236000,9.489,7.6,21.8,32.1,35.1,105381.5,137,52,1
8,1,42,JLI,5,121,236300,10.989,8.0,27.4,40.9,90.7,91000.1,137,52,1
8,1,42,JLI,5,122,236600,11.221,9.5,28.5,37.4,37.8,89121.3,137,52,1
8,1,42,JLI,5,123,236900,22.749,7.1,32.4,73.6,3554.0,43958.0,137,53,1
8,1,42,JLI,5,124,237200,17.438,4.9,25.5,35.5,2895.4,57347.1,139,53,1
8,1,42,JLI,5,125,237500,8.194,5.6,24.8,31.6,39.1,122040.5,139,53,1
8,1,42,JLI,5,126,237800,7.372,5.7,20.9,27.9,41.7,135648.4,139,53,1
8,1,42,JLI,5,127,238100,7.471,5.9,18.2,28.5,83.9,133844.9,139,53,1
8,1,42,JLI,5,128,238400,8.271,6.7,20.6,28.5,31.9,120909.2,139,53,1
8,1,42,JLI,5,129,238700,8.291,6.9,18.7,24.3,29.5,120607.9,139,53,1
8,1,42,JLI,5,130,239000,19.543,7.9,22.8,34.1,2939.9,51169.2,141,53,1
8,1,42,JLI,5,131,239300,9.046,7.6,19.0,25.2,26.2,110542.0,141,53,1
8,1,42,JLI,5,132,239600,8.627,7.3,20.6,25.7,30.1,115910.7,141,53,1
8,1,42,JLI,5,133,239900,7.93,6.1,18.7,24.7,29.4,126103.4,141,53,1
8,1,42,JLI,5,134,240200,8.879,6.6,22.6,26.9,42.8,112629.5,141,53,1
8,1,42,JLI,5,135,240500,18.562,7.0,21.8,30.9,2773.2,53872.5,143,53,1
8,1,42,JLI,5,136,240800,9.892,7.6,23.7,30.7,31.7,101095.2,143,53,1
8,1,42,JLI,5,137,241100,11.947,10.0,28.4,33.4,36.1,83705.4,143,53,1
8,1,42,JLI,5,138,241400,12.996,10.0,32.1,42.9,80.9,76946.8,143,53,1
8,1,42,JLI,5,139,241700,11.461,8.9,27.0,35.9,40.6,87252.4,143,53,1
8,1,42,JLI,5,140,242000,13.462,10.6,28.5,42.4,111.5,74281.3,143,53,1
8,1,42,JLI,5,141,242300,22.689,10.3,35.9,46.5,2829.5,44074.9,145,53,1
8,1,42,JLI,5,142,242600,14.509,11.3,37.7,46.8,80.3,68924.3,145,53,1
8,1,42,JLI,5,143,242900,20.882,6.7,31.2,59.5,2897.6,47888.9,145,54,1
8,1,42,JLI,5,144,243200,6.632,4.9,17.5,31.4,64.6,150791.6,145,54,1
8,1,42,JLI,5,145,243500,7.081,5.7,15.6,30.6,62.2,141229.6,145,54,1
8,1,42,JLI,5,146,243800,6.185,5.3,13.1,21.9,74.1,161690.3,145,54,1
8,1,42,JLI,5,147,244100,16.173,5.8,14.6,58.5,2790.9,61831.5,147,54,1
8,1,42,JLI,5,148,244400,6.475,5.3,15.4,17.7,18.1,154440.1,147,54,1
8,1,42,JLI,5,149,244700,7.723,6.9,16.9,19.5,20.6,129483.3,147,54,1
8,1,42,JLI,5,150,245000,9.128,7.6,21.1,24.5,70.3,109557.0,147,54,1
8,1,42,JLI,5,151,245300,8.973,7.7,20.8,27.3,45.5,111445.4,147,54,1
8,1,42,JLI,5,152,245600,20.688,8.4,20.9,29.3,3225.6,48336.4,149,54,1
8,1,42,JLI,5,153,245900,10.463,8.4,25.8,32.4,96.3,95574.9,149,54,1
8,1,42,JLI,5,154,246200,10.451,8.1,26.8,31.9,40.3,95681.6,149,54,1
8,1,42,JLI,5,155,246500,11.934,9.4,31.4,39.9,44.3,83794.2,149,54,1
8,1,42,JLI,5,156,246800,12.643,10.3,31.6,41.3,42.5,79093.1,149,54,1
8,1,42,JLI,5,157,247100,14.141,10.7,37.3,43.3,59.3,70718.0,149,54,1
8,1,42,JLI,5,158,247400,25.974,13.0,43.5,60.9,2984.6,38500.5,151,54,1
8,1,42,JLI,5,159,247700,13.791,10.5,30.5,45.4,99.6,72512.8,151,54,1
8,1,42,JLI,5,160,248000,13.824,10.1,35.4,50.5,52.3,72339.7,151,54,1
8,1,42,JLI,5,161,248300,15.562,10.6,48.5,54.8,57.2,64259.1,151,54,1
8,1,42,JLI,5,162,248600,16.999,12.3,51.1,63.6,86.0,58825.8,151,54,1
8,1,42,JLI,5,163,248900,16.822,12.2,45.9,60.3,64.6,59447.1,151,54,1
8,1,42,JLI,5,164,249200,25.936,8.2,45.6,59.4,3636.7,38556.4,151,55,1
8,1,42,JLI,5,165,249500,6.028,4.2,19.5,28.3,37.0,165901.7,151,55,1
8,1,42,JLI,5,166,249800,5.84,4.7,16.2,27.7,34.4,171232.8,151,55,1
8,1,42,JLI,5,167,250000,20.174,5.8,20.1,26.2,2634.9,49570.0,152,55,1
8,1,42,SkipList,5,1,200300,6.145,5.7,10.6,16.5,19.7,162742.8,0,0,0
8,1,42,SkipList,5,2,200600,5.093,4.7,8.7,11.1,11.8,196347.9,0,0,0
8,1,42,SkipList,5,3,200900,8.397,4.6,8.1,10.7,1043.3,119094.9,0,0,0
8,1,42,SkipList,5,4,201200,5.628,5.0,10.6,17.3,21.7,177693.5,0,0,0
8,1,42,SkipList,5,5,201500,5.545,5.3,9.9,12.4,15.2,180342.6,0,0,0
8,1,42,SkipList,5,6,201800,5.04,4.8,8.6,10.6,12.0,198425.8,0,0,0
8,1,42,SkipList,5,7,202100,4.721,4.6,7.7,8.5,9.9,211819.5,0,0,0
8,1,42,SkipList,5,8,202400,4.437,4.2,7.5,9.4,12.3,225394.4,0,0,0
8,1,42,SkipList,5,9,202700,4.422,4.2,7.9,8.7,9.0,226142.0,0,0,0
8,1,42,SkipList,5,10,203000,4.344,4.0,7.0,8.8,10.4,230184.9,0,0,0
8,1,42,SkipList,5,11,203300,4.186,4.1,6.9,8.4,10.4,238891.5,0,0,0
8,1,42,SkipList,5,12,203600,4.509,4.3,7.5,11.9,13.1,221778.7,0,0,0
8,1,42,SkipList,5,13,203900,4.151,4.1,6.5,8.1,9.3,240925.1,0,0,0
8,1,42,SkipList,5,14,204200,5.458,4.7,8.7,16.9,108.0,183217.3,0,0,0
8,1,42,SkipList,5,15,204500,5.202,4.9,8.6,10.9,12.6,192221.5,0,0,0
8,1,42,SkipList,5,16,204800,5.437,5.2,8.9,13.2,16.0,183936.2,0,0,0
8,1,42,SkipList,5,17,205100,4.744,4.5,7.9,10.3,12.3,210807.5,0,0,0
8,1,42,SkipList,5,18,205400,4.62,4.4,7.9,11.6,12.1,216450.2,0,0,0
8,1,42,SkipList,5,19,205700,4.83,4.4,7.6,11.5,87.3,207039.3,0,0,0
8,1,42,SkipList,5,20,206000,4.318,4.2,6.9,9.4,12.2,231570.8,0,0,0
8,1,42,SkipList,5,21,206300,4.422,4.3,7.0,9.0,10.0,226159.1,0,0,0
8,1,42,SkipList,5,22,206600,4.283,4.0,6.9,8.9,10.2,233481.2,0,0,0
8,1,42,SkipList,5,23,206900,4.459,3.9,7.0,9.7,82.9,224248.8,0,0,0
8,1,42,SkipList,5,24,207200,5.115,4.5,9.5,16.3,56.5,195516.2,0,0,0
8,1,42,SkipList,5,25,207500,5.078,4.7,9.2,11.2,12.1,196940.9,0,0,0
8,1,42,SkipList,5,26,207800,4.573,4.4,7.4,9.6,14.2,218690.7,0,0,0
8,1,42,SkipList,5,27,208100,4.439,4.3,7.4,9.6,15.0,225259.1,0,0,0
8,1,42,SkipList,5,28,208400,4.542,4.2,7.4,9.8,71.4,220151.2,0,0,0
8,1,42,SkipList,5,29,208700,4.133,3.9,6.6,7.7,10.7,241955.0,0,0,0
8,1,42,SkipList,5,30,209000,4.064,3.8,7.1,8.8,9.9,246063.1,0,0,0
8,1,42,SkipList,5,31,209300,4.153,4.0,6.8,8.5,12.0,240770.4,0,0,0
8,1,42,SkipList,5,32,209600,4.172,4.0,7.0,8.8,9.2,239674.0,0,0,0
8,1,42,SkipList,5,33,209900,3.982,3.8,6.7,8.3,9.2,251130.1,0,0,0
8,1,42,SkipList,5,34,210200,4.691,4.1,9.1,13.2,41.2,213189.3,0,0,0
8,1,42,SkipList,5,35,210500,5.09,4.7,8.7,13.4,14.6,196463.7,0,0,0
8,1,42,SkipList,5,36,210800,4.495,4.2,7.8,9.9,11.6,222452.9,0,0,0
8,1,42,SkipList,5,37,211100,4.554,4.2,7.3,10.2,64.7,219587.2,0,0,0
8,1,42,SkipList,5,38,211400,4.345,4.1,6.9,8.4,9.1,230149.6,0,0,0
8,1,42,SkipList,5,39,211700,4.197,3.9,6.9,8.5,9.5,238246.6,0,0,0
8,1,42,SkipList,5,40,212000,4.037,3.9,6.5,7.7,11.8,247729.2,0,0,0
8,1,42,SkipList,5,41,212300,4.217,3.8,6.5,10.1,75.3,237116.6,0,0,0
8,1,42,SkipList,5,42,212600,4.0,3.8,6.9,7.9,8.2,250020.9,0,0,0
8,1,42,SkipList,5,43,212900,3.884,3.7,6.6,8.1,9.3,257488.7,0,0,0
8,1,42,SkipList,5,44,213200,4.249,4.0,7.0,8.7,15.6,235368.0,0,0,0
8,1,42,SkipList,5,45,213500,4.868,4.5,9.1,11.7,17.8,205423.2,0,0,0
8,1,42,SkipList,5,46,213800,4.793,4.4,7.5,9.6,78.9,208652.1,0,0,0
8,1,42,SkipList,5,47,214100,4.43,4.3,7.2,8.4,11.8,225750.7,0,0,0
8,1,42,SkipList,5,48,214400,4.259,4.0,6.9,9.1,10.4,234796.9,0,0,0
8,1,42,SkipList,5,49,214700,4.149,4.1,6.6,8.7,9.2,241041.3,0,0,0
8,1,42,SkipList,5,50,215000,4.244,4.1,6.8,8.6,9.7,235626.8,0,0,0
8,1,42,SkipList,5,51,215300,4.33,4.0,6.7,7.7,71.9,230964.5,0,0,0
8,1,42,SkipList,5,52,215600,3.956,3.7,6.2,8.2,9.4,252802.0,0,0,0
8,1,42,SkipList,5,53,215900,4.1,3.9,6.6,8.7,10.2,243882.6,0,0,0
8,1,42,SkipList,5,54,216200,4.023,3.9,6.5,8.1,9.1,248570.7,0,0,0
8,1,42,SkipList,5,55,216500,4.85,4.0,8.1,15.6,109.7,206199.7,0,0,0
8,1,42,SkipList,5,56,216800,4.308,4.2,7.2,8.1,14.9,232144.3,0,0,0
8,1,42,SkipList,5,57,217100,4.226,4.1,6.8,8.8,12.6,236648.9,0,0,0
8,1,42,SkipList,5,58,217400,4.107,3.8,6.8,8.4,10.9,243506.5,0,0,0
8,1,42,SkipList,5,59,217700,4.019,3.9,7.0,9.3,11.4,248838.6,0,0,0
8,1,42,SkipList,5,60,218000,9.084,3.8,6.8,9.7,1538.4,110083.7,0,0,0
8,1,42,SkipList,5,61,218300,3.976,3.7,6.4,8.4,11.7,251488.0,0,0,0
8,1,42,SkipList,5,62,218600,3.938,3.8,6.2,7.9,9.8,253936.0,0,0,0
8,1,42,SkipList,5,63,218900,3.913,3.7,6.3,7.5,28.9,255580.1,0,0,0
8,1,42,SkipList,5,64,219200,4.391,3.9,7.2,10.2,77.9,227755.9,0,0,0
8,1,42,SkipList,5,65,219500,4.058,3.9,6.4,8.3,9.3,246447.1,0,0,0
8,1,42,SkipList,5,66,219800,4.952,4.5,9.3,12.9,16.2,201925.0,0,0,0
8,1,42,SkipList,5,67,220100,4.656,4.3,7.8,9.7,13.4,214791.9,0,0,0
8,1,42,SkipList,5,68,220400,4.804,4.5,7.7,10.6,12.2,208159.9,0,0,0
8,1,42,SkipList,5,69,220700,4.678,4.2,7.6,10.9,76.5,213751.4,0,0,0
8,1,42,SkipList,5,70,221000,4.252,4.2,6.6,8.0,12.1,235183.5,0,0,0
8,1,42,SkipList,5,71,221300,4.088,3.9,6.7,7.9,9.2,244598.4,0,0,0
8,1,42,SkipList,5,72,221600,4.177,4.1,6.7,8.3,9.9,239425.2,0,0,0
8,1,42,SkipList,5,73,221900,4.131,3.9,6.8,7.9,9.9,242072.2,0,0,0
8,1,42,SkipList,5,74,222200,4.297,3.9,6.5,10.1,78.1,232702.5,0,0,0
8,1,42,SkipList,5,75,222500,4.016,3.8,6.2,8.8,13.1,249003.9,0,0,0
8,1,42,SkipList,5,76,222800,4.645,4.3,8.0,11.3,14.7,215269.9,0,0,0
8,1,42,SkipList,5,77,223100,5.068,4.9,8.8,10.3,11.4,197316.5,0,0,0
8,1,42,SkipList,5,78,223400,5.856,5.6,9.8,13.5,16.6,170765.0,0,0,0
8,1,42,SkipList,5,79,223700,5.408,4.7,9.0,10.9,101.0,184911.2,0,0,0
8,1,42,SkipList,5,80,224000,4.888,4.7,8.2,9.9,13.7,204596.5,0,0,0
8,1,42,SkipList,5,81,224300,4.575,4.3,8.0,10.1,11.0,218579.2,0,0,0
8,1,42,SkipList,5,82,224600,4.57,4.3,8.0,9.6,11.4,218802.4,0,0,0
8,1,42,SkipList,5,83,224900,4.661,4.3,7.2,8.7,81.2,214561.6,0,0,0
8,1,42,SkipList,5,84,225200,4.208,3.9,7.2,9.2,10.0,237623.7,0,0,0
8,1,42,SkipList,5,85,225500,4.205,3.9,7.0,8.5,9.3,237831.0,0,0,0
8,1,42,SkipList,5,86,225800,4.878,4.5,8.2,13.1,13.8,204988.0,0,0,0
8,1,42,SkipList,5,87,226100,5.175,4.8,9.0,12.3,17.6,193236.7,0,0,0
8,1,42,SkipList,5,88,226400,4.983,4.5,7.6,9.9,94.2,200682.2,0,0,0
8,1,42,SkipList,5,89,226700,4.497,4.2,7.9,10.3,11.8,222370.5,0,0,0
8,1,42,SkipList,5,90,227000,4.357,4.3,7.0,8.2,9.0,229533.3,0,0,0
8,1,42,SkipList,5,91,227300,4.102,3.9,6.6,8.6,10.5,243803.3,0,0,0
8,1,42,SkipList,5,92,227600,4.365,4.2,7.1,9.4,10.3,229077.5,0,0,0
8,1,42,SkipList,5,93,227900,4.516,4.1,7.2,9.4,81.1,221418.6,0,0,0
8,1,42,SkipList,5,94,228200,4.098,3.9,6.5,8.5,11.6,244021.4,0,0,0
8,1,42,SkipList,5,95,228500,4.044,3.8,6.6,7.6,10.1,247300.3,0,0,0
8,1,42,SkipList,5,96,228800,5.419,5.0,10.0,12.7,19.3,184536.0,0,0,0
8,1,42,SkipList,5,97,229100,5.564,5.1,9.5,12.1,65.5,179726.8,0,0,0
8,1,42,SkipList,5,98,229400,5.183,4.6,8.2,11.4,98.4,192926.0,0,0,0
8,1,42,SkipList,5,99,229700,4.758,4.5,8.3,10.6,15.4,210172.2,0,0,0
8,1,42,SkipList,5,100,230000,4.546,4.2,7.4,9.8,10.7,219989.7,0,0,0
8,1,42,SkipList,5,101,230300,4.437,4.3,7.2,9.4,13.2,225360.5,0,0,0
8,1,42,SkipList,5,102,230600,4.201,4.1,6.9,8.8,9.2,238038.5,0,0,0
8,1,42,SkipList,5,103,230900,4.583,4.1,8.1,9.8,86.4,218181.8,0,0,0
8,1,42,SkipList,5,104,231200,4.341,4.2,7.3,9.2,12.5,230344.1,0,0,0
8,1,42,SkipList,5,105,231500,4.57,4.3,7.1,10.4,44.3,218802.4,0,0,0
8,1,42,SkipList,5,106,231800,5.095,4.7,9.0,12.2,18.4,196283.7,0,0,0
8,1,42,SkipList,5,107,232100,4.74,4.5,8.2,9.5,9.9,210970.5,0,0,0
8,1,42,SkipList,5,108,232400,4.864,4.3,7.4,9.5,101.4,205592.0,0,0,0
8,1,42,SkipList,5,109,232700,4.71,4.4,7.8,9.5,10.0,212329.2,0,0,0
8,1,42,SkipList,5,110,233000,4.3,4.0,7.3,9.5,13.0,232576.3,0,0,0
8,1,42,SkipList,5,111,233300,4.399,4.1,7.6,9.8,11.6,227341.7,0,0,0
8,1,42,SkipList,5,112,233600,4.225,4.0,7.1,9.0,10.7,236705.0,0,0,0
8,1,42,SkipList,5,113,233900,4.332,3.8,7.0,10.0,69.6,230822.5,0,0,0
8,1,42,SkipList,5,114,234200,3.943,3.7,6.7,7.6,8.5,253635.4,0,0,0
8,1,42,SkipList,5,115,234500,4.35,4.2,7.3,9.3,13.2,229867.6,0,0,0
8,1,42,SkipList,5,116,234800,4.627,4.2,9.0,11.8,12.4,216107.2,0,0,0
8,1,42,SkipList,5,117,235100,4.432,4.2,8.0,9.7,12.8,225614.8,0,0,0
8,1,42,SkipList,5,118,235400,10.049,4.2,7.2,10.1,1709.7,99515.7,0,0,0
8,1,42,SkipList,5,119,235700,4.25,4.0,7.1,9.0,12.8,235294.1,0,0,0
8,1,42,SkipList,5,120,236000,4.197,3.9,6.7,8.1,48.1,238284.3,0,0,0
8,1,42,SkipList,5,121,236300,4.202,4.1,6.9,8.2,9.5,237963.0,0,0,0
8,1,42,SkipList,5,122,236600,4.112,3.9,6.7,8.6,14.3,243210.4,0,0,0
8,1,42,SkipList,5,123,236900,444.483,4.8,9.6,13.3,131798.6,2249.8,0,0,0
8,1,42,SkipList,5,124,237200,4.723,4.4,7.5,9.9,10.9,211729.9,0,0,0
8,1,42,SkipList,5,125,237500,4.437,4.3,6.7,8.6,9.4,225360.6,0,0,0
8,1,42,SkipList,5,126,237800,4.261,4.0,7.1,8.9,11.6,234686.7,0,0,0
8,1,42,SkipList,5,127,238100,5.548,4.9,10.7,18.8,24.5,180245.2,0,0,0
8,1,42,SkipList,5,128,238400,4.881,4.5,8.7,10.5,16.9,204862.0,0,0,0
8,1,42,SkipList,5,129,238700,4.618,4.3,7.9,9.6,10.7,216528.3,0,0,0
8,1,42,SkipList,5,130,239000,4.266,3.9,7.2,10.5,13.8,234411.6,0,0,0
8,1,42,SkipList,5,131,239300,4.221,4.0,7.0,8.6,10.6,236910.7,0,0,0
8,1,42,SkipList,5,132,239600,4.402,3.9,7.2,8.8,74.6,227169.6,0,0,0
8,1,42,SkipList,5,133,239900,4.171,4.0,7.0,8.2,10.4,239750.6,0,0,0
8,1,42,SkipList,5,134,240200,4.028,3.9,6.7,8.0,11.6,248262.2,0,0,0
8,1,42,SkipList,5,135,240500,3.952,3.7,6.6,8.3,9.8,253015.0,0,0,0
8,1,42,SkipList,5,136,240800,3.94,3.7,6.5,8.3,12.4,253785.7,0,0,0
8,1,42,SkipList,5,137,241100,4.643,4.2,8.3,11.6,54.4,215393.4,0,0,0
8,1,42,SkipList,5,138,241400,4.914,4.6,9.0,10.5,12.0,203486.4,0,0,0
8,1,42,SkipList,5,139,241700,4.581,4.4,8.1,10.2,11.8,218277.1,0,0,0
8,1,42,SkipList,5,140,242000,4.261,4.0,7.5,9.1,10.1,234686.7,0,0,0
8,1,42,SkipList,5,141,242300,4.38,3.9,6.8,10.8,74.6,228327.9,0,0,0
8,1,42,SkipList,5,142,242600,4.093,3.9,6.7,7.6,9.8,244319.6,0,0,0
8,1,42,SkipList,5,143,242900,4.026,3.9,6.4,8.3,11.2,248385.4,0,0,0
8,1,42,SkipList,5,144,243200,4.016,3.7,7.0,8.7,12.6,248983.3,0,0,0
8,1,42,SkipList,5,145,243500,4.027,3.8,6.6,8.0,11.4,248323.9,0,0,0
8,1,42,SkipList,5,146,243800,4.162,3.7,6.5,9.2,74.4,240249.9,0,0,0
8,1,42,SkipList,5,147,244100,3.756,3.5,6.2,8.1,10.2,266217.1,0,0,0
8,1,42,SkipList,5,148,244400,4.89,4.4,9.2,13.6,15.3,204512.9,0,0,0
8,1,42,SkipList,5,149,244700,4.662,4.4,7.9,9.9,11.1,214500.2,0,0,0
8,1,42,SkipList,5,150,245000,4.345,4.2,7.0,8.6,12.4,230149.5,0,0,0
8,1,42,SkipList,5,151,245300,4.576,4.0,7.4,9.5,73.7,218547.3,0,0,0
8,1,42,SkipList,5,152,245600,4.151,4.0,7.0,9.3,12.4,240925.1,0,0,0
8,1,42,SkipList,5,153,245900,4.088,3.8,6.7,9.6,11.2,244618.3,0,0,0
8,1,42,SkipList,5,154,246200,4.109,3.9,6.4,7.9,10.2,243368.2,0,0,0
8,1,42,SkipList,5,155,246500,3.936,3.8,6.5,7.9,7.9,254086.5,0,0,0
8,1,42,SkipList,5,156,246800,4.207,3.8,6.6,9.2,71.2,237680.2,0,0,0
8,1,42,SkipList,5,157,247100,3.845,3.7,6.2,7.1,8.7,260100.6,0,0,0
8,1,42,SkipList,5,158,247400,4.392,4.1,7.8,13.0,31.8,227669.4,0,0,0
8,1,42,SkipList,5,159,247700,4.443,4.2,7.5,12.6,14.5,225056.2,0,0,0
8,1,42,SkipList,5,160,248000,4.346,4.0,7.4,9.1,9.9,230079.0,0,0,0
8,1,42,SkipList,5,161,248300,4.046,3.9,6.6,8.7,10.2,247157.6,0,0,0
8,1,42,SkipList,5,162,248600,4.443,4.0,7.3,9.2,74.1,225056.2,0,0,0
8,1,42,SkipList,5,163,248900,4.009,3.8,6.3,8.4,9.8,249459.6,0,0,0
8,1,42,SkipList,5,164,249200,3.855,3.8,6.4,7.4,7.7,259425.8,0,0,0
8,1,42,SkipList,5,165,249500,3.792,3.7,6.4,7.5,8.4,263713.1,0,0,0
8,1,42,SkipList,5,166,249800,3.906,3.6,6.5,7.9,8.9,256016.5,0,0,0
8,1,42,SkipList,5,167,250000,4.303,3.8,6.8,10.9,70.8,232422.9,0,0,0
8,1,42,JLI,6,1,250300,8.69,6.0,21.2,66.6,142.3,115079.2,152,55,1
8,1,42,JLI,6,2,250600,8.021,6.2,18.1,37.6,46.0,124672.7,152,55,1
8,1,42,JLI,6,3,250900,8.442,7.2,18.4,23.7,53.2,118450.7,152,55,1
8,1,42,JLI,6,4,251200,8.305,6.7,19.0,24.3,103.0,120404.5,152,55,1
8,1,42,JLI,6,5,251500,7.764,6.2,18.7,24.3,25.0,128799.6,152,55,1
8,1,42,JLI,6,6,251800,20.35,5.9,21.9,24.5,3630.1,49140.9,153,55,1
8,1,42,JLI,6,7,252100,8.997,6.2,24.4,28.1,35.8,111152.3,153,55,1
8,1,42,JLI,6,8,252400,10.675,8.3,27.8,39.8,63.2,93676.8,153,55,1
8,1,42,JLI,6,9,252700,10.434,7.8,26.6,33.4,35.3,95837.4,153,55,1
8,1,42,JLI,6,10,253000,12.339,10.1,28.3,36.8,37.0,81046.0,153,55,1
8,1,42,JLI,6,11,253300,22.798,10.5,35.0,40.6,2807.3,43864.1,154,55,1
8,1,42,JLI,6,12,253600,15.068,11.6,38.7,43.7,90.7,66365.8,154,55,1
8,1,42,JLI,6,13,253900,15.063,11.0,40.0,47.2,53.2,66389.3,154,55,1
8,1,42,JLI,6,14,254200,14.062,11.3,31.1,45.4,49.0,71112.0,154,55,1
8,1,42,JLI,6,15,254500,17.453,13.1,44.6,76.3,94.6,57295.7,154,55,1
8,1,42,JLI,6,16,254800,17.317,14.0,41.3,53.7,61.1,57745.6,154,55,1
8,1,42,JLI,6,17,255100,17.733,14.3,46.8,57.4,65.0,56391.0,154,55,1
8,1,42,JLI,6,18,255400,24.133,4.7,48.6,71.4,3900.9,41436.5,154,56,1
8,1,42,JLI,6,19,255700,7.11,5.2,17.5,62.7,75.4,140640.4,154,56,1
8,1,42,JLI,6,20,256000,15.295,4.9,15.8,65.5,2716.1,65379.4,156,56,1
8,1,42,JLI,6,21,256300,6.257,5.2,14.6,30.2,65.4,159829.5,156,56,1
8,1,42,JLI,6,22,256600,9.834,7.1,22.3,63.8,143.2,101691.5,156,56,1
8,1,42,JLI,6,23,256900,8.664,6.5,21.4,77.5,94.1,115420.1,156,56,1
8,1,42,JLI,6,24,257200,7.075,6.4,14.2,24.7,79.2,141336.1,156,56,1
8,1,42,JLI,6,25,257500,18.365,6.6,15.2,22.8,3365.2,54452.4,157,56,1
8,1,42,JLI,6,26,257800,7.352,6.9,14.6,17.6,18.0,136023.6,157,56,1
8,1,42,JLI,6,27,258100,8.658,8.0,19.7,28.0,58.1,115504.6,157,56,1
8,1,42,JLI,6,28,258400,8.909,8.5,19.1,24.7,28.0,112241.8,157,56,1
8,1,42,JLI,6,29,258700,9.956,9.3,22.6,25.4,26.8,100441.9,157,56,1
8,1,42,JLI,6,30,259000,10.631,9.0,23.0,29.3,232.2,94067.5,157,56,1
8,1,42,JLI,6,31,259300,22.41,9.9,25.9,46.0,3127.7,44623.6,158,56,1
8,1,42,JLI,6,32,259600,10.952,9.8,23.1,33.1,34.3,91307.5,158,56,1
8,1,42,JLI,6,33,259900,11.91,10.6,26.8,34.9,41.8,83963.1,158,56,1
8,1,42,JLI,6,34,260200,12.162,10.6,28.8,35.4,37.3,82221.1,158,56,1
8,1,42,JLI,6,35,260500,12.348,10.1,32.6,39.9,41.8,80987.0,158,56,1
8,1,42,JLI,6,36,260800,13.779,12.3,31.7,46.9,50.0,72576.0,158,56,1
8,1,42,JLI,6,37,261100,13.225,11.0,34.7,44.9,45.8,75612.5,158,56,1
8,1,42,JLI,6,38,261400,21.497,4.1,29.8,63.0,3788.1,46518.1,158,57,1
8,1,42,JLI,6,39,261700,17.993,4.1,18.3,41.7,3579.1,55576.1,160,57,1
8,1,42,JLI,6,40,262000,6.102,4.5,18.0,35.5,42.9,163871.7,160,57,1
8,1,42,JLI,6,41,262300,6.491,4.6,15.4,38.8,138.7,154051.5,160,57,1
8,1,42,JLI,6,42,262600,6.715,5.3,17.6,37.0,86.5,148920.3,160,57,1
8,1,42,JLI,6,43,262900,6.802,5.7,14.7,26.8,100.6,147022.8,160,57,1
8,1,42,JLI,6,44,263200,8.535,6.6,19.1,64.8,136.1,117160.0,160,57,1
8,1,42,JLI,6,45,263500,20.724,6.5,14.7,31.8,4010.0,48253.2,161,57,1
8,1,42,JLI,6,46,263800,7.327,6.3,15.2,26.5,34.4,136487.7,161,57,1
8,1,42,JLI,6,47,264100,8.344,7.5,17.1,24.0,93.0,119841.8,161,57,1
8,1,42,JLI,6,48,264400,8.204,7.7,17.4,21.3,28.7,121886.8,161,57,1
8,1,42,JLI,6,49,264700,11.348,8.4,23.6,96.0,299.0,88121.2,161,57,1
8,1,42,JLI,6,50,265000,21.889,8.6,22.2,27.8,3640.1,45684.4,162,57,1
8,1,42,JLI,6,51,265300,9.323,8.2,21.8,27.4,29.4,107257.8,162,57,1
8,1,42,JLI,6,52,265600,10.585,8.9,23.6,32.0,80.5,94476.3,162,57,1
8,1,42,JLI,6,53,265900,13.961,11.3,28.9,74.5,129.8,71626.4,162,57,1
8,1,42,JLI,6,54,266200,12.237,11.0,27.2,32.7,34.3,81717.1,162,57,1
8,1,42,JLI,6,55,266500,12.379,10.3,30.9,39.6,43.3,80784.1,162,57,1
8,1,42,JLI,6,56,266800,28.619,12.8,38.0,78.2,3834.3,34941.4,163,57,1
8,1,42,JLI,6,57,267100,13.562,11.3,29.8,42.1,55.8,73737.2,163,57,1
8,1,42,JLI,6,58,267400,27.567,11.0,33.5,41.9,4117.6,36274.8,163,58,1
8,1,42,JLI,6,59,267700,16.024,13.0,40.9,52.6,68.5,62405.1,163,58,1
8,1,42,JLI,6,60,268000,14.249,11.3,33.5,49.5,52.5,70178.7,163,58,1
8,1,42,JLI,6,61,268300,28.7,13.6,43.0,58.8,3553.2,34843.2,164,58,1
8,1,42,JLI,6,62,268600,16.268,13.7,39.2,49.3,56.2,61470.4,164,58,1
8,1,42,JLI,6,63,268900,18.233,15.9,42.1,49.3,52.4,54845.6,164,58,1
8,1,42,JLI,6,64,269200,18.166,15.4,43.8,57.7,69.6,55047.9,164,58,1
8,1,42,JLI,6,65,269500,18.19,14.5,47.8,56.8,60.9,54976.3,164,58,1
8,1,42,JLI,6,66,269800,31.626,18.9,44.2,62.5,3397.6,31619.9,165,58,1
8,1,42,JLI,6,67,270100,20.924,18.2,48.7,62.9,64.2,47792.8,165,58,1
8,1,42,JLI,6,68,270400,21.905,18.0,55.0,63.5,65.9,45651.0,165,58,1
8,1,42,JLI,6,69,270700,24.113,20.2,57.8,86.2,174.7,41471.4,165,58,1
8,1,42,JLI,6,70,271000,23.132,19.1,55.7,71.5,76.8,43229.5,165,58,1
8,1,42,JLI,6,71,271300,26.033,22.9,59.1,80.3,100.9,38413.3,165,58,1
8,1,42,JLI,6,72,271600,36.973,20.2,61.2,72.2,3963.6,27046.8,166,58,1
8,1,42,JLI,6,73,271900,26.101,22.3,63.5,78.4,82.8,38312.2,166,58,1
8,1,42,JLI,6,74,272200,25.776,22.3,61.5,78.5,81.0,38796.3,166,58,1
8,1,42,JLI,6,75,272500,24.949,20.3,62.5,79.5,99.3,40082.3,166,58,1
8,1,42,JLI,6,76,272800,27.93,24.4,62.7,77.3,84.5,35803.8,166,58,1
8,1,42,JLI,6,77,273100,42.738,25.4,70.5,87.3,4058.4,23398.6,166,59,1
8,1,42,JLI,6,78,273400,6.572,4.7,13.9,62.0,71.3,152168.4,166,59,1
8,1,42,JLI,6,79,273700,6.623,5.4,12.8,28.0,71.0,150996.6,166,59,1
8,1,42,JLI,6,80,274000,20.155,6.1,19.8,84.7,3557.6,49615.5,168,59,1
8,1,42,JLI,6,81,274300,6.223,5.5,14.2,26.5,29.3,160694.2,168,59,1
8,1,42,JLI,6,82,274600,6.62,6.0,11.1,17.6,76.9,151049.8,168,59,1
8,1,42,JLI,6,83,274900,7.287,7.0,12.8,22.1,25.0,137230.7,168,59,1
8,1,42,JLI,6,84,275200,8.453,7.7,14.3,24.8,74.9,118296.5,168,59,1
8,1,42,JLI,6,85,275500,9.022,8.0,17.6,26.0,43.8,110836.1,168,59,1
8,1,42,JLI,6,86,275800,19.992,6.1,15.0,25.5,3846.9,50020.0,170,59,1
8,1,42,JLI,6,87,276100,7.719,6.3,14.2,31.0,103.6,129544.9,170,59,1
8,1,42,JLI,6,88,276400,8.187,7.1,15.3,24.3,83.6,122139.9,170,59,1
8,1,42,JLI,6,89,276700,8.531,7.8,16.1,22.1,31.6,117215.0,170,59,1
8,1,42,JLI,6,90,277000,9.771,8.3,20.0,35.9,109.7,102347.2,170,59,1
8,1,42,JLI,6,91,277300,21.958,8.4,18.6,75.0,3503.3,45541.5,171,59,1
8,1,42,JLI,6,92,277600,8.763,7.7,18.1,20.8,21.4,114111.8,171,59,1
8,1,42,JLI,6,93,277900,8.978,7.5,18.6,21.5,22.2,111379.3,171,59,1
8,1,42,JLI,6,94,278200,11.16,9.0,22.8,39.5,146.8,89608.4,171,59,1
8,1,42,JLI,6,95,278500,10.054,8.5,20.6,27.7,49.2,99466.2,171,59,1
8,1,42,JLI,6,96,278800,10.28,9.1,21.5,26.7,28.3,97279.4,171,59,1
8,1,42,JLI,6,97,279100,11.291,9.7,24.0,27.6,29.4,88563.5,171,59,1
8,1,42,JLI,6,98,279400,26.774,9.5,38.4,75.8,3828.7,37350.1,171,60,1
8,1,42,JLI,6,99,279700,5.258,4.8,7.9,17.6,23.6,190186.4,171,60,1
8,1,42,JLI,6,100,280000,13.647,4.6,8.9,17.0,2617.6,73276.2,173,60,1
8,1,42,JLI,6,101,280300,5.696,5.2,10.4,21.1,27.1,175551.6,173,60,1
8,1,42,JLI,6,102,280600,6.618,6.1,12.7,20.9,32.5,151110.7,173,60,1
8,1,42,JLI,6,103,280900,7.317,6.5,14.2,20.8,32.1,136668.0,173,60,1
8,1,42,JLI,6,104,281200,8.652,7.9,17.1,21.1,22.5,115575.8,173,60,1
8,1,42,JLI,6,105,281500,17.006,6.1,13.5,24.2,2998.6,58802.8,175,60,1
8,1,42,JLI,6,106,281800,6.456,6.2,11.4,18.9,21.1,154886.6,175,60,1
8,1,42,JLI,6,107,282100,7.029,6.5,13.9,17.0,18.5,142261.0,175,60,1
8,1,42,JLI,6,108,282400,7.298,6.6,13.9,23.8,29.7,137017.5,175,60,1
8,1,42,JLI,6,109,282700,8.241,7.4,16.2,25.1,66.0,121349.4,175,60,1
8,1,42,JLI,6,110,283000,18.401,8.0,18.2,24.1,2883.2,54345.9,176,60,1
8,1,42,JLI,6,111,283300,8.623,7.7,17.4,20.6,22.9,115964.4,176,60,1
8,1,42,JLI,6,112,283600,8.76,7.6,18.5,22.8,23.3,114155.3,176,60,1
8,1,42,JLI,6,113,283900,9.601,8.3,22.0,32.5,41.4,104152.2,176,60,1
8,1,42,JLI,6,114,284200,10.111,8.9,20.8,29.7,31.2,98905.5,176,60,1
8,1,42,JLI,6,115,284500,10.549,9.1,23.5,27.4,28.4,94792.7,176,60,1
8,1,42,JLI,6,116,284800,20.776,9.2,23.8,29.0,3092.3,48132.5,177,60,1
8,1,42,JLI,6,117,285100,29.861,11.5,30.2,59.9,4013.2,33488.9,177,61,1
8,1,42,JLI,6,118,285400,12.086,5.8,37.4,66.5,83.2,82738.1,177,61,1
8,1,42,JLI,6,119,285700,6.836,5.4,10.4,64.9,68.5,146277.2,177,61,1
8,1,42,JLI,6,120,286000,8.107,7.2,13.3,65.8,66.9,123350.2,177,61,1
8,1,42,JLI,6,121,286300,20.864,7.9,18.9,32.3,3527.5,47930.2,179,61,1
8,1,42,JLI,6,122,286600,6.316,5.7,9.7,21.6,92.0,158336.4,179,61,1
8,1,42,JLI,6,123,286900,7.007,5.9,11.2,65.0,77.4,142707.7,179,61,1
8,1,42,JLI,6,124,287200,10.802,7.2,30.8,74.3,128.7,92578.3,179,61,1
8,1,42,JLI,6,125,287500,4.709,3.6,6.5,62.1,70.9,212344.2,179,61,1
8,1,42,JLI,6,126,287800,6.51,5.4,11.2,28.4,70.4,153609.8,179,61,1
8,1,42,JLI,6,127,288100,16.222,4.7,12.7,75.3,2945.7,61644.7,181,61,1
8,1,42,JLI,6,128,288400,4.705,4.1,7.4,14.1,75.4,212554.9,181,61,1
8,1,42,JLI,6,129,288700,5.479,4.6,8.7,17.8,92.8,182515.0,181,61,1
8,1,42,JLI,6,130,289000,5.242,4.7,8.7,12.1,14.4,190766.9,181,61,1
8,1,42,JLI,6,131,289300,6.267,5.5,10.5,14.9,78.4,159566.0,181,61,1
8,1,42,JLI,6,132,289600,16.008,6.3,12.7,20.5,2688.3,62468.8,182,61,1
8,1,42,JLI,6,133,289900,7.552,6.7,13.3,25.9,102.0,132415.3,182,61,1
8,1,42,JLI,6,134,290200,7.031,6.3,14.0,15.0,16.9,142234.0,182,61,1
8,1,42,JLI,6,135,290500,8.555,5.3,25.3,66.1,78.1,116886.1,182,61,1
8,1,42,JLI,6,136,290800,7.383,6.0,11.5,65.7,70.6,135440.2,182,61,1
8,1,42,JLI,6,137,291100,20.214,7.3,15.2,64.2,3558.4,49470.7,182,62,1
8,1,42,JLI,6,138,291400,16.267,4.1,24.4,43.6,2599.3,61475.4,183,62,1
8,1,42,JLI,6,139,291700,6.749,4.2,19.3,69.0,81.4,148162.7,183,62,1
8,1,42,JLI,6,140,292000,6.21,5.1,9.1,63.5,76.6,161021.9,183,62,1
8,1,42,JLI,6,141,292300,6.862,5.6,11.0,66.9,72.2,145737.2,183,62,1
8,1,42,JLI,6,142,292600,7.404,6.7,13.9,22.7,70.5,135068.2,183,62,1
8,1,42,JLI,6,143,292900,18.111,7.0,17.3,42.7,2942.6,55215.1,185,62,1
8,1,42,JLI,6,144,293200,5.951,5.3,10.8,17.4,19.1,168048.4,185,62,1
8,1,42,JLI,6,145,293500,6.405,5.9,11.5,15.1,20.4,156136.2,185,62,1
8,1,42,JLI,6,146,293800,6.633,5.6,13.0,18.9,55.1,150753.8,185,62,1
8,1,42,JLI,6,147,294100,7.629,6.8,15.0,17.4,22.8,131084.5,185,62,1
8,1,42,JLI,6,148,294400,18.799,7.3,15.6,44.5,3124.7,53194.3,186,62,1
8,1,42,JLI,6,149,294700,8.907,7.8,17.3,24.6,117.2,112267.0,186,62,1
8,1,42,JLI,6,150,295000,9.112,8.2,18.4,22.8,23.9,109749.4,186,62,1
8,1,42,JLI,6,151,295300,8.925,7.3,20.3,22.6,24.4,112049.0,186,62,1
8,1,42,JLI,6,152,295600,9.953,8.8,20.0,24.4,26.0,100472.2,186,62,1
8,1,42,JLI,6,153,295900,11.091,9.9,21.8,28.2,60.6,90163.2,186,62,1
8,1,42,JLI,6,154,296200,22.354,10.2,25.1,30.8,3370.9,44735.4,187,62,1
8,1,42,JLI,6,155,296500,10.362,8.5,22.0,27.4,28.5,96509.6,187,62,1
8,1,42,JLI,6,156,296800,11.699,9.7,26.1,52.3,57.6,85475.0,187,62,1
8,1,42,JLI,6,157,297100,22.048,9.1,27.4,42.6,3079.6,45354.9,187,63,1
8,1,42,JLI,6,158,297400,7.637,4.7,21.1,61.7,85.4,130941.4,187,63,1
8,1,42,JLI,6,159,297700,6.662,5.9,10.8,19.8,66.6,150105.1,187,63,1
8,1,42,JLI,6,160,298000,13.951,5.8,12.3,17.4,2317.1,71679.5,189,63,1
8,1,42,JLI,6,161,298300,6.079,5.3,10.0,20.1,88.2,164491.7,189,63,1
8,1,42,JLI,6,162,298600,6.446,6.1,11.4,15.8,23.5,155127.0,189,63,1
8,1,42,JLI,6,163,298900,8.233,7.8,13.7,20.5,87.6,121467.3,189,63,1
8,1,42,JLI,6,164,299200,7.758,7.4,14.7,17.9,31.2,128893.7,189,63,1
8,1,42,JLI,6,165,299500,18.81,9.0,18.3,71.0,2740.2,53163.2,191,63,1
8,1,42,JLI,6,166,299800,8.202,7.5,14.6,18.3,109.1,121921.5,191,63,1
8,1,42,JLI,6,167,300000,7.322,6.8,14.9,17.9,22.3,136584.0,191,63,1
8,1,42,SkipList,6,1,250300,6.826,6.1,12.0,17.8,60.3,146498.7,0,0,0
8,1,42,SkipList,6,2,250600,5.477,5.0,9.8,14.1,22.0,182570.5,0,0,0
8,1,42,SkipList,6,3,250900,5.043,4.8,8.3,12.8,15.4,198281.5,0,0,0
8,1,42,SkipList,6,4,251200,4.695,4.4,8.0,10.3,12.0,212992.5,0,0,0
8,1,42,SkipList,6,5,251500,4.535,4.3,8.1,11.7,13.0,220491.0,0,0,0
8,1,42,SkipList,6,6,251800,5.012,4.6,8.3,12.4,75.4,199534.4,0,0,0
8,1,42,SkipList,6,7,252100,4.808,4.5,7.5,10.3,42.2,208001.1,0,0,0
8,1,42,SkipList,6,8,252400,6.126,5.8,10.1,15.6,18.1,163238.6,0,0,0
8,1,42,SkipList,6,9,252700,5.506,5.1,10.3,12.2,16.5,181620.0,0,0,0
8,1,42,SkipList,6,10,253000,5.25,5.0,8.6,11.4,29.0,190476.2,0,0,0
8,1,42,SkipList,6,11,253300,5.208,4.7,8.9,12.1,78.3,192000.0,0,0,0
8,1,42,SkipList,6,12,253600,4.693,4.4,8.0,9.9,11.1,213098.5,0,0,0
8,1,42,SkipList,6,13,253900,4.774,4.5,7.8,10.4,11.1,209468.0,0,0,0
8,1,42,SkipList,6,14,254200,4.468,4.3,7.5,9.6,11.8,223813.8,0,0,0
8,1,42,SkipList,6,15,254500,4.609,4.1,7.3,10.5,78.8,216951.1,0,0,0
8,1,42,SkipList,6,16,254800,4.61,4.2,7.9,12.3,27.3,216935.4,0,0,0
8,1,42,SkipList,6,17,255100,5.541,5.1,10.4,13.6,22.2,180472.8,0,0,0
8,1,42,SkipList,6,18,255400,5.736,5.4,9.6,14.3,17.3,174327.4,0,0,0
8,1,42,SkipList,6,19,255700,5.869,5.5,10.1,13.4,14.1,170396.4,0,0,0
8,1,42,SkipList,6,20,256000,5.227,5.0,8.8,13.3,15.0,191302.1,0,0,0
8,1,42,SkipList,6,21,256300,4.929,4.8,8.3,10.0,12.6,202894.6,0,0,0
8,1,42,SkipList,6,22,256600,4.746,4.5,7.9,10.2,10.7,210689.0,0,0,0
8,1,42,SkipList,6,23,256900,4.564,4.4,7.5,9.6,11.4,219122.0,0,0,0
8,1,42,SkipList,6,24,257200,4.691,4.4,7.9,10.1,11.5,213174.2,0,0,0
8,1,42,SkipList,6,25,257500,9.134,4.5,7.7,13.6,1326.2,109477.1,0,0,0
8,1,42,SkipList,6,26,257800,5.386,5.0,9.5,13.1,15.2,185678.0,0,0,0
8,1,42,SkipList,6,27,258100,5.069,4.9,8.1,10.0,14.1,197277.6,0,0,0
8,1,42,SkipList,6,28,258400,4.688,4.4,7.8,8.6,13.5,213310.7,0,0,0
8,1,42,SkipList,6,29,258700,4.469,4.2,7.5,10.1,20.1,223780.4,0,0,0
8,1,42,SkipList,6,30,259000,4.787,4.2,8.0,12.1,83.1,208899.1,0,0,0
8,1,42,SkipList,6,31,259300,4.572,4.3,7.9,11.0,12.0,218722.6,0,0,0
8,1,42,SkipList,6,32,259600,4.288,4.1,7.0,9.5,10.0,233190.8,0,0,0
8,1,42,SkipList,6,33,259900,4.176,4.0,6.8,8.1,8.7,239444.5,0,0,0
8,1,42,SkipList,6,34,260200,4.135,3.9,7.0,8.9,12.1,241818.4,0,0,0
8,1,42,SkipList,6,35,260500,5.111,4.5,8.8,12.9,80.5,195669.2,0,0,0
8,1,42,SkipList,6,36,260800,4.447,4.2,7.2,10.2,14.0,224887.6,0,0,0
8,1,42,SkipList,6,37,261100,4.364,4.1,7.2,10.1,10.8,229165.1,0,0,0
8,1,42,SkipList,6,38,261400,4.405,4.2,7.4,9.5,10.1,227014.8,0,0,0
8,1,42,SkipList,6,39,261700,4.128,4.0,6.5,9.2,11.6,242248.1,0,0,0
8,1,42,SkipList,6,40,262000,4.378,3.9,6.5,8.5,73.2,228414.7,0,0,0
8,1,42,SkipList,6,41,262300,4.078,3.9,6.7,9.0,11.2,245198.3,0,0,0
8,1,42,SkipList,6,42,262600,3.889,3.8,6.0,8.2,10.1,257157.6,0,0,0
8,1,42,SkipList,6,43,262900,4.076,3.9,6.6,8.5,10.0,245318.4,0,0,0
8,1,42,SkipList,6,44,263200,4.045,3.9,6.9,8.4,9.8,247218.9,0,0,0
8,1,42,SkipList,6,45,263500,4.542,4.1,6.8,11.6,89.3,220151.2,0,0,0
8,1,42,SkipList,6,46,263800,4.511,4.1,8.0,11.2,13.5,221680.3,0,0,0
8,1,42,SkipList,6,47,264100,4.934,4.6,8.6,11.8,13.6,202675.3,0,0,0
8,1,42,SkipList,6,48,264400,4.629,4.3,7.8,12.1,15.0,216029.4,0,0,0
8,1,42,SkipList,6,49,264700,4.558,4.3,8.3,11.3,14.2,219394.6,0,0,0
8,1,42,SkipList,6,50,265000,4.552,4.2,6.7,9.9,78.5,219683.7,0,0,0
8,1,42,SkipList,6,51,265300,4.267,4.1,6.7,7.8,14.4,234375.0,0,0,0
8,1,42,SkipList,6,52,265600,4.325,4.1,7.1,10.6,12.0,231231.7,0,0,0
8,1,42,SkipList,6,53,265900,4.047,3.9,6.4,8.0,10.0,247076.2,0,0,0
8,1,42,SkipList,6,54,266200,4.235,4.1,6.8,7.6,10.5,236127.5,0,0,0
8,1,42,SkipList,6,55,266500,4.344,3.9,6.7,8.6,70.6,230202.6,0,0,0
8,1,42,SkipList,6,56,266800,4.787,4.4,8.9,12.7,39.9,208899.1,0,0,0
8,1,42,SkipList,6,57,267100,5.358,5.0,9.1,12.1,14.0,186648.4,0,0,0
8,1,42,SkipList,6,58,267400,4.684,4.5,7.4,11.0,12.1,213477.5,0,0,0
8,1,42,SkipList,6,59,267700,4.475,4.2,7.3,8.8,9.4,223463.7,0,0,0
8,1,42,SkipList,6,60,268000,4.659,4.3,7.4,11.4,80.6,214623.0,0,0,0
8,1,42,SkipList,6,61,268300,4.213,4.1,7.1,8.8,10.2,237379.3,0,0,0
8,1,42,SkipList,6,62,268600,4.227,4.1,6.8,9.2,9.7,236574.4,0,0,0
8,1,42,SkipList,6,63,268900,4.214,4.0,7.3,9.2,11.0,237323.0,0,0,0
8,1,42,SkipList,6,64,269200,4.392,3.9,7.0,8.5,70.1,227704.0,0,0,0
8,1,42,SkipList,6,65,269500,4.09,4.0,6.5,8.6,9.6,244518.8,0,0,0
8,1,42,SkipList,6,66,269800,4.177,3.9,7.6,9.5,18.5,239425.3,0,0,0
8,1,42,SkipList,6,67,270100,5.053,4.7,8.6,14.7,16.2,197902.1,0,0,0
8,1,42,SkipList,6,68,270400,4.634,4.3,7.8,9.9,11.1,215811.8,0,0,0
8,1,42,SkipList,6,69,270700,4.947,4.6,7.5,9.6,79.9,202129.1,0,0,0
8,1,42,SkipList,6,70,271000,4.519,4.3,7.3,9.7,10.2,221304.3,0,0,0
8,1,42,SkipList,6,71,271300,4.386,4.2,7.5,9.2,10.7,227980.8,0,0,0
8,1,42,SkipList,6,72,271600,4.162,3.9,7.1,8.9,10.5,240269.1,0,0,0
8,1,42,SkipList,6,73,271900,4.197,4.0,6.7,8.3,8.4,238246.5,0,0,0
8,1,42,SkipList,6,74,272200,4.388,3.8,7.0,9.1,82.6,227911.5,0,0,0
8,1,42,SkipList,6,75,272500,3.947,3.7,6.4,7.9,12.6,253335.5,0,0,0
8,1,42,SkipList,6,76,272800,4.118,3.9,6.7,8.0,8.7,242856.0,0,0,0
8,1,42,SkipList,6,77,273100,4.609,4.1,7.9,13.1,30.4,216966.9,0,0,0
8,1,42,SkipList,6,78,273400,5.218,4.9,9.0,10.4,12.5,191632.0,0,0,0
8,1,42,SkipList,6,79,273700,5.973,5.0,10.2,16.5,93.7,167429.4,0,0,0
8,1,42,SkipList,6,80,274000,5.072,5.0,8.4,10.0,11.7,197160.8,0,0,0
8,1,42,SkipList,6,81,274300,4.82,4.6,8.1,10.9,11.5,207483.2,0,0,0
8,1,42,SkipList,6,82,274600,4.56,4.4,7.8,10.3,10.5,219282.2,0,0,0
8,1,42,SkipList,6,83,274900,4.437,4.1,7.3,9.5,9.9,225394.4,0,0,0
8,1,42,SkipList,6,84,275200,4.55,4.4,8.0,10.1,12.0,219796.3,0,0,0
8,1,42,SkipList,6,85,275500,9.817,4.3,7.6,9.8,1591.3,101867.6,0,0,0
8,1,42,SkipList,6,86,275800,5.796,4.8,12.9,24.5,34.5,172522.9,0,0,0
8,1,42,SkipList,6,87,276100,6.154,5.6,11.0,14.0,62.5,162487.1,0,0,0
8,1,42,SkipList,6,88,276400,4.934,4.6,8.3,11.2,17.1,202675.3,0,0,0
8,1,42,SkipList,6,89,276700,4.704,4.2,7.8,10.3,79.0,212570.0,0,0,0
8,1,42,SkipList,6,90,277000,4.388,4.2,7.2,9.5,10.9,227877.0,0,0,0
8,1,42,SkipList,6,91,277300,4.271,3.9,7.6,10.3,11.3,234137.2,0,0,0
8,1,42,SkipList,6,92,277600,4.189,3.9,7.4,9.5,10.8,238739.4,0,0,0
8,1,42,SkipList,6,93,277900,4.104,3.9,6.9,8.4,14.7,243664.5,0,0,0
8,1,42,SkipList,6,94,278200,3.948,3.7,6.8,9.0,10.3,253314.3,0,0,0
8,1,42,SkipList,6,95,278500,4.275,3.8,6.9,9.1,73.7,233936.4,0,0,0
8,1,42,SkipList,6,96,278800,5.241,4.6,10.3,17.3,27.9,190791.2,0,0,0
8,1,42,SkipList,6,97,279100,6.109,5.7,10.2,13.2,33.2,163701.9,0,0,0
8,1,42,SkipList,6,98,279400,4.216,4.0,7.2,9.3,11.4,237191.7,0,0,0
8,1,42,SkipList,6,99,279700,4.132,3.8,6.9,9.3,11.2,242033.0,0,0,0
8,1,42,SkipList,6,100,280000,4.256,3.9,7.0,10.0,26.9,234980.8,0,0,0
8,1,42,SkipList,6,101,280300,4.087,3.9,6.6,9.0,10.2,244698.3,0,0,0
8,1,42,SkipList,6,102,280600,4.099,3.9,7.2,8.9,10.3,243942.1,0,0,0
8,1,42,SkipList,6,103,280900,3.949,3.8,6.5,8.4,9.2,253207.4,0,0,0
8,1,42,SkipList,6,104,281200,4.166,3.7,6.5,9.3,64.3,240057.7,0,0,0
8,1,42,SkipList,6,105,281500,3.892,3.7,6.3,9.0,11.1,256915.4,0,0,0
8,1,42,SkipList,6,106,281800,4.249,3.9,7.7,10.1,16.0,235331.1,0,0,0
8,1,42,SkipList,6,107,282100,4.812,4.6,8.1,11.2,13.7,207799.4,0,0,0
8,1,42,SkipList,6,108,282400,4.484,4.2,8.2,10.2,13.9,223015.3,0,0,0
8,1,42,SkipList,6,109,282700,4.773,4.2,7.7,11.1,84.2,209497.1,0,0,0
8,1,42,SkipList,6,110,283000,4.143,3.9,6.9,8.9,10.7,241351.6,0,0,0
8,1,42,SkipList,6,111,283300,4.091,4.0,6.7,9.3,10.6,244439.0,0,0,0
8,1,42,SkipList,6,112,283600,4.15,4.0,7.1,9.1,9.5,240944.5,0,0,0
8,1,42,SkipList,6,113,283900,4.343,3.9,7.3,8.8,70.4,230237.9,0,0,0
8,1,42,SkipList,6,114,284200,3.965,3.7,6.6,8.8,14.7,252228.0,0,0,0
8,1,42,SkipList,6,115,284500,3.929,3.7,6.6,8.6,9.3,254539.3,0,0,0
8,1,42,SkipList,6,116,284800,3.953,3.7,6.5,7.6,8.5,252993.8,0,0,0
8,1,42,SkipList,6,117,285100,4.708,4.3,8.9,10.4,13.4,212419.4,0,0,0
8,1,42,SkipList,6,118,285400,4.757,4.5,7.8,10.6,12.2,210231.3,0,0,0
8,1,42,SkipList,6,119,285700,4.837,4.4,7.4,10.0,83.3,206753.9,0,0,0
8,1,42,SkipList,6,120,286000,4.243,4.0,7.1,9.4,11.0,235663.7,0,0,0
8,1,42,SkipList,6,121,286300,4.27,4.1,7.0,9.3,9.7,234210.3,0,0,0
8,1,42,SkipList,6,122,286600,4.228,3.9,7.4,9.7,12.7,236537.1,0,0,0
8,1,42,SkipList,6,123,286900,4.176,4.1,6.8,8.3,12.6,239444.5,0,0,0
8,1,42,SkipList,6,124,287200,4.11,3.7,6.7,8.1,73.1,243328.7,0,0,0
8,1,42,SkipList,6,125,287500,3.957,3.8,6.5,8.7,12.0,252738.1,0,0,0
8,1,42,SkipList,6,126,287800,3.94,3.8,6.6,8.3,11.2,253828.6,0,0,0
8,1,42,SkipList,6,127,288100,4.243,3.9,6.8,10.1,31.0,235663.8,0,0,0
8,1,42,SkipList,6,128,288400,5.673,5.1,9.8,14.2,18.4,176283.9,0,0,0
8,1,42,SkipList,6,129,288700,6.018,5.2,10.1,12.1,104.5,166159.0,0,0,0
8,1,42,SkipList,6,130,289000,5.119,4.9,8.7,10.9,11.2,195363.4,0,0,0
8,1,42,SkipList,6,131,289300,4.85,4.5,8.7,10.3,13.0,206199.8,0,0,0
8,1,42,SkipList,6,132,289600,4.49,4.2,7.7,10.0,11.2,222700.6,0,0,0
8,1,42,SkipList,6,133,289900,4.628,4.5,7.5,8.7,9.2,216091.6,0,0,0
8,1,42,SkipList,6,134,290200,4.565,4.2,7.2,10.8,74.0,219042.0,0,0,0
8,1,42,SkipList,6,135,290500,4.282,4.1,7.0,9.4,12.0,233553.9,0,0,0
8,1,42,SkipList,6,136,290800,4.076,3.9,6.8,9.9,10.6,245318.6,0,0,0
8,1,42,SkipList,6,137,291100,4.561,4.3,8.1,11.3,14.4,219250.1,0,0,0
8,1,42,SkipList,6,138,291400,5.585,5.2,9.9,14.2,14.8,179061.7,0,0,0
8,1,42,SkipList,6,139,291700,5.144,4.7,8.4,12.5,90.8,194401.3,0,0,0
8,1,42,SkipList,6,140,292000,4.561,4.4,7.3,10.9,13.9,219266.2,0,0,0
8,1,42,SkipList,6,141,292300,4.486,4.4,7.8,9.5,13.6,222915.7,0,0,0
8,1,42,SkipList,6,142,292600,4.259,4.0,7.0,8.9,10.5,234815.3,0,0,0
8,1,42,SkipList,6,143,292900,4.177,4.0,6.8,9.0,12.2,239387.0,0,0,0
8,1,42,SkipList,6,144,293200,8.432,4.0,7.2,12.2,1240.5,118600.5,0,0,0
8,1,42,SkipList,6,145,293500,4.015,3.9,6.5,7.6,8.4,249045.4,0,0,0
8,1,42,SkipList,6,146,293800,4.219,4.1,7.0,9.1,12.3,237023.0,0,0,0
8,1,42,SkipList,6,147,294100,5.16,4.6,9.1,14.4,18.8,193810.9,0,0,0
8,1,42,SkipList,6,148,294400,5.206,4.8,9.0,11.5,17.3,192098.3,0,0,0
8,1,42,SkipList,6,149,294700,5.339,4.8,8.8,13.8,91.6,187289.3,0,0,0
8,1,42,SkipList,6,150,295000,4.837,4.6,8.2,11.9,12.4,206739.7,0,0,0
8,1,42,SkipList,6,151,295300,4.434,4.1,7.9,10.3,11.4,225513.1,0,0,0
8,1,42,SkipList,6,152,295600,4.595,4.2,8.0,10.8,12.1,217627.8,0,0,0
8,1,42,SkipList,6,153,295900,4.202,3.9,7.1,9.0,14.2,237963.0,0,0,0
8,1,42,SkipList,6,154,296200,4.347,4.0,7.3,9.5,10.2,230061.3,0,0,0
8,1,42,SkipList,6,155,296500,4.118,3.8,7.0,10.8,12.4,242816.7,0,0,0
8,1,42,SkipList,6,156,296800,4.179,3.9,7.1,9.9,10.7,239291.7,0,0,0
8,1,42,SkipList,6,157,297100,4.608,4.3,7.8,9.2,52.3,217013.9,0,0,0
8,1,42,SkipList,6,158,297400,4.577,4.3,7.4,12.4,13.4,218467.8,0,0,0
8,1,42,SkipList,6,159,297700,4.685,4.1,7.6,11.6,83.2,213462.3,0,0,0
8,1,42,SkipList,6,160,298000,4.029,3.8,6.6,8.9,10.2,248221.1,0,0,0
8,1,42,SkipList,6,161,298300,4.333,4.2,7.2,8.9,10.3,230787.0,0,0,0
8,1,42,SkipList,6,162,298600,4.081,3.8,6.9,8.2,10.2,245018.0,0,0,0
8,1,42,SkipList,6,163,298900,4.106,3.8,7.2,9.4,11.2,243565.9,0,0,0
8,1,42,SkipList,6,164,299200,4.346,3.9,6.8,11.0,78.3,230096.7,0,0,0
8,1,42,SkipList,6,165,299500,3.953,3.7,6.6,8.3,10.7,252993.8,0,0,0
8,1,42,SkipList,6,166,299800,3.947,3.7,6.5,7.8,10.3,253378.4,0,0,0
8,1,42,SkipList,6,167,300000,3.991,3.8,6.7,9.6,12.6,250595.1,0,0,0
8,2,43,JLI,1,1,300,17.593,5.3,27.7,67.8,2552.9,56840.8,8,14,1
8,2,43,JLI,1,2,600,8.224,5.6,23.1,39.2,47.0,121595.3,8,14,1
8,2,43,JLI,1,3,900,4.618,3.7,10.6,15.0,24.8,216559.5,8,14,1
8,2,43,JLI,1,4,1200,10.129,3.7,8.6,35.3,1667.0,98726.4,8,14,1
8,2,43,JLI,1,5,1500,4.681,4.3,8.5,12.6,15.1,213614.3,8,14,1
8,2,43,JLI,1,6,1800,4.06,3.0,10.1,12.0,12.6,246305.5,8,14,1
8,2,43,JLI,1,7,2100,4.462,3.8,9.1,12.4,12.6,224098.0,8,14,1
8,2,43,JLI,1,8,2400,5.943,5.3,10.2,15.6,40.5,168265.2,8,14,1
8,2,43,JLI,1,9,2700,7.486,6.3,14.6,18.8,159.4,133582.7,8,14,1
8,2,43,JLI,1,10,3000,13.723,7.1,15.2,42.8,1757.2,72872.1,8,14,1
8,2,43,JLI,1,11,3300,8.074,7.7,16.3,18.1,18.7,123854.3,8,14,1
8,2,43,JLI,1,12,3600,8.967,8.4,20.0,21.7,22.1,111520.0,8,14,1
8,2,43,JLI,1,13,3900,9.869,9.4,20.9,24.4,25.5,101323.9,8,14,1
8,2,43,JLI,1,14,4200,12.582,11.2,26.2,39.3,43.2,79480.7,8,14,1
8,2,43,JLI,1,15,4500,17.878,11.0,26.1,31.3,1882.8,55934.7,8,14,1
8,2,43,JLI,1,16,4800,12.081,10.7,26.1,31.2,69.1,82776.9,8,14,1
8,2,43,JLI,1,17,5100,12.802,12.0,28.6,36.5,37.6,78114.8,8,14,1
8,2,43,JLI,1,18,5400,15.095,13.5,33.2,42.0,65.9,66245.6,8,14,1
8,2,43,JLI,1,19,5700,14.418,11.8,37.9,43.2,46.5,69359.3,8,14,1
8,2,43,JLI,1,20,6000,15.046,12.8,33.6,43.3,45.9,66464.3,8,14,1
8,2,43,JLI,1,21,6300,20.255,9.8,32.7,47.3,2227.4,49371.3,8,15,1
8,2,43,JLI,1,22,6600,8.045,6.3,21.7,35.4,52.5,124300.8,8,15,1
8,2,43,JLI,1,23,6900,6.817,5.8,14.7,25.9,37.8,146692.1,8,15,1
8,2,43,JLI,1,24,7200,13.107,6.3,16.3,41.7,1667.8,76297.1,8,15,1
8,2,43,JLI,1,25,7500,6.835,6.1,13.4,17.5,18.7,146305.8,8,15,1
8,2,43,JLI,1,26,7800,7.098,6.3,14.1,18.0,21.1,140884.7,8,15,1
8,2,43,JLI,1,27,8100,8.45,7.4,18.5,25.7,29.2,118338.5,8,15,1
8,2,43,JLI,1,28,8400,5.104,3.3,12.2,20.9,24.5,195912.1,8,15,1
8,2,43,JLI,1,29,8700,9.536,3.3,9.5,17.6,1582.3,104869.4,8,15,1
8,2,43,JLI,1,30,9000,5.054,4.4,9.2,13.0,42.6,197876.2,8,15,1
8,2,43,JLI,1,31,9300,6.447,6.4,11.6,14.6,19.9,155118.9,8,15,1
8,2,43,JLI,1,32,9600,7.511,7.3,14.2,16.7,19.6,133132.1,8,15,1
8,2,43,JLI,1,33,9900,10.621,8.8,18.8,22.3,409.8,94153.1,8,15,1
8,2,43,JLI,1,34,10200,10.068,9.3,21.4,25.2,26.6,99327.9,8,15,1
8,2,43,JLI,1,35,10500,16.441,9.9,26.3,29.9,1540.4,60823.5,8,15,1
8,2,43,JLI,1,36,10800,11.951,10.6,27.1,32.9,47.3,83677.3,8,15,1
8,2,43,JLI,1,37,11100,13.478,11.9,33.3,38.4,47.8,74193.1,8,15,1
8,2,43,JLI,1,38,11400,15.296,13.2,37.8,42.7,52.0,65378.0,8,15,1
8,2,43,JLI,1,39,11700,16.056,14.1,38.7,43.5,44.9,62282.0,8,15,1
8,2,43,JLI,1,40,12000,18.531,16.0,42.0,56.2,68.8,53963.6,8,15,1
8,2,43,JLI,1,41,12300,26.213,14.5,45.1,54.5,2372.3,38149.0,8,16,1
8,2,43,JLI,1,42,12600,9.811,6.7,26.2,40.6,41.4,101926.4,8,16,1
8,2,43,JLI,1,43,12900,11.146,5.5,16.3,42.3,1165.4,89721.0,8,16,1
8,2,43,JLI,1,44,13200,8.476,6.2,19.9,33.1,66.7,117980.2,8,16,1
8,2,43,JLI,1,45,13500,5.307,3.5,13.4,25.7,38.1,188418.5,8,16,1
8,2,43,JLI,1,46,13800,4.739,3.8,9.6,17.4,50.4,211029.8,8,16,1
8,2,43,JLI,1,47,14100,5.271,4.6,9.5,13.8,41.4,189717.3,8,16,1
8,2,43,JLI,1,48,14400,6.255,5.6,10.7,18.3,41.8,159872.1,8,16,1
8,2,43,JLI,1,49,14700,11.76,6.0,11.8,16.9,1552.1,85031.6,8,16,1
8,2,43,JLI,1,50,15000,6.764,6.0,13.8,16.4,17.4,147841.5,8,16,1
8,2,43,JLI,1,51,15300,8.155,7.4,16.7,28.0,47.3,122624.2,8,16,1
8,2,43,JLI,1,52,15600,8.707,8.0,18.6,23.3,31.1,114854.5,8,16,1
8,2,43,JLI,1,53,15900,9.104,8.4,20.0,23.0,25.6,109837.8,8,16,1
8,2,43,JLI,1,54,16200,9.719,8.9,21.3,26.3,27.1,102887.7,8,16,1
8,2,43,JLI,1,55,16500,16.049,8.2,23.7,31.7,2001.9,62309.2,8,16,1
8,2,43,JLI,1,56,16800,5.121,3.2,13.6,17.8,28.7,195261.5,8,16,1
8,2,43,JLI,1,57,17100,6.025,4.4,14.8,19.2,28.1,165984.3,8,16,1
8,2,43,JLI,1,58,17400,6.24,5.1,12.5,20.2,22.0,160247.9,8,16,1
8,2,43,JLI,1,59,17700,6.951,6.1,13.6,18.8,20.8,143871.1,8,16,1
8,2,43,JLI,1,60,18000,7.47,7.0,14.4,20.5,22.1,133868.8,8,16,1
8,2,43,JLI,1,61,18300,14.336,8.1,16.2,23.4,1796.1,69752.8,8,16,1
8,2,43,JLI,1,62,18600,9.429,8.7,18.6,26.3,96.3,106055.8,8,16,1
8,2,43,JLI,1,63,18900,17.743,7.8,26.2,49.8,2005.2,56361.3,8,17,1
8,2,43,JLI,1,64,19200,5.79,3.4,18.2,41.2,62.3,172711.6,8,17,1
8,2,43,JLI,1,65,19500,4.163,3.7,6.1,15.0,51.0,240192.1,8,17,1
8,2,43,JLI,1,66,19800,9.491,4.9,9.6,11.7,1260.7,105363.0,8,17,1
8,2,43,JLI,1,67,20100,6.045,5.5,10.4,14.5,44.2,165416.8,8,17,1
8,2,43,JLI,1,68,20400,8.489,7.6,17.0,24.6,54.9,117799.5,8,17,1
8,2,43,JLI,1,69,20700,9.133,8.5,17.8,22.7,51.7,109497.0,8,17,1
8,2,43,JLI,1,70,21000,9.819,8.9,21.8,27.6,28.3,101839.9,8,17,1
8,2,43,JLI,1,71,21300,11.514,9.9,26.4,30.3,81.2,86853.3,8,17,1
8,2,43,JLI,1,72,21600,18.306,11.9,30.3,35.7,1483.9,54626.9,8,17,1
8,2,43,JLI,1,73,21900,13.368,11.6,31.3,36.8,38.5,74805.5,8,17,1
8,2,43,JLI,1,74,22200,14.693,12.2,36.2,41.8,43.6,68058.1,8,17,1
8,2,43,JLI,1,75,22500,14.721,12.4,36.8,44.7,46.7,67930.2,8,17,1
8,2,43,JLI,1,76,22800,16.51,13.9,42.0,49.2,50.7,60570.6,8,17,1
8,2,43,JLI,1,77,23100,23.253,15.2,44.4,54.3,1750.0,43005.8,8,17,1
8,2,43,JLI,1,78,23400,19.827,16.6,50.9,79.3,107.7,50436.3,8,17,1
8,2,43,JLI,1,79,23700,19.531,16.5,50.2,61.0,69.5,51199.8,8,17,1
8,2,43,JLI,1,80,24000,21.346,18.3,56.8,68.2,71.1,46846.5,8,17,1
8,2,43,JLI,1,81,24300,26.328,21.4,66.4,95.6,121.5,37982.9,8,17,1
8,2,43,JLI,1,82,24600,21.638,16.6,59.8,71.4,77.1,46214.3,8,17,1
8,2,43,JLI,1,83,24900,35.005,13.4,55.8,77.3,3114.6,28567.3,8,18,1
8,2,43,JLI,1,84,25200,7.325,5.6,16.8,23.9,46.8,136525.0,8,18,1
8,2,43,JLI,1,85,25500,7.057,5.7,15.0,20.1,67.6,141710.0,8,18,1
8,2,43,JLI,1,86,25800,7.483,6.2,16.0,21.5,22.7,133630.3,8,18,1
8,2,43,JLI,1,87,26100,6.203,5.4,13.5,21.0,51.7,161203.7,8,18,1
8,2,43,JLI,1,88,26400,6.369,5.8,13.2,19.9,25.9,157010.5,8,18,1
8,2,43,JLI,1,89,26700,12.844,5.8,14.8,21.4,1836.0,77855.3,8,18,1
8,2,43,JLI,1,90,27000,6.567,6.1,13.0,17.8,19.1,152268.8,8,18,1
8,2,43,JLI,1,91,27300,7.037,6.4,14.4,16.4,20.4,142112.7,8,18,1
8,2,43,JLI,1,92,27600,7.742,7.0,15.1,18.4,64.2,129171.1,8,18,1
8,2,43,JLI,1,93,27900,7.594,6.9,15.3,18.4,18.5,131682.9,8,18,1
8,2,43,JLI,1,94,28200,13.888,7.5,16.5,30.5,1656.3,72002.9,8,18,1
8,2,43,JLI,1,95,28500,8.308,7.7,14.9,20.6,23.1,120365.9,8,18,1
8,2,43,JLI,1,96,28800,8.083,7.3,16.9,20.8,22.8,123711.3,8,18,1
8,2,43,JLI,1,97,29100,8.253,7.3,15.9,22.9,23.9,121173.0,8,18,1
8,2,43,JLI,1,98,29400,7.909,6.6,17.6,25.6,62.1,126432.9,8,18,1
8,2,43,JLI,1,99,29700,8.631,7.0,21.3,38.1,50.3,115856.9,8,18,1
8,2,43,JLI,1,100,30000,14.196,6.3,20.8,27.7,1916.4,70442.4,8,18,1
8,2,43,JLI,1,101,30300,6.671,4.1,17.5,29.5,30.1,149910.0,8,18,1
8,2,43,JLI,1,102,30600,7.195,5.6,17.2,29.2,32.3,138991.9,8,18,1
8,2,43,JLI,1,103,30900,17.29,7.1,35.3,50.0,2149.8,57835.8,8,19,1
8,2,43,JLI,1,104,31200,8.118,6.0,19.3,45.8,65.2,123188.1,8,19,1
8,2,43,JLI,1,105,31500,14.483,6.4,22.1,49.4,1763.8,69048.1,9,19,1
8,2,43,JLI,1,106,31800,5.706,4.4,13.1,18.2,21.1,175243.9,9,19,1
8,2,43,JLI,1,107,32100,4.636,3.3,10.6,16.7,57.6,215687.7,9,19,1
8,2,43,JLI,1,108,32400,4.77,3.9,9.6,15.2,15.5,209628.9,9,19,1
8,2,43,JLI,1,109,32700,5.474,4.8,10.9,15.7,23.1,182670.7,9,19,1
8,2,43,JLI,1,110,33000,3.673,3.0,8.3,11.7,15.3,272281.7,9,19,1
8,2,43,JLI,1,111,33300,11.265,4.8,15.0,66.8,1376.1,88767.9,9,19,1
8,2,43,JLI,1,112,33600,6.224,5.3,11.8,26.3,32.4,160668.4,9,19,1
8,2,43,JLI,1,113,33900,5.956,5.3,11.5,19.2,24.2,167907.3,9,19,1
8,2,43,JLI,1,114,34200,6.886,6.3,14.5,17.4,20.2,145222.2,9,19,1
8,2,43,JLI,1,115,34500,7.643,6.9,16.6,20.5,20.7,130838.7,9,19,1
8,2,43,JLI,1,116,34800,15.74,7.5,18.4,23.3,2238.3,63533.7,9,19,1
8,2,43,JLI,1,117,35100,10.045,7.7,22.8,50.6,87.5,99548.7,9,19,1
8,2,43,JLI,1,118,35400,9.662,8.1,22.2,29.2,64.5,103501.8,9,19,1
8,2,43,JLI,1,119,35700,10.634,8.9,24.2,30.1,32.2,94041.0,9,19,1
8,2,43,JLI,1,120,36000,10.425,8.4,24.8,33.9,35.0,95923.2,9,19,1
8,2,43,JLI,1,121,36300,12.553,10.0,31.2,36.8,72.5,79664.4,9,19,1
8,2,43,JLI,1,122,36600,13.949,10.8,33.2,64.9,97.6,71689.7,9,19,1
8,2,43,JLI,1,123,36900,18.756,5.4,27.2,52.4,3084.8,53315.3,9,20,1
8,2,43,JLI,1,124,37200,10.079,3.5,6.8,48.1,1760.4,99216.2,9,20,1
8,2,43,JLI,1,125,37500,5.215,4.6,9.4,14.5,74.8,191766.8,9,20,1
8,2,43,JLI,1,126,37800,6.661,6.1,12.0,17.1,53.8,150135.1,9,20,1
8,2,43,JLI,1,127,38100,8.265,7.4,16.5,32.2,66.4,120992.1,9,20,1
8,2,43,JLI,1,128,38400,8.865,7.8,18.5,23.4,58.5,112807.4,9,20,1
8,2,43,JLI,1,129,38700,10.923,9.9,24.1,27.4,32.0,91549.9,9,20,1
8,2,43,JLI,1,130,39000,17.485,9.9,25.2,29.8,2020.0,57191.9,9,20,1
8,2,43,JLI,1,131,39300,13.453,12.3,31.5,42.0,48.0,74331.0,9,20,1
8,2,43,JLI,1,132,39600,18.082,12.2,33.2,39.3,1328.8,55302.6,9,20,1
8,2,43,JLI,1,133,39900,3.635,3.1,6.7,18.3,28.8,275128.6,9,20,1
8,2,43,JLI,1,134,40200,4.73,4.4,7.8,9.4,64.1,211431.4,9,20,1
8,2,43,JLI,1,135,40500,12.044,5.6,10.3,17.0,1805.2,83026.6,9,20,1
8,2,43,JLI,1,136,40800,7.139,6.7,12.9,16.7,22.4,140082.1,9,20,1
8,2,43,JLI,1,137,41100,8.383,8.1,17.1,20.9,23.0,119293.8,9,20,1
8,2,43,JLI,1,138,41400,10.107,9.2,21.3,25.9,26.4,98938.1,9,20,1
8,2,43,JLI,1,139,41700,11.512,11.0,24.9,29.9,81.7,86868.4,9,20,1
8,2,43,JLI,1,140,42000,12.889,12.0,29.0,32.9,56.5,77583.5,9,20,1
8,2,43,JLI,1,141,42300,21.179,11.5,31.2,39.6,2325.4,47216.6,9,20,1
8,2,43,JLI,1,142,42600,22.791,12.1,32.5,42.7,2628.8,43876.3,9,21,1
8,2,43,JLI,1,143,42900,7.205,5.1,21.2,26.2,61.5,138792.5,9,21,1
8,2,43,JLI,1,144,43200,6.243,5.2,14.8,21.5,23.6,160170.8,9,21,1
8,2,43,JLI,1,145,43500,7.792,6.2,18.5,28.9,36.5,128342.2,9,21,1
8,2,43,JLI,1,146,43800,13.536,5.8,16.0,25.7,1994.5,73877.1,9,21,1
8,2,43,JLI,1,147,44100,6.378,5.1,15.4,20.6,58.0,156789.0,9,21,1
8,2,43,JLI,1,148,44400,6.199,5.5,12.8,18.2,55.8,161316.3,9,21,1
8,2,43,JLI,1,149,44700,5.088,3.7,10.6,13.7,15.9,196540.8,9,21,1
8,2,43,JLI,1,150,45000,6.211,5.1,12.7,16.9,51.5,161013.3,9,21,1
8,2,43,JLI,1,151,45300,13.56,5.7,18.2,24.2,1992.8,73746.3,9,21,1
8,2,43,JLI,1,152,45600,6.706,5.7,14.9,18.8,19.6,149127.6,9,21,1
8,2,43,JLI,1,153,45900,5.732,4.7,13.0,19.4,19.7,174459.2,9,21,1
8,2,43,JLI,1,154,46200,5.931,3.8,14.8,21.3,64.2,168615.1,9,21,1
8,2,43,JLI,1,155,46500,6.704,5.2,16.2,21.5,22.7,149164.7,9,21,1
8,2,43,JLI,1,156,46800,7.457,6.1,17.6,23.2,27.4,134102.2,9,21,1
8,2,43,JLI,1,157,47100,14.607,6.7,21.1,43.5,1875.3,68460.3,9,21,1
8,2,43,JLI,1,158,47400,8.016,7.0,16.6,24.4,28.0,124755.7,9,21,1
8,2,43,JLI,1,159,47700,8.472,7.5,17.1,29.5,30.2,118040.5,9,21,1
8,2,43,JLI,1,160,48000,7.278,4.4,20.2,28.6,31.2,137400.4,9,21,1
8,2,43,JLI,1,161,48300,6.613,4.0,22.2,30.2,31.3,151217.3,9,21,1
8,2,43,JLI,1,162,48600,7.255,4.9,20.4,30.6,32.4,137842.3,9,21,1
8,2,43,JLI,1,163,48900,19.281,6.2,29.2,48.5,2854.3,51865.4,9,22,1
8,2,43,JLI,1,164,49200,7.323,5.1,17.3,46.4,50.9,136556.1,9,22,1
8,2,43,JLI,1,165,49500,6.934,5.4,15.9,21.3,25.5,144223.9,9,22,1
8,2,43,JLI,1,166,49800,11.422,3.8,13.3,19.4,1850.1,87547.8,10,22,1
8,2,43,JLI,1,167,50000,4.521,3.4,10.6,17.3,17.8,221165.7,10,22,1
8,2,43,SkipList,1,1,300,5.627,4.9,10.0,15.0,107.3,177704.1,0,0,0
8,2,43,SkipList,1,2,600,5.425,4.8,10.4,14.2,18.7,184320.5,0,0,0
8,2,43,SkipList,1,3,900,4.48,4.2,7.7,9.8,15.0,223230.8,0,0,0
8,2,43,SkipList,1,4,1200,3.865,3.5,7.0,8.4,12.0,258732.2,0,0,0
8,2,43,SkipList,1,5,1500,4.035,3.6,6.7,8.2,69.1,247811.0,0,0,0
8,2,43,SkipList,1,6,1800,3.607,3.4,6.2,7.8,8.2,277238.8,0,0,0
8,2,43,SkipList,1,7,2100,3.548,3.3,6.1,8.4,10.6,281875.4,0,0,0
8,2,43,SkipList,1,8,2400,3.371,3.2,5.5,7.3,8.8,296677.3,0,0,0
8,2,43,SkipList,1,9,2700,3.595,3.2,5.8,6.9,59.8,278190.0,0,0,0
8,2,43,SkipList,1,10,3000,3.279,3.2,5.5,7.4,7.9,304940.0,0,0,0
8,2,43,SkipList,1,11,3300,3.236,3.1,5.3,6.5,9.1,309055.3,0,0,0
8,2,43,SkipList,1,12,3600,3.067,2.9,5.1,6.2,6.8,326051.5,0,0,0
8,2,43,SkipList,1,13,3900,3.388,3.0,5.2,9.6,62.6,295159.3,0,0,0
8,2,43,SkipList,1,14,4200,3.908,3.7,6.8,10.3,12.6,255885.2,0,0,0
8,2,43,SkipList,1,15,4500,4.074,3.8,7.3,9.0,12.7,245438.9,0,0,0
8,2,43,SkipList,1,16,4800,4.218,4.0,6.6,10.8,25.4,237097.8,0,0,0
8,2,43,SkipList,1,17,5100,4.118,3.9,6.5,9.7,78.9,242836.3,0,0,0
8,2,43,SkipList,1,18,5400,3.604,3.5,6.1,7.6,8.4,277469.3,0,0,0
8,2,43,SkipList,1,19,5700,3.496,3.2,6.3,8.2,9.7,286013.9,0,0,0
8,2,43,SkipList,1,20,6000,3.537,3.3,5.8,8.0,9.9,282752.0,0,0,0
8,2,43,SkipList,1,21,6300,3.47,3.0,5.8,7.0,57.5,288212.1,0,0,0
8,2,43,SkipList,1,22,6600,3.307,3.0,5.7,6.9,8.0,302419.3,0,0,0
8,2,43,SkipList,1,23,6900,3.276,3.1,5.6,6.9,10.2,305281.4,0,0,0
8,2,43,SkipList,1,24,7200,3.106,3.0,5.0,5.7,5.8,321992.1,0,0,0
8,2,43,SkipList,1,25,7500,3.053,2.9,5.1,6.3,8.3,327510.9,0,0,0
8,2,43,SkipList,1,26,7800,3.381,3.0,5.8,7.7,57.7,295799.7,0,0,0
8,2,43,SkipList,1,27,8100,4.162,3.8,7.2,11.2,18.4,240288.4,0,0,0
8,2,43,SkipList,1,28,8400,3.781,3.5,6.1,7.6,13.0,264456.9,0,0,0
8,2,43,SkipList,1,29,8700,3.818,3.4,5.8,11.5,67.7,261894.3,0,0,0
8,2,43,SkipList,1,30,9000,3.455,3.2,5.6,7.0,8.0,289435.6,0,0,0
8,2,43,SkipList,1,31,9300,3.343,3.2,5.4,6.7,8.8,299132.5,0,0,0
8,2,43,SkipList,1,32,9600,3.217,3.1,5.2,6.8,8.5,310880.9,0,0,0
8,2,43,SkipList,1,33,9900,7.692,3.3,5.7,8.0,1302.0,130005.2,0,0,0
8,2,43,SkipList,1,34,10200,3.259,3.1,5.4,6.4,7.0,306842.7,0,0,0
8,2,43,SkipList,1,35,10500,3.032,2.9,5.0,6.0,7.8,329851.4,0,0,0
8,2,43,SkipList,1,36,10800,3.179,3.0,5.1,6.8,8.2,314564.3,0,0,0
8,2,43,SkipList,1,37,11100,214.968,3.0,5.9,15.1,63473.5,4651.9,0,0,0
8,2,43,SkipList,1,38,11400,4.122,3.9,7.3,9.2,11.4,242620.3,0,0,0
8,2,43,SkipList,1,39,11700,3.621,3.5,6.0,8.1,9.5,276141.3,0,0,0
8,2,43,SkipList,1,40,12000,4.93,4.2,10.6,16.2,37.1,202839.8,0,0,0
8,2,43,SkipList,1,41,12300,6.769,5.6,11.7,16.5,179.5,147739.5,0,0,0
8,2,43,SkipList,1,42,12600,5.671,5.3,10.8,15.0,22.0,176335.7,0,0,0
8,2,43,SkipList,1,43,12900,5.181,5.0,8.9,12.8,15.0,193025.3,0,0,0
8,2,43,SkipList,1,44,13200,4.911,4.5,9.0,12.9,15.3,203624.5,0,0,0
8,2,43,SkipList,1,45,13500,5.03,4.4,8.0,15.5,99.9,198794.0,0,0,0
8,2,43,SkipList,1,46,13800,4.559,4.4,7.7,10.9,11.4,219330.4,0,0,0
8,2,43,SkipList,1,47,14100,4.56,4.2,8.1,9.4,15.3,219282.2,0,0,0
8,2,43,SkipList,1,48,14400,8.54,6.7,17.8,32.5,100.9,117091.4,0,0,0
8,2,43,SkipList,1,49,14700,7.919,7.0,15.4,22.1,28.0,126273.3,0,0,0
8,2,43,SkipList,1,50,15000,6.738,6.0,12.0,16.0,141.9,148412.0,0,0,0
8,2,43,SkipList,1,51,15300,5.502,5.2,10.0,14.2,19.4,181763.1,0,0,0
8,2,43,SkipList,1,52,15600,5.874,5.4,10.5,13.6,24.5,170232.1,0,0,0
8,2,43,SkipList,1,53,15900,6.004,5.5,11.4,13.2,13.6,166546.4,0,0,0
8,2,43,SkipList,1,54,16200,6.021,5.3,10.6,14.9,116.8,166085.4,0,0,0
8,2,43,SkipList,1,55,16500,6.419,5.8,12.0,17.8,23.3,155795.6,0,0,0
8,2,43,SkipList,1,56,16800,6.469,5.9,11.5,17.2,18.1,154583.4,0,0,0
8,2,43,SkipList,1,57,17100,6.113,5.8,10.6,14.0,15.8,163585.8,0,0,0
8,2,43,SkipList,1,58,17400,6.437,5.7,11.4,13.9,115.8,155343.9,0,0,0
8,2,43,SkipList,1,59,17700,5.967,5.7,10.7,15.2,28.3,167579.1,0,0,0
8,2,43,SkipList,1,60,18000,5.429,4.8,9.6,16.2,32.3,184207.3,0,0,0
8,2,43,SkipList,1,61,18300,4.994,4.8,8.6,11.5,12.2,200227.0,0,0,0
8,2,43,SkipList,1,62,18600,5.247,4.7,9.7,14.8,16.1,190573.0,0,0,0
8,2,43,SkipList,1,63,18900,11.062,9.2,20.2,39.3,151.7,90396.9,0,0,0
8,2,43,SkipList,1,64,19200,11.309,10.5,21.1,30.5,33.4,88422.5,0,0,0
8,2,43,SkipList,1,65,19500,5.358,5.0,8.9,11.6,18.2,186625.1,0,0,0
8,2,43,SkipList,1,66,19800,4.542,4.2,7.9,13.6,13.8,220151.2,0,0,0
8,2,43,SkipList,1,67,20100,4.261,3.8,7.9,10.4,11.4,234705.1,0,0,0
8,2,43,SkipList,1,68,20400,4.1,3.9,7.0,8.2,9.6,243882.6,0,0,0
8,2,43,SkipList,1,69,20700,3.835,3.6,6.8,8.9,11.6,260756.1,0,0,0
8,2,43,SkipList,1,70,21000,3.917,3.6,5.9,9.9,60.2,255319.2,0,0,0
8,2,43,SkipList,1,71,21300,4.522,4.0,9.3,13.2,22.2,221124.8,0,0,0
8,2,43,SkipList,1,72,21600,4.602,4.3,7.9,10.3,11.9,217312.6,0,0,0
8,2,43,SkipList,1,73,21900,4.295,4.1,7.6,9.5,9.8,232810.7,0,0,0
8,2,43,SkipList,1,74,22200,4.08,3.6,6.8,10.5,71.9,245118.0,0,0,0
8,2,43,SkipList,1,75,22500,4.012,3.8,6.6,7.7,16.7,249252.2,0,0,0
8,2,43,SkipList,1,76,22800,3.686,3.4,6.2,7.4,8.2,271321.2,0,0,0
8,2,43,SkipList,1,77,23100,3.496,3.3,5.7,7.4,7.8,286041.1,0,0,0
8,2,43,SkipList,1,78,23400,3.434,3.3,5.8,7.5,10.8,291205.6,0,0,0
8,2,43,SkipList,1,79,23700,3.604,3.3,5.5,7.0,64.2,277443.7,0,0,0
8,2,43,SkipList,1,80,24000,3.47,3.2,5.7,8.6,10.8,288212.1,0,0,0
8,2,43,SkipList,1,81,24300,3.296,3.2,5.4,7.2,10.6,303428.7,0,0,0
8,2,43,SkipList,1,82,24600,3.322,3.2,5.4,7.0,8.0,301053.7,0,0,0
8,2,43,SkipList,1,83,24900,4.696,4.0,8.5,13.4,69.8,212962.3,0,0,0
8,2,43,SkipList,1,84,25200,4.501,4.2,7.3,13.9,14.8,222172.8,0,0,0
8,2,43,SkipList,1,85,25500,4.017,3.8,6.7,9.3,10.0,248962.7,0,0,0
8,2,43,SkipList,1,86,25800,3.764,3.5,6.5,7.6,10.9,265698.3,0,0,0
8,2,43,SkipList,1,87,26100,3.615,3.4,6.4,7.5,9.9,276650.6,0,0,0
8,2,43,SkipList,1,88,26400,3.467,3.2,5.8,7.2,8.2,288461.6,0,0,0
8,2,43,SkipList,1,89,26700,3.336,3.2,5.3,6.5,11.6,299760.2,0,0,0
8,2,43,SkipList,1,90,27000,3.724,3.4,5.8,8.7,60.1,268504.4,0,0,0
8,2,43,SkipList,1,91,27300,3.284,3.1,5.1,6.3,7.5,304506.7,0,0,0
8,2,43,SkipList,1,92,27600,3.301,3.1,5.2,7.1,10.0,302938.4,0,0,0
8,2,43,SkipList,1,93,27900,3.415,3.2,5.5,7.6,16.3,292797.2,0,0,0
8,2,43,SkipList,1,94,28200,4.583,4.0,7.7,11.7,81.8,218213.5,0,0,0
8,2,43,SkipList,1,95,28500,4.349,4.1,7.1,9.8,11.4,229920.2,0,0,0
8,2,43,SkipList,1,96,28800,4.446,4.2,7.9,11.1,21.9,224904.4,0,0,0
8,2,43,SkipList,1,97,29100,4.113,3.9,7.1,10.4,13.3,243151.1,0,0,0
8,2,43,SkipList,1,98,29400,4.145,3.7,7.0,10.3,72.6,241235.1,0,0,0
8,2,43,SkipList,1,99,29700,3.63,3.3,6.1,7.9,10.3,275482.0,0,0,0
8,2,43,SkipList,1,100,30000,3.727,3.5,6.4,7.5,12.4,268336.2,0,0,0
8,2,43,SkipList,1,101,30300,3.621,3.4,6.0,8.2,13.1,276166.9,0,0,0
8,2,43,SkipList,1,102,30600,3.725,3.2,5.9,7.9,63.6,268456.4,0,0,0
8,2,43,SkipList,1,103,30900,3.254,3.1,5.1,6.1,7.0,307282.5,0,0,0
8,2,43,SkipList,1,104,31200,3.418,3.2,5.5,8.2,10.2,292597.4,0,0,0
8,2,43,SkipList,1,105,31500,3.41,3.2,5.4,6.7,10.0,293283.8,0,0,0
8,2,43,SkipList,1,106,31800,4.264,3.6,9.5,17.5,24.9,234503.2,0,0,0
8,2,43,SkipList,1,107,32100,4.342,3.8,7.2,11.8,91.4,230308.5,0,0,0
8,2,43,SkipList,1,108,32400,3.84,3.6,6.4,11.0,14.0,260394.2,0,0,0
8,2,43,SkipList,1,109,32700,3.75,3.5,6.1,7.9,9.0,266642.9,0,0,0
8,2,43,SkipList,1,110,33000,3.85,3.5,6.4,7.6,58.9,259740.3,0,0,0
8,2,43,SkipList,1,111,33300,3.544,3.4,5.7,6.7,10.0,282166.8,0,0,0
8,2,43,SkipList,1,112,33600,3.673,3.5,6.0,9.5,12.3,272257.0,0,0,0
8,2,43,SkipList,1,113,33900,3.464,3.3,5.5,6.8,9.3,288683.6,0,0,0
8,2,43,SkipList,1,114,34200,3.465,3.2,5.2,9.3,54.5,288627.9,0,0,0
8,2,43,SkipList,1,115,34500,3.319,3.2,5.5,7.0,7.2,301325.8,0,0,0
8,2,43,SkipList,1,116,34800,3.263,3.1,5.0,6.0,9.3,306466.4,0,0,0
8,2,43,SkipList,1,117,35100,3.235,3.1,5.3,6.6,8.1,309087.2,0,0,0
8,2,43,SkipList,1,118,35400,3.97,3.5,6.7,9.8,56.6,251889.3,0,0,0
8,2,43,SkipList,1,119,35700,3.964,3.7,6.5,9.8,17.6,252270.5,0,0,0
8,2,43,SkipList,1,120,36000,3.885,3.6,6.7,9.0,15.0,257400.3,0,0,0
8,2,43,SkipList,1,121,36300,3.662,3.5,6.0,7.6,10.3,273074.8,0,0,0
8,2,43,SkipList,1,122,36600,3.803,3.4,5.9,8.3,68.6,262927.2,0,0,0
8,2,43,SkipList,1,123,36900,3.45,3.3,5.9,6.8,8.7,289883.2,0,0,0
8,2,43,SkipList,1,124,37200,3.318,3.1,5.3,7.0,8.6,301356.2,0,0,0
8,2,43,SkipList,1,125,37500,3.455,3.3,6.0,7.4,10.3,289463.5,0,0,0
8,2,43,SkipList,1,126,37800,3.554,3.2,6.0,7.3,61.6,281346.8,0,0,0
8,2,43,SkipList,1,127,38100,3.264,3.1,5.4,6.6,7.1,306403.9,0,0,0
8,2,43,SkipList,1,128,38400,3.323,3.2,5.2,6.1,8.7,300963.1,0,0,0
8,2,43,SkipList,1,129,38700,3.149,3.0,5.1,6.1,8.6,317561.0,0,0,0
8,2,43,SkipList,1,130,39000,3.957,3.5,6.4,12.4,62.3,252716.7,0,0,0
8,2,43,SkipList,1,131,39300,4.086,3.8,7.2,10.2,13.4,244718.2,0,0,0
8,2,43,SkipList,1,132,39600,3.823,3.6,6.5,9.0,12.5,261597.5,0,0,0
8,2,43,SkipList,1,133,39900,3.576,3.4,6.2,7.7,7.8,279642.1,0,0,0
8,2,43,SkipList,1,134,40200,7.587,3.5,6.1,7.2,1179.3,131810.2,0,0,0
8,2,43,SkipList,1,135,40500,3.575,3.4,6.0,7.2,9.3,279746.4,0,0,0
8,2,43,SkipList,1,136,40800,3.371,3.3,5.4,6.9,7.5,296648.0,0,0,0
8,2,43,SkipList,1,137,41100,3.338,3.1,5.3,7.0,7.8,299610.4,0,0,0
8,2,43,SkipList,1,138,41400,3.443,3.1,5.7,7.1,51.2,290444.3,0,0,0
8,2,43,SkipList,1,139,41700,3.372,3.2,5.6,6.3,6.3,296589.2,0,0,0
8,2,43,SkipList,1,140,42000,3.225,3.1,5.1,6.0,7.0,310045.6,0,0,0
8,2,43,SkipList,1,141,42300,3.203,3.1,5.5,6.8,9.7,312174.7,0,0,0
8,2,43,SkipList,1,142,42600,4.368,3.8,7.5,20.0,59.2,228955.2,0,0,0
8,2,43,SkipList,1,143,42900,4.073,3.8,7.5,10.0,13.0,245499.2,0,0,0
8,2,43,SkipList,1,144,43200,3.783,3.6,6.2,9.5,10.6,264363.7,0,0,0
8,2,43,SkipList,1,145,43500,3.611,3.5,5.9,7.5,9.5,276931.6,0,0,0
8,2,43,SkipList,1,146,43800,3.638,3.4,5.7,7.3,60.4,274876.3,0,0,0
8,2,43,SkipList,1,147,44100,3.432,3.2,5.9,7.4,10.9,291403.6,0,0,0
8,2,43,SkipList,1,148,44400,3.4,3.2,5.5,7.3,9.5,294117.7,0,0,0
8,2,43,SkipList,1,149,44700,3.331,3.3,5.2,6.8,6.9,300180.2,0,0,0
8,2,43,SkipList,1,150,45000,3.282,3.1,5.4,6.8,7.3,304661.2,0,0,0
8,2,43,SkipList,1,151,45300,3.211,3.1,5.1,6.8,7.0,311461.8,0,0,0
8,2,43,SkipList,1,152,45600,3.242,3.1,5.2,7.3,10.9,308451.6,0,0,0
8,2,43,SkipList,1,153,45900,3.144,3.0,5.1,6.2,6.9,318032.5,0,0,0
8,2,43,SkipList,1,154,46200,3.257,3.0,4.9,6.9,59.8,307030.9,0,0,0
8,2,43,SkipList,1,155,46500,5.383,4.8,9.4,14.0,45.1,185781.6,0,0,0
8,2,43,SkipList,1,156,46800,4.111,3.7,7.4,10.1,13.6,243230.1,0,0,0
8,2,43,SkipList,1,157,47100,3.753,3.5,6.2,7.9,10.0,266477.2,0,0,0
8,2,43,SkipList,1,158,47400,3.765,3.3,6.2,8.5,57.2,265627.7,0,0,0
8,2,43,SkipList,1,159,47700,3.556,3.3,6.1,7.9,9.9,281188.5,0,0,0
8,2,43,SkipList,1,160,48000,3.336,3.1,5.5,8.1,9.3,299730.2,0,0,0
8,2,43,SkipList,1,161,48300,3.374,3.2,5.3,7.3,8.8,296413.5,0,0,0
8,2,43,SkipList,1,162,48600,3.346,3.0,5.4,7.8,51.0,298864.3,0,0,0
8,2,43,SkipList,1,163,48900,3.29,3.1,5.6,6.7,7.4,303951.4,0,0,0
8,2,43,SkipList,1,164,49200,3.191,3.0,5.7,6.8,7.4,313381.3,0,0,0
8,2,43,SkipList,1,165,49500,3.355,3.0,5.7,7.4,51.3,298032.9,0,0,0
8,2,43,SkipList,1,166,49800,3.101,3.0,5.3,6.2,6.8,322442.0,0,0,0
8,2,43,SkipList,1,167,50000,4.388,3.8,7.9,23.0,24.9,227894.2,0,0,0
8,2,43,JLI,2,1,50300,6.815,4.2,18.6,53.4,125.2,146728.0,10,22,1
8,2,43,JLI,2,2,50600,5.798,4.1,17.8,28.9,35.5,172463.4,10,22,1
8,2,43,JLI,2,3,50900,5.445,4.8,10.8,23.5,28.6,183654.7,10,22,1
8,2,43,JLI,2,4,51200,5.512,4.8,10.9,17.5,19.5,181411.4,10,22,1
8,2,43,JLI,2,5,51500,12.826,3.0,6.2,8.5,2838.4,77966.6,10,22,1
8,2,43,JLI,2,6,51800,3.956,3.8,6.6,8.1,8.6,252780.5,10,22,1
8,2,43,JLI,2,7,52100,4.622,4.3,8.1,10.0,12.8,216372.1,10,22,1
8,2,43,JLI,2,8,52400,5.57,5.0,11.0,14.1,22.4,179543.9,10,22,1
8,2,43,JLI,2,9,52700,7.116,6.4,15.2,16.6,85.4,140528.4,10,22,1
8,2,43,JLI,2,10,53000,16.281,6.3,14.6,18.9,2774.0,61420.0,10,22,1
8,2,43,JLI,2,11,53300,8.301,7.1,19.0,23.0,30.9,120462.6,10,22,1
8,2,43,JLI,2,12,53600,8.76,7.5,20.2,25.4,26.6,114150.9,10,22,1
8,2,43,JLI,2,13,53900,10.369,8.7,24.8,32.1,51.9,96438.2,10,22,1
8,2,43,JLI,2,14,54200,10.939,8.6,26.6,32.8,34.6,91413.3,10,22,1
8,2,43,JLI,2,15,54500,11.591,8.9,28.5,35.6,37.0,86273.8,10,22,1
8,2,43,JLI,2,16,54800,21.901,10.1,28.7,43.4,2956.8,45660.7,10,23,1
8,2,43,JLI,2,17,55100,9.033,5.1,29.5,68.9,76.1,110705.2,10,23,1
8,2,43,JLI,2,18,55400,15.522,5.9,19.9,56.5,2308.8,64423.3,11,23,1
8,2,43,JLI,2,19,55700,6.318,5.2,15.4,20.3,21.9,158277.9,11,23,1
8,2,43,JLI,2,20,56000,6.375,5.4,13.1,18.9,55.4,156862.8,11,23,1
8,2,43,JLI,2,21,56300,6.795,5.9,14.6,19.3,53.4,147167.1,11,23,1
8,2,43,JLI,2,22,56600,7.129,6.2,14.5,19.3,23.5,140278.7,11,23,1
8,2,43,JLI,2,23,56900,13.045,10.7,30.0,40.9,186.9,76659.7,11,23,1
8,2,43,JLI,2,24,57200,19.134,6.7,23.1,32.6,3092.6,52262.1,12,23,1
8,2,43,JLI,2,25,57500,6.045,5.3,12.2,22.9,30.2,165425.9,12,23,1
8,2,43,JLI,2,26,57800,4.914,3.9,10.5,12.3,17.1,203500.2,12,23,1
8,2,43,JLI,2,27,58100,5.312,4.4,10.3,14.2,15.4,188253.0,12,23,1
8,2,43,JLI,2,28,58400,6.22,5.2,11.6,14.3,88.8,160780.3,12,23,1
8,2,43,JLI,2,29,58700,16.291,6.3,15.4,24.0,2713.0,61384.8,12,23,1
8,2,43,JLI,2,30,59000,6.915,6.1,13.4,16.6,49.8,144613.2,12,23,1
8,2,43,JLI,2,31,59300,7.286,6.6,14.1,16.0,18.8,137255.8,12,23,1
8,2,43,JLI,2,32,59600,7.958,7.2,15.4,19.1,22.2,125659.7,12,23,1
8,2,43,JLI,2,33,59900,8.575,8.2,17.0,19.6,19.7,116613.6,12,23,1
8,2,43,JLI,2,34,60200,9.623,8.5,19.3,28.7,50.1,103921.3,12,23,1
8,2,43,JLI,2,35,60500,9.242,8.3,18.6,21.9,22.6,108197.8,12,23,1
8,2,43,JLI,2,36,60800,20.357,9.0,22.1,42.2,2961.6,49122.3,12,24,1
8,2,43,JLI,2,37,61100,8.984,5.3,27.2,53.2,55.1,111313.1,12,24,1
8,2,43,JLI,2,38,61400,14.251,5.2,22.0,33.1,1739.7,70172.2,12,24,1
8,2,43,JLI,2,39,61700,6.556,5.6,14.2,24.8,30.9,152532.1,12,24,1
8,2,43,JLI,2,40,62000,6.94,5.9,13.9,21.9,71.5,144085.3,12,24,1
8,2,43,JLI,2,41,62300,7.311,6.4,15.2,21.1,56.9,136774.0,12,24,1
8,2,43,JLI,2,42,62600,7.562,6.8,14.7,16.5,19.7,132234.4,12,24,1
8,2,43,JLI,2,43,62900,14.514,7.2,16.3,22.8,1930.8,68899.0,12,24,1
8,2,43,JLI,2,44,63200,9.225,7.7,19.3,28.8,75.1,108405.0,12,24,1
8,2,43,JLI,2,45,63500,8.824,7.8,17.6,22.9,24.0,113331.6,12,24,1
8,2,43,JLI,2,46,63800,9.501,8.1,18.3,24.2,60.3,105248.4,12,24,1
8,2,43,JLI,2,47,64100,9.745,8.2,21.3,25.9,27.8,102613.2,12,24,1
8,2,43,JLI,2,48,64400,10.169,8.0,21.9,31.2,32.1,98338.1,12,24,1
8,2,43,JLI,2,49,64700,21.461,10.0,28.2,41.4,2935.2,46596.2,12,24,1
8,2,43,JLI,2,50,65000,10.964,9.5,24.4,32.2,33.4,91204.8,12,24,1
8,2,43,JLI,2,51,65300,11.394,9.2,27.1,34.3,36.1,87768.1,12,24,1
8,2,43,JLI,2,52,65600,12.761,10.8,30.8,37.5,40.6,78363.8,12,24,1
8,2,43,JLI,2,53,65900,13.051,9.8,32.1,39.7,56.2,76620.5,12,24,1
8,2,43,JLI,2,54,66200,10.267,6.6,30.2,40.3,42.0,97399.4,12,24,1
8,2,43,JLI,2,55,66500,21.12,7.5,33.7,46.2,2961.6,47347.7,12,24,1
8,2,43,JLI,2,56,66800,12.046,8.0,30.6,47.3,49.9,83012.8,12,24,1
8,2,43,JLI,2,57,67100,25.15,11.0,38.5,57.2,3268.4,39761.4,12,25,1
8,2,43,JLI,2,58,67400,10.708,7.1,24.8,51.2,121.9,93391.0,12,25,1
8,2,43,JLI,2,59,67700,7.315,5.7,17.2,20.0,57.0,136705.4,12,25,1
8,2,43,JLI,2,60,68000,18.206,6.6,23.7,89.3,2508.9,54927.9,13,25,1
8,2,43,JLI,2,61,68300,4.104,3.4,6.8,8.6,72.1,243664.8,13,25,1
8,2,43,JLI,2,62,68600,4.763,4.4,7.7,9.9,56.8,209951.7,13,25,1
8,2,43,JLI,2,63,68900,5.265,5.0,8.9,11.4,55.4,189945.6,13,25,1
8,2,43,JLI,2,64,69200,5.704,5.2,11.0,12.8,53.8,175315.6,13,25,1
8,2,43,JLI,2,65,69500,16.108,6.3,14.0,54.6,2697.4,62082.2,14,25,1
8,2,43,JLI,2,66,69800,7.584,7.0,14.7,19.0,85.1,131862.4,14,25,1
8,2,43,JLI,2,67,70100,7.752,6.8,16.0,18.3,55.9,129004.5,14,25,1
8,2,43,JLI,2,68,70400,8.58,7.7,18.2,20.9,21.2,116545.6,14,25,1
8,2,43,JLI,2,69,70700,9.189,8.3,19.7,23.2,24.0,108829.7,14,25,1
8,2,43,JLI,2,70,71000,10.942,8.8,21.4,29.8,248.0,91391.0,14,25,1
8,2,43,JLI,2,71,71300,20.035,10.1,24.8,30.3,2658.4,49911.8,14,25,1
8,2,43,JLI,2,72,71600,10.829,9.3,23.0,29.4,63.4,92347.5,14,25,1
8,2,43,JLI,2,73,71900,12.384,11.4,27.1,32.8,33.2,80747.2,14,25,1
8,2,43,JLI,2,74,72200,16.575,12.7,38.3,63.4,324.1,60333.0,14,25,1
8,2,43,JLI,2,75,72500,13.558,12.8,31.2,39.0,40.8,73755.4,14,25,1
8,2,43,JLI,2,76,72800,25.231,12.2,34.8,42.7,3323.2,39633.8,14,26,1
8,2,43,JLI,2,77,73100,9.559,5.4,23.5,44.6,421.1,104617.1,14,26,1
8,2,43,JLI,2,78,73400,7.208,5.6,18.8,23.3,80.0,138734.7,14,26,1
8,2,43,JLI,2,79,73700,15.545,5.4,18.0,59.3,2498.1,64330.7,15,26,1
8,2,43,JLI,2,80,74000,6.401,5.4,15.1,18.5,55.7,156233.7,15,26,1
8,2,43,JLI,2,81,74300,6.615,5.7,13.5,21.2,22.1,151171.6,15,26,1
8,2,43,JLI,2,82,74600,5.352,5.1,10.2,14.7,29.2,186834.5,15,26,1
8,2,43,JLI,2,83,74900,8.999,7.1,18.5,86.4,126.2,111119.4,15,26,1
8,2,43,JLI,2,84,75200,16.944,6.3,16.0,27.0,2872.5,59019.1,15,26,1
8,2,43,JLI,2,85,75500,7.268,6.1,16.1,22.2,72.4,137589.4,15,26,1
8,2,43,JLI,2,86,75800,7.403,6.2,16.9,23.0,52.0,135086.4,15,26,1
8,2,43,JLI,2,87,76100,7.558,6.3,16.0,22.7,26.0,132310.1,15,26,1
8,2,43,JLI,2,88,76400,9.966,8.1,22.5,38.0,84.5,100337.8,15,26,1
8,2,43,JLI,2,89,76700,9.588,7.6,21.4,27.3,47.1,104293.4,15,26,1
8,2,43,JLI,2,90,77000,17.356,7.3,19.8,29.2,2584.1,57615.9,15,26,1
8,2,43,JLI,2,91,77300,8.852,7.1,19.9,31.0,71.5,112964.6,15,26,1
8,2,43,JLI,2,92,77600,10.334,8.3,27.9,33.6,83.5,96771.1,15,26,1
8,2,43,JLI,2,93,77900,12.33,10.0,30.0,43.2,53.4,81103.0,15,26,1
8,2,43,JLI,2,94,78200,10.247,9.3,20.7,28.5,31.5,97589.5,15,26,1
8,2,43,JLI,2,95,78500,10.542,9.1,24.9,34.3,35.5,94855.7,15,26,1
8,2,43,JLI,2,96,78800,27.469,11.6,38.1,151.3,3499.1,36404.2,15,27,1
8,2,43,JLI,2,97,79100,9.195,5.2,33.5,64.5,139.4,108754.8,15,27,1
8,2,43,JLI,2,98,79400,16.133,4.2,12.0,52.6,3171.5,61986.0,15,27,1
8,2,43,JLI,2,99,79700,6.255,5.0,13.2,51.6,55.7,159863.6,15,27,1
8,2,43,JLI,2,100,80000,6.543,5.4,13.5,24.6,56.4,152835.1,15,27,1
8,2,43,JLI,2,101,80300,9.703,7.6,22.3,54.1,83.8,103060.9,15,27,1
8,2,43,JLI,2,102,80600,8.317,7.0,18.5,22.2,31.2,120230.8,15,27,1
8,2,43,JLI,2,103,80900,19.439,8.2,18.8,25.0,3069.4,51443.0,15,27,1
8,2,43,JLI,2,104,81200,9.349,8.7,19.6,24.4,28.3,106967.1,15,27,1
8,2,43,JLI,2,105,81500,9.958,8.7,22.6,27.1,30.1,100418.4,15,27,1
8,2,43,JLI,2,106,81800,12.192,10.1,28.4,37.3,110.7,82023.2,15,27,1
8,2,43,JLI,2,107,82100,12.238,10.2,26.6,34.1,98.2,81710.5,15,27,1
8,2,43,JLI,2,108,82400,23.338,11.4,27.1,35.0,3135.3,42849.2,15,27,1
8,2,43,JLI,2,109,82700,14.349,11.8,31.3,42.9,81.3,69692.9,15,27,1
8,2,43,JLI,2,110,83000,13.749,11.2,33.8,41.2,55.2,72732.6,15,27,1
8,2,43,JLI,2,111,83300,13.862,11.0,34.3,43.1,46.0,72137.9,15,27,1
8,2,43,JLI,2,112,83600,15.859,12.4,37.7,50.7,55.8,63054.4,15,27,1
8,2,43,JLI,2,113,83900,16.068,12.7,38.9,48.4,52.1,62235.5,15,27,1
8,2,43,JLI,2,114,84200,26.29,12.5,43.9,52.2,3268.7,38036.8,15,27,1
8,2,43,JLI,2,115,84500,14.005,8.2,41.6,78.2,111.9,71401.4,15,27,1
8,2,43,JLI,2,116,84800,22.039,8.1,29.7,60.6,2999.6,45374.1,15,28,1
8,2,43,JLI,2,117,85100,5.676,4.8,13.3,21.1,55.5,176170.1,15,28,1
8,2,43,JLI,2,118,85400,5.362,4.9,9.8,20.2,57.3,186509.2,15,28,1
8,2,43,JLI,2,119,85700,6.42,6.2,12.1,14.6,56.2,155763.3,15,28,1
8,2,43,JLI,2,120,86000,15.953,6.9,14.4,36.6,2541.5,62685.4,15,28,1
8,2,43,JLI,2,121,86300,6.471,5.3,14.0,17.8,59.6,154527.7,15,28,1
8,2,43,JLI,2,122,86600,7.36,6.3,16.9,24.5,56.4,135863.4,15,28,1
8,2,43,JLI,2,123,86900,8.271,6.5,18.8,52.2,58.2,120909.2,15,28,1
8,2,43,JLI,2,124,87200,9.507,7.1,22.4,53.9,81.6,105189.4,15,28,1
8,2,43,JLI,2,125,87500,18.881,9.3,27.0,50.3,2198.0,52964.2,15,28,1
8,2,43,JLI,2,126,87800,10.037,8.2,24.1,30.2,74.9,99628.1,15,28,1
8,2,43,JLI,2,127,88100,12.021,9.8,26.0,59.1,61.7,83187.8,15,28,1
8,2,43,JLI,2,128,88400,12.308,9.8,30.6,46.4,59.3,81250.2,15,28,1
8,2,43,JLI,2,129,88700,15.221,11.4,38.2,61.9,101.1,65700.2,15,28,1
8,2,43,JLI,2,130,89000,14.262,12.1,33.3,40.5,66.1,70114.8,15,28,1
8,2,43,JLI,2,131,89300,23.024,11.7,39.4,51.8,2544.4,43432.3,15,28,1
8,2,43,JLI,2,132,89600,16.399,12.5,42.7,70.1,73.2,60979.3,15,28,1
8,2,43,JLI,2,133,89900,15.197,12.8,35.1,48.4,83.4,65803.9,15,28,1
8,2,43,JLI,2,134,90200,17.224,15.2,41.2,50.0,51.8,58057.4,15,28,1
8,2,43,JLI,2,135,90500,20.022,16.6,50.1,63.7,71.3,49945.1,15,28,1
8,2,43,JLI,2,136,90800,29.599,5.6,35.3,75.5,3564.9,33784.5,15,29,1
8,2,43,JLI,2,137,91100,6.103,5.0,13.1,25.2,55.7,163853.9,15,29,1
8,2,43,JLI,2,138,91400,10.619,6.4,16.5,23.6,1032.2,94173.8,15,29,1
8,2,43,JLI,2,139,91700,6.347,5.8,12.4,18.2,24.5,157554.7,15,29,1
8,2,43,JLI,2,140,92000,7.713,6.8,16.0,19.7,23.8,129651.2,15,29,1
8,2,43,JLI,2,141,92300,16.348,7.6,17.8,20.3,2353.4,61168.3,15,29,1
8,2,43,JLI,2,142,92600,8.716,7.8,19.0,22.4,24.2,114731.5,15,29,1
8,2,43,JLI,2,143,92900,10.074,9.2,23.2,29.6,32.9,99265.4,15,29,1
8,2,43,JLI,2,144,93200,10.969,10.1,26.0,28.6,30.5,91166.0,15,29,1
8,2,43,JLI,2,145,93500,11.054,9.4,26.5,31.6,32.4,90465.0,15,29,1
8,2,43,JLI,2,146,93800,12.449,10.9,30.2,35.8,87.3,80325.6,15,29,1
8,2,43,JLI,2,147,94100,21.655,10.6,31.5,37.7,2734.8,46179.4,15,29,1
8,2,43,JLI,2,148,94400,14.752,13.2,34.6,41.0,43.9,67785.9,15,29,1
8,2,43,JLI,2,149,94700,14.906,12.5,34.5,43.9,46.6,67087.1,15,29,1
8,2,43,JLI,2,150,95000,14.741,11.5,37.2,52.0,91.3,67838.0,15,29,1
8,2,43,JLI,2,151,95300,15.24,13.6,38.9,49.1,51.1,65618.2,15,29,1
8,2,43,JLI,2,152,95600,24.088,10.7,42.6,53.0,2773.5,41513.9,15,29,1
8,2,43,JLI,2,153,95900,17.085,12.4,49.0,64.5,103.6,58532.0,15,29,1
8,2,43,JLI,2,154,96200,16.39,11.7,49.0,60.2,62.3,61011.6,15,29,1
8,2,43,JLI,2,155,96500,17.443,12.1,53.2,62.1,64.0,57328.5,15,29,1
8,2,43,JLI,2,156,96800,18.691,5.1,31.4,58.2,3085.8,53500.7,15,30,1
8,2,43,JLI,2,157,97100,6.902,5.8,12.4,25.9,60.3,144885.5,15,30,1
8,2,43,JLI,2,158,97400,14.771,5.4,11.8,25.7,2558.9,67701.7,16,30,1
8,2,43,JLI,2,159,97700,5.677,5.3,11.6,17.6,19.2,176149.3,16,30,1
8,2,43,JLI,2,160,98000,6.099,5.7,10.7,17.8,21.1,163952.3,16,30,1
8,2,43,JLI,2,161,98300,7.255,6.4,13.1,27.6,67.4,137829.6,16,30,1
8,2,43,JLI,2,162,98600,7.6,7.0,15.7,24.1,28.4,131578.9,16,30,1
8,2,43,JLI,2,163,98900,7.8,7.1,15.7,23.0,24.0,128199.7,16,30,1
8,2,43,JLI,2,164,99200,17.602,6.8,14.3,19.0,3022.0,56810.7,17,30,1
8,2,43,JLI,2,165,99500,7.249,6.3,12.9,20.4,82.7,137943.7,17,30,1
8,2,43,JLI,2,166,99800,7.589,5.9,14.7,62.2,81.7,131763.9,17,30,1
8,2,43,JLI,2,167,100000,5.979,5.0,12.2,23.4,31.8,167266.0,17,30,1
8,2,43,SkipList,2,1,50300,5.856,5.2,11.3,16.1,18.1,170774.8,0,0,0
8,2,43,SkipList,2,2,50600,5.095,4.4,8.4,15.6,76.8,196258.0,0,0,0
8,2,43,SkipList,2,3,50900,4.254,3.9,7.3,9.1,12.0,235091.3,0,0,0
8,2,43,SkipList,2,4,51200,4.014,3.8,6.9,8.5,9.4,249107.3,0,0,0
8,2,43,SkipList,2,5,51500,3.809,3.5,6.4,9.1,10.7,262513.1,0,0,0
8,2,43,SkipList,2,6,51800,3.985,3.7,6.3,8.2,60.4,250962.0,0,0,0
8,2,43,SkipList,2,7,52100,3.737,3.5,6.1,8.9,9.9,267570.5,0,0,0
8,2,43,SkipList,2,8,52400,3.705,3.5,6.2,7.4,9.6,269905.5,0,0,0
8,2,43,SkipList,2,9,52700,3.765,3.6,6.5,8.0,8.8,265580.6,0,0,0
8,2,43,SkipList,2,10,53000,3.856,3.5,6.2,9.3,54.7,259313.8,0,0,0
8,2,43,SkipList,2,11,53300,4.867,4.3,9.2,12.2,22.6,205451.3,0,0,0
8,2,43,SkipList,2,12,53600,4.216,3.9,7.4,10.1,12.9,237173.0,0,0,0
8,2,43,SkipList,2,13,53900,4.166,3.9,7.1,9.2,11.4,240019.1,0,0,0
8,2,43,SkipList,2,14,54200,4.144,3.6,6.8,10.1,67.6,241332.2,0,0,0
8,2,43,SkipList,2,15,54500,3.556,3.4,5.6,7.3,8.3,281241.2,0,0,0
8,2,43,SkipList,2,16,54800,3.81,3.6,6.6,8.0,13.5,262467.2,0,0,0
8,2,43,SkipList,2,17,55100,3.544,3.4,6.3,8.0,9.3,282193.6,0,0,0
8,2,43,SkipList,2,18,55400,3.7,3.3,6.0,7.9,56.9,270245.9,0,0,0
8,2,43,SkipList,2,19,55700,3.638,3.4,5.9,7.9,11.8,274901.5,0,0,0
8,2,43,SkipList,2,20,56000,3.536,3.4,5.9,7.1,9.2,282805.5,0,0,0
8,2,43,SkipList,2,21,56300,3.453,3.2,5.6,7.4,9.1,289603.2,0,0,0
8,2,43,SkipList,2,22,56600,5.201,4.3,9.9,18.5,60.5,192270.7,0,0,0
8,2,43,SkipList,2,23,56900,4.855,4.4,8.2,13.0,25.3,205987.4,0,0,0
8,2,43,SkipList,2,24,57200,4.296,4.0,7.1,8.9,11.7,232774.6,0,0,0
8,2,43,SkipList,2,25,57500,4.034,3.8,7.1,9.1,12.3,247893.0,0,0,0
8,2,43,SkipList,2,26,57800,4.338,4.0,7.0,10.4,60.8,230521.0,0,0,0
8,2,43,SkipList,2,27,58100,3.746,3.5,6.4,8.6,9.4,266975.1,0,0,0
8,2,43,SkipList,2,28,58400,3.673,3.5,6.1,7.8,14.6,272281.7,0,0,0
8,2,43,SkipList,2,29,58700,3.71,3.5,5.7,9.1,9.9,269541.9,0,0,0
8,2,43,SkipList,2,30,59000,3.769,3.4,6.2,7.6,56.5,265345.8,0,0,0
8,2,43,SkipList,2,31,59300,3.468,3.3,5.7,7.7,10.2,288350.7,0,0,0
8,2,43,SkipList,2,32,59600,3.51,3.3,6.0,7.9,11.6,284900.3,0,0,0
8,2,43,SkipList,2,33,59900,3.735,3.5,6.9,9.0,11.4,267737.7,0,0,0
8,2,43,SkipList,2,34,60200,4.387,3.9,7.4,13.8,18.0,227963.5,0,0,0
8,2,43,SkipList,2,35,60500,8.693,3.9,6.9,9.7,1363.5,115039.5,0,0,0
8,2,43,SkipList,2,36,60800,3.818,3.6,6.8,8.3,9.1,261940.1,0,0,0
8,2,43,SkipList,2,37,61100,3.752,3.5,6.3,8.5,10.4,266548.2,0,0,0
8,2,43,SkipList,2,38,61400,3.658,3.5,6.0,7.9,8.5,273373.4,0,0,0
8,2,43,SkipList,2,39,61700,3.776,3.5,5.7,7.5,55.6,264830.5,0,0,0
8,2,43,SkipList,2,40,62000,3.496,3.4,5.9,8.5,9.7,286041.1,0,0,0
8,2,43,SkipList,2,41,62300,3.588,3.5,5.8,6.9,8.4,278681.0,0,0,0
8,2,43,SkipList,2,42,62600,3.364,3.2,5.4,6.6,8.6,297265.2,0,0,0
8,2,43,SkipList,2,43,62900,3.666,3.3,5.7,8.0,55.2,272752.0,0,0,0
8,2,43,SkipList,2,44,63200,3.725,3.5,6.4,11.8,23.6,268480.4,0,0,0
8,2,43,SkipList,2,45,63500,4.359,4.0,7.6,9.9,13.7,229410.4,0,0,0
8,2,43,SkipList,2,46,63800,4.27,4.0,7.0,10.0,12.2,234210.4,0,0,0
8,2,43,SkipList,2,47,64100,4.312,4.0,6.6,10.8,70.0,231910.9,0,0,0
8,2,43,SkipList,2,48,64400,3.842,3.7,6.2,8.0,9.8,260281.0,0,0,0
8,2,43,SkipList,2,49,64700,3.648,3.5,6.0,8.5,10.0,274097.9,0,0,0
8,2,43,SkipList,2,50,65000,3.661,3.4,6.1,7.3,8.5,273174.3,0,0,0
8,2,43,SkipList,2,51,65300,3.459,3.2,5.9,7.7,9.5,289128.8,0,0,0
8,2,43,SkipList,2,52,65600,3.907,3.5,6.0,9.2,63.5,255929.1,0,0,0
8,2,43,SkipList,2,53,65900,3.588,3.4,5.9,7.1,7.8,278680.9,0,0,0
8,2,43,SkipList,2,54,66200,3.526,3.3,5.9,7.1,7.6,283580.7,0,0,0
8,2,43,SkipList,2,55,66500,3.568,3.4,5.7,8.4,9.5,280242.9,0,0,0
8,2,43,SkipList,2,56,66800,4.0,3.5,6.4,11.8,57.1,250000.1,0,0,0
8,2,43,SkipList,2,57,67100,4.336,4.0,7.3,9.9,14.1,230609.6,0,0,0
8,2,43,SkipList,2,58,67400,5.181,4.8,8.9,13.6,15.5,193013.0,0,0,0
8,2,43,SkipList,2,59,67700,4.756,4.4,8.6,12.1,13.4,210246.0,0,0,0
8,2,43,SkipList,2,60,68000,4.6,4.3,7.8,10.1,63.8,217407.0,0,0,0
8,2,43,SkipList,2,61,68300,4.141,4.0,6.8,8.8,11.6,241468.1,0,0,0
8,2,43,SkipList,2,62,68600,3.962,3.7,6.6,9.7,12.7,252397.9,0,0,0
8,2,43,SkipList,2,63,68900,3.823,3.7,6.2,7.8,8.3,261597.4,0,0,0
8,2,43,SkipList,2,64,69200,4.061,3.6,6.8,8.8,58.3,246244.7,0,0,0
8,2,43,SkipList,2,65,69500,3.634,3.6,6.1,8.4,9.3,275204.0,0,0,0
8,2,43,SkipList,2,66,69800,3.623,3.5,5.9,7.7,10.9,275989.0,0,0,0
8,2,43,SkipList,2,67,70100,3.987,3.9,6.6,10.2,11.0,250836.2,0,0,0
8,2,43,SkipList,2,68,70400,4.972,4.4,8.4,12.6,82.2,201126.3,0,0,0
8,2,43,SkipList,2,69,70700,4.165,3.9,7.1,9.8,14.6,240095.9,0,0,0
8,2,43,SkipList,2,70,71000,3.921,3.6,6.9,8.2,18.1,255036.9,0,0,0
8,2,43,SkipList,2,71,71300,3.882,3.7,6.4,7.4,8.1,257577.0,0,0,0
8,2,43,SkipList,2,72,71600,4.063,3.6,6.6,7.5,63.6,246143.7,0,0,0
8,2,43,SkipList,2,73,71900,3.727,3.6,6.2,7.4,11.6,268336.3,0,0,0
8,2,43,SkipList,2,74,72200,3.608,3.5,5.7,7.0,10.0,277187.4,0,0,0
8,2,43,SkipList,2,75,72500,3.545,3.3,6.0,7.9,9.3,282114.0,0,0,0
8,2,43,SkipList,2,76,72800,3.848,3.5,6.2,7.4,55.8,259897.8,0,0,0
8,2,43,SkipList,2,77,73100,3.529,3.4,5.6,7.4,12.8,283393.2,0,0,0
8,2,43,SkipList,2,78,73400,3.558,3.4,5.8,8.7,12.9,281056.8,0,0,0
8,2,43,SkipList,2,79,73700,4.541,4.2,8.3,11.6,15.7,220215.7,0,0,0
8,2,43,SkipList,2,80,74000,4.959,4.6,8.5,12.8,61.5,201653.6,0,0,0
8,2,43,SkipList,2,81,74300,4.485,4.4,8.0,10.5,12.1,222948.9,0,0,0
8,2,43,SkipList,2,82,74600,4.247,4.0,7.5,8.7,12.3,235478.9,0,0,0
8,2,43,SkipList,2,83,74900,4.026,3.8,6.6,8.8,12.5,248406.1,0,0,0
8,2,43,SkipList,2,84,75200,7.994,3.9,7.2,9.9,1155.4,125099.0,0,0,0
8,2,43,SkipList,2,85,75500,3.791,3.7,6.3,7.4,7.6,263805.9,0,0,0
8,2,43,SkipList,2,86,75800,3.724,3.6,6.0,8.8,10.2,268552.5,0,0,0
8,2,43,SkipList,2,87,76100,3.568,3.4,5.9,7.3,8.2,280295.3,0,0,0
8,2,43,SkipList,2,88,76400,282.272,3.9,7.4,11.2,83404.7,3542.7,0,0,0
8,2,43,SkipList,2,89,76700,5.176,4.8,9.5,13.9,18.0,193187.0,0,0,0
8,2,43,SkipList,2,90,77000,4.878,4.5,8.7,11.5,17.7,205016.1,0,0,0
8,2,43,SkipList,2,91,77300,4.281,3.9,7.6,10.9,12.5,233590.3,0,0,0
8,2,43,SkipList,2,92,77600,4.13,3.9,7.2,8.7,11.1,242111.3,0,0,0
8,2,43,SkipList,2,93,77900,4.361,3.9,7.4,10.0,69.5,229305.2,0,0,0
8,2,43,SkipList,2,94,78200,3.909,3.8,6.3,8.9,9.8,255841.7,0,0,0
8,2,43,SkipList,2,95,78500,3.884,3.8,6.4,8.3,11.4,257444.5,0,0,0
8,2,43,SkipList,2,96,78800,3.824,3.6,6.5,7.8,9.1,261483.5,0,0,0
8,2,43,SkipList,2,97,79100,3.893,3.5,6.2,7.3,62.5,256893.4,0,0,0
8,2,43,SkipList,2,98,79400,3.612,3.5,5.8,7.4,9.3,276854.9,0,0,0
8,2,43,SkipList,2,99,79700,3.817,3.6,6.0,10.3,12.8,262008.7,0,0,0
8,2,43,SkipList,2,100,80000,5.251,4.8,9.8,14.1,16.0,190452.1,0,0,0
8,2,43,SkipList,2,101,80300,4.878,4.4,7.5,11.4,91.4,204988.1,0,0,0
8,2,43,SkipList,2,102,80600,4.106,4.0,7.0,9.1,10.1,243526.1,0,0,0
8,2,43,SkipList,2,103,80900,4.156,3.9,7.0,9.3,13.5,240596.8,0,0,0
8,2,43,SkipList,2,104,81200,3.895,3.7,6.6,8.7,12.8,256739.5,0,0,0
8,2,43,SkipList,2,105,81500,4.148,3.7,6.5,10.6,76.9,241099.4,0,0,0
8,2,43,SkipList,2,106,81800,3.829,3.7,6.1,7.5,8.6,261142.2,0,0,0
8,2,43,SkipList,2,107,82100,3.607,3.4,6.2,8.0,9.9,277238.7,0,0,0
8,2,43,SkipList,2,108,82400,3.769,3.6,6.2,8.1,9.5,265322.4,0,0,0
8,2,43,SkipList,2,109,82700,3.593,3.3,5.7,7.0,8.5,278344.7,0,0,0
8,2,43,SkipList,2,110,83000,3.603,3.4,5.9,7.7,10.7,277546.3,0,0,0
8,2,43,SkipList,2,111,83300,5.274,4.8,10.4,16.6,17.7,189597.4,0,0,0
8,2,43,SkipList,2,112,83600,4.488,4.3,7.8,9.5,12.5,222832.9,0,0,0
8,2,43,SkipList,2,113,83900,4.323,4.0,6.9,9.1,68.6,231302.9,0,0,0
8,2,43,SkipList,2,114,84200,3.955,3.8,6.7,7.9,10.1,252844.5,0,0,0
8,2,43,SkipList,2,115,84500,3.929,3.7,6.4,7.9,13.0,254496.1,0,0,0
8,2,43,SkipList,2,116,84800,3.815,3.7,6.3,7.5,11.1,262146.1,0,0,0
8,2,43,SkipList,2,117,85100,3.887,3.6,6.3,9.0,64.5,257245.8,0,0,0
8,2,43,SkipList,2,118,85400,3.781,3.6,6.5,7.5,8.6,264503.6,0,0,0
8,2,43,SkipList,2,119,85700,3.771,3.7,6.0,8.3,9.8,265181.6,0,0,0
8,2,43,SkipList,2,120,86000,3.717,3.5,6.0,8.2,10.2,269010.0,0,0,0
8,2,43,SkipList,2,121,86300,3.528,3.4,5.7,7.5,7.8,283419.9,0,0,0
8,2,43,SkipList,2,122,86600,5.863,4.8,11.0,20.0,70.0,170570.8,0,0,0
8,2,43,SkipList,2,123,86900,4.631,4.2,8.3,11.9,19.1,215936.2,0,0,0
8,2,43,SkipList,2,124,87200,3.949,3.7,6.9,9.7,12.5,253250.0,0,0,0
8,2,43,SkipList,2,125,87500,3.89,3.8,6.1,8.9,10.0,257069.5,0,0,0
8,2,43,SkipList,2,126,87800,4.031,3.6,6.4,8.3,61.2,248056.9,0,0,0
8,2,43,SkipList,2,127,88100,3.771,3.6,6.1,7.6,13.7,265181.6,0,0,0
8,2,43,SkipList,2,128,88400,3.688,3.5,6.0,7.5,8.0,271125.2,0,0,0
8,2,43,SkipList,2,129,88700,3.596,3.4,5.8,7.5,8.5,278061.0,0,0,0
8,2,43,SkipList,2,130,89000,3.774,3.4,5.8,8.2,59.3,264947.5,0,0,0
8,2,43,SkipList,2,131,89300,3.547,3.4,5.8,6.9,9.5,281928.4,0,0,0
8,2,43,SkipList,2,132,89600,3.437,3.3,5.6,8.2,10.2,290951.5,0,0,0
8,2,43,SkipList,2,133,89900,6.687,5.6,13.1,26.4,86.7,149551.3,0,0,0
8,2,43,SkipList,2,134,90200,5.891,5.2,9.8,14.0,83.8,169760.1,0,0,0
8,2,43,SkipList,2,135,90500,4.888,4.6,7.8,11.6,13.1,204582.6,0,0,0
8,2,43,SkipList,2,136,90800,4.371,4.2,7.3,9.8,11.8,228763.0,0,0,0
8,2,43,SkipList,2,137,91100,4.201,4.1,6.9,8.6,10.3,238057.5,0,0,0
8,2,43,SkipList,2,138,91400,4.129,3.9,7.2,8.4,10.2,242208.9,0,0,0
8,2,43,SkipList,2,139,91700,4.12,3.9,6.6,9.2,9.8,242698.9,0,0,0
8,2,43,SkipList,2,140,92000,3.916,3.8,6.1,7.9,9.5,255362.6,0,0,0
8,2,43,SkipList,2,141,92300,3.859,3.7,6.4,9.2,10.8,259134.5,0,0,0
8,2,43,SkipList,2,142,92600,4.668,3.9,7.2,23.5,137.6,214224.5,0,0,0
8,2,43,SkipList,2,143,92900,5.055,4.7,8.5,11.8,15.9,197837.0,0,0,0
8,2,43,SkipList,2,144,93200,4.497,4.2,7.5,10.4,11.0,222386.9,0,0,0
8,2,43,SkipList,2,145,93500,4.312,4.1,6.8,8.4,9.4,231928.9,0,0,0
8,2,43,SkipList,2,146,93800,4.165,3.8,7.6,9.9,10.6,240115.3,0,0,0
8,2,43,SkipList,2,147,94100,4.309,3.8,7.4,10.1,64.0,232054.4,0,0,0
8,2,43,SkipList,2,148,94400,3.873,3.8,6.2,8.5,11.3,258197.8,0,0,0
8,2,43,SkipList,2,149,94700,3.822,3.7,5.9,7.3,7.8,261643.3,0,0,0
8,2,43,SkipList,2,150,95000,3.679,3.4,6.2,9.4,11.1,271837.4,0,0,0
8,2,43,SkipList,2,151,95300,3.877,3.5,6.0,8.3,64.7,257931.3,0,0,0
8,2,43,SkipList,2,152,95600,3.658,3.5,6.0,8.9,13.3,273348.4,0,0,0
8,2,43,SkipList,2,153,95900,5.053,4.6,9.4,15.7,17.8,197889.3,0,0,0
8,2,43,SkipList,2,154,96200,4.38,4.2,7.2,8.3,10.1,228293.1,0,0,0
8,2,43,SkipList,2,155,96500,4.097,3.7,6.9,9.3,9.4,244061.2,0,0,0
8,2,43,SkipList,2,156,96800,4.238,3.8,6.7,10.2,63.1,235960.4,0,0,0
8,2,43,SkipList,2,157,97100,3.923,3.7,6.6,8.3,12.1,254928.6,0,0,0
8,2,43,SkipList,2,158,97400,3.68,3.5,6.3,7.7,8.4,271739.2,0,0,0
8,2,43,SkipList,2,159,97700,3.671,3.5,6.1,9.0,9.7,272430.1,0,0,0
8,2,43,SkipList,2,160,98000,3.912,3.5,6.2,9.4,63.1,255623.7,0,0,0
8,2,43,SkipList,2,161,98300,3.835,3.6,6.4,7.2,8.6,260733.5,0,0,0
8,2,43,SkipList,2,162,98600,3.562,3.3,6.0,8.0,11.3,280741.2,0,0,0
8,2,43,SkipList,2,163,98900,3.537,3.4,5.5,7.5,9.7,282725.6,0,0,0
8,2,43,SkipList,2,164,99200,4.196,3.8,7.3,12.1,14.3,238303.2,0,0,0
8,2,43,SkipList,2,165,99500,4.731,4.2,8.0,10.4,73.9,211371.8,0,0,0
8,2,43,SkipList,2,166,99800,4.222,4.0,7.2,8.8,14.0,236835.8,0,0,0
8,2,43,SkipList,2,167,100000,3.947,3.6,6.5,9.1,15.2,253325.0,0,0,0
8,2,43,JLI,3,1,100300,6.523,5.5,11.4,29.1,38.2,153303.7,17,30,1
8,2,43,JLI,3,2,100600,7.091,6.5,13.0,19.5,21.5,141023.8,17,30,1
8,2,43,JLI,3,3,100900,18.712,6.8,14.7,23.0,3368.5,53442.6,18,30,1
8,2,43,JLI,3,4,101200,5.95,5.3,11.9,18.7,41.4,168067.2,18,30,1
8,2,43,JLI,3,5,101500,9.195,6.5,16.8,24.6,518.0,108750.8,18,30,1
8,2,43,JLI,3,6,101800,6.748,6.2,11.9,19.0,22.2,148184.8,18,30,1
8,2,43,JLI,3,7,102100,7.696,7.1,13.8,23.9,44.8,129932.0,18,30,1
8,2,43,JLI,3,8,102400,7.876,6.8,14.7,17.5,84.0,126973.4,18,30,1
8,2,43,JLI,3,9,102700,8.336,7.6,15.5,18.3,19.5,119956.8,18,30,1
8,2,43,JLI,3,10,103000,22.918,7.5,22.8,57.1,3919.1,43633.8,18,31,1
8,2,43,JLI,3,11,103300,8.423,5.7,20.0,35.5,36.3,118722.5,18,31,1
8,2,43,JLI,3,12,103600,16.59,5.8,18.8,24.9,2620.2,60278.5,18,31,1
8,2,43,JLI,3,13,103900,7.552,6.0,18.3,22.7,23.9,132421.1,18,31,1
8,2,43,JLI,3,14,104200,8.166,6.3,16.8,21.9,26.0,122459.0,18,31,1
8,2,43,JLI,3,15,104500,6.559,3.7,18.5,29.0,48.9,152470.0,18,31,1
8,2,43,JLI,3,16,104800,5.111,4.0,13.2,20.5,24.9,195643.7,18,31,1
8,2,43,JLI,3,17,105100,13.516,5.1,10.5,15.2,2404.9,73984.6,18,31,1
8,2,43,JLI,3,18,105400,6.159,5.9,11.5,15.8,21.7,162364.1,18,31,1
8,2,43,JLI,3,19,105700,3.62,2.9,6.5,12.5,73.5,276217.6,18,31,1
8,2,43,JLI,3,20,106000,5.002,4.7,9.2,11.1,13.6,199906.7,18,31,1
8,2,43,JLI,3,21,106300,6.211,5.7,12.2,15.5,32.5,161004.7,18,31,1
8,2,43,JLI,3,22,106600,7.824,7.4,15.5,19.8,30.8,127806.4,18,31,1
8,2,43,JLI,3,23,106900,15.28,7.2,19.4,22.3,2050.1,65445.0,18,31,1
8,2,43,JLI,3,24,107200,9.451,8.7,21.5,27.4,39.8,105812.6,18,31,1
8,2,43,JLI,3,25,107500,11.39,10.2,27.7,32.6,36.3,87796.3,18,31,1
8,2,43,JLI,3,26,107800,15.607,12.9,35.6,50.2,61.1,64072.4,18,31,1
8,2,43,JLI,3,27,108100,14.616,13.1,33.4,40.7,45.0,68418.2,18,31,1
8,2,43,JLI,3,28,108400,25.33,13.8,40.8,44.2,2824.7,39479.4,18,31,1
8,2,43,JLI,3,29,108700,18.212,15.2,40.6,68.9,73.6,54908.9,18,31,1
8,2,43,JLI,3,30,109000,25.452,13.8,39.3,59.3,2932.1,39289.6,18,32,1
8,2,43,JLI,3,31,109300,8.068,5.8,19.5,56.8,81.2,123951.6,18,32,1
8,2,43,JLI,3,32,109600,8.863,6.4,21.4,48.9,61.4,112832.8,18,32,1
8,2,43,JLI,3,33,109900,7.765,5.3,21.1,28.7,92.7,128777.5,18,32,1
8,2,43,JLI,3,34,110200,15.911,5.4,18.5,28.5,2612.0,62850.9,18,32,1
8,2,43,JLI,3,35,110500,4.305,3.3,9.9,16.7,17.2,232288.0,18,32,1
8,2,43,JLI,3,36,110800,4.307,3.1,11.1,15.3,18.4,232180.1,18,32,1
8,2,43,JLI,3,37,111100,4.62,3.9,10.3,16.1,17.5,216450.2,18,32,1
8,2,43,JLI,3,38,111400,5.612,4.9,11.1,17.0,18.8,178189.6,18,32,1
8,2,43,JLI,3,39,111700,17.492,6.7,15.8,41.0,2996.3,57167.9,18,32,1
8,2,43,JLI,3,40,112000,8.011,7.2,16.0,28.5,67.3,124833.5,18,32,1
8,2,43,JLI,3,41,112300,8.397,7.8,17.4,19.9,29.2,119090.1,18,32,1
8,2,43,JLI,3,42,112600,9.038,8.0,18.8,23.7,24.3,110648.0,18,32,1
8,2,43,JLI,3,43,112900,10.408,9.1,22.7,26.1,99.8,96076.9,18,32,1
8,2,43,JLI,3,44,113200,11.693,10.2,26.0,41.1,53.8,85523.7,18,32,1
8,2,43,JLI,3,45,113500,21.666,11.0,26.6,34.2,2866.6,46154.6,18,32,1
8,2,43,JLI,3,46,113800,12.521,10.7,30.8,36.4,38.5,79868.0,18,32,1
8,2,43,JLI,3,47,114100,14.601,11.7,35.6,59.6,80.9,68486.9,18,32,1
8,2,43,JLI,3,48,114400,15.498,12.4,39.9,46.4,75.9,64524.5,18,32,1
8,2,43,JLI,3,49,114700,14.537,12.2,34.1,46.3,48.3,68790.0,18,32,1
8,2,43,JLI,3,50,115000,30.692,14.4,51.0,76.9,3734.2,32581.4,18,33,1
8,2,43,JLI,3,51,115300,7.889,4.5,22.5,59.7,61.1,126753.5,18,33,1
8,2,43,JLI,3,52,115600,4.754,3.7,10.9,16.9,23.4,210334.4,18,33,1
8,2,43,JLI,3,53,115900,11.117,4.3,10.7,20.8,1785.9,89949.6,18,33,1
8,2,43,JLI,3,54,116200,6.108,5.6,10.6,15.5,20.6,163710.7,18,33,1
8,2,43,JLI,3,55,116500,8.69,6.8,17.2,31.8,293.3,115079.2,18,33,1
8,2,43,JLI,3,56,116800,9.096,6.7,13.9,25.8,593.9,109934.4,18,33,1
8,2,43,JLI,3,57,117100,7.677,7.1,14.9,18.3,77.6,130264.9,18,33,1
8,2,43,JLI,3,58,117400,7.695,7.4,14.0,20.3,62.0,129954.5,18,33,1
8,2,43,JLI,3,59,117700,16.46,7.5,19.0,23.7,2399.0,60753.3,18,33,1
8,2,43,JLI,3,60,118000,11.737,9.5,23.2,30.4,316.4,85198.2,18,33,1
8,2,43,JLI,3,61,118300,10.709,9.5,23.4,30.2,80.2,93376.5,18,33,1
8,2,43,JLI,3,62,118600,11.107,9.4,25.9,32.7,67.0,90033.3,18,33,1
8,2,43,JLI,3,63,118900,12.087,10.2,30.2,35.3,64.4,82731.2,18,33,1
8,2,43,JLI,3,64,119200,14.745,11.6,31.5,53.4,223.1,67818.1,18,33,1
8,2,43,JLI,3,65,119500,27.569,11.3,34.0,53.8,4198.8,36272.6,18,33,1
8,2,43,JLI,3,66,119800,12.781,10.2,31.2,39.6,96.7,78243.2,18,33,1
8,2,43,JLI,3,67,120100,13.553,10.9,31.7,47.6,64.7,73784.4,18,33,1
8,2,43,JLI,3,68,120400,14.765,12.2,37.2,47.3,57.9,67727.7,18,33,1
8,2,43,JLI,3,69,120700,14.271,11.5,33.6,46.7,112.0,70072.2,18,33,1
8,2,43,JLI,3,70,121000,7.456,3.3,25.8,46.1,69.7,134126.2,18,33,1
8,2,43,JLI,3,71,121300,20.427,4.1,24.1,76.1,3721.3,48954.0,18,34,1
8,2,43,JLI,3,72,121600,7.916,5.1,20.8,59.7,67.1,126321.1,18,34,1
8,2,43,JLI,3,73,121900,13.701,5.3,17.2,60.0,1950.9,72989.2,18,34,1
8,2,43,JLI,3,74,122200,7.241,5.5,17.2,22.7,64.4,138108.8,18,34,1
8,2,43,JLI,3,75,122500,7.138,5.5,16.3,20.9,24.8,140101.8,18,34,1
8,2,43,JLI,3,76,122800,6.141,5.1,15.8,22.0,23.0,162839.9,18,34,1
8,2,43,JLI,3,77,123100,6.426,5.0,14.1,22.3,88.5,155609.7,18,34,1
8,2,43,JLI,3,78,123400,5.767,4.6,12.2,17.3,22.7,173400.4,18,34,1
8,2,43,JLI,3,79,123700,13.786,4.4,13.3,20.2,2355.6,72539.1,18,34,1
8,2,43,JLI,3,80,124000,4.811,3.0,11.8,14.7,15.1,207871.3,18,34,1
8,2,43,JLI,3,81,124300,5.436,3.8,12.2,16.4,88.8,183958.8,18,34,1
8,2,43,JLI,3,82,124600,6.304,4.7,14.4,17.9,69.0,158629.4,18,34,1
8,2,43,JLI,3,83,124900,6.858,5.9,15.3,20.3,21.2,145808.0,18,34,1
8,2,43,JLI,3,84,125200,7.476,6.7,14.9,20.6,21.6,133761.3,18,34,1
8,2,43,JLI,3,85,125500,15.801,7.2,15.7,26.9,2303.4,63288.5,18,34,1
8,2,43,JLI,3,86,125800,9.186,8.7,18.0,24.2,70.4,108857.4,18,34,1
8,2,43,JLI,3,87,126100,9.125,8.5,18.2,23.3,25.6,109593.0,18,34,1
8,2,43,JLI,3,88,126400,11.36,10.0,23.9,46.9,56.5,88028.2,18,34,1
8,2,43,JLI,3,89,126700,11.301,10.4,24.2,28.2,29.8,88485.1,18,34,1
8,2,43,JLI,3,90,127000,11.731,11.2,25.2,29.0,33.1,85246.6,18,34,1
8,2,43,JLI,3,91,127300,12.942,12.6,26.7,33.1,37.8,77269.8,18,34,1
8,2,43,JLI,3,92,127600,24.943,10.4,30.7,83.6,3425.1,40091.9,18,35,1
8,2,43,JLI,3,93,127900,19.5,6.3,29.0,67.5,2813.9,51282.9,18,35,1
8,2,43,JLI,3,94,128200,8.468,5.7,21.7,60.4,66.1,118091.6,18,35,1
8,2,43,JLI,3,95,128500,6.265,4.3,17.2,24.4,66.8,159617.0,18,35,1
8,2,43,JLI,3,96,128800,5.678,3.9,13.8,18.8,26.6,176118.3,18,35,1
8,2,43,JLI,3,97,129100,5.452,4.5,11.4,18.9,21.7,183407.7,18,35,1
8,2,43,JLI,3,98,129400,6.974,5.7,13.4,22.4,110.6,143389.7,18,35,1
8,2,43,JLI,3,99,129700,15.796,6.4,12.4,16.8,2712.2,63307.2,18,35,1
8,2,43,JLI,3,100,130000,7.176,7.0,13.0,16.9,24.1,139359.9,18,35,1
8,2,43,JLI,3,101,130300,8.337,8.0,15.3,18.7,73.2,119952.0,18,35,1
8,2,43,JLI,3,102,130600,8.784,7.6,19.8,26.6,79.3,113839.0,18,35,1
8,2,43,JLI,3,103,130900,4.813,3.3,12.4,15.1,17.0,207785.1,18,35,1
8,2,43,JLI,3,104,131200,13.45,4.6,12.3,16.6,2413.3,74347.6,18,35,1
8,2,43,JLI,3,105,131500,5.869,5.1,11.9,15.7,16.8,170377.1,18,35,1
8,2,43,JLI,3,106,131800,6.559,6.3,12.0,16.1,18.0,152470.0,18,35,1
8,2,43,JLI,3,107,132100,7.898,7.5,15.3,18.2,27.5,126609.0,18,35,1
8,2,43,JLI,3,108,132400,8.83,8.0,18.1,22.8,34.3,113250.3,18,35,1
8,2,43,JLI,3,109,132700,9.558,9.2,18.6,22.0,26.1,104628.0,18,35,1
8,2,43,JLI,3,110,133000,18.974,9.5,20.4,24.8,2618.1,52703.7,18,35,1
8,2,43,JLI,3,111,133300,11.486,11.1,24.3,29.1,31.1,87062.5,18,35,1
8,2,43,JLI,3,112,133600,24.811,11.4,31.7,69.3,3428.2,40304.7,18,36,1
8,2,43,JLI,3,113,133900,8.559,5.1,23.4,52.8,73.5,116836.1,18,36,1
8,2,43,JLI,3,114,134200,6.64,5.2,17.2,23.8,27.2,150610.0,18,36,1
8,2,43,JLI,3,115,134500,15.05,5.7,19.4,32.8,2256.5,66443.7,18,36,1
8,2,43,JLI,3,116,134800,7.964,5.8,19.4,28.3,94.9,125559.8,18,36,1
8,2,43,JLI,3,117,135100,8.554,6.3,19.2,66.4,83.9,116904.4,18,36,1
8,2,43,JLI,3,118,135400,7.267,6.1,15.7,21.4,25.7,137614.7,18,36,1
8,2,43,JLI,3,119,135700,8.571,7.1,18.4,22.7,27.3,116668.0,18,36,1
8,2,43,JLI,3,120,136000,8.734,7.3,17.7,24.7,71.1,114490.7,18,36,1
8,2,43,JLI,3,121,136300,17.619,6.8,21.6,32.1,2634.2,56755.8,19,36,1
8,2,43,JLI,3,122,136600,8.282,6.5,20.8,26.8,33.1,120738.9,19,36,1
8,2,43,JLI,3,123,136900,8.168,6.3,19.6,26.5,100.5,122424.0,19,36,1
8,2,43,JLI,3,124,137200,8.364,7.0,19.6,24.6,27.9,119560.1,19,36,1
8,2,43,JLI,3,125,137500,8.382,6.8,18.3,25.0,64.4,119308.0,19,36,1
8,2,43,JLI,3,126,137800,16.807,4.9,15.1,27.3,3035.4,59500.2,19,36,1
8,2,43,JLI,3,127,138100,6.49,5.2,15.3,23.9,24.5,154075.3,19,36,1
8,2,43,JLI,3,128,138400,7.538,5.4,17.0,27.2,124.5,132661.2,19,36,1
8,2,43,JLI,3,129,138700,6.605,5.3,14.7,18.2,24.8,151408.1,19,36,1
8,2,43,JLI,3,130,139000,6.993,5.8,14.4,21.6,28.0,143000.1,19,36,1
8,2,43,JLI,3,131,139300,7.694,6.8,15.0,19.3,23.8,129971.4,19,36,1
8,2,43,JLI,3,132,139600,29.617,7.6,35.5,71.9,4811.4,33764.0,19,37,1
8,2,43,JLI,3,133,139900,7.29,4.9,19.5,26.7,30.5,137167.9,19,37,1
8,2,43,JLI,3,134,140200,16.333,5.0,19.4,24.8,2780.7,61227.0,20,37,1
8,2,43,JLI,3,135,140500,7.319,5.0,19.5,24.9,34.0,136624.5,20,37,1
8,2,43,JLI,3,136,140800,7.026,4.9,18.9,27.0,31.7,142321.8,20,37,1
8,2,43,JLI,3,137,141100,6.47,4.9,15.7,24.9,32.2,154567.5,20,37,1
8,2,43,JLI,3,138,141400,5.596,4.5,16.1,28.4,29.7,178709.7,20,37,1
8,2,43,JLI,3,139,141700,5.402,4.3,12.6,20.7,76.7,185128.1,20,37,1
8,2,43,JLI,3,140,142000,15.318,4.8,13.2,20.4,2926.6,65284.1,20,37,1
8,2,43,JLI,3,141,142300,5.727,4.8,14.0,18.2,20.3,174611.5,20,37,1
8,2,43,JLI,3,142,142600,6.759,5.7,16.4,21.5,27.0,147950.9,20,37,1
8,2,43,JLI,3,143,142900,6.903,6.1,14.5,20.9,23.2,144864.6,20,37,1
8,2,43,JLI,3,144,143200,6.799,6.1,14.0,19.2,25.1,147073.2,20,37,1
8,2,43,JLI,3,145,143500,16.768,6.8,14.6,21.1,2843.7,59636.2,20,37,1
8,2,43,JLI,3,146,143800,7.01,6.7,12.9,18.8,21.4,142653.3,20,37,1
8,2,43,JLI,3,147,144100,8.863,7.9,18.5,33.5,42.8,112824.4,20,37,1
8,2,43,JLI,3,148,144400,9.181,8.0,18.5,30.2,31.0,108920.6,20,37,1
8,2,43,JLI,3,149,144700,8.757,7.9,17.2,24.6,25.6,114198.7,20,37,1
8,2,43,JLI,3,150,145000,6.89,5.3,16.6,22.7,32.1,145137.8,20,37,1
8,2,43,JLI,3,151,145300,5.875,3.8,14.9,17.1,22.5,170203.1,20,37,1
8,2,43,JLI,3,152,145600,18.984,4.6,19.1,68.6,3460.6,52676.9,20,38,1
8,2,43,JLI,3,153,145900,9.193,5.2,25.8,79.6,94.8,108782.4,20,38,1
8,2,43,JLI,3,154,146200,15.323,3.8,15.2,21.3,2981.3,65260.0,20,38,1
8,2,43,JLI,3,155,146500,6.199,4.9,16.9,23.1,30.7,161307.7,20,38,1
8,2,43,JLI,3,156,146800,6.235,5.3,14.2,21.4,76.4,160376.4,20,38,1
8,2,43,JLI,3,157,147100,6.883,6.1,15.2,21.0,22.8,145285.5,20,38,1
8,2,43,JLI,3,158,147400,8.196,6.9,16.6,28.3,47.5,122005.7,20,38,1
8,2,43,JLI,3,159,147700,20.217,7.5,18.2,30.8,3576.7,49462.5,20,38,1
8,2,43,JLI,3,160,148000,7.993,6.7,19.2,24.4,28.9,125104.2,20,38,1
8,2,43,JLI,3,161,148300,8.733,7.4,19.9,25.0,30.2,114508.2,20,38,1
8,2,43,JLI,3,162,148600,9.327,7.5,20.9,25.2,95.6,107215.6,20,38,1
8,2,43,JLI,3,163,148900,9.717,7.7,24.0,27.4,37.2,102912.4,20,38,1
8,2,43,JLI,3,164,149200,9.151,7.3,20.4,25.6,28.1,109273.7,20,38,1
8,2,43,JLI,3,165,149500,19.788,8.2,23.5,30.0,2972.1,50536.5,20,38,1
8,2,43,JLI,3,166,149800,10.027,7.5,24.2,29.7,30.5,99727.4,20,38,1
8,2,43,JLI,3,167,150000,10.612,9.0,24.1,31.2,32.9,94228.5,20,38,1
8,2,43,SkipList,3,1,100300,10.715,5.8,12.1,20.6,1274.9,93330.0,0,0,0
8,2,43,SkipList,3,2,100600,4.921,4.4,8.9,11.0,12.7,203196.9,0,0,0
8,2,43,SkipList,3,3,100900,4.659,4.4,8.0,9.6,13.6,214622.9,0,0,0
8,2,43,SkipList,3,4,101200,4.488,4.0,8.0,10.2,11.1,222833.0,0,0,0
8,2,43,SkipList,3,5,101500,4.41,4.2,7.6,10.0,11.1,226740.1,0,0,0
8,2,43,SkipList,3,6,101800,4.544,3.9,7.7,10.2,82.7,220070.4,0,0,0
8,2,43,SkipList,3,7,102100,4.192,4.0,7.2,9.1,10.7,238568.6,0,0,0
8,2,43,SkipList,3,8,102400,4.046,3.7,7.1,9.0,12.0,247137.2,0,0,0
8,2,43,SkipList,3,9,102700,4.578,4.1,8.5,11.6,12.7,218451.9,0,0,0
8,2,43,SkipList,3,10,103000,5.114,4.6,8.4,12.5,86.2,195554.4,0,0,0
8,2,43,SkipList,3,11,103300,4.522,4.1,8.0,10.5,13.2,221124.8,0,0,0
8,2,43,SkipList,3,12,103600,4.192,3.9,7.3,9.1,12.0,238530.6,0,0,0
8,2,43,SkipList,3,13,103900,4.124,3.8,6.9,8.6,10.3,242483.0,0,0,0
8,2,43,SkipList,3,14,104200,4.059,3.9,6.8,7.9,12.2,246345.9,0,0,0
8,2,43,SkipList,3,15,104500,4.432,4.0,6.7,8.9,77.3,225631.6,0,0,0
8,2,43,SkipList,3,16,104800,3.9,3.7,6.4,7.5,9.0,256432.1,0,0,0
8,2,43,SkipList,3,17,105100,3.894,3.6,6.6,8.1,12.5,256827.2,0,0,0
8,2,43,SkipList,3,18,105400,3.823,3.7,6.2,7.3,11.5,261574.7,0,0,0
8,2,43,SkipList,3,19,105700,4.051,3.6,6.3,8.9,66.5,246872.9,0,0,0
8,2,43,SkipList,3,20,106000,4.276,4.0,6.9,10.2,15.2,233863.4,0,0,0
8,2,43,SkipList,3,21,106300,4.439,4.2,7.3,10.5,10.9,225292.8,0,0,0
8,2,43,SkipList,3,22,106600,4.267,4.1,6.5,9.2,9.8,234356.7,0,0,0
8,2,43,SkipList,3,23,106900,4.293,3.8,7.1,10.1,72.9,232955.3,0,0,0
8,2,43,SkipList,3,24,107200,3.967,3.7,7.3,8.9,9.7,252079.6,0,0,0
8,2,43,SkipList,3,25,107500,3.857,3.6,6.5,8.4,11.2,259291.3,0,0,0
8,2,43,SkipList,3,26,107800,3.843,3.7,6.3,8.2,8.8,260213.3,0,0,0
8,2,43,SkipList,3,27,108100,3.969,3.6,6.2,7.8,63.9,251931.5,0,0,0
8,2,43,SkipList,3,28,108400,3.867,3.7,6.3,9.4,12.2,258576.1,0,0,0
8,2,43,SkipList,3,29,108700,3.644,3.5,5.8,8.1,11.5,274448.8,0,0,0
8,2,43,SkipList,3,30,109000,3.794,3.6,6.3,7.8,11.0,263597.1,0,0,0
8,2,43,SkipList,3,31,109300,4.635,4.0,9.0,14.1,76.5,215734.2,0,0,0
8,2,43,SkipList,3,32,109600,4.922,4.6,8.4,10.1,20.8,203169.5,0,0,0
8,2,43,SkipList,3,33,109900,4.452,4.3,7.8,9.6,10.4,224601.4,0,0,0
8,2,43,SkipList,3,34,110200,4.278,4.0,6.8,8.7,12.6,233735.8,0,0,0
8,2,43,SkipList,3,35,110500,4.437,4.0,6.9,9.4,79.1,225394.5,0,0,0
8,2,43,SkipList,3,36,110800,3.984,3.7,7.2,8.1,9.0,251025.0,0,0,0
8,2,43,SkipList,3,37,111100,4.079,3.9,7.1,8.6,10.0,245138.0,0,0,0
8,2,43,SkipList,3,38,111400,3.871,3.7,6.4,7.7,8.4,258308.9,0,0,0
8,2,43,SkipList,3,39,111700,3.761,3.5,6.3,8.0,8.4,265910.1,0,0,0
8,2,43,SkipList,3,40,112000,3.908,3.5,5.8,6.9,74.7,255907.1,0,0,0
8,2,43,SkipList,3,41,112300,3.875,3.6,6.3,7.9,11.1,258064.5,0,0,0
8,2,43,SkipList,3,42,112600,4.425,4.1,7.9,11.5,31.9,225971.7,0,0,0
8,2,43,SkipList,3,43,112900,4.873,4.6,8.1,11.2,11.9,205226.5,0,0,0
8,2,43,SkipList,3,44,113200,5.037,4.7,9.3,12.9,13.9,198517.8,0,0,0
8,2,43,SkipList,3,45,113500,4.422,4.3,7.4,9.7,10.9,226159.0,0,0,0
8,2,43,SkipList,3,46,113800,4.449,4.2,7.4,10.3,13.5,224786.4,0,0,0
8,2,43,SkipList,3,47,114100,4.279,4.0,7.1,9.9,12.2,233681.2,0,0,0
8,2,43,SkipList,3,48,114400,4.092,3.8,6.8,9.3,11.3,244399.2,0,0,0
8,2,43,SkipList,3,49,114700,4.419,4.0,7.3,8.8,71.9,226278.5,0,0,0
8,2,43,SkipList,3,50,115000,4.011,3.8,6.4,8.2,9.3,249335.0,0,0,0
8,2,43,SkipList,3,51,115300,3.827,3.6,6.3,6.9,13.7,261301.1,0,0,0
8,2,43,SkipList,3,52,115600,3.934,3.8,6.2,7.8,8.7,254194.2,0,0,0
8,2,43,SkipList,3,53,115900,10.144,4.5,9.1,14.4,1582.9,98583.7,0,0,0
8,2,43,SkipList,3,54,116200,4.139,4.0,6.9,8.1,11.7,241623.8,0,0,0
8,2,43,SkipList,3,55,116500,3.878,3.7,6.5,9.1,10.5,257842.7,0,0,0
8,2,43,SkipList,3,56,116800,4.052,3.9,7.1,8.4,10.4,246771.5,0,0,0
8,2,43,SkipList,3,57,117100,3.871,3.6,6.6,8.9,11.2,258353.5,0,0,0
8,2,43,SkipList,3,58,117400,4.059,3.6,6.7,8.8,69.8,246366.1,0,0,0
8,2,43,SkipList,3,59,117700,3.905,3.8,6.4,9.0,9.4,256082.0,0,0,0
8,2,43,SkipList,3,60,118000,3.756,3.6,6.2,7.4,8.3,266217.1,0,0,0
8,2,43,SkipList,3,61,118300,3.842,3.6,6.4,8.3,12.1,260281.1,0,0,0
8,2,43,SkipList,3,62,118600,3.909,3.5,5.9,8.7,72.4,255798.0,0,0,0
8,2,43,SkipList,3,63,118900,4.593,4.2,7.9,12.6,26.2,217706.8,0,0,0
8,2,43,SkipList,3,64,119200,4.56,4.2,7.7,11.2,14.4,219314.3,0,0,0
8,2,43,SkipList,3,65,119500,4.498,4.3,7.5,9.6,11.4,222321.0,0,0,0
8,2,43,SkipList,3,66,119800,4.067,3.8,6.5,8.5,9.9,245861.4,0,0,0
8,2,43,SkipList,3,67,120100,4.286,3.8,6.6,7.8,84.0,233335.9,0,0,0
8,2,43,SkipList,3,68,120400,3.839,3.6,6.6,8.3,11.0,260507.1,0,0,0
8,2,43,SkipList,3,69,120700,3.976,3.8,6.4,8.8,12.0,251487.9,0,0,0
8,2,43,SkipList,3,70,121000,4.062,3.9,6.6,10.0,11.1,246204.4,0,0,0
8,2,43,SkipList,3,71,121300,4.067,3.8,6.9,8.6,9.1,245881.4,0,0,0
8,2,43,SkipList,3,72,121600,4.088,3.9,6.8,8.2,8.8,244618.3,0,0,0
8,2,43,SkipList,3,73,121900,4.355,3.9,7.3,10.0,36.5,229603.6,0,0,0
8,2,43,SkipList,3,74,122200,5.147,4.8,9.2,14.1,17.1,194275.3,0,0,0
8,2,43,SkipList,3,75,122500,4.853,4.5,8.2,10.3,18.2,206044.0,0,0,0
8,2,43,SkipList,3,76,122800,4.73,4.3,7.1,9.2,90.6,211416.5,0,0,0
8,2,43,SkipList,3,77,123100,4.189,3.9,6.9,8.7,11.2,238720.5,0,0,0
8,2,43,SkipList,3,78,123400,4.071,3.9,6.7,8.1,9.0,245640.0,0,0,0
8,2,43,SkipList,3,79,123700,4.234,4.0,6.9,8.5,11.1,236183.3,0,0,0
8,2,43,SkipList,3,80,124000,4.048,3.9,6.5,8.6,10.0,247015.3,0,0,0
8,2,43,SkipList,3,81,124300,3.985,3.8,6.9,8.6,12.6,250941.0,0,0,0
8,2,43,SkipList,3,82,124600,4.205,3.9,6.5,9.1,76.7,237793.2,0,0,0
8,2,43,SkipList,3,83,124900,3.868,3.6,6.4,7.5,11.3,258509.3,0,0,0
8,2,43,SkipList,3,84,125200,7.476,5.4,10.6,26.7,365.1,133767.3,0,0,0
8,2,43,SkipList,3,85,125500,4.628,4.4,7.6,9.1,12.0,216060.5,0,0,0
8,2,43,SkipList,3,86,125800,5.489,5.1,8.4,10.7,98.7,182182.5,0,0,0
8,2,43,SkipList,3,87,126100,4.142,4.0,6.5,7.4,9.0,241429.2,0,0,0
8,2,43,SkipList,3,88,126400,4.021,3.8,6.6,8.3,13.3,248694.4,0,0,0
8,2,43,SkipList,3,89,126700,3.881,3.7,6.3,7.7,9.6,257687.8,0,0,0
8,2,43,SkipList,3,90,127000,4.045,3.7,6.3,7.9,63.7,247198.5,0,0,0
8,2,43,SkipList,3,91,127300,3.855,3.7,6.2,7.5,8.9,259381.0,0,0,0
8,2,43,SkipList,3,92,127600,3.701,3.4,6.1,8.5,9.7,270172.9,0,0,0
8,2,43,SkipList,3,93,127900,3.601,3.5,5.7,7.3,9.8,277726.4,0,0,0
8,2,43,SkipList,3,94,128200,4.129,3.9,7.4,11.0,13.6,242189.4,0,0,0
8,2,43,SkipList,3,95,128500,6.04,5.1,10.4,18.8,119.0,165572.1,0,0,0
8,2,43,SkipList,3,96,128800,4.6,4.3,8.2,10.6,11.5,217375.4,0,0,0
8,2,43,SkipList,3,97,129100,4.375,4.1,7.6,9.9,11.1,228588.9,0,0,0
8,2,43,SkipList,3,98,129400,4.169,4.0,7.0,8.3,10.7,239884.9,0,0,0
8,2,43,SkipList,3,99,129700,4.27,3.8,6.8,9.2,78.8,234192.0,0,0,0
8,2,43,SkipList,3,100,130000,3.82,3.7,6.2,7.8,8.9,261780.1,0,0,0
8,2,43,SkipList,3,101,130300,3.848,3.7,6.4,7.9,8.7,259897.8,0,0,0
8,2,43,SkipList,3,102,130600,3.834,3.7,6.2,7.6,14.1,260801.6,0,0,0
8,2,43,SkipList,3,103,130900,3.781,3.7,5.8,7.0,8.2,264480.3,0,0,0
8,2,43,SkipList,3,104,131200,3.901,3.6,6.3,8.2,57.6,256344.5,0,0,0
8,2,43,SkipList,3,105,131500,4.49,4.0,8.2,13.9,17.8,222717.2,0,0,0
8,2,43,SkipList,3,106,131800,5.722,5.3,10.3,12.1,13.8,174764.0,0,0,0
8,2,43,SkipList,3,107,132100,5.806,5.3,10.8,14.1,17.2,172245.5,0,0,0
8,2,43,SkipList,3,108,132400,9.746,4.6,8.8,12.4,1431.1,102602.7,0,0,0
8,2,43,SkipList,3,109,132700,4.322,4.2,7.3,9.1,10.9,231356.6,0,0,0
8,2,43,SkipList,3,110,133000,4.173,3.9,7.1,8.3,11.2,239616.7,0,0,0
8,2,43,SkipList,3,111,133300,3.927,3.8,6.3,7.9,13.4,254647.4,0,0,0
8,2,43,SkipList,3,112,133600,4.178,3.8,6.7,10.0,59.3,239368.0,0,0,0
8,2,43,SkipList,3,113,133900,3.889,3.7,6.3,8.3,8.8,257113.5,0,0,0
8,2,43,SkipList,3,114,134200,3.757,3.6,6.3,8.0,11.4,266146.2,0,0,0
8,2,43,SkipList,3,115,134500,4.96,4.5,9.3,11.7,22.2,201612.9,0,0,0
8,2,43,SkipList,3,116,134800,4.58,4.1,7.2,11.3,71.4,218324.6,0,0,0
8,2,43,SkipList,3,117,135100,4.177,4.0,6.9,8.4,9.8,239425.4,0,0,0
8,2,43,SkipList,3,118,135400,4.004,3.7,7.0,8.6,9.2,249771.1,0,0,0
8,2,43,SkipList,3,119,135700,3.831,3.7,6.3,9.0,11.1,261005.8,0,0,0
8,2,43,SkipList,3,120,136000,4.036,3.7,6.5,9.2,31.3,247770.0,0,0,0
8,2,43,SkipList,3,121,136300,4.022,3.6,6.2,8.4,61.8,248653.2,0,0,0
8,2,43,SkipList,3,122,136600,3.786,3.7,6.0,7.4,7.8,264131.1,0,0,0
8,2,43,SkipList,3,123,136900,3.759,3.6,5.9,8.1,9.5,266004.6,0,0,0
8,2,43,SkipList,3,124,137200,3.615,3.5,5.6,6.9,9.3,276599.7,0,0,0
8,2,43,SkipList,3,125,137500,4.196,3.7,6.9,12.6,67.4,238341.2,0,0,0
8,2,43,SkipList,3,126,137800,4.686,4.3,8.4,11.8,16.5,213416.8,0,0,0
8,2,43,SkipList,3,127,138100,4.604,4.3,7.8,9.9,14.6,217218.2,0,0,0
8,2,43,SkipList,3,128,138400,4.251,4.0,7.2,9.5,13.7,235257.2,0,0,0
8,2,43,SkipList,3,129,138700,4.326,3.9,6.9,9.6,66.5,231142.6,0,0,0
8,2,43,SkipList,3,130,139000,3.895,3.8,6.3,7.7,8.3,256761.5,0,0,0
8,2,43,SkipList,3,131,139300,3.738,3.6,6.1,7.3,8.2,267546.6,0,0,0
8,2,43,SkipList,3,132,139600,3.856,3.7,6.1,6.9,11.4,259336.1,0,0,0
8,2,43,SkipList,3,133,139900,3.759,3.6,6.2,7.6,13.4,266004.6,0,0,0
8,2,43,SkipList,3,134,140200,3.654,3.5,6.4,7.7,8.6,273647.6,0,0,0
8,2,43,SkipList,3,135,140500,3.757,3.7,6.0,7.6,10.4,266169.8,0,0,0
8,2,43,SkipList,3,136,140800,4.122,3.7,6.9,10.2,42.7,242581.2,0,0,0
8,2,43,SkipList,3,137,141100,5.525,5.1,9.7,15.9,17.8,180995.4,0,0,0
8,2,43,SkipList,3,138,141400,4.74,4.2,7.3,12.7,77.8,210970.5,0,0,0
8,2,43,SkipList,3,139,141700,4.265,4.1,6.5,7.7,8.2,234485.0,0,0,0
8,2,43,SkipList,3,140,142000,4.235,4.1,7.3,9.5,10.1,236127.4,0,0,0
8,2,43,SkipList,3,141,142300,3.864,3.7,6.1,7.4,10.6,258821.3,0,0,0
8,2,43,SkipList,3,142,142600,3.918,3.8,6.3,8.0,11.8,255232.2,0,0,0
8,2,43,SkipList,3,143,142900,4.017,3.7,6.2,8.0,65.3,248962.5,0,0,0
8,2,43,SkipList,3,144,143200,3.859,3.7,6.3,7.7,9.2,259112.0,0,0,0
8,2,43,SkipList,3,145,143500,3.625,3.5,5.8,7.1,12.4,275887.4,0,0,0
8,2,43,SkipList,3,146,143800,3.654,3.5,5.8,6.9,7.5,273672.6,0,0,0
8,2,43,SkipList,3,147,144100,5.81,4.5,10.5,33.3,109.0,172117.0,0,0,0
8,2,43,SkipList,3,148,144400,4.954,4.5,8.7,13.9,16.4,201843.5,0,0,0
8,2,43,SkipList,3,149,144700,5.013,4.6,8.5,12.7,27.6,199481.4,0,0,0
8,2,43,SkipList,3,150,145000,4.36,4.1,7.1,8.7,13.1,229375.4,0,0,0
8,2,43,SkipList,3,151,145300,3.959,3.8,6.3,8.1,9.7,252589.0,0,0,0
8,2,43,SkipList,3,152,145600,4.069,4.0,6.7,7.6,8.8,245780.8,0,0,0
8,2,43,SkipList,3,153,145900,4.197,3.7,6.6,9.0,74.8,238246.5,0,0,0
8,2,43,SkipList,3,154,146200,3.857,3.7,6.5,8.7,12.1,259291.3,0,0,0
8,2,43,SkipList,3,155,146500,3.857,3.6,6.4,8.0,8.4,259268.9,0,0,0
8,2,43,SkipList,3,156,146800,3.681,3.5,5.8,7.9,9.8,271640.7,0,0,0
8,2,43,SkipList,3,157,147100,4.026,3.6,6.5,9.5,60.6,248364.9,0,0,0
8,2,43,SkipList,3,158,147400,5.4,4.5,10.4,17.6,77.3,185196.6,0,0,0
8,2,43,SkipList,3,159,147700,5.019,4.9,8.3,10.9,14.7,199229.7,0,0,0
8,2,43,SkipList,3,160,148000,4.439,4.2,7.4,9.1,10.8,225292.8,0,0,0
8,2,43,SkipList,3,161,148300,4.26,4.1,7.0,8.5,13.7,234723.5,0,0,0
8,2,43,SkipList,3,162,148600,4.339,4.0,7.0,9.5,16.2,230467.9,0,0,0
8,2,43,SkipList,3,163,148900,3.924,3.7,6.4,7.9,10.8,254863.5,0,0,0
8,2,43,SkipList,3,164,149200,3.875,3.7,6.5,8.2,9.2,258042.4,0,0,0
8,2,43,SkipList,3,165,149500,3.971,3.9,6.5,8.5,12.3,251825.8,0,0,0
8,2,43,SkipList,3,166,149800,3.768,3.6,6.1,6.9,10.3,265392.8,0,0,0
8,2,43,SkipList,3,167,150000,6.125,5.6,11.8,16.0,18.4,163278.6,0,0,0
8,2,43,JLI,4,1,150300,14.593,11.4,40.2,60.7,78.7,68527.6,20,38,1
8,2,43,JLI,4,2,150600,10.083,5.5,29.2,41.5,46.6,99173.5,20,38,1
8,2,43,JLI,4,3,150900,10.518,6.1,26.8,39.6,41.6,95072.1,20,38,1
8,2,43,JLI,4,4,151200,27.752,7.9,36.1,58.2,4473.3,36033.9,20,38,1
8,2,43,JLI,4,5,151500,12.797,7.7,38.5,46.3,48.3,78145.3,20,38,1
8,2,43,JLI,4,6,151800,25.911,6.8,40.6,64.6,4267.6,38593.2,20,39,1
8,2,43,JLI,4,7,152100,5.933,4.5,14.2,44.0,77.9,168539.3,20,39,1
8,2,43,JLI,4,8,152400,7.465,5.9,16.4,31.3,161.0,133958.5,20,39,1
8,2,43,JLI,4,9,152700,6.388,5.8,13.1,18.8,26.0,156551.7,20,39,1
8,2,43,JLI,4,10,153000,17.33,5.3,14.3,71.1,3150.8,57704.5,21,39,1
8,2,43,JLI,4,11,153300,5.873,5.0,14.1,17.9,19.3,170270.7,21,39,1
8,2,43,JLI,4,12,153600,6.011,5.3,11.8,17.1,19.8,166352.5,21,39,1
8,2,43,JLI,4,13,153900,7.036,6.4,13.5,19.1,47.0,142126.2,21,39,1
8,2,43,JLI,4,14,154200,7.862,6.6,17.0,26.4,29.7,127188.7,21,39,1
8,2,43,JLI,4,15,154500,7.991,6.9,16.2,21.2,52.5,125135.6,21,39,1
8,2,43,JLI,4,16,154800,17.817,7.2,15.0,19.3,3006.9,56125.1,21,39,1
8,2,43,JLI,4,17,155100,8.096,7.4,15.5,18.9,20.0,123517.8,21,39,1
8,2,43,JLI,4,18,155400,8.863,7.8,17.6,23.6,53.6,112828.6,21,39,1
8,2,43,JLI,4,19,155700,10.99,9.3,22.7,39.0,97.5,90989.0,21,39,1
8,2,43,JLI,4,20,156000,9.56,8.8,19.2,25.1,58.9,104606.2,21,39,1
8,2,43,JLI,4,21,156300,21.973,8.8,19.6,26.4,3653.2,45510.4,21,39,1
8,2,43,JLI,4,22,156600,10.615,8.6,22.6,35.4,40.8,94206.3,21,39,1
8,2,43,JLI,4,23,156900,10.894,9.3,21.7,29.9,72.0,91793.7,21,39,1
8,2,43,JLI,4,24,157200,11.003,9.7,21.4,32.3,39.5,90887.1,21,39,1
8,2,43,JLI,4,25,157500,12.671,11.3,25.2,31.2,109.4,78922.5,21,39,1
8,2,43,JLI,4,26,157800,24.104,9.3,24.8,31.2,3782.1,41486.3,21,40,1
8,2,43,JLI,4,27,158100,17.73,6.6,23.7,33.8,2506.0,56402.6,21,40,1
8,2,43,JLI,4,28,158400,9.814,6.9,23.7,28.4,31.7,101898.7,21,40,1
8,2,43,JLI,4,29,158700,9.556,7.0,21.7,27.3,61.8,104642.6,21,40,1
8,2,43,JLI,4,30,159000,5.48,3.5,16.5,24.5,32.2,182470.6,21,40,1
8,2,43,JLI,4,31,159300,5.755,4.6,14.9,25.4,33.1,173772.1,21,40,1
8,2,43,JLI,4,32,159600,17.761,5.8,14.7,23.1,3330.5,56302.1,21,40,1
8,2,43,JLI,4,33,159900,7.086,6.5,14.0,21.4,23.2,141116.7,21,40,1
8,2,43,JLI,4,34,160200,8.614,8.4,15.9,20.7,26.4,116085.6,21,40,1
8,2,43,JLI,4,35,160500,9.361,8.8,18.8,22.7,57.4,106830.0,21,40,1
8,2,43,JLI,4,36,160800,11.85,11.0,24.5,29.7,46.0,84388.2,21,40,1
8,2,43,JLI,4,37,161100,11.285,10.6,24.1,27.9,28.3,88613.2,21,40,1
8,2,43,JLI,4,38,161400,23.653,11.7,26.6,31.9,3440.5,42277.9,21,40,1
8,2,43,JLI,4,39,161700,14.673,12.5,33.8,57.9,96.6,68150.8,21,40,1
8,2,43,JLI,4,40,162000,14.893,13.9,31.6,39.0,39.4,67145.6,21,40,1
8,2,43,JLI,4,41,162300,16.567,15.0,39.3,45.2,51.4,60362.2,21,40,1
8,2,43,JLI,4,42,162600,18.21,15.6,43.3,64.5,75.6,54913.9,21,40,1
8,2,43,JLI,4,43,162900,30.479,15.6,45.8,72.5,3634.2,32809.1,21,40,1
8,2,43,JLI,4,44,163200,18.937,17.4,45.2,59.7,64.0,52807.6,21,40,1
8,2,43,JLI,4,45,163500,21.972,19.5,53.4,61.9,63.1,45512.5,21,40,1
8,2,43,JLI,4,46,163800,21.508,18.0,55.3,64.3,92.1,46495.0,21,40,1
8,2,43,JLI,4,47,164100,31.552,8.4,57.7,73.1,4895.0,31693.7,21,41,1
8,2,43,JLI,4,48,164400,9.982,5.8,27.4,71.8,77.9,100177.0,21,41,1
8,2,43,JLI,4,49,164700,18.905,6.2,26.7,93.4,2712.3,52897.0,21,41,1
8,2,43,JLI,4,50,165000,9.418,6.2,24.9,38.3,100.4,106175.9,21,41,1
8,2,43,JLI,4,51,165300,8.569,5.9,23.4,32.3,88.0,116699.7,21,41,1
8,2,43,JLI,4,52,165600,8.162,6.1,20.2,26.1,27.5,122514.0,21,41,1
8,2,43,JLI,4,53,165900,8.786,6.4,19.9,30.0,86.3,113813.1,21,41,1
8,2,43,JLI,4,54,166200,21.496,6.6,23.0,39.7,3679.3,46519.6,21,41,1
8,2,43,JLI,4,55,166500,8.954,6.3,23.3,38.4,43.0,111677.8,21,41,1
8,2,43,JLI,4,56,166800,8.394,6.1,21.8,28.0,33.3,119128.0,21,41,1
8,2,43,JLI,4,57,167100,7.421,5.8,20.2,29.5,29.8,134758.8,21,41,1
8,2,43,JLI,4,58,167400,6.938,5.1,18.0,27.8,30.0,144133.7,21,41,1
8,2,43,JLI,4,59,167700,6.571,4.9,16.3,24.3,78.8,152176.1,21,41,1
8,2,43,JLI,4,60,168000,27.261,7.5,30.3,96.3,4897.0,36682.0,21,41,1
8,2,43,JLI,4,61,168300,8.413,6.6,20.1,35.2,48.7,118863.6,21,41,1
8,2,43,JLI,4,62,168600,8.565,7.1,19.1,34.8,46.7,116754.2,21,41,1
8,2,43,JLI,4,63,168900,9.031,7.8,19.9,29.1,40.1,110729.7,21,41,1
8,2,43,JLI,4,64,169200,10.562,8.4,25.3,40.1,95.1,94682.0,21,41,1
8,2,43,JLI,4,65,169500,9.48,8.2,20.5,33.6,40.3,105488.9,21,41,1
8,2,43,JLI,4,66,169800,9.053,8.0,18.1,27.7,34.6,110456.6,21,41,1
8,2,43,JLI,4,67,170100,29.531,8.3,33.6,102.9,4995.6,33862.3,21,42,1
8,2,43,JLI,4,68,170400,9.658,5.5,25.5,80.4,97.1,103537.5,21,42,1
8,2,43,JLI,4,69,170700,20.643,5.7,22.5,79.8,3598.3,48442.6,21,42,1
8,2,43,JLI,4,70,171000,8.707,6.5,20.4,28.1,30.7,114850.1,21,42,1
8,2,43,JLI,4,71,171300,7.707,6.1,19.2,30.8,84.2,129757.8,21,42,1
8,2,43,JLI,4,72,171600,9.389,6.9,24.5,42.6,107.8,106507.6,21,42,1
8,2,43,JLI,4,73,171900,6.889,6.1,14.5,25.8,29.8,145159.0,21,42,1
8,2,43,JLI,4,74,172200,20.901,6.9,21.1,37.0,3744.0,47845.4,21,42,1
8,2,43,JLI,4,75,172500,7.859,7.3,16.9,20.2,27.7,127237.2,21,42,1
8,2,43,JLI,4,76,172800,11.15,8.4,25.6,44.6,228.6,89683.4,21,42,1
8,2,43,JLI,4,77,173100,9.662,8.0,22.2,40.7,41.0,103498.2,21,42,1
8,2,43,JLI,4,78,173400,8.903,7.8,19.1,30.6,37.3,112325.9,21,42,1
8,2,43,JLI,4,79,173700,23.692,7.5,22.7,36.5,4276.6,42208.9,21,42,1
8,2,43,JLI,4,80,174000,9.772,8.6,21.5,28.7,31.1,102329.7,21,42,1
8,2,43,JLI,4,81,174300,10.796,9.1,24.3,32.7,80.3,92626.9,21,42,1
8,2,43,JLI,4,82,174600,12.465,8.7,28.5,87.9,130.1,80226.8,21,42,1
8,2,43,JLI,4,83,174900,5.863,4.7,16.7,30.3,79.0,170551.4,21,42,1
8,2,43,JLI,4,84,175200,6.582,5.0,16.5,73.6,79.4,151929.5,21,42,1
8,2,43,JLI,4,85,175500,20.657,5.7,19.1,26.6,4132.6,48409.0,21,42,1
8,2,43,JLI,4,86,175800,7.88,6.3,16.3,24.7,106.8,126908.9,21,42,1
8,2,43,JLI,4,87,176100,21.532,6.0,26.2,80.4,3643.8,46443.2,21,43,1
8,2,43,JLI,4,88,176400,9.745,6.5,23.4,36.7,91.9,102620.3,21,43,1
8,2,43,JLI,4,89,176700,12.1,7.8,30.4,62.1,111.7,82644.6,21,43,1
8,2,43,JLI,4,90,177000,7.025,5.0,21.7,25.8,28.2,142348.7,21,43,1
8,2,43,JLI,4,91,177300,16.102,3.7,15.4,23.7,3306.4,62102.8,21,43,1
8,2,43,JLI,4,92,177600,5.621,4.5,12.4,23.0,89.3,177914.8,21,43,1
8,2,43,JLI,4,93,177900,6.322,5.1,19.2,22.8,29.1,158169.4,21,43,1
8,2,43,JLI,4,94,178200,8.408,6.3,20.3,28.1,169.7,118934.3,21,43,1
8,2,43,JLI,4,95,178500,8.524,7.5,17.2,25.4,31.4,117311.2,21,43,1
8,2,43,JLI,4,96,178800,20.805,7.3,19.5,31.1,3603.1,48066.1,21,43,1
8,2,43,JLI,4,97,179100,9.31,8.4,20.4,24.2,25.4,107407.6,21,43,1
8,2,43,JLI,4,98,179400,11.213,9.0,25.1,39.3,52.4,89182.2,21,43,1
8,2,43,JLI,4,99,179700,11.631,9.7,25.7,32.4,35.1,85979.6,21,43,1
8,2,43,JLI,4,100,180000,12.218,10.5,27.6,31.8,33.3,81844.2,21,43,1
8,2,43,JLI,4,101,180300,13.035,11.7,27.5,33.5,34.8,76716.5,21,43,1
8,2,43,JLI,4,102,180600,30.11,11.8,30.7,118.6,3992.7,33211.6,21,43,1
8,2,43,JLI,4,103,180900,13.834,12.8,28.6,35.1,38.3,72285.7,21,43,1
8,2,43,JLI,4,104,181200,14.929,12.8,35.5,41.9,48.7,66985.2,21,43,1
8,2,43,JLI,4,105,181500,17.597,14.9,40.7,61.4,110.6,56827.9,21,43,1
8,2,43,JLI,4,106,181800,16.95,14.2,40.7,48.4,50.6,58998.2,21,43,1
8,2,43,JLI,4,107,182100,34.615,14.9,42.1,83.6,4940.9,28889.2,21,44,1
8,2,43,JLI,4,108,182400,11.288,7.8,25.9,40.3,85.6,88592.3,21,44,1
8,2,43,JLI,4,109,182700,10.311,7.2,23.7,27.8,84.2,96980.7,21,44,1
8,2,43,JLI,4,110,183000,15.81,3.3,15.1,21.4,3147.2,63249.8,21,44,1
8,2,43,JLI,4,111,183300,6.411,4.7,17.4,26.9,36.3,155981.9,21,44,1
8,2,43,JLI,4,112,183600,8.446,6.0,19.8,83.8,136.8,118403.9,21,44,1
8,2,43,JLI,4,113,183900,8.322,6.7,16.7,30.9,89.6,120163.4,21,44,1
8,2,43,JLI,4,114,184200,8.443,7.9,15.5,22.0,22.2,118446.0,21,44,1
8,2,43,JLI,4,115,184500,15.394,2.9,6.3,30.3,3498.2,64961.8,21,44,1
8,2,43,JLI,4,116,184800,4.614,4.0,7.6,15.6,48.3,216716.1,21,44,1
8,2,43,JLI,4,117,185100,6.771,6.1,13.0,29.5,35.8,147688.7,21,44,1
8,2,43,JLI,4,118,185400,7.948,7.2,15.3,29.2,38.8,125812.5,21,44,1
8,2,43,JLI,4,119,185700,8.951,7.5,19.0,23.2,121.6,111723.5,21,44,1
8,2,43,JLI,4,120,186000,10.08,8.7,23.4,37.6,84.6,99206.3,21,44,1
8,2,43,JLI,4,121,186300,24.661,10.4,27.0,45.5,3811.0,40549.3,21,44,1
8,2,43,JLI,4,122,186600,12.012,9.7,26.8,36.1,125.2,83247.8,21,44,1
8,2,43,JLI,4,123,186900,13.824,12.0,33.1,36.5,91.7,72338.0,21,44,1
8,2,43,JLI,4,124,187200,16.035,15.3,36.0,39.6,57.4,62363.6,21,44,1
8,2,43,JLI,4,125,187500,16.499,13.6,40.4,65.7,72.5,60608.5,21,44,1
8,2,43,JLI,4,126,187800,17.194,14.8,43.1,49.4,50.3,58158.7,21,44,1
8,2,43,JLI,4,127,188100,37.744,16.5,47.3,93.9,5714.9,26494.0,21,45,1
8,2,43,JLI,4,128,188400,11.687,5.1,42.6,78.3,88.5,85562.7,21,45,1
8,2,43,JLI,4,129,188700,14.425,3.3,6.0,76.8,3116.6,69325.7,21,45,1
8,2,43,JLI,4,130,189000,4.591,4.2,7.3,9.3,91.5,217833.2,21,45,1
8,2,43,JLI,4,131,189300,5.045,4.8,8.8,10.2,14.7,198216.0,21,45,1
8,2,43,JLI,4,132,189600,6.208,5.8,11.9,13.2,13.7,161082.5,21,45,1
8,2,43,JLI,4,133,189900,6.479,6.3,12.6,14.8,16.3,154352.7,21,45,1
8,2,43,JLI,4,134,190200,7.112,6.5,14.7,18.4,20.5,140600.8,21,45,1
8,2,43,JLI,4,135,190500,19.629,7.8,18.8,21.1,3283.6,50945.0,21,45,1
8,2,43,JLI,4,136,190800,8.863,8.2,18.1,20.8,20.9,112832.8,21,45,1
8,2,43,JLI,4,137,191100,10.222,8.8,24.3,29.7,39.0,97831.4,21,45,1
8,2,43,JLI,4,138,191400,11.177,9.2,25.4,37.1,145.8,89466.8,21,45,1
8,2,43,JLI,4,139,191700,11.456,10.3,26.4,32.4,91.4,87287.9,21,45,1
8,2,43,JLI,4,140,192000,12.419,11.2,26.0,35.6,36.8,80519.6,21,45,1
8,2,43,JLI,4,141,192300,28.293,12.6,34.0,43.1,4142.6,35344.0,21,45,1
8,2,43,JLI,4,142,192600,13.83,12.1,31.3,37.4,38.5,72306.6,21,45,1
8,2,43,JLI,4,143,192900,14.881,12.1,36.7,43.6,45.4,67201.3,21,45,1
8,2,43,JLI,4,144,193200,15.769,13.7,36.9,43.7,47.6,63416.9,21,45,1
8,2,43,JLI,4,145,193500,16.328,14.8,36.5,48.5,50.8,61244.5,21,45,1
8,2,43,JLI,4,146,193800,18.84,17.5,45.0,51.6,58.3,53077.6,21,45,1
8,2,43,JLI,4,147,194100,18.939,16.6,46.9,56.4,64.8,52802.0,21,45,1
8,2,43,JLI,4,148,194400,33.495,14.0,50.5,59.3,4891.3,29854.9,21,46,1
8,2,43,JLI,4,149,194700,6.374,4.2,18.5,79.1,143.8,156895.5,21,46,1
8,2,43,JLI,4,150,195000,19.129,4.4,12.9,79.4,3941.0,52276.6,21,46,1
8,2,43,JLI,4,151,195300,5.529,4.4,9.9,22.4,99.3,180853.7,21,46,1
8,2,43,JLI,4,152,195600,5.705,4.4,11.5,14.2,88.1,175295.1,21,46,1
8,2,43,JLI,4,153,195900,5.371,4.3,11.7,15.0,15.5,186173.5,21,46,1
8,2,43,JLI,4,154,196200,6.443,5.4,14.6,17.3,17.8,155215.2,21,46,1
8,2,43,JLI,4,155,196500,20.356,6.2,15.0,36.6,3912.7,49126.4,21,46,1
8,2,43,JLI,4,156,196800,8.311,7.2,16.5,22.5,118.6,120327.3,21,46,1
8,2,43,JLI,4,157,197100,8.067,7.5,15.5,21.7,23.9,123961.8,21,46,1
8,2,43,JLI,4,158,197400,9.28,8.4,19.0,24.5,45.6,107762.5,21,46,1
8,2,43,JLI,4,159,197700,9.888,9.1,22.2,29.6,29.9,101132.7,21,46,1
8,2,43,JLI,4,160,198000,12.3,10.8,27.8,33.6,37.3,81298.6,21,46,1
8,2,43,JLI,4,161,198300,23.967,9.9,23.5,32.9,3986.0,41724.6,21,46,1
8,2,43,JLI,4,162,198600,11.501,10.6,24.0,28.1,35.4,86951.5,21,46,1
8,2,43,JLI,4,163,198900,13.718,12.8,30.5,39.8,57.2,72895.2,21,46,1
8,2,43,JLI,4,164,199200,13.351,12.3,30.4,37.9,39.7,74898.9,21,46,1
8,2,43,JLI,4,165,199500,14.503,13.6,34.2,40.2,42.2,68951.3,21,46,1
8,2,43,JLI,4,166,199800,31.069,14.1,35.1,43.5,4672.4,32186.8,21,46,1
8,2,43,JLI,4,167,200000,15.66,12.9,38.0,44.0,45.4,63859.0,21,46,1
8,2,43,SkipList,4,1,150300,6.552,6.0,11.7,15.6,21.1,152625.2,0,0,0
8,2,43,SkipList,4,2,150600,5.408,5.1,9.4,13.1,14.1,184922.6,0,0,0
8,2,43,SkipList,4,3,150900,5.046,4.9,8.2,11.1,12.0,198176.8,0,0,0
8,2,43,SkipList,4,4,151200,4.961,4.5,8.1,11.3,79.2,201558.7,0,0,0
8,2,43,SkipList,4,5,151500,5.132,4.8,9.3,15.2,16.1,194868.5,0,0,0
8,2,43,SkipList,4,6,151800,5.586,5.2,10.0,13.4,14.0,179019.0,0,0,0
8,2,43,SkipList,4,7,152100,4.896,4.5,8.5,11.0,11.1,204234.5,0,0,0
8,2,43,SkipList,4,8,152400,4.888,4.6,8.4,10.8,11.0,204596.5,0,0,0
8,2,43,SkipList,4,9,152700,4.861,4.3,7.9,11.7,83.5,205733.2,0,0,0
8,2,43,SkipList,4,10,153000,4.3,4.0,7.3,8.5,11.2,232576.2,0,0,0
8,2,43,SkipList,4,11,153300,4.445,4.3,6.8,9.7,12.6,224971.9,0,0,0
8,2,43,SkipList,4,12,153600,4.31,4.2,7.4,9.4,10.9,232000.7,0,0,0
8,2,43,SkipList,4,13,153900,4.565,4.1,7.0,9.3,71.0,219058.0,0,0,0
8,2,43,SkipList,4,14,154200,4.097,4.0,6.7,9.1,9.5,244081.0,0,0,0
8,2,43,SkipList,4,15,154500,4.447,4.1,7.7,9.5,34.3,224870.7,0,0,0
8,2,43,SkipList,4,16,154800,5.089,4.7,8.9,12.4,21.4,196515.1,0,0,0
8,2,43,SkipList,4,17,155100,9.505,4.6,7.8,10.6,1383.9,105207.8,0,0,0
8,2,43,SkipList,4,18,155400,4.479,4.4,7.4,9.1,10.6,223264.1,0,0,0
8,2,43,SkipList,4,19,155700,4.505,4.2,7.5,9.3,10.5,221959.2,0,0,0
8,2,43,SkipList,4,20,156000,4.308,4.1,7.1,9.9,15.2,232144.3,0,0,0
8,2,43,SkipList,4,21,156300,4.173,4.0,6.7,8.5,9.7,239616.6,0,0,0
8,2,43,SkipList,4,22,156600,4.243,3.8,6.8,8.1,91.1,235700.7,0,0,0
8,2,43,SkipList,4,23,156900,4.05,3.9,6.6,8.0,10.0,246934.0,0,0,0
8,2,43,SkipList,4,24,157200,3.8,3.6,6.4,8.2,10.2,263157.9,0,0,0
8,2,43,SkipList,4,25,157500,5.525,5.2,10.0,14.3,15.1,180995.5,0,0,0
8,2,43,SkipList,4,26,157800,5.837,5.4,10.1,14.1,19.8,171330.7,0,0,0
8,2,43,SkipList,4,27,158100,5.102,4.5,8.0,11.6,92.0,196014.4,0,0,0
8,2,43,SkipList,4,28,158400,4.64,4.3,7.6,10.8,11.9,215532.7,0,0,0
8,2,43,SkipList,4,29,158700,4.337,4.0,8.1,10.1,13.9,230591.7,0,0,0
8,2,43,SkipList,4,30,159000,4.197,4.0,6.9,8.2,9.1,238246.5,0,0,0
8,2,43,SkipList,4,31,159300,4.154,4.0,6.7,8.4,8.8,240712.5,0,0,0
8,2,43,SkipList,4,32,159600,4.225,3.9,6.8,9.1,69.1,236667.6,0,0,0
8,2,43,SkipList,4,33,159900,3.992,3.9,6.6,7.6,13.7,250521.8,0,0,0
8,2,43,SkipList,4,34,160200,3.801,3.5,6.7,8.6,10.3,263088.8,0,0,0
8,2,43,SkipList,4,35,160500,6.829,6.4,11.7,17.5,23.9,146441.5,0,0,0
8,2,43,SkipList,4,36,160800,6.266,5.8,10.4,13.3,91.5,159600.0,0,0,0
8,2,43,SkipList,4,37,161100,4.629,4.3,8.1,10.0,17.6,216045.0,0,0,0
8,2,43,SkipList,4,38,161400,4.476,4.1,7.6,9.9,11.7,223397.1,0,0,0
8,2,43,SkipList,4,39,161700,4.232,3.9,7.1,9.2,12.6,236294.9,0,0,0
8,2,43,SkipList,4,40,162000,4.114,3.9,6.9,9.9,10.5,243072.4,0,0,0
8,2,43,SkipList,4,41,162300,4.386,4.0,6.8,10.5,64.7,227998.1,0,0,0
8,2,43,SkipList,4,42,162600,3.797,3.6,6.5,8.3,9.4,263342.6,0,0,0
8,2,43,SkipList,4,43,162900,3.884,3.7,6.4,8.3,10.9,257466.6,0,0,0
8,2,43,SkipList,4,44,163200,3.863,3.7,6.3,9.2,10.9,258888.4,0,0,0
8,2,43,SkipList,4,45,163500,4.567,4.3,8.2,12.4,13.6,218946.1,0,0,0
8,2,43,SkipList,4,46,163800,4.148,4.0,7.0,8.0,9.1,241060.6,0,0,0
8,2,43,SkipList,4,47,164100,4.096,3.9,6.8,8.3,9.5,244140.8,0,0,0
8,2,43,SkipList,4,48,164400,3.988,3.8,6.6,9.1,12.8,250752.3,0,0,0
8,2,43,SkipList,4,49,164700,4.049,3.8,7.0,8.7,9.4,246954.3,0,0,0
8,2,43,SkipList,4,50,165000,4.051,3.6,6.4,8.8,67.2,246852.6,0,0,0
8,2,43,SkipList,4,51,165300,3.695,3.6,6.0,7.2,9.8,270611.6,0,0,0
8,2,43,SkipList,4,52,165600,3.732,3.5,5.9,8.4,11.2,267928.9,0,0,0
8,2,43,SkipList,4,53,165900,3.742,3.4,6.1,9.7,10.1,267213.0,0,0,0
8,2,43,SkipList,4,54,166200,3.579,3.4,5.9,8.1,9.1,279381.7,0,0,0
8,2,43,SkipList,4,55,166500,3.978,3.7,6.2,8.1,65.9,251403.7,0,0,0
8,2,43,SkipList,4,56,166800,4.029,3.8,7.0,9.4,10.2,248179.9,0,0,0
8,2,43,SkipList,4,57,167100,4.396,4.2,7.3,10.6,12.1,227479.5,0,0,0
8,2,43,SkipList,4,58,167400,5.059,4.7,8.8,11.9,14.3,197667.5,0,0,0
8,2,43,SkipList,4,59,167700,4.823,4.6,8.1,11.0,13.7,207325.5,0,0,0
8,2,43,SkipList,4,60,168000,4.674,4.1,8.2,10.3,74.9,213934.2,0,0,0
8,2,43,SkipList,4,61,168300,4.239,4.0,6.7,9.1,10.2,235923.3,0,0,0
8,2,43,SkipList,4,62,168600,4.121,3.9,7.1,9.4,12.7,242659.5,0,0,0
8,2,43,SkipList,4,63,168900,4.162,4.0,7.0,8.2,9.7,240249.9,0,0,0
8,2,43,SkipList,4,64,169200,4.223,3.8,6.7,9.0,64.1,236779.9,0,0,0
8,2,43,SkipList,4,65,169500,3.876,3.7,6.3,7.4,9.0,258020.2,0,0,0
8,2,43,SkipList,4,66,169800,3.711,3.6,5.9,7.3,9.0,269493.4,0,0,0
8,2,43,SkipList,4,67,170100,3.933,3.7,6.8,8.3,10.1,254237.3,0,0,0
8,2,43,SkipList,4,68,170400,4.829,4.4,8.7,11.7,15.1,207096.5,0,0,0
8,2,43,SkipList,4,69,170700,4.843,4.3,8.1,10.8,83.6,206469.4,0,0,0
8,2,43,SkipList,4,70,171000,4.379,4.2,7.5,9.4,11.5,228345.4,0,0,0
8,2,43,SkipList,4,71,171300,4.101,3.8,6.8,7.8,7.9,243843.0,0,0,0
8,2,43,SkipList,4,72,171600,4.147,3.8,7.0,9.5,10.1,241138.2,0,0,0
8,2,43,SkipList,4,73,171900,4.043,3.9,6.9,8.3,9.6,247320.7,0,0,0
8,2,43,SkipList,4,74,172200,7.999,3.6,6.8,10.9,1247.0,125010.4,0,0,0
8,2,43,SkipList,4,75,172500,3.92,3.7,6.8,9.0,10.7,255080.5,0,0,0
8,2,43,SkipList,4,76,172800,3.861,3.6,6.5,8.7,10.7,258977.8,0,0,0
8,2,43,SkipList,4,77,173100,3.7,3.6,6.2,8.8,9.7,270270.2,0,0,0
8,2,43,SkipList,4,78,173400,5.903,5.0,10.7,27.6,111.6,169405.4,0,0,0
8,2,43,SkipList,4,79,173700,4.547,4.2,7.7,12.8,16.0,219909.1,0,0,0
8,2,43,SkipList,4,80,174000,4.306,4.1,7.2,8.6,10.1,232252.0,0,0,0
8,2,43,SkipList,4,81,174300,4.175,4.0,6.9,8.7,9.4,239521.0,0,0,0
8,2,43,SkipList,4,82,174600,4.137,3.8,7.1,9.6,13.5,241740.6,0,0,0
8,2,43,SkipList,4,83,174900,3.854,3.7,6.5,8.1,10.4,259448.2,0,0,0
8,2,43,SkipList,4,84,175200,3.99,3.8,6.5,7.0,9.2,250605.6,0,0,0
8,2,43,SkipList,4,85,175500,3.95,3.8,6.4,9.2,12.3,253164.5,0,0,0
8,2,43,SkipList,4,86,175800,3.679,3.5,6.2,7.4,11.9,271837.6,0,0,0
8,2,43,SkipList,4,87,176100,4.03,3.6,6.3,7.9,60.9,248159.5,0,0,0
8,2,43,SkipList,4,88,176400,4.774,4.2,9.9,15.1,21.9,209453.4,0,0,0
8,2,43,SkipList,4,89,176700,4.895,4.7,8.5,10.4,12.7,204304.0,0,0,0
8,2,43,SkipList,4,90,177000,4.253,4.0,7.4,8.5,9.8,235109.7,0,0,0
8,2,43,SkipList,4,91,177300,4.058,3.9,6.8,9.6,11.0,246426.7,0,0,0
8,2,43,SkipList,4,92,177600,4.269,3.8,7.1,10.0,69.0,234228.5,0,0,0
8,2,43,SkipList,4,93,177900,3.932,3.7,6.3,7.9,11.2,254323.5,0,0,0
8,2,43,SkipList,4,94,178200,3.779,3.5,6.6,8.3,9.8,264643.7,0,0,0
8,2,43,SkipList,4,95,178500,3.918,3.7,6.4,8.5,14.5,255232.2,0,0,0
8,2,43,SkipList,4,96,178800,3.724,3.6,6.0,7.2,8.1,268528.6,0,0,0
8,2,43,SkipList,4,97,179100,3.973,3.9,6.4,8.0,9.4,251699.0,0,0,0
8,2,43,SkipList,4,98,179400,3.71,3.5,5.9,7.2,10.5,269517.6,0,0,0
8,2,43,SkipList,4,99,179700,4.653,4.3,8.5,13.5,18.1,214899.7,0,0,0
8,2,43,SkipList,4,100,180000,4.658,4.4,7.8,10.3,11.5,214684.4,0,0,0
8,2,43,SkipList,4,101,180300,4.883,4.4,7.8,11.0,76.8,204806.1,0,0,0
8,2,43,SkipList,4,102,180600,4.19,4.0,6.9,9.5,16.0,238682.4,0,0,0
8,2,43,SkipList,4,103,180900,4.144,3.9,6.6,10.5,12.3,241332.2,0,0,0
8,2,43,SkipList,4,104,181200,4.061,3.9,7.0,9.5,12.8,246224.7,0,0,0
8,2,43,SkipList,4,105,181500,3.947,3.7,6.5,8.9,10.0,253335.5,0,0,0
8,2,43,SkipList,4,106,181800,4.078,3.7,6.4,9.5,66.2,245238.4,0,0,0
8,2,43,SkipList,4,107,182100,3.81,3.6,6.3,8.2,9.1,262444.2,0,0,0
8,2,43,SkipList,4,108,182400,3.827,3.6,6.3,7.5,10.7,261324.0,0,0,0
8,2,43,SkipList,4,109,182700,4.001,3.7,6.6,9.3,39.3,249958.4,0,0,0
8,2,43,SkipList,4,110,183000,5.068,4.5,8.1,15.4,76.8,197329.4,0,0,0
8,2,43,SkipList,4,111,183300,4.226,3.9,7.2,8.8,12.8,236611.6,0,0,0
8,2,43,SkipList,4,112,183600,4.157,3.9,6.7,9.4,10.3,240577.4,0,0,0
8,2,43,SkipList,4,113,183900,4.02,3.7,7.2,11.9,13.1,248735.6,0,0,0
8,2,43,SkipList,4,114,184200,4.143,3.8,6.7,9.4,29.4,241390.3,0,0,0
8,2,43,SkipList,4,115,184500,4.189,3.8,6.4,8.6,70.6,238701.5,0,0,0
8,2,43,SkipList,4,116,184800,3.86,3.7,6.2,7.2,13.2,259067.3,0,0,0
8,2,43,SkipList,4,117,185100,3.834,3.6,6.3,8.3,10.9,260846.7,0,0,0
8,2,43,SkipList,4,118,185400,3.773,3.4,6.5,8.6,10.0,265017.7,0,0,0
8,2,43,SkipList,4,119,185700,3.741,3.6,6.3,7.6,10.9,267332.1,0,0,0
8,2,43,SkipList,4,120,186000,4.244,3.7,6.9,12.3,72.0,235626.8,0,0,0
8,2,43,SkipList,4,121,186300,4.412,4.1,7.8,10.7,15.1,226637.4,0,0,0
8,2,43,SkipList,4,122,186600,4.902,4.5,8.4,11.2,13.4,203998.4,0,0,0
8,2,43,SkipList,4,123,186900,5.174,4.8,8.7,14.8,33.2,193261.6,0,0,0
8,2,43,SkipList,4,124,187200,4.53,4.3,7.6,10.1,17.2,220750.6,0,0,0
8,2,43,SkipList,4,125,187500,4.53,4.1,7.2,10.3,74.9,220750.6,0,0,0
8,2,43,SkipList,4,126,187800,4.431,4.2,7.4,9.3,11.0,225665.7,0,0,0
8,2,43,SkipList,4,127,188100,4.079,3.9,6.7,8.3,9.6,245158.2,0,0,0
8,2,43,SkipList,4,128,188400,3.872,3.6,6.4,8.2,13.1,258242.3,0,0,0
8,2,43,SkipList,4,129,188700,8.111,3.8,7.3,12.7,1217.2,123294.4,0,0,0
8,2,43,SkipList,4,130,189000,4.028,3.8,6.6,8.2,9.4,248282.7,0,0,0
8,2,43,SkipList,4,131,189300,5.107,4.6,9.4,14.7,17.9,195809.7,0,0,0
8,2,43,SkipList,4,132,189600,4.767,4.5,8.2,9.8,11.9,209775.6,0,0,0
8,2,43,SkipList,4,133,189900,4.464,4.2,7.5,9.7,11.4,224031.1,0,0,0
8,2,43,SkipList,4,134,190200,4.293,4.0,7.3,10.4,13.5,232937.4,0,0,0
8,2,43,SkipList,4,135,190500,4.576,4.2,7.4,9.5,83.5,218531.5,0,0,0
8,2,43,SkipList,4,136,190800,4.087,3.8,6.7,9.3,13.1,244698.1,0,0,0
8,2,43,SkipList,4,137,191100,3.969,3.7,6.8,9.5,9.9,251952.7,0,0,0
8,2,43,SkipList,4,138,191400,3.868,3.7,6.4,8.3,9.4,258531.6,0,0,0
8,2,43,SkipList,4,139,191700,4.144,3.8,6.7,9.4,68.6,241312.8,0,0,0
8,2,43,SkipList,4,140,192000,3.739,3.5,6.4,7.7,8.8,267427.3,0,0,0
8,2,43,SkipList,4,141,192300,4.855,4.2,9.9,12.8,32.8,205959.1,0,0,0
8,2,43,SkipList,4,142,192600,5.018,4.8,8.7,14.5,15.0,199282.6,0,0,0
8,2,43,SkipList,4,143,192900,4.613,4.3,7.9,12.4,19.2,216794.3,0,0,0
8,2,43,SkipList,4,144,193200,4.696,4.2,7.4,10.5,80.2,212932.1,0,0,0
8,2,43,SkipList,4,145,193500,4.237,4.0,7.0,9.1,10.0,236034.5,0,0,0
8,2,43,SkipList,4,146,193800,4.145,4.0,6.8,7.8,12.6,241274.0,0,0,0
8,2,43,SkipList,4,147,194100,4.16,4.1,6.9,9.1,10.2,240384.6,0,0,0
8,2,43,SkipList,4,148,194400,3.916,3.7,6.3,8.7,10.2,255362.6,0,0,0
8,2,43,SkipList,4,149,194700,4.107,3.7,6.4,8.2,64.5,243467.0,0,0,0
8,2,43,SkipList,4,150,195000,3.951,3.8,6.3,8.7,10.9,253121.9,0,0,0
8,2,43,SkipList,4,151,195300,3.814,3.7,6.1,8.2,10.8,262214.8,0,0,0
8,2,43,SkipList,4,152,195600,4.746,4.3,8.6,11.0,16.9,210688.9,0,0,0
8,2,43,SkipList,4,153,195900,4.596,4.2,8.4,10.0,12.1,217580.5,0,0,0
8,2,43,SkipList,4,154,196200,4.49,4.0,7.2,9.6,79.8,222700.6,0,0,0
8,2,43,SkipList,4,155,196500,4.281,4.0,7.2,9.0,11.7,233608.5,0,0,0
8,2,43,SkipList,4,156,196800,4.098,3.9,7.0,8.8,11.3,244041.2,0,0,0
8,2,43,SkipList,4,157,197100,3.982,3.8,6.7,7.9,8.1,251151.0,0,0,0
8,2,43,SkipList,4,158,197400,3.837,3.6,6.4,8.5,11.4,260642.9,0,0,0
8,2,43,SkipList,4,159,197700,4.187,3.7,6.7,9.6,66.5,238834.5,0,0,0
8,2,43,SkipList,4,160,198000,3.968,3.8,7.0,8.0,8.2,252016.1,0,0,0
8,2,43,SkipList,4,161,198300,3.772,3.6,6.1,7.9,9.1,265134.8,0,0,0
8,2,43,SkipList,4,162,198600,3.825,3.6,6.7,7.6,8.1,261437.9,0,0,0
8,2,43,SkipList,4,163,198900,5.313,4.4,9.7,19.1,88.7,188217.5,0,0,0
8,2,43,SkipList,4,164,199200,4.648,4.3,8.0,10.5,14.8,215130.9,0,0,0
8,2,43,SkipList,4,165,199500,4.392,4.2,7.4,9.3,9.7,227669.4,0,0,0
8,2,43,SkipList,4,166,199800,4.406,4.2,7.8,9.3,12.3,226946.1,0,0,0
8,2,43,SkipList,4,167,200000,4.041,3.8,7.0,9.4,10.6,247463.5,0,0,0
8,2,43,JLI,5,1,200300,16.259,14.4,35.2,79.3,106.1,61503.1,21,46,1
8,2,43,JLI,5,2,200600,32.397,6.5,41.7,115.4,5748.5,30867.1,21,47,1
8,2,43,JLI,5,3,200900,7.239,5.2,20.2,30.4,100.1,138134.3,21,47,1
8,2,43,JLI,5,4,201200,7.47,6.1,17.0,33.0,37.0,133874.8,21,47,1
8,2,43,JLI,5,5,201500,19.543,6.3,15.4,24.1,3732.7,51170.1,21,47,1
8,2,43,JLI,5,6,201800,11.356,8.4,27.4,80.0,144.2,88061.8,21,47,1
8,2,43,JLI,5,7,202100,10.04,8.0,20.6,36.4,101.7,99601.6,21,47,1
8,2,43,JLI,5,8,202400,8.24,5.6,19.0,48.4,137.3,121364.1,21,47,1
8,2,43,JLI,5,9,202700,6.324,5.4,14.3,20.3,23.4,158136.1,21,47,1
8,2,43,JLI,5,10,203000,19.46,6.2,14.5,40.7,3631.6,51386.6,22,47,1
8,2,43,JLI,5,11,203300,6.322,5.5,13.9,26.6,29.7,158186.2,22,47,1
8,2,43,JLI,5,12,203600,8.316,5.3,15.8,84.9,140.1,120245.3,22,47,1
8,2,43,JLI,5,13,203900,7.046,6.0,10.9,20.0,85.0,141924.5,22,47,1
8,2,43,JLI,5,14,204200,8.027,7.8,13.9,22.6,23.6,124584.7,22,47,1
8,2,43,JLI,5,15,204500,8.762,8.4,17.3,19.3,21.2,114129.2,22,47,1
8,2,43,JLI,5,16,204800,21.915,7.9,19.0,22.3,3937.3,45630.8,23,47,1
8,2,43,JLI,5,17,205100,6.443,5.7,11.0,24.0,27.0,155207.2,23,47,1
8,2,43,JLI,5,18,205400,7.118,6.4,12.0,20.3,29.9,140495.5,23,47,1
8,2,43,JLI,5,19,205700,7.763,7.0,14.2,22.5,56.7,128821.7,23,47,1
8,2,43,JLI,5,20,206000,8.506,7.8,15.9,18.5,26.3,117564.1,23,47,1
8,2,43,JLI,5,21,206300,8.679,8.2,16.8,19.1,20.0,115216.2,23,47,1
8,2,43,JLI,5,22,206600,23.189,7.2,21.5,33.0,4125.4,43123.3,23,48,1
8,2,43,JLI,5,23,206900,6.282,3.8,19.2,33.8,37.3,159193.4,23,48,1
8,2,43,JLI,5,24,207200,4.117,3.1,11.6,17.4,21.2,242914.9,23,48,1
8,2,43,JLI,5,25,207500,12.453,3.0,11.0,19.2,2515.8,80304.1,23,48,1
8,2,43,JLI,5,26,207800,5.61,3.9,14.7,23.9,105.0,178242.5,23,48,1
8,2,43,JLI,5,27,208100,6.251,4.9,14.4,32.4,74.9,159965.9,23,48,1
8,2,43,JLI,5,28,208400,6.925,5.9,14.3,33.3,40.4,144404.3,23,48,1
8,2,43,JLI,5,29,208700,8.121,6.4,17.2,24.6,165.0,123142.6,23,48,1
8,2,43,JLI,5,30,209000,22.08,7.2,17.2,26.7,4166.3,45289.2,23,48,1
8,2,43,JLI,5,31,209300,8.553,7.8,17.3,21.2,24.7,116913.5,23,48,1
8,2,43,JLI,5,32,209600,10.641,8.9,24.1,30.2,55.9,93979.1,23,48,1
8,2,43,JLI,5,33,209900,10.826,9.2,23.0,29.1,144.0,92373.1,23,48,1
8,2,43,JLI,5,34,210200,11.479,10.0,26.2,33.1,55.2,87113.1,23,48,1
8,2,43,JLI,5,35,210500,24.563,8.5,28.9,50.3,4063.1,40712.2,23,48,1
8,2,43,JLI,5,36,210800,12.2,9.9,29.4,36.5,40.9,81967.2,23,48,1
8,2,43,JLI,5,37,211100,14.166,12.9,32.6,40.0,40.6,70593.2,23,48,1
8,2,43,JLI,5,38,211400,12.721,9.9,33.6,42.3,48.1,78612.2,23,48,1
8,2,43,JLI,5,39,211700,4.961,3.2,14.2,25.0,43.4,201572.3,23,48,1
8,2,43,JLI,5,40,212000,7.005,5.1,19.6,36.9,47.6,142755.1,23,48,1
8,2,43,JLI,5,41,212300,23.296,5.9,16.3,30.7,4960.4,42925.2,23,49,1
8,2,43,JLI,5,42,212600,7.027,5.9,14.3,23.8,129.9,142314.9,23,49,1
8,2,43,JLI,5,43,212900,19.462,7.4,18.0,37.5,3234.9,51381.3,23,49,1
8,2,43,JLI,5,44,213200,9.265,8.6,18.6,26.4,31.2,107933.1,23,49,1
8,2,43,JLI,5,45,213500,9.088,7.6,18.8,25.3,115.2,110035.2,23,49,1
8,2,43,JLI,5,46,213800,9.699,8.2,21.8,25.8,26.9,103099.9,23,49,1
8,2,43,JLI,5,47,214100,10.713,8.7,25.4,28.4,28.6,93341.6,23,49,1
8,2,43,JLI,5,48,214400,12.117,10.3,27.6,33.7,35.0,82530.9,23,49,1
8,2,43,JLI,5,49,214700,25.779,10.5,30.0,36.4,3972.5,38791.3,23,49,1
8,2,43,JLI,5,50,215000,12.686,9.6,30.6,38.3,41.9,78829.1,23,49,1
8,2,43,JLI,5,51,215300,16.055,12.4,39.5,56.3,284.2,62287.2,23,49,1
8,2,43,JLI,5,52,215600,14.422,12.1,31.3,42.3,88.4,69336.9,23,49,1
8,2,43,JLI,5,53,215900,14.464,11.4,36.5,43.9,45.0,69137.2,23,49,1
8,2,43,JLI,5,54,216200,33.819,11.8,38.2,64.8,5610.1,29568.9,23,49,1
8,2,43,JLI,5,55,216500,17.31,12.3,43.4,53.6,173.6,57769.0,23,49,1
8,2,43,JLI,5,56,216800,16.549,11.3,46.8,55.1,65.8,60425.4,23,49,1
8,2,43,JLI,5,57,217100,21.982,16.3,51.4,95.5,193.2,45491.8,23,49,1
8,2,43,JLI,5,58,217400,20.27,14.9,52.2,65.8,67.5,49334.0,23,49,1
8,2,43,JLI,5,59,217700,40.682,17.1,56.3,75.1,5816.9,24581.1,23,49,1
8,2,43,JLI,5,60,218000,22.203,17.5,61.0,69.1,74.3,45039.0,23,49,1
8,2,43,JLI,5,61,218300,40.283,14.6,71.8,117.8,5579.8,24824.6,23,50,1
8,2,43,JLI,5,62,218600,10.277,5.9,26.6,88.2,92.1,97304.7,23,50,1
8,2,43,JLI,5,63,218900,7.404,4.7,21.3,41.7,93.3,135056.0,23,50,1
8,2,43,JLI,5,64,219200,7.963,5.4,25.6,33.3,41.6,125575.6,23,50,1
8,2,43,JLI,5,65,219500,21.813,5.3,20.1,32.7,4355.2,45844.9,23,50,1
8,2,43,JLI,5,66,219800,5.956,4.1,17.0,24.0,32.3,167888.5,23,50,1
8,2,43,JLI,5,67,220100,6.787,4.7,17.3,26.3,118.4,147347.7,23,50,1
8,2,43,JLI,5,68,220400,8.853,5.6,17.8,27.9,642.3,112951.8,23,50,1
8,2,43,JLI,5,69,220700,7.683,6.3,18.5,25.7,44.3,130157.5,23,50,1
8,2,43,JLI,5,70,221000,7.031,6.0,14.4,28.0,118.7,142220.6,23,50,1
8,2,43,JLI,5,71,221300,17.589,3.6,12.1,16.3,3860.4,56854.8,23,50,1
8,2,43,JLI,5,72,221600,5.665,4.6,10.7,18.2,107.9,176532.9,23,50,1
8,2,43,JLI,5,73,221900,6.095,5.8,11.5,15.6,18.8,164077.9,23,50,1
8,2,43,JLI,5,74,222200,7.193,6.7,14.4,18.0,19.1,139024.0,23,50,1
8,2,43,JLI,5,75,222500,8.993,8.5,17.0,19.8,39.7,111193.5,23,50,1
8,2,43,JLI,5,76,222800,26.109,10.0,20.1,22.6,4792.8,38301.0,23,50,1
8,2,43,JLI,5,77,223100,10.316,9.8,20.9,24.9,25.5,96933.6,23,50,1
8,2,43,JLI,5,78,223400,12.15,10.1,25.2,59.6,181.0,82302.3,23,50,1
8,2,43,JLI,5,79,223700,12.218,11.2,27.1,32.6,33.9,81846.5,23,50,1
8,2,43,JLI,5,80,224000,13.223,11.7,30.5,36.4,37.6,75623.9,23,50,1
8,2,43,JLI,5,81,224300,14.27,12.1,33.2,39.7,40.1,70078.7,23,50,1
8,2,43,JLI,5,82,224600,40.912,6.1,37.0,120.8,5443.9,24442.5,23,51,1
8,2,43,JLI,5,83,224900,7.61,5.2,21.8,29.9,36.2,131400.3,23,51,1
8,2,43,JLI,5,84,225200,8.578,5.4,23.1,38.8,103.5,116581.8,23,51,1
8,2,43,JLI,5,85,225500,9.36,6.5,25.2,34.6,108.8,106833.8,23,51,1
8,2,43,JLI,5,86,225800,5.355,4.0,11.5,28.1,28.5,186753.0,23,51,1
8,2,43,JLI,5,87,226100,5.133,3.6,11.6,14.2,131.4,194805.2,23,51,1
8,2,43,JLI,5,88,226400,18.496,4.5,12.7,16.3,3935.8,54064.8,23,51,1
8,2,43,JLI,5,89,226700,5.512,4.6,10.9,16.3,18.0,181411.4,23,51,1
8,2,43,JLI,5,90,227000,7.499,6.6,15.8,20.5,123.3,133345.2,23,51,1
8,2,43,JLI,5,91,227300,7.686,7.0,16.0,20.7,22.0,130106.7,23,51,1
8,2,43,JLI,5,92,227600,7.683,7.0,16.4,20.7,24.1,130157.5,23,51,1
8,2,43,JLI,5,93,227900,8.825,8.0,18.3,24.2,39.1,113318.7,23,51,1
8,2,43,JLI,5,94,228200,21.871,8.6,20.3,25.5,3749.5,45723.3,23,51,1
8,2,43,JLI,5,95,228500,10.498,9.3,24.2,27.9,28.7,95253.2,23,51,1
8,2,43,JLI,5,96,228800,11.411,10.4,25.1,27.9,29.0,87637.3,23,51,1
8,2,43,JLI,5,97,229100,12.689,11.9,28.6,32.2,37.8,78806.4,23,51,1
8,2,43,JLI,5,98,229400,13.26,12.0,29.3,32.8,33.7,75416.7,23,51,1
8,2,43,JLI,5,99,229700,29.861,14.0,31.8,38.1,4539.3,33488.5,23,51,1
8,2,43,JLI,5,100,230000,13.93,13.0,31.9,37.0,60.9,71787.5,23,51,1
8,2,43,JLI,5,101,230300,14.872,14.0,34.8,39.7,42.6,67238.9,23,51,1
8,2,43,JLI,5,102,230600,39.328,16.9,48.9,75.3,5772.6,25427.2,23,52,1
8,2,43,JLI,5,103,230900,6.33,3.1,23.4,39.8,114.8,157969.6,23,52,1
8,2,43,JLI,5,104,231200,4.902,3.6,11.0,21.6,100.7,203998.3,23,52,1
8,2,43,JLI,5,105,231500,20.377,4.3,9.6,24.0,4528.3,49075.7,23,52,1
8,2,43,JLI,5,106,231800,3.301,3.1,5.2,6.5,11.5,302907.6,23,52,1
8,2,43,JLI,5,107,232100,5.425,4.6,9.1,18.2,112.0,184343.1,23,52,1
8,2,43,JLI,5,108,232400,6.446,5.7,12.3,17.2,102.4,155135.0,23,52,1
8,2,43,JLI,5,109,232700,7.379,6.2,16.0,18.7,95.9,135519.7,23,52,1
8,2,43,JLI,5,110,233000,24.388,7.9,20.2,28.1,4566.6,41004.3,23,52,1
8,2,43,JLI,5,111,233300,10.716,9.7,23.1,28.2,94.5,93315.5,23,52,1
8,2,43,JLI,5,112,233600,12.168,10.4,27.2,34.9,127.5,82180.5,23,52,1
8,2,43,JLI,5,113,233900,12.666,11.8,29.9,34.9,37.2,78949.4,23,52,1
8,2,43,JLI,5,114,234200,15.008,13.2,36.7,42.4,144.2,66631.1,23,52,1
8,2,43,JLI,5,115,234500,15.237,14.2,36.7,44.7,47.2,65628.3,23,52,1
8,2,43,JLI,5,116,234800,31.485,14.7,43.6,56.7,4439.2,31761.5,23,52,1
8,2,43,JLI,5,117,235100,16.723,13.9,42.3,52.4,55.0,59799.1,23,52,1
8,2,43,JLI,5,118,235400,17.999,14.0,50.4,57.0,72.5,55558.6,23,52,1
8,2,43,JLI,5,119,235700,22.01,19.2,52.3,65.3,75.5,45433.2,23,52,1
8,2,43,JLI,5,120,236000,22.5,18.5,58.2,65.6,66.9,44445.1,23,52,1
8,2,43,JLI,5,121,236300,22.911,16.9,61.0,68.9,121.2,43646.5,23,52,1
8,2,43,JLI,5,122,236600,44.896,19.2,64.9,170.2,6161.4,22273.7,23,53,1
8,2,43,JLI,5,123,236900,8.776,4.2,29.3,91.4,114.4,113951.4,23,53,1
8,2,43,JLI,5,124,237200,24.093,4.5,22.1,98.6,5032.8,41505.8,23,53,1
8,2,43,JLI,5,125,237500,6.988,5.0,20.3,32.7,110.8,143109.3,23,53,1
8,2,43,JLI,5,126,237800,6.793,5.6,18.3,25.8,32.4,147203.1,23,53,1
8,2,43,JLI,5,127,238100,7.619,6.1,18.7,27.4,31.9,131256.5,23,53,1
8,2,43,JLI,5,128,238400,7.54,5.5,22.0,37.0,49.4,132631.9,23,53,1
8,2,43,JLI,5,129,238700,22.366,5.0,19.4,31.7,4727.1,44710.1,23,53,1
8,2,43,JLI,5,130,239000,4.28,2.9,10.2,21.2,33.3,233644.8,23,53,1
8,2,43,JLI,5,131,239300,4.45,3.8,8.9,12.6,17.8,224719.1,23,53,1
8,2,43,JLI,5,132,239600,5.588,4.9,10.6,19.9,24.3,178965.6,23,53,1
8,2,43,JLI,5,133,239900,6.294,5.9,12.0,17.6,23.2,158889.8,23,53,1
8,2,43,JLI,5,134,240200,7.787,7.3,15.3,17.5,20.9,128413.7,23,53,1
8,2,43,JLI,5,135,240500,23.825,7.6,16.7,21.7,4595.9,41972.7,23,53,1
8,2,43,JLI,5,136,240800,8.381,7.7,17.2,21.6,22.1,119322.3,23,53,1
8,2,43,JLI,5,137,241100,9.164,8.1,17.5,23.6,24.7,109126.6,23,53,1
8,2,43,JLI,5,138,241400,12.009,10.8,26.5,30.6,32.8,83270.9,23,53,1
8,2,43,JLI,5,139,241700,11.857,11.0,25.8,30.7,38.3,84340.7,23,53,1
8,2,43,JLI,5,140,242000,12.046,10.0,26.4,36.5,173.1,83015.1,23,53,1
8,2,43,JLI,5,141,242300,29.148,12.6,33.9,41.0,4437.5,34307.3,23,53,1
8,2,43,JLI,5,142,242600,14.311,12.8,31.8,42.3,49.5,69877.9,23,53,1
8,2,43,JLI,5,143,242900,33.645,9.4,47.9,129.5,4966.7,29722.1,23,54,1
8,2,43,JLI,5,144,243200,10.322,5.5,31.6,125.4,134.8,96880.4,23,54,1
8,2,43,JLI,5,145,243500,9.418,5.8,25.6,97.5,106.9,106175.9,23,54,1
8,2,43,JLI,5,146,243800,25.19,5.9,24.6,40.6,4976.2,39698.3,24,54,1
8,2,43,JLI,5,147,244100,5.673,4.0,16.6,28.6,61.1,176283.9,24,54,1
8,2,43,JLI,5,148,244400,4.954,3.8,11.2,20.4,23.2,201857.1,24,54,1
8,2,43,JLI,5,149,244700,4.94,4.3,9.4,18.2,29.3,202429.1,24,54,1
8,2,43,JLI,5,150,245000,6.263,5.3,12.8,23.5,100.9,159667.9,24,54,1
8,2,43,JLI,5,151,245300,22.118,5.4,14.5,20.1,4729.7,45211.4,24,54,1
8,2,43,JLI,5,152,245600,7.007,6.0,15.1,25.7,27.1,142721.2,24,54,1
8,2,43,JLI,5,153,245900,8.659,7.3,19.3,30.1,35.3,115491.2,24,54,1
8,2,43,JLI,5,154,246200,7.999,6.9,17.9,26.8,30.4,125015.6,24,54,1
8,2,43,JLI,5,155,246500,8.007,7.1,17.7,21.8,26.7,124890.7,24,54,1
8,2,43,JLI,5,156,246800,6.042,3.6,16.6,23.8,28.9,165517.2,24,54,1
8,2,43,JLI,5,157,247100,22.19,4.2,21.2,26.7,4629.1,45066.0,24,54,1
8,2,43,JLI,5,158,247400,7.285,5.1,19.7,27.0,27.8,137274.6,24,54,1
8,2,43,JLI,5,159,247700,7.477,6.0,18.1,29.2,29.6,133743.5,24,54,1
8,2,43,JLI,5,160,248000,8.665,6.8,23.4,31.8,54.2,115406.8,24,54,1
8,2,43,JLI,5,161,248300,9.544,7.8,22.7,32.4,38.7,104777.9,24,54,1
8,2,43,JLI,5,162,248600,30.255,9.0,32.2,96.8,5269.8,33052.4,24,55,1
8,2,43,JLI,5,163,248900,11.024,4.8,35.4,101.3,112.2,90713.9,24,55,1
8,2,43,JLI,5,164,249200,5.103,3.5,7.8,96.0,98.8,195963.1,24,55,1
8,2,43,JLI,5,165,249500,18.355,4.4,9.4,97.7,3844.5,54482.1,24,55,1
8,2,43,JLI,5,166,249800,6.055,5.4,11.3,18.2,21.6,165161.9,24,55,1
8,2,43,JLI,5,167,250000,7.621,6.6,12.1,22.7,141.6,131216.4,24,55,1
8,2,43,SkipList,5,1,200300,6.334,6.0,11.4,16.0,18.6,157886.4,0,0,0
8,2,43,SkipList,5,2,200600,9.895,5.0,9.6,13.1,1353.2,101057.7,0,0,0
8,2,43,SkipList,5,3,200900,5.261,4.8,9.3,12.5,20.4,190089.9,0,0,0
8,2,43,SkipList,5,4,201200,4.992,4.7,8.3,10.5,12.2,200307.1,0,0,0
8,2,43,SkipList,5,5,201500,4.617,4.5,7.4,8.9,11.6,216575.2,0,0,0
8,2,43,SkipList,5,6,201800,4.68,4.4,8.0,11.2,14.2,213675.2,0,0,0
8,2,43,SkipList,5,7,202100,5.126,4.4,9.0,11.8,100.0,195096.5,0,0,0
8,2,43,SkipList,5,8,202400,6.277,5.9,11.3,13.9,15.5,159303.4,0,0,0
8,2,43,SkipList,5,9,202700,5.397,5.2,8.5,11.1,15.9,185299.5,0,0,0
8,2,43,SkipList,5,10,203000,4.983,4.6,8.6,11.9,14.2,200668.9,0,0,0
8,2,43,SkipList,5,11,203300,4.666,4.4,8.3,10.9,13.2,214331.6,0,0,0
8,2,43,SkipList,5,12,203600,4.764,4.5,7.9,11.3,12.5,209907.6,0,0,0
8,2,43,SkipList,5,13,203900,4.588,4.3,7.4,10.3,10.7,217959.9,0,0,0
8,2,43,SkipList,5,14,204200,4.333,4.2,7.4,8.8,9.4,230769.3,0,0,0
8,2,43,SkipList,5,15,204500,4.437,4.3,7.0,9.4,13.9,225377.6,0,0,0
8,2,43,SkipList,5,16,204800,4.777,4.4,7.5,13.7,84.1,209321.8,0,0,0
8,2,43,SkipList,5,17,205100,5.536,5.1,9.3,15.0,50.4,180646.6,0,0,0
8,2,43,SkipList,5,18,205400,5.825,5.3,10.9,13.3,15.3,171683.7,0,0,0
8,2,43,SkipList,5,19,205700,6.01,5.6,10.5,18.7,20.4,166389.4,0,0,0
8,2,43,SkipList,5,20,206000,5.065,4.9,8.0,10.7,12.5,197446.4,0,0,0
8,2,43,SkipList,5,21,206300,5.599,5.0,9.1,12.8,100.2,178603.2,0,0,0
8,2,43,SkipList,5,22,206600,4.598,4.3,7.9,10.0,13.3,217485.9,0,0,0
8,2,43,SkipList,5,23,206900,4.45,4.2,7.4,9.1,11.1,224719.1,0,0,0
8,2,43,SkipList,5,24,207200,4.247,4.0,7.1,9.5,9.9,235460.4,0,0,0
8,2,43,SkipList,5,25,207500,4.092,3.8,7.1,9.4,11.7,244399.2,0,0,0
8,2,43,SkipList,5,26,207800,4.461,4.0,7.1,9.9,76.6,224181.8,0,0,0
8,2,43,SkipList,5,27,208100,5.969,5.1,11.7,16.8,40.6,167541.6,0,0,0
8,2,43,SkipList,5,28,208400,6.195,5.8,11.1,15.0,19.4,161411.8,0,0,0
8,2,43,SkipList,5,29,208700,5.168,4.9,9.3,13.6,17.9,193498.4,0,0,0
8,2,43,SkipList,5,30,209000,4.813,4.5,8.4,13.2,13.5,207785.0,0,0,0
8,2,43,SkipList,5,31,209300,4.472,4.2,7.7,10.3,10.9,223596.9,0,0,0
8,2,43,SkipList,5,32,209600,4.222,3.9,7.2,9.7,10.0,236854.6,0,0,0
8,2,43,SkipList,5,33,209900,4.299,4.1,7.3,10.6,11.0,232594.3,0,0,0
8,2,43,SkipList,5,34,210200,4.193,4.0,6.8,8.4,9.3,238511.7,0,0,0
8,2,43,SkipList,5,35,210500,4.26,3.8,7.2,10.8,69.4,234741.7,0,0,0
8,2,43,SkipList,5,36,210800,4.84,4.2,9.7,16.9,21.9,206611.6,0,0,0
8,2,43,SkipList,5,37,211100,5.126,4.8,9.4,11.6,14.1,195096.5,0,0,0
8,2,43,SkipList,5,38,211400,4.71,4.3,8.4,10.9,11.7,212314.2,0,0,0
8,2,43,SkipList,5,39,211700,4.81,4.2,7.9,10.6,77.5,207900.2,0,0,0
8,2,43,SkipList,5,40,212000,4.368,4.2,7.4,9.1,15.8,228937.8,0,0,0
8,2,43,SkipList,5,41,212300,4.308,4.1,7.0,8.8,9.4,232108.3,0,0,0
8,2,43,SkipList,5,42,212600,4.142,3.9,7.0,9.7,17.5,241448.7,0,0,0
8,2,43,SkipList,5,43,212900,4.153,3.8,7.3,12.8,14.4,240809.2,0,0,0
8,2,43,SkipList,5,44,213200,4.263,3.8,6.8,10.1,70.2,234576.6,0,0,0
8,2,43,SkipList,5,45,213500,4.009,3.7,6.9,8.5,11.6,249459.5,0,0,0
8,2,43,SkipList,5,46,213800,4.219,3.9,7.1,13.7,34.0,237041.8,0,0,0
8,2,43,SkipList,5,47,214100,4.244,4.0,7.3,9.1,10.5,235645.3,0,0,0
8,2,43,SkipList,5,48,214400,4.417,4.0,6.8,8.4,68.8,226398.0,0,0,0
8,2,43,SkipList,5,49,214700,3.924,3.7,6.6,8.6,12.0,254820.3,0,0,0
8,2,43,SkipList,5,50,215000,3.97,3.8,7.0,8.7,9.7,251868.1,0,0,0
8,2,43,SkipList,5,51,215300,3.803,3.7,6.2,7.5,8.3,262950.3,0,0,0
8,2,43,SkipList,5,52,215600,3.839,3.6,6.5,9.0,9.7,260462.0,0,0,0
8,2,43,SkipList,5,53,215900,4.203,3.8,6.5,7.6,71.8,237944.2,0,0,0
8,2,43,SkipList,5,54,216200,3.885,3.7,6.4,7.4,11.1,257400.3,0,0,0
8,2,43,SkipList,5,55,216500,3.902,3.7,6.3,8.4,9.3,256256.9,0,0,0
8,2,43,SkipList,5,56,216800,3.752,3.6,5.9,8.5,8.9,266500.9,0,0,0
8,2,43,SkipList,5,57,217100,3.993,3.7,6.4,9.5,11.5,250459.1,0,0,0
8,2,43,SkipList,5,58,217400,10.536,4.5,8.3,13.1,1760.5,94915.7,0,0,0
8,2,43,SkipList,5,59,217700,4.598,4.4,8.1,9.3,11.1,217501.6,0,0,0
8,2,43,SkipList,5,60,218000,4.292,4.1,7.1,8.8,14.4,233009.7,0,0,0
8,2,43,SkipList,5,61,218300,4.238,4.0,6.9,9.0,11.1,235941.8,0,0,0
8,2,43,SkipList,5,62,218600,4.08,3.7,7.6,10.3,12.1,245118.2,0,0,0
8,2,43,SkipList,5,63,218900,452.894,4.8,8.8,12.9,134344.2,2208.0,0,0,0
8,2,43,SkipList,5,64,219200,4.941,4.7,8.5,11.5,13.7,202388.1,0,0,0
8,2,43,SkipList,5,65,219500,4.445,4.2,7.9,10.2,12.9,224955.0,0,0,0
8,2,43,SkipList,5,66,219800,4.184,4.0,6.9,8.4,9.1,238986.6,0,0,0
8,2,43,SkipList,5,67,220100,5.906,5.1,11.8,16.8,54.6,169309.7,0,0,0
8,2,43,SkipList,5,68,220400,5.239,4.7,8.3,10.9,102.0,190876.1,0,0,0
8,2,43,SkipList,5,69,220700,4.456,4.3,7.5,9.3,10.5,224416.6,0,0,0
8,2,43,SkipList,5,70,221000,4.393,4.0,7.5,10.0,10.5,227634.8,0,0,0
8,2,43,SkipList,5,71,221300,4.266,4.1,7.1,8.9,11.8,234411.7,0,0,0
8,2,43,SkipList,5,72,221600,4.32,3.9,6.9,8.8,73.9,231463.6,0,0,0
8,2,43,SkipList,5,73,221900,4.143,3.9,6.6,9.1,9.3,241351.6,0,0,0
8,2,43,SkipList,5,74,222200,4.117,3.9,7.3,8.9,10.3,242915.0,0,0,0
8,2,43,SkipList,5,75,222500,4.222,4.0,6.9,9.6,11.9,236835.8,0,0,0
8,2,43,SkipList,5,76,222800,3.975,3.8,6.6,8.7,13.6,251593.5,0,0,0
8,2,43,SkipList,5,77,223100,5.547,4.7,9.2,14.0,138.3,180288.5,0,0,0
8,2,43,SkipList,5,78,223400,4.862,4.6,8.1,10.5,14.2,205690.7,0,0,0
8,2,43,SkipList,5,79,223700,4.374,4.2,7.5,9.1,10.9,228623.7,0,0,0
8,2,43,SkipList,5,80,224000,4.307,4.2,7.3,8.6,8.8,232162.2,0,0,0
8,2,43,SkipList,5,81,224300,4.111,3.9,6.8,9.6,10.3,243230.1,0,0,0
8,2,43,SkipList,5,82,224600,4.568,4.1,7.2,8.9,83.1,218930.1,0,0,0
8,2,43,SkipList,5,83,224900,4.163,4.0,7.2,8.3,12.4,240230.7,0,0,0
8,2,43,SkipList,5,84,225200,3.888,3.7,6.2,8.1,9.8,257201.6,0,0,0
8,2,43,SkipList,5,85,225500,3.988,3.7,6.6,9.9,13.7,250731.2,0,0,0
8,2,43,SkipList,5,86,225800,3.812,3.6,6.3,10.0,11.8,262352.4,0,0,0
8,2,43,SkipList,5,87,226100,4.599,3.9,7.8,15.1,82.4,217438.5,0,0,0
8,2,43,SkipList,5,88,226400,4.07,3.9,7.2,8.2,9.7,245720.3,0,0,0
8,2,43,SkipList,5,89,226700,4.087,3.9,6.8,8.9,10.1,244658.3,0,0,0
8,2,43,SkipList,5,90,227000,4.06,3.8,6.8,9.5,10.8,246305.3,0,0,0
8,2,43,SkipList,5,91,227300,3.895,3.8,6.4,8.4,9.6,256761.2,0,0,0
8,2,43,SkipList,5,92,227600,3.975,3.7,6.4,7.7,27.7,251593.5,0,0,0
8,2,43,SkipList,5,93,227900,4.243,3.9,6.6,8.4,76.9,235663.9,0,0,0
8,2,43,SkipList,5,94,228200,3.791,3.6,6.3,8.1,10.3,263805.9,0,0,0
8,2,43,SkipList,5,95,228500,3.861,3.6,6.3,9.0,14.4,259022.6,0,0,0
8,2,43,SkipList,5,96,228800,3.709,3.5,6.2,7.9,10.6,269590.2,0,0,0
8,2,43,SkipList,5,97,229100,3.837,3.6,6.6,7.8,8.8,260597.6,0,0,0
8,2,43,SkipList,5,98,229400,4.601,4.1,7.2,10.1,74.6,217359.7,0,0,0
8,2,43,SkipList,5,99,229700,5.042,4.4,8.8,13.8,29.3,198333.9,0,0,0
8,2,43,SkipList,5,100,230000,4.601,4.5,7.6,10.0,13.9,217359.9,0,0,0
8,2,43,SkipList,5,101,230300,4.37,4.2,7.1,8.3,10.0,228815.4,0,0,0
8,2,43,SkipList,5,102,230600,4.559,4.1,6.9,9.3,88.0,219362.5,0,0,0
8,2,43,SkipList,5,103,230900,4.18,3.9,7.7,10.0,11.6,239234.4,0,0,0
8,2,43,SkipList,5,104,231200,4.046,3.8,7.1,9.4,9.8,247157.7,0,0,0
8,2,43,SkipList,5,105,231500,4.079,3.8,7.0,9.7,13.9,245138.1,0,0,0
8,2,43,SkipList,5,106,231800,3.908,3.7,6.6,8.4,11.2,255907.3,0,0,0
8,2,43,SkipList,5,107,232100,4.148,3.8,6.5,9.6,66.4,241099.4,0,0,0
8,2,43,SkipList,5,108,232400,3.851,3.6,6.5,7.7,8.5,259672.8,0,0,0
8,2,43,SkipList,5,109,232700,4.761,4.3,8.7,12.0,33.1,210025.2,0,0,0
8,2,43,SkipList,5,110,233000,4.812,4.5,8.8,11.4,16.8,207813.8,0,0,0
8,2,43,SkipList,5,111,233300,4.415,4.2,7.9,9.1,9.6,226483.4,0,0,0
8,2,43,SkipList,5,112,233600,4.755,4.3,7.1,9.9,87.4,210305.0,0,0,0
8,2,43,SkipList,5,113,233900,4.554,4.3,7.6,10.4,13.4,219603.3,0,0,0
8,2,43,SkipList,5,114,234200,4.104,3.9,6.8,8.6,9.1,243664.6,0,0,0
8,2,43,SkipList,5,115,234500,4.074,3.8,7.6,8.9,9.7,245479.1,0,0,0
8,2,43,SkipList,5,116,234800,4.224,3.8,7.1,8.5,70.3,236742.3,0,0,0
8,2,43,SkipList,5,117,235100,3.913,3.7,6.8,8.6,10.2,255536.7,0,0,0
8,2,43,SkipList,5,118,235400,3.919,3.7,6.5,8.9,14.6,255145.5,0,0,0
8,2,43,SkipList,5,119,235700,4.053,3.8,6.8,8.5,17.3,246751.2,0,0,0
8,2,43,SkipList,5,120,236000,5.061,4.6,10.0,13.5,15.8,197602.5,0,0,0
8,2,43,SkipList,5,121,236300,11.36,5.2,9.9,14.3,1756.8,88025.6,0,0,0
8,2,43,SkipList,5,122,236600,5.076,4.8,8.2,12.9,19.6,197018.5,0,0,0
8,2,43,SkipList,5,123,236900,4.538,4.3,7.9,9.7,10.2,220345.2,0,0,0
8,2,43,SkipList,5,124,237200,4.446,4.1,7.5,10.2,10.7,224938.2,0,0,0
8,2,43,SkipList,5,125,237500,4.471,4.1,7.7,10.7,13.7,223680.3,0,0,0
8,2,43,SkipList,5,126,237800,4.364,4.0,6.9,10.4,62.9,229130.2,0,0,0
8,2,43,SkipList,5,127,238100,4.194,4.1,6.8,8.3,10.4,238454.9,0,0,0
8,2,43,SkipList,5,128,238400,4.007,3.8,6.7,9.0,10.1,249563.2,0,0,0
8,2,43,SkipList,5,129,238700,4.514,4.0,8.3,14.9,37.8,221549.4,0,0,0
8,2,43,SkipList,5,130,239000,4.933,4.6,8.9,13.4,14.6,202730.2,0,0,0
8,2,43,SkipList,5,131,239300,5.027,4.5,8.1,10.1,95.8,198912.6,0,0,0
8,2,43,SkipList,5,132,239600,4.215,4.0,7.2,9.3,11.2,237247.9,0,0,0
8,2,43,SkipList,5,133,239900,4.459,4.1,7.9,9.5,11.1,224265.5,0,0,0
8,2,43,SkipList,5,134,240200,4.227,4.0,7.1,8.6,11.1,236555.8,0,0,0
8,2,43,SkipList,5,135,240500,4.109,3.8,6.7,9.0,11.1,243348.5,0,0,0
8,2,43,SkipList,5,136,240800,4.196,3.8,6.5,8.3,76.7,238303.3,0,0,0
8,2,43,SkipList,5,137,241100,4.086,3.9,7.0,8.5,8.9,244758.1,0,0,0
8,2,43,SkipList,5,138,241400,3.895,3.7,6.4,8.6,11.2,256717.5,0,0,0
8,2,43,SkipList,5,139,241700,3.873,3.6,6.5,8.3,9.7,258175.5,0,0,0
8,2,43,SkipList,5,140,242000,4.819,4.3,9.2,12.3,16.1,207497.6,0,0,0
8,2,43,SkipList,5,141,242300,4.822,4.3,7.4,9.7,93.6,207397.1,0,0,0
8,2,43,SkipList,5,142,242600,4.537,4.4,7.6,10.5,11.3,220393.7,0,0,0
8,2,43,SkipList,5,143,242900,4.289,4.1,7.0,9.2,9.4,233154.6,0,0,0
8,2,43,SkipList,5,144,243200,4.339,4.1,7.1,10.0,14.3,230450.1,0,0,0
8,2,43,SkipList,5,145,243500,4.385,4.0,7.0,10.2,70.6,228050.2,0,0,0
8,2,43,SkipList,5,146,243800,4.164,4.0,7.2,8.3,8.4,240134.5,0,0,0
8,2,43,SkipList,5,147,244100,4.25,3.9,7.5,10.3,11.6,235275.7,0,0,0
8,2,43,SkipList,5,148,244400,3.988,3.8,6.2,8.8,10.9,250752.3,0,0,0
8,2,43,SkipList,5,149,244700,3.905,3.6,6.5,8.9,9.3,256082.0,0,0,0
8,2,43,SkipList,5,150,245000,4.789,4.2,8.6,15.3,71.6,208811.8,0,0,0
8,2,43,SkipList,5,151,245300,4.297,4.0,7.2,10.9,11.3,232720.5,0,0,0
8,2,43,SkipList,5,152,245600,4.065,3.8,6.5,8.8,11.0,246002.6,0,0,0
8,2,43,SkipList,5,153,245900,4.191,3.9,7.3,11.4,12.4,238606.6,0,0,0
8,2,43,SkipList,5,154,246200,3.881,3.6,6.5,8.8,10.1,257665.6,0,0,0
8,2,43,SkipList,5,155,246500,4.347,3.9,6.7,9.8,77.4,230026.1,0,0,0
8,2,43,SkipList,5,156,246800,4.031,3.7,7.2,8.7,10.6,248077.4,0,0,0
8,2,43,SkipList,5,157,247100,4.022,3.9,6.6,9.2,11.3,248632.6,0,0,0
8,2,43,SkipList,5,158,247400,3.812,3.7,6.3,7.8,9.3,262329.5,0,0,0
8,2,43,SkipList,5,159,247700,4.125,3.7,6.5,8.0,60.4,242404.7,0,0,0
8,2,43,SkipList,5,160,248000,3.82,3.6,6.3,8.4,10.2,261757.3,0,0,0
8,2,43,SkipList,5,161,248300,4.148,3.9,7.2,10.6,12.9,241099.3,0,0,0
8,2,43,SkipList,5,162,248600,4.926,4.6,8.5,11.4,13.6,203018.2,0,0,0
8,2,43,SkipList,5,163,248900,4.599,4.4,7.7,10.3,12.4,217454.3,0,0,0
8,2,43,SkipList,5,164,249200,4.631,4.3,7.4,10.1,70.7,215936.1,0,0,0
8,2,43,SkipList,5,165,249500,4.359,4.1,7.3,11.7,14.7,229392.8,0,0,0
8,2,43,SkipList,5,166,249800,4.206,3.9,7.1,8.9,12.2,237774.4,0,0,0
8,2,43,SkipList,5,167,250000,4.14,3.9,6.9,9.3,9.6,241575.1,0,0,0
8,2,43,JLI,6,1,250300,8.111,6.4,13.4,34.2,240.6,123294.4,24,55,1
8,2,43,JLI,6,2,250600,7.462,7.3,14.0,15.8,25.4,134018.3,24,55,1
8,2,43,JLI,6,3,250900,8.545,7.7,16.3,21.3,114.9,117022.9,24,55,1
8,2,43,JLI,6,4,251200,30.554,8.8,18.1,31.6,6354.7,32728.6,24,55,1
8,2,43,JLI,6,5,251500,9.317,8.6,18.0,21.1,22.1,107334.5,24,55,1
8,2,43,JLI,6,6,251800,10.654,9.8,21.0,26.0,30.4,93858.5,24,55,1
8,2,43,JLI,6,7,252100,13.584,12.4,29.0,45.1,150.9,73617.8,24,55,1
8,2,43,JLI,6,8,252400,13.431,13.0,26.7,30.6,36.6,74454.6,24,55,1
8,2,43,JLI,6,9,252700,13.639,12.7,28.8,33.4,33.9,73319.2,24,55,1
8,2,43,JLI,6,10,253000,32.066,12.7,32.3,43.3,5332.4,31185.4,24,55,1
8,2,43,JLI,6,11,253300,16.111,14.8,34.2,39.4,175.2,62068.1,24,55,1
8,2,43,JLI,6,12,253600,15.606,14.8,33.9,38.8,42.8,64076.6,24,55,1
8,2,43,JLI,6,13,253900,19.264,17.4,39.9,70.7,85.1,51911.2,24,55,1
8,2,43,JLI,6,14,254200,16.351,14.6,37.0,43.7,44.2,61158.3,24,55,1
8,2,43,JLI,6,15,254500,17.08,15.3,40.1,47.4,49.5,58548.0,24,55,1
8,2,43,JLI,6,16,254800,43.931,18.0,47.5,80.1,6834.8,22763.1,24,56,1
8,2,43,JLI,6,17,255100,10.19,5.2,34.0,119.9,191.8,98135.4,24,56,1
8,2,43,JLI,6,18,255400,28.744,5.3,27.1,53.2,6078.5,34789.9,25,56,1
8,2,43,JLI,6,19,255700,7.744,5.1,25.0,36.3,38.8,129132.2,25,56,1
8,2,43,JLI,6,20,256000,7.312,5.3,22.1,30.7,37.9,136755.3,25,56,1
8,2,43,JLI,6,21,256300,7.473,5.9,21.3,33.4,35.3,133809.1,25,56,1
8,2,43,JLI,6,22,256600,5.758,5.2,12.3,17.6,35.2,173681.5,25,56,1
8,2,43,JLI,6,23,256900,8.197,5.9,18.7,38.0,284.1,121990.9,25,56,1
8,2,43,JLI,6,24,257200,26.105,5.6,16.7,30.6,5787.2,38306.8,25,56,1
8,2,43,JLI,6,25,257500,6.03,4.9,14.9,17.8,22.6,165846.7,25,56,1
8,2,43,JLI,6,26,257800,6.758,5.5,15.4,19.0,22.6,147965.5,25,56,1
8,2,43,JLI,6,27,258100,7.182,5.6,16.0,23.4,25.9,139243.5,25,56,1
8,2,43,JLI,6,28,258400,9.067,7.3,21.7,28.1,62.3,110294.1,25,56,1
8,2,43,JLI,6,29,258700,8.62,7.2,18.5,29.2,36.9,116004.8,25,56,1
8,2,43,JLI,6,30,259000,27.114,7.0,19.8,25.8,5699.9,36880.9,25,56,1
8,2,43,JLI,6,31,259300,10.191,7.8,24.1,41.0,103.4,98122.6,25,56,1
8,2,43,JLI,6,32,259600,10.119,8.3,22.0,30.2,32.4,98827.3,25,56,1
8,2,43,JLI,6,33,259900,10.623,8.6,23.4,33.9,53.2,94135.4,25,56,1
8,2,43,JLI,6,34,260200,11.505,10.2,24.2,32.8,36.8,86916.2,25,56,1
8,2,43,JLI,6,35,260500,12.344,11.2,30.3,37.3,37.7,81011.0,25,56,1
8,2,43,JLI,6,36,260800,13.822,11.4,33.8,55.0,64.5,72348.4,25,56,1
8,2,43,JLI,6,37,261100,35.251,13.4,35.6,112.2,5727.0,28367.7,25,57,1
8,2,43,JLI,6,38,261400,31.267,6.9,36.9,169.5,4850.0,31982.3,25,57,1
8,2,43,JLI,6,39,261700,7.04,4.8,22.4,36.3,120.9,142052.2,25,57,1
8,2,43,JLI,6,40,262000,5.851,4.9,14.9,25.9,31.2,170920.7,25,57,1
8,2,43,JLI,6,41,262300,5.077,4.2,10.5,18.7,27.3,196966.7,25,57,1
8,2,43,JLI,6,42,262600,5.836,4.4,11.2,14.1,122.7,171360.0,25,57,1
8,2,43,JLI,6,43,262900,10.041,7.7,20.7,34.1,301.5,99595.0,25,57,1
8,2,43,JLI,6,44,263200,23.553,6.0,15.5,24.5,5025.0,42458.0,25,57,1
8,2,43,JLI,6,45,263500,7.561,6.3,14.4,19.9,140.0,132263.4,25,57,1
8,2,43,JLI,6,46,263800,8.665,7.4,19.1,23.7,106.5,115411.2,25,57,1
8,2,43,JLI,6,47,264100,12.57,9.6,23.9,55.6,369.8,79556.6,25,57,1
8,2,43,JLI,6,48,264400,9.861,8.9,20.8,27.0,41.9,101406.2,25,57,1
8,2,43,JLI,6,49,264700,30.119,9.8,24.4,32.9,5575.1,33202.0,25,57,1
8,2,43,JLI,6,50,265000,13.599,12.0,29.8,38.5,47.8,73534.8,25,57,1
8,2,43,JLI,6,51,265300,17.604,14.1,38.5,52.7,297.9,56804.2,25,57,1
8,2,43,JLI,6,52,265600,14.032,12.4,33.0,41.2,58.8,71267.4,25,57,1
8,2,43,JLI,6,53,265900,14.008,12.8,29.9,41.6,42.7,71389.5,25,57,1
8,2,43,JLI,6,54,266200,14.751,13.2,34.8,46.6,64.1,67793.5,25,57,1
8,2,43,JLI,6,55,266500,35.999,13.5,36.1,50.2,6247.5,27778.3,25,57,1
8,2,43,JLI,6,56,266800,16.612,14.0,38.8,47.8,87.2,60197.5,25,57,1
8,2,43,JLI,6,57,267100,30.891,8.0,38.5,103.3,5277.0,32371.5,25,58,1
8,2,43,JLI,6,58,267400,7.431,5.1,17.7,43.4,147.4,134571.4,25,58,1
8,2,43,JLI,6,59,267700,7.568,5.9,19.4,28.0,38.0,132141.1,25,58,1
8,2,43,JLI,6,60,268000,21.928,5.9,16.8,24.0,4460.1,45603.8,26,58,1
8,2,43,JLI,6,61,268300,6.586,5.2,18.6,28.6,32.2,151829.6,26,58,1
8,2,43,JLI,6,62,268600,6.89,5.5,15.7,27.8,77.2,145144.9,26,58,1
8,2,43,JLI,6,63,268900,7.718,6.4,17.2,25.9,36.7,129572.8,26,58,1
8,2,43,JLI,6,64,269200,8.395,6.8,23.2,32.2,43.2,119123.2,26,58,1
8,2,43,JLI,6,65,269500,8.529,7.2,19.3,33.7,35.6,117247.0,26,58,1
8,2,43,JLI,6,66,269800,24.253,6.6,17.1,32.6,4967.7,41232.0,27,58,1
8,2,43,JLI,6,67,270100,5.88,5.1,12.3,25.3,43.7,170077.7,27,58,1
8,2,43,JLI,6,68,270400,6.313,5.1,13.1,17.0,36.7,158403.3,27,58,1
8,2,43,JLI,6,69,270700,6.342,4.9,13.6,20.4,27.6,157678.9,27,58,1
8,2,43,JLI,6,70,271000,6.767,5.2,15.0,19.7,29.5,147776.0,27,58,1
8,2,43,JLI,6,71,271300,26.065,6.1,16.2,23.2,5546.0,38365.1,27,58,1
8,2,43,JLI,6,72,271600,7.819,6.5,16.1,19.3,22.6,127888.2,27,58,1
8,2,43,JLI,6,73,271900,10.098,8.3,20.3,29.9,199.1,99032.8,27,58,1
8,2,43,JLI,6,74,272200,8.028,6.7,18.3,21.6,25.3,124569.2,27,58,1
8,2,43,JLI,6,75,272500,9.162,8.0,20.3,23.8,27.0,109146.5,27,58,1
8,2,43,JLI,6,76,272800,9.296,7.6,20.7,24.2,26.0,107573.1,27,58,1
8,2,43,JLI,6,77,273100,30.512,6.9,41.7,105.4,5391.8,32774.3,27,59,1
8,2,43,JLI,6,78,273400,7.966,4.4,21.2,102.9,104.3,125533.5,27,59,1
8,2,43,JLI,6,79,273700,7.18,5.2,20.2,30.1,30.8,139275.8,27,59,1
8,2,43,JLI,6,80,274000,19.639,4.1,19.0,31.9,3944.9,50919.1,28,59,1
8,2,43,JLI,6,81,274300,7.409,4.4,21.6,43.0,160.3,134977.1,28,59,1
8,2,43,JLI,6,82,274600,4.71,3.4,6.9,29.2,143.6,212299.2,28,59,1
8,2,43,JLI,6,83,274900,4.494,3.7,8.0,14.8,70.0,222518.9,28,59,1
8,2,43,JLI,6,84,275200,4.687,4.0,8.5,14.9,17.3,213340.9,28,59,1
8,2,43,JLI,6,85,275500,19.731,3.5,8.6,12.7,4633.3,50680.8,28,59,1
8,2,43,JLI,6,86,275800,5.037,3.9,9.8,20.5,25.2,198544.0,28,59,1
8,2,43,JLI,6,87,276100,5.487,4.3,11.5,18.4,38.8,182237.8,28,59,1
8,2,43,JLI,6,88,276400,5.535,4.8,10.6,13.4,35.7,180657.6,28,59,1
8,2,43,JLI,6,89,276700,5.913,5.2,11.6,15.1,27.5,169109.3,28,59,1
8,2,43,JLI,6,90,277000,6.641,5.8,12.5,22.9,28.0,150579.7,28,59,1
8,2,43,JLI,6,91,277300,24.248,6.3,13.7,21.1,5175.1,41241.1,28,59,1
8,2,43,JLI,6,92,277600,7.142,6.1,14.1,26.0,42.9,140016.8,28,59,1
8,2,43,JLI,6,93,277900,8.193,7.8,15.4,24.7,29.4,122060.4,28,59,1
8,2,43,JLI,6,94,278200,7.929,7.1,16.3,20.3,24.5,126114.0,28,59,1
8,2,43,JLI,6,95,278500,8.424,7.7,17.1,20.4,28.9,118713.2,28,59,1
8,2,43,JLI,6,96,278800,8.667,8.1,17.7,19.4,20.5,115384.6,28,59,1
8,2,43,JLI,6,97,279100,9.316,8.3,19.0,21.5,27.0,107338.4,28,59,1
8,2,43,JLI,6,98,279400,28.456,4.8,24.5,125.3,6064.1,35142.4,28,60,1
8,2,43,JLI,6,99,279700,7.674,5.3,17.7,105.3,111.0,130310.1,28,60,1
8,2,43,JLI,6,100,280000,22.427,4.2,14.6,34.2,5056.0,44588.5,29,60,1
8,2,43,JLI,6,101,280300,8.043,5.4,14.7,139.4,163.5,124331.7,29,60,1
8,2,43,JLI,6,102,280600,6.129,4.9,11.2,34.2,117.3,163149.9,29,60,1
8,2,43,JLI,6,103,280900,5.764,5.0,11.8,23.6,27.8,173480.6,29,60,1
8,2,43,JLI,6,104,281200,6.434,5.8,13.5,22.0,23.8,155424.3,29,60,1
8,2,43,JLI,6,105,281500,23.856,6.2,15.7,26.1,5034.1,41918.2,29,60,1
8,2,43,JLI,6,106,281800,8.374,6.5,19.0,39.7,163.7,119417.2,29,60,1
8,2,43,JLI,6,107,282100,8.463,6.9,21.5,25.0,28.6,118156.8,29,60,1
8,2,43,JLI,6,108,282400,9.513,8.1,22.6,26.7,50.7,105123.0,29,60,1
8,2,43,JLI,6,109,282700,9.854,8.6,23.6,30.2,31.1,101481.6,29,60,1
8,2,43,JLI,6,110,283000,28.56,9.6,26.3,42.0,5148.7,35014.0,29,60,1
8,2,43,JLI,6,111,283300,10.615,9.0,26.0,32.8,35.6,94209.3,29,60,1
8,2,43,JLI,6,112,283600,12.906,9.6,32.2,109.9,155.2,77481.3,29,60,1
8,2,43,JLI,6,113,283900,13.025,11.3,31.8,41.5,114.5,76777.4,29,60,1
8,2,43,JLI,6,114,284200,17.81,11.3,38.2,43.5,1391.2,56149.3,29,60,1
8,2,43,JLI,6,115,284500,12.921,10.2,32.7,43.4,45.1,77391.4,29,60,1
8,2,43,JLI,6,116,284800,31.232,10.9,37.8,51.6,5205.1,32018.4,29,60,1
8,2,43,JLI,6,117,285100,14.859,12.6,38.0,46.8,174.7,67297.8,29,60,1
8,2,43,JLI,6,118,285400,27.172,4.7,33.6,103.2,5028.3,36802.6,29,61,1
8,2,43,JLI,6,119,285700,6.142,5.3,9.7,20.4,109.3,162804.6,29,61,1
8,2,43,JLI,6,120,286000,7.623,6.8,14.0,28.6,47.2,131181.9,29,61,1
8,2,43,JLI,6,121,286300,9.652,8.3,16.2,28.7,202.7,103605.5,29,61,1
8,2,43,JLI,6,122,286600,24.572,5.2,11.7,21.7,5621.8,40696.2,30,61,1
8,2,43,JLI,6,123,286900,5.838,5.3,9.9,11.8,23.8,171301.2,30,61,1
8,2,43,JLI,6,124,287200,7.046,6.6,12.5,16.1,31.4,141917.8,30,61,1
8,2,43,JLI,6,125,287500,7.498,6.8,13.5,16.3,37.1,133363.0,30,61,1
8,2,43,JLI,6,126,287800,7.912,6.9,15.2,25.7,40.5,126395.6,30,61,1
8,2,43,JLI,6,127,288100,26.881,8.5,17.7,43.7,5206.9,37201.0,30,61,1
8,2,43,JLI,6,128,288400,10.069,9.3,18.2,39.3,60.1,99318.0,30,61,1
8,2,43,JLI,6,129,288700,9.985,8.8,19.5,23.6,46.3,100153.6,30,61,1
8,2,43,JLI,6,130,289000,10.522,10.0,20.8,25.6,27.0,95036.0,30,61,1
8,2,43,JLI,6,131,289300,11.767,10.4,24.0,45.8,57.7,84981.0,30,61,1
8,2,43,JLI,6,132,289600,11.863,10.2,23.6,37.8,51.8,84295.7,30,61,1
8,2,43,JLI,6,133,289900,28.816,9.6,24.3,30.0,5537.9,34702.9,31,61,1
8,2,43,JLI,6,134,290200,9.028,8.2,19.0,21.8,22.9,110770.6,31,61,1
8,2,43,JLI,6,135,290500,9.863,8.3,21.1,25.5,42.3,101389.0,31,61,1
8,2,43,JLI,6,136,290800,11.936,10.7,24.9,31.9,93.8,83780.1,31,61,1
8,2,43,JLI,6,137,291100,11.323,9.2,24.1,34.6,78.4,88318.4,31,61,1
8,2,43,JLI,6,138,291400,45.117,9.1,28.5,50.2,5611.7,22164.4,31,62,1
8,2,43,JLI,6,139,291700,12.04,7.7,32.5,40.0,42.6,83058.8,31,62,1
8,2,43,JLI,6,140,292000,7.76,3.8,24.5,36.8,38.0,128866.0,31,62,1
8,2,43,JLI,6,141,292300,7.529,5.0,20.8,30.1,31.1,132819.8,31,62,1
8,2,43,JLI,6,142,292600,9.158,6.7,23.3,31.1,84.1,109198.1,31,62,1
8,2,43,JLI,6,143,292900,11.796,7.9,31.9,61.6,162.1,84776.9,31,62,1
8,2,43,JLI,6,144,293200,29.007,7.1,26.1,43.6,5822.3,34474.4,31,62,1
8,2,43,JLI,6,145,293500,10.418,7.9,24.7,33.4,37.3,95987.7,31,62,1
8,2,43,JLI,6,146,293800,10.887,8.0,25.9,37.0,194.5,91849.9,31,62,1
8,2,43,JLI,6,147,294100,11.579,8.7,29.5,38.6,44.1,86363.2,31,62,1
8,2,43,JLI,6,148,294400,11.593,9.2,26.4,42.1,44.0,86256.5,31,62,1
8,2,43,JLI,6,149,294700,31.205,8.8,25.3,39.9,5991.2,32046.1,31,62,1
8,2,43,JLI,6,150,295000,8.386,5.6,24.3,32.7,36.8,119241.6,31,62,1
8,2,43,JLI,6,151,295300,4.422,3.5,6.8,8.0,191.7,226125.0,31,62,1
8,2,43,JLI,6,152,295600,5.429,5.2,9.2,12.0,33.2,184196.0,31,62,1
8,2,43,JLI,6,153,295900,6.919,6.1,13.4,15.9,64.5,144522.6,31,62,1
8,2,43,JLI,6,154,296200,9.034,8.7,17.8,20.3,35.0,110688.9,31,62,1
8,2,43,JLI,6,155,296500,30.488,9.8,22.7,34.6,5874.7,32799.8,31,62,1
8,2,43,JLI,6,156,296800,12.007,10.9,25.8,29.7,30.4,83287.1,31,62,1
8,2,43,JLI,6,157,297100,13.206,12.0,29.2,33.8,35.3,75725.1,31,62,1
8,2,43,JLI,6,158,297400,38.872,15.4,37.7,52.6,6415.8,25725.7,31,63,1
8,2,43,JLI,6,159,297700,13.168,3.6,54.1,113.0,164.6,75943.6,31,63,1
8,2,43,JLI,6,160,298000,10.986,3.6,47.2,117.6,151.6,91024.9,31,63,1
8,2,43,JLI,6,161,298300,26.744,4.6,33.6,121.8,5308.1,37391.1,31,63,1
8,2,43,JLI,6,162,298600,5.462,4.6,9.6,23.4,115.0,183083.2,31,63,1
8,2,43,JLI,6,163,298900,5.781,4.9,10.2,17.4,114.1,172980.4,31,63,1
8,2,43,JLI,6,164,299200,5.857,5.1,11.9,15.8,16.3,170735.9,31,63,1
8,2,43,JLI,6,165,299500,8.785,6.5,16.3,115.8,180.1,113830.4,31,63,1
8,2,43,JLI,6,166,299800,25.482,6.7,17.2,24.2,5248.6,39243.9,31,63,1
8,2,43,JLI,6,167,300000,7.933,7.1,18.0,22.7,22.9,126055.7,31,63,1
8,2,43,SkipList,6,1,250300,6.421,6.0,11.3,14.6,14.8,155730.9,0,0,0
8,2,43,SkipList,6,2,250600,5.529,5.1,9.8,14.6,16.1,180875.5,0,0,0
8,2,43,SkipList,6,3,250900,6.703,6.1,13.3,20.0,40.9,149179.5,0,0,0
8,2,43,SkipList,6,4,251200,6.43,5.8,10.1,13.2,120.3,155512.9,0,0,0
8,2,43,SkipList,6,5,251500,5.567,5.2,9.6,12.2,16.1,179630.0,0,0,0
8,2,43,SkipList,6,6,251800,5.199,4.9,8.8,11.4,14.0,192344.7,0,0,0
8,2,43,SkipList,6,7,252100,4.887,4.6,8.1,10.3,13.5,204638.4,0,0,0
8,2,43,SkipList,6,8,252400,4.837,4.7,8.4,10.3,12.4,206725.5,0,0,0
8,2,43,SkipList,6,9,252700,5.117,4.7,8.2,10.9,91.0,195414.3,0,0,0
8,2,43,SkipList,6,10,253000,4.666,4.3,8.4,11.4,15.0,214316.3,0,0,0
8,2,43,SkipList,6,11,253300,4.675,4.4,7.7,10.7,10.8,213919.0,0,0,0
8,2,43,SkipList,6,12,253600,5.285,4.6,10.6,14.6,23.3,189202.8,0,0,0
8,2,43,SkipList,6,13,253900,4.699,4.4,8.0,10.7,13.4,212826.4,0,0,0
8,2,43,SkipList,6,14,254200,4.58,4.6,7.4,8.8,10.1,218324.7,0,0,0
8,2,43,SkipList,6,15,254500,4.878,4.2,7.9,11.2,101.1,205002.0,0,0,0
8,2,43,SkipList,6,16,254800,4.346,4.1,7.7,10.2,10.3,230079.0,0,0,0
8,2,43,SkipList,6,17,255100,4.502,4.2,7.7,9.1,11.1,222123.5,0,0,0
8,2,43,SkipList,6,18,255400,4.297,4.1,7.2,10.2,11.5,232720.5,0,0,0
8,2,43,SkipList,6,19,255700,4.271,4.1,7.2,8.8,14.6,234155.5,0,0,0
8,2,43,SkipList,6,20,256000,4.618,4.2,7.5,8.8,80.6,216528.4,0,0,0
8,2,43,SkipList,6,21,256300,4.214,4.0,6.6,10.1,13.6,237285.4,0,0,0
8,2,43,SkipList,6,22,256600,4.683,4.4,8.8,12.2,19.5,213538.3,0,0,0
8,2,43,SkipList,6,23,256900,5.162,4.8,8.9,11.4,13.5,193735.8,0,0,0
8,2,43,SkipList,6,24,257200,4.878,4.6,8.0,11.3,15.9,205002.0,0,0,0
8,2,43,SkipList,6,25,257500,9.777,4.6,8.1,9.6,1489.6,102277.4,0,0,0
8,2,43,SkipList,6,26,257800,4.7,4.5,8.0,10.4,12.8,212781.1,0,0,0
8,2,43,SkipList,6,27,258100,4.518,4.3,7.6,9.6,10.8,221336.9,0,0,0
8,2,43,SkipList,6,28,258400,4.359,4.1,8.0,9.3,10.0,229427.9,0,0,0
8,2,43,SkipList,6,29,258700,4.316,4.1,7.5,8.9,11.3,231695.9,0,0,0
8,2,43,SkipList,6,30,259000,4.24,4.1,7.3,8.2,9.4,235830.4,0,0,0
8,2,43,SkipList,6,31,259300,5.947,5.0,10.6,15.6,167.2,168152.0,0,0,0
8,2,43,SkipList,6,32,259600,5.398,5.1,9.5,11.1,15.7,185253.8,0,0,0
8,2,43,SkipList,6,33,259900,4.917,4.6,7.9,11.2,11.9,203362.2,0,0,0
8,2,43,SkipList,6,34,260200,4.673,4.3,8.0,10.4,11.7,213980.0,0,0,0
8,2,43,SkipList,6,35,260500,4.652,4.3,7.9,9.0,12.8,214945.9,0,0,0
8,2,43,SkipList,6,36,260800,4.568,4.0,7.5,10.2,75.6,218898.3,0,0,0
8,2,43,SkipList,6,37,261100,4.239,4.0,7.1,9.0,11.8,235923.2,0,0,0
8,2,43,SkipList,6,38,261400,4.199,4.0,7.2,8.8,10.7,238152.0,0,0,0
8,2,43,SkipList,6,39,261700,4.209,4.0,7.1,7.8,9.4,237567.3,0,0,0
8,2,43,SkipList,6,40,262000,4.21,4.0,6.9,8.7,10.2,237548.4,0,0,0
8,2,43,SkipList,6,41,262300,5.385,4.4,10.2,15.6,99.1,185689.5,0,0,0
8,2,43,SkipList,6,42,262600,4.858,4.6,8.6,11.2,12.1,205831.9,0,0,0
8,2,43,SkipList,6,43,262900,4.785,4.5,8.2,11.7,14.3,208971.8,0,0,0
8,2,43,SkipList,6,44,263200,4.607,4.3,8.3,9.9,10.7,217076.7,0,0,0
8,2,43,SkipList,6,45,263500,4.453,4.1,7.6,9.4,10.4,224584.6,0,0,0
8,2,43,SkipList,6,46,263800,4.301,4.1,7.3,10.0,12.3,232486.1,0,0,0
8,2,43,SkipList,6,47,264100,4.393,3.9,6.7,10.0,92.0,227617.7,0,0,0
8,2,43,SkipList,6,48,264400,4.272,4.1,6.8,8.7,9.5,234100.7,0,0,0
8,2,43,SkipList,6,49,264700,4.157,3.9,7.3,9.6,13.4,240577.4,0,0,0
8,2,43,SkipList,6,50,265000,3.994,3.8,6.5,7.9,9.5,250396.5,0,0,0
8,2,43,SkipList,6,51,265300,5.104,4.2,8.9,14.4,101.0,195937.6,0,0,0
8,2,43,SkipList,6,52,265600,5.235,4.9,8.8,12.2,14.5,191022.0,0,0,0
8,2,43,SkipList,6,53,265900,4.585,4.4,7.8,10.3,12.3,218086.6,0,0,0
8,2,43,SkipList,6,54,266200,4.784,4.6,8.1,11.6,12.6,209030.1,0,0,0
8,2,43,SkipList,6,55,266500,4.465,4.3,7.5,9.4,12.2,223981.0,0,0,0
8,2,43,SkipList,6,56,266800,4.409,4.0,6.9,10.8,76.3,226791.7,0,0,0
8,2,43,SkipList,6,57,267100,4.196,4.0,6.6,8.9,13.1,238341.0,0,0,0
8,2,43,SkipList,6,58,267400,4.101,3.9,6.9,9.0,9.8,243823.2,0,0,0
8,2,43,SkipList,6,59,267700,4.092,4.0,6.7,8.7,12.6,244359.3,0,0,0
8,2,43,SkipList,6,60,268000,4.072,3.9,6.9,9.1,11.1,245599.7,0,0,0
8,2,43,SkipList,6,61,268300,4.43,3.9,6.8,9.5,78.4,225716.6,0,0,0
8,2,43,SkipList,6,62,268600,5.235,4.8,9.7,15.2,16.0,191022.0,0,0,0
8,2,43,SkipList,6,63,268900,5.534,5.2,10.0,14.0,16.9,180701.2,0,0,0
8,2,43,SkipList,6,64,269200,5.325,4.8,9.9,11.6,12.6,187793.4,0,0,0
8,2,43,SkipList,6,65,269500,5.121,4.8,8.5,11.6,26.1,195261.7,0,0,0
8,2,43,SkipList,6,66,269800,5.076,4.6,8.6,14.1,93.9,197018.5,0,0,0
8,2,43,SkipList,6,67,270100,4.58,4.2,8.2,11.0,13.7,218340.7,0,0,0
8,2,43,SkipList,6,68,270400,4.283,4.2,7.1,8.9,9.7,233481.3,0,0,0
8,2,43,SkipList,6,69,270700,4.419,4.2,7.5,10.2,10.8,226295.6,0,0,0
8,2,43,SkipList,6,70,271000,4.263,4.0,7.1,8.7,9.7,234595.0,0,0,0
8,2,43,SkipList,6,71,271300,4.604,4.2,8.1,9.0,73.6,217202.4,0,0,0
8,2,43,SkipList,6,72,271600,5.376,4.6,10.3,14.0,50.0,186011.9,0,0,0
8,2,43,SkipList,6,73,271900,4.619,4.4,7.6,11.3,11.5,216481.5,0,0,0
8,2,43,SkipList,6,74,272200,4.213,4.0,7.2,9.2,12.3,237360.6,0,0,0
8,2,43,SkipList,6,75,272500,4.364,4.1,7.4,9.6,10.0,229165.0,0,0,0
8,2,43,SkipList,6,76,272800,4.549,4.0,7.5,9.5,82.7,219828.5,0,0,0
8,2,43,SkipList,6,77,273100,4.149,4.0,6.5,8.4,12.9,241041.3,0,0,0
8,2,43,SkipList,6,78,273400,4.1,3.8,6.8,9.4,13.4,243922.3,0,0,0
8,2,43,SkipList,6,79,273700,3.979,3.9,6.6,7.7,8.9,251319.4,0,0,0
8,2,43,SkipList,6,80,274000,3.814,3.6,6.4,7.3,7.9,262215.0,0,0,0
8,2,43,SkipList,6,81,274300,4.398,4.0,6.7,8.5,73.6,227393.3,0,0,0
8,2,43,SkipList,6,82,274600,5.41,5.0,10.7,14.1,15.4,184831.5,0,0,0
8,2,43,SkipList,6,83,274900,5.214,4.8,9.1,12.5,20.4,191791.3,0,0,0
8,2,43,SkipList,6,84,275200,4.855,4.6,8.7,10.9,13.5,205973.3,0,0,0
8,2,43,SkipList,6,85,275500,9.916,4.5,7.6,11.3,1584.1,100843.7,0,0,0
8,2,43,SkipList,6,86,275800,4.601,4.3,8.1,10.1,12.1,217359.8,0,0,0
8,2,43,SkipList,6,87,276100,4.227,4.0,6.7,10.0,11.1,236574.4,0,0,0
8,2,43,SkipList,6,88,276400,4.16,4.0,7.1,8.8,10.2,240403.9,0,0,0
8,2,43,SkipList,6,89,276700,4.228,4.1,7.0,8.4,9.2,236537.1,0,0,0
8,2,43,SkipList,6,90,277000,4.055,3.9,6.7,8.4,9.1,246609.2,0,0,0
8,2,43,SkipList,6,91,277300,5.269,4.5,8.6,14.3,132.6,189789.4,0,0,0
8,2,43,SkipList,6,92,277600,5.115,4.8,8.4,12.9,23.7,195490.7,0,0,0
8,2,43,SkipList,6,93,277900,4.624,4.4,8.0,10.1,11.0,216262.9,0,0,0
8,2,43,SkipList,6,94,278200,4.58,4.3,7.8,10.9,14.0,218324.7,0,0,0
8,2,43,SkipList,6,95,278500,4.641,4.3,7.9,9.6,16.3,215486.3,0,0,0
8,2,43,SkipList,6,96,278800,4.585,4.1,7.0,9.8,79.8,218086.6,0,0,0
8,2,43,SkipList,6,97,279100,4.441,4.2,7.7,9.2,10.8,225157.6,0,0,0
8,2,43,SkipList,6,98,279400,4.397,4.1,7.6,9.4,14.5,227445.1,0,0,0
8,2,43,SkipList,6,99,279700,4.167,4.0,7.4,10.4,13.0,239980.9,0,0,0
8,2,43,SkipList,6,100,280000,4.263,4.1,7.0,9.8,10.4,234558.2,0,0,0
8,2,43,SkipList,6,101,280300,5.845,5.3,11.2,18.8,37.6,171076.7,0,0,0
8,2,43,SkipList,6,102,280600,5.737,5.3,8.7,12.0,109.7,174317.3,0,0,0
8,2,43,SkipList,6,103,280900,4.739,4.4,8.2,9.6,13.1,211029.8,0,0,0
8,2,43,SkipList,6,104,281200,4.748,4.6,8.0,11.6,13.7,210615.0,0,0,0
8,2,43,SkipList,6,105,281500,4.519,4.2,7.7,10.1,10.7,221271.6,0,0,0
8,2,43,SkipList,6,106,281800,4.591,4.1,7.3,11.1,75.5,217801.6,0,0,0
8,2,43,SkipList,6,107,282100,4.208,3.8,7.3,10.2,11.3,237642.5,0,0,0
8,2,43,SkipList,6,108,282400,4.229,4.0,7.2,9.1,9.7,236443.8,0,0,0
8,2,43,SkipList,6,109,282700,4.089,3.9,6.9,8.8,10.1,244538.6,0,0,0
8,2,43,SkipList,6,110,283000,4.288,3.9,7.3,11.8,14.4,233190.9,0,0,0
8,2,43,SkipList,6,111,283300,5.365,4.5,10.8,17.1,93.3,186404.8,0,0,0
8,2,43,SkipList,6,112,283600,5.109,4.9,9.1,12.0,17.2,195732.9,0,0,0
8,2,43,SkipList,6,113,283900,4.773,4.6,8.1,11.4,14.4,209526.5,0,0,0
8,2,43,SkipList,6,114,284200,4.756,4.6,7.9,10.4,13.6,210260.6,0,0,0
8,2,43,SkipList,6,115,284500,4.379,4.2,7.2,8.7,11.7,228362.5,0,0,0
8,2,43,SkipList,6,116,284800,4.717,4.2,8.4,10.6,83.7,211999.1,0,0,0
8,2,43,SkipList,6,117,285100,4.29,4.0,7.2,9.2,11.9,233100.3,0,0,0
8,2,43,SkipList,6,118,285400,4.282,4.0,7.5,9.5,11.2,233517.6,0,0,0
8,2,43,SkipList,6,119,285700,4.262,4.0,6.7,8.8,8.9,234631.7,0,0,0
8,2,43,SkipList,6,120,286000,4.166,3.9,6.9,8.4,10.5,240019.2,0,0,0
8,2,43,SkipList,6,121,286300,5.122,4.3,9.3,15.1,107.7,195248.9,0,0,0
8,2,43,SkipList,6,122,286600,5.524,5.2,9.3,14.5,20.5,181039.1,0,0,0
8,2,43,SkipList,6,123,286900,5.01,4.8,8.5,10.9,11.8,199614.1,0,0,0
8,2,43,SkipList,6,124,287200,4.767,4.6,8.3,11.0,11.7,209775.5,0,0,0
8,2,43,SkipList,6,125,287500,4.561,4.4,7.3,9.8,14.2,219266.1,0,0,0
8,2,43,SkipList,6,126,287800,4.6,4.1,7.2,11.1,85.4,217391.3,0,0,0
8,2,43,SkipList,6,127,288100,4.335,4.2,7.5,9.7,12.5,230680.4,0,0,0
8,2,43,SkipList,6,128,288400,4.184,4.0,7.1,9.7,10.5,239005.8,0,0,0
8,2,43,SkipList,6,129,288700,4.193,4.0,7.1,8.3,8.7,238511.8,0,0,0
8,2,43,SkipList,6,130,289000,4.11,3.8,7.2,8.8,10.7,243309.1,0,0,0
8,2,43,SkipList,6,131,289300,4.948,4.3,8.6,13.7,50.1,202088.2,0,0,0
8,2,43,SkipList,6,132,289600,5.463,5.2,9.3,12.9,14.5,183038.4,0,0,0
8,2,43,SkipList,6,133,289900,5.118,4.7,9.3,12.8,14.3,195401.6,0,0,0
8,2,43,SkipList,6,134,290200,4.634,4.4,7.8,9.6,11.1,215811.8,0,0,0
8,2,43,SkipList,6,135,290500,4.788,4.4,8.5,13.0,30.4,208870.0,0,0,0
8,2,43,SkipList,6,136,290800,4.342,4.1,7.3,10.0,12.2,230308.6,0,0,0
8,2,43,SkipList,6,137,291100,4.604,4.1,7.4,9.9,89.0,217202.4,0,0,0
8,2,43,SkipList,6,138,291400,4.337,4.1,7.4,10.6,11.6,230574.1,0,0,0
8,2,43,SkipList,6,139,291700,4.113,3.9,6.9,9.4,9.7,243131.7,0,0,0
8,2,43,SkipList,6,140,292000,4.178,3.8,7.3,8.9,9.8,239329.9,0,0,0
8,2,43,SkipList,6,141,292300,4.265,4.1,7.1,10.5,12.2,234485.0,0,0,0
8,2,43,SkipList,6,142,292600,5.657,4.8,10.7,14.7,107.9,176772.1,0,0,0
8,2,43,SkipList,6,143,292900,5.013,4.6,8.6,12.5,16.7,199494.7,0,0,0
8,2,43,SkipList,6,144,293200,4.751,4.4,8.7,10.3,11.2,210481.9,0,0,0
8,2,43,SkipList,6,145,293500,4.624,4.4,7.4,10.7,11.7,216263.0,0,0,0
8,2,43,SkipList,6,146,293800,4.398,4.1,7.6,10.4,18.0,227393.2,0,0,0
8,2,43,SkipList,6,147,294100,9.607,4.3,7.3,9.7,1537.3,104087.2,0,0,0
8,2,43,SkipList,6,148,294400,4.389,4.2,7.4,8.9,10.5,227842.4,0,0,0
8,2,43,SkipList,6,149,294700,4.283,4.1,6.9,8.6,10.2,233481.1,0,0,0
8,2,43,SkipList,6,150,295000,4.854,4.2,9.6,14.9,30.5,206015.7,0,0,0
8,2,43,SkipList,6,151,295300,5.582,5.0,10.6,14.1,14.6,179147.2,0,0,0
8,2,43,SkipList,6,152,295600,5.48,4.7,8.9,11.6,110.0,182492.8,0,0,0
8,2,43,SkipList,6,153,295900,4.686,4.3,7.7,9.4,11.6,213416.9,0,0,0
8,2,43,SkipList,6,154,296200,4.593,4.3,7.8,11.9,15.1,217722.7,0,0,0
8,2,43,SkipList,6,155,296500,4.545,4.2,7.8,11.3,11.9,220005.9,0,0,0
8,2,43,SkipList,6,156,296800,4.46,4.3,7.7,9.6,15.1,224232.1,0,0,0
8,2,43,SkipList,6,157,297100,4.59,4.1,7.3,8.9,88.8,217849.1,0,0,0
8,2,43,SkipList,6,158,297400,4.318,4.1,7.4,10.1,10.2,231588.6,0,0,0
8,2,43,SkipList,6,159,297700,4.191,4.1,6.7,8.4,10.1,238606.4,0,0,0
8,2,43,SkipList,6,160,298000,4.673,4.3,8.2,11.8,42.8,214010.6,0,0,0
8,2,43,SkipList,6,161,298300,5.054,4.7,8.7,11.0,13.5,197850.0,0,0,0
8,2,43,SkipList,6,162,298600,4.896,4.6,8.6,12.0,12.9,204262.3,0,0,0
8,2,43,SkipList,6,163,298900,4.853,4.4,7.5,12.0,98.7,206058.1,0,0,0
8,2,43,SkipList,6,164,299200,4.482,4.3,7.3,9.9,13.4,223131.3,0,0,0
8,2,43,SkipList,6,165,299500,4.414,4.1,7.3,8.6,12.9,226569.1,0,0,0
8,2,43,SkipList,6,166,299800,4.361,4.0,7.3,10.5,13.2,229322.8,0,0,0
8,2,43,SkipList,6,167,300000,4.261,4.0,7.5,8.7,9.7,234714.1,0,0,0
8,3,44,JLI,1,1,300,14.981,5.0,26.4,75.4,2100.8,66749.7,14,14,1
8,3,44,JLI,1,2,600,6.195,5.0,14.9,20.6,20.7,161411.8,14,14,1
8,3,44,JLI,1,3,900,4.984,4.4,10.1,15.5,25.8,200628.6,14,14,1
8,3,44,JLI,1,4,1200,10.594,5.2,15.2,33.4,1128.7,94393.0,14,14,1
8,3,44,JLI,1,5,1500,6.33,5.0,13.3,23.7,61.6,157969.6,14,14,1
8,3,44,JLI,1,6,1800,6.305,5.5,12.9,18.1,27.3,158604.3,14,14,1
8,3,44,JLI,1,7,2100,7.004,5.8,14.3,24.3,112.1,142775.6,14,14,1
8,3,44,JLI,1,8,2400,6.611,5.9,14.0,17.0,20.8,151270.7,14,14,1
8,3,44,JLI,1,9,2700,12.035,6.5,15.3,20.7,1451.8,83088.7,14,14,1
8,3,44,JLI,1,10,3000,7.129,6.5,13.5,18.5,21.2,140272.1,14,14,1
8,3,44,JLI,1,11,3300,8.364,7.3,16.7,24.8,31.9,119555.2,14,14,1
8,3,44,JLI,1,12,3600,8.286,7.5,16.4,20.5,21.8,120685.5,14,14,1
8,3,44,JLI,1,13,3900,8.418,7.5,16.4,22.1,27.3,118788.4,14,14,1
8,3,44,JLI,1,14,4200,5.857,3.9,14.8,24.1,31.5,170726.2,14,14,1
8,3,44,JLI,1,15,4500,10.772,4.5,16.5,24.7,1334.5,92833.3,14,14,1
8,3,44,JLI,1,16,4800,6.567,5.3,17.2,24.6,25.8,152284.2,14,14,1
8,3,44,JLI,1,17,5100,9.344,7.0,24.1,42.5,61.9,107020.6,14,14,1
8,3,44,JLI,1,18,5400,7.856,6.5,16.9,28.9,109.6,127296.6,14,14,1
8,3,44,JLI,1,19,5700,8.53,7.3,17.3,28.8,54.3,117237.9,14,14,1
8,3,44,JLI,1,20,6000,8.853,7.2,20.6,29.6,34.2,112956.1,14,14,1
8,3,44,JLI,1,21,6300,14.804,6.9,20.4,34.0,1737.5,67550.8,14,15,1
8,3,44,JLI,1,22,6600,6.12,5.1,14.7,23.1,36.1,163389.8,14,15,1
8,3,44,JLI,1,23,6900,10.751,5.3,17.3,28.4,1205.2,93017.5,14,15,1
8,3,44,JLI,1,24,7200,6.177,5.3,12.9,16.2,18.1,161890.9,14,15,1
8,3,44,JLI,1,25,7500,6.49,5.7,13.4,17.6,37.4,154091.1,14,15,1
8,3,44,JLI,1,26,7800,6.485,5.9,13.0,16.9,17.1,154202.0,14,15,1
8,3,44,JLI,1,27,8100,6.51,5.9,12.7,16.4,37.2,153601.9,14,15,1
8,3,44,JLI,1,28,8400,7.099,6.5,13.1,17.3,33.8,140864.8,14,15,1
8,3,44,JLI,1,29,8700,12.675,6.8,19.1,38.4,1257.2,78895.4,14,15,1
8,3,44,JLI,1,30,9000,7.543,6.7,14.9,19.2,20.2,132573.3,14,15,1
8,3,44,JLI,1,31,9300,7.569,7.0,14.8,17.0,38.1,132112.0,14,15,1
8,3,44,JLI,1,32,9600,7.584,6.8,14.2,18.6,20.0,131862.3,14,15,1
8,3,44,JLI,1,33,9900,5.752,4.1,14.2,18.7,19.1,173842.5,14,15,1
8,3,44,JLI,1,34,10200,4.935,3.6,12.5,19.2,19.9,202647.9,14,15,1
8,3,44,JLI,1,35,10500,9.736,4.9,15.3,22.1,1071.7,102715.1,14,15,1
8,3,44,JLI,1,36,10800,6.862,6.4,13.6,21.2,22.9,145723.0,14,15,1
8,3,44,JLI,1,37,11100,8.55,7.4,18.2,25.4,64.1,116959.1,14,15,1
8,3,44,JLI,1,38,11400,9.223,8.7,18.2,25.4,27.6,108424.6,14,15,1
8,3,44,JLI,1,39,11700,9.959,9.6,21.3,25.1,54.2,100408.3,14,15,1
8,3,44,JLI,1,40,12000,11.591,10.6,26.8,31.7,40.1,86273.8,14,15,1
8,3,44,JLI,1,41,12300,20.294,10.3,29.7,50.6,2411.9,49275.6,14,16,1
8,3,44,JLI,1,42,12600,5.961,4.7,15.4,31.3,37.7,167766.5,14,16,1
8,3,44,JLI,1,43,12900,9.935,5.2,13.9,19.9,1173.3,100657.6,14,16,1
8,3,44,JLI,1,44,13200,6.128,5.4,12.2,20.7,37.1,163176.5,14,16,1
8,3,44,JLI,1,45,13500,6.174,4.0,9.2,17.1,479.4,161969.6,14,16,1
8,3,44,JLI,1,46,13800,5.162,4.2,10.6,22.7,37.8,193735.9,14,16,1
8,3,44,JLI,1,47,14100,5.362,4.6,11.6,15.2,16.1,186497.6,14,16,1
8,3,44,JLI,1,48,14400,6.402,5.5,13.3,16.4,19.7,156193.0,14,16,1
8,3,44,JLI,1,49,14700,11.332,6.1,14.4,20.5,1340.0,88248.3,14,16,1
8,3,44,JLI,1,50,15000,7.513,6.8,15.0,19.1,20.4,133096.7,14,16,1
8,3,44,JLI,1,51,15300,7.63,6.7,16.3,21.8,23.0,131067.3,14,16,1
8,3,44,JLI,1,52,15600,9.104,7.3,21.6,27.4,59.1,109841.8,14,16,1
8,3,44,JLI,1,53,15900,9.781,8.3,23.1,27.4,35.7,102239.1,14,16,1
8,3,44,JLI,1,54,16200,9.759,8.8,21.0,26.6,28.9,102469.5,14,16,1
8,3,44,JLI,1,55,16500,14.214,8.1,20.7,29.2,1387.5,70351.5,14,16,1
8,3,44,JLI,1,56,16800,11.613,10.7,26.7,31.0,31.7,86112.9,14,16,1
8,3,44,JLI,1,57,17100,12.177,10.2,29.9,35.3,43.2,82119.8,14,16,1
8,3,44,JLI,1,58,17400,12.685,11.3,27.9,33.9,42.3,78831.2,14,16,1
8,3,44,JLI,1,59,17700,12.916,10.7,29.5,39.8,69.2,77421.4,14,16,1
8,3,44,JLI,1,60,18000,19.121,12.5,34.8,43.8,1482.9,52299.4,14,16,1
8,3,44,JLI,1,61,18300,13.312,11.2,31.2,37.1,89.0,75122.1,14,16,1
8,3,44,JLI,1,62,18600,18.72,10.3,32.8,45.0,1842.2,53418.8,14,17,1
8,3,44,JLI,1,63,18900,5.116,3.6,13.3,33.7,38.6,195465.2,14,17,1
8,3,44,JLI,1,64,19200,5.405,4.3,13.1,19.3,22.0,185013.9,14,17,1
8,3,44,JLI,1,65,19500,5.563,4.9,10.8,13.9,19.1,179748.4,14,17,1
8,3,44,JLI,1,66,19800,10.815,5.5,12.8,20.2,1395.7,92461.3,14,17,1
8,3,44,JLI,1,67,20100,6.25,6.0,11.8,15.8,21.8,159991.5,14,17,1
8,3,44,JLI,1,68,20400,6.883,6.4,12.4,18.7,44.9,145292.5,14,17,1
8,3,44,JLI,1,69,20700,7.565,6.8,14.2,17.2,92.1,132193.5,14,17,1
8,3,44,JLI,1,70,21000,7.335,6.8,14.6,17.7,39.6,136338.8,14,17,1
8,3,44,JLI,1,71,21300,6.639,6.2,14.9,18.4,19.0,150625.1,14,17,1
8,3,44,JLI,1,72,21600,12.021,7.2,17.9,23.9,1246.7,83185.4,14,17,1
8,3,44,JLI,1,73,21900,7.729,6.8,16.6,20.9,26.5,129382.9,14,17,1
8,3,44,JLI,1,74,22200,7.573,6.3,16.8,21.5,42.0,132048.1,14,17,1
8,3,44,JLI,1,75,22500,8.009,7.2,16.0,22.4,25.1,124864.7,14,17,1
8,3,44,JLI,1,76,22800,6.971,5.9,16.0,25.1,26.4,143444.6,14,17,1
8,3,44,JLI,1,77,23100,10.344,3.8,15.4,24.5,1354.7,96671.3,14,17,1
8,3,44,JLI,1,78,23400,8.038,5.8,21.6,30.2,38.9,124403.9,14,17,1
8,3,44,JLI,1,79,23700,8.921,6.7,22.1,32.8,93.8,112095.1,14,17,1
8,3,44,JLI,1,80,24000,9.17,7.6,20.3,29.9,30.5,109055.2,14,17,1
8,3,44,JLI,1,81,24300,9.376,8.2,21.4,30.6,35.8,106659.1,14,17,1
8,3,44,JLI,1,82,24600,16.677,8.5,23.1,37.4,1991.2,59964.0,14,18,1
8,3,44,JLI,1,83,24900,12.398,4.9,26.8,48.4,1276.6,80660.3,14,18,1
8,3,44,JLI,1,84,25200,4.691,4.5,8.1,10.4,14.2,213189.3,14,18,1
8,3,44,JLI,1,85,25500,5.588,5.3,10.6,13.5,16.9,178965.6,14,18,1
8,3,44,JLI,1,86,25800,6.512,5.8,14.2,16.0,42.8,153570.5,14,18,1
8,3,44,JLI,1,87,26100,7.084,6.5,14.9,19.4,73.0,141156.5,14,18,1
8,3,44,JLI,1,88,26400,12.49,6.6,18.8,22.4,1376.4,80061.9,14,18,1
8,3,44,JLI,1,89,26700,10.119,8.8,24.4,26.6,53.6,98827.3,14,18,1
8,3,44,JLI,1,90,27000,10.301,8.0,26.2,30.0,31.6,97074.8,14,18,1
8,3,44,JLI,1,91,27300,10.479,8.7,28.1,32.8,34.3,95432.0,14,18,1
8,3,44,JLI,1,92,27600,12.321,9.4,31.8,36.7,37.3,81162.2,14,18,1
8,3,44,JLI,1,93,27900,19.269,10.7,35.1,61.0,1781.6,51897.7,14,18,1
8,3,44,JLI,1,94,28200,14.237,11.8,38.3,43.8,69.5,70239.5,14,18,1
8,3,44,JLI,1,95,28500,13.91,10.0,38.1,48.1,54.2,71892.5,14,18,1
8,3,44,JLI,1,96,28800,14.613,11.5,42.2,49.9,51.1,68430.7,14,18,1
8,3,44,JLI,1,97,29100,17.806,13.2,48.9,54.9,62.4,56161.9,14,18,1
8,3,44,JLI,1,98,29400,17.711,14.4,51.7,59.2,60.4,56462.1,14,18,1
8,3,44,JLI,1,99,29700,25.338,15.6,57.5,71.8,1635.6,39466.4,14,18,1
8,3,44,JLI,1,100,30000,19.226,13.5,56.6,65.5,81.2,52012.9,14,18,1
8,3,44,JLI,1,101,30300,20.276,14.7,55.8,68.6,72.7,49318.6,14,18,1
8,3,44,JLI,1,102,30600,28.689,14.4,57.2,78.0,2551.6,34856.6,14,19,1
8,3,44,JLI,1,103,30900,21.825,15.3,64.8,76.5,79.9,45818.3,14,19,1
8,3,44,JLI,1,104,31200,29.507,14.9,66.7,84.4,2167.3,33889.9,14,19,1
8,3,44,JLI,1,105,31500,23.429,17.2,62.7,83.5,88.4,42682.1,14,19,1
8,3,44,JLI,1,106,31800,25.596,17.2,76.3,88.1,101.6,39068.1,14,19,1
8,3,44,JLI,1,107,32100,26.213,19.6,70.9,89.2,90.4,38149.0,14,19,1
8,3,44,JLI,1,108,32400,29.981,23.9,83.5,92.5,96.0,33354.1,14,19,1
8,3,44,JLI,1,109,32700,27.36,21.7,75.8,92.1,93.4,36549.3,14,19,1
8,3,44,JLI,1,110,33000,32.997,17.3,75.2,100.4,2161.7,30305.5,14,19,1
8,3,44,JLI,1,111,33300,29.853,19.6,88.9,102.5,144.1,33497.1,14,19,1
8,3,44,JLI,1,112,33600,29.774,20.1,78.2,108.6,119.4,33586.4,14,19,1
8,3,44,JLI,1,113,33900,32.411,22.5,97.4,127.4,171.9,30853.4,14,19,1
8,3,44,JLI,1,114,34200,34.771,30.8,88.6,108.6,116.2,28759.6,14,19,1
8,3,44,JLI,1,115,34500,40.7,19.3,96.4,124.4,2288.1,24570.0,14,19,1
8,3,44,JLI,1,116,34800,34.683,21.9,98.1,120.2,122.4,28832.3,14,19,1
8,3,44,JLI,1,117,35100,35.287,22.3,111.0,124.7,125.6,28338.8,14,19,1
8,3,44,JLI,1,118,35400,38.208,29.3,110.1,128.1,136.4,26172.8,14,19,1
8,3,44,JLI,1,119,35700,35.773,24.2,104.1,124.7,151.9,27953.8,14,19,1
8,3,44,JLI,1,120,36000,38.686,28.1,115.6,129.0,134.4,25848.9,14,19,1
8,3,44,JLI,1,121,36300,39.43,29.4,118.2,144.8,238.3,25361.4,14,19,1
8,3,44,JLI,1,122,36600,25.078,7.1,74.3,113.0,2553.4,39875.1,14,20,1
8,3,44,JLI,1,123,36900,11.35,5.2,9.5,15.0,1743.6,88105.7,14,20,1
8,3,44,JLI,1,124,37200,6.762,6.2,12.0,15.0,43.5,147892.5,14,20,1
8,3,44,JLI,1,125,37500,7.977,7.6,15.9,18.3,18.8,125360.4,14,20,1
8,3,44,JLI,1,126,37800,9.561,9.2,19.5,22.8,23.2,104587.9,14,20,1
8,3,44,JLI,1,127,38100,11.544,10.6,25.4,30.1,46.2,86625.1,14,20,1
8,3,44,JLI,1,128,38400,14.266,13.2,29.3,32.7,36.7,70095.1,14,20,1
8,3,44,JLI,1,129,38700,22.474,13.6,32.3,53.4,2330.1,44495.2,14,20,1
8,3,44,JLI,1,130,39000,17.249,14.8,38.5,53.0,147.4,57974.4,14,20,1
8,3,44,JLI,1,131,39300,16.86,16.0,37.8,44.8,76.7,59312.0,14,20,1
8,3,44,JLI,1,132,39600,18.277,17.1,40.8,48.4,50.1,54713.6,14,20,1
8,3,44,JLI,1,133,39900,19.516,17.8,45.0,56.5,69.6,51240.0,14,20,1
8,3,44,JLI,1,134,40200,21.15,19.0,50.0,56.6,60.1,47281.3,14,20,1
8,3,44,JLI,1,135,40500,29.578,18.9,50.4,62.5,2317.3,33808.9,14,20,1
8,3,44,JLI,1,136,40800,28.402,21.8,59.9,67.4,1383.7,35208.8,14,20,1
8,3,44,JLI,1,137,41100,25.324,22.0,61.1,74.2,98.7,39488.8,14,20,1
8,3,44,JLI,1,138,41400,24.809,22.4,65.3,75.9,80.4,40307.4,14,20,1
8,3,44,JLI,1,139,41700,30.437,28.2,73.2,82.7,92.0,32855.1,14,20,1
8,3,44,JLI,1,140,42000,38.511,28.2,76.0,86.3,2272.4,25966.4,14,20,1
8,3,44,JLI,1,141,42300,32.322,27.5,83.9,109.4,122.7,30938.4,14,20,1
8,3,44,JLI,1,142,42600,40.386,26.7,73.8,94.8,2891.9,24761.3,14,21,1
8,3,44,JLI,1,143,42900,6.89,4.8,14.2,51.4,284.6,145144.9,14,21,1
8,3,44,JLI,1,144,43200,6.159,5.8,10.4,12.5,14.6,162364.0,14,21,1
8,3,44,JLI,1,145,43500,7.59,7.0,13.5,15.3,53.9,131746.5,14,21,1
8,3,44,JLI,1,146,43800,16.405,9.3,18.4,21.2,2033.9,60957.0,14,21,1
8,3,44,JLI,1,147,44100,11.18,10.2,23.7,27.3,54.9,89445.4,14,21,1
8,3,44,JLI,1,148,44400,11.799,10.9,25.1,28.1,30.5,84755.3,14,21,1
8,3,44,JLI,1,149,44700,13.798,13.4,31.0,34.7,36.0,72472.5,14,21,1
8,3,44,JLI,1,150,45000,15.365,15.0,32.4,39.1,77.3,65081.6,14,21,1
8,3,44,JLI,1,151,45300,17.672,16.7,37.9,43.3,51.1,56587.8,14,21,1
8,3,44,JLI,1,152,45600,25.876,17.5,42.5,48.7,2068.7,38645.9,14,21,1
8,3,44,JLI,1,153,45900,20.657,19.7,47.4,54.9,82.8,48410.5,14,21,1
8,3,44,JLI,1,154,46200,21.485,20.8,49.9,56.7,57.7,46544.1,14,21,1
8,3,44,JLI,1,155,46500,23.048,21.8,52.1,61.0,67.8,43387.1,14,21,1
8,3,44,JLI,1,156,46800,24.834,23.6,57.4,70.3,81.0,40267.9,14,21,1
8,3,44,JLI,1,157,47100,34.084,25.4,62.9,70.9,2135.7,29339.0,14,21,1
8,3,44,JLI,1,158,47400,28.325,26.6,64.7,79.1,80.4,35304.5,14,21,1
8,3,44,JLI,1,159,47700,30.535,27.6,72.9,81.5,95.3,32749.7,14,21,1
8,3,44,JLI,1,160,48000,29.854,27.7,71.8,82.5,83.1,33496.3,14,21,1
8,3,44,JLI,1,161,48300,31.936,30.0,76.5,91.0,110.8,31312.6,14,21,1
8,3,44,JLI,1,162,48600,34.096,30.7,84.4,94.1,94.3,29329.2,14,21,1
8,3,44,JLI,1,163,48900,34.431,17.9,77.3,105.2,2367.0,29043.9,14,22,1
8,3,44,JLI,1,164,49200,7.218,5.4,17.3,24.7,39.3,138542.6,14,22,1
8,3,44,JLI,1,165,49500,6.067,5.2,14.0,21.0,38.6,164826.1,14,22,1
8,3,44,JLI,1,166,49800,9.673,4.4,12.4,20.5,1292.0,103377.0,14,22,1
8,3,44,JLI,1,167,50000,5.537,4.5,10.3,17.8,58.2,180619.5,14,22,1
8,3,44,SkipList,1,1,300,5.444,4.9,9.7,14.9,17.4,183699.8,0,0,0
8,3,44,SkipList,1,2,600,5.013,4.2,8.3,11.7,153.1,199481.3,0,0,0
8,3,44,SkipList,1,3,900,4.062,3.8,7.3,9.4,10.0,246163.9,0,0,0
8,3,44,SkipList,1,4,1200,3.795,3.5,6.7,8.6,9.2,263527.6,0,0,0
8,3,44,SkipList,1,5,1500,3.63,3.4,6.3,8.3,8.6,275456.7,0,0,0
8,3,44,SkipList,1,6,1800,3.536,3.3,6.3,8.0,8.2,282778.8,0,0,0
8,3,44,SkipList,1,7,2100,3.868,3.4,6.7,10.1,70.4,258531.5,0,0,0
8,3,44,SkipList,1,8,2400,3.259,3.2,5.4,6.6,7.3,306874.0,0,0,0
8,3,44,SkipList,1,9,2700,3.416,3.3,5.4,6.9,15.0,292768.7,0,0,0
8,3,44,SkipList,1,10,3000,3.717,3.5,6.3,9.0,10.3,269058.3,0,0,0
8,3,44,SkipList,1,11,3300,3.958,3.7,6.7,9.2,15.8,252674.0,0,0,0
8,3,44,SkipList,1,12,3600,3.689,3.5,6.2,7.5,9.6,271051.6,0,0,0
8,3,44,SkipList,1,13,3900,3.459,3.3,5.8,7.2,9.4,289128.7,0,0,0
8,3,44,SkipList,1,14,4200,3.373,3.2,5.4,7.5,9.0,296472.0,0,0,0
8,3,44,SkipList,1,15,4500,3.595,3.3,5.5,8.5,62.9,278189.9,0,0,0
8,3,44,SkipList,1,16,4800,3.424,3.2,5.8,8.4,9.6,292027.5,0,0,0
8,3,44,SkipList,1,17,5100,3.37,3.2,5.5,7.2,7.6,296765.4,0,0,0
8,3,44,SkipList,1,18,5400,3.369,3.0,5.4,7.9,56.3,296824.0,0,0,0
8,3,44,SkipList,1,19,5700,3.22,3.1,5.3,6.4,10.2,310559.1,0,0,0
8,3,44,SkipList,1,20,6000,3.206,3.0,5.2,6.5,7.8,311915.2,0,0,0
8,3,44,SkipList,1,21,6300,3.202,3.0,5.6,7.2,9.6,312304.8,0,0,0
8,3,44,SkipList,1,22,6600,2.963,2.9,4.8,5.7,6.1,337457.9,0,0,0
8,3,44,SkipList,1,23,6900,3.543,3.2,6.3,9.6,15.8,282273.2,0,0,0
8,3,44,SkipList,1,24,7200,3.993,3.7,6.8,11.7,15.9,250417.4,0,0,0
8,3,44,SkipList,1,25,7500,3.65,3.6,6.0,7.2,8.5,273997.6,0,0,0
8,3,44,SkipList,1,26,7800,3.462,3.3,5.7,7.2,8.3,288822.7,0,0,0
8,3,44,SkipList,1,27,8100,3.726,3.3,6.0,8.3,66.0,268360.3,0,0,0
8,3,44,SkipList,1,28,8400,3.251,3.0,5.2,7.1,7.8,307629.1,0,0,0
8,3,44,SkipList,1,29,8700,3.213,3.1,5.5,6.2,7.6,311267.9,0,0,0
8,3,44,SkipList,1,30,9000,3.259,3.1,5.4,7.0,10.1,306811.0,0,0,0
8,3,44,SkipList,1,31,9300,3.347,3.0,5.2,6.9,60.3,298775.1,0,0,0
8,3,44,SkipList,1,32,9600,3.128,3.0,4.9,6.7,8.2,319727.3,0,0,0
8,3,44,SkipList,1,33,9900,3.052,2.9,5.0,6.4,10.1,327618.3,0,0,0
8,3,44,SkipList,1,34,10200,3.102,2.9,5.3,6.2,7.4,322372.7,0,0,0
8,3,44,SkipList,1,35,10500,3.23,3.0,5.1,6.5,62.6,309565.2,0,0,0
8,3,44,SkipList,1,36,10800,5.469,5.0,9.8,14.4,35.6,182837.7,0,0,0
8,3,44,SkipList,1,37,11100,4.459,4.1,7.6,12.0,13.4,224265.4,0,0,0
8,3,44,SkipList,1,38,11400,4.244,4.0,7.1,8.5,11.5,235645.3,0,0,0
8,3,44,SkipList,1,39,11700,8.685,3.6,6.4,11.4,1444.3,115136.6,0,0,0
8,3,44,SkipList,1,40,12000,3.501,3.3,5.7,9.5,10.2,285605.5,0,0,0
8,3,44,SkipList,1,41,12300,3.305,3.1,5.6,7.1,8.7,302571.9,0,0,0
8,3,44,SkipList,1,42,12600,3.386,3.2,5.8,7.3,10.8,295304.6,0,0,0
8,3,44,SkipList,1,43,12900,225.89,3.6,7.1,13.2,66580.0,4426.9,0,0,0
8,3,44,SkipList,1,44,13200,3.883,3.6,6.9,10.1,13.2,257554.9,0,0,0
8,3,44,SkipList,1,45,13500,3.388,3.1,5.8,7.9,8.8,295159.4,0,0,0
8,3,44,SkipList,1,46,13800,4.982,4.5,10.0,12.8,17.7,200709.2,0,0,0
8,3,44,SkipList,1,47,14100,6.906,6.1,11.8,17.5,125.1,144794.6,0,0,0
8,3,44,SkipList,1,48,14400,4.215,4.1,7.3,10.1,10.9,237229.2,0,0,0
8,3,44,SkipList,1,49,14700,3.849,3.5,7.0,9.0,10.5,259785.3,0,0,0
8,3,44,SkipList,1,50,15000,3.59,3.4,6.3,7.3,8.4,278525.7,0,0,0
8,3,44,SkipList,1,51,15300,3.725,3.4,6.0,7.9,58.2,268432.4,0,0,0
8,3,44,SkipList,1,52,15600,3.485,3.3,5.9,9.2,9.9,286971.4,0,0,0
8,3,44,SkipList,1,53,15900,3.215,3.0,5.7,6.6,8.0,311074.2,0,0,0
8,3,44,SkipList,1,54,16200,3.345,3.1,6.0,7.5,9.6,298923.7,0,0,0
8,3,44,SkipList,1,55,16500,3.224,3.0,4.9,6.6,55.1,310141.6,0,0,0
8,3,44,SkipList,1,56,16800,3.089,2.9,5.0,6.3,7.7,323694.5,0,0,0
8,3,44,SkipList,1,57,17100,3.311,3.0,5.5,9.8,39.8,302053.9,0,0,0
8,3,44,SkipList,1,58,17400,3.976,3.7,6.8,9.5,16.4,251509.1,0,0,0
8,3,44,SkipList,1,59,17700,4.04,3.7,6.7,10.3,71.2,247545.1,0,0,0
8,3,44,SkipList,1,60,18000,4.257,4.0,7.3,10.4,12.5,234925.7,0,0,0
8,3,44,SkipList,1,61,18300,3.759,3.5,6.1,8.6,9.3,266028.2,0,0,0
8,3,44,SkipList,1,62,18600,3.759,3.6,6.3,7.7,10.8,266028.3,0,0,0
8,3,44,SkipList,1,63,18900,3.685,3.2,6.0,8.0,64.0,271345.8,0,0,0
8,3,44,SkipList,1,64,19200,3.468,3.3,6.1,7.1,11.8,288350.7,0,0,0
8,3,44,SkipList,1,65,19500,3.429,3.2,5.9,7.9,9.3,291630.3,0,0,0
8,3,44,SkipList,1,66,19800,3.214,3.1,5.3,6.7,7.2,311106.4,0,0,0
8,3,44,SkipList,1,67,20100,3.397,3.0,5.5,6.8,59.2,294406.2,0,0,0
8,3,44,SkipList,1,68,20400,3.062,2.9,5.0,6.6,11.7,326548.5,0,0,0
8,3,44,SkipList,1,69,20700,3.142,2.9,5.3,6.2,6.8,318302.5,0,0,0
8,3,44,SkipList,1,70,21000,3.114,2.9,5.4,6.7,8.4,321130.5,0,0,0
8,3,44,SkipList,1,71,21300,4.246,3.9,8.7,12.5,12.6,235497.3,0,0,0
8,3,44,SkipList,1,72,21600,3.994,3.6,6.0,9.5,88.0,250375.7,0,0,0
8,3,44,SkipList,1,73,21900,3.572,3.4,6.3,7.8,9.2,279955.2,0,0,0
8,3,44,SkipList,1,74,22200,3.475,3.3,5.7,7.6,10.0,287797.5,0,0,0
8,3,44,SkipList,1,75,22500,3.525,3.2,5.6,8.0,56.5,283660.9,0,0,0
8,3,44,SkipList,1,76,22800,3.411,3.2,5.7,7.0,12.4,293169.1,0,0,0
8,3,44,SkipList,1,77,23100,3.086,2.9,4.9,6.9,9.1,324009.2,0,0,0
8,3,44,SkipList,1,78,23400,3.175,3.0,5.4,6.5,7.8,314960.8,0,0,0
8,3,44,SkipList,1,79,23700,3.374,3.0,5.1,9.3,55.5,296413.4,0,0,0
8,3,44,SkipList,1,80,24000,2.992,2.8,5.0,7.2,7.9,334262.1,0,0,0
8,3,44,SkipList,1,81,24300,3.046,2.9,5.0,6.3,8.8,328299.5,0,0,0
8,3,44,SkipList,1,82,24600,2.96,2.9,4.7,5.3,6.5,337799.9,0,0,0
8,3,44,SkipList,1,83,24900,3.98,3.2,7.3,11.0,83.5,251235.3,0,0,0
8,3,44,SkipList,1,84,25200,3.771,3.5,6.6,11.4,13.9,265205.2,0,0,0
8,3,44,SkipList,1,85,25500,3.674,3.5,6.1,7.2,9.8,272207.5,0,0,0
8,3,44,SkipList,1,86,25800,3.634,3.4,6.1,7.9,8.6,275204.1,0,0,0
8,3,44,SkipList,1,87,26100,3.543,3.2,5.5,7.2,67.0,282220.1,0,0,0
8,3,44,SkipList,1,88,26400,3.363,3.2,6.0,6.9,7.5,297353.7,0,0,0
8,3,44,SkipList,1,89,26700,3.323,3.2,5.3,7.1,7.6,300932.8,0,0,0
8,3,44,SkipList,1,90,27000,3.204,3.1,5.3,7.4,9.2,312109.9,0,0,0
8,3,44,SkipList,1,91,27300,6.636,3.0,5.3,7.6,1037.2,150700.8,0,0,0
8,3,44,SkipList,1,92,27600,3.011,2.9,4.8,5.9,8.4,332152.2,0,0,0
8,3,44,SkipList,1,93,27900,3.046,2.9,4.9,6.3,10.4,328299.3,0,0,0
8,3,44,SkipList,1,94,28200,3.115,3.0,5.1,6.3,8.8,320993.0,0,0,0
8,3,44,SkipList,1,95,28500,3.098,2.8,4.8,5.4,53.1,322788.7,0,0,0
8,3,44,SkipList,1,96,28800,4.432,3.8,8.1,17.2,56.9,225648.8,0,0,0
8,3,44,SkipList,1,97,29100,4.021,3.8,7.0,9.4,13.4,248715.0,0,0,0
8,3,44,SkipList,1,98,29400,3.607,3.4,6.1,8.2,9.9,277213.1,0,0,0
8,3,44,SkipList,1,99,29700,3.646,3.3,5.5,6.8,72.8,274298.2,0,0,0
8,3,44,SkipList,1,100,30000,3.381,3.2,5.6,7.2,11.3,295799.6,0,0,0
8,3,44,SkipList,1,101,30300,3.376,3.2,5.3,7.5,8.5,296237.8,0,0,0
8,3,44,SkipList,1,102,30600,3.396,3.1,5.5,7.0,59.6,294464.2,0,0,0
8,3,44,SkipList,1,103,30900,3.251,3.1,5.2,6.7,13.8,307629.2,0,0,0
8,3,44,SkipList,1,104,31200,3.083,2.9,5.0,5.8,8.4,324394.4,0,0,0
8,3,44,SkipList,1,105,31500,3.1,2.9,5.1,6.5,7.4,322615.3,0,0,0
8,3,44,SkipList,1,106,31800,3.25,2.9,5.0,5.9,59.8,307723.8,0,0,0
8,3,44,SkipList,1,107,32100,2.946,2.8,5.0,6.1,7.9,339443.0,0,0,0
8,3,44,SkipList,1,108,32400,2.98,2.8,4.8,5.6,8.0,335532.7,0,0,0
8,3,44,SkipList,1,109,32700,5.229,4.6,10.3,17.2,20.6,191253.4,0,0,0
8,3,44,SkipList,1,110,33000,4.283,3.9,7.2,9.8,14.1,233463.0,0,0,0
8,3,44,SkipList,1,111,33300,3.952,3.6,6.0,8.8,71.2,253015.2,0,0,0
8,3,44,SkipList,1,112,33600,3.567,3.4,6.1,8.2,8.5,280347.7,0,0,0
8,3,44,SkipList,1,113,33900,3.333,3.1,5.8,6.9,7.4,300000.1,0,0,0
8,3,44,SkipList,1,114,34200,3.264,3.1,5.3,6.4,7.6,306341.2,0,0,0
8,3,44,SkipList,1,115,34500,3.386,3.2,6.0,7.4,7.9,295304.7,0,0,0
8,3,44,SkipList,1,116,34800,3.11,3.0,5.3,6.1,6.7,321543.4,0,0,0
8,3,44,SkipList,1,117,35100,3.218,3.1,5.5,7.9,12.3,310719.9,0,0,0
8,3,44,SkipList,1,118,35400,3.457,3.1,5.6,9.1,61.3,289268.2,0,0,0
8,3,44,SkipList,1,119,35700,3.106,3.0,5.1,6.8,7.5,321922.9,0,0,0
8,3,44,SkipList,1,120,36000,3.262,3.0,5.3,7.5,33.7,306529.1,0,0,0
8,3,44,SkipList,1,121,36300,3.836,3.4,7.3,10.2,12.5,260665.5,0,0,0
8,3,44,SkipList,1,122,36600,3.975,3.6,6.3,10.8,70.4,251572.3,0,0,0
8,3,44,SkipList,1,123,36900,3.646,3.5,6.1,7.8,8.2,274273.1,0,0,0
8,3,44,SkipList,1,124,37200,3.593,3.4,5.9,7.8,10.1,278293.2,0,0,0
8,3,44,SkipList,1,125,37500,3.389,3.2,5.7,7.8,11.0,295043.1,0,0,0
8,3,44,SkipList,1,126,37800,3.233,3.0,5.3,7.6,8.2,309310.2,0,0,0
8,3,44,SkipList,1,127,38100,3.392,2.9,5.6,7.3,59.9,294811.4,0,0,0
8,3,44,SkipList,1,128,38400,3.188,3.1,5.2,6.0,6.5,313709.3,0,0,0
8,3,44,SkipList,1,129,38700,3.228,3.1,5.1,6.7,7.5,309821.3,0,0,0
8,3,44,SkipList,1,130,39000,2.991,2.8,5.0,6.5,10.2,334299.1,0,0,0
8,3,44,SkipList,1,131,39300,3.314,3.0,5.1,7.4,54.7,301750.0,0,0,0
8,3,44,SkipList,1,132,39600,3.191,3.0,5.1,6.7,10.9,313381.6,0,0,0
8,3,44,SkipList,1,133,39900,2.964,2.8,4.8,5.4,6.7,337382.0,0,0,0
8,3,44,SkipList,1,134,40200,4.28,4.1,7.6,9.2,12.9,233644.9,0,0,0
8,3,44,SkipList,1,135,40500,4.24,3.7,7.1,9.5,83.5,235830.5,0,0,0
8,3,44,SkipList,1,136,40800,3.595,3.4,5.7,8.1,12.7,278138.3,0,0,0
8,3,44,SkipList,1,137,41100,3.487,3.3,6.0,7.7,8.5,286807.0,0,0,0
8,3,44,SkipList,1,138,41400,3.43,3.3,5.7,7.5,9.2,291545.1,0,0,0
8,3,44,SkipList,1,139,41700,6.856,3.2,5.5,6.7,1059.6,145857.7,0,0,0
8,3,44,SkipList,1,140,42000,3.262,3.2,5.4,6.2,11.3,306529.0,0,0,0
8,3,44,SkipList,1,141,42300,3.102,3.0,4.9,6.0,6.9,322407.3,0,0,0
8,3,44,SkipList,1,142,42600,3.109,2.9,5.1,6.3,8.6,321646.8,0,0,0
8,3,44,SkipList,1,143,42900,3.071,2.9,4.9,6.7,8.8,325626.8,0,0,0
8,3,44,SkipList,1,144,43200,3.243,2.9,5.2,6.7,58.5,308388.0,0,0,0
8,3,44,SkipList,1,145,43500,2.962,2.8,4.9,6.5,12.1,337647.6,0,0,0
8,3,44,SkipList,1,146,43800,3.77,3.4,6.6,9.5,31.2,265252.0,0,0,0
8,3,44,SkipList,1,147,44100,4.078,3.8,7.4,9.9,11.8,245198.2,0,0,0
8,3,44,SkipList,1,148,44400,4.652,3.9,7.9,15.5,87.0,214961.4,0,0,0
8,3,44,SkipList,1,149,44700,4.039,3.9,6.6,8.6,11.0,247565.7,0,0,0
8,3,44,SkipList,1,150,45000,3.673,3.5,6.3,7.9,8.4,272256.9,0,0,0
8,3,44,SkipList,1,151,45300,3.691,3.5,6.6,8.8,9.2,270953.7,0,0,0
8,3,44,SkipList,1,152,45600,3.866,3.4,5.9,8.6,61.7,258643.0,0,0,0
8,3,44,SkipList,1,153,45900,3.372,3.3,5.7,6.8,8.4,296559.9,0,0,0
8,3,44,SkipList,1,154,46200,3.368,3.1,5.8,8.2,9.7,296912.1,0,0,0
8,3,44,SkipList,1,155,46500,3.366,3.2,5.5,7.5,10.2,297118.0,0,0,0
8,3,44,SkipList,1,156,46800,3.199,3.0,5.3,6.9,7.2,312597.7,0,0,0
8,3,44,SkipList,1,157,47100,3.3,2.9,5.2,8.0,57.4,303060.9,0,0,0
8,3,44,SkipList,1,158,47400,3.302,3.1,5.6,8.2,10.4,302877.5,0,0,0
8,3,44,SkipList,1,159,47700,4.223,3.8,7.7,11.6,15.1,236817.2,0,0,0
8,3,44,SkipList,1,160,48000,3.826,3.8,6.1,7.5,9.5,261369.5,0,0,0
8,3,44,SkipList,1,161,48300,3.723,3.3,5.8,8.0,71.8,268576.7,0,0,0
8,3,44,SkipList,1,162,48600,3.629,3.4,5.8,9.9,12.4,275558.0,0,0,0
8,3,44,SkipList,1,163,48900,3.507,3.3,5.7,8.7,10.3,285171.1,0,0,0
8,3,44,SkipList,1,164,49200,3.328,3.1,5.6,6.8,9.4,300450.6,0,0,0
8,3,44,SkipList,1,165,49500,3.453,3.1,5.7,6.6,55.2,289575.4,0,0,0
8,3,44,SkipList,1,166,49800,3.214,3.1,5.5,6.6,7.0,311138.8,0,0,0
8,3,44,SkipList,1,167,50000,3.211,3.0,5.5,6.7,7.2,311429.5,0,0,0
8,3,44,JLI,2,1,50300,6.314,5.1,12.3,30.0,79.0,158369.8,14,22,1
8,3,44,JLI,2,2,50600,4.646,3.5,9.5,13.0,39.4,215223.5,14,22,1
8,3,44,JLI,2,3,50900,5.549,4.5,12.2,16.0,38.5,180201.9,14,22,1
8,3,44,JLI,2,4,51200,7.395,6.4,16.0,22.6,24.6,135226.5,14,22,1
8,3,44,JLI,2,5,51500,14.435,6.3,14.3,17.8,2222.1,69277.7,14,22,1
8,3,44,JLI,2,6,51800,7.413,7.1,14.8,16.7,19.6,134898.1,14,22,1
8,3,44,JLI,2,7,52100,8.541,7.9,18.1,20.9,45.9,117086.9,14,22,1
8,3,44,JLI,2,8,52400,9.356,8.7,18.7,23.1,43.8,106883.3,14,22,1
8,3,44,JLI,2,9,52700,12.088,10.6,25.6,50.9,90.8,82724.4,14,22,1
8,3,44,JLI,2,10,53000,17.872,11.7,23.9,30.1,1729.1,55952.4,14,22,1
8,3,44,JLI,2,11,53300,11.499,10.5,26.5,28.8,31.3,86964.1,14,22,1
8,3,44,JLI,2,12,53600,12.567,11.7,26.5,30.3,30.8,79575.6,14,22,1
8,3,44,JLI,2,13,53900,15.333,13.7,32.4,45.3,86.5,65218.8,14,22,1
8,3,44,JLI,2,14,54200,14.242,12.4,31.1,36.1,40.3,70214.9,14,22,1
8,3,44,JLI,2,15,54500,15.8,15.5,31.9,39.7,41.8,63289.8,14,22,1
8,3,44,JLI,2,16,54800,17.413,15.0,38.5,65.5,128.4,57429.5,14,22,1
8,3,44,JLI,2,17,55100,20.673,9.5,34.7,48.8,2278.4,48371.5,14,23,1
8,3,44,JLI,2,18,55400,6.204,4.9,14.7,24.4,27.6,161195.0,14,23,1
8,3,44,JLI,2,19,55700,9.27,4.9,12.9,20.3,1056.9,107874.9,15,23,1
8,3,44,JLI,2,20,56000,6.012,5.3,13.2,17.7,24.3,166343.3,15,23,1
8,3,44,JLI,2,21,56300,7.094,5.9,15.4,23.1,53.8,140970.8,15,23,1
8,3,44,JLI,2,22,56600,6.561,5.9,12.9,16.4,17.3,152415.8,15,23,1
8,3,44,JLI,2,23,56900,6.763,5.9,13.3,19.7,46.5,147856.1,15,23,1
8,3,44,JLI,2,24,57200,11.96,6.5,16.4,19.8,1341.1,83609.7,16,23,1
8,3,44,JLI,2,25,57500,6.492,5.7,14.1,18.0,27.5,154027.8,16,23,1
8,3,44,JLI,2,26,57800,6.715,6.3,12.1,14.5,17.3,148927.7,16,23,1
8,3,44,JLI,2,27,58100,10.313,7.0,16.7,29.9,653.7,96961.9,16,23,1
8,3,44,JLI,2,28,58400,7.857,7.0,15.6,20.8,25.8,127280.4,16,23,1
8,3,44,JLI,2,29,58700,7.698,6.9,15.1,18.2,25.6,129903.9,16,23,1
8,3,44,JLI,2,30,59000,12.168,7.2,14.9,18.0,1282.9,82185.0,16,23,1
8,3,44,JLI,2,31,59300,7.485,6.3,14.5,17.5,54.8,133594.6,16,23,1
8,3,44,JLI,2,32,59600,7.6,6.5,15.3,19.2,39.1,131578.9,16,23,1
8,3,44,JLI,2,33,59900,9.441,7.5,20.7,31.8,45.2,105924.7,16,23,1
8,3,44,JLI,2,34,60200,8.226,7.3,16.8,21.2,24.4,121565.8,16,23,1
8,3,44,JLI,2,35,60500,8.231,6.8,18.1,20.4,22.0,121491.9,16,23,1
8,3,44,JLI,2,36,60800,8.913,7.6,18.9,22.2,23.6,112191.5,16,23,1
8,3,44,JLI,2,37,61100,13.962,5.8,19.6,43.7,1726.2,71623.0,16,24,1
8,3,44,JLI,2,38,61400,11.782,5.6,15.8,28.4,1440.7,84872.8,16,24,1
8,3,44,JLI,2,39,61700,6.697,5.9,11.8,18.2,91.0,149320.6,16,24,1
8,3,44,JLI,2,40,62000,7.065,6.9,13.2,16.7,23.9,141536.1,16,24,1
8,3,44,JLI,2,41,62300,7.642,7.1,16.1,17.7,18.8,130850.1,16,24,1
8,3,44,JLI,2,42,62600,8.839,7.7,18.3,20.5,52.6,113130.7,16,24,1
8,3,44,JLI,2,43,62900,13.986,8.2,20.8,42.2,1308.4,71501.8,16,24,1
8,3,44,JLI,2,44,63200,11.91,10.1,25.3,33.2,82.2,83965.4,16,24,1
8,3,44,JLI,2,45,63500,11.235,9.9,25.4,30.6,48.1,89007.6,16,24,1
8,3,44,JLI,2,46,63800,12.313,10.2,26.9,35.1,68.9,81212.8,16,24,1
8,3,44,JLI,2,47,64100,12.777,11.3,31.6,39.1,41.9,78265.6,16,24,1
8,3,44,JLI,2,48,64400,14.876,11.9,37.9,55.0,87.1,67220.9,16,24,1
8,3,44,JLI,2,49,64700,21.194,12.8,35.9,42.5,1971.2,47183.2,16,24,1
8,3,44,JLI,2,50,65000,15.521,13.6,38.3,44.0,62.3,64428.8,16,24,1
8,3,44,JLI,2,51,65300,17.74,14.1,44.2,55.0,86.6,56368.7,16,24,1
8,3,44,JLI,2,52,65600,17.566,15.4,44.7,50.1,53.7,56928.2,16,24,1
8,3,44,JLI,2,53,65900,21.987,16.1,43.8,64.9,1010.8,45481.4,16,24,1
8,3,44,JLI,2,54,66200,26.724,15.9,51.0,60.8,2227.9,37420.0,16,24,1
8,3,44,JLI,2,55,66500,17.379,12.3,48.6,57.5,60.0,57539.6,16,24,1
8,3,44,JLI,2,56,66800,22.879,16.8,60.2,91.9,384.7,43708.8,16,24,1
8,3,44,JLI,2,57,67100,18.945,7.9,37.2,65.5,2114.2,52783.4,16,25,1
8,3,44,JLI,2,58,67400,5.655,5.0,9.2,17.8,39.3,176824.2,16,25,1
8,3,44,JLI,2,59,67700,6.021,5.7,9.8,11.1,15.4,166085.4,16,25,1
8,3,44,JLI,2,60,68000,17.181,7.4,22.5,131.4,1953.4,58205.0,17,25,1
8,3,44,JLI,2,61,68300,7.223,6.4,12.3,23.6,95.5,138453.1,17,25,1
8,3,44,JLI,2,62,68600,6.365,6.0,11.5,17.7,23.5,157101.0,17,25,1
8,3,44,JLI,2,63,68900,6.937,6.3,11.8,20.6,55.7,144154.5,17,25,1
8,3,44,JLI,2,64,69200,7.411,6.9,13.7,17.9,22.5,134928.5,17,25,1
8,3,44,JLI,2,65,69500,8.856,7.7,16.8,43.5,79.9,112913.6,17,25,1
8,3,44,JLI,2,66,69800,18.801,8.0,25.6,45.2,2709.4,53189.6,18,25,1
8,3,44,JLI,2,67,70100,7.506,6.7,13.5,23.6,27.8,133232.7,18,25,1
8,3,44,JLI,2,68,70400,8.137,7.7,14.9,17.6,70.8,122895.4,18,25,1
8,3,44,JLI,2,69,70700,7.351,6.4,14.7,16.9,68.4,136035.9,18,25,1
8,3,44,JLI,2,70,71000,8.013,7.1,17.0,18.7,19.8,124802.4,18,25,1
8,3,44,JLI,2,71,71300,10.688,8.8,25.7,40.4,63.7,93565.8,18,25,1
8,3,44,JLI,2,72,71600,16.721,7.7,19.0,35.3,2352.3,59806.2,18,25,1
8,3,44,JLI,2,73,71900,8.742,7.3,18.8,22.5,53.7,114394.7,18,25,1
8,3,44,JLI,2,74,72200,9.618,8.2,20.4,23.0,27.0,103975.3,18,25,1
8,3,44,JLI,2,75,72500,11.856,9.4,26.9,43.4,85.2,84347.8,18,25,1
8,3,44,JLI,2,76,72800,11.174,9.9,22.1,26.3,84.3,89493.5,18,25,1
8,3,44,JLI,2,77,73100,17.972,7.3,23.1,46.9,2185.4,55643.1,18,26,1
8,3,44,JLI,2,78,73400,6.539,5.2,14.8,38.4,39.3,152928.6,18,26,1
8,3,44,JLI,2,79,73700,6.691,5.8,11.8,19.2,39.9,149461.9,18,26,1
8,3,44,JLI,2,80,74000,12.857,5.6,18.0,28.1,1785.0,77780.7,19,26,1
8,3,44,JLI,2,81,74300,5.69,5.2,9.1,25.1,42.7,175757.2,19,26,1
8,3,44,JLI,2,82,74600,5.058,4.8,9.4,10.9,26.2,197693.5,19,26,1
8,3,44,JLI,2,83,74900,5.601,5.4,10.2,11.1,43.2,178528.9,19,26,1
8,3,44,JLI,2,84,75200,6.361,5.8,11.3,16.2,43.1,157208.0,19,26,1
8,3,44,JLI,2,85,75500,10.863,6.2,13.7,21.1,1186.1,92055.6,19,26,1
8,3,44,JLI,2,86,75800,9.069,8.3,16.8,28.3,60.2,110261.7,19,26,1
8,3,44,JLI,2,87,76100,7.748,6.7,17.0,18.9,19.5,129060.0,19,26,1
8,3,44,JLI,2,88,76400,8.455,7.7,17.8,21.6,22.2,118273.2,19,26,1
8,3,44,JLI,2,89,76700,9.976,8.7,20.3,24.2,73.2,100240.6,19,26,1
8,3,44,JLI,2,90,77000,9.87,8.6,21.7,26.0,26.4,101313.7,19,26,1
8,3,44,JLI,2,91,77300,17.049,9.6,22.3,37.0,1933.1,58654.5,19,26,1
8,3,44,JLI,2,92,77600,10.162,8.5,21.8,28.2,76.8,98402.6,19,26,1
8,3,44,JLI,2,93,77900,10.686,8.8,22.6,32.8,61.1,93577.5,19,26,1
8,3,44,JLI,2,94,78200,11.454,9.7,25.4,30.9,34.1,87303.2,19,26,1
8,3,44,JLI,2,95,78500,12.767,11.2,28.9,35.1,38.2,78324.9,19,26,1
8,3,44,JLI,2,96,78800,13.257,12.0,31.2,37.1,37.5,75430.0,19,26,1
8,3,44,JLI,2,97,79100,20.411,10.5,31.0,42.8,2182.6,48994.0,19,27,1
8,3,44,JLI,2,98,79400,7.298,4.7,20.1,39.2,48.2,137023.9,19,27,1
8,3,44,JLI,2,99,79700,9.497,4.6,7.5,23.5,1371.6,105296.4,20,27,1
8,3,44,JLI,2,100,80000,5.944,5.1,9.0,37.8,109.9,168227.5,20,27,1
8,3,44,JLI,2,101,80300,5.968,5.7,10.9,16.5,44.5,167550.9,20,27,1
8,3,44,JLI,2,102,80600,6.613,6.2,12.1,18.0,44.7,151217.3,20,27,1
8,3,44,JLI,2,103,80900,7.256,6.8,12.7,16.8,17.2,137823.3,20,27,1
8,3,44,JLI,2,104,81200,13.809,7.4,17.7,41.3,1700.3,72416.5,21,27,1
8,3,44,JLI,2,105,81500,6.916,6.3,12.7,15.6,48.0,144585.3,21,27,1
8,3,44,JLI,2,106,81800,7.397,6.9,14.7,15.9,43.8,135189.9,21,27,1
8,3,44,JLI,2,107,82100,7.653,7.1,14.6,18.2,62.0,130667.7,21,27,1
8,3,44,JLI,2,108,82400,7.914,7.0,14.8,21.0,43.9,126353.0,21,27,1
8,3,44,JLI,2,109,82700,8.571,7.7,16.8,19.8,48.8,116672.5,21,27,1
8,3,44,JLI,2,110,83000,14.743,8.1,17.0,23.1,1789.3,67830.3,21,27,1
8,3,44,JLI,2,111,83300,9.89,8.6,20.7,23.1,26.6,101112.2,21,27,1
8,3,44,JLI,2,112,83600,10.612,9.7,20.8,25.7,67.2,94235.9,21,27,1
8,3,44,JLI,2,113,83900,10.324,9.2,21.3,25.2,26.3,96864.8,21,27,1
8,3,44,JLI,2,114,84200,10.45,8.5,22.5,28.3,62.0,95690.7,21,27,1
8,3,44,JLI,2,115,84500,11.594,9.8,25.5,30.2,63.6,86249.0,21,27,1
8,3,44,JLI,2,116,84800,21.09,10.8,32.1,62.3,2306.3,47415.8,21,27,1
8,3,44,JLI,2,117,85100,12.566,10.7,27.3,33.8,70.8,79577.7,21,27,1
8,3,44,JLI,2,118,85400,16.523,6.3,24.0,33.3,2298.6,60521.7,21,28,1
8,3,44,JLI,2,119,85700,8.335,6.4,20.5,28.4,46.1,119971.2,21,28,1
8,3,44,JLI,2,120,86000,7.573,6.2,18.0,23.5,25.0,132042.3,21,28,1
8,3,44,JLI,2,121,86300,13.964,6.5,18.8,26.3,1717.5,71611.0,21,28,1
8,3,44,JLI,2,122,86600,8.061,6.4,17.2,18.9,54.3,124054.1,21,28,1
8,3,44,JLI,2,123,86900,6.229,5.3,15.2,19.0,21.8,160539.4,21,28,1
8,3,44,JLI,2,124,87200,4.355,3.5,9.6,17.0,19.5,229638.7,21,28,1
8,3,44,JLI,2,125,87500,5.951,5.3,12.0,19.5,44.7,168048.4,21,28,1
8,3,44,JLI,2,126,87800,4.95,3.2,12.3,24.0,24.4,202006.6,21,28,1
8,3,44,JLI,2,127,88100,11.094,3.9,9.7,19.6,1969.1,90136.1,21,28,1
8,3,44,JLI,2,128,88400,5.396,5.1,9.9,12.6,15.6,185322.5,21,28,1
8,3,44,JLI,2,129,88700,6.682,6.6,12.6,15.9,16.5,149648.3,21,28,1
8,3,44,JLI,2,130,89000,7.648,7.6,14.4,16.9,18.7,130753.1,21,28,1
8,3,44,JLI,2,131,89300,9.0,8.1,19.4,22.2,61.7,111111.1,21,28,1
8,3,44,JLI,2,132,89600,11.841,10.6,24.6,31.0,90.6,84452.3,21,28,1
8,3,44,JLI,2,133,89900,18.581,10.4,26.4,30.7,2175.1,53817.5,21,28,1
8,3,44,JLI,2,134,90200,12.706,11.5,30.0,33.8,37.6,78700.9,21,28,1
8,3,44,JLI,2,135,90500,13.337,11.3,29.6,36.4,39.4,74981.3,21,28,1
8,3,44,JLI,2,136,90800,15.719,14.1,35.9,41.9,80.2,63618.6,21,28,1
8,3,44,JLI,2,137,91100,14.613,12.1,37.2,44.3,45.5,68433.8,21,28,1
8,3,44,JLI,2,138,91400,30.587,11.2,35.5,83.8,2731.4,32693.3,21,29,1
8,3,44,JLI,2,139,91700,8.327,5.4,22.1,45.7,80.0,120091.3,21,29,1
8,3,44,JLI,2,140,92000,6.579,4.8,16.4,26.0,49.6,151991.1,21,29,1
8,3,44,JLI,2,141,92300,5.37,3.9,14.9,22.6,28.4,186231.3,21,29,1
8,3,44,JLI,2,142,92600,5.275,3.8,13.1,29.6,49.8,189573.5,21,29,1
8,3,44,JLI,2,143,92900,5.381,4.4,12.8,18.5,20.7,185850.6,21,29,1
8,3,44,JLI,2,144,93200,11.702,5.4,13.1,47.2,1628.5,85455.5,21,29,1
8,3,44,JLI,2,145,93500,6.409,5.9,11.9,19.2,23.9,156038.7,21,29,1
8,3,44,JLI,2,146,93800,7.403,6.7,15.5,18.8,19.5,135086.5,21,29,1
8,3,44,JLI,2,147,94100,10.583,6.4,13.6,20.4,1073.6,94488.2,21,29,1
8,3,44,JLI,2,148,94400,7.27,6.6,13.9,18.1,22.9,137557.9,21,29,1
8,3,44,JLI,2,149,94700,8.009,7.2,17.4,19.5,21.9,124854.3,21,29,1
8,3,44,JLI,2,150,95000,12.685,5.3,17.5,22.1,1863.8,78835.3,21,29,1
8,3,44,JLI,2,151,95300,5.743,3.8,15.6,24.3,34.4,174135.1,21,29,1
8,3,44,JLI,2,152,95600,5.874,4.5,14.6,23.1,27.6,170241.7,21,29,1
8,3,44,JLI,2,153,95900,6.14,5.6,12.7,17.2,18.7,162875.3,21,29,1
8,3,44,JLI,2,154,96200,5.85,3.9,14.9,18.9,22.8,170940.2,21,29,1
8,3,44,JLI,2,155,96500,12.211,4.7,14.8,18.5,1958.3,81891.1,21,29,1
8,3,44,JLI,2,156,96800,6.013,5.2,13.2,16.3,17.8,166315.6,21,29,1
8,3,44,JLI,2,157,97100,8.356,6.8,21.6,27.8,33.3,119669.7,21,29,1
8,3,44,JLI,2,158,97400,14.797,3.6,16.5,37.3,2725.5,67582.8,21,30,1
8,3,44,JLI,2,159,97700,9.016,6.1,22.5,47.9,61.4,110918.0,21,30,1
8,3,44,JLI,2,160,98000,7.717,5.3,18.3,46.6,48.1,129584.0,21,30,1
8,3,44,JLI,2,161,98300,11.336,4.6,16.7,50.8,1488.3,88214.5,21,30,1
8,3,44,JLI,2,162,98600,7.066,4.7,14.9,45.1,353.0,141529.4,21,30,1
8,3,44,JLI,2,163,98900,6.174,5.5,11.8,19.3,70.5,161978.3,21,30,1
8,3,44,JLI,2,164,99200,5.538,5.1,10.3,18.2,21.3,180581.5,21,30,1
8,3,44,JLI,2,165,99500,6.523,6.0,14.0,16.6,20.8,153311.5,21,30,1
8,3,44,JLI,2,166,99800,15.823,6.9,17.3,63.5,2275.5,63199.1,21,30,1
8,3,44,JLI,2,167,100000,8.329,7.4,19.0,21.0,26.7,120062.4,21,30,1
8,3,44,SkipList,2,1,50300,6.165,5.5,11.8,21.0,49.4,162197.3,0,0,0
8,3,44,SkipList,2,2,50600,6.268,5.7,12.2,15.4,17.3,159540.6,0,0,0
8,3,44,SkipList,2,3,50900,4.645,4.4,8.3,11.5,12.6,215269.8,0,0,0
8,3,44,SkipList,2,4,51200,4.387,4.1,8.2,10.5,14.4,227946.3,0,0,0
8,3,44,SkipList,2,5,51500,4.308,3.9,6.9,9.2,66.8,232108.2,0,0,0
8,3,44,SkipList,2,6,51800,4.02,3.8,7.0,10.5,14.0,248756.2,0,0,0
8,3,44,SkipList,2,7,52100,3.913,3.7,6.8,8.9,11.0,255558.3,0,0,0
8,3,44,SkipList,2,8,52400,3.945,3.6,6.6,9.7,13.3,253485.4,0,0,0
8,3,44,SkipList,2,9,52700,3.69,3.5,6.7,7.9,8.7,271002.7,0,0,0
8,3,44,SkipList,2,10,53000,3.625,3.4,6.3,7.7,10.1,275887.5,0,0,0
8,3,44,SkipList,2,11,53300,3.758,3.4,6.7,9.6,32.3,266122.5,0,0,0
8,3,44,SkipList,2,12,53600,4.67,4.3,8.6,12.8,15.8,214148.1,0,0,0
8,3,44,SkipList,2,13,53900,4.014,4.0,7.1,8.3,9.1,249148.7,0,0,0
8,3,44,SkipList,2,14,54200,4.372,3.8,6.9,11.4,79.8,228745.8,0,0,0
8,3,44,SkipList,2,15,54500,3.882,3.7,6.3,9.3,11.2,257577.1,0,0,0
8,3,44,SkipList,2,16,54800,3.691,3.5,6.2,9.3,9.7,270929.4,0,0,0
8,3,44,SkipList,2,17,55100,3.746,3.5,6.3,7.1,8.0,266975.2,0,0,0
8,3,44,SkipList,2,18,55400,3.956,3.5,6.8,8.9,60.6,252759.4,0,0,0
8,3,44,SkipList,2,19,55700,3.594,3.3,6.2,8.6,11.3,278267.5,0,0,0
8,3,44,SkipList,2,20,56000,3.373,3.1,5.7,6.9,8.5,296442.7,0,0,0
8,3,44,SkipList,2,21,56300,3.386,3.2,5.6,7.5,8.7,295362.8,0,0,0
8,3,44,SkipList,2,22,56600,3.606,3.2,5.9,8.9,56.6,277341.2,0,0,0
8,3,44,SkipList,2,23,56900,4.745,4.0,9.1,19.4,39.8,210762.9,0,0,0
8,3,44,SkipList,2,24,57200,4.293,4.0,7.7,11.8,18.9,232919.2,0,0,0
8,3,44,SkipList,2,25,57500,3.898,3.7,6.6,9.7,11.8,256563.8,0,0,0
8,3,44,SkipList,2,26,57800,3.957,3.6,6.5,8.8,64.4,252716.7,0,0,0
8,3,44,SkipList,2,27,58100,3.731,3.5,6.5,8.6,10.2,268048.6,0,0,0
8,3,44,SkipList,2,28,58400,3.612,3.5,5.9,9.0,10.3,276829.3,0,0,0
8,3,44,SkipList,2,29,58700,3.557,3.3,6.0,9.2,29.4,281135.6,0,0,0
8,3,44,SkipList,2,30,59000,3.614,3.3,5.5,7.4,59.2,276676.2,0,0,0
8,3,44,SkipList,2,31,59300,3.516,3.2,6.1,7.6,12.8,284414.2,0,0,0
8,3,44,SkipList,2,32,59600,3.388,3.3,5.4,7.5,8.6,295188.5,0,0,0
8,3,44,SkipList,2,33,59900,3.306,3.2,5.5,6.4,8.8,302510.9,0,0,0
8,3,44,SkipList,2,34,60200,3.695,3.2,6.3,9.0,59.8,270636.0,0,0,0
8,3,44,SkipList,2,35,60500,4.295,3.8,7.5,14.8,21.7,232847.0,0,0,0
8,3,44,SkipList,2,36,60800,4.107,3.7,7.6,9.7,14.2,243466.9,0,0,0
8,3,44,SkipList,2,37,61100,3.844,3.5,7.0,8.3,8.8,260168.2,0,0,0
8,3,44,SkipList,2,38,61400,3.901,3.5,6.1,8.0,69.6,256344.4,0,0,0
8,3,44,SkipList,2,39,61700,3.629,3.4,6.1,7.5,13.4,275583.3,0,0,0
8,3,44,SkipList,2,40,62000,3.643,3.5,6.0,9.5,10.6,274473.9,0,0,0
8,3,44,SkipList,2,41,62300,3.47,3.2,5.9,7.6,8.1,288156.9,0,0,0
8,3,44,SkipList,2,42,62600,7.851,3.5,5.5,10.3,1290.7,127366.9,0,0,0
8,3,44,SkipList,2,43,62900,3.444,3.3,5.7,6.6,9.1,290360.2,0,0,0
8,3,44,SkipList,2,44,63200,3.491,3.4,5.7,7.9,8.5,286478.2,0,0,0
8,3,44,SkipList,2,45,63500,3.458,3.4,5.5,6.5,7.4,289156.6,0,0,0
8,3,44,SkipList,2,46,63800,272.953,3.6,6.6,12.9,80708.5,3663.6,0,0,0
8,3,44,SkipList,2,47,64100,4.525,4.2,8.1,11.9,13.1,220978.2,0,0,0
8,3,44,SkipList,2,48,64400,4.683,4.3,9.3,12.0,15.7,213553.5,0,0,0
8,3,44,SkipList,2,49,64700,4.367,4.2,8.1,12.6,20.9,229007.5,0,0,0
8,3,44,SkipList,2,50,65000,3.935,3.8,7.0,8.5,11.1,254129.7,0,0,0
8,3,44,SkipList,2,51,65300,3.922,3.7,7.1,9.4,10.1,254993.6,0,0,0
8,3,44,SkipList,2,52,65600,3.743,3.5,6.4,8.1,9.1,267141.5,0,0,0
8,3,44,SkipList,2,53,65900,3.559,3.3,5.9,7.6,12.5,281004.2,0,0,0
8,3,44,SkipList,2,54,66200,3.382,3.2,5.8,7.0,8.6,295712.3,0,0,0
8,3,44,SkipList,2,55,66500,3.488,3.1,5.5,8.1,54.7,286670.0,0,0,0
8,3,44,SkipList,2,56,66800,3.316,3.1,5.6,7.0,9.9,301537.9,0,0,0
8,3,44,SkipList,2,57,67100,3.278,3.1,5.6,6.4,6.6,305033.0,0,0,0
8,3,44,SkipList,2,58,67400,3.102,3.0,4.8,6.2,6.8,322338.1,0,0,0
8,3,44,SkipList,2,59,67700,3.388,3.1,5.7,8.5,52.9,295130.2,0,0,0
8,3,44,SkipList,2,60,68000,3.956,3.5,7.0,11.2,14.8,252801.8,0,0,0
8,3,44,SkipList,2,61,68300,4.426,4.1,7.9,10.2,12.4,225954.7,0,0,0
8,3,44,SkipList,2,62,68600,3.939,3.7,6.8,8.9,10.6,253871.5,0,0,0
8,3,44,SkipList,2,63,68900,3.999,3.5,6.3,8.0,64.0,250083.2,0,0,0
8,3,44,SkipList,2,64,69200,3.582,3.4,5.8,7.4,8.5,279147.6,0,0,0
8,3,44,SkipList,2,65,69500,3.538,3.3,6.5,7.5,8.7,282645.6,0,0,0
8,3,44,SkipList,2,66,69800,3.391,3.3,5.5,7.1,11.8,294927.3,0,0,0
8,3,44,SkipList,2,67,70100,3.307,3.1,5.4,6.7,9.2,302358.4,0,0,0
8,3,44,SkipList,2,68,70400,3.293,3.2,5.4,7.7,10.6,303643.8,0,0,0
8,3,44,SkipList,2,69,70700,3.286,3.1,6.0,7.2,9.9,304321.3,0,0,0
8,3,44,SkipList,2,70,71000,3.22,3.1,5.4,6.3,7.3,310526.9,0,0,0
8,3,44,SkipList,2,71,71300,3.163,2.9,5.3,7.7,10.0,316122.3,0,0,0
8,3,44,SkipList,2,72,71600,4.054,3.5,7.1,16.0,58.4,246649.7,0,0,0
8,3,44,SkipList,2,73,71900,4.149,4.0,7.0,7.9,13.1,241041.2,0,0,0
8,3,44,SkipList,2,74,72200,4.041,3.8,7.1,10.3,13.4,247463.6,0,0,0
8,3,44,SkipList,2,75,72500,3.695,3.5,6.1,7.9,9.3,270660.5,0,0,0
8,3,44,SkipList,2,76,72800,3.946,3.6,6.7,8.8,61.4,253442.6,0,0,0
8,3,44,SkipList,2,77,73100,3.662,3.4,6.6,9.3,30.1,273074.8,0,0,0
8,3,44,SkipList,2,78,73400,3.475,3.3,6.1,8.0,8.6,287797.4,0,0,0
8,3,44,SkipList,2,79,73700,3.293,3.2,5.6,7.9,12.6,303674.2,0,0,0
8,3,44,SkipList,2,80,74000,3.47,3.1,5.6,8.4,55.7,288184.5,0,0,0
8,3,44,SkipList,2,81,74300,3.272,3.1,5.7,8.2,8.7,305623.5,0,0,0
8,3,44,SkipList,2,82,74600,3.272,3.1,5.5,7.0,8.3,305654.6,0,0,0
8,3,44,SkipList,2,83,74900,3.389,3.2,5.5,6.1,11.8,295043.3,0,0,0
8,3,44,SkipList,2,84,75200,3.219,3.1,5.4,7.2,8.8,310655.5,0,0,0
8,3,44,SkipList,2,85,75500,5.249,4.3,9.7,16.6,90.3,190500.4,0,0,0
8,3,44,SkipList,2,86,75800,4.202,3.9,7.5,10.2,12.8,238000.8,0,0,0
8,3,44,SkipList,2,87,76100,3.718,3.5,6.5,9.2,10.8,268962.0,0,0,0
8,3,44,SkipList,2,88,76400,3.554,3.4,6.1,7.4,8.1,281399.5,0,0,0
8,3,44,SkipList,2,89,76700,3.78,3.4,6.0,9.8,59.0,264527.0,0,0,0
8,3,44,SkipList,2,90,77000,3.47,3.2,5.9,7.9,11.1,288156.7,0,0,0
8,3,44,SkipList,2,91,77300,3.426,3.3,5.7,6.8,8.1,291857.2,0,0,0
8,3,44,SkipList,2,92,77600,3.229,3.0,5.5,7.3,11.2,309693.4,0,0,0
8,3,44,SkipList,2,93,77900,3.606,3.3,5.6,7.7,56.4,277315.7,0,0,0
8,3,44,SkipList,2,94,78200,3.253,3.1,5.3,6.4,7.1,307408.7,0,0,0
8,3,44,SkipList,2,95,78500,3.157,3.1,5.0,6.3,9.8,316723.0,0,0,0
8,3,44,SkipList,2,96,78800,3.178,3.1,5.2,6.3,7.5,314696.4,0,0,0
8,3,44,SkipList,2,97,79100,10.356,4.0,8.3,12.9,1798.6,96559.3,0,0,0
8,3,44,SkipList,2,98,79400,4.411,4.2,8.1,9.7,14.0,226723.1,0,0,0
8,3,44,SkipList,2,99,79700,3.763,3.5,6.5,8.1,9.8,265769.0,0,0,0
8,3,44,SkipList,2,100,80000,3.759,3.6,6.4,8.8,9.6,266028.2,0,0,0
8,3,44,SkipList,2,101,80300,3.78,3.3,6.6,10.5,57.0,264550.3,0,0,0
8,3,44,SkipList,2,102,80600,3.524,3.2,5.8,7.2,10.5,283741.5,0,0,0
8,3,44,SkipList,2,103,80900,3.407,3.3,5.9,7.3,8.2,293542.0,0,0,0
8,3,44,SkipList,2,104,81200,3.4,3.2,6.1,6.9,10.6,294146.5,0,0,0
8,3,44,SkipList,2,105,81500,3.53,3.2,5.8,8.4,49.7,283313.0,0,0,0
8,3,44,SkipList,2,106,81800,3.301,3.1,5.7,7.3,8.1,302908.0,0,0,0
8,3,44,SkipList,2,107,82100,4.718,4.2,9.1,12.8,14.4,211954.3,0,0,0
8,3,44,SkipList,2,108,82400,5.959,5.4,10.6,15.2,17.6,167822.8,0,0,0
8,3,44,SkipList,2,109,82700,4.302,4.0,7.4,10.2,13.3,232467.9,0,0,0
8,3,44,SkipList,2,110,83000,4.15,3.6,6.8,9.1,78.0,240944.3,0,0,0
8,3,44,SkipList,2,111,83300,3.883,3.6,6.4,8.0,10.0,257510.7,0,0,0
8,3,44,SkipList,2,112,83600,3.632,3.4,6.4,8.8,9.4,275305.2,0,0,0
8,3,44,SkipList,2,113,83900,3.536,3.2,6.1,8.4,14.2,282832.2,0,0,0
8,3,44,SkipList,2,114,84200,3.598,3.3,5.7,8.0,56.1,277957.9,0,0,0
8,3,44,SkipList,2,115,84500,3.455,3.2,6.1,7.5,8.2,289435.5,0,0,0
8,3,44,SkipList,2,116,84800,3.42,3.1,5.7,7.8,10.4,292397.8,0,0,0
8,3,44,SkipList,2,117,85100,3.239,3.1,5.6,8.0,10.6,308705.4,0,0,0
8,3,44,SkipList,2,118,85400,3.795,3.3,6.2,10.5,83.1,263527.6,0,0,0
8,3,44,SkipList,2,119,85700,4.52,4.0,7.5,10.2,76.6,221238.8,0,0,0
8,3,44,SkipList,2,120,86000,4.007,3.8,7.1,9.9,12.2,249563.2,0,0,0
8,3,44,SkipList,2,121,86300,3.954,3.7,6.5,8.7,10.7,252908.4,0,0,0
8,3,44,SkipList,2,122,86600,3.553,3.4,6.1,7.7,10.8,281426.0,0,0,0
8,3,44,SkipList,2,123,86900,3.871,3.4,6.4,8.1,61.3,258353.5,0,0,0
8,3,44,SkipList,2,124,87200,3.544,3.4,6.3,6.9,7.6,282193.5,0,0,0
8,3,44,SkipList,2,125,87500,3.544,3.4,6.0,7.5,10.2,282193.7,0,0,0
8,3,44,SkipList,2,126,87800,3.445,3.2,5.7,7.1,8.5,290275.7,0,0,0
8,3,44,SkipList,2,127,88100,3.38,3.0,5.9,7.5,54.5,295858.1,0,0,0
8,3,44,SkipList,2,128,88400,3.302,3.1,5.4,7.4,10.5,302877.3,0,0,0
8,3,44,SkipList,2,129,88700,3.317,3.2,5.3,7.3,8.4,301447.0,0,0,0
8,3,44,SkipList,2,130,89000,3.315,3.1,5.5,6.5,7.0,301689.3,0,0,0
8,3,44,SkipList,2,131,89300,4.419,4.0,8.8,12.5,15.5,226295.5,0,0,0
8,3,44,SkipList,2,132,89600,4.397,3.9,7.4,12.8,76.5,227427.8,0,0,0
8,3,44,SkipList,2,133,89900,3.994,3.8,6.4,8.0,10.6,250396.4,0,0,0
8,3,44,SkipList,2,134,90200,3.695,3.5,6.0,9.1,9.9,270636.0,0,0,0
8,3,44,SkipList,2,135,90500,3.661,3.4,6.1,7.1,11.8,273149.3,0,0,0
8,3,44,SkipList,2,136,90800,3.794,3.5,6.1,8.9,57.2,263550.9,0,0,0
8,3,44,SkipList,2,137,91100,3.562,3.2,6.4,7.9,9.4,280767.3,0,0,0
8,3,44,SkipList,2,138,91400,3.464,3.3,5.8,7.5,8.9,288656.0,0,0,0
8,3,44,SkipList,2,139,91700,3.513,3.3,5.6,7.4,10.2,284630.0,0,0,0
8,3,44,SkipList,2,140,92000,3.647,3.3,5.9,8.2,59.4,274172.9,0,0,0
8,3,44,SkipList,2,141,92300,3.413,3.2,5.9,7.3,11.3,293026.2,0,0,0
8,3,44,SkipList,2,142,92600,3.598,3.3,5.9,8.3,36.2,277906.3,0,0,0
8,3,44,SkipList,2,143,92900,4.7,4.3,8.9,13.2,16.6,212781.0,0,0,0
8,3,44,SkipList,2,144,93200,4.603,4.4,8.0,10.0,11.6,217249.5,0,0,0
8,3,44,SkipList,2,145,93500,5.203,4.6,9.0,13.5,85.7,192209.1,0,0,0
8,3,44,SkipList,2,146,93800,4.193,3.9,7.2,10.4,11.4,238511.6,0,0,0
8,3,44,SkipList,2,147,94100,3.979,3.7,7.3,8.7,13.4,251319.4,0,0,0
8,3,44,SkipList,2,148,94400,3.92,3.7,6.8,8.8,11.6,255080.4,0,0,0
8,3,44,SkipList,2,149,94700,7.617,3.6,6.5,8.3,1153.9,131291.1,0,0,0
8,3,44,SkipList,2,150,95000,3.676,3.4,6.6,8.3,11.2,272010.1,0,0,0
8,3,44,SkipList,2,151,95300,3.45,3.3,5.6,6.3,8.7,289855.1,0,0,0
8,3,44,SkipList,2,152,95600,3.503,3.3,5.9,6.7,10.0,285469.6,0,0,0
8,3,44,SkipList,2,153,95900,4.493,3.5,9.4,20.2,82.4,222551.9,0,0,0
8,3,44,SkipList,2,154,96200,4.208,3.8,8.0,11.1,12.1,237661.4,0,0,0
8,3,44,SkipList,2,155,96500,3.878,3.6,6.7,9.1,13.9,257887.0,0,0,0
8,3,44,SkipList,2,156,96800,3.486,3.4,5.7,7.1,8.9,286889.0,0,0,0
8,3,44,SkipList,2,157,97100,3.673,3.4,5.9,7.8,53.7,272232.3,0,0,0
8,3,44,SkipList,2,158,97400,3.499,3.4,5.8,7.4,10.8,285796.0,0,0,0
8,3,44,SkipList,2,159,97700,3.427,3.3,5.6,8.5,8.7,291828.8,0,0,0
8,3,44,SkipList,2,160,98000,3.376,3.2,5.7,7.0,8.3,296179.4,0,0,0
8,3,44,SkipList,2,161,98300,3.444,3.1,5.6,7.8,43.2,290360.0,0,0,0
8,3,44,SkipList,2,162,98600,3.6,3.2,5.6,7.2,55.0,277803.5,0,0,0
8,3,44,SkipList,2,163,98900,3.162,3.0,5.2,6.2,8.0,316255.5,0,0,0
8,3,44,SkipList,2,164,99200,3.29,3.2,5.5,7.0,7.4,303920.6,0,0,0
8,3,44,SkipList,2,165,99500,4.648,4.1,8.4,17.1,38.5,215146.2,0,0,0
8,3,44,SkipList,2,166,99800,4.902,4.2,8.6,15.0,84.5,203998.3,0,0,0
8,3,44,SkipList,2,167,100000,3.955,3.7,6.6,11.4,13.0,252844.5,0,0,0
8,3,44,JLI,3,1,100300,10.341,8.5,22.4,36.4,110.8,96702.5,21,30,1
8,3,44,JLI,3,2,100600,10.358,9.1,22.6,28.6,52.3,96546.8,21,30,1
8,3,44,JLI,3,3,100900,10.464,8.9,25.2,30.8,52.2,95565.8,21,30,1
8,3,44,JLI,3,4,101200,12.431,11.1,26.4,35.4,60.8,80441.9,21,30,1
8,3,44,JLI,3,5,101500,23.622,12.3,30.5,39.2,3057.1,42333.4,21,30,1
8,3,44,JLI,3,6,101800,12.764,11.9,27.5,39.3,40.6,78347.4,21,30,1
8,3,44,JLI,3,7,102100,14.995,12.4,37.2,43.8,83.6,66688.9,21,30,1
8,3,44,JLI,3,8,102400,17.474,15.0,40.1,58.4,80.1,57229.0,21,30,1
8,3,44,JLI,3,9,102700,16.234,13.7,37.5,49.8,52.7,61599.1,21,30,1
8,3,44,JLI,3,10,103000,18.998,15.4,48.3,54.8,85.7,52638.0,21,30,1
8,3,44,JLI,3,11,103300,19.515,15.9,48.3,76.2,115.0,51241.8,21,30,1
8,3,44,JLI,3,12,103600,21.008,6.4,30.4,54.6,3136.5,47601.7,21,31,1
8,3,44,JLI,3,13,103900,12.899,6.0,19.4,46.9,1342.3,77523.4,21,31,1
8,3,44,JLI,3,14,104200,7.313,5.5,18.2,25.7,59.5,136749.0,21,31,1
8,3,44,JLI,3,15,104500,4.7,3.3,11.3,48.5,75.8,212765.9,21,31,1
8,3,44,JLI,3,16,104800,5.694,4.7,11.4,26.2,51.2,175623.5,21,31,1
8,3,44,JLI,3,17,105100,6.112,5.5,11.8,16.0,50.9,163603.6,21,31,1
8,3,44,JLI,3,18,105400,7.342,6.4,13.8,17.9,51.4,136208.8,21,31,1
8,3,44,JLI,3,19,105700,13.694,7.3,17.0,20.6,1723.2,73024.7,21,31,1
8,3,44,JLI,3,20,106000,9.245,8.1,19.6,27.0,31.4,108170.5,21,31,1
8,3,44,JLI,3,21,106300,10.495,9.9,22.9,27.3,29.5,95286.5,21,31,1
8,3,44,JLI,3,22,106600,11.251,9.9,25.8,31.7,33.8,88883.6,21,31,1
8,3,44,JLI,3,23,106900,12.291,11.2,28.5,34.2,52.7,81358.1,21,31,1
8,3,44,JLI,3,24,107200,13.915,11.7,32.0,40.0,69.4,71863.2,21,31,1
8,3,44,JLI,3,25,107500,20.831,12.2,35.6,42.1,2091.1,48004.6,21,31,1
8,3,44,JLI,3,26,107800,15.4,12.8,39.3,46.3,50.1,64936.5,21,31,1
8,3,44,JLI,3,27,108100,15.932,12.8,41.4,47.8,56.8,62768.1,21,31,1
8,3,44,JLI,3,28,108400,16.809,13.2,43.3,52.8,71.0,59490.8,21,31,1
8,3,44,JLI,3,29,108700,18.408,14.6,48.6,56.4,57.6,54323.2,21,31,1
8,3,44,JLI,3,30,109000,27.496,16.7,50.8,59.8,2256.2,36368.5,21,31,1
8,3,44,JLI,3,31,109300,18.347,12.9,49.5,58.4,59.6,54504.8,21,31,1
8,3,44,JLI,3,32,109600,20.256,14.4,56.7,63.8,64.6,49367.3,21,31,1
8,3,44,JLI,3,33,109900,22.178,8.2,35.8,59.8,2777.6,45089.0,21,32,1
8,3,44,JLI,3,34,110200,6.067,4.2,17.4,48.0,53.3,164835.1,21,32,1
8,3,44,JLI,3,35,110500,4.477,3.7,9.0,20.5,52.1,223363.9,21,32,1
8,3,44,JLI,3,36,110800,10.267,4.8,9.3,17.7,1495.9,97402.6,21,32,1
8,3,44,JLI,3,37,111100,5.877,5.4,10.5,15.1,17.4,170154.8,21,32,1
8,3,44,JLI,3,38,111400,6.843,5.8,14.4,17.0,57.8,146127.6,21,32,1
8,3,44,JLI,3,39,111700,7.604,6.7,16.8,19.6,71.6,131504.0,21,32,1
8,3,44,JLI,3,40,112000,8.653,7.4,18.6,21.1,58.5,115571.3,21,32,1
8,3,44,JLI,3,41,112300,9.551,8.2,22.2,25.2,25.8,104697.4,21,32,1
8,3,44,JLI,3,42,112600,16.863,9.6,24.0,29.3,1901.5,59302.6,21,32,1
8,3,44,JLI,3,43,112900,14.421,10.3,27.8,36.5,756.5,69341.7,21,32,1
8,3,44,JLI,3,44,113200,12.474,10.5,29.9,33.8,36.2,80164.6,21,32,1
8,3,44,JLI,3,45,113500,12.574,10.2,30.8,38.3,38.8,79531.3,21,32,1
8,3,44,JLI,3,46,113800,13.822,11.9,32.1,40.2,40.8,72346.7,21,32,1
8,3,44,JLI,3,47,114100,24.797,13.1,41.9,53.5,2530.1,40326.9,21,32,1
8,3,44,JLI,3,48,114400,16.623,13.1,46.0,49.4,73.2,60156.4,21,32,1
8,3,44,JLI,3,49,114700,17.911,13.7,45.0,54.6,316.5,55831.6,21,32,1
8,3,44,JLI,3,50,115000,18.541,15.2,47.1,55.7,56.7,53933.6,21,32,1
8,3,44,JLI,3,51,115300,17.879,14.3,47.7,57.0,58.9,55932.6,21,32,1
8,3,44,JLI,3,52,115600,20.054,16.6,51.3,69.9,86.3,49866.2,21,32,1
8,3,44,JLI,3,53,115900,23.488,8.6,44.5,69.5,2991.2,42574.3,21,33,1
8,3,44,JLI,3,54,116200,8.406,5.3,24.9,50.4,61.8,118967.3,21,33,1
8,3,44,JLI,3,55,116500,7.627,6.0,17.9,21.4,26.1,131113.1,21,33,1
8,3,44,JLI,3,56,116800,16.224,6.6,23.6,31.3,2209.2,61635.8,21,33,1
8,3,44,JLI,3,57,117100,7.139,6.0,18.0,23.0,27.5,140069.1,21,33,1
8,3,44,JLI,3,58,117400,6.025,5.2,12.4,21.0,82.3,165965.9,21,33,1
8,3,44,JLI,3,59,117700,5.976,4.0,14.7,21.2,57.6,167326.7,21,33,1
8,3,44,JLI,3,60,118000,5.6,3.8,14.3,18.7,72.3,178571.4,21,33,1
8,3,44,JLI,3,61,118300,13.395,4.7,12.6,17.5,2277.8,74652.9,21,33,1
8,3,44,JLI,3,62,118600,7.111,5.6,17.4,21.6,32.6,140627.2,21,33,1
8,3,44,JLI,3,63,118900,7.262,6.3,16.3,20.9,22.1,137696.8,21,33,1
8,3,44,JLI,3,64,119200,7.737,6.8,18.5,22.1,23.3,129249.1,21,33,1
8,3,44,JLI,3,65,119500,8.537,7.8,16.5,23.4,25.1,117137.1,21,33,1
8,3,44,JLI,3,66,119800,9.159,8.6,18.5,24.3,27.6,109178.3,21,33,1
8,3,44,JLI,3,67,120100,21.371,8.5,20.4,78.9,2664.5,46793.1,21,33,1
8,3,44,JLI,3,68,120400,10.162,8.8,20.7,26.5,71.1,98409.0,21,33,1
8,3,44,JLI,3,69,120700,11.595,10.5,25.6,28.4,31.3,86241.6,21,33,1
8,3,44,JLI,3,70,121000,12.667,11.8,26.9,31.0,32.7,78947.4,21,33,1
8,3,44,JLI,3,71,121300,13.887,12.9,30.0,42.5,103.6,72009.8,21,33,1
8,3,44,JLI,3,72,121600,13.894,11.9,32.1,35.2,36.5,71971.8,21,33,1
8,3,44,JLI,3,73,121900,13.679,13.4,28.3,38.2,39.4,73106.5,21,33,1
8,3,44,JLI,3,74,122200,22.479,6.1,37.8,194.2,2902.6,44485.3,21,34,1
8,3,44,JLI,3,75,122500,9.317,5.9,23.8,73.9,101.6,107334.5,21,34,1
8,3,44,JLI,3,76,122800,18.861,5.7,25.9,36.6,3242.0,53019.5,22,34,1
8,3,44,JLI,3,77,123100,7.708,5.5,20.5,31.6,89.3,129729.7,22,34,1
8,3,44,JLI,3,78,123400,6.958,5.5,17.3,23.8,27.8,143712.6,22,34,1
8,3,44,JLI,3,79,123700,10.537,7.8,29.8,39.4,104.5,94906.7,22,34,1
8,3,44,JLI,3,80,124000,7.677,5.8,21.3,36.4,45.3,130264.9,22,34,1
8,3,44,JLI,3,81,124300,16.696,4.2,11.8,70.1,3185.1,59895.8,22,34,1
8,3,44,JLI,3,82,124600,6.064,4.5,13.6,22.2,71.3,164907.6,22,34,1
8,3,44,JLI,3,83,124900,5.985,5.1,14.7,17.3,19.5,167093.7,22,34,1
8,3,44,JLI,3,84,125200,7.269,5.8,19.3,29.7,34.2,137564.2,22,34,1
8,3,44,JLI,3,85,125500,8.536,6.9,20.7,27.7,102.0,117155.5,22,34,1
8,3,44,JLI,3,86,125800,7.821,7.1,16.3,22.0,25.2,127855.4,22,34,1
8,3,44,JLI,3,87,126100,19.878,8.0,18.1,30.0,3257.8,50306.9,22,34,1
8,3,44,JLI,3,88,126400,9.02,8.2,18.1,23.5,25.8,110868.8,22,34,1
8,3,44,JLI,3,89,126700,10.643,9.2,22.4,64.8,79.8,93955.5,22,34,1
8,3,44,JLI,3,90,127000,10.102,9.4,21.6,26.7,28.6,98987.0,22,34,1
8,3,44,JLI,3,91,127300,11.328,10.5,23.9,31.2,31.7,88274.2,22,34,1
8,3,44,JLI,3,92,127600,10.512,9.6,21.8,28.0,34.6,95132.4,22,34,1
8,3,44,JLI,3,93,127900,12.094,10.6,27.0,33.2,34.1,82687.9,22,34,1
8,3,44,JLI,3,94,128200,19.443,3.6,34.2,57.0,3663.4,51433.3,22,35,1
8,3,44,JLI,3,95,128500,12.044,4.3,11.0,53.6,2062.0,83026.6,22,35,1
8,3,44,JLI,3,96,128800,5.375,4.8,9.2,15.1,66.2,186046.5,22,35,1
8,3,44,JLI,3,97,129100,5.885,5.3,10.5,15.8,62.9,169913.9,22,35,1
8,3,44,JLI,3,98,129400,6.586,6.4,12.3,14.6,15.7,151829.6,22,35,1
8,3,44,JLI,3,99,129700,7.969,6.8,18.4,27.4,42.2,125491.5,22,35,1
8,3,44,JLI,3,100,130000,15.56,7.3,15.5,21.8,2347.7,64266.0,22,35,1
8,3,44,JLI,3,101,130300,8.141,7.4,15.6,19.5,73.4,122835.0,22,35,1
8,3,44,JLI,3,102,130600,8.895,8.5,17.5,21.5,22.6,112422.7,22,35,1
8,3,44,JLI,3,103,130900,9.961,9.4,19.7,24.5,47.5,100388.1,22,35,1
8,3,44,JLI,3,104,131200,10.215,9.4,21.1,25.8,26.7,97898.5,22,35,1
8,3,44,JLI,3,105,131500,18.798,9.3,22.5,26.6,2376.7,53197.1,22,35,1
8,3,44,JLI,3,106,131800,10.883,9.9,24.2,29.6,30.8,91889.2,22,35,1
8,3,44,JLI,3,107,132100,11.258,9.8,23.3,32.4,48.3,88825.7,22,35,1
8,3,44,JLI,3,108,132400,12.771,11.5,27.4,36.1,42.2,78300.4,22,35,1
8,3,44,JLI,3,109,132700,13.17,11.9,30.4,34.1,35.8,75932.1,22,35,1
8,3,44,JLI,3,110,133000,13.972,11.9,30.0,38.7,64.0,71571.7,22,35,1
8,3,44,JLI,3,111,133300,24.805,11.8,36.3,50.0,2999.7,40313.9,23,35,1
8,3,44,JLI,3,112,133600,14.009,12.2,32.8,40.8,54.6,71382.7,23,35,1
8,3,44,JLI,3,113,133900,24.828,12.5,36.7,54.0,3063.8,40276.6,23,36,1
8,3,44,JLI,3,114,134200,10.435,5.7,34.1,64.9,79.5,95828.3,23,36,1
8,3,44,JLI,3,115,134500,8.876,5.9,24.7,57.3,58.8,112663.4,23,36,1
8,3,44,JLI,3,116,134800,7.891,6.0,18.8,59.5,62.2,126721.3,23,36,1
8,3,44,JLI,3,117,135100,15.014,5.1,15.8,64.5,2527.2,66603.0,25,36,1
8,3,44,JLI,3,118,135400,4.338,3.5,9.2,18.3,26.6,230503.3,25,36,1
8,3,44,JLI,3,119,135700,4.799,3.8,8.4,25.0,61.5,208376.8,25,36,1
8,3,44,JLI,3,120,136000,5.804,5.1,9.8,33.1,72.9,172285.1,25,36,1
8,3,44,JLI,3,121,136300,5.779,5.2,10.6,23.1,28.3,173030.3,25,36,1
8,3,44,JLI,3,122,136600,14.897,5.6,11.1,23.6,2638.2,67127.6,26,36,1
8,3,44,JLI,3,123,136900,6.985,6.6,13.5,22.1,28.1,143170.7,26,36,1
8,3,44,JLI,3,124,137200,7.651,7.1,14.9,23.9,44.8,130696.2,26,36,1
8,3,44,JLI,3,125,137500,8.295,7.9,16.4,23.3,63.1,120559.4,26,36,1
8,3,44,JLI,3,126,137800,8.994,8.3,18.6,27.2,31.0,111185.2,26,36,1
8,3,44,JLI,3,127,138100,9.228,8.4,19.4,24.4,31.2,108369.7,26,36,1
8,3,44,JLI,3,128,138400,18.09,8.5,20.2,24.5,2650.6,55278.1,27,36,1
8,3,44,JLI,3,129,138700,10.643,9.8,23.4,28.2,80.8,93958.5,27,36,1
8,3,44,JLI,3,130,139000,12.11,11.2,25.9,39.6,66.7,82576.4,27,36,1
8,3,44,JLI,3,131,139300,6.518,3.6,18.7,26.7,51.9,153413.4,27,36,1
8,3,44,JLI,3,132,139600,6.552,4.3,16.7,25.3,27.3,152632.9,27,36,1
8,3,44,JLI,3,133,139900,19.656,6.1,21.6,29.2,3439.6,50875.1,27,37,1
8,3,44,JLI,3,134,140200,7.597,6.2,16.7,24.8,29.5,131636.7,27,37,1
8,3,44,JLI,3,135,140500,9.883,8.2,23.6,32.7,40.5,101187.2,27,37,1
8,3,44,JLI,3,136,140800,19.342,8.6,21.5,31.3,2818.4,51701.0,28,37,1
8,3,44,JLI,3,137,141100,9.278,7.9,19.8,32.6,33.3,107785.7,28,37,1
8,3,44,JLI,3,138,141400,10.804,9.6,23.0,34.6,40.0,92561.2,28,37,1
8,3,44,JLI,3,139,141700,12.34,10.7,29.1,37.6,41.8,81039.5,28,37,1
8,3,44,JLI,3,140,142000,11.618,10.3,24.9,39.0,42.0,86075.8,28,37,1
8,3,44,JLI,3,141,142300,12.652,12.1,26.6,32.3,33.0,79041.0,28,37,1
8,3,44,JLI,3,142,142600,22.854,12.7,32.3,42.4,2598.1,43755.4,29,37,1
8,3,44,JLI,3,143,142900,14.473,13.5,30.4,36.0,42.7,69095.8,29,37,1
8,3,44,JLI,3,144,143200,15.359,14.1,32.9,43.1,56.4,65107.0,29,37,1
8,3,44,JLI,3,145,143500,15.621,14.7,32.8,42.1,44.2,64017.8,29,37,1
8,3,44,JLI,3,146,143800,15.563,14.3,35.0,44.2,55.8,64255.0,29,37,1
8,3,44,JLI,3,147,144100,27.252,15.6,39.1,45.6,3272.5,36694.1,30,37,1
8,3,44,JLI,3,148,144400,18.047,16.2,42.5,52.1,58.2,55410.9,30,37,1
8,3,44,JLI,3,149,144700,19.931,19.2,39.3,52.8,56.0,50172.3,30,37,1
8,3,44,JLI,3,150,145000,18.772,17.2,40.5,48.9,51.6,53271.8,30,37,1
8,3,44,JLI,3,151,145300,20.952,19.5,46.1,63.7,68.1,47728.1,30,37,1
8,3,44,JLI,3,152,145600,19.018,17.5,39.0,50.3,62.2,52581.8,30,37,1
8,3,44,JLI,3,153,145900,20.301,19.3,43.2,52.8,55.6,49257.8,30,37,1
8,3,44,JLI,3,154,146200,29.978,11.9,51.2,77.0,3805.5,33357.4,30,38,1
8,3,44,JLI,3,155,146500,8.458,6.0,19.8,33.1,37.0,118235.9,30,38,1
8,3,44,JLI,3,156,146800,17.042,6.6,22.3,64.5,2211.6,58677.4,31,38,1
8,3,44,JLI,3,157,147100,8.529,6.1,23.2,32.2,100.6,117247.0,31,38,1
8,3,44,JLI,3,158,147400,7.459,6.4,17.9,25.7,66.2,134066.2,31,38,1
8,3,44,JLI,3,159,147700,7.034,5.7,15.4,31.3,64.4,142173.4,31,38,1
8,3,44,JLI,3,160,148000,5.997,4.9,13.1,16.8,62.8,166750.0,31,38,1
8,3,44,JLI,3,161,148300,14.399,4.5,11.7,14.7,2565.4,69449.3,32,38,1
8,3,44,JLI,3,162,148600,10.481,5.0,14.0,23.1,1297.7,95410.8,32,38,1
8,3,44,JLI,3,163,148900,8.479,6.9,17.5,81.7,98.4,117933.8,32,38,1
8,3,44,JLI,3,164,149200,8.67,7.4,17.2,33.3,79.7,115335.8,32,38,1
8,3,44,JLI,3,165,149500,8.059,7.7,15.5,19.2,21.0,124090.0,32,38,1
8,3,44,JLI,3,166,149800,19.966,8.6,19.0,64.0,3219.6,50084.3,33,38,1
8,3,44,JLI,3,167,150000,10.955,9.8,23.7,54.2,78.3,91282.5,33,38,1
8,3,44,SkipList,3,1,100300,5.909,5.3,11.3,16.1,19.9,169233.4,0,0,0
8,3,44,SkipList,3,2,100600,5.387,4.8,9.0,14.0,81.9,185632.1,0,0,0
8,3,44,SkipList,3,3,100900,4.54,4.3,7.9,10.9,11.3,220264.3,0,0,0
8,3,44,SkipList,3,4,101200,4.264,4.0,7.3,9.1,10.7,234521.5,0,0,0
8,3,44,SkipList,3,5,101500,4.149,3.9,7.0,8.4,11.0,241021.8,0,0,0
8,3,44,SkipList,3,6,101800,4.116,3.9,6.9,10.3,11.2,242934.7,0,0,0
8,3,44,SkipList,3,7,102100,3.918,3.8,6.2,8.0,10.3,255210.7,0,0,0
8,3,44,SkipList,3,8,102400,3.799,3.5,6.7,8.3,10.3,263204.0,0,0,0
8,3,44,SkipList,3,9,102700,3.815,3.6,6.6,8.8,10.3,262146.0,0,0,0
8,3,44,SkipList,3,10,103000,5.566,4.5,9.9,18.9,110.3,179651.5,0,0,0
8,3,44,SkipList,3,11,103300,4.43,4.2,7.4,9.9,15.6,225750.6,0,0,0
8,3,44,SkipList,3,12,103600,4.355,4.1,7.9,9.9,12.2,229603.5,0,0,0
8,3,44,SkipList,3,13,103900,3.932,3.8,6.5,8.9,9.2,254323.4,0,0,0
8,3,44,SkipList,3,14,104200,4.007,3.7,7.2,8.9,11.2,249542.4,0,0,0
8,3,44,SkipList,3,15,104500,4.306,3.8,7.2,10.3,79.2,232234.1,0,0,0
8,3,44,SkipList,3,16,104800,3.737,3.6,6.2,7.1,8.2,267594.3,0,0,0
8,3,44,SkipList,3,17,105100,3.532,3.4,5.7,7.9,12.9,283125.8,0,0,0
8,3,44,SkipList,3,18,105400,3.706,3.5,6.0,8.8,9.9,269808.4,0,0,0
8,3,44,SkipList,3,19,105700,3.858,3.6,6.3,8.2,69.4,259179.3,0,0,0
8,3,44,SkipList,3,20,106000,3.617,3.3,6.5,8.8,10.1,276446.7,0,0,0
8,3,44,SkipList,3,21,106300,4.393,3.8,9.1,13.8,31.0,227617.5,0,0,0
8,3,44,SkipList,3,22,106600,4.382,4.1,7.3,10.7,12.2,228223.7,0,0,0
8,3,44,SkipList,3,23,106900,4.27,4.0,7.7,10.6,11.4,234173.8,0,0,0
8,3,44,SkipList,3,24,107200,4.268,3.9,6.7,9.4,83.2,234301.8,0,0,0
8,3,44,SkipList,3,25,107500,3.863,3.8,6.4,8.0,9.9,258843.9,0,0,0
8,3,44,SkipList,3,26,107800,3.799,3.5,6.5,7.9,10.3,263250.3,0,0,0
8,3,44,SkipList,3,27,108100,3.621,3.5,5.8,7.1,9.0,276166.9,0,0,0
8,3,44,SkipList,3,28,108400,3.668,3.5,5.9,8.1,8.5,272653.0,0,0,0
8,3,44,SkipList,3,29,108700,3.851,3.4,5.8,8.2,68.2,259672.8,0,0,0
8,3,44,SkipList,3,30,109000,3.568,3.4,6.1,7.1,7.6,280269.0,0,0,0
8,3,44,SkipList,3,31,109300,3.558,3.3,6.2,7.0,10.2,281030.5,0,0,0
8,3,44,SkipList,3,32,109600,3.79,3.5,6.6,10.4,32.7,263829.1,0,0,0
8,3,44,SkipList,3,33,109900,4.835,4.2,8.5,13.8,95.7,206839.4,0,0,0
8,3,44,SkipList,3,34,110200,4.193,3.9,7.2,8.4,9.8,238511.7,0,0,0
8,3,44,SkipList,3,35,110500,4.055,3.8,7.0,8.5,12.3,246588.9,0,0,0
8,3,44,SkipList,3,36,110800,3.982,3.7,6.5,8.9,11.0,251151.2,0,0,0
8,3,44,SkipList,3,37,111100,3.753,3.5,6.3,7.6,11.2,266453.5,0,0,0
8,3,44,SkipList,3,38,111400,3.86,3.4,6.0,7.7,69.9,259067.4,0,0,0
8,3,44,SkipList,3,39,111700,3.771,3.5,6.3,8.7,10.4,265205.1,0,0,0
8,3,44,SkipList,3,40,112000,3.648,3.5,5.8,7.6,8.4,274097.8,0,0,0
8,3,44,SkipList,3,41,112300,3.64,3.5,5.5,8.7,10.7,274725.4,0,0,0
8,3,44,SkipList,3,42,112600,3.78,3.5,5.6,8.4,66.8,264573.6,0,0,0
8,3,44,SkipList,3,43,112900,3.566,3.3,5.9,7.8,10.4,280426.3,0,0,0
8,3,44,SkipList,3,44,113200,4.292,3.8,8.0,10.8,30.7,232991.6,0,0,0
8,3,44,SkipList,3,45,113500,4.137,3.9,7.0,8.6,11.7,241721.1,0,0,0
8,3,44,SkipList,3,46,113800,4.206,4.0,6.9,10.0,11.3,237755.6,0,0,0
8,3,44,SkipList,3,47,114100,4.027,3.6,6.6,8.2,80.9,248344.3,0,0,0
8,3,44,SkipList,3,48,114400,3.768,3.7,6.1,7.9,8.9,265369.1,0,0,0
8,3,44,SkipList,3,49,114700,3.816,3.6,6.3,8.0,10.2,262031.6,0,0,0
8,3,44,SkipList,3,50,115000,3.516,3.4,5.7,7.3,8.4,284441.1,0,0,0
8,3,44,SkipList,3,51,115300,8.735,3.6,6.0,9.7,1482.4,114486.3,0,0,0
8,3,44,SkipList,3,52,115600,3.702,3.5,6.4,8.1,8.5,270124.3,0,0,0
8,3,44,SkipList,3,53,115900,3.468,3.3,5.8,7.8,8.1,288378.4,0,0,0
8,3,44,SkipList,3,54,116200,3.588,3.5,5.6,8.5,12.1,278680.8,0,0,0
8,3,44,SkipList,3,55,116500,4.303,3.7,7.0,11.0,82.2,232414.0,0,0,0
8,3,44,SkipList,3,56,116800,4.544,4.4,8.0,9.5,13.1,220054.3,0,0,0
8,3,44,SkipList,3,57,117100,5.097,4.8,8.8,13.3,22.1,196206.7,0,0,0
8,3,44,SkipList,3,58,117400,4.672,4.3,8.2,10.4,12.7,214041.0,0,0,0
8,3,44,SkipList,3,59,117700,4.301,4.1,7.4,8.9,9.7,232522.1,0,0,0
8,3,44,SkipList,3,60,118000,4.401,4.0,7.3,13.5,77.6,227238.2,0,0,0
8,3,44,SkipList,3,61,118300,4.098,3.9,7.2,9.0,9.5,244021.5,0,0,0
8,3,44,SkipList,3,62,118600,4.019,3.7,7.1,9.7,10.9,248818.2,0,0,0
8,3,44,SkipList,3,63,118900,3.936,3.8,6.4,8.7,10.9,254043.5,0,0,0
8,3,44,SkipList,3,64,119200,3.927,3.7,6.7,9.0,10.2,254668.9,0,0,0
8,3,44,SkipList,3,65,119500,3.896,3.6,6.6,8.9,10.4,256651.5,0,0,0
8,3,44,SkipList,3,66,119800,5.159,4.5,9.8,17.1,40.6,193823.5,0,0,0
8,3,44,SkipList,3,67,120100,4.333,4.1,7.9,9.4,10.6,230804.7,0,0,0
8,3,44,SkipList,3,68,120400,4.195,4.0,6.8,8.7,10.1,238397.9,0,0,0
8,3,44,SkipList,3,69,120700,4.358,3.8,7.3,9.0,79.6,229445.5,0,0,0
8,3,44,SkipList,3,70,121000,4.003,3.8,6.8,9.2,12.7,249791.9,0,0,0
8,3,44,SkipList,3,71,121300,3.894,3.7,6.5,8.0,13.5,256827.4,0,0,0
8,3,44,SkipList,3,72,121600,3.876,3.7,6.3,8.2,8.4,257998.0,0,0,0
8,3,44,SkipList,3,73,121900,3.606,3.6,5.7,7.6,10.8,277315.7,0,0,0
8,3,44,SkipList,3,74,122200,3.876,3.4,5.9,10.4,70.0,257998.0,0,0,0
8,3,44,SkipList,3,75,122500,3.668,3.4,6.1,8.4,9.5,272652.9,0,0,0
8,3,44,SkipList,3,76,122800,3.65,3.5,6.0,8.4,9.9,273947.5,0,0,0
8,3,44,SkipList,3,77,123100,4.597,4.1,8.8,16.9,27.1,217548.9,0,0,0
8,3,44,SkipList,3,78,123400,4.709,4.2,7.7,9.6,84.7,212374.4,0,0,0
8,3,44,SkipList,3,79,123700,4.038,3.8,6.9,8.4,9.9,247627.0,0,0,0
8,3,44,SkipList,3,80,124000,4.177,4.0,6.9,8.1,10.3,239406.3,0,0,0
8,3,44,SkipList,3,81,124300,4.028,3.7,6.9,8.4,11.0,248262.1,0,0,0
8,3,44,SkipList,3,82,124600,4.287,3.9,7.0,8.7,72.4,233263.2,0,0,0
8,3,44,SkipList,3,83,124900,3.791,3.6,6.7,8.0,8.6,263782.6,0,0,0
8,3,44,SkipList,3,84,125200,3.679,3.5,6.0,8.2,10.9,271788.2,0,0,0
8,3,44,SkipList,3,85,125500,3.73,3.6,6.0,7.8,9.2,268072.6,0,0,0
8,3,44,SkipList,3,86,125800,3.62,3.4,6.1,7.7,7.9,276268.4,0,0,0
8,3,44,SkipList,3,87,126100,3.785,3.5,6.7,9.1,26.6,264200.7,0,0,0
8,3,44,SkipList,3,88,126400,4.866,4.5,9.4,13.1,13.5,205507.6,0,0,0
8,3,44,SkipList,3,89,126700,4.356,4.1,7.4,11.2,14.3,229550.9,0,0,0
8,3,44,SkipList,3,90,127000,4.191,4.0,6.8,9.0,12.6,238606.5,0,0,0
8,3,44,SkipList,3,91,127300,4.426,3.8,7.3,9.3,79.3,225937.6,0,0,0
8,3,44,SkipList,3,92,127600,4.016,3.9,6.4,8.4,10.5,249003.9,0,0,0
8,3,44,SkipList,3,93,127900,4.049,3.9,6.7,8.6,14.8,246994.8,0,0,0
8,3,44,SkipList,3,94,128200,3.791,3.6,6.1,8.1,9.9,263782.7,0,0,0
8,3,44,SkipList,3,95,128500,3.993,3.5,6.7,8.2,67.0,250438.3,0,0,0
8,3,44,SkipList,3,96,128800,3.78,3.7,6.1,8.2,10.5,264550.3,0,0,0
8,3,44,SkipList,3,97,129100,3.756,3.7,6.0,7.7,8.4,266264.3,0,0,0
8,3,44,SkipList,3,98,129400,3.569,3.3,6.2,7.8,10.2,280190.6,0,0,0
8,3,44,SkipList,3,99,129700,5.259,4.6,9.0,14.8,85.6,190162.3,0,0,0
8,3,44,SkipList,3,100,130000,4.561,4.3,7.6,11.5,14.4,219234.2,0,0,0
8,3,44,SkipList,3,101,130300,4.24,4.0,6.9,9.4,9.7,235849.1,0,0,0
8,3,44,SkipList,3,102,130600,4.075,3.9,6.6,8.3,10.6,245398.8,0,0,0
8,3,44,SkipList,3,103,130900,3.924,3.7,6.4,9.0,12.2,254820.4,0,0,0
8,3,44,SkipList,3,104,131200,3.893,3.7,6.4,7.6,10.5,256893.3,0,0,0
8,3,44,SkipList,3,105,131500,3.945,3.8,6.2,9.4,10.9,253464.0,0,0,0
8,3,44,SkipList,3,106,131800,3.765,3.6,6.6,8.3,8.6,265627.7,0,0,0
8,3,44,SkipList,3,107,132100,3.742,3.5,6.3,8.3,9.5,267236.7,0,0,0
8,3,44,SkipList,3,108,132400,361.328,4.6,9.2,12.1,106904.9,2767.6,0,0,0
8,3,44,SkipList,3,109,132700,4.566,4.4,8.0,10.4,11.3,219010.1,0,0,0
8,3,44,SkipList,3,110,133000,4.354,4.2,7.6,10.1,10.7,229691.4,0,0,0
8,3,44,SkipList,3,111,133300,4.208,4.0,7.2,9.0,9.3,237661.4,0,0,0
8,3,44,SkipList,3,112,133600,4.367,4.0,6.9,9.1,72.9,228972.6,0,0,0
8,3,44,SkipList,3,113,133900,3.946,3.8,6.2,8.8,11.7,253421.2,0,0,0
8,3,44,SkipList,3,114,134200,3.906,3.8,6.1,7.7,7.9,255994.5,0,0,0
8,3,44,SkipList,3,115,134500,4.5,4.2,7.8,9.8,12.0,222205.8,0,0,0
8,3,44,SkipList,3,116,134800,5.154,4.9,9.0,11.1,14.2,194036.6,0,0,0
8,3,44,SkipList,3,117,135100,4.813,4.2,7.6,12.3,91.4,207770.6,0,0,0
8,3,44,SkipList,3,118,135400,4.459,4.3,7.8,9.7,13.9,224265.5,0,0,0
8,3,44,SkipList,3,119,135700,4.27,4.0,7.5,10.5,10.9,234192.0,0,0,0
8,3,44,SkipList,3,120,136000,4.233,4.0,7.2,8.8,11.5,236239.1,0,0,0
8,3,44,SkipList,3,121,136300,4.009,3.8,6.6,8.5,12.8,249418.0,0,0,0
8,3,44,SkipList,3,122,136600,4.238,3.7,7.2,9.5,70.5,235960.4,0,0,0
8,3,44,SkipList,3,123,136900,3.824,3.6,6.0,7.9,10.0,261483.5,0,0,0
8,3,44,SkipList,3,124,137200,3.861,3.7,6.5,8.1,12.1,258977.9,0,0,0
8,3,44,SkipList,3,125,137500,3.807,3.7,6.4,8.0,10.0,262651.0,0,0,0
8,3,44,SkipList,3,126,137800,5.18,4.5,8.7,15.9,107.0,193050.2,0,0,0
8,3,44,SkipList,3,127,138100,5.248,4.9,9.3,13.2,16.7,190560.9,0,0,0
8,3,44,SkipList,3,128,138400,5.016,4.7,8.9,12.2,13.7,199362.1,0,0,0
8,3,44,SkipList,3,129,138700,4.568,4.4,7.2,9.1,10.2,218930.1,0,0,0
8,3,44,SkipList,3,130,139000,4.704,4.3,7.2,9.3,93.5,212600.1,0,0,0
8,3,44,SkipList,3,131,139300,4.209,4.1,6.9,8.5,8.9,237604.9,0,0,0
8,3,44,SkipList,3,132,139600,4.13,3.9,6.7,8.7,12.6,242111.3,0,0,0
8,3,44,SkipList,3,133,139900,4.163,3.9,7.5,9.0,10.1,240192.1,0,0,0
8,3,44,SkipList,3,134,140200,4.061,3.8,7.2,8.4,11.4,246265.1,0,0,0
8,3,44,SkipList,3,135,140500,4.229,3.8,6.8,9.7,75.3,236481.2,0,0,0
8,3,44,SkipList,3,136,140800,4.377,4.0,7.4,11.1,36.9,228466.9,0,0,0
8,3,44,SkipList,3,137,141100,5.506,5.0,10.3,16.1,18.3,181631.1,0,0,0
8,3,44,SkipList,3,138,141400,4.818,4.5,8.2,11.0,14.9,207555.0,0,0,0
8,3,44,SkipList,3,139,141700,4.594,4.1,7.4,10.4,89.2,217675.3,0,0,0
8,3,44,SkipList,3,140,142000,4.26,4.0,7.0,11.3,12.7,234723.3,0,0,0
8,3,44,SkipList,3,141,142300,4.062,3.7,7.1,9.6,11.3,246184.1,0,0,0
8,3,44,SkipList,3,142,142600,3.983,3.8,6.5,8.4,10.7,251088.0,0,0,0
8,3,44,SkipList,3,143,142900,4.062,3.9,6.8,8.5,10.3,246204.4,0,0,0
8,3,44,SkipList,3,144,143200,4.029,3.8,6.8,8.7,10.3,248221.0,0,0,0
8,3,44,SkipList,3,145,143500,4.294,3.8,7.0,8.5,80.2,232901.1,0,0,0
8,3,44,SkipList,3,146,143800,4.252,3.9,7.2,11.3,28.9,235201.9,0,0,0
8,3,44,SkipList,3,147,144100,4.833,4.5,8.3,11.2,15.7,206896.5,0,0,0
8,3,44,SkipList,3,148,144400,4.459,4.2,7.7,11.6,13.0,224248.7,0,0,0
8,3,44,SkipList,3,149,144700,4.678,4.2,7.5,13.1,84.9,213751.4,0,0,0
8,3,44,SkipList,3,150,145000,4.095,3.9,6.5,7.8,11.8,244180.4,0,0,0
8,3,44,SkipList,3,151,145300,4.148,3.9,6.7,9.1,12.4,241080.0,0,0,0
8,3,44,SkipList,3,152,145600,3.877,3.7,6.2,7.6,11.6,257953.6,0,0,0
8,3,44,SkipList,3,153,145900,3.875,3.6,6.7,9.6,10.5,258086.8,0,0,0
8,3,44,SkipList,3,154,146200,4.261,3.9,6.6,8.9,70.6,234668.4,0,0,0
8,3,44,SkipList,3,155,146500,3.875,3.7,6.4,7.9,8.4,258064.5,0,0,0
8,3,44,SkipList,3,156,146800,3.692,3.5,5.9,7.4,8.1,270831.4,0,0,0
8,3,44,SkipList,3,157,147100,4.645,4.2,8.7,14.7,22.2,215269.8,0,0,0
8,3,44,SkipList,3,158,147400,5.612,4.9,9.0,14.5,101.9,178179.0,0,0,0
8,3,44,SkipList,3,159,147700,4.848,4.5,8.4,11.0,12.8,206270.6,0,0,0
8,3,44,SkipList,3,160,148000,4.308,4.1,7.3,8.8,9.9,232126.2,0,0,0
8,3,44,SkipList,3,161,148300,4.246,4.0,7.0,9.7,10.1,235534.3,0,0,0
8,3,44,SkipList,3,162,148600,9.822,4.2,7.3,10.0,1651.8,101815.7,0,0,0
8,3,44,SkipList,3,163,148900,4.099,3.9,6.7,9.2,10.6,243961.9,0,0,0
8,3,44,SkipList,3,164,149200,3.762,3.6,6.5,7.5,8.4,265816.1,0,0,0
8,3,44,SkipList,3,165,149500,3.961,3.8,6.6,9.0,9.8,252482.7,0,0,0
8,3,44,SkipList,3,166,149800,3.773,3.6,6.2,7.7,14.2,265064.6,0,0,0
8,3,44,SkipList,3,167,150000,5.637,4.6,10.8,39.8,81.2,177383.7,0,0,0
8,3,44,JLI,4,1,150300,13.016,11.1,29.0,44.3,200.8,76826.5,33,38,1
8,3,44,JLI,4,2,150600,11.419,10.9,24.1,27.1,43.8,87575.9,33,38,1
8,3,44,JLI,4,3,150900,12.195,11.3,26.1,31.2,46.8,81998.6,33,38,1
8,3,44,JLI,4,4,151200,13.748,11.9,28.7,34.1,122.1,72736.1,33,38,1
8,3,44,JLI,4,5,151500,27.088,13.1,29.8,47.4,3857.0,36917.2,34,38,1
8,3,44,JLI,4,6,151800,13.886,12.9,28.2,35.9,40.2,72016.7,34,38,1
8,3,44,JLI,4,7,152100,25.54,10.5,35.9,77.6,3271.5,39154.3,34,39,1
8,3,44,JLI,4,8,152400,5.794,3.7,19.8,62.8,68.4,172592.3,34,39,1
8,3,44,JLI,4,9,152700,4.887,3.9,8.0,26.8,61.1,204610.6,34,39,1
8,3,44,JLI,4,10,153000,5.242,4.6,8.7,26.3,70.6,190766.9,34,39,1
8,3,44,JLI,4,11,153300,15.074,5.5,10.8,32.9,2620.6,66339.4,34,39,1
8,3,44,JLI,4,12,153600,6.72,6.0,11.9,27.8,63.2,148809.5,34,39,1
8,3,44,JLI,4,13,153900,8.66,7.6,16.4,44.8,91.7,115473.4,34,39,1
8,3,44,JLI,4,14,154200,8.601,7.7,16.6,27.5,84.7,116261.0,34,39,1
8,3,44,JLI,4,15,154500,9.337,8.5,18.2,28.5,72.1,107104.6,34,39,1
8,3,44,JLI,4,16,154800,19.099,9.0,21.6,29.4,2778.6,52358.8,34,39,1
8,3,44,JLI,4,17,155100,10.286,9.4,22.7,30.5,35.2,97216.3,34,39,1
8,3,44,JLI,4,18,155400,11.123,9.5,24.9,28.1,83.0,89903.8,34,39,1
8,3,44,JLI,4,19,155700,11.186,10.0,27.2,29.9,30.9,89397.5,34,39,1
8,3,44,JLI,4,20,156000,12.065,11.6,27.9,31.1,31.9,82882.1,34,39,1
8,3,44,JLI,4,21,156300,13.658,12.8,29.1,35.4,36.0,73217.2,34,39,1
8,3,44,JLI,4,22,156600,25.094,14.1,33.1,44.6,3060.7,39850.7,34,39,1
8,3,44,JLI,4,23,156900,14.679,14.0,34.1,36.0,37.2,68124.5,34,39,1
8,3,44,JLI,4,24,157200,14.408,12.7,33.3,41.1,56.6,69405.9,34,39,1
8,3,44,JLI,4,25,157500,17.851,16.1,38.2,47.9,119.6,56018.2,34,39,1
8,3,44,JLI,4,26,157800,16.523,15.5,37.9,47.5,48.0,60521.7,34,39,1
8,3,44,JLI,4,27,158100,29.923,16.1,41.3,47.8,3901.8,33419.1,34,40,1
8,3,44,JLI,4,28,158400,15.676,5.1,22.8,59.7,2333.7,63791.8,34,40,1
8,3,44,JLI,4,29,158700,6.994,5.3,17.4,62.0,90.0,142986.5,34,40,1
8,3,44,JLI,4,30,159000,5.397,5.1,10.1,14.5,21.9,185288.1,34,40,1
8,3,44,JLI,4,31,159300,5.507,4.8,11.8,14.3,23.7,181598.1,34,40,1
8,3,44,JLI,4,32,159600,7.048,6.4,15.3,18.8,23.0,141890.9,34,40,1
8,3,44,JLI,4,33,159900,15.995,6.5,18.0,24.0,2477.3,62520.8,34,40,1
8,3,44,JLI,4,34,160200,8.353,7.1,19.2,22.9,24.1,119712.7,34,40,1
8,3,44,JLI,4,35,160500,8.948,7.8,20.1,23.6,24.2,111756.8,34,40,1
8,3,44,JLI,4,36,160800,8.954,6.9,19.8,29.0,84.7,111682.0,34,40,1
8,3,44,JLI,4,37,161100,10.437,8.1,26.1,30.3,40.4,95809.9,34,40,1
8,3,44,JLI,4,38,161400,11.879,9.4,28.4,33.9,91.5,84184.5,34,40,1
8,3,44,JLI,4,39,161700,20.568,10.3,32.3,35.9,2483.6,48620.0,34,40,1
8,3,44,JLI,4,40,162000,12.02,9.1,32.2,37.8,41.2,83197.0,34,40,1
8,3,44,JLI,4,41,162300,14.006,11.1,32.6,52.9,58.1,71399.7,34,40,1
8,3,44,JLI,4,42,162600,13.123,10.9,30.7,42.8,43.9,76200.1,34,40,1
8,3,44,JLI,4,43,162900,14.3,11.3,39.2,47.4,47.5,69931.7,34,40,1
8,3,44,JLI,4,44,163200,24.271,12.3,38.9,68.5,2720.8,41201.4,34,40,1
8,3,44,JLI,4,45,163500,15.668,12.6,37.6,50.5,61.9,63823.0,34,40,1
8,3,44,JLI,4,46,163800,17.841,14.1,48.0,56.1,90.7,56050.7,34,40,1
8,3,44,JLI,4,47,164100,20.57,15.0,52.5,66.5,364.6,48613.7,34,40,1
8,3,44,JLI,4,48,164400,25.894,5.7,49.7,68.0,3783.5,38619.0,34,41,1
8,3,44,JLI,4,49,164700,5.603,4.9,10.4,17.8,23.7,178465.2,34,41,1
8,3,44,JLI,4,50,165000,12.658,5.5,13.0,21.8,1892.5,79001.4,35,41,1
8,3,44,JLI,4,51,165300,7.27,5.4,21.3,33.1,111.2,137551.6,35,41,1
8,3,44,JLI,4,52,165600,6.476,5.7,12.2,20.3,87.7,154408.3,35,41,1
8,3,44,JLI,4,53,165900,5.058,4.5,10.0,12.8,34.3,197706.6,35,41,1
8,3,44,JLI,4,54,166200,6.086,5.6,11.8,30.0,31.3,164320.5,35,41,1
8,3,44,JLI,4,55,166500,7.113,6.0,14.9,29.5,71.9,140581.1,35,41,1
8,3,44,JLI,4,56,166800,19.203,7.0,20.5,50.8,2467.2,52076.1,35,41,1
8,3,44,JLI,4,57,167100,8.605,7.0,19.1,41.9,99.0,116207.0,35,41,1
8,3,44,JLI,4,58,167400,8.631,7.1,20.0,30.7,69.8,115861.4,35,41,1
8,3,44,JLI,4,59,167700,9.71,8.0,23.3,31.8,46.9,102990.1,35,41,1
8,3,44,JLI,4,60,168000,10.306,8.7,26.7,30.5,32.2,97027.7,35,41,1
8,3,44,JLI,4,61,168300,29.262,9.6,33.4,95.5,4716.4,34173.6,35,41,1
8,3,44,JLI,4,62,168600,11.175,9.3,28.2,32.2,34.0,89482.8,35,41,1
8,3,44,JLI,4,63,168900,11.516,9.3,30.9,35.5,35.7,86833.2,35,41,1
8,3,44,JLI,4,64,169200,13.455,10.9,34.3,53.3,60.2,74323.7,35,41,1
8,3,44,JLI,4,65,169500,13.516,10.7,34.1,59.6,81.5,73988.2,35,41,1
8,3,44,JLI,4,66,169800,13.23,11.5,30.8,41.5,55.9,75587.7,35,41,1
8,3,44,JLI,4,67,170100,15.123,13.3,35.6,43.1,71.9,66123.0,35,41,1
8,3,44,JLI,4,68,170400,30.05,9.3,44.8,69.4,4578.4,33277.9,35,42,1
8,3,44,JLI,4,69,170700,13.364,4.3,7.7,67.8,2272.0,74827.9,35,42,1
8,3,44,JLI,4,70,171000,5.341,4.6,9.5,28.6,67.5,187219.1,35,42,1
8,3,44,JLI,4,71,171300,6.364,6.1,12.0,14.4,18.0,157125.6,35,42,1
8,3,44,JLI,4,72,171600,9.159,7.6,16.5,50.1,93.6,109178.3,35,42,1
8,3,44,JLI,4,73,171900,8.893,7.8,19.1,23.1,46.0,112443.8,35,42,1
8,3,44,JLI,4,74,172200,9.656,8.3,21.1,25.1,27.1,103566.1,35,42,1
8,3,44,JLI,4,75,172500,22.267,9.9,26.1,34.7,3295.4,44909.5,35,42,1
8,3,44,JLI,4,76,172800,11.746,9.9,25.8,32.6,34.8,85132.9,35,42,1
8,3,44,JLI,4,77,173100,13.286,10.7,31.8,36.5,122.7,75269.1,35,42,1
8,3,44,JLI,4,78,173400,13.926,11.4,32.9,37.0,38.6,71808.1,35,42,1
8,3,44,JLI,4,79,173700,14.729,13.7,34.2,42.4,42.8,67891.7,35,42,1
8,3,44,JLI,4,80,174000,26.572,13.4,39.5,47.4,3239.1,37634.1,35,42,1
8,3,44,JLI,4,81,174300,16.016,13.2,37.3,44.3,46.2,62436.3,35,42,1
8,3,44,JLI,4,82,174600,19.047,16.8,40.8,52.7,55.0,52500.8,35,42,1
8,3,44,JLI,4,83,174900,19.172,16.2,44.8,55.8,58.3,52159.4,35,42,1
8,3,44,JLI,4,84,175200,20.976,17.8,51.3,58.4,59.8,47672.8,35,42,1
8,3,44,JLI,4,85,175500,22.162,19.1,53.4,66.1,107.5,45123.0,35,42,1
8,3,44,JLI,4,86,175800,32.75,19.8,51.9,67.4,3120.0,30534.4,35,42,1
8,3,44,JLI,4,87,176100,27.87,19.3,58.6,70.2,1331.0,35880.9,35,42,1
8,3,44,JLI,4,88,176400,28.937,8.2,63.8,72.4,3556.5,34557.8,35,43,1
8,3,44,JLI,4,89,176700,6.862,5.3,10.7,68.2,110.9,145737.2,35,43,1
8,3,44,JLI,4,90,177000,7.545,6.2,12.7,34.0,92.3,132543.9,35,43,1
8,3,44,JLI,4,91,177300,19.641,7.1,15.2,38.9,3412.7,50913.0,35,43,1
8,3,44,JLI,4,92,177600,9.327,5.3,30.9,64.9,90.6,107211.8,35,43,1
8,3,44,JLI,4,93,177900,6.114,5.5,10.1,20.3,32.3,163568.0,35,43,1
8,3,44,JLI,4,94,178200,7.94,7.4,14.5,31.5,32.7,125939.3,35,43,1
8,3,44,JLI,4,95,178500,9.4,8.4,17.2,46.6,85.1,106379.2,35,43,1
8,3,44,JLI,4,96,178800,10.422,9.5,20.9,23.4,32.8,95950.9,35,43,1
8,3,44,JLI,4,97,179100,21.292,8.5,25.6,31.1,3271.9,46966.0,36,43,1
8,3,44,JLI,4,98,179400,7.501,6.3,13.1,34.9,107.1,133309.7,36,43,1
8,3,44,JLI,4,99,179700,6.926,6.1,12.6,23.1,89.1,144390.4,36,43,1
8,3,44,JLI,4,100,180000,7.425,6.6,13.9,32.1,41.1,134686.1,36,43,1
8,3,44,JLI,4,101,180300,8.301,7.3,15.4,30.9,33.2,120467.4,36,43,1
8,3,44,JLI,4,102,180600,9.198,8.2,17.8,31.0,36.2,108723.2,36,43,1
8,3,44,JLI,4,103,180900,19.133,8.0,18.5,35.9,2940.4,52266.6,36,43,1
8,3,44,JLI,4,104,181200,9.833,9.1,18.4,21.5,22.3,101698.4,36,43,1
8,3,44,JLI,4,105,181500,10.887,10.5,20.3,24.6,43.2,91852.7,36,43,1
8,3,44,JLI,4,106,181800,11.561,10.5,22.9,34.1,69.2,86500.2,36,43,1
8,3,44,JLI,4,107,182100,11.993,10.5,24.5,28.0,38.0,83382.0,36,43,1
8,3,44,JLI,4,108,182400,27.96,9.3,49.7,88.2,3779.3,35765.8,36,44,1
8,3,44,JLI,4,109,182700,5.804,3.5,14.3,61.2,68.6,172285.0,36,44,1
8,3,44,JLI,4,110,183000,5.659,4.6,8.4,61.8,66.9,176699.2,36,44,1
8,3,44,JLI,4,111,183300,14.565,5.6,10.8,66.1,2502.6,68657.7,36,44,1
8,3,44,JLI,4,112,183600,7.479,6.1,15.3,23.6,102.7,133701.7,36,44,1
8,3,44,JLI,4,113,183900,8.628,7.8,17.0,66.4,81.1,115901.7,36,44,1
8,3,44,JLI,4,114,184200,9.248,7.5,19.4,27.6,71.0,108127.6,36,44,1
8,3,44,JLI,4,115,184500,10.074,8.7,22.3,27.1,91.3,99262.2,36,44,1
8,3,44,JLI,4,116,184800,11.092,9.9,25.2,28.8,32.7,90152.3,36,44,1
8,3,44,JLI,4,117,185100,24.086,10.6,28.5,68.1,3503.4,41517.3,36,44,1
8,3,44,JLI,4,118,185400,12.288,10.1,25.8,35.2,78.1,81378.0,36,44,1
8,3,44,JLI,4,119,185700,14.727,12.4,34.5,40.6,41.5,67904.0,36,44,1
8,3,44,JLI,4,120,186000,15.435,12.8,37.6,44.2,46.8,64786.4,36,44,1
8,3,44,JLI,4,121,186300,14.816,11.4,40.8,46.4,48.7,67493.1,36,44,1
8,3,44,JLI,4,122,186600,30.782,15.8,47.4,99.0,3408.2,32486.5,36,44,1
8,3,44,JLI,4,123,186900,20.161,14.6,53.0,79.1,183.2,49600.7,36,44,1
8,3,44,JLI,4,124,187200,18.036,14.6,42.4,54.3,59.7,55445.7,36,44,1
8,3,44,JLI,4,125,187500,20.569,16.7,49.5,62.7,63.0,48616.9,36,44,1
8,3,44,JLI,4,126,187800,22.293,18.1,60.2,68.2,70.1,44856.5,36,44,1
8,3,44,JLI,4,127,188100,23.722,17.6,64.1,87.7,155.7,42155.0,36,44,1
8,3,44,JLI,4,128,188400,36.054,19.2,60.8,76.9,3840.2,27736.4,36,45,1
8,3,44,JLI,4,129,188700,6.197,4.6,8.3,63.9,90.8,161368.5,36,45,1
8,3,44,JLI,4,130,189000,16.651,5.9,12.0,39.8,2983.7,60056.5,36,45,1
8,3,44,JLI,4,131,189300,8.902,7.5,15.5,73.4,101.3,112330.1,36,45,1
8,3,44,JLI,4,132,189600,11.636,8.8,26.6,65.8,96.0,85942.7,36,45,1
8,3,44,JLI,4,133,189900,7.274,4.8,19.3,64.4,67.1,137475.9,36,45,1
8,3,44,JLI,4,134,190200,6.952,5.8,11.6,27.3,70.7,143836.6,36,45,1
8,3,44,JLI,4,135,190500,8.143,7.3,14.1,27.3,80.0,122799.8,36,45,1
8,3,44,JLI,4,136,190800,19.865,8.2,17.1,36.7,3259.1,50339.0,36,45,1
8,3,44,JLI,4,137,191100,8.96,8.0,18.2,20.8,72.8,111603.0,36,45,1
8,3,44,JLI,4,138,191400,9.629,9.3,20.2,25.6,29.7,103852.9,36,45,1
8,3,44,JLI,4,139,191700,10.9,10.4,22.8,27.4,55.8,91743.1,36,45,1
8,3,44,JLI,4,140,192000,13.707,12.0,29.3,37.6,127.8,72957.2,36,45,1
8,3,44,JLI,4,141,192300,26.131,12.3,32.8,41.0,3583.8,38268.2,36,45,1
8,3,44,JLI,4,142,192600,13.562,11.8,32.8,38.0,38.8,73737.3,36,45,1
8,3,44,JLI,4,143,192900,16.308,14.1,37.7,43.8,53.9,61319.6,36,45,1
8,3,44,JLI,4,144,193200,17.268,15.2,41.5,47.4,93.1,57910.6,36,45,1
8,3,44,JLI,4,145,193500,17.75,15.5,43.9,50.3,51.0,56337.0,36,45,1
8,3,44,JLI,4,146,193800,19.046,17.3,47.0,53.0,79.3,52503.5,36,45,1
8,3,44,JLI,4,147,194100,19.552,16.4,50.5,58.0,69.5,51146.5,36,45,1
8,3,44,JLI,4,148,194400,20.446,16.6,53.9,62.7,65.2,48910.1,36,45,1
8,3,44,JLI,4,149,194700,23.005,5.1,34.7,70.4,4311.9,43468.8,36,46,1
8,3,44,JLI,4,150,195000,13.769,4.9,9.7,22.8,2481.5,72628.7,37,46,1
8,3,44,JLI,4,151,195300,5.858,5.1,10.0,22.1,69.2,170697.0,37,46,1
8,3,44,JLI,4,152,195600,6.786,5.9,12.8,25.5,103.5,147355.0,37,46,1
8,3,44,JLI,4,153,195900,7.561,6.7,15.6,24.1,39.7,132251.8,37,46,1
8,3,44,JLI,4,154,196200,7.85,6.9,16.3,19.9,21.3,127394.0,37,46,1
8,3,44,JLI,4,155,196500,18.546,7.4,17.8,75.5,2991.1,53921.0,38,46,1
8,3,44,JLI,4,156,196800,6.592,6.2,11.7,15.9,18.1,151706.7,38,46,1
8,3,44,JLI,4,157,197100,8.062,7.1,14.7,26.4,29.2,124038.7,38,46,1
8,3,44,JLI,4,158,197400,8.685,8.1,16.0,26.1,31.8,115141.0,38,46,1
8,3,44,JLI,4,159,197700,8.556,7.5,15.8,20.2,56.9,116881.6,38,46,1
8,3,44,JLI,4,160,198000,9.232,8.1,17.0,24.1,53.4,108315.0,38,46,1
8,3,44,JLI,4,161,198300,19.752,8.3,18.5,20.1,3109.6,50628.6,38,46,1
8,3,44,JLI,4,162,198600,10.367,8.5,21.1,38.2,67.5,96463.0,38,46,1
8,3,44,JLI,4,163,198900,10.165,9.0,20.8,25.1,28.5,98380.0,38,46,1
8,3,44,JLI,4,164,199200,11.355,10.0,22.8,27.8,30.4,88066.9,38,46,1
8,3,44,JLI,4,165,199500,10.92,9.6,22.8,26.5,30.0,91572.3,38,46,1
8,3,44,JLI,4,166,199800,11.373,8.9,24.4,38.0,137.8,87927.6,38,46,1
8,3,44,JLI,4,167,200000,31.092,9.6,28.1,67.2,3819.6,32163.1,38,46,1
8,3,44,SkipList,4,1,150300,6.258,6.0,11.1,16.7,17.9,159787.0,0,0,0
8,3,44,SkipList,4,2,150600,5.672,5.1,9.6,12.8,70.5,176304.6,0,0,0
8,3,44,SkipList,4,3,150900,5.04,4.7,9.0,10.9,13.0,198399.6,0,0,0
8,3,44,SkipList,4,4,151200,4.551,4.3,8.2,10.1,15.2,219731.8,0,0,0
8,3,44,SkipList,4,5,151500,4.285,4.1,7.2,9.3,11.3,233390.4,0,0,0
8,3,44,SkipList,4,6,151800,5.287,4.9,9.1,13.6,16.9,189155.1,0,0,0
8,3,44,SkipList,4,7,152100,5.411,4.7,9.1,16.2,103.7,184797.3,0,0,0
8,3,44,SkipList,4,8,152400,4.633,4.5,7.4,12.3,13.0,215842.9,0,0,0
8,3,44,SkipList,4,9,152700,4.447,4.2,7.8,9.7,11.7,224853.9,0,0,0
8,3,44,SkipList,4,10,153000,4.353,4.1,7.2,9.7,13.1,229726.6,0,0,0
8,3,44,SkipList,4,11,153300,8.803,4.1,7.6,11.4,1335.3,113597.6,0,0,0
8,3,44,SkipList,4,12,153600,4.425,4.1,7.2,10.0,15.4,226005.7,0,0,0
8,3,44,SkipList,4,13,153900,4.195,4.0,6.7,7.9,12.1,238397.9,0,0,0
8,3,44,SkipList,4,14,154200,4.027,3.8,7.0,8.2,12.8,248323.8,0,0,0
8,3,44,SkipList,4,15,154500,4.264,3.9,7.2,11.3,37.1,234521.6,0,0,0
8,3,44,SkipList,4,16,154800,5.138,4.5,8.5,12.3,104.7,194628.2,0,0,0
8,3,44,SkipList,4,17,155100,4.289,4.1,7.3,10.4,11.5,233154.6,0,0,0
8,3,44,SkipList,4,18,155400,4.039,4.0,6.8,8.6,10.7,247606.5,0,0,0
8,3,44,SkipList,4,19,155700,4.031,3.7,6.8,9.0,11.0,248056.8,0,0,0
8,3,44,SkipList,4,20,156000,4.158,3.8,7.2,11.0,25.4,240500.2,0,0,0
8,3,44,SkipList,4,21,156300,4.177,3.8,6.7,8.7,67.6,239425.4,0,0,0
8,3,44,SkipList,4,22,156600,3.955,3.6,6.6,9.2,13.5,252823.1,0,0,0
8,3,44,SkipList,4,23,156900,3.814,3.6,6.6,9.8,10.3,262169.1,0,0,0
8,3,44,SkipList,4,24,157200,3.89,3.7,6.6,8.3,10.8,257047.4,0,0,0
8,3,44,SkipList,4,25,157500,4.007,3.6,6.1,9.8,70.6,249542.5,0,0,0
8,3,44,SkipList,4,26,157800,3.842,3.7,6.3,7.2,11.0,260258.6,0,0,0
8,3,44,SkipList,4,27,158100,4.602,4.2,8.1,11.4,12.0,217296.8,0,0,0
8,3,44,SkipList,4,28,158400,4.745,4.4,8.4,10.7,12.6,210762.8,0,0,0
8,3,44,SkipList,4,29,158700,4.731,4.5,7.9,10.4,12.1,211386.7,0,0,0
8,3,44,SkipList,4,30,159000,4.706,4.0,8.2,11.0,85.5,212479.6,0,0,0
8,3,44,SkipList,4,31,159300,4.072,3.8,7.0,8.4,11.7,245579.6,0,0,0
8,3,44,SkipList,4,32,159600,4.035,3.9,6.5,8.3,9.0,247851.9,0,0,0
8,3,44,SkipList,4,33,159900,4.244,4.0,7.2,8.9,10.9,235608.3,0,0,0
8,3,44,SkipList,4,34,160200,4.1,3.9,7.4,9.0,11.2,243902.4,0,0,0
8,3,44,SkipList,4,35,160500,3.955,3.8,6.6,9.0,10.0,252823.2,0,0,0
8,3,44,SkipList,4,36,160800,3.94,3.8,6.5,8.4,9.8,253828.5,0,0,0
8,3,44,SkipList,4,37,161100,6.75,6.2,13.0,20.2,26.4,148140.8,0,0,0
8,3,44,SkipList,4,38,161400,6.113,5.7,10.3,13.8,19.1,163594.8,0,0,0
8,3,44,SkipList,4,39,161700,4.86,4.4,7.9,11.9,88.0,205747.3,0,0,0
8,3,44,SkipList,4,40,162000,4.417,4.2,7.5,9.0,9.8,226415.1,0,0,0
8,3,44,SkipList,4,41,162300,4.376,4.1,7.2,9.8,13.1,228536.6,0,0,0
8,3,44,SkipList,4,42,162600,4.28,4.0,6.9,8.7,11.6,233663.1,0,0,0
8,3,44,SkipList,4,43,162900,4.386,3.9,7.4,10.3,82.7,228015.4,0,0,0
8,3,44,SkipList,4,44,163200,4.108,3.7,7.3,8.7,12.0,243447.1,0,0,0
8,3,44,SkipList,4,45,163500,3.979,3.9,6.3,8.7,11.7,251340.5,0,0,0
8,3,44,SkipList,4,46,163800,4.13,3.7,7.1,10.0,32.1,242150.2,0,0,0
8,3,44,SkipList,4,47,164100,4.932,4.5,9.0,15.1,22.0,202771.3,0,0,0
8,3,44,SkipList,4,48,164400,5.42,4.6,9.7,17.9,109.3,184490.5,0,0,0
8,3,44,SkipList,4,49,164700,4.964,4.7,9.0,10.9,14.0,201464.0,0,0,0
8,3,44,SkipList,4,50,165000,4.653,4.4,7.8,10.8,16.0,214899.7,0,0,0
8,3,44,SkipList,4,51,165300,4.488,4.3,7.7,10.2,10.4,222816.4,0,0,0
8,3,44,SkipList,4,52,165600,4.264,4.0,7.3,9.0,14.8,234521.6,0,0,0
8,3,44,SkipList,4,53,165900,4.61,4.1,7.4,10.0,80.5,216935.4,0,0,0
8,3,44,SkipList,4,54,166200,4.19,3.9,7.2,8.1,9.1,238663.5,0,0,0
8,3,44,SkipList,4,55,166500,4.273,4.0,7.3,9.3,10.8,234009.3,0,0,0
8,3,44,SkipList,4,56,166800,3.96,3.8,6.5,7.7,11.4,252546.5,0,0,0
8,3,44,SkipList,4,57,167100,4.796,4.0,8.5,16.0,86.7,208507.1,0,0,0
8,3,44,SkipList,4,58,167400,4.823,4.5,8.3,12.1,13.2,207354.2,0,0,0
8,3,44,SkipList,4,59,167700,4.503,4.3,7.5,8.5,13.6,222057.7,0,0,0
8,3,44,SkipList,4,60,168000,4.483,4.2,7.8,10.7,12.2,223048.3,0,0,0
8,3,44,SkipList,4,61,168300,4.224,4.0,7.2,8.0,9.2,236761.2,0,0,0
8,3,44,SkipList,4,62,168600,4.514,4.0,7.2,10.5,79.9,221549.4,0,0,0
8,3,44,SkipList,4,63,168900,3.975,3.8,6.6,8.5,10.4,251572.4,0,0,0
8,3,44,SkipList,4,64,169200,3.883,3.7,6.6,9.5,9.9,257554.9,0,0,0
8,3,44,SkipList,4,65,169500,3.841,3.7,6.3,7.6,8.8,260326.2,0,0,0
8,3,44,SkipList,4,66,169800,4.074,3.9,7.1,8.9,10.0,245459.0,0,0,0
8,3,44,SkipList,4,67,170100,10.574,4.2,8.8,14.2,1771.5,94568.6,0,0,0
8,3,44,SkipList,4,68,170400,4.625,4.3,8.1,11.2,13.9,216200.6,0,0,0
8,3,44,SkipList,4,69,170700,4.203,4.0,7.2,8.3,10.7,237925.3,0,0,0
8,3,44,SkipList,4,70,171000,4.11,3.9,6.9,8.1,9.7,243308.9,0,0,0
8,3,44,SkipList,4,71,171300,4.464,4.0,7.4,9.0,76.9,224031.0,0,0,0
8,3,44,SkipList,4,72,171600,3.859,3.7,6.1,8.0,10.8,259134.6,0,0,0
8,3,44,SkipList,4,73,171900,3.877,3.8,7.1,8.0,10.2,257909.2,0,0,0
8,3,44,SkipList,4,74,172200,3.861,3.6,6.5,7.4,10.3,258978.0,0,0,0
8,3,44,SkipList,4,75,172500,4.253,3.8,6.8,9.2,69.8,235128.1,0,0,0
8,3,44,SkipList,4,76,172800,3.907,3.7,6.7,9.4,10.9,255972.6,0,0,0
8,3,44,SkipList,4,77,173100,4.147,3.8,7.3,10.4,21.2,241138.2,0,0,0
8,3,44,SkipList,4,78,173400,4.561,4.2,8.5,12.0,16.7,219266.2,0,0,0
8,3,44,SkipList,4,79,173700,4.16,4.0,6.5,8.1,8.7,240365.3,0,0,0
8,3,44,SkipList,4,80,174000,4.048,3.8,7.0,10.0,11.0,247056.0,0,0,0
8,3,44,SkipList,4,81,174300,3.905,3.6,6.5,9.1,10.4,256082.0,0,0,0
8,3,44,SkipList,4,82,174600,3.83,3.6,6.7,8.1,9.1,261119.4,0,0,0
8,3,44,SkipList,4,83,174900,3.842,3.7,6.5,8.4,9.9,260303.7,0,0,0
8,3,44,SkipList,4,84,175200,4.148,3.7,7.0,10.1,67.2,241080.1,0,0,0
8,3,44,SkipList,4,85,175500,3.748,3.6,6.2,8.4,10.5,266809.1,0,0,0
8,3,44,SkipList,4,86,175800,3.681,3.5,6.1,7.6,8.1,271665.3,0,0,0
8,3,44,SkipList,4,87,176100,3.716,3.5,6.1,7.1,27.6,269130.7,0,0,0
8,3,44,SkipList,4,88,176400,3.794,3.7,6.1,7.4,9.3,263597.3,0,0,0
8,3,44,SkipList,4,89,176700,5.081,4.4,8.1,16.0,104.0,196824.6,0,0,0
8,3,44,SkipList,4,90,177000,4.454,4.1,7.4,10.8,11.1,224517.3,0,0,0
8,3,44,SkipList,4,91,177300,4.239,3.9,7.1,8.6,14.8,235886.1,0,0,0
8,3,44,SkipList,4,92,177600,4.189,4.0,6.9,10.8,11.1,238701.5,0,0,0
8,3,44,SkipList,4,93,177900,4.138,3.7,7.3,10.0,13.3,241682.1,0,0,0
8,3,44,SkipList,4,94,178200,4.143,3.7,6.8,11.4,64.4,241390.5,0,0,0
8,3,44,SkipList,4,95,178500,3.964,3.8,6.7,9.6,12.4,252291.6,0,0,0
8,3,44,SkipList,4,96,178800,3.955,3.7,6.5,9.4,9.7,252865.8,0,0,0
8,3,44,SkipList,4,97,179100,3.9,3.7,6.4,8.9,10.1,256410.2,0,0,0
8,3,44,SkipList,4,98,179400,4.056,3.5,6.4,9.0,69.3,246528.1,0,0,0
8,3,44,SkipList,4,99,179700,4.049,3.7,6.9,8.8,42.9,246954.2,0,0,0
8,3,44,SkipList,4,100,180000,4.703,4.4,8.2,12.1,18.4,212645.4,0,0,0
8,3,44,SkipList,4,101,180300,4.264,4.0,7.1,10.6,11.1,234503.3,0,0,0
8,3,44,SkipList,4,102,180600,4.35,4.2,7.1,10.7,13.8,229885.1,0,0,0
8,3,44,SkipList,4,103,180900,4.256,3.8,6.5,9.7,66.5,234962.4,0,0,0
8,3,44,SkipList,4,104,181200,4.113,3.9,7.0,8.4,10.9,243131.5,0,0,0
8,3,44,SkipList,4,105,181500,3.886,3.8,6.5,8.2,10.4,257356.1,0,0,0
8,3,44,SkipList,4,106,181800,3.785,3.6,6.3,7.8,8.1,264224.0,0,0,0
8,3,44,SkipList,4,107,182100,4.025,3.6,6.5,8.7,62.9,248426.6,0,0,0
8,3,44,SkipList,4,108,182400,3.713,3.5,6.0,7.8,10.5,269348.1,0,0,0
8,3,44,SkipList,4,109,182700,3.721,3.6,6.3,7.4,9.8,268744.9,0,0,0
8,3,44,SkipList,4,110,183000,3.744,3.7,5.9,7.2,8.3,267094.0,0,0,0
8,3,44,SkipList,4,111,183300,5.165,4.8,9.6,13.6,16.5,193598.3,0,0,0
8,3,44,SkipList,4,112,183600,5.13,4.6,8.7,10.6,83.9,194919.1,0,0,0
8,3,44,SkipList,4,113,183900,4.505,4.3,7.8,9.3,12.2,221959.2,0,0,0
8,3,44,SkipList,4,114,184200,4.504,4.4,7.2,8.4,12.9,222024.8,0,0,0
8,3,44,SkipList,4,115,184500,4.219,4.0,7.2,9.4,9.7,237004.3,0,0,0
8,3,44,SkipList,4,116,184800,3.971,3.8,6.3,7.8,8.8,251825.7,0,0,0
8,3,44,SkipList,4,117,185100,4.408,3.9,6.8,10.7,80.0,226860.3,0,0,0
8,3,44,SkipList,4,118,185400,4.014,3.9,6.8,8.5,11.4,249107.4,0,0,0
8,3,44,SkipList,4,119,185700,3.712,3.5,6.2,6.9,7.2,269420.7,0,0,0
8,3,44,SkipList,4,120,186000,3.855,3.6,6.5,8.9,10.4,259403.4,0,0,0
8,3,44,SkipList,4,121,186300,4.637,4.2,8.2,13.5,16.9,215672.1,0,0,0
8,3,44,SkipList,4,122,186600,11.463,5.0,9.8,11.9,1812.0,87239.7,0,0,0
8,3,44,SkipList,4,123,186900,5.016,4.7,8.4,11.1,12.0,199375.3,0,0,0
8,3,44,SkipList,4,124,187200,4.861,4.6,8.2,10.0,11.8,205733.1,0,0,0
8,3,44,SkipList,4,125,187500,4.474,4.3,7.3,10.0,12.1,223513.6,0,0,0
8,3,44,SkipList,4,126,187800,4.574,4.1,7.7,10.9,74.0,218626.9,0,0,0
8,3,44,SkipList,4,127,188100,4.313,4.1,7.1,12.2,15.5,231839.3,0,0,0
8,3,44,SkipList,4,128,188400,4.299,4.1,6.9,9.0,9.6,232594.2,0,0,0
8,3,44,SkipList,4,129,188700,4.205,4.0,7.1,8.6,12.5,237830.9,0,0,0
8,3,44,SkipList,4,130,189000,4.024,3.8,6.7,7.9,10.4,248529.5,0,0,0
8,3,44,SkipList,4,131,189300,5.602,4.8,10.7,16.9,95.7,178497.0,0,0,0
8,3,44,SkipList,4,132,189600,4.693,4.4,7.9,11.7,16.4,213068.1,0,0,0
8,3,44,SkipList,4,133,189900,4.369,4.0,7.4,8.3,12.8,228867.8,0,0,0
8,3,44,SkipList,4,134,190200,4.28,4.1,7.1,10.1,14.6,233626.7,0,0,0
8,3,44,SkipList,4,135,190500,4.308,4.2,7.2,8.6,12.3,232126.3,0,0,0
8,3,44,SkipList,4,136,190800,4.388,3.9,7.5,9.5,76.7,227894.3,0,0,0
8,3,44,SkipList,4,137,191100,4.111,3.9,7.0,8.5,9.7,243249.8,0,0,0
8,3,44,SkipList,4,138,191400,4.224,4.0,6.8,9.8,11.0,236742.4,0,0,0
8,3,44,SkipList,4,139,191700,3.917,3.7,6.3,9.2,11.9,255275.5,0,0,0
8,3,44,SkipList,4,140,192000,4.075,3.6,6.5,8.8,71.2,245398.8,0,0,0
8,3,44,SkipList,4,141,192300,5.024,4.5,9.6,13.1,23.9,199031.3,0,0,0
8,3,44,SkipList,4,142,192600,4.496,4.3,7.3,10.9,12.4,222420.0,0,0,0
8,3,44,SkipList,4,143,192900,4.384,4.1,7.6,9.8,10.1,228084.8,0,0,0
8,3,44,SkipList,4,144,193200,4.128,3.8,7.1,9.2,12.0,242267.5,0,0,0
8,3,44,SkipList,4,145,193500,4.528,4.1,7.2,10.0,76.3,220831.7,0,0,0
8,3,44,SkipList,4,146,193800,4.111,3.9,6.9,8.8,9.9,243269.6,0,0,0
8,3,44,SkipList,4,147,194100,4.048,3.9,6.6,8.6,9.3,247035.6,0,0,0
8,3,44,SkipList,4,148,194400,4.033,3.9,6.5,7.2,10.8,247974.9,0,0,0
8,3,44,SkipList,4,149,194700,3.942,3.9,6.4,8.0,8.4,253699.7,0,0,0
8,3,44,SkipList,4,150,195000,4.066,3.6,6.4,8.7,80.8,245962.2,0,0,0
8,3,44,SkipList,4,151,195300,3.942,3.8,6.6,9.1,10.9,253699.7,0,0,0
8,3,44,SkipList,4,152,195600,5.873,5.4,10.8,16.1,38.0,170280.4,0,0,0
8,3,44,SkipList,4,153,195900,5.259,4.9,8.8,12.9,19.9,190150.2,0,0,0
8,3,44,SkipList,4,154,196200,5.583,5.3,9.1,12.2,28.2,179115.2,0,0,0
8,3,44,SkipList,4,155,196500,4.612,4.2,7.2,9.4,83.1,216841.3,0,0,0
8,3,44,SkipList,4,156,196800,4.255,3.8,7.1,8.2,50.9,235036.1,0,0,0
8,3,44,SkipList,4,157,197100,4.001,3.9,6.9,10.1,13.2,249916.8,0,0,0
8,3,44,SkipList,4,158,197400,4.106,3.8,6.9,9.3,12.5,243546.0,0,0,0
8,3,44,SkipList,4,159,197700,4.159,3.8,6.6,8.4,65.3,240461.8,0,0,0
8,3,44,SkipList,4,160,198000,3.843,3.7,6.4,8.4,11.6,260235.9,0,0,0
8,3,44,SkipList,4,161,198300,4.221,4.0,6.9,9.3,47.7,236910.7,0,0,0
8,3,44,SkipList,4,162,198600,5.852,5.3,11.1,15.7,28.6,170872.1,0,0,0
8,3,44,SkipList,4,163,198900,4.421,4.1,7.6,9.1,10.6,226210.3,0,0,0
8,3,44,SkipList,4,164,199200,4.379,3.9,7.0,10.2,78.4,228380.0,0,0,0
8,3,44,SkipList,4,165,199500,4.115,3.9,7.0,8.8,10.8,243013.4,0,0,0
8,3,44,SkipList,4,166,199800,4.23,3.9,7.8,9.1,14.1,236406.6,0,0,0
8,3,44,SkipList,4,167,200000,4.088,4.0,6.4,8.3,8.9,244648.3,0,0,0
8,3,44,JLI,5,1,200300,13.37,11.1,27.3,55.9,100.6,74794.3,38,46,1
8,3,44,JLI,5,2,200600,28.347,8.6,27.5,39.7,5086.3,35277.5,38,47,1
8,3,44,JLI,5,3,200900,7.144,5.0,20.9,34.0,43.4,139977.6,38,47,1
8,3,44,JLI,5,4,201200,6.268,4.2,17.3,23.6,30.6,159532.0,38,47,1
8,3,44,JLI,5,5,201500,16.697,5.4,17.7,27.5,2982.7,59889.8,38,47,1
8,3,44,JLI,5,6,201800,7.76,6.4,19.9,26.7,36.8,128866.0,38,47,1
8,3,44,JLI,5,7,202100,8.518,7.2,17.5,24.9,77.4,117398.5,38,47,1
8,3,44,JLI,5,8,202400,3.037,2.6,5.3,11.5,13.0,329308.3,38,47,1
8,3,44,JLI,5,9,202700,4.296,3.7,6.8,8.7,108.2,232756.6,38,47,1
8,3,44,JLI,5,10,203000,6.166,5.5,11.4,13.8,105.2,162170.9,38,47,1
8,3,44,JLI,5,11,203300,16.796,7.5,15.1,18.0,2739.5,59538.0,38,47,1
8,3,44,JLI,5,12,203600,8.863,8.4,19.3,22.6,22.9,112828.6,38,47,1
8,3,44,JLI,5,13,203900,11.906,10.5,24.4,78.9,125.9,83991.3,38,47,1
8,3,44,JLI,5,14,204200,12.696,11.8,28.4,32.2,79.1,78765.0,38,47,1
8,3,44,JLI,5,15,204500,14.452,13.8,32.1,35.7,40.4,69193.0,38,47,1
8,3,44,JLI,5,16,204800,28.911,16.1,37.6,49.3,3463.1,34588.5,38,47,1
8,3,44,JLI,5,17,205100,17.612,16.3,39.7,44.1,48.3,56780.5,38,47,1
8,3,44,JLI,5,18,205400,19.522,16.8,44.7,72.1,100.8,51225.1,38,47,1
8,3,44,JLI,5,19,205700,21.189,20.8,48.3,53.2,104.1,47195.0,38,47,1
8,3,44,JLI,5,20,206000,23.393,22.7,50.5,57.5,58.5,42747.2,38,47,1
8,3,44,JLI,5,21,206300,25.215,22.9,58.6,64.1,64.8,39658.4,38,47,1
8,3,44,JLI,5,22,206600,38.527,21.9,57.4,70.7,4497.0,25955.6,38,48,1
8,3,44,JLI,5,23,206900,10.879,6.8,27.8,46.0,128.7,91917.4,38,48,1
8,3,44,JLI,5,24,207200,8.896,6.1,21.1,27.6,40.7,112410.1,38,48,1
8,3,44,JLI,5,25,207500,18.88,5.8,21.4,28.3,3273.5,52966.1,38,48,1
8,3,44,JLI,5,26,207800,7.552,5.6,19.3,24.4,25.5,132415.2,38,48,1
8,3,44,JLI,5,27,208100,8.71,6.0,23.9,34.6,44.7,114815.0,38,48,1
8,3,44,JLI,5,28,208400,4.246,2.8,14.7,22.9,26.8,235515.9,38,48,1
8,3,44,JLI,5,29,208700,4.308,3.5,6.0,10.4,124.6,232108.2,38,48,1
8,3,44,JLI,5,30,209000,5.35,4.8,9.0,11.6,85.8,186915.9,38,48,1
8,3,44,JLI,5,31,209300,17.13,5.3,11.1,16.1,3422.3,58377.1,38,48,1
8,3,44,JLI,5,32,209600,7.387,6.9,15.9,18.2,47.0,135379.0,38,48,1
8,3,44,JLI,5,33,209900,8.961,8.0,18.0,23.5,93.7,111598.8,38,48,1
8,3,44,JLI,5,34,210200,10.137,9.6,23.5,26.3,26.9,98645.3,38,48,1
8,3,44,JLI,5,35,210500,11.248,10.6,24.8,30.2,36.9,88902.1,38,48,1
8,3,44,JLI,5,36,210800,23.517,11.1,28.3,34.1,3420.4,42523.0,38,48,1
8,3,44,JLI,5,37,211100,13.424,12.2,32.2,39.1,47.3,74493.4,38,48,1
8,3,44,JLI,5,38,211400,14.164,13.5,31.6,42.8,68.6,70599.9,38,48,1
8,3,44,JLI,5,39,211700,15.638,13.9,37.3,44.1,55.1,63945.4,38,48,1
8,3,44,JLI,5,40,212000,16.833,14.3,40.0,47.1,58.0,59408.3,38,48,1
8,3,44,JLI,5,41,212300,17.216,15.6,42.0,52.0,55.7,58085.5,38,48,1
8,3,44,JLI,5,42,212600,18.221,15.9,45.3,55.6,57.8,54882.7,38,48,1
8,3,44,JLI,5,43,212900,40.37,15.4,54.1,202.4,5383.8,24770.9,38,49,1
8,3,44,JLI,5,44,213200,11.636,6.7,30.2,69.8,82.1,85940.2,38,49,1
8,3,44,JLI,5,45,213500,17.49,5.3,18.8,25.6,3112.7,57175.5,38,49,1
8,3,44,JLI,5,46,213800,6.327,4.5,12.3,40.2,183.8,158052.8,38,49,1
8,3,44,JLI,5,47,214100,5.403,4.7,9.7,24.4,37.1,185093.8,38,49,1
8,3,44,JLI,5,48,214400,6.862,5.8,12.9,25.6,141.4,145737.2,38,49,1
8,3,44,JLI,5,49,214700,8.036,6.8,15.1,30.7,122.5,124440.0,38,49,1
8,3,44,JLI,5,50,215000,8.85,7.9,19.4,25.8,34.4,112990.1,38,49,1
8,3,44,JLI,5,51,215300,26.445,9.0,21.0,49.9,4897.5,37814.8,38,49,1
8,3,44,JLI,5,52,215600,10.359,9.4,23.6,28.9,29.9,96534.4,38,49,1
8,3,44,JLI,5,53,215900,12.865,10.8,27.6,33.9,35.6,77730.3,38,49,1
8,3,44,JLI,5,54,216200,15.162,13.2,35.4,60.7,64.8,65955.8,38,49,1
8,3,44,JLI,5,55,216500,14.192,11.5,32.8,37.6,39.9,70460.6,38,49,1
8,3,44,JLI,5,56,216800,29.55,14.3,37.7,47.4,4166.8,33840.9,38,49,1
8,3,44,JLI,5,57,217100,20.182,16.9,42.4,76.1,444.0,49549.1,38,49,1
8,3,44,JLI,5,58,217400,19.12,17.0,46.2,52.5,56.7,52300.3,38,49,1
8,3,44,JLI,5,59,217700,19.82,17.3,50.8,58.2,61.8,50453.2,38,49,1
8,3,44,JLI,5,60,218000,23.922,22.4,56.5,68.6,75.5,41802.5,38,49,1
8,3,44,JLI,5,61,218300,22.989,20.7,59.9,65.5,70.1,43499.7,38,49,1
8,3,44,JLI,5,62,218600,41.755,22.1,60.8,71.9,4944.7,23949.2,38,49,1
8,3,44,JLI,5,63,218900,26.98,22.0,70.3,80.1,105.4,37064.0,38,49,1
8,3,44,JLI,5,64,219200,33.038,11.0,67.9,86.6,4593.9,30267.9,38,50,1
8,3,44,JLI,5,65,219500,9.163,5.7,22.0,71.0,75.5,109134.6,38,50,1
8,3,44,JLI,5,66,219800,7.76,4.8,24.2,35.5,103.3,128866.0,38,50,1
8,3,44,JLI,5,67,220100,4.776,3.4,12.6,25.9,40.0,209394.8,38,50,1
8,3,44,JLI,5,68,220400,15.371,3.1,9.6,19.0,3304.1,65056.2,38,50,1
8,3,44,JLI,5,69,220700,4.967,3.7,12.0,18.3,82.6,201342.3,38,50,1
8,3,44,JLI,5,70,221000,5.355,4.6,10.0,17.1,77.6,186753.0,38,50,1
8,3,44,JLI,5,71,221300,5.98,5.8,10.8,14.5,16.1,167214.7,38,50,1
8,3,44,JLI,5,72,221600,7.18,6.5,12.7,20.7,81.1,139275.8,38,50,1
8,3,44,JLI,5,73,221900,8.047,7.2,15.6,24.2,109.7,124269.9,38,50,1
8,3,44,JLI,5,74,222200,16.793,3.2,14.4,24.1,3504.8,59548.6,38,50,1
8,3,44,JLI,5,75,222500,5.088,4.0,10.6,16.2,94.6,196553.8,38,50,1
8,3,44,JLI,5,76,222800,5.63,4.9,11.2,14.6,14.9,177619.9,38,50,1
8,3,44,JLI,5,77,223100,6.709,6.5,12.3,15.9,23.1,149046.1,38,50,1
8,3,44,JLI,5,78,223400,7.875,7.4,15.3,19.9,21.9,126984.1,38,50,1
8,3,44,JLI,5,79,223700,19.993,8.3,17.5,21.7,3370.5,50017.5,38,50,1
8,3,44,JLI,5,80,224000,9.34,9.1,18.8,22.4,23.2,107062.5,38,50,1
8,3,44,JLI,5,81,224300,10.112,9.2,22.7,25.9,26.5,98889.1,38,50,1
8,3,44,JLI,5,82,224600,10.719,10.0,22.8,28.8,30.3,93295.2,38,50,1
8,3,44,JLI,5,83,224900,11.402,10.0,25.0,33.3,118.4,87701.4,38,50,1
8,3,44,JLI,5,84,225200,12.327,11.1,28.5,34.9,37.3,81122.7,38,50,1
8,3,44,JLI,5,85,225500,28.285,5.7,32.1,86.4,3377.1,35354.0,38,51,1
8,3,44,JLI,5,86,225800,6.641,5.2,16.6,26.4,30.4,150579.7,38,51,1
8,3,44,JLI,5,87,226100,7.16,5.6,16.9,31.6,80.4,139658.3,38,51,1
8,3,44,JLI,5,88,226400,8.105,6.5,17.3,27.0,35.2,123375.5,38,51,1
8,3,44,JLI,5,89,226700,8.011,6.8,15.7,21.5,23.7,124823.2,38,51,1
8,3,44,JLI,5,90,227000,17.734,7.1,16.7,20.3,2839.1,56389.9,38,51,1
8,3,44,JLI,5,91,227300,9.96,8.3,21.4,30.0,49.2,100401.6,38,51,1
8,3,44,JLI,5,92,227600,10.013,8.2,21.7,33.4,39.0,99870.2,38,51,1
8,3,44,JLI,5,93,227900,8.586,6.2,21.9,24.9,140.6,116464.1,38,51,1
8,3,44,JLI,5,94,228200,7.658,5.1,19.4,25.0,68.0,130582.4,38,51,1
8,3,44,JLI,5,95,228500,8.658,5.7,21.6,27.6,83.0,115500.1,38,51,1
8,3,44,JLI,5,96,228800,23.521,6.9,23.7,37.0,4202.2,42515.2,38,51,1
8,3,44,JLI,5,97,229100,9.253,6.9,23.1,31.6,32.8,108077.0,38,51,1
8,3,44,JLI,5,98,229400,10.405,7.9,26.4,35.7,37.4,96110.7,38,51,1
8,3,44,JLI,5,99,229700,10.908,7.7,27.7,32.3,36.9,91678.6,38,51,1
8,3,44,JLI,5,100,230000,11.798,8.6,30.9,45.7,112.3,84757.7,38,51,1
8,3,44,JLI,5,101,230300,11.774,8.5,33.1,43.4,94.9,84935.3,38,51,1
8,3,44,JLI,5,102,230600,24.568,9.5,36.3,52.4,3478.9,40703.9,38,51,1
8,3,44,JLI,5,103,230900,13.714,10.4,34.9,52.4,62.6,72918.2,38,51,1
8,3,44,JLI,5,104,231200,13.632,10.0,34.9,51.2,51.9,73358.6,38,51,1
8,3,44,JLI,5,105,231500,27.742,10.9,36.9,73.9,3995.2,36046.0,38,52,1
8,3,44,JLI,5,106,231800,7.282,4.5,20.4,30.3,33.6,137318.6,38,52,1
8,3,44,JLI,5,107,232100,8.138,5.7,21.0,26.0,28.9,122885.4,38,52,1
8,3,44,JLI,5,108,232400,17.348,4.7,19.7,29.0,3166.3,57642.4,39,52,1
8,3,44,JLI,5,109,232700,6.721,4.3,17.1,21.7,78.9,148787.4,39,52,1
8,3,44,JLI,5,110,233000,6.525,4.5,17.6,20.9,22.5,153264.6,39,52,1
8,3,44,JLI,5,111,233300,6.702,4.9,16.8,23.1,23.7,149209.2,39,52,1
8,3,44,JLI,5,112,233600,8.168,5.6,19.2,41.7,129.1,122429.0,39,52,1
8,3,44,JLI,5,113,233900,18.401,5.5,20.6,28.6,3278.1,54345.9,39,52,1
8,3,44,JLI,5,114,234200,7.17,5.6,17.9,22.7,28.5,139476.5,39,52,1
8,3,44,JLI,5,115,234500,7.071,5.7,17.3,22.2,27.3,141429.3,39,52,1
8,3,44,JLI,5,116,234800,7.227,5.7,18.0,24.0,59.7,138370.0,39,52,1
8,3,44,JLI,5,117,235100,9.989,7.4,25.0,31.6,78.1,100106.8,39,52,1
8,3,44,JLI,5,118,235400,7.214,6.1,16.4,26.5,40.7,138612.9,39,52,1
8,3,44,JLI,5,119,235700,19.438,5.4,20.0,25.7,3734.0,51446.5,39,52,1
8,3,44,JLI,5,120,236000,6.729,5.7,13.6,22.6,24.8,148617.9,39,52,1
8,3,44,JLI,5,121,236300,6.81,5.8,14.1,20.7,23.9,146842.9,39,52,1
8,3,44,JLI,5,122,236600,8.014,6.7,18.7,34.7,41.2,124776.4,39,52,1
8,3,44,JLI,5,123,236900,8.709,7.2,20.7,28.2,31.9,114823.7,39,52,1
8,3,44,JLI,5,124,237200,8.434,7.0,17.8,29.6,32.6,118572.4,39,52,1
8,3,44,JLI,5,125,237500,22.491,6.8,17.9,27.9,4374.4,44462.2,39,53,1
8,3,44,JLI,5,126,237800,7.92,6.9,16.2,26.0,35.1,126267.9,39,53,1
8,3,44,JLI,5,127,238100,22.236,7.7,21.8,36.6,3795.9,44972.1,39,53,1
8,3,44,JLI,5,128,238400,8.895,7.7,18.1,26.1,32.0,112418.5,39,53,1
8,3,44,JLI,5,129,238700,7.877,7.0,17.2,23.4,25.3,126957.2,39,53,1
8,3,44,JLI,5,130,239000,7.433,6.4,17.9,21.6,23.0,134535.2,39,53,1
8,3,44,JLI,5,131,239300,8.076,6.9,19.5,24.0,27.5,123828.8,39,53,1
8,3,44,JLI,5,132,239600,8.629,6.6,20.7,25.2,40.4,115883.8,39,53,1
8,3,44,JLI,5,133,239900,20.222,6.7,19.8,28.2,3550.0,49450.3,39,53,1
8,3,44,JLI,5,134,240200,9.004,7.6,20.6,23.1,25.1,111057.6,39,53,1
8,3,44,JLI,5,135,240500,8.972,7.3,19.3,24.1,25.0,111462.0,39,53,1
8,3,44,JLI,5,136,240800,9.257,7.4,22.6,31.4,35.3,108030.3,39,53,1
8,3,44,JLI,5,137,241100,9.669,8.1,22.6,27.3,29.4,103423.3,39,53,1
8,3,44,JLI,5,138,241400,21.627,8.3,22.8,28.8,3406.0,46237.8,39,53,1
8,3,44,JLI,5,139,241700,9.094,7.6,20.7,24.7,26.6,109962.6,39,53,1
8,3,44,JLI,5,140,242000,12.153,10.0,27.5,34.6,40.7,82281.9,39,53,1
8,3,44,JLI,5,141,242300,14.009,8.9,24.8,28.4,1088.2,71382.7,39,53,1
8,3,44,JLI,5,142,242600,10.293,9.0,23.3,27.6,32.6,97153.4,39,53,1
8,3,44,JLI,5,143,242900,11.661,9.8,25.3,30.1,32.3,85758.4,39,53,1
8,3,44,JLI,5,144,243200,25.066,10.0,27.8,35.1,3891.7,39895.2,39,53,1
8,3,44,JLI,5,145,243500,12.068,10.0,26.0,30.9,37.9,82863.8,39,53,1
8,3,44,JLI,5,146,243800,23.529,7.0,32.9,93.4,3683.8,42500.1,39,54,1
8,3,44,JLI,5,147,244100,10.384,6.4,28.0,43.0,148.1,96305.1,39,54,1
8,3,44,JLI,5,148,244400,11.139,7.0,26.2,83.3,94.8,89774.7,39,54,1
8,3,44,JLI,5,149,244700,21.854,6.7,22.3,30.3,3911.8,45758.2,40,54,1
8,3,44,JLI,5,150,245000,452.066,6.1,27.1,42.6,132707.7,2212.1,40,54,1
8,3,44,JLI,5,151,245300,9.682,6.3,28.1,39.5,48.1,103288.0,40,54,1
8,3,44,JLI,5,152,245600,5.592,3.8,17.4,23.3,26.0,178826.9,40,54,1
8,3,44,JLI,5,153,245900,5.574,4.3,14.5,23.4,32.5,179415.1,40,54,1
8,3,44,JLI,5,154,246200,6.062,4.8,14.5,23.3,36.4,164952.9,40,54,1
8,3,44,JLI,5,155,246500,19.809,5.3,12.2,28.3,4138.5,50481.3,40,54,1
8,3,44,JLI,5,156,246800,7.603,6.4,17.8,30.9,39.9,131532.8,40,54,1
8,3,44,JLI,5,157,247100,8.829,6.9,21.2,38.3,169.1,113263.1,40,54,1
8,3,44,JLI,5,158,247400,7.94,6.8,16.6,32.9,34.4,125949.9,40,54,1
8,3,44,JLI,5,159,247700,8.493,7.8,18.2,27.4,30.1,117744.0,40,54,1
8,3,44,JLI,5,160,248000,9.332,8.0,18.9,29.9,173.6,107162.0,40,54,1
8,3,44,JLI,5,161,248300,26.706,8.7,21.3,39.5,4932.7,37444.8,40,54,1
8,3,44,JLI,5,162,248600,9.158,8.6,19.1,25.1,29.1,109190.2,40,54,1
8,3,44,JLI,5,163,248900,10.267,9.4,20.7,25.0,26.3,97402.6,40,54,1
8,3,44,JLI,5,164,249200,10.928,9.8,24.0,29.4,69.6,91505.3,40,54,1
8,3,44,JLI,5,165,249500,12.115,10.6,28.3,34.9,37.6,82540.0,40,54,1
8,3,44,JLI,5,166,249800,33.169,12.4,36.8,87.7,5306.1,30148.9,40,55,1
8,3,44,JLI,5,167,250000,8.751,5.0,22.7,83.7,90.4,114279.2,40,55,1
8,3,44,SkipList,5,1,200300,6.297,6.0,11.1,13.7,15.3,158805.8,0,0,0
8,3,44,SkipList,5,2,200600,6.73,5.7,12.2,15.8,131.9,148595.8,0,0,0
8,3,44,SkipList,5,3,200900,5.336,5.0,9.1,12.2,12.9,187394.6,0,0,0
8,3,44,SkipList,5,4,201200,4.88,4.6,8.2,11.1,13.5,204918.1,0,0,0
8,3,44,SkipList,5,5,201500,4.68,4.5,7.5,10.1,11.4,213675.2,0,0,0
8,3,44,SkipList,5,6,201800,4.574,4.4,7.7,9.8,12.7,218627.0,0,0,0
8,3,44,SkipList,5,7,202100,4.773,4.4,8.0,9.8,79.2,209511.8,0,0,0
8,3,44,SkipList,5,8,202400,4.443,4.1,8.0,9.4,10.7,225073.2,0,0,0
8,3,44,SkipList,5,9,202700,4.203,4.1,6.6,8.5,10.0,237925.3,0,0,0
8,3,44,SkipList,5,10,203000,4.352,4.1,7.2,10.7,12.3,229761.8,0,0,0
8,3,44,SkipList,5,11,203300,4.695,4.3,8.7,10.4,30.0,212992.5,0,0,0
8,3,44,SkipList,5,12,203600,5.062,4.7,8.9,13.6,20.9,197537.3,0,0,0
8,3,44,SkipList,5,13,203900,4.445,4.3,7.2,8.8,9.3,224988.7,0,0,0
8,3,44,SkipList,5,14,204200,4.593,4.4,7.6,11.8,15.1,217738.4,0,0,0
8,3,44,SkipList,5,15,204500,4.362,4.2,7.5,10.3,13.9,229235.0,0,0,0
8,3,44,SkipList,5,16,204800,4.518,4.0,7.3,9.1,86.3,221336.9,0,0,0
8,3,44,SkipList,5,17,205100,4.148,3.9,6.8,8.8,10.2,241099.3,0,0,0
8,3,44,SkipList,5,18,205400,4.037,3.9,6.5,9.4,9.6,247729.2,0,0,0
8,3,44,SkipList,5,19,205700,3.982,3.7,6.9,9.6,10.1,251151.0,0,0,0
8,3,44,SkipList,5,20,206000,3.922,3.8,6.4,7.4,7.7,254993.8,0,0,0
8,3,44,SkipList,5,21,206300,4.361,3.8,6.5,12.5,79.8,229305.3,0,0,0
8,3,44,SkipList,5,22,206600,5.033,4.7,8.7,10.9,13.4,198701.8,0,0,0
8,3,44,SkipList,5,23,206900,4.684,4.5,8.4,10.8,13.6,213507.9,0,0,0
8,3,44,SkipList,5,24,207200,4.551,4.4,7.2,9.5,12.3,219748.0,0,0,0
8,3,44,SkipList,5,25,207500,4.513,4.0,7.5,9.8,81.6,221582.1,0,0,0
8,3,44,SkipList,5,26,207800,4.344,4.1,7.0,8.9,14.4,230184.9,0,0,0
8,3,44,SkipList,5,27,208100,3.963,3.8,6.7,7.8,10.8,252355.3,0,0,0
8,3,44,SkipList,5,28,208400,4.047,3.8,6.8,8.3,9.9,247117.0,0,0,0
8,3,44,SkipList,5,29,208700,3.997,3.9,6.3,8.3,10.2,250187.6,0,0,0
8,3,44,SkipList,5,30,209000,4.233,3.8,6.3,8.3,78.9,236220.5,0,0,0
8,3,44,SkipList,5,31,209300,4.01,3.8,6.7,9.0,10.5,249355.8,0,0,0
8,3,44,SkipList,5,32,209600,4.625,4.2,8.7,12.0,13.4,216200.7,0,0,0
8,3,44,SkipList,5,33,209900,4.849,4.6,8.2,10.8,16.2,206228.0,0,0,0
8,3,44,SkipList,5,34,210200,4.863,4.9,7.7,9.6,10.8,205648.5,0,0,0
8,3,44,SkipList,5,35,210500,4.74,4.1,7.8,12.3,98.9,210970.4,0,0,0
8,3,44,SkipList,5,36,210800,4.359,4.1,7.6,10.0,11.1,229392.9,0,0,0
8,3,44,SkipList,5,37,211100,4.251,4.0,6.9,9.1,9.9,235257.1,0,0,0
8,3,44,SkipList,5,38,211400,4.202,4.0,6.9,8.7,8.8,238000.7,0,0,0
8,3,44,SkipList,5,39,211700,4.053,3.9,6.4,9.1,10.4,246751.1,0,0,0
8,3,44,SkipList,5,40,212000,4.397,4.0,6.8,9.9,76.9,227427.7,0,0,0
8,3,44,SkipList,5,41,212300,3.887,3.6,6.5,8.2,11.8,257289.9,0,0,0
8,3,44,SkipList,5,42,212600,4.432,4.2,7.7,11.6,11.8,225614.8,0,0,0
8,3,44,SkipList,5,43,212900,5.149,4.7,9.7,13.1,14.2,194225.1,0,0,0
8,3,44,SkipList,5,44,213200,4.945,4.8,8.0,9.7,12.5,202224.5,0,0,0
8,3,44,SkipList,5,45,213500,11.122,4.6,8.1,12.1,1910.5,89911.9,0,0,0
8,3,44,SkipList,5,46,213800,4.257,4.1,7.0,8.2,11.1,234888.9,0,0,0
8,3,44,SkipList,5,47,214100,4.236,4.1,7.1,10.2,11.4,236071.7,0,0,0
8,3,44,SkipList,5,48,214400,4.188,3.9,6.9,8.7,10.8,238758.5,0,0,0
8,3,44,SkipList,5,49,214700,4.029,3.8,6.6,8.0,11.2,248180.0,0,0,0
8,3,44,SkipList,5,50,215000,4.314,3.9,6.8,8.7,90.0,231821.3,0,0,0
8,3,44,SkipList,5,51,215300,4.466,4.0,7.9,10.6,32.0,223914.0,0,0,0
8,3,44,SkipList,5,52,215600,5.806,5.5,10.3,12.7,15.0,172245.5,0,0,0
8,3,44,SkipList,5,53,215900,5.027,4.7,8.0,11.0,12.8,198925.8,0,0,0
8,3,44,SkipList,5,54,216200,4.542,4.3,7.7,10.6,13.5,220151.1,0,0,0
8,3,44,SkipList,5,55,216500,4.983,4.3,8.2,10.2,107.4,200695.7,0,0,0
8,3,44,SkipList,5,56,216800,4.489,4.3,7.7,10.1,12.7,222783.3,0,0,0
8,3,44,SkipList,5,57,217100,4.429,4.1,7.8,9.9,14.1,225784.5,0,0,0
8,3,44,SkipList,5,58,217400,4.257,4.1,6.9,9.0,9.3,234907.2,0,0,0
8,3,44,SkipList,5,59,217700,4.491,4.1,7.1,10.2,73.5,222667.6,0,0,0
8,3,44,SkipList,5,60,218000,3.966,3.8,6.2,7.7,9.6,252122.0,0,0,0
8,3,44,SkipList,5,61,218300,4.064,3.9,6.7,9.1,9.9,246042.7,0,0,0
8,3,44,SkipList,5,62,218600,4.846,4.5,8.6,12.8,13.6,206370.0,0,0,0
8,3,44,SkipList,5,63,218900,5.215,4.9,9.7,12.3,13.1,191754.5,0,0,0
8,3,44,SkipList,5,64,219200,5.536,5.0,8.9,15.6,85.3,180635.9,0,0,0
8,3,44,SkipList,5,65,219500,4.777,4.4,8.0,10.7,12.7,209336.4,0,0,0
8,3,44,SkipList,5,66,219800,4.729,4.6,7.8,9.8,11.0,211461.3,0,0,0
8,3,44,SkipList,5,67,220100,4.393,4.2,7.2,9.2,9.5,227635.0,0,0,0
8,3,44,SkipList,5,68,220400,4.329,4.1,7.4,9.8,11.4,231000.2,0,0,0
8,3,44,SkipList,5,69,220700,4.437,3.9,7.4,9.4,80.8,225377.4,0,0,0
8,3,44,SkipList,5,70,221000,4.259,4.0,6.9,8.5,13.9,234778.6,0,0,0
8,3,44,SkipList,5,71,221300,4.253,3.9,7.3,9.5,10.8,235109.8,0,0,0
8,3,44,SkipList,5,72,221600,5.301,4.8,10.2,14.9,22.8,188631.8,0,0,0
8,3,44,SkipList,5,73,221900,4.784,4.4,7.9,11.6,18.6,209044.7,0,0,0
8,3,44,SkipList,5,74,222200,4.859,4.3,7.8,11.1,96.0,205789.6,0,0,0
8,3,44,SkipList,5,75,222500,4.408,4.2,7.4,9.7,11.3,226877.4,0,0,0
8,3,44,SkipList,5,76,222800,4.444,4.2,7.2,9.4,11.7,225039.3,0,0,0
8,3,44,SkipList,5,77,223100,4.161,4.0,7.0,8.8,9.0,240326.8,0,0,0
8,3,44,SkipList,5,78,223400,4.139,4.0,6.8,7.7,8.7,241623.7,0,0,0
8,3,44,SkipList,5,79,223700,4.011,3.8,7.0,9.4,10.0,249293.7,0,0,0
8,3,44,SkipList,5,80,224000,4.032,3.7,7.0,9.8,12.6,247995.3,0,0,0
8,3,44,SkipList,5,81,224300,3.917,3.7,6.9,8.6,11.6,255297.5,0,0,0
8,3,44,SkipList,5,82,224600,5.06,4.4,9.7,15.9,17.8,197628.4,0,0,0
8,3,44,SkipList,5,83,224900,5.227,4.9,9.5,14.4,22.1,191314.3,0,0,0
8,3,44,SkipList,5,84,225200,5.285,4.7,8.7,14.0,91.5,189226.7,0,0,0
8,3,44,SkipList,5,85,225500,4.572,4.5,7.5,9.1,9.3,218722.7,0,0,0
8,3,44,SkipList,5,86,225800,4.504,4.3,7.7,10.9,11.3,222008.4,0,0,0
8,3,44,SkipList,5,87,226100,4.503,4.2,7.5,8.9,10.4,222090.6,0,0,0
8,3,44,SkipList,5,88,226400,4.381,4.2,7.2,9.7,11.6,228275.7,0,0,0
8,3,44,SkipList,5,89,226700,4.209,4.0,6.8,9.7,10.9,237605.1,0,0,0
8,3,44,SkipList,5,90,227000,4.116,3.9,6.6,9.0,11.2,242954.4,0,0,0
8,3,44,SkipList,5,91,227300,4.186,3.9,7.3,8.5,10.1,238910.6,0,0,0
8,3,44,SkipList,5,92,227600,4.773,4.4,9.1,14.9,17.1,209526.5,0,0,0
8,3,44,SkipList,5,93,227900,5.464,4.8,8.9,14.5,99.9,183004.9,0,0,0
8,3,44,SkipList,5,94,228200,4.669,4.5,7.3,10.5,11.9,214178.6,0,0,0
8,3,44,SkipList,5,95,228500,4.393,4.1,7.7,9.5,11.4,227652.1,0,0,0
8,3,44,SkipList,5,96,228800,4.193,4.0,6.8,9.2,10.9,238473.8,0,0,0
8,3,44,SkipList,5,97,229100,4.129,3.9,7.1,8.6,12.7,242189.4,0,0,0
8,3,44,SkipList,5,98,229400,4.155,4.1,6.8,8.3,13.1,240693.2,0,0,0
8,3,44,SkipList,5,99,229700,4.043,3.8,6.6,8.1,8.3,247361.5,0,0,0
8,3,44,SkipList,5,100,230000,3.989,3.9,6.6,8.1,9.1,250668.5,0,0,0
8,3,44,SkipList,5,101,230300,3.898,3.7,6.5,8.9,10.0,256541.8,0,0,0
8,3,44,SkipList,5,102,230600,4.242,4.0,7.3,11.4,13.0,235737.8,0,0,0
8,3,44,SkipList,5,103,230900,4.716,4.2,8.9,11.9,13.6,212029.2,0,0,0
8,3,44,SkipList,5,104,231200,10.336,4.2,7.4,9.4,1754.3,96749.2,0,0,0
8,3,44,SkipList,5,105,231500,4.32,4.1,7.6,9.7,10.7,231481.5,0,0,0
8,3,44,SkipList,5,106,231800,4.372,4.1,7.2,10.4,11.3,228728.3,0,0,0
8,3,44,SkipList,5,107,232100,4.06,3.8,6.9,8.8,9.6,246305.5,0,0,0
8,3,44,SkipList,5,108,232400,4.003,3.8,6.4,8.3,8.9,249812.6,0,0,0
8,3,44,SkipList,5,109,232700,4.218,3.8,7.1,10.2,76.0,237098.0,0,0,0
8,3,44,SkipList,5,110,233000,3.938,3.8,6.5,8.4,11.7,253957.5,0,0,0
8,3,44,SkipList,5,111,233300,3.962,3.7,6.8,8.5,10.3,252376.5,0,0,0
8,3,44,SkipList,5,112,233600,4.547,4.0,7.9,14.9,16.5,219909.1,0,0,0
8,3,44,SkipList,5,113,233900,5.174,4.8,8.7,14.4,16.2,193286.5,0,0,0
8,3,44,SkipList,5,114,234200,4.898,4.3,7.9,10.9,106.0,204178.8,0,0,0
8,3,44,SkipList,5,115,234500,4.511,4.2,7.2,9.8,11.0,221664.0,0,0,0
8,3,44,SkipList,5,116,234800,4.582,4.3,7.5,10.5,15.8,218245.4,0,0,0
8,3,44,SkipList,5,117,235100,4.286,4.1,6.7,8.9,11.4,233299.7,0,0,0
8,3,44,SkipList,5,118,235400,4.373,3.8,7.5,10.0,67.1,228675.9,0,0,0
8,3,44,SkipList,5,119,235700,4.126,4.0,7.1,8.6,10.8,242345.8,0,0,0
8,3,44,SkipList,5,120,236000,4.188,4.0,7.3,8.6,9.5,238777.5,0,0,0
8,3,44,SkipList,5,121,236300,4.073,4.0,6.8,8.6,11.4,245499.2,0,0,0
8,3,44,SkipList,5,122,236600,4.585,4.3,8.5,11.3,12.7,218102.4,0,0,0
8,3,44,SkipList,5,123,236900,5.391,4.8,9.0,11.6,104.0,185494.4,0,0,0
8,3,44,SkipList,5,124,237200,5.282,4.8,9.2,13.4,19.4,189310.3,0,0,0
8,3,44,SkipList,5,125,237500,4.915,4.6,8.6,13.2,16.9,203458.8,0,0,0
8,3,44,SkipList,5,126,237800,4.708,4.6,7.6,11.4,14.5,212419.4,0,0,0
8,3,44,SkipList,5,127,238100,4.557,4.3,8.0,10.9,15.0,219458.6,0,0,0
8,3,44,SkipList,5,128,238400,4.72,4.2,7.4,11.3,76.7,211879.4,0,0,0
8,3,44,SkipList,5,129,238700,4.358,4.2,7.2,8.4,11.7,229445.5,0,0,0
8,3,44,SkipList,5,130,239000,4.2,4.0,7.2,9.0,9.7,238076.4,0,0,0
8,3,44,SkipList,5,131,239300,4.396,4.1,7.4,10.2,10.9,227479.6,0,0,0
8,3,44,SkipList,5,132,239600,4.175,3.9,7.3,10.5,13.2,239540.0,0,0,0
8,3,44,SkipList,5,133,239900,5.769,5.0,10.8,18.8,76.0,173330.3,0,0,0
8,3,44,SkipList,5,134,240200,4.747,4.4,8.3,11.2,13.6,210644.6,0,0,0
8,3,44,SkipList,5,135,240500,4.507,4.2,7.5,8.9,11.2,221893.5,0,0,0
8,3,44,SkipList,5,136,240800,4.499,4.3,7.6,9.1,11.1,222271.6,0,0,0
8,3,44,SkipList,5,137,241100,4.306,4.1,6.9,8.3,10.8,232234.0,0,0,0
8,3,44,SkipList,5,138,241400,4.439,3.9,7.7,9.4,74.8,225259.0,0,0,0
8,3,44,SkipList,5,139,241700,4.277,4.0,7.5,10.3,11.1,233827.0,0,0,0
8,3,44,SkipList,5,140,242000,4.276,4.1,6.8,9.2,10.0,233863.4,0,0,0
8,3,44,SkipList,5,141,242300,4.267,3.9,7.7,10.2,11.9,234374.9,0,0,0
8,3,44,SkipList,5,142,242600,5.066,4.3,8.8,11.2,142.9,197394.4,0,0,0
8,3,44,SkipList,5,143,242900,5.025,4.8,8.7,10.4,11.6,199018.2,0,0,0
8,3,44,SkipList,5,144,243200,4.722,4.6,7.8,10.3,12.4,211789.7,0,0,0
8,3,44,SkipList,5,145,243500,4.614,4.3,7.7,10.0,13.0,216747.4,0,0,0
8,3,44,SkipList,5,146,243800,4.532,4.3,7.3,9.9,13.8,220653.2,0,0,0
8,3,44,SkipList,5,147,244100,4.846,4.3,8.0,12.3,81.3,206369.9,0,0,0
8,3,44,SkipList,5,148,244400,4.402,4.2,7.4,9.0,12.2,227152.4,0,0,0
8,3,44,SkipList,5,149,244700,4.232,4.0,6.9,8.8,10.2,236313.6,0,0,0
8,3,44,SkipList,5,150,245000,4.138,3.9,7.1,8.4,10.0,241643.2,0,0,0
8,3,44,SkipList,5,151,245300,4.044,3.9,6.5,9.0,10.0,247259.5,0,0,0
8,3,44,SkipList,5,152,245600,4.658,4.3,8.5,10.5,21.0,214684.4,0,0,0
8,3,44,SkipList,5,153,245900,5.168,4.7,9.1,12.2,17.2,193485.9,0,0,0
8,3,44,SkipList,5,154,246200,4.59,4.3,7.7,9.2,10.9,217849.1,0,0,0
8,3,44,SkipList,5,155,246500,4.463,4.1,7.2,10.8,12.5,224081.3,0,0,0
8,3,44,SkipList,5,156,246800,4.389,4.2,7.4,11.1,12.5,227842.5,0,0,0
8,3,44,SkipList,5,157,247100,4.561,4.1,7.2,11.4,82.2,219266.2,0,0,0
8,3,44,SkipList,5,158,247400,4.068,3.9,6.7,8.6,10.5,245800.9,0,0,0
8,3,44,SkipList,5,159,247700,4.018,3.8,6.5,8.3,9.2,248880.1,0,0,0
8,3,44,SkipList,5,160,248000,4.25,4.0,7.3,9.8,14.4,235312.6,0,0,0
8,3,44,SkipList,5,161,248300,4.027,3.8,7.1,8.5,11.3,248344.4,0,0,0
8,3,44,SkipList,5,162,248600,12.19,4.2,8.8,13.2,2265.2,82032.2,0,0,0
8,3,44,SkipList,5,163,248900,5.096,4.9,8.7,12.2,12.5,196245.2,0,0,0
8,3,44,SkipList,5,164,249200,4.598,4.4,7.5,9.2,11.6,217501.7,0,0,0
8,3,44,SkipList,5,165,249500,4.675,4.3,8.3,10.4,13.3,213888.5,0,0,0
8,3,44,SkipList,5,166,249800,4.253,4.0,7.0,9.3,9.7,235128.1,0,0,0
8,3,44,SkipList,5,167,250000,4.732,4.1,8.1,12.5,74.7,211327.1,0,0,0
8,3,44,JLI,6,1,250300,11.653,5.9,34.5,88.5,208.1,85814.8,40,55,1
8,3,44,JLI,6,2,250600,27.524,6.6,27.5,97.2,5249.6,36332.4,40,55,1
8,3,44,JLI,6,3,250900,8.83,6.4,21.7,42.3,96.9,113246.0,40,55,1
8,3,44,JLI,6,4,251200,9.393,7.0,20.8,40.9,86.0,106466.0,40,55,1
8,3,44,JLI,6,5,251500,9.006,7.6,19.3,26.8,35.6,111033.0,40,55,1
8,3,44,JLI,6,6,251800,9.065,7.4,21.2,28.1,31.7,110318.5,40,55,1
8,3,44,JLI,6,7,252100,22.965,6.0,19.5,34.2,4531.4,43543.9,40,55,1
8,3,44,JLI,6,8,252400,8.268,7.0,19.6,24.9,101.7,120948.2,40,55,1
8,3,44,JLI,6,9,252700,9.058,6.4,23.6,28.5,90.3,110399.6,40,55,1
8,3,44,JLI,6,10,253000,9.233,7.1,21.9,28.3,86.9,108307.2,40,55,1
8,3,44,JLI,6,11,253300,10.932,8.8,26.9,32.0,71.9,91477.4,40,55,1
8,3,44,JLI,6,12,253600,24.046,8.4,28.1,35.2,4040.9,41587.0,40,55,1
8,3,44,JLI,6,13,253900,9.2,6.2,25.4,35.4,36.6,108695.6,40,55,1
8,3,44,JLI,6,14,254200,10.655,6.3,32.6,40.7,72.5,93852.7,40,55,1
8,3,44,JLI,6,15,254500,10.523,6.2,31.5,43.4,46.3,95032.9,40,55,1
8,3,44,JLI,6,16,254800,11.955,6.9,36.3,44.0,51.3,83649.3,40,55,1
8,3,44,JLI,6,17,255100,12.819,7.3,37.9,46.9,86.2,78007.2,40,55,1
8,3,44,JLI,6,18,255400,11.166,7.0,33.8,46.8,49.0,89560.3,40,55,1
8,3,44,JLI,6,19,255700,31.456,10.9,42.7,77.7,4845.6,31790.8,40,56,1
8,3,44,JLI,6,20,256000,9.278,5.7,25.4,79.9,93.2,107785.7,40,56,1
8,3,44,JLI,6,21,256300,16.996,4.6,21.7,87.9,2942.5,58837.4,40,56,1
8,3,44,JLI,6,22,256600,8.384,5.5,25.0,41.7,113.9,119274.8,40,56,1
8,3,44,JLI,6,23,256900,8.42,6.2,22.8,35.2,39.5,118760.2,40,56,1
8,3,44,JLI,6,24,257200,6.091,3.6,13.4,25.3,114.9,164176.7,40,56,1
8,3,44,JLI,6,25,257500,6.535,4.9,15.4,18.4,91.5,153030.0,40,56,1
8,3,44,JLI,6,26,257800,20.499,5.9,17.0,21.2,3992.7,48782.1,40,56,1
8,3,44,JLI,6,27,258100,8.091,4.9,20.8,27.7,136.5,123589.0,40,56,1
8,3,44,JLI,6,28,258400,7.027,4.8,16.9,22.7,26.2,142315.0,40,56,1
8,3,44,JLI,6,29,258700,8.132,5.8,20.6,25.6,28.2,122976.0,40,56,1
8,3,44,JLI,6,30,259000,9.425,7.1,19.9,30.4,126.0,106100.8,40,56,1
8,3,44,JLI,6,31,259300,10.008,8.4,23.2,31.5,37.7,99916.7,40,56,1
8,3,44,JLI,6,32,259600,27.737,9.1,26.8,52.3,4879.5,36052.5,40,56,1
8,3,44,JLI,6,33,259900,12.328,10.3,29.4,43.0,62.7,81118.4,40,56,1
8,3,44,JLI,6,34,260200,12.525,10.3,31.5,39.9,40.8,79842.4,40,56,1
8,3,44,JLI,6,35,260500,14.967,13.1,32.1,46.5,57.2,66815.1,40,56,1
8,3,44,JLI,6,36,260800,14.898,12.2,36.0,45.9,207.1,67124.6,40,56,1
8,3,44,JLI,6,37,261100,14.199,12.1,35.3,47.5,49.2,70427.5,40,56,1
8,3,44,JLI,6,38,261400,15.934,13.7,35.9,53.9,105.4,62758.9,40,56,1
8,3,44,JLI,6,39,261700,31.366,5.6,40.3,100.5,5627.1,31882.0,40,57,1
8,3,44,JLI,6,40,262000,17.222,4.6,18.2,87.2,3012.3,58065.3,41,57,1
8,3,44,JLI,6,41,262300,7.723,5.0,15.4,114.1,148.1,129483.4,41,57,1
8,3,44,JLI,6,42,262600,7.496,5.4,21.6,83.1,104.1,133398.6,41,57,1
8,3,44,JLI,6,43,262900,6.506,5.5,13.3,23.6,89.1,153696.4,41,57,1
8,3,44,JLI,6,44,263200,6.661,5.9,13.6,18.0,91.5,150120.1,41,57,1
8,3,44,JLI,6,45,263500,7.835,6.1,17.5,85.3,93.9,127627.0,41,57,1
8,3,44,JLI,6,46,263800,25.712,7.8,26.0,312.0,3947.9,38892.8,41,57,1
8,3,44,JLI,6,47,264100,7.556,6.2,19.2,25.9,31.7,132345.2,41,57,1
8,3,44,JLI,6,48,264400,8.419,6.9,20.1,25.6,47.9,118779.0,41,57,1
8,3,44,JLI,6,49,264700,9.674,7.5,25.1,30.4,139.1,103369.9,41,57,1
8,3,44,JLI,6,50,265000,10.391,8.0,24.5,83.4,93.5,96234.0,41,57,1
8,3,44,JLI,6,51,265300,27.913,8.5,26.5,44.5,5092.4,35825.6,41,57,1
8,3,44,JLI,6,52,265600,11.172,9.2,25.0,34.6,39.7,89512.1,41,57,1
8,3,44,JLI,6,53,265900,12.662,8.9,32.1,86.9,109.6,78978.6,41,57,1
8,3,44,JLI,6,54,266200,14.651,10.4,32.1,95.9,257.0,68253.2,41,57,1
8,3,44,JLI,6,55,266500,12.823,9.6,35.9,40.7,41.9,77986.9,41,57,1
8,3,44,JLI,6,56,266800,13.348,9.5,35.6,43.2,70.7,74917.6,41,57,1
8,3,44,JLI,6,57,267100,35.14,13.0,43.8,67.6,5713.2,28457.9,41,57,1
8,3,44,JLI,6,58,267400,17.053,13.1,43.8,59.3,92.4,58641.9,41,57,1
8,3,44,JLI,6,59,267700,36.766,12.6,50.2,63.7,6033.6,27199.0,41,58,1
8,3,44,JLI,6,60,268000,7.921,4.3,25.8,87.1,113.4,126241.4,41,58,1
8,3,44,JLI,6,61,268300,6.714,5.0,17.1,33.8,91.3,148942.5,41,58,1
8,3,44,JLI,6,62,268600,6.393,5.6,13.1,20.7,42.8,156412.9,41,58,1
8,3,44,JLI,6,63,268900,21.47,6.2,16.4,91.2,4126.3,46576.6,41,58,1
8,3,44,JLI,6,64,269200,7.818,7.1,16.0,20.3,87.0,127915.4,41,58,1
8,3,44,JLI,6,65,269500,9.796,8.3,20.3,24.2,101.0,102082.5,41,58,1
8,3,44,JLI,6,66,269800,9.865,9.2,22.3,26.6,27.8,101368.5,41,58,1
8,3,44,JLI,6,67,270100,10.764,9.2,23.9,28.8,92.3,92905.1,41,58,1
8,3,44,JLI,6,68,270400,12.758,11.5,29.4,38.5,46.2,78380.1,41,58,1
8,3,44,JLI,6,69,270700,26.598,10.1,30.4,38.0,4349.5,37596.8,41,58,1
8,3,44,JLI,6,70,271000,14.451,12.8,35.1,39.5,114.0,69201.0,41,58,1
8,3,44,JLI,6,71,271300,17.231,14.9,40.7,56.7,169.4,58033.8,41,58,1
8,3,44,JLI,6,72,271600,15.866,13.3,40.9,45.8,48.3,63029.2,41,58,1
8,3,44,JLI,6,73,271900,16.461,14.9,40.4,50.0,51.7,60750.9,41,58,1
8,3,44,JLI,6,74,272200,33.378,15.0,44.4,60.0,4751.4,29960.2,41,58,1
8,3,44,JLI,6,75,272500,18.511,15.7,42.5,57.6,115.0,54022.9,41,58,1
8,3,44,JLI,6,76,272800,22.424,19.7,53.5,59.4,65.9,44594.4,41,58,1
8,3,44,JLI,6,77,273100,21.664,17.6,53.8,66.4,152.2,46158.8,41,58,1
8,3,44,JLI,6,78,273400,22.633,17.6,56.3,81.9,101.9,44182.6,41,58,1
8,3,44,JLI,6,79,273700,24.321,20.3,65.1,72.1,130.6,41117.3,41,58,1
8,3,44,JLI,6,80,274000,40.272,14.0,63.4,91.4,6064.1,24831.4,41,59,1
8,3,44,JLI,6,81,274300,5.196,4.7,8.1,16.8,96.4,192468.1,41,59,1
8,3,44,JLI,6,82,274600,6.32,6.1,11.2,16.2,18.8,158219.5,41,59,1
8,3,44,JLI,6,83,274900,20.042,6.9,15.4,84.6,3625.7,49896.0,41,59,1
8,3,44,JLI,6,84,275200,8.88,8.3,18.3,21.9,35.5,112608.4,41,59,1
8,3,44,JLI,6,85,275500,10.585,9.2,20.8,25.1,155.6,94470.3,41,59,1
8,3,44,JLI,6,86,275800,11.422,10.3,25.3,28.4,28.9,87550.3,41,59,1
8,3,44,JLI,6,87,276100,12.817,10.8,28.6,33.1,110.2,78023.4,41,59,1
8,3,44,JLI,6,88,276400,31.841,13.6,34.7,69.2,5058.1,31405.7,41,59,1
8,3,44,JLI,6,89,276700,15.198,14.3,35.9,39.8,41.0,65799.6,41,59,1
8,3,44,JLI,6,90,277000,17.79,16.5,40.5,45.5,50.1,56212.4,41,59,1
8,3,44,JLI,6,91,277300,19.552,17.7,47.2,50.8,142.9,51145.7,41,59,1
8,3,44,JLI,6,92,277600,19.73,19.3,46.5,54.0,56.5,50685.1,41,59,1
8,3,44,JLI,6,93,277900,22.106,21.2,53.3,57.6,60.3,45237.3,41,59,1
8,3,44,JLI,6,94,278200,41.293,19.6,49.9,65.0,4933.7,24217.0,41,59,1
8,3,44,JLI,6,95,278500,23.5,21.8,58.1,68.8,80.7,42552.6,41,59,1
8,3,44,JLI,6,96,278800,24.232,21.1,60.5,69.0,72.9,41268.3,41,59,1
8,3,44,JLI,6,97,279100,24.981,22.6,61.6,75.3,80.0,40031.0,41,59,1
8,3,44,JLI,6,98,279400,26.219,23.0,68.7,80.2,81.7,38139.8,41,59,1
8,3,44,JLI,6,99,279700,27.713,24.3,76.3,85.1,93.3,36084.6,41,59,1
8,3,44,JLI,6,100,280000,49.342,23.7,80.2,157.7,6185.6,20266.6,41,60,1
8,3,44,JLI,6,101,280300,7.216,4.9,19.0,85.4,128.2,138574.5,41,60,1
8,3,44,JLI,6,102,280600,22.932,5.4,11.0,105.4,4878.1,43607.8,41,60,1
8,3,44,JLI,6,103,280900,7.057,6.3,14.0,15.7,107.7,141710.0,41,60,1
8,3,44,JLI,6,104,281200,8.938,7.8,18.3,30.7,172.4,111886.0,41,60,1
8,3,44,JLI,6,105,281500,9.401,8.7,19.8,24.0,26.9,106371.7,41,60,1
8,3,44,JLI,6,106,281800,10.672,8.7,22.0,35.3,159.3,93703.2,41,60,1
8,3,44,JLI,6,107,282100,28.204,9.3,21.5,35.4,5301.1,35456.0,41,60,1
8,3,44,JLI,6,108,282400,11.681,11.1,28.0,32.3,34.0,85611.5,41,60,1
8,3,44,JLI,6,109,282700,13.873,11.0,33.5,38.3,174.4,72082.5,41,60,1
8,3,44,JLI,6,110,283000,15.357,13.8,36.5,41.8,42.7,65118.3,41,60,1
8,3,44,JLI,6,111,283300,17.171,15.4,41.7,45.9,90.0,58236.6,41,60,1
8,3,44,JLI,6,112,283600,17.298,15.1,44.7,48.8,53.5,57811.3,41,60,1
8,3,44,JLI,6,113,283900,37.577,15.8,43.2,61.3,5776.0,26611.8,41,60,1
8,3,44,JLI,6,114,284200,18.717,17.5,42.9,51.1,54.6,53427.4,41,60,1
8,3,44,JLI,6,115,284500,18.142,13.7,46.2,57.4,67.0,55120.7,41,60,1
8,3,44,JLI,6,116,284800,21.316,17.4,53.2,66.5,94.7,46913.9,41,60,1
8,3,44,JLI,6,117,285100,21.41,16.8,57.1,68.2,70.5,46707.1,41,60,1
8,3,44,JLI,6,118,285400,26.673,25.2,61.3,71.4,88.2,37491.1,41,60,1
8,3,44,JLI,6,119,285700,40.68,18.3,61.9,85.7,5322.4,24582.1,41,60,1
8,3,44,JLI,6,120,286000,26.041,21.3,68.6,76.9,79.1,38400.5,41,60,1
8,3,44,JLI,6,121,286300,38.759,13.4,48.6,120.0,5641.6,25800.5,41,61,1
8,3,44,JLI,6,122,286600,6.312,3.6,19.1,82.3,99.8,158436.8,41,61,1
8,3,44,JLI,6,123,286900,6.466,5.0,15.4,35.5,42.8,154655.1,41,61,1
8,3,44,JLI,6,124,287200,23.313,6.1,18.1,30.2,4851.7,42894.5,42,61,1
8,3,44,JLI,6,125,287500,6.209,4.3,20.0,34.9,49.6,161056.5,42,61,1
8,3,44,JLI,6,126,287800,6.28,4.5,19.7,33.1,40.5,159235.7,42,61,1
8,3,44,JLI,6,127,288100,6.473,4.8,17.7,30.5,35.2,154487.9,42,61,1
8,3,44,JLI,6,128,288400,7.807,5.1,21.1,96.9,159.8,128084.7,42,61,1
8,3,44,JLI,6,129,288700,7.427,5.4,19.0,29.6,110.8,134643.9,42,61,1
8,3,44,JLI,6,130,289000,25.846,7.2,28.0,47.0,4851.0,38690.2,42,61,1
8,3,44,JLI,6,131,289300,8.034,6.1,20.9,32.0,40.4,124476.1,42,61,1
8,3,44,JLI,6,132,289600,7.765,6.5,17.9,30.5,31.0,128788.5,42,61,1
8,3,44,JLI,6,133,289900,8.069,6.3,18.5,28.1,41.8,123931.1,42,61,1
8,3,44,JLI,6,134,290200,7.752,6.4,14.8,31.3,37.8,128999.0,42,61,1
8,3,44,JLI,6,135,290500,27.635,7.2,24.1,107.9,5364.0,36185.6,42,61,1
8,3,44,JLI,6,136,290800,8.943,7.2,19.7,32.8,44.9,111815.1,42,61,1
8,3,44,JLI,6,137,291100,9.141,7.2,20.9,32.5,36.2,109401.2,42,61,1
8,3,44,JLI,6,138,291400,10.261,8.2,22.7,33.4,177.7,97456.4,42,61,1
8,3,44,JLI,6,139,291700,11.335,9.2,25.0,40.7,51.4,88224.9,42,61,1
8,3,44,JLI,6,140,292000,28.963,7.2,23.5,46.1,5804.0,34526.8,42,62,1
8,3,44,JLI,6,141,292300,23.156,5.0,25.5,88.3,4349.7,43184.7,42,62,1
8,3,44,JLI,6,142,292600,8.77,5.6,22.1,44.7,189.0,114025.1,42,62,1
8,3,44,JLI,6,143,292900,9.395,6.5,25.5,105.0,134.1,106435.8,42,62,1
8,3,44,JLI,6,144,293200,9.433,7.5,22.6,31.8,116.3,106014.6,42,62,1
8,3,44,JLI,6,145,293500,8.167,7.2,16.9,25.7,113.2,122444.0,42,62,1
8,3,44,JLI,6,146,293800,28.861,8.0,20.5,95.5,5749.0,34648.4,42,62,1
8,3,44,JLI,6,147,294100,9.776,8.9,21.9,25.4,27.0,102294.8,42,62,1
8,3,44,JLI,6,148,294400,10.814,9.6,25.7,29.8,30.4,92475.6,42,62,1
8,3,44,JLI,6,149,294700,14.175,12.0,30.8,67.4,188.3,70546.7,42,62,1
8,3,44,JLI,6,150,295000,14.759,12.6,34.2,58.7,71.5,67756.8,42,62,1
8,3,44,JLI,6,151,295300,16.691,13.5,39.1,49.8,222.5,59913.7,42,62,1
8,3,44,JLI,6,152,295600,33.884,13.1,38.2,85.0,5365.9,29512.5,42,62,1
8,3,44,JLI,6,153,295900,17.476,14.4,40.1,47.9,200.4,57221.3,42,62,1
8,3,44,JLI,6,154,296200,19.266,16.7,44.3,60.1,180.1,51904.0,42,62,1
8,3,44,JLI,6,155,296500,21.67,17.3,51.3,69.0,196.5,46146.0,42,62,1
8,3,44,JLI,6,156,296800,19.749,15.4,49.0,59.5,62.4,50634.6,42,62,1
8,3,44,JLI,6,157,297100,42.365,19.5,56.1,68.1,5811.5,23604.2,42,62,1
8,3,44,JLI,6,158,297400,24.906,20.8,59.4,74.5,215.2,40151.5,42,62,1
8,3,44,JLI,6,159,297700,24.796,21.8,61.9,69.5,75.2,40329.1,42,62,1
8,3,44,JLI,6,160,298000,45.006,20.8,65.8,85.4,5968.7,22219.4,42,63,1
8,3,44,JLI,6,161,298300,7.312,4.8,25.6,88.3,115.9,136755.3,42,63,1
8,3,44,JLI,6,162,298600,25.612,6.4,20.1,100.1,5066.2,39043.7,43,63,1
8,3,44,JLI,6,163,298900,9.362,6.6,18.8,83.5,237.5,106818.6,43,63,1
8,3,44,JLI,6,164,299200,7.315,6.1,16.8,31.8,154.6,136699.2,43,63,1
8,3,44,JLI,6,165,299500,7.592,6.5,12.7,23.5,100.0,131723.4,43,63,1
8,3,44,JLI,6,166,299800,7.459,6.9,12.8,22.2,27.1,134066.2,43,63,1
8,3,44,JLI,6,167,300000,8.45,8.6,15.4,17.9,23.4,118343.2,43,63,1
8,3,44,SkipList,6,1,250300,6.557,6.1,12.4,16.3,22.3,152508.8,0,0,0
8,3,44,SkipList,6,2,250600,5.798,5.5,9.9,12.4,16.4,172463.3,0,0,0
8,3,44,SkipList,6,3,250900,6.7,6.1,11.8,18.5,20.3,149246.3,0,0,0
8,3,44,SkipList,6,4,251200,6.027,5.8,9.8,12.7,17.1,165920.0,0,0,0
8,3,44,SkipList,6,5,251500,5.503,5.3,8.7,12.0,19.6,181708.1,0,0,0
8,3,44,SkipList,6,6,251800,5.364,5.1,9.1,11.8,12.4,186428.1,0,0,0
8,3,44,SkipList,6,7,252100,5.495,5.1,9.7,11.7,16.6,181983.6,0,0,0
8,3,44,SkipList,6,8,252400,5.483,4.9,8.6,13.2,98.2,182370.8,0,0,0
8,3,44,SkipList,6,9,252700,5.214,5.0,8.9,11.7,12.1,191779.0,0,0,0
8,3,44,SkipList,6,10,253000,5.347,5.0,9.3,10.7,17.2,187020.7,0,0,0
8,3,44,SkipList,6,11,253300,5.845,5.4,10.2,15.1,17.0,171086.3,0,0,0
8,3,44,SkipList,6,12,253600,6.168,5.7,11.5,12.7,17.4,162127.1,0,0,0
8,3,44,SkipList,6,13,253900,6.014,5.2,9.7,13.2,119.7,166278.7,0,0,0
8,3,44,SkipList,6,14,254200,5.205,4.9,8.8,11.7,14.8,192123.0,0,0,0
8,3,44,SkipList,6,15,254500,5.045,4.8,8.5,10.8,17.1,198202.9,0,0,0
8,3,44,SkipList,6,16,254800,5.288,5.1,8.5,12.0,12.3,189119.2,0,0,0
8,3,44,SkipList,6,17,255100,5.263,5.0,8.7,10.6,11.1,190017.7,0,0,0
8,3,44,SkipList,6,18,255400,10.59,5.1,9.3,14.9,1553.4,94428.7,0,0,0
8,3,44,SkipList,6,19,255700,6.363,6.0,11.9,16.9,17.5,157166.8,0,0,0
8,3,44,SkipList,6,20,256000,5.848,5.5,9.6,13.6,19.3,171008.4,0,0,0
8,3,44,SkipList,6,21,256300,5.574,5.2,9.3,12.5,16.6,179393.7,0,0,0
8,3,44,SkipList,6,22,256600,5.385,5.2,8.8,12.2,13.8,185712.5,0,0,0
8,3,44,SkipList,6,23,256900,5.819,5.1,9.7,13.5,126.2,171841.0,0,0,0
8,3,44,SkipList,6,24,257200,5.197,4.9,8.5,11.2,22.0,192431.0,0,0,0
8,3,44,SkipList,6,25,257500,5.392,5.3,8.6,9.9,14.9,185459.9,0,0,0
8,3,44,SkipList,6,26,257800,5.313,5.0,9.6,12.8,14.9,188205.8,0,0,0
8,3,44,SkipList,6,27,258100,6.109,5.7,11.0,15.3,21.3,163692.9,0,0,0
8,3,44,SkipList,6,28,258400,6.672,5.8,11.2,18.0,131.1,149880.1,0,0,0
8,3,44,SkipList,6,29,258700,6.474,6.0,11.3,14.0,20.6,154472.0,0,0,0
8,3,44,SkipList,6,30,259000,5.452,5.0,9.3,13.0,16.2,183407.7,0,0,0
8,3,44,SkipList,6,31,259300,5.672,5.2,10.0,13.4,19.5,176304.7,0,0,0
8,3,44,SkipList,6,32,259600,5.266,4.8,8.7,12.4,16.7,189909.4,0,0,0
8,3,44,SkipList,6,33,259900,5.247,4.6,9.1,11.2,97.8,190585.1,0,0,0
8,3,44,SkipList,6,34,260200,4.825,4.4,8.4,10.6,14.4,207239.5,0,0,0
8,3,44,SkipList,6,35,260500,4.73,4.4,8.4,10.3,12.5,211431.4,0,0,0
8,3,44,SkipList,6,36,260800,5.411,5.0,9.7,15.8,16.7,184820.2,0,0,0
8,3,44,SkipList,6,37,261100,5.298,5.1,9.0,11.2,15.0,188750.5,0,0,0
8,3,44,SkipList,6,38,261400,5.331,4.8,8.6,12.7,99.2,187593.8,0,0,0
8,3,44,SkipList,6,39,261700,4.669,4.3,8.0,10.3,11.4,214194.0,0,0,0
8,3,44,SkipList,6,40,262000,4.545,4.4,7.8,11.0,11.5,220022.1,0,0,0
8,3,44,SkipList,6,41,262300,4.418,4.3,7.2,8.9,10.9,226346.7,0,0,0
8,3,44,SkipList,6,42,262600,4.336,4.1,7.3,9.4,11.7,230609.6,0,0,0
8,3,44,SkipList,6,43,262900,4.606,4.2,7.0,10.7,84.0,217123.9,0,0,0
8,3,44,SkipList,6,44,263200,4.302,4.1,7.3,9.0,10.5,232450.0,0,0,0
8,3,44,SkipList,6,45,263500,4.516,4.1,8.7,11.0,14.6,221418.6,0,0,0
8,3,44,SkipList,6,46,263800,5.609,5.1,10.9,16.1,18.9,178274.3,0,0,0
8,3,44,SkipList,6,47,264100,5.198,4.9,9.1,11.9,13.5,192394.0,0,0,0
8,3,44,SkipList,6,48,264400,5.189,4.7,8.4,12.1,99.9,192703.0,0,0,0
8,3,44,SkipList,6,49,264700,4.472,4.3,7.3,11.2,14.4,223596.9,0,0,0
8,3,44,SkipList,6,50,265000,4.43,4.2,7.3,9.6,11.8,225716.7,0,0,0
8,3,44,SkipList,6,51,265300,4.4,4.2,7.0,9.8,10.2,227272.7,0,0,0
8,3,44,SkipList,6,52,265600,4.235,4.1,7.2,8.2,8.9,236108.9,0,0,0
8,3,44,SkipList,6,53,265900,4.638,4.2,7.1,9.1,94.6,215625.6,0,0,0
8,3,44,SkipList,6,54,266200,4.304,4.1,7.0,8.4,9.9,232342.0,0,0,0
8,3,44,SkipList,6,55,266500,5.645,5.1,11.0,18.5,23.7,177147.9,0,0,0
8,3,44,SkipList,6,56,266800,6.252,6.0,10.5,14.0,16.2,159940.2,0,0,0
8,3,44,SkipList,6,57,267100,5.368,5.2,9.2,11.4,15.4,186300.7,0,0,0
8,3,44,SkipList,6,58,267400,5.295,5.2,9.1,11.7,13.6,188857.4,0,0,0
8,3,44,SkipList,6,59,267700,5.472,4.7,9.2,12.3,115.8,182759.6,0,0,0
8,3,44,SkipList,6,60,268000,5.015,4.9,8.5,11.9,13.2,199415.1,0,0,0
8,3,44,SkipList,6,61,268300,4.756,4.6,7.9,9.6,10.4,210275.5,0,0,0
8,3,44,SkipList,6,62,268600,4.799,4.4,8.4,11.2,16.4,208376.7,0,0,0
8,3,44,SkipList,6,63,268900,4.852,4.6,8.2,9.7,13.8,206100.5,0,0,0
8,3,44,SkipList,6,64,269200,6.004,5.2,9.7,16.2,124.6,166555.7,0,0,0
8,3,44,SkipList,6,65,269500,5.456,5.2,9.8,12.6,20.1,183273.2,0,0,0
8,3,44,SkipList,6,66,269800,5.196,4.9,9.5,11.1,14.7,192455.7,0,0,0
8,3,44,SkipList,6,67,270100,4.785,4.7,7.8,10.2,12.0,209001.0,0,0,0
8,3,44,SkipList,6,68,270400,4.765,4.5,8.1,11.9,12.8,209863.5,0,0,0
8,3,44,SkipList,6,69,270700,4.743,4.2,7.9,9.5,82.6,210822.2,0,0,0
8,3,44,SkipList,6,70,271000,4.562,4.3,8.1,10.5,13.4,219202.1,0,0,0
8,3,44,SkipList,6,71,271300,4.432,4.2,7.4,10.6,12.6,225614.8,0,0,0
8,3,44,SkipList,6,72,271600,4.264,4.1,7.4,8.9,11.2,234540.0,0,0,0
8,3,44,SkipList,6,73,271900,4.862,4.5,8.5,14.6,20.6,205662.6,0,0,0
8,3,44,SkipList,6,74,272200,5.72,4.9,10.1,15.0,107.0,174814.9,0,0,0
8,3,44,SkipList,6,75,272500,5.06,4.7,8.3,10.8,11.3,197641.4,0,0,0
8,3,44,SkipList,6,76,272800,4.689,4.5,8.0,9.8,10.1,213249.9,0,0,0
8,3,44,SkipList,6,77,273100,4.376,4.1,7.6,9.0,10.3,228501.8,0,0,0
8,3,44,SkipList,6,78,273400,4.255,4.0,7.4,8.6,9.7,234999.2,0,0,0
8,3,44,SkipList,6,79,273700,10.704,4.2,7.5,10.7,1874.6,93425.9,0,0,0
8,3,44,SkipList,6,80,274000,4.435,4.1,7.4,9.9,14.3,225479.2,0,0,0
8,3,44,SkipList,6,81,274300,4.413,4.2,7.4,8.8,18.8,226620.3,0,0,0
8,3,44,SkipList,6,82,274600,4.653,4.4,7.7,12.4,12.8,214930.6,0,0,0
8,3,44,SkipList,6,83,274900,5.275,5.0,9.6,12.2,14.1,189573.5,0,0,0
8,3,44,SkipList,6,84,275200,5.302,4.6,8.2,10.4,93.7,188620.0,0,0,0
8,3,44,SkipList,6,85,275500,4.634,4.4,7.5,9.3,9.9,215780.8,0,0,0
8,3,44,SkipList,6,86,275800,4.308,4.0,7.2,9.1,10.9,232144.3,0,0,0
8,3,44,SkipList,6,87,276100,4.499,4.3,7.6,10.5,13.6,222255.2,0,0,0
8,3,44,SkipList,6,88,276400,4.346,4.1,7.1,8.4,14.4,230096.7,0,0,0
8,3,44,SkipList,6,89,276700,4.285,4.1,7.2,8.7,11.5,233390.4,0,0,0
8,3,44,SkipList,6,90,277000,4.505,3.9,7.3,9.6,90.2,221992.0,0,0,0
8,3,44,SkipList,6,91,277300,4.191,3.9,6.9,8.7,11.2,238625.4,0,0,0
8,3,44,SkipList,6,92,277600,4.705,4.4,8.5,14.0,18.7,212554.9,0,0,0
8,3,44,SkipList,6,93,277900,5.199,4.8,9.1,12.9,17.4,192344.7,0,0,0
8,3,44,SkipList,6,94,278200,5.459,5.1,8.9,12.1,20.5,183194.9,0,0,0
8,3,44,SkipList,6,95,278500,5.282,4.6,8.9,12.6,101.9,189334.1,0,0,0
8,3,44,SkipList,6,96,278800,4.726,4.5,8.0,9.6,10.1,211580.4,0,0,0
8,3,44,SkipList,6,97,279100,4.489,4.3,7.4,9.1,9.2,222750.3,0,0,0
8,3,44,SkipList,6,98,279400,4.537,4.3,8.1,9.9,14.1,220410.0,0,0,0
8,3,44,SkipList,6,99,279700,4.808,4.3,7.7,11.5,72.7,207972.2,0,0,0
8,3,44,SkipList,6,100,280000,4.204,4.0,7.0,8.9,12.2,237849.7,0,0,0
8,3,44,SkipList,6,101,280300,4.079,4.0,6.6,7.9,9.7,245158.2,0,0,0
8,3,44,SkipList,6,102,280600,3.991,3.8,6.9,9.5,10.0,250542.8,0,0,0
8,3,44,SkipList,6,103,280900,5.276,4.7,10.4,14.2,15.5,189537.5,0,0,0
8,3,44,SkipList,6,104,281200,5.18,4.5,8.2,9.9,109.9,193062.7,0,0,0
8,3,44,SkipList,6,105,281500,4.81,4.5,8.3,10.6,13.6,207900.2,0,0,0
8,3,44,SkipList,6,106,281800,4.484,4.4,7.5,10.2,10.6,223031.7,0,0,0
8,3,44,SkipList,6,107,282100,4.568,4.3,7.5,9.1,13.0,218930.1,0,0,0
8,3,44,SkipList,6,108,282400,4.297,4.1,7.2,8.8,9.3,232738.6,0,0,0
8,3,44,SkipList,6,109,282700,4.366,3.9,6.8,10.6,85.4,229060.0,0,0,0
8,3,44,SkipList,6,110,283000,4.008,3.8,6.7,8.9,11.2,249521.8,0,0,0
8,3,44,SkipList,6,111,283300,3.979,3.8,6.4,8.0,8.7,251319.4,0,0,0
8,3,44,SkipList,6,112,283600,3.914,3.7,6.5,8.5,8.9,255471.2,0,0,0
8,3,44,SkipList,6,113,283900,5.201,4.8,9.5,15.4,21.3,192283.0,0,0,0
8,3,44,SkipList,6,114,284200,5.061,4.8,9.2,13.6,14.7,197589.4,0,0,0
8,3,44,SkipList,6,115,284500,4.542,4.3,7.6,10.1,11.3,220151.2,0,0,0
8,3,44,SkipList,6,116,284800,4.377,4.1,7.3,9.2,11.7,228484.4,0,0,0
8,3,44,SkipList,6,117,285100,4.319,4.1,7.5,10.4,12.5,231517.2,0,0,0
8,3,44,SkipList,6,118,285400,4.124,3.8,6.9,9.7,10.2,242483.1,0,0,0
8,3,44,SkipList,6,119,285700,4.183,4.1,7.2,8.5,9.8,239081.9,0,0,0
8,3,44,SkipList,6,120,286000,4.451,3.9,7.2,8.3,82.9,224668.7,0,0,0
8,3,44,SkipList,6,121,286300,4.019,3.8,6.8,9.8,11.4,248838.7,0,0,0
8,3,44,SkipList,6,122,286600,4.067,3.8,6.8,8.2,9.3,245901.8,0,0,0
8,3,44,SkipList,6,123,286900,4.46,4.1,7.5,16.0,18.6,224198.5,0,0,0
8,3,44,SkipList,6,124,287200,4.923,4.5,8.5,13.3,17.8,203128.1,0,0,0
8,3,44,SkipList,6,125,287500,4.895,4.3,7.8,10.0,98.4,204304.0,0,0,0
8,3,44,SkipList,6,126,287800,4.419,4.3,7.2,8.9,9.2,226295.5,0,0,0
8,3,44,SkipList,6,127,288100,4.286,4.2,6.9,9.4,10.1,233335.9,0,0,0
8,3,44,SkipList,6,128,288400,4.16,3.9,7.0,8.2,11.3,240384.6,0,0,0
8,3,44,SkipList,6,129,288700,4.406,3.9,7.3,10.1,74.1,226980.4,0,0,0
8,3,44,SkipList,6,130,289000,4.129,4.1,6.9,8.0,8.5,242169.9,0,0,0
8,3,44,SkipList,6,131,289300,4.072,3.7,7.4,9.2,10.3,245579.6,0,0,0
8,3,44,SkipList,6,132,289600,3.945,3.8,6.2,6.9,7.4,253464.0,0,0,0
8,3,44,SkipList,6,133,289900,4.073,3.8,7.8,8.8,9.6,245519.3,0,0,0
8,3,44,SkipList,6,134,290200,5.009,4.3,9.6,14.5,90.1,199640.7,0,0,0
8,3,44,SkipList,6,135,290500,4.278,4.0,6.8,10.1,11.9,233754.2,0,0,0
8,3,44,SkipList,6,136,290800,4.24,4.0,7.0,9.9,10.4,235867.6,0,0,0
8,3,44,SkipList,6,137,291100,4.072,3.8,6.8,8.5,10.1,245559.5,0,0,0
8,3,44,SkipList,6,138,291400,3.811,3.6,6.0,7.8,11.7,262375.4,0,0,0
8,3,44,SkipList,6,139,291700,4.01,3.8,7.0,8.9,12.9,249355.9,0,0,0
8,3,44,SkipList,6,140,292000,4.154,3.9,7.3,8.6,29.0,240712.5,0,0,0
8,3,44,SkipList,6,141,292300,3.889,3.8,6.1,8.0,11.4,257157.7,0,0,0
8,3,44,SkipList,6,142,292600,3.984,3.8,6.5,8.2,9.7,251004.1,0,0,0
8,3,44,SkipList,6,143,292900,4.4,4.2,7.7,11.3,13.3,227289.8,0,0,0
8,3,44,SkipList,6,144,293200,5.117,4.7,8.8,11.1,12.7,195414.3,0,0,0
8,3,44,SkipList,6,145,293500,5.177,4.5,8.3,12.0,97.4,193162.1,0,0,0
8,3,44,SkipList,6,146,293800,4.347,4.2,7.2,9.9,11.2,230043.8,0,0,0
8,3,44,SkipList,6,147,294100,4.332,4.2,7.5,9.8,10.4,230822.6,0,0,0
8,3,44,SkipList,6,148,294400,4.272,4.1,7.1,8.9,14.4,234100.7,0,0,0
8,3,44,SkipList,6,149,294700,4.188,4.1,6.7,8.6,12.0,238777.5,0,0,0
8,3,44,SkipList,6,150,295000,4.447,4.0,7.3,11.4,80.3,224887.6,0,0,0
8,3,44,SkipList,6,151,295300,4.173,4.0,7.0,9.4,10.5,239654.9,0,0,0
8,3,44,SkipList,6,152,295600,4.089,3.9,6.5,8.7,10.8,244578.4,0,0,0
8,3,44,SkipList,6,153,295900,4.024,3.8,6.9,9.2,11.5,248488.4,0,0,0
8,3,44,SkipList,6,154,296200,4.862,4.2,8.2,11.4,98.4,205676.7,0,0,0
8,3,44,SkipList,6,155,296500,5.101,4.7,9.6,12.8,15.1,196052.8,0,0,0
8,3,44,SkipList,6,156,296800,5.409,5.0,9.2,15.3,17.0,184865.6,0,0,0
8,3,44,SkipList,6,157,297100,5.126,4.9,8.7,10.6,11.8,195071.2,0,0,0
8,3,44,SkipList,6,158,297400,4.513,4.3,8.0,9.2,10.6,221598.4,0,0,0
8,3,44,SkipList,6,159,297700,4.58,3.9,7.9,11.8,79.4,218356.5,0,0,0
8,3,44,SkipList,6,160,298000,4.276,4.0,7.3,9.4,12.5,233863.4,0,0,0
8,3,44,SkipList,6,161,298300,4.296,4.1,7.6,8.9,11.7,232792.7,0,0,0
8,3,44,SkipList,6,162,298600,4.101,3.9,6.9,8.7,10.1,243823.2,0,0,0
8,3,44,SkipList,6,163,298900,4.057,3.6,7.3,9.7,13.4,246507.7,0,0,0
8,3,44,SkipList,6,164,299200,4.305,3.8,7.5,9.7,70.6,232306.0,0,0,0
8,3,44,SkipList,6,165,299500,5.179,4.8,9.3,13.9,18.1,193087.5,0,0,0
8,3,44,SkipList,6,166,299800,4.893,4.5,8.0,12.4,14.1,204373.6,0,0,0
8,3,44,SkipList,6,167,300000,4.702,4.5,8.3,10.2,12.1,212675.4,0,0,0
8,4,45,JLI,1,1,300,15.694,4.5,27.9,69.6,2249.4,63717.2,10,14,1
8,4,45,JLI,1,2,600,6.387,5.1,10.3,31.8,43.6,156576.2,10,14,1
8,4,45,JLI,1,3,900,6.681,5.9,11.8,31.3,38.6,149678.2,10,14,1
8,4,45,JLI,1,4,1200,12.849,7.0,15.7,39.3,1541.1,77829.1,10,14,1
8,4,45,JLI,1,5,1500,8.983,8.0,18.2,44.5,59.1,111317.3,10,14,1
8,4,45,JLI,1,6,1800,9.905,9.1,21.8,25.3,56.5,100962.5,10,14,1
8,4,45,JLI,1,7,2100,10.818,9.8,24.2,29.3,54.1,92441.4,10,14,1
8,4,45,JLI,1,8,2400,12.334,10.1,30.0,34.8,148.7,81076.7,10,14,1
8,4,45,JLI,1,9,2700,13.326,11.2,34.0,44.8,70.3,75043.2,10,14,1
8,4,45,JLI,1,10,3000,20.048,11.3,33.3,55.2,1894.4,49880.3,10,14,1
8,4,45,JLI,1,11,3300,13.924,11.9,36.2,46.3,60.5,71820.2,10,14,1
8,4,45,JLI,1,12,3600,15.194,11.8,41.2,49.2,50.1,65814.0,10,14,1
8,4,45,JLI,1,13,3900,17.623,14.2,47.9,56.9,60.9,56745.1,10,14,1
8,4,45,JLI,1,14,4200,18.626,16.3,47.1,54.9,59.4,53687.4,10,14,1
8,4,45,JLI,1,15,4500,26.894,18.5,56.1,72.3,1805.0,37183.5,10,14,1
8,4,45,JLI,1,16,4800,20.627,17.1,56.0,66.0,69.2,48479.4,10,14,1
8,4,45,JLI,1,17,5100,20.412,17.7,51.9,69.3,117.8,48990.8,10,14,1
8,4,45,JLI,1,18,5400,24.21,20.0,63.7,75.0,82.8,41304.7,10,14,1
8,4,45,JLI,1,19,5700,26.668,24.8,68.3,79.6,81.6,37498.1,10,14,1
8,4,45,JLI,1,20,6000,29.133,26.2,74.1,84.5,98.1,34325.3,10,14,1
8,4,45,JLI,1,21,6300,27.946,15.6,67.3,87.2,1867.6,35782.9,10,15,1
8,4,45,JLI,1,22,6600,9.673,6.2,23.0,34.7,96.4,103380.5,10,15,1
8,4,45,JLI,1,23,6900,5.2,4.4,8.3,31.9,35.2,192307.7,10,15,1
8,4,45,JLI,1,24,7200,10.325,4.9,9.4,17.4,1489.1,96849.2,10,15,1
8,4,45,JLI,1,25,7500,6.541,5.8,12.2,31.1,38.1,152881.9,10,15,1
8,4,45,JLI,1,26,7800,7.606,6.4,15.9,32.3,52.4,131475.1,10,15,1
8,4,45,JLI,1,27,8100,8.145,6.7,17.9,31.6,34.2,122769.7,10,15,1
8,4,45,JLI,1,28,8400,10.094,8.4,22.2,44.0,50.4,99065.5,10,15,1
8,4,45,JLI,1,29,8700,10.139,8.3,23.3,34.6,61.1,98625.8,10,15,1
8,4,45,JLI,1,30,9000,17.347,10.1,29.1,45.7,1767.9,57648.0,10,15,1
8,4,45,JLI,1,31,9300,11.59,9.8,26.5,35.6,42.0,86278.8,10,15,1
8,4,45,JLI,1,32,9600,14.513,12.5,30.6,50.7,64.1,68905.3,10,15,1
8,4,45,JLI,1,33,9900,14.604,12.7,33.0,43.7,63.4,68472.8,10,15,1
8,4,45,JLI,1,34,10200,14.647,11.7,38.8,43.9,45.9,68274.9,10,15,1
8,4,45,JLI,1,35,10500,23.816,14.1,44.7,79.7,1977.7,41988.0,10,15,1
8,4,45,JLI,1,36,10800,15.464,12.7,38.2,45.9,52.4,64667.7,10,15,1
8,4,45,JLI,1,37,11100,15.058,12.1,27.0,48.8,578.4,66408.4,10,15,1
8,4,45,JLI,1,38,11400,13.951,13.0,28.6,43.4,67.3,71679.5,10,15,1
8,4,45,JLI,1,39,11700,14.258,13.3,29.4,35.7,51.3,70136.1,10,15,1
8,4,45,JLI,1,40,12000,13.526,12.2,28.5,35.6,65.4,73929.9,10,15,1
8,4,45,JLI,1,41,12300,14.955,13.8,33.4,36.9,38.5,66865.8,10,15,1
8,4,45,JLI,1,42,12600,22.835,12.9,39.1,57.7,2250.0,43793.1,10,16,1
8,4,45,JLI,1,43,12900,11.104,9.0,25.4,33.9,45.8,90060.3,10,16,1
8,4,45,JLI,1,44,13200,11.826,5.4,18.4,40.7,1406.0,84557.1,10,16,1
8,4,45,JLI,1,45,13500,7.244,6.5,15.7,21.9,37.6,138038.9,10,16,1
8,4,45,JLI,1,46,13800,7.203,6.2,14.9,39.4,54.0,138831.1,10,16,1
8,4,45,JLI,1,47,14100,7.457,6.2,17.0,34.4,42.4,134096.2,10,16,1
8,4,45,JLI,1,48,14400,9.042,8.1,21.2,34.5,36.8,110595.0,10,16,1
8,4,45,JLI,1,49,14700,15.758,7.8,24.6,41.5,1732.0,63459.8,10,16,1
8,4,45,JLI,1,50,15000,10.329,9.0,24.2,35.0,43.7,96817.9,10,16,1
8,4,45,JLI,1,51,15300,12.952,10.6,30.5,58.6,86.1,77208.2,10,16,1
8,4,45,JLI,1,52,15600,12.334,10.1,29.1,41.4,66.7,81074.5,10,16,1
8,4,45,JLI,1,53,15900,12.357,10.1,28.8,39.7,63.7,80925.8,10,16,1
8,4,45,JLI,1,54,16200,12.553,9.8,33.0,44.3,60.2,79662.2,10,16,1
8,4,45,JLI,1,55,16500,20.487,9.9,39.5,50.0,1956.9,48812.2,10,16,1
8,4,45,JLI,1,56,16800,16.044,11.8,43.5,51.1,55.3,62328.6,10,16,1
8,4,45,JLI,1,57,17100,16.675,13.0,47.5,55.5,61.8,59970.0,10,16,1
8,4,45,JLI,1,58,17400,18.022,13.9,48.1,60.7,63.3,55487.7,10,16,1
8,4,45,JLI,1,59,17700,19.816,15.0,52.8,61.9,63.4,50464.3,10,16,1
8,4,45,JLI,1,60,18000,26.827,15.9,56.1,90.7,2010.3,37275.9,10,16,1
8,4,45,JLI,1,61,18300,21.364,16.0,58.7,69.9,73.2,46807.0,10,16,1
8,4,45,JLI,1,62,18600,29.311,16.1,63.6,84.3,2099.3,34116.5,10,17,1
8,4,45,JLI,1,63,18900,22.185,14.3,63.1,74.6,77.0,45074.8,10,17,1
8,4,45,JLI,1,64,19200,23.502,17.0,69.5,77.6,78.8,42550.2,10,17,1
8,4,45,JLI,1,65,19500,23.233,17.0,62.2,87.0,88.4,43042.2,10,17,1
8,4,45,JLI,1,66,19800,28.804,16.6,62.4,78.0,1721.5,34717.4,10,17,1
8,4,45,JLI,1,67,20100,27.511,23.0,68.9,117.6,136.3,36349.1,10,17,1
8,4,45,JLI,1,68,20400,26.628,20.5,72.6,94.9,123.7,37554.9,10,17,1
8,4,45,JLI,1,69,20700,29.762,23.3,78.4,95.2,104.2,33599.5,10,17,1
8,4,45,JLI,1,70,21000,29.545,22.9,79.6,91.0,96.1,33847.1,10,17,1
8,4,45,JLI,1,71,21300,36.403,24.4,83.9,101.7,1859.8,27470.3,10,17,1
8,4,45,JLI,1,72,21600,31.561,24.3,88.6,103.3,113.3,31684.7,10,17,1
8,4,45,JLI,1,73,21900,32.004,24.2,81.2,105.6,114.5,31245.8,10,17,1
8,4,45,JLI,1,74,22200,33.089,23.1,98.4,115.8,125.6,30221.8,10,17,1
8,4,45,JLI,1,75,22500,36.282,26.4,101.3,119.0,290.8,27562.1,10,17,1
8,4,45,JLI,1,76,22800,35.633,24.2,104.0,123.7,134.5,28063.6,10,17,1
8,4,45,JLI,1,77,23100,45.278,29.3,107.3,133.2,1917.1,22085.8,10,17,1
8,4,45,JLI,1,78,23400,40.248,32.5,107.6,141.9,160.8,24845.7,10,17,1
8,4,45,JLI,1,79,23700,42.386,30.9,123.4,133.7,160.0,23592.7,10,17,1
8,4,45,JLI,1,80,24000,36.87,26.0,98.2,130.8,140.3,27122.6,10,17,1
8,4,45,JLI,1,81,24300,38.829,28.4,108.4,135.2,147.2,25754.2,10,17,1
8,4,45,JLI,1,82,24600,38.154,16.1,95.6,138.0,2232.5,26209.3,10,18,1
8,4,45,JLI,1,83,24900,7.771,5.0,19.0,30.6,180.2,128683.6,10,18,1
8,4,45,JLI,1,84,25200,5.249,4.7,10.9,14.1,32.6,190500.4,10,18,1
8,4,45,JLI,1,85,25500,5.295,4.9,9.1,18.9,34.9,188857.4,10,18,1
8,4,45,JLI,1,86,25800,5.95,5.2,13.0,30.0,37.4,168076.6,10,18,1
8,4,45,JLI,1,87,26100,8.377,6.8,19.8,33.8,65.8,119379.2,10,18,1
8,4,45,JLI,1,88,26400,11.959,7.1,19.7,37.2,1054.2,83616.7,10,18,1
8,4,45,JLI,1,89,26700,8.217,7.5,18.0,22.2,38.0,121694.0,10,18,1
8,4,45,JLI,1,90,27000,9.339,8.2,24.3,33.1,34.3,107077.8,10,18,1
8,4,45,JLI,1,91,27300,9.363,7.1,24.7,29.2,32.8,106799.5,10,18,1
8,4,45,JLI,1,92,27600,10.031,7.2,25.5,33.4,64.7,99690.9,10,18,1
8,4,45,JLI,1,93,27900,16.4,9.1,34.7,40.8,1436.6,60976.9,10,18,1
8,4,45,JLI,1,94,28200,11.983,9.2,35.2,38.9,40.1,83451.6,10,18,1
8,4,45,JLI,1,95,28500,12.971,9.5,37.6,43.2,44.9,77097.0,10,18,1
8,4,45,JLI,1,96,28800,14.218,11.9,36.0,44.9,48.7,70333.4,10,18,1
8,4,45,JLI,1,97,29100,15.347,11.8,41.8,51.5,57.0,65160.7,10,18,1
8,4,45,JLI,1,98,29400,15.138,11.4,35.6,53.8,54.6,66058.9,10,18,1
8,4,45,JLI,1,99,29700,21.4,12.0,48.2,64.3,1388.4,46729.0,10,18,1
8,4,45,JLI,1,100,30000,18.33,13.9,50.8,59.5,72.7,54554.4,10,18,1
8,4,45,JLI,1,101,30300,17.976,14.1,45.6,60.3,61.8,55629.7,10,18,1
8,4,45,JLI,1,102,30600,20.379,6.0,50.1,67.3,1940.4,49069.3,10,19,1
8,4,45,JLI,1,103,30900,5.019,4.9,7.9,9.8,11.5,199229.7,10,19,1
8,4,45,JLI,1,104,31200,9.786,6.1,10.9,12.4,1053.1,102190.3,11,19,1
8,4,45,JLI,1,105,31500,4.644,4.6,7.3,8.2,12.2,215347.1,11,19,1
8,4,45,JLI,1,106,31800,5.388,5.2,9.4,11.0,15.0,185609.1,11,19,1
8,4,45,JLI,1,107,32100,6.005,5.4,11.4,13.6,14.2,166527.9,11,19,1
8,4,45,JLI,1,108,32400,7.071,6.3,13.8,15.7,55.8,141416.0,11,19,1
8,4,45,JLI,1,109,32700,7.842,7.1,15.4,21.6,22.7,127513.1,11,19,1
8,4,45,JLI,1,110,33000,11.742,6.9,13.8,20.2,1232.8,85161.9,12,19,1
8,4,45,JLI,1,111,33300,8.067,7.2,14.9,36.0,44.8,123967.0,12,19,1
8,4,45,JLI,1,112,33600,8.227,7.6,15.5,17.6,18.5,121555.9,12,19,1
8,4,45,JLI,1,113,33900,9.3,8.5,18.3,24.1,38.6,107530.7,12,19,1
8,4,45,JLI,1,114,34200,10.033,8.4,20.7,36.6,53.7,99671.1,12,19,1
8,4,45,JLI,1,115,34500,14.462,8.8,21.3,40.1,1229.0,69145.1,12,19,1
8,4,45,JLI,1,116,34800,10.018,7.9,21.2,25.3,26.0,99820.3,12,19,1
8,4,45,JLI,1,117,35100,11.086,9.1,23.5,38.3,64.9,90206.6,12,19,1
8,4,45,JLI,1,118,35400,11.039,9.6,24.1,29.7,35.5,90590.7,12,19,1
8,4,45,JLI,1,119,35700,13.223,11.5,27.3,40.1,70.1,75625.8,12,19,1
8,4,45,JLI,1,120,36000,12.183,9.6,27.6,31.3,47.0,82083.8,12,19,1
8,4,45,JLI,1,121,36300,14.596,12.2,29.6,50.6,87.0,68511.9,12,19,1
8,4,45,JLI,1,122,36600,14.561,6.8,23.3,30.7,1691.9,68676.6,12,20,1
8,4,45,JLI,1,123,36900,13.556,7.0,19.4,31.3,1476.6,73769.9,12,20,1
8,4,45,JLI,1,124,37200,6.038,5.2,15.0,24.8,27.7,165617.7,12,20,1
8,4,45,JLI,1,125,37500,5.357,3.9,13.0,16.5,39.1,186671.5,12,20,1
8,4,45,JLI,1,126,37800,4.679,3.3,11.7,14.9,20.2,213736.2,12,20,1
8,4,45,JLI,1,127,38100,5.093,4.5,10.1,14.8,20.2,196335.0,12,20,1
8,4,45,JLI,1,128,38400,6.22,5.9,12.2,17.5,20.8,160780.3,12,20,1
8,4,45,JLI,1,129,38700,11.33,7.2,14.2,26.5,1119.6,88261.2,12,20,1
8,4,45,JLI,1,130,39000,11.975,7.8,17.3,23.8,977.4,83509.6,12,20,1
8,4,45,JLI,1,131,39300,9.538,8.7,19.3,22.7,26.7,104843.8,12,20,1
8,4,45,JLI,1,132,39600,10.729,9.9,22.8,28.7,29.6,93208.2,12,20,1
8,4,45,JLI,1,133,39900,5.209,3.2,14.4,24.0,26.4,191987.7,12,20,1
8,4,45,JLI,1,134,40200,9.243,4.3,9.3,13.6,1284.6,108190.0,12,20,1
8,4,45,JLI,1,135,40500,6.639,6.2,11.7,21.6,44.2,150625.1,12,20,1
8,4,45,JLI,1,136,40800,7.15,6.9,14.4,18.1,24.7,139860.1,12,20,1
8,4,45,JLI,1,137,41100,7.995,7.3,15.4,18.4,20.1,125083.4,12,20,1
8,4,45,JLI,1,138,41400,9.442,8.7,19.6,24.1,27.7,105906.0,12,20,1
8,4,45,JLI,1,139,41700,11.122,9.9,23.8,29.6,30.3,89911.9,12,20,1
8,4,45,JLI,1,140,42000,18.085,11.4,26.8,36.6,1754.7,55294.4,12,20,1
8,4,45,JLI,1,141,42300,12.834,11.3,29.9,34.6,36.5,77918.0,12,20,1
8,4,45,JLI,1,142,42600,19.254,10.2,35.0,43.1,1722.6,51938.2,12,21,1
8,4,45,JLI,1,143,42900,7.326,5.2,20.3,35.8,41.8,136493.9,12,21,1
8,4,45,JLI,1,144,43200,7.619,5.8,17.6,28.2,61.8,131256.6,12,21,1
8,4,45,JLI,1,145,43500,7.726,5.7,17.9,34.8,51.8,129438.7,12,21,1
8,4,45,JLI,1,146,43800,11.615,5.6,15.4,37.2,1424.2,86093.1,12,21,1
8,4,45,JLI,1,147,44100,7.203,5.8,16.0,20.0,24.5,138831.0,12,21,1
8,4,45,JLI,1,148,44400,6.855,5.6,15.6,19.6,78.1,145886.0,12,21,1
8,4,45,JLI,1,149,44700,6.668,5.8,13.9,17.6,21.3,149970.1,12,21,1
8,4,45,JLI,1,150,45000,3.759,3.2,7.0,11.9,14.3,266028.2,12,21,1
8,4,45,JLI,1,151,45300,11.361,5.0,12.9,21.2,1646.4,88017.8,12,21,1
8,4,45,JLI,1,152,45600,5.321,4.8,10.3,11.4,12.5,187922.8,12,21,1
8,4,45,JLI,1,153,45900,6.872,6.3,14.2,19.1,19.5,145525.1,12,21,1
8,4,45,JLI,1,154,46200,7.527,6.7,16.0,19.0,20.8,132855.1,12,21,1
8,4,45,JLI,1,155,46500,8.312,7.5,17.6,21.0,53.7,120308.0,12,21,1
8,4,45,JLI,1,156,46800,14.001,7.9,20.5,24.4,1560.5,71423.5,12,21,1
8,4,45,JLI,1,157,47100,10.154,8.7,24.3,29.0,32.3,98480.1,12,21,1
8,4,45,JLI,1,158,47400,9.54,8.3,21.4,30.7,33.6,104818.1,12,21,1
8,4,45,JLI,1,159,47700,10.989,9.7,25.0,34.7,36.2,91002.9,12,21,1
8,4,45,JLI,1,160,48000,11.416,9.5,24.9,36.3,40.2,87596.4,12,21,1
8,4,45,JLI,1,161,48300,16.357,13.3,39.3,57.4,62.1,61134.7,12,21,1
8,4,45,JLI,1,162,48600,24.684,9.2,40.5,56.9,3420.8,40512.1,12,22,1
8,4,45,JLI,1,163,48900,7.473,5.6,21.0,37.0,48.8,133821.0,12,22,1
8,4,45,JLI,1,164,49200,7.121,5.8,17.0,23.5,28.0,140423.2,12,22,1
8,4,45,JLI,1,165,49500,14.345,5.7,18.1,33.3,2098.4,69709.1,12,22,1
8,4,45,JLI,1,166,49800,7.505,6.0,18.5,27.0,53.8,133244.5,12,22,1
8,4,45,JLI,1,167,50000,4.55,3.0,13.2,19.7,21.4,219780.1,12,22,1
8,4,45,SkipList,1,1,300,5.466,5.2,9.8,12.5,13.4,182960.3,0,0,0
8,4,45,SkipList,1,2,600,4.626,4.4,7.9,10.5,12.3,216169.5,0,0,0
8,4,45,SkipList,1,3,900,4.435,3.9,7.4,9.7,92.2,225496.1,0,0,0
8,4,45,SkipList,1,4,1200,4.152,3.9,6.9,9.5,11.0,240828.4,0,0,0
8,4,45,SkipList,1,5,1500,4.014,3.8,6.7,8.5,14.6,249128.1,0,0,0
8,4,45,SkipList,1,6,1800,5.223,4.6,9.4,14.3,35.5,191473.1,0,0,0
8,4,45,SkipList,1,7,2100,5.532,4.9,10.3,14.8,88.2,180755.5,0,0,0
8,4,45,SkipList,1,8,2400,4.202,3.9,7.6,9.7,10.2,237982.0,0,0,0
8,4,45,SkipList,1,9,2700,4.044,3.8,6.9,8.6,13.9,247300.4,0,0,0
8,4,45,SkipList,1,10,3000,3.854,3.8,6.4,8.5,9.7,259448.3,0,0,0
8,4,45,SkipList,1,11,3300,3.975,3.6,6.7,9.3,57.2,251551.1,0,0,0
8,4,45,SkipList,1,12,3600,3.668,3.5,6.2,8.1,10.4,272652.9,0,0,0
8,4,45,SkipList,1,13,3900,3.53,3.4,5.6,6.9,7.3,283259.4,0,0,0
8,4,45,SkipList,1,14,4200,3.571,3.4,5.8,7.1,10.6,280059.9,0,0,0
8,4,45,SkipList,1,15,4500,3.702,3.4,5.5,7.6,56.5,270148.6,0,0,0
8,4,45,SkipList,1,16,4800,3.441,3.3,5.4,6.8,8.0,290641.4,0,0,0
8,4,45,SkipList,1,17,5100,3.48,3.3,5.6,7.8,9.9,287328.8,0,0,0
8,4,45,SkipList,1,18,5400,4.306,4.0,7.5,11.6,14.4,232252.2,0,0,0
8,4,45,SkipList,1,19,5700,4.51,4.1,6.8,10.9,71.8,221745.8,0,0,0
8,4,45,SkipList,1,20,6000,3.888,3.8,6.5,9.1,13.6,257223.6,0,0,0
8,4,45,SkipList,1,21,6300,3.793,3.6,6.2,8.3,11.0,263620.3,0,0,0
8,4,45,SkipList,1,22,6600,3.663,3.5,6.1,7.3,11.0,272975.3,0,0,0
8,4,45,SkipList,1,23,6900,3.771,3.6,5.6,7.3,60.5,265205.2,0,0,0
8,4,45,SkipList,1,24,7200,3.614,3.5,5.8,7.4,10.8,276701.7,0,0,0
8,4,45,SkipList,1,25,7500,3.486,3.4,5.4,7.2,9.4,286834.3,0,0,0
8,4,45,SkipList,1,26,7800,3.345,3.3,5.2,6.5,6.9,298953.7,0,0,0
8,4,45,SkipList,1,27,8100,3.653,3.3,5.6,9.5,59.2,273722.6,0,0,0
8,4,45,SkipList,1,28,8400,3.325,3.2,5.3,6.7,8.9,300751.9,0,0,0
8,4,45,SkipList,1,29,8700,3.334,3.2,5.3,6.3,6.9,299970.0,0,0,0
8,4,45,SkipList,1,30,9000,4.154,3.9,7.0,10.9,13.5,240731.8,0,0,0
8,4,45,SkipList,1,31,9300,8.644,3.8,7.7,13.1,1326.2,115682.7,0,0,0
8,4,45,SkipList,1,32,9600,3.863,3.7,6.6,7.9,11.2,258866.1,0,0,0
8,4,45,SkipList,1,33,9900,3.679,3.5,5.9,8.0,10.1,271837.5,0,0,0
8,4,45,SkipList,1,34,10200,3.585,3.5,5.6,8.4,9.2,278940.0,0,0,0
8,4,45,SkipList,1,35,10500,3.457,3.4,5.4,6.0,7.9,289268.3,0,0,0
8,4,45,SkipList,1,36,10800,3.689,3.3,5.5,7.9,55.1,271076.3,0,0,0
8,4,45,SkipList,1,37,11100,3.331,3.2,5.1,6.6,8.3,300210.1,0,0,0
8,4,45,SkipList,1,38,11400,3.281,3.2,5.2,6.1,7.0,304816.2,0,0,0
8,4,45,SkipList,1,39,11700,3.198,3.1,5.0,6.8,7.2,312727.9,0,0,0
8,4,45,SkipList,1,40,12000,3.495,3.2,5.5,6.4,52.4,286123.2,0,0,0
8,4,45,SkipList,1,41,12300,4.463,4.1,8.2,13.1,20.7,224081.4,0,0,0
8,4,45,SkipList,1,42,12600,4.357,4.0,7.4,9.3,14.6,229533.2,0,0,0
8,4,45,SkipList,1,43,12900,4.2,4.1,6.6,10.0,11.8,238114.1,0,0,0
8,4,45,SkipList,1,44,13200,4.228,3.8,7.5,11.8,59.7,236499.8,0,0,0
8,4,45,SkipList,1,45,13500,4.208,3.9,7.3,9.3,15.3,237661.4,0,0,0
8,4,45,SkipList,1,46,13800,4.053,3.8,6.5,8.6,34.8,246710.6,0,0,0
8,4,45,SkipList,1,47,14100,3.833,3.6,6.1,11.6,12.9,260915.0,0,0,0
8,4,45,SkipList,1,48,14400,4.004,3.5,6.3,10.5,62.1,249750.3,0,0,0
8,4,45,SkipList,1,49,14700,3.804,3.5,6.4,9.5,10.4,262881.3,0,0,0
8,4,45,SkipList,1,50,15000,3.668,3.5,5.9,7.5,8.5,272628.1,0,0,0
8,4,45,SkipList,1,51,15300,3.637,3.4,6.1,8.1,10.7,274926.6,0,0,0
8,4,45,SkipList,1,52,15600,4.078,3.6,6.5,13.4,63.6,245238.3,0,0,0
8,4,45,SkipList,1,53,15900,4.603,4.3,8.2,10.7,11.0,217233.8,0,0,0
8,4,45,SkipList,1,54,16200,4.974,4.7,8.5,11.0,14.0,201031.9,0,0,0
8,4,45,SkipList,1,55,16500,4.762,4.4,8.1,10.7,14.9,209981.0,0,0,0
8,4,45,SkipList,1,56,16800,4.599,4.1,7.3,10.9,74.3,217422.8,0,0,0
8,4,45,SkipList,1,57,17100,3.865,3.7,6.4,7.9,9.2,258709.9,0,0,0
8,4,45,SkipList,1,58,17400,3.825,3.7,6.4,7.6,8.2,261415.0,0,0,0
8,4,45,SkipList,1,59,17700,3.808,3.5,6.5,8.2,10.9,262604.9,0,0,0
8,4,45,SkipList,1,60,18000,3.935,3.6,6.2,8.3,65.6,254151.1,0,0,0
8,4,45,SkipList,1,61,18300,3.646,3.5,6.1,7.3,7.9,274298.2,0,0,0
8,4,45,SkipList,1,62,18600,3.677,3.6,5.8,7.7,9.1,271936.2,0,0,0
8,4,45,SkipList,1,63,18900,3.583,3.4,5.7,7.8,9.6,279095.6,0,0,0
8,4,45,SkipList,1,64,19200,4.627,4.0,8.4,15.2,79.6,216138.3,0,0,0
8,4,45,SkipList,1,65,19500,4.205,4.1,6.9,8.2,10.0,237831.0,0,0,0
8,4,45,SkipList,1,66,19800,3.937,3.8,6.3,9.0,12.4,254022.0,0,0,0
8,4,45,SkipList,1,67,20100,3.999,3.8,6.7,8.3,13.7,250062.5,0,0,0
8,4,45,SkipList,1,68,20400,4.008,3.6,6.2,9.8,61.7,249521.7,0,0,0
8,4,45,SkipList,1,69,20700,3.788,3.6,6.3,7.7,8.7,263991.5,0,0,0
8,4,45,SkipList,1,70,21000,3.591,3.4,5.5,6.6,10.4,278499.9,0,0,0
8,4,45,SkipList,1,71,21300,3.627,3.5,5.6,6.6,9.9,275735.2,0,0,0
8,4,45,SkipList,1,72,21600,3.732,3.4,6.0,7.7,58.7,267952.8,0,0,0
8,4,45,SkipList,1,73,21900,3.558,3.4,5.6,6.9,13.1,281083.0,0,0,0
8,4,45,SkipList,1,74,22200,3.344,3.2,5.3,6.6,6.9,299013.2,0,0,0
8,4,45,SkipList,1,75,22500,3.723,3.5,6.1,9.3,11.2,268576.5,0,0,0
8,4,45,SkipList,1,76,22800,4.512,4.1,7.5,10.6,69.9,221631.1,0,0,0
8,4,45,SkipList,1,77,23100,4.079,4.0,6.5,10.1,10.4,245178.1,0,0,0
8,4,45,SkipList,1,78,23400,3.746,3.6,6.1,7.4,8.1,266951.3,0,0,0
8,4,45,SkipList,1,79,23700,3.66,3.5,5.9,7.2,7.7,273223.9,0,0,0
8,4,45,SkipList,1,80,24000,7.334,3.4,5.7,7.7,1134.9,136351.2,0,0,0
8,4,45,SkipList,1,81,24300,3.648,3.5,6.0,7.6,8.9,274147.9,0,0,0
8,4,45,SkipList,1,82,24600,3.528,3.4,5.5,6.6,7.0,283419.8,0,0,0
8,4,45,SkipList,1,83,24900,3.302,3.2,4.9,6.4,7.3,302877.3,0,0,0
8,4,45,SkipList,1,84,25200,3.536,3.3,5.4,7.1,54.7,282778.8,0,0,0
8,4,45,SkipList,1,85,25500,3.365,3.4,5.1,6.3,9.3,297176.8,0,0,0
8,4,45,SkipList,1,86,25800,3.193,3.1,5.0,5.9,6.3,313217.8,0,0,0
8,4,45,SkipList,1,87,26100,4.963,4.3,9.9,15.4,26.9,201491.0,0,0,0
8,4,45,SkipList,1,88,26400,4.577,4.1,7.5,13.3,81.9,218499.6,0,0,0
8,4,45,SkipList,1,89,26700,4.1,3.9,6.8,9.8,11.6,243882.6,0,0,0
8,4,45,SkipList,1,90,27000,4.026,3.9,6.6,8.4,8.8,248406.0,0,0,0
8,4,45,SkipList,1,91,27300,3.667,3.5,6.1,7.8,9.6,272677.8,0,0,0
8,4,45,SkipList,1,92,27600,4.025,3.7,6.4,11.9,58.1,248447.2,0,0,0
8,4,45,SkipList,1,93,27900,3.777,3.7,6.1,7.1,10.2,264760.4,0,0,0
8,4,45,SkipList,1,94,28200,3.465,3.3,5.5,6.4,7.3,288628.2,0,0,0
8,4,45,SkipList,1,95,28500,3.569,3.5,5.6,6.9,14.5,280216.6,0,0,0
8,4,45,SkipList,1,96,28800,3.611,3.2,5.7,7.4,58.0,276906.0,0,0,0
8,4,45,SkipList,1,97,29100,3.365,3.3,5.3,6.6,7.4,297147.5,0,0,0
8,4,45,SkipList,1,98,29400,3.796,3.5,6.7,10.3,12.0,263458.4,0,0,0
8,4,45,SkipList,1,99,29700,4.239,3.9,7.5,10.7,11.4,235904.6,0,0,0
8,4,45,SkipList,1,100,30000,4.115,3.7,6.6,8.2,63.3,243033.1,0,0,0
8,4,45,SkipList,1,101,30300,3.876,3.7,6.3,7.9,10.9,258020.1,0,0,0
8,4,45,SkipList,1,102,30600,3.759,3.6,6.2,7.7,10.0,266004.5,0,0,0
8,4,45,SkipList,1,103,30900,3.745,3.6,5.8,7.9,8.9,267022.7,0,0,0
8,4,45,SkipList,1,104,31200,3.667,3.4,5.8,6.9,53.6,272727.2,0,0,0
8,4,45,SkipList,1,105,31500,3.579,3.4,5.7,7.5,8.3,279433.6,0,0,0
8,4,45,SkipList,1,106,31800,3.503,3.4,5.4,7.7,9.0,285469.5,0,0,0
8,4,45,SkipList,1,107,32100,3.449,3.3,5.4,6.6,8.7,289911.0,0,0,0
8,4,45,SkipList,1,108,32400,3.627,3.3,5.8,7.2,56.4,275684.6,0,0,0
8,4,45,SkipList,1,109,32700,3.386,3.2,5.6,7.2,7.5,295362.8,0,0,0
8,4,45,SkipList,1,110,33000,3.933,3.5,7.4,12.4,14.1,254258.9,0,0,0
8,4,45,SkipList,1,111,33300,3.799,3.6,5.9,10.9,11.5,263204.1,0,0,0
8,4,45,SkipList,1,112,33600,3.844,3.6,5.7,8.7,60.7,260123.2,0,0,0
8,4,45,SkipList,1,113,33900,3.473,3.4,5.3,7.0,7.7,287935.6,0,0,0
8,4,45,SkipList,1,114,34200,3.519,3.4,5.5,8.1,10.4,284144.7,0,0,0
8,4,45,SkipList,1,115,34500,3.721,3.5,5.4,8.3,54.1,268745.0,0,0,0
8,4,45,SkipList,1,116,34800,3.59,3.4,6.1,6.7,7.7,278551.6,0,0,0
8,4,45,SkipList,1,117,35100,3.527,3.4,5.5,7.0,12.1,283500.4,0,0,0
8,4,45,SkipList,1,118,35400,3.338,3.2,5.3,6.4,6.9,299550.6,0,0,0
8,4,45,SkipList,1,119,35700,3.461,3.2,5.3,7.9,57.6,288933.9,0,0,0
8,4,45,SkipList,1,120,36000,3.302,3.2,5.0,6.4,7.8,302816.3,0,0,0
8,4,45,SkipList,1,121,36300,3.695,3.4,6.8,8.1,15.0,270660.3,0,0,0
8,4,45,SkipList,1,122,36600,3.814,3.5,6.4,10.8,12.0,262169.0,0,0,0
8,4,45,SkipList,1,123,36900,4.196,3.7,7.0,11.3,73.3,238322.2,0,0,0
8,4,45,SkipList,1,124,37200,4.422,4.1,7.1,10.3,14.7,226159.1,0,0,0
8,4,45,SkipList,1,125,37500,4.868,4.5,8.4,12.5,13.2,205409.1,0,0,0
8,4,45,SkipList,1,126,37800,4.518,4.2,7.8,11.5,13.0,221336.9,0,0,0
8,4,45,SkipList,1,127,38100,4.156,4.0,7.0,8.4,8.9,240616.1,0,0,0
8,4,45,SkipList,1,128,38400,8.306,3.9,7.0,9.9,1279.8,120394.9,0,0,0
8,4,45,SkipList,1,129,38700,3.731,3.6,5.9,8.6,9.5,268000.5,0,0,0
8,4,45,SkipList,1,130,39000,3.654,3.5,6.1,8.5,11.2,273647.8,0,0,0
8,4,45,SkipList,1,131,39300,3.67,3.5,5.8,7.1,8.6,272504.3,0,0,0
8,4,45,SkipList,1,132,39600,3.855,3.5,5.9,7.6,56.0,259425.9,0,0,0
8,4,45,SkipList,1,133,39900,3.854,3.5,6.9,12.1,12.8,259470.6,0,0,0
8,4,45,SkipList,1,134,40200,5.012,4.6,8.9,12.3,19.7,199534.4,0,0,0
8,4,45,SkipList,1,135,40500,4.218,4.1,6.9,8.3,18.7,237060.4,0,0,0
8,4,45,SkipList,1,136,40800,4.195,3.8,6.7,7.7,80.7,238379.0,0,0,0
8,4,45,SkipList,1,137,41100,3.585,3.5,5.6,6.8,7.3,278914.2,0,0,0
8,4,45,SkipList,1,138,41400,3.863,3.7,6.3,9.9,11.1,258843.8,0,0,0
8,4,45,SkipList,1,139,41700,3.78,3.6,6.1,7.6,11.9,264573.6,0,0,0
8,4,45,SkipList,1,140,42000,3.939,3.6,5.9,7.3,60.2,253850.1,0,0,0
8,4,45,SkipList,1,141,42300,3.597,3.4,5.6,9.0,9.8,278009.6,0,0,0
8,4,45,SkipList,1,142,42600,3.57,3.4,5.7,7.2,8.4,280112.0,0,0,0
8,4,45,SkipList,1,143,42900,3.459,3.4,5.4,6.2,7.3,289128.7,0,0,0
8,4,45,SkipList,1,144,43200,3.847,3.4,5.7,9.2,85.9,259920.3,0,0,0
8,4,45,SkipList,1,145,43500,4.614,4.2,8.4,13.1,14.4,216747.4,0,0,0
8,4,45,SkipList,1,146,43800,4.349,4.1,7.7,9.3,13.3,229938.0,0,0,0
8,4,45,SkipList,1,147,44100,4.117,3.9,6.6,8.8,10.7,242875.7,0,0,0
8,4,45,SkipList,1,148,44400,3.963,3.7,6.5,8.9,11.7,252334.0,0,0,0
8,4,45,SkipList,1,149,44700,3.806,3.7,6.1,7.1,10.1,262743.0,0,0,0
8,4,45,SkipList,1,150,45000,3.985,3.8,6.2,7.5,13.0,250920.0,0,0,0
8,4,45,SkipList,1,151,45300,3.61,3.5,5.8,7.3,11.1,277008.5,0,0,0
8,4,45,SkipList,1,152,45600,3.864,3.5,6.0,7.9,61.0,258821.4,0,0,0
8,4,45,SkipList,1,153,45900,3.545,3.3,5.8,7.1,11.4,282113.9,0,0,0
8,4,45,SkipList,1,154,46200,3.566,3.4,5.5,7.0,8.4,280400.1,0,0,0
8,4,45,SkipList,1,155,46500,3.462,3.3,5.4,7.2,9.5,288850.3,0,0,0
8,4,45,SkipList,1,156,46800,4.118,3.7,6.9,15.9,64.9,242816.7,0,0,0
8,4,45,SkipList,1,157,47100,4.372,4.1,8.0,10.6,10.8,228710.7,0,0,0
8,4,45,SkipList,1,158,47400,4.297,4.0,7.0,9.9,11.9,232720.4,0,0,0
8,4,45,SkipList,1,159,47700,3.956,3.6,6.6,8.6,11.3,252801.8,0,0,0
8,4,45,SkipList,1,160,48000,3.896,3.6,6.1,8.0,63.1,256695.4,0,0,0
8,4,45,SkipList,1,161,48300,3.61,3.4,6.0,7.5,8.5,277033.9,0,0,0
8,4,45,SkipList,1,162,48600,3.778,3.7,5.8,8.4,11.3,264713.7,0,0,0
8,4,45,SkipList,1,163,48900,3.749,3.6,6.1,7.0,11.2,266761.5,0,0,0
8,4,45,SkipList,1,164,49200,3.767,3.5,5.9,7.2,54.5,265439.7,0,0,0
8,4,45,SkipList,1,165,49500,3.492,3.4,5.6,6.1,12.2,286341.5,0,0,0
8,4,45,SkipList,1,166,49800,3.598,3.5,5.8,8.3,12.8,277932.3,0,0,0
8,4,45,SkipList,1,167,50000,3.462,3.3,5.5,7.2,7.4,288891.8,0,0,0
8,4,45,JLI,2,1,50300,6.282,4.4,15.3,45.5,73.2,159193.4,12,22,1
8,4,45,JLI,2,2,50600,6.74,5.6,13.7,27.5,35.1,148360.6,12,22,1
8,4,45,JLI,2,3,50900,15.784,6.7,15.0,54.6,2333.1,63354.0,12,22,1
8,4,45,JLI,2,4,51200,8.063,7.7,15.2,18.4,45.1,124018.2,12,22,1
8,4,45,JLI,2,5,51500,9.028,8.3,17.3,21.6,40.6,110766.5,12,22,1
8,4,45,JLI,2,6,51800,9.396,8.7,20.1,24.1,36.4,106432.0,12,22,1
8,4,45,JLI,2,7,52100,11.752,9.6,25.7,44.0,89.8,85091.9,12,22,1
8,4,45,JLI,2,8,52400,11.922,10.8,26.1,31.6,32.2,83880.9,12,22,1
8,4,45,JLI,2,9,52700,11.294,3.0,12.1,21.8,2027.6,88545.2,12,22,1
8,4,45,JLI,2,10,53000,4.897,4.2,10.0,12.5,47.1,204192.9,12,22,1
8,4,45,JLI,2,11,53300,5.785,5.2,11.2,15.6,17.0,172850.9,12,22,1
8,4,45,JLI,2,12,53600,7.598,7.2,14.1,23.5,46.5,131619.4,12,22,1
8,4,45,JLI,2,13,53900,8.343,8.1,16.4,20.1,23.5,119865.8,12,22,1
8,4,45,JLI,2,14,54200,8.913,8.5,18.8,22.0,22.9,112191.5,12,22,1
8,4,45,JLI,2,15,54500,17.819,7.6,25.0,40.0,2259.5,56118.8,12,23,1
8,4,45,JLI,2,16,54800,7.209,4.9,18.8,37.7,44.8,138721.9,12,23,1
8,4,45,JLI,2,17,55100,10.735,5.1,15.4,31.8,1249.0,93156.1,12,23,1
8,4,45,JLI,2,18,55400,7.652,5.6,18.6,43.3,74.1,130679.1,12,23,1
8,4,45,JLI,2,19,55700,6.73,6.0,12.9,19.8,42.5,148588.4,12,23,1
8,4,45,JLI,2,20,56000,7.175,6.5,13.9,18.3,22.6,139379.3,12,23,1
8,4,45,JLI,2,21,56300,8.222,6.4,18.4,32.1,69.7,121624.9,12,23,1
8,4,45,JLI,2,22,56600,14.458,6.7,26.3,41.6,1418.1,69165.9,12,23,1
8,4,45,JLI,2,23,56900,6.972,6.4,12.0,14.6,53.0,143430.9,12,23,1
8,4,45,JLI,2,24,57200,7.851,7.4,14.0,16.3,19.4,127377.7,12,23,1
8,4,45,JLI,2,25,57500,8.25,8.3,15.1,16.8,18.0,121212.1,12,23,1
8,4,45,JLI,2,26,57800,8.895,9.0,17.9,21.5,21.8,112426.9,12,23,1
8,4,45,JLI,2,27,58100,10.501,10.5,21.8,25.3,37.7,95232.0,12,23,1
8,4,45,JLI,2,28,58400,14.553,8.5,16.9,50.4,1600.6,68714.4,13,23,1
8,4,45,JLI,2,29,58700,7.782,7.7,12.8,15.9,16.4,128501.6,13,23,1
8,4,45,JLI,2,30,59000,7.996,8.0,14.0,16.4,17.7,125067.7,13,23,1
8,4,45,JLI,2,31,59300,8.686,8.1,16.0,18.9,34.9,115123.4,13,23,1
8,4,45,JLI,2,32,59600,8.569,8.1,16.2,19.6,20.4,116695.2,13,23,1
8,4,45,JLI,2,33,59900,9.179,8.7,18.9,22.7,45.1,108948.3,13,23,1
8,4,45,JLI,2,34,60200,17.544,9.8,21.5,28.1,2167.3,56998.5,13,24,1
8,4,45,JLI,2,35,60500,9.571,6.9,23.9,38.5,44.4,104478.6,13,24,1
8,4,45,JLI,2,36,60800,11.735,6.1,17.3,39.8,1207.5,85217.6,14,24,1
8,4,45,JLI,2,37,61100,7.981,6.3,16.2,37.8,38.4,125302.8,14,24,1
8,4,45,JLI,2,38,61400,8.004,6.6,16.3,27.6,41.1,124937.5,14,24,1
8,4,45,JLI,2,39,61700,9.74,7.4,21.9,27.0,52.2,102672.9,14,24,1
8,4,45,JLI,2,40,62000,9.26,7.2,21.7,37.1,52.1,107995.2,14,24,1
8,4,45,JLI,2,41,62300,13.784,6.7,17.2,22.9,1738.2,72549.6,15,24,1
8,4,45,JLI,2,42,62600,8.473,6.4,18.4,37.7,97.1,118026.6,15,24,1
8,4,45,JLI,2,43,62900,7.826,6.3,17.0,20.8,24.9,127784.6,15,24,1
8,4,45,JLI,2,44,63200,8.848,7.1,20.7,25.8,39.6,113019.9,15,24,1
8,4,45,JLI,2,45,63500,7.922,6.3,18.8,23.8,49.2,126225.4,15,24,1
8,4,45,JLI,2,46,63800,8.153,6.5,18.2,24.2,41.9,122654.2,15,24,1
8,4,45,JLI,2,47,64100,12.882,6.5,16.1,21.5,1601.0,77627.7,15,24,1
8,4,45,JLI,2,48,64400,8.365,6.3,17.6,41.8,71.4,119545.7,15,24,1
8,4,45,JLI,2,49,64700,8.905,6.8,19.3,41.5,47.3,112300.7,15,24,1
8,4,45,JLI,2,50,65000,8.387,6.6,17.8,27.0,48.2,119236.9,15,24,1
8,4,45,JLI,2,51,65300,4.976,3.2,13.1,21.3,39.5,200964.7,15,24,1
8,4,45,JLI,2,52,65600,10.172,4.3,10.6,15.5,1538.1,98305.9,15,24,1
8,4,45,JLI,2,53,65900,6.109,5.6,11.4,14.5,41.9,163701.9,15,24,1
8,4,45,JLI,2,54,66200,6.696,6.2,11.7,15.1,39.3,149335.4,15,24,1
8,4,45,JLI,2,55,66500,13.99,5.6,20.8,45.1,1897.6,71481.3,15,25,1
8,4,45,JLI,2,56,66800,4.93,3.3,13.8,20.6,48.2,202839.7,15,25,1
8,4,45,JLI,2,57,67100,5.647,4.5,11.5,23.4,98.0,177074.8,15,25,1
8,4,45,JLI,2,58,67400,10.965,5.5,12.6,16.6,1431.0,91202.0,15,25,1
8,4,45,JLI,2,59,67700,7.322,7.0,14.4,18.5,24.2,136580.9,15,25,1
8,4,45,JLI,2,60,68000,8.054,7.7,15.2,18.1,18.5,124167.0,15,25,1
8,4,45,JLI,2,61,68300,12.567,9.5,22.0,48.1,394.5,79575.6,15,25,1
8,4,45,JLI,2,62,68600,9.622,9.0,20.4,23.2,23.7,103928.5,15,25,1
8,4,45,JLI,2,63,68900,14.825,8.7,22.9,27.4,1482.0,67452.1,15,25,1
8,4,45,JLI,2,64,69200,11.475,10.8,23.1,28.7,40.1,87148.5,15,25,1
8,4,45,JLI,2,65,69500,15.383,12.4,32.9,59.4,115.6,65005.4,15,25,1
8,4,45,JLI,2,66,69800,14.187,12.3,32.7,38.2,38.6,70488.7,15,25,1
8,4,45,JLI,2,67,70100,14.465,12.0,32.7,40.4,40.7,69132.4,15,25,1
8,4,45,JLI,2,68,70400,16.508,12.7,38.4,62.3,311.5,60577.9,15,25,1
8,4,45,JLI,2,69,70700,26.04,14.6,44.1,58.9,2486.6,38402.5,15,25,1
8,4,45,JLI,2,70,71000,16.144,12.8,41.4,50.4,51.5,61943.8,15,25,1
8,4,45,JLI,2,71,71300,19.392,14.3,45.0,89.5,188.4,51568.5,15,25,1
8,4,45,JLI,2,72,71600,17.224,14.0,41.6,53.5,78.7,58059.7,15,25,1
8,4,45,JLI,2,73,71900,4.557,3.1,13.5,18.1,23.4,219442.6,15,25,1
8,4,45,JLI,2,74,72200,5.333,4.5,11.2,16.6,18.7,187511.8,15,25,1
8,4,45,JLI,2,75,72500,14.344,5.4,13.5,20.3,2406.4,69715.6,15,26,1
8,4,45,JLI,2,76,72800,9.878,8.1,21.2,31.8,97.5,101231.7,15,26,1
8,4,45,JLI,2,77,73100,14.897,8.2,17.5,24.7,1834.3,67126.1,16,26,1
8,4,45,JLI,2,78,73400,10.306,9.5,21.4,24.6,48.9,97027.7,16,26,1
8,4,45,JLI,2,79,73700,11.499,10.6,24.5,28.8,87.9,86964.1,16,26,1
8,4,45,JLI,2,80,74000,14.358,12.0,30.7,44.6,129.4,69647.6,16,26,1
8,4,45,JLI,2,81,74300,13.59,12.5,29.1,33.3,35.6,73583.5,16,26,1
8,4,45,JLI,2,82,74600,13.712,12.8,31.0,37.4,39.0,72930.6,16,26,1
8,4,45,JLI,2,83,74900,23.538,14.9,36.2,46.8,2203.4,42485.1,17,26,1
8,4,45,JLI,2,84,75200,16.991,15.7,39.3,45.0,56.3,58855.8,17,26,1
8,4,45,JLI,2,85,75500,17.938,16.4,39.3,47.2,48.9,55748.6,17,26,1
8,4,45,JLI,2,86,75800,22.147,18.6,46.5,68.6,424.6,45152.2,17,26,1
8,4,45,JLI,2,87,76100,21.109,19.5,52.0,58.8,135.6,47372.4,17,26,1
8,4,45,JLI,2,88,76400,22.408,20.2,52.0,62.8,89.9,44626.9,17,26,1
8,4,45,JLI,2,89,76700,32.504,20.0,56.3,70.3,2998.1,30765.1,18,26,1
8,4,45,JLI,2,90,77000,24.179,20.7,57.9,76.9,101.2,41358.8,18,26,1
8,4,45,JLI,2,91,77300,25.129,20.8,66.3,74.6,90.8,39794.1,18,26,1
8,4,45,JLI,2,92,77600,27.58,22.8,69.2,79.1,89.5,36258.6,18,26,1
8,4,45,JLI,2,93,77900,27.154,23.3,63.1,81.3,83.2,36826.5,18,26,1
8,4,45,JLI,2,94,78200,31.594,28.7,80.1,92.3,126.7,31651.2,18,26,1
8,4,45,JLI,2,95,78500,27.267,12.1,54.9,84.7,2676.6,36673.9,18,27,1
8,4,45,JLI,2,96,78800,7.614,5.5,18.1,27.6,46.7,131331.2,18,27,1
8,4,45,JLI,2,97,79100,12.976,6.6,20.8,29.4,1304.3,77067.3,19,27,1
8,4,45,JLI,2,98,79400,8.585,6.6,19.0,27.9,58.5,116486.7,19,27,1
8,4,45,JLI,2,99,79700,4.101,3.1,8.8,16.2,20.3,243823.0,19,27,1
8,4,45,JLI,2,100,80000,4.511,3.9,9.1,16.6,17.4,221680.3,19,27,1
8,4,45,JLI,2,101,80300,5.425,4.6,11.2,15.5,50.7,184331.8,19,27,1
8,4,45,JLI,2,102,80600,6.148,5.5,12.5,17.2,47.0,162654.5,19,27,1
8,4,45,JLI,2,103,80900,12.451,6.2,14.0,20.7,1575.5,80314.8,20,27,1
8,4,45,JLI,2,104,81200,8.12,7.0,17.0,31.3,55.0,123147.6,20,27,1
8,4,45,JLI,2,105,81500,8.677,8.0,17.9,20.5,22.9,115251.6,20,27,1
8,4,45,JLI,2,106,81800,10.211,9.3,20.4,27.8,67.0,97930.4,20,27,1
8,4,45,JLI,2,107,82100,10.456,8.8,23.5,42.1,54.6,95635.8,20,27,1
8,4,45,JLI,2,108,82400,17.883,9.8,25.1,28.8,2147.8,55920.1,21,27,1
8,4,45,JLI,2,109,82700,13.006,11.2,29.9,34.5,36.2,76885.6,21,27,1
8,4,45,JLI,2,110,83000,12.627,11.4,28.9,35.5,60.8,79195.4,21,27,1
8,4,45,JLI,2,111,83300,13.545,12.3,29.0,38.0,40.1,73826.2,21,27,1
8,4,45,JLI,2,112,83600,15.136,13.2,37.5,53.1,83.6,66069.1,21,27,1
8,4,45,JLI,2,113,83900,15.584,13.6,34.2,46.2,54.1,64169.8,21,27,1
8,4,45,JLI,2,114,84200,24.57,14.9,35.7,47.6,2630.0,40700.6,22,27,1
8,4,45,JLI,2,115,84500,17.092,14.1,43.2,55.2,61.8,58505.8,22,27,1
8,4,45,JLI,2,116,84800,17.116,5.7,37.8,54.7,1971.1,58423.7,22,28,1
8,4,45,JLI,2,117,85100,6.829,5.3,15.2,31.1,48.0,146427.2,22,28,1
8,4,45,JLI,2,118,85400,7.645,6.0,17.7,45.6,62.9,130804.4,22,28,1
8,4,45,JLI,2,119,85700,15.31,6.7,17.1,26.1,2218.2,65316.8,24,28,1
8,4,45,JLI,2,120,86000,7.341,5.6,19.6,33.5,40.4,136221.2,24,28,1
8,4,45,JLI,2,121,86300,5.587,4.4,14.3,27.8,70.7,178976.3,24,28,1
8,4,45,JLI,2,122,86600,5.694,4.8,13.1,19.3,51.7,175613.2,24,28,1
8,4,45,JLI,2,123,86900,5.924,5.1,11.9,17.4,50.5,168795.3,24,28,1
8,4,45,JLI,2,124,87200,5.957,5.4,11.5,15.6,19.2,167869.8,24,28,1
8,4,45,JLI,2,125,87500,12.213,5.7,13.4,20.9,1742.6,81880.0,25,28,1
8,4,45,JLI,2,126,87800,7.216,6.3,15.2,19.8,84.3,138580.9,25,28,1
8,4,45,JLI,2,127,88100,5.519,4.8,12.1,15.4,18.7,181181.3,25,28,1
8,4,45,JLI,2,128,88400,5.362,4.1,11.9,15.1,24.8,186497.6,25,28,1
8,4,45,JLI,2,129,88700,5.892,4.6,13.1,17.9,21.3,169721.6,25,28,1
8,4,45,JLI,2,130,89000,6.616,5.8,12.3,18.1,18.4,151148.7,25,28,1
8,4,45,JLI,2,131,89300,12.985,6.1,15.7,20.6,1745.3,77010.0,26,28,1
8,4,45,JLI,2,132,89600,7.736,7.1,16.2,20.0,20.8,129271.3,26,28,1
8,4,45,JLI,2,133,89900,8.244,7.5,15.9,21.6,22.9,121295.4,26,28,1
8,4,45,JLI,2,134,90200,9.121,8.5,18.8,23.9,45.8,109633.1,26,28,1
8,4,45,JLI,2,135,90500,9.331,8.2,18.9,26.2,33.3,107165.8,26,28,1
8,4,45,JLI,2,136,90800,16.397,8.9,24.0,47.1,1871.5,60985.5,26,29,1
8,4,45,JLI,2,137,91100,9.132,3.5,11.1,35.7,1318.6,109505.0,27,29,1
8,4,45,JLI,2,138,91400,4.686,3.8,7.2,23.1,59.2,213401.6,27,29,1
8,4,45,JLI,2,139,91700,5.854,4.7,9.2,47.7,52.6,170833.1,27,29,1
8,4,45,JLI,2,140,92000,5.808,5.5,10.1,18.3,24.3,172176.3,27,29,1
8,4,45,JLI,2,141,92300,6.772,6.2,12.8,19.1,51.5,147659.6,27,29,1
8,4,45,JLI,2,142,92600,14.998,7.1,16.7,51.2,2100.0,66675.6,28,29,1
8,4,45,JLI,2,143,92900,12.756,7.9,17.9,30.3,1212.0,78394.5,28,29,1
8,4,45,JLI,2,144,93200,9.295,8.4,18.9,22.8,26.0,107584.7,28,29,1
8,4,45,JLI,2,145,93500,9.908,8.9,21.3,25.2,32.3,100925.1,28,29,1
8,4,45,JLI,2,146,93800,11.216,9.7,24.8,28.2,30.3,89155.7,28,29,1
8,4,45,JLI,2,147,94100,11.465,10.7,23.6,29.7,32.4,87219.4,28,29,1
8,4,45,JLI,2,148,94400,22.182,11.3,28.2,34.5,2808.6,45082.3,29,29,1
8,4,45,JLI,2,149,94700,12.922,11.9,26.3,33.2,34.7,77389.4,29,29,1
8,4,45,JLI,2,150,95000,14.108,13.2,30.4,38.6,69.3,70880.1,29,29,1
8,4,45,JLI,2,151,95300,16.492,15.7,35.5,40.4,49.3,60634.2,29,29,1
8,4,45,JLI,2,152,95600,16.459,16.4,33.0,42.0,44.0,60758.3,29,29,1
8,4,45,JLI,2,153,95900,23.817,14.7,34.1,44.0,2481.0,41987.4,30,29,1
8,4,45,JLI,2,154,96200,16.331,14.3,37.2,49.7,57.1,61233.2,30,29,1
8,4,45,JLI,2,155,96500,18.264,16.8,40.0,47.6,48.6,54753.5,30,29,1
8,4,45,JLI,2,156,96800,17.485,15.6,39.3,50.3,72.6,57190.8,30,29,1
8,4,45,JLI,2,157,97100,21.08,9.6,38.5,52.0,2243.9,47439.1,30,30,1
8,4,45,JLI,2,158,97400,6.459,4.9,16.7,30.8,57.6,154814.8,30,30,1
8,4,45,JLI,2,159,97700,10.894,5.2,14.5,24.9,1442.6,91796.4,31,30,1
8,4,45,JLI,2,160,98000,7.088,5.9,14.9,22.3,53.1,141090.2,31,30,1
8,4,45,JLI,2,161,98300,7.158,5.9,15.6,22.5,51.3,139697.3,31,30,1
8,4,45,JLI,2,162,98600,8.115,6.6,17.2,26.3,32.2,123233.7,31,30,1
8,4,45,JLI,2,163,98900,7.067,5.9,15.6,21.3,26.5,141502.8,31,30,1
8,4,45,JLI,2,164,99200,8.193,6.7,17.4,21.0,30.8,122050.4,31,30,1
8,4,45,JLI,2,165,99500,15.263,7.4,17.8,23.7,1963.0,65516.5,32,30,1
8,4,45,JLI,2,166,99800,8.29,7.1,17.7,21.1,23.0,120627.2,32,30,1
8,4,45,JLI,2,167,100000,8.098,7.0,16.5,23.9,24.8,123494.9,32,30,1
8,4,45,SkipList,2,1,50300,6.485,5.8,12.2,16.8,30.0,154202.0,0,0,0
8,4,45,SkipList,2,2,50600,5.914,5.4,11.5,14.7,18.7,169099.8,0,0,0
8,4,45,SkipList,2,3,50900,4.773,4.5,8.2,11.6,12.7,209497.2,0,0,0
8,4,45,SkipList,2,4,51200,4.786,4.1,8.1,11.9,88.3,208942.7,0,0,0
8,4,45,SkipList,2,5,51500,4.03,3.8,6.7,9.9,11.2,248159.5,0,0,0
8,4,45,SkipList,2,6,51800,4.102,3.9,7.0,9.6,11.2,243803.3,0,0,0
8,4,45,SkipList,2,7,52100,3.9,3.7,6.5,8.0,8.7,256410.2,0,0,0
8,4,45,SkipList,2,8,52400,4.193,3.7,6.9,9.6,56.1,238492.7,0,0,0
8,4,45,SkipList,2,9,52700,3.775,3.6,6.2,7.7,9.4,264877.3,0,0,0
8,4,45,SkipList,2,10,53000,3.738,3.5,6.1,8.2,9.0,267522.7,0,0,0
8,4,45,SkipList,2,11,53300,4.966,4.6,9.0,12.9,13.4,201382.8,0,0,0
8,4,45,SkipList,2,12,53600,4.342,4.1,7.1,9.3,13.6,230308.6,0,0,0
8,4,45,SkipList,2,13,53900,4.336,4.1,7.2,9.3,9.9,230627.3,0,0,0
8,4,45,SkipList,2,14,54200,4.027,3.9,6.6,9.3,9.8,248323.8,0,0,0
8,4,45,SkipList,2,15,54500,3.914,3.8,6.5,8.9,11.6,255514.9,0,0,0
8,4,45,SkipList,2,16,54800,4.032,3.7,6.4,9.5,54.8,248036.4,0,0,0
8,4,45,SkipList,2,17,55100,3.678,3.5,6.2,7.9,11.8,271911.6,0,0,0
8,4,45,SkipList,2,18,55400,3.639,3.5,6.3,8.2,11.1,274825.9,0,0,0
8,4,45,SkipList,2,19,55700,3.652,3.5,5.8,6.9,10.0,273847.5,0,0,0
8,4,45,SkipList,2,20,56000,3.708,3.4,5.9,7.9,57.4,269687.0,0,0,0
8,4,45,SkipList,2,21,56300,3.517,3.4,5.4,7.2,14.7,284360.3,0,0,0
8,4,45,SkipList,2,22,56600,4.554,4.1,9.3,13.3,15.0,219603.3,0,0,0
8,4,45,SkipList,2,23,56900,4.54,4.2,7.5,13.5,15.4,220248.2,0,0,0
8,4,45,SkipList,2,24,57200,4.22,3.8,6.9,11.5,66.0,236966.9,0,0,0
8,4,45,SkipList,2,25,57500,3.786,3.6,6.6,8.0,9.8,264131.0,0,0,0
8,4,45,SkipList,2,26,57800,3.79,3.8,6.0,6.9,11.0,263875.6,0,0,0
8,4,45,SkipList,2,27,58100,3.671,3.6,6.1,8.1,8.9,272430.0,0,0,0
8,4,45,SkipList,2,28,58400,3.752,3.4,6.0,8.5,51.3,266500.8,0,0,0
8,4,45,SkipList,2,29,58700,3.676,3.5,5.8,7.1,8.4,272034.8,0,0,0
8,4,45,SkipList,2,30,59000,3.538,3.4,5.7,6.7,8.7,282645.5,0,0,0
8,4,45,SkipList,2,31,59300,3.45,3.2,5.7,7.6,9.4,289855.1,0,0,0
8,4,45,SkipList,2,32,59600,3.617,3.3,5.5,6.8,52.8,276472.3,0,0,0
8,4,45,SkipList,2,33,59900,3.673,3.4,6.0,9.7,24.9,272257.0,0,0,0
8,4,45,SkipList,2,34,60200,4.391,3.9,8.1,13.7,19.8,227721.3,0,0,0
8,4,45,SkipList,2,35,60500,4.166,4.0,6.8,8.9,10.4,240019.2,0,0,0
8,4,45,SkipList,2,36,60800,7.722,3.8,6.3,7.9,1120.1,129500.1,0,0,0
8,4,45,SkipList,2,37,61100,3.922,3.8,6.2,8.8,10.0,254971.9,0,0,0
8,4,45,SkipList,2,38,61400,3.703,3.5,6.5,7.9,8.5,270051.3,0,0,0
8,4,45,SkipList,2,39,61700,3.688,3.5,6.1,8.0,9.9,271125.2,0,0,0
8,4,45,SkipList,2,40,62000,3.687,3.4,5.9,8.1,55.2,271247.8,0,0,0
8,4,45,SkipList,2,41,62300,3.474,3.4,5.4,6.9,9.0,287825.0,0,0,0
8,4,45,SkipList,2,42,62600,3.431,3.3,5.5,6.9,8.4,291488.7,0,0,0
8,4,45,SkipList,2,43,62900,3.523,3.4,5.6,8.3,14.1,283875.9,0,0,0
8,4,45,SkipList,2,44,63200,3.789,3.4,6.6,9.1,10.2,263921.8,0,0,0
8,4,45,SkipList,2,45,63500,3.893,3.6,6.4,11.3,17.4,256893.3,0,0,0
8,4,45,SkipList,2,46,63800,3.687,3.5,5.9,6.9,9.4,271223.3,0,0,0
8,4,45,SkipList,2,47,64100,3.707,3.5,5.8,7.0,9.0,269735.6,0,0,0
8,4,45,SkipList,2,48,64400,3.494,3.4,5.8,7.0,7.5,286232.3,0,0,0
8,4,45,SkipList,2,49,64700,3.71,3.4,5.9,8.6,57.2,269517.7,0,0,0
8,4,45,SkipList,2,50,65000,3.707,3.5,5.8,8.4,39.6,269784.2,0,0,0
8,4,45,SkipList,2,51,65300,3.509,3.4,5.7,8.4,9.3,284954.4,0,0,0
8,4,45,SkipList,2,52,65600,3.359,3.2,5.5,6.5,8.9,297678.0,0,0,0
8,4,45,SkipList,2,53,65900,3.695,3.4,5.6,7.8,54.0,270660.5,0,0,0
8,4,45,SkipList,2,54,66200,3.294,3.1,5.2,6.7,9.2,303613.2,0,0,0
8,4,45,SkipList,2,55,66500,3.43,3.3,5.4,7.2,7.7,291573.6,0,0,0
8,4,45,SkipList,2,56,66800,5.531,5.2,9.5,13.1,20.1,180810.0,0,0,0
8,4,45,SkipList,2,57,67100,5.81,5.1,9.5,13.4,110.2,172117.1,0,0,0
8,4,45,SkipList,2,58,67400,4.607,4.4,7.8,12.1,13.4,217060.9,0,0,0
8,4,45,SkipList,2,59,67700,4.086,3.9,7.1,8.8,9.2,244758.1,0,0,0
8,4,45,SkipList,2,60,68000,4.135,3.9,7.3,9.2,11.5,241838.0,0,0,0
8,4,45,SkipList,2,61,68300,4.342,3.8,7.6,9.6,60.4,230291.0,0,0,0
8,4,45,SkipList,2,62,68600,3.882,3.6,6.7,9.0,11.0,257599.0,0,0,0
8,4,45,SkipList,2,63,68900,3.816,3.6,6.4,7.3,10.3,262077.5,0,0,0
8,4,45,SkipList,2,64,69200,3.785,3.6,6.2,8.1,13.4,264177.4,0,0,0
8,4,45,SkipList,2,65,69500,3.843,3.5,5.9,7.4,69.1,260190.7,0,0,0
8,4,45,SkipList,2,66,69800,3.491,3.3,5.8,7.6,9.4,286450.8,0,0,0
8,4,45,SkipList,2,67,70100,4.196,3.9,7.6,10.7,14.2,238303.3,0,0,0
8,4,45,SkipList,2,68,70400,4.529,4.3,7.7,9.6,10.9,220815.6,0,0,0
8,4,45,SkipList,2,69,70700,5.27,4.5,8.8,12.3,89.4,189765.4,0,0,0
8,4,45,SkipList,2,70,71000,4.606,4.3,8.3,10.0,10.6,217092.5,0,0,0
8,4,45,SkipList,2,71,71300,4.39,4.2,7.3,9.6,13.0,227790.4,0,0,0
8,4,45,SkipList,2,72,71600,4.041,3.8,6.7,10.8,11.6,247483.9,0,0,0
8,4,45,SkipList,2,73,71900,3.989,3.8,6.5,10.9,12.9,250689.3,0,0,0
8,4,45,SkipList,2,74,72200,4.122,3.7,6.6,8.6,68.7,242581.0,0,0,0
8,4,45,SkipList,2,75,72500,3.912,3.7,6.5,8.7,9.6,255623.7,0,0,0
8,4,45,SkipList,2,76,72800,3.723,3.6,6.1,7.0,8.8,268600.6,0,0,0
8,4,45,SkipList,2,77,73100,3.691,3.4,6.6,8.1,9.2,270929.3,0,0,0
8,4,45,SkipList,2,78,73400,4.201,3.6,7.6,13.7,70.1,238038.7,0,0,0
8,4,45,SkipList,2,79,73700,4.655,4.4,8.9,11.4,14.4,214807.3,0,0,0
8,4,45,SkipList,2,80,74000,4.232,4.1,6.7,8.0,9.9,236276.3,0,0,0
8,4,45,SkipList,2,81,74300,4.203,4.1,6.6,8.0,9.8,237906.4,0,0,0
8,4,45,SkipList,2,82,74600,4.028,3.6,6.4,8.3,64.2,248282.7,0,0,0
8,4,45,SkipList,2,83,74900,3.865,3.7,6.4,7.8,8.4,258709.9,0,0,0
8,4,45,SkipList,2,84,75200,3.876,3.6,6.8,9.2,10.9,257975.7,0,0,0
8,4,45,SkipList,2,85,75500,3.692,3.5,6.2,7.9,11.9,270880.4,0,0,0
8,4,45,SkipList,2,86,75800,3.586,3.4,6.1,8.0,8.9,278888.1,0,0,0
8,4,45,SkipList,2,87,76100,7.943,3.5,6.3,8.8,1283.4,125897.0,0,0,0
8,4,45,SkipList,2,88,76400,3.53,3.4,5.8,6.5,7.6,283286.0,0,0,0
8,4,45,SkipList,2,89,76700,4.778,4.4,9.3,12.6,18.9,209307.2,0,0,0
8,4,45,SkipList,2,90,77000,4.435,4.1,7.5,9.3,16.9,225496.2,0,0,0
8,4,45,SkipList,2,91,77300,4.478,4.1,7.1,10.1,78.8,223330.6,0,0,0
8,4,45,SkipList,2,92,77600,3.967,3.7,6.7,9.0,9.9,252079.7,0,0,0
8,4,45,SkipList,2,93,77900,3.85,3.7,6.8,8.6,12.0,259740.3,0,0,0
8,4,45,SkipList,2,94,78200,3.902,3.7,6.7,8.9,10.2,256256.8,0,0,0
8,4,45,SkipList,2,95,78500,3.856,3.4,6.2,8.1,64.8,259313.7,0,0,0
8,4,45,SkipList,2,96,78800,3.609,3.4,6.0,7.1,7.4,277059.6,0,0,0
8,4,45,SkipList,2,97,79100,3.62,3.5,6.0,7.8,10.2,276243.2,0,0,0
8,4,45,SkipList,2,98,79400,3.653,3.4,6.4,8.2,10.8,273722.6,0,0,0
8,4,45,SkipList,2,99,79700,3.826,3.5,6.0,6.8,64.4,261369.6,0,0,0
8,4,45,SkipList,2,100,80000,5.958,5.5,10.6,15.3,18.8,167832.2,0,0,0
8,4,45,SkipList,2,101,80300,4.512,4.4,7.6,10.4,12.4,221614.8,0,0,0
8,4,45,SkipList,2,102,80600,4.178,4.0,6.9,8.7,15.0,239348.8,0,0,0
8,4,45,SkipList,2,103,80900,3.976,3.7,6.9,7.9,10.2,251488.0,0,0,0
8,4,45,SkipList,2,104,81200,4.251,3.8,6.8,9.2,68.9,235220.3,0,0,0
8,4,45,SkipList,2,105,81500,3.824,3.7,6.4,7.7,10.3,261529.1,0,0,0
8,4,45,SkipList,2,106,81800,3.824,3.6,6.4,8.6,10.9,261529.1,0,0,0
8,4,45,SkipList,2,107,82100,3.733,3.5,6.0,8.0,8.4,267881.1,0,0,0
8,4,45,SkipList,2,108,82400,3.878,3.5,6.1,8.5,68.1,257864.9,0,0,0
8,4,45,SkipList,2,109,82700,3.682,3.5,6.2,8.4,11.3,271616.1,0,0,0
8,4,45,SkipList,2,110,83000,3.701,3.5,6.1,9.7,11.1,270172.9,0,0,0
8,4,45,SkipList,2,111,83300,4.403,4.1,8.2,11.6,14.9,227117.9,0,0,0
8,4,45,SkipList,2,112,83600,4.467,4.0,7.2,10.4,71.4,223847.2,0,0,0
8,4,45,SkipList,2,113,83900,3.976,3.7,6.8,8.0,10.3,251509.1,0,0,0
8,4,45,SkipList,2,114,84200,3.908,3.7,6.4,8.9,10.0,255863.5,0,0,0
8,4,45,SkipList,2,115,84500,3.832,3.6,6.3,8.5,9.6,260983.1,0,0,0
8,4,45,SkipList,2,116,84800,3.745,3.6,5.9,7.0,7.2,266999.0,0,0,0
8,4,45,SkipList,2,117,85100,3.996,3.7,6.6,9.8,57.2,250229.4,0,0,0
8,4,45,SkipList,2,118,85400,3.69,3.4,6.2,8.9,27.5,270978.2,0,0,0
8,4,45,SkipList,2,119,85700,3.654,3.5,5.7,7.0,7.9,273647.6,0,0,0
8,4,45,SkipList,2,120,86000,3.648,3.5,5.8,8.2,9.1,274147.8,0,0,0
8,4,45,SkipList,2,121,86300,3.885,3.5,6.0,8.2,62.7,257400.2,0,0,0
8,4,45,SkipList,2,122,86600,3.917,3.6,7.2,9.7,12.2,255275.7,0,0,0
8,4,45,SkipList,2,123,86900,4.425,4.2,7.8,12.5,17.6,226005.7,0,0,0
8,4,45,SkipList,2,124,87200,4.237,4.0,7.0,8.9,10.0,236034.6,0,0,0
8,4,45,SkipList,2,125,87500,4.081,3.9,6.3,8.9,11.6,245058.0,0,0,0
8,4,45,SkipList,2,126,87800,3.957,3.8,6.3,8.7,11.3,252716.7,0,0,0
8,4,45,SkipList,2,127,88100,3.944,3.8,6.7,8.2,12.2,253528.2,0,0,0
8,4,45,SkipList,2,128,88400,3.814,3.7,6.4,7.6,10.9,262169.0,0,0,0
8,4,45,SkipList,2,129,88700,3.8,3.6,6.3,8.3,10.9,263134.8,0,0,0
8,4,45,SkipList,2,130,89000,3.997,3.7,6.2,8.4,65.4,250166.9,0,0,0
8,4,45,SkipList,2,131,89300,3.806,3.7,6.5,7.4,8.2,262720.0,0,0,0
8,4,45,SkipList,2,132,89600,3.827,3.6,6.2,7.7,13.0,261278.6,0,0,0
8,4,45,SkipList,2,133,89900,4.126,3.8,6.7,10.3,34.1,242365.6,0,0,0
8,4,45,SkipList,2,134,90200,5.283,4.8,9.5,12.8,15.9,189298.3,0,0,0
8,4,45,SkipList,2,135,90500,5.508,4.8,9.3,14.7,100.1,181565.1,0,0,0
8,4,45,SkipList,2,136,90800,4.841,4.5,8.2,11.3,15.1,206583.1,0,0,0
8,4,45,SkipList,2,137,91100,4.593,4.4,8.1,10.4,11.9,217722.5,0,0,0
8,4,45,SkipList,2,138,91400,4.298,4.1,7.0,9.8,10.6,232684.4,0,0,0
8,4,45,SkipList,2,139,91700,9.027,3.9,6.8,9.0,1482.9,110774.7,0,0,0
8,4,45,SkipList,2,140,92000,4.087,3.8,7.1,8.5,10.2,244698.1,0,0,0
8,4,45,SkipList,2,141,92300,3.924,3.8,6.5,7.7,8.8,254842.0,0,0,0
8,4,45,SkipList,2,142,92600,3.843,3.7,6.4,8.0,9.5,260235.9,0,0,0
8,4,45,SkipList,2,143,92900,4.467,3.9,7.5,12.7,65.5,223863.8,0,0,0
8,4,45,SkipList,2,144,93200,5.266,4.8,9.9,13.4,15.7,189885.4,0,0,0
8,4,45,SkipList,2,145,93500,4.446,4.2,7.4,10.0,10.7,224904.4,0,0,0
8,4,45,SkipList,2,146,93800,4.277,4.0,7.0,8.6,9.2,233826.9,0,0,0
8,4,45,SkipList,2,147,94100,4.616,4.2,7.4,11.1,73.8,216622.2,0,0,0
8,4,45,SkipList,2,148,94400,4.224,4.0,7.2,8.4,11.2,236742.3,0,0,0
8,4,45,SkipList,2,149,94700,4.066,3.8,7.1,9.4,12.5,245962.0,0,0,0
8,4,45,SkipList,2,150,95000,4.081,3.8,6.9,10.5,13.9,245017.9,0,0,0
8,4,45,SkipList,2,151,95300,3.901,3.7,6.3,7.9,10.1,256344.5,0,0,0
8,4,45,SkipList,2,152,95600,4.055,3.7,6.3,8.6,71.3,246609.2,0,0,0
8,4,45,SkipList,2,153,95900,3.849,3.7,6.5,7.7,14.1,259807.8,0,0,0
8,4,45,SkipList,2,154,96200,4.483,4.2,7.8,11.5,11.8,223064.9,0,0,0
8,4,45,SkipList,2,155,96500,4.492,4.2,7.7,12.6,19.6,222601.4,0,0,0
8,4,45,SkipList,2,156,96800,4.255,4.1,7.1,8.2,13.9,235036.0,0,0,0
8,4,45,SkipList,2,157,97100,4.339,3.9,6.5,11.1,74.0,230485.6,0,0,0
8,4,45,SkipList,2,158,97400,3.978,3.8,6.7,7.7,12.7,251361.5,0,0,0
8,4,45,SkipList,2,159,97700,3.988,3.9,6.6,7.8,8.8,250752.2,0,0,0
8,4,45,SkipList,2,160,98000,3.762,3.7,5.8,7.8,10.4,265792.6,0,0,0
8,4,45,SkipList,2,161,98300,3.968,3.5,6.9,9.8,62.1,252037.3,0,0,0
8,4,45,SkipList,2,162,98600,3.792,3.7,6.1,8.2,8.4,263713.2,0,0,0
8,4,45,SkipList,2,163,98900,3.765,3.6,6.2,8.0,9.0,265627.8,0,0,0
8,4,45,SkipList,2,164,99200,3.727,3.6,6.3,7.3,12.1,268336.3,0,0,0
8,4,45,SkipList,2,165,99500,4.917,4.1,8.9,16.0,92.6,203389.9,0,0,0
8,4,45,SkipList,2,166,99800,4.529,4.4,7.5,9.9,11.4,220783.1,0,0,0
8,4,45,SkipList,2,167,100000,4.305,4.1,7.3,9.5,9.7,232288.1,0,0,0
8,4,45,JLI,3,1,100300,8.715,6.3,25.4,43.1,50.3,114744.7,32,30,1
8,4,45,JLI,3,2,100600,7.11,4.2,21.5,25.1,28.0,140653.6,32,30,1
8,4,45,JLI,3,3,100900,7.802,4.6,21.4,29.8,89.7,128166.8,32,30,1
8,4,45,JLI,3,4,101200,18.795,5.4,26.4,32.2,3153.6,53205.6,33,30,1
8,4,45,JLI,3,5,101500,9.912,7.0,23.7,33.7,38.0,100887.8,33,30,1
8,4,45,JLI,3,6,101800,10.583,7.8,28.3,36.0,36.4,94494.1,33,30,1
8,4,45,JLI,3,7,102100,11.469,9.0,30.3,36.2,38.2,87194.1,33,30,1
8,4,45,JLI,3,8,102400,11.239,8.4,28.2,41.9,82.6,88973.3,33,30,1
8,4,45,JLI,3,9,102700,13.352,9.9,38.3,43.7,45.0,74893.3,33,30,1
8,4,45,JLI,3,10,103000,13.864,11.6,37.2,48.2,51.9,72127.5,33,30,1
8,4,45,JLI,3,11,103300,20.744,5.1,29.9,52.4,3441.7,48206.7,33,31,1
8,4,45,JLI,3,12,103600,12.117,4.8,11.1,25.5,1958.4,82528.7,35,31,1
8,4,45,JLI,3,13,103900,5.904,5.2,11.9,28.8,43.8,169367.2,35,31,1
8,4,45,JLI,3,14,104200,6.218,5.5,12.0,25.1,77.2,160832.0,35,31,1
8,4,45,JLI,3,15,104500,6.533,5.8,12.6,25.7,67.4,153061.2,35,31,1
8,4,45,JLI,3,16,104800,6.746,6.6,12.8,18.9,20.3,148243.3,35,31,1
8,4,45,JLI,3,17,105100,13.397,5.3,13.7,21.1,2104.5,74643.6,36,31,1
8,4,45,JLI,3,18,105400,6.605,6.2,13.5,18.1,18.6,151392.8,36,31,1
8,4,45,JLI,3,19,105700,7.847,6.4,16.6,28.1,75.0,127431.8,36,31,1
8,4,45,JLI,3,20,106000,7.848,6.9,18.3,23.8,28.6,127415.6,36,31,1
8,4,45,JLI,3,21,106300,7.818,6.5,17.1,22.8,26.6,127904.5,36,31,1
8,4,45,JLI,3,22,106600,9.797,8.3,20.4,44.5,102.5,102072.1,36,31,1
8,4,45,JLI,3,23,106900,17.153,7.7,21.2,27.6,2449.8,58300.0,37,31,1
8,4,45,JLI,3,24,107200,9.985,8.9,21.6,30.3,49.8,100146.9,37,31,1
8,4,45,JLI,3,25,107500,11.019,9.7,24.5,31.4,70.1,90752.3,37,31,1
8,4,45,JLI,3,26,107800,10.734,9.5,26.4,32.3,33.7,93161.9,37,31,1
8,4,45,JLI,3,27,108100,11.004,9.4,25.4,34.1,37.6,90876.1,37,31,1
8,4,45,JLI,3,28,108400,11.988,10.2,27.1,38.2,40.4,83414.4,37,31,1
8,4,45,JLI,3,29,108700,20.173,11.1,28.2,38.0,2307.2,49571.2,38,31,1
8,4,45,JLI,3,30,109000,18.996,11.3,30.5,41.6,1786.4,52641.7,38,32,1
8,4,45,JLI,3,31,109300,12.547,9.7,29.2,38.4,43.9,79702.4,38,32,1
8,4,45,JLI,3,32,109600,15.035,13.0,37.5,49.0,54.0,66510.0,38,32,1
8,4,45,JLI,3,33,109900,15.541,13.7,33.8,39.9,51.6,64345.9,38,32,1
8,4,45,JLI,3,34,110200,21.198,11.8,35.3,46.8,1977.3,47174.3,39,32,1
8,4,45,JLI,3,35,110500,17.331,14.3,43.4,53.6,59.9,57699.0,39,32,1
8,4,45,JLI,3,36,110800,16.836,14.3,38.6,53.6,98.2,59396.5,39,32,1
8,4,45,JLI,3,37,111100,16.027,13.1,39.8,54.3,54.6,62396.0,39,32,1
8,4,45,JLI,3,38,111400,20.591,18.5,49.4,65.5,88.7,48564.1,39,32,1
8,4,45,JLI,3,39,111700,17.192,14.1,41.8,54.5,63.6,58167.7,39,32,1
8,4,45,JLI,3,40,112000,29.347,16.0,48.2,72.7,2942.2,34075.4,40,32,1
8,4,45,JLI,3,41,112300,20.066,16.8,46.2,64.7,103.0,49836.4,40,32,1
8,4,45,JLI,3,42,112600,19.825,17.0,45.6,63.4,72.1,50441.4,40,32,1
8,4,45,JLI,3,43,112900,21.615,18.6,50.5,62.1,95.0,46263.5,40,32,1
8,4,45,JLI,3,44,113200,20.795,16.9,53.4,65.8,72.3,48087.7,40,32,1
8,4,45,JLI,3,45,113500,34.614,17.5,57.7,80.4,3847.2,28890.0,41,32,1
8,4,45,JLI,3,46,113800,20.764,17.1,49.1,66.0,68.8,48160.3,41,32,1
8,4,45,JLI,3,47,114100,22.281,18.3,56.0,77.3,148.2,44881.3,41,32,1
8,4,45,JLI,3,48,114400,23.955,19.6,56.1,75.9,78.9,41744.9,41,32,1
8,4,45,JLI,3,49,114700,26.503,20.5,61.0,104.4,525.0,37732.0,41,32,1
8,4,45,JLI,3,50,115000,25.883,20.3,66.6,85.7,89.3,38635.9,41,32,1
8,4,45,JLI,3,51,115300,20.832,5.0,39.0,75.7,3017.2,48002.3,41,33,1
8,4,45,JLI,3,52,115600,8.66,6.8,15.4,45.8,139.7,115477.9,41,33,1
8,4,45,JLI,3,53,115900,18.853,6.8,14.0,31.8,3231.4,53042.0,43,33,1
8,4,45,JLI,3,54,116200,5.538,4.8,9.4,21.8,73.7,180570.6,43,33,1
8,4,45,JLI,3,55,116500,5.516,5.0,9.3,16.4,17.6,181301.7,43,33,1
8,4,45,JLI,3,56,116800,6.036,5.7,10.3,16.0,23.3,165681.8,43,33,1
8,4,45,JLI,3,57,117100,7.351,6.6,12.5,19.0,68.3,136042.1,43,33,1
8,4,45,JLI,3,58,117400,8.064,7.0,16.2,22.6,65.1,124002.8,43,33,1
8,4,45,JLI,3,59,117700,18.735,8.1,16.4,49.1,3005.8,53377.0,44,33,1
8,4,45,JLI,3,60,118000,8.412,7.6,17.4,21.3,78.2,118877.8,44,33,1
8,4,45,JLI,3,61,118300,9.343,8.4,17.9,22.9,61.2,107035.8,44,33,1
8,4,45,JLI,3,62,118600,9.628,8.6,20.8,23.8,31.9,103863.7,44,33,1
8,4,45,JLI,3,63,118900,11.614,10.6,23.8,61.8,77.7,86105.4,44,33,1
8,4,45,JLI,3,64,119200,10.275,9.0,22.8,27.0,63.9,97326.8,44,33,1
8,4,45,JLI,3,65,119500,19.836,10.1,24.2,35.0,2660.0,50413.4,45,33,1
8,4,45,JLI,3,66,119800,12.408,10.6,26.7,38.0,51.1,80591.0,45,33,1
8,4,45,JLI,3,67,120100,12.657,11.2,26.9,34.6,90.8,79009.8,45,33,1
8,4,45,JLI,3,68,120400,14.552,14.0,31.0,35.4,60.1,68719.1,45,33,1
8,4,45,JLI,3,69,120700,13.433,12.1,29.4,34.9,36.3,74441.7,45,33,1
8,4,45,JLI,3,70,121000,15.785,13.8,36.0,41.4,78.2,63352.6,45,33,1
8,4,45,JLI,3,71,121300,23.8,11.8,33.4,40.2,3005.5,42016.8,45,34,1
8,4,45,JLI,3,72,121600,7.553,4.5,21.8,48.7,51.8,132397.7,45,34,1
8,4,45,JLI,3,73,121900,16.012,4.5,9.7,51.4,2362.6,62453.2,47,34,1
8,4,45,JLI,3,74,122200,5.262,4.9,8.3,22.3,24.8,190053.9,47,34,1
8,4,45,JLI,3,75,122500,5.776,5.5,9.6,15.7,17.2,173120.2,47,34,1
8,4,45,JLI,3,76,122800,6.439,5.9,11.8,15.3,18.9,155311.7,47,34,1
8,4,45,JLI,3,77,123100,7.357,6.9,14.9,17.0,23.2,135925.0,47,34,1
8,4,45,JLI,3,78,123400,15.863,7.7,15.9,24.5,2323.5,63039.8,49,34,1
8,4,45,JLI,3,79,123700,6.913,6.1,13.6,27.4,31.6,144655.0,49,34,1
8,4,45,JLI,3,80,124000,338.993,6.9,17.4,34.4,99267.0,2949.9,49,34,1
8,4,45,JLI,3,81,124300,7.276,6.7,13.1,16.6,32.4,137444.4,49,34,1
8,4,45,JLI,3,82,124600,7.353,6.7,13.3,17.1,29.1,135992.8,49,34,1
8,4,45,JLI,3,83,124900,7.849,7.0,15.5,19.4,36.1,127410.2,49,34,1
8,4,45,JLI,3,84,125200,18.213,7.5,19.4,42.5,2828.0,54904.8,50,34,1
8,4,45,JLI,3,85,125500,9.764,9.0,18.9,22.3,26.5,102413.6,50,34,1
8,4,45,JLI,3,86,125800,9.549,8.5,18.3,23.0,24.4,104719.3,50,34,1
8,4,45,JLI,3,87,126100,9.249,7.8,19.7,23.7,25.0,108123.7,50,34,1
8,4,45,JLI,3,88,126400,10.119,8.4,20.7,28.8,36.5,98827.2,50,34,1
8,4,45,JLI,3,89,126700,10.886,8.7,23.4,29.2,36.8,91861.1,50,34,1
8,4,45,JLI,3,90,127000,10.893,9.3,22.8,29.4,30.2,91802.1,50,34,1
8,4,45,JLI,3,91,127300,17.624,3.9,23.9,66.9,2893.0,56739.7,50,35,1
8,4,45,JLI,3,92,127600,12.111,3.8,18.4,57.0,1857.4,82569.6,52,35,1
8,4,45,JLI,3,93,127900,4.269,3.2,9.3,26.8,56.3,234265.2,52,35,1
8,4,45,JLI,3,94,128200,4.42,3.6,8.0,15.8,61.4,226227.3,52,35,1
8,4,45,JLI,3,95,128500,4.722,4.0,9.5,18.6,23.3,211789.6,52,35,1
8,4,45,JLI,3,96,128800,4.841,4.4,8.5,16.5,20.6,206583.1,52,35,1
8,4,45,JLI,3,97,129100,5.024,4.5,9.9,14.8,22.1,199057.8,52,35,1
8,4,45,JLI,3,98,129400,12.061,4.6,11.0,22.9,2027.6,82914.2,53,35,1
8,4,45,JLI,3,99,129700,6.15,5.3,12.7,18.7,103.5,162601.6,53,35,1
8,4,45,JLI,3,100,130000,6.002,5.3,11.6,17.8,59.2,166611.1,53,35,1
8,4,45,JLI,3,101,130300,6.636,5.7,15.3,18.1,30.0,150685.7,53,35,1
8,4,45,JLI,3,102,130600,6.886,6.1,15.9,21.4,38.6,145215.2,53,35,1
8,4,45,JLI,3,103,130900,13.762,5.8,14.5,19.5,2090.5,72665.6,54,35,1
8,4,45,JLI,3,104,131200,7.017,6.2,14.5,20.4,21.9,142511.0,54,35,1
8,4,45,JLI,3,105,131500,8.006,6.8,16.9,22.0,65.5,124906.3,54,35,1
8,4,45,JLI,3,106,131800,8.503,7.4,18.3,25.3,57.0,117601.0,54,35,1
8,4,45,JLI,3,107,132100,8.986,7.5,19.2,28.5,36.2,111284.2,54,35,1
8,4,45,JLI,3,108,132400,9.119,7.5,21.1,28.2,69.3,109657.1,54,35,1
8,4,45,JLI,3,109,132700,15.498,7.2,17.9,29.8,2084.9,64524.5,55,35,1
8,4,45,JLI,3,110,133000,8.876,7.2,18.4,27.9,29.9,112663.4,55,35,1
8,4,45,JLI,3,111,133300,14.162,8.1,21.5,29.3,1484.5,70613.2,55,36,1
8,4,45,JLI,3,112,133600,12.392,10.0,29.0,45.5,98.2,80695.1,55,36,1
8,4,45,JLI,3,113,133900,10.222,8.0,23.2,33.9,82.9,97825.0,55,36,1
8,4,45,JLI,3,114,134200,19.253,8.9,25.6,36.3,2496.9,51940.0,56,36,1
8,4,45,JLI,3,115,134500,10.984,9.4,24.6,37.0,54.1,91038.8,56,36,1
8,4,45,JLI,3,116,134800,11.927,9.2,31.2,45.3,50.0,83845.7,56,36,1
8,4,45,JLI,3,117,135100,12.206,10.0,29.3,41.5,42.5,81929.2,56,36,1
8,4,45,JLI,3,118,135400,11.68,9.0,27.2,38.7,42.1,85618.9,56,36,1
8,4,45,JLI,3,119,135700,13.716,11.2,37.2,44.4,46.0,72907.6,56,36,1
8,4,45,JLI,3,120,136000,22.357,9.6,30.7,51.5,2898.4,44728.1,57,36,1
8,4,45,JLI,3,121,136300,12.854,10.2,29.7,44.4,66.5,77794.8,57,36,1
8,4,45,JLI,3,122,136600,13.177,10.3,37.2,49.3,51.0,75889.8,57,36,1
8,4,45,JLI,3,123,136900,14.537,11.5,34.9,52.7,83.8,68790.0,57,36,1
8,4,45,JLI,3,124,137200,13.374,10.5,31.8,45.5,50.6,74771.9,57,36,1
8,4,45,JLI,3,125,137500,14.246,11.4,34.8,50.1,54.1,70193.5,57,36,1
8,4,45,JLI,3,126,137800,22.845,10.0,41.0,53.6,2666.1,43772.6,58,36,1
8,4,45,JLI,3,127,138100,14.202,11.0,33.4,54.6,57.8,70414.3,58,36,1
8,4,45,JLI,3,128,138400,14.651,11.0,35.0,52.5,58.0,68254.7,58,36,1
8,4,45,JLI,3,129,138700,14.437,11.3,34.5,51.4,60.7,69264.9,58,36,1
8,4,45,JLI,3,130,139000,17.234,13.0,48.0,56.4,75.1,58023.7,58,36,1
8,4,45,JLI,3,131,139300,27.38,12.8,41.6,105.9,2984.3,36523.5,58,37,1
8,4,45,JLI,3,132,139600,6.27,4.9,14.5,31.9,57.5,159498.1,58,37,1
8,4,45,JLI,3,133,139900,8.195,6.1,18.7,51.8,86.2,122020.7,58,37,1
8,4,45,JLI,3,134,140200,16.036,6.0,18.1,57.5,2563.1,62359.7,60,37,1
8,4,45,JLI,3,135,140500,6.584,5.6,13.2,23.7,56.7,151891.0,60,37,1
8,4,45,JLI,3,136,140800,7.749,6.3,14.9,51.5,55.4,129048.9,60,37,1
8,4,45,JLI,3,137,141100,7.631,6.6,14.4,24.6,56.3,131044.4,60,37,1
8,4,45,JLI,3,138,141400,8.036,7.2,16.0,25.2,31.9,124434.9,60,37,1
8,4,45,JLI,3,139,141700,18.317,7.5,17.2,34.2,2865.4,54593.1,61,37,1
8,4,45,JLI,3,140,142000,11.456,8.5,27.8,76.3,104.5,87293.1,61,37,1
8,4,45,JLI,3,141,142300,6.095,5.2,13.3,19.6,26.0,164068.9,61,37,1
8,4,45,JLI,3,142,142600,6.545,6.1,11.8,19.6,20.8,152796.1,61,37,1
8,4,45,JLI,3,143,142900,7.506,6.8,13.6,23.4,61.9,133220.8,61,37,1
8,4,45,JLI,3,144,143200,8.474,7.9,16.4,18.1,23.8,118003.4,61,37,1
8,4,45,JLI,3,145,143500,17.175,8.9,19.2,28.0,2370.9,58224.2,62,37,1
8,4,45,JLI,3,146,143800,10.054,9.3,21.2,23.7,24.2,99459.6,62,37,1
8,4,45,JLI,3,147,144100,11.47,10.5,23.6,30.5,65.5,87181.4,62,37,1
8,4,45,JLI,3,148,144400,13.651,12.6,29.1,33.4,84.0,73254.7,62,37,1
8,4,45,JLI,3,149,144700,14.066,13.3,30.5,35.1,37.1,71091.7,62,37,1
8,4,45,JLI,3,150,145000,14.205,12.7,34.0,37.4,38.7,70399.4,62,37,1
8,4,45,JLI,3,151,145300,16.564,14.3,39.1,47.5,61.8,60370.7,62,37,1
8,4,45,JLI,3,152,145600,21.44,8.3,31.1,47.0,2935.4,46641.1,62,38,1
8,4,45,JLI,3,153,145900,11.205,3.4,13.8,50.6,1846.1,89243.2,63,38,1
8,4,45,JLI,3,154,146200,4.147,2.9,7.7,52.9,82.7,241118.8,63,38,1
8,4,45,JLI,3,155,146500,4.112,3.1,6.0,49.7,54.4,243190.7,63,38,1
8,4,45,JLI,3,156,146800,3.931,3.3,5.8,17.0,53.6,254388.2,63,38,1
8,4,45,JLI,3,157,147100,5.12,3.9,10.5,30.0,70.5,195299.8,63,38,1
8,4,45,JLI,3,158,147400,4.61,4.2,7.7,14.5,27.6,216935.4,63,38,1
8,4,45,JLI,3,159,147700,12.315,4.3,8.8,50.8,2177.3,81201.8,63,38,1
8,4,45,JLI,3,160,148000,5.003,4.6,8.7,13.1,15.7,199893.4,63,38,1
8,4,45,JLI,3,161,148300,5.581,5.0,9.7,17.6,61.6,179179.4,63,38,1
8,4,45,JLI,3,162,148600,5.108,4.5,9.8,12.2,59.5,195771.3,63,38,1
8,4,45,JLI,3,163,148900,5.338,4.5,10.6,12.6,44.0,187336.1,63,38,1
8,4,45,JLI,3,164,149200,5.787,4.9,11.4,14.5,24.8,172801.2,63,38,1
8,4,45,JLI,3,165,149500,13.555,4.5,11.9,25.7,2339.9,73771.7,63,38,1
8,4,45,JLI,3,166,149800,6.169,5.1,13.1,15.9,24.2,162100.8,63,38,1
8,4,45,JLI,3,167,150000,5.988,4.8,13.9,17.9,18.5,167014.6,63,38,1
8,4,45,SkipList,3,1,100300,6.251,5.8,10.7,13.3,15.6,159965.9,0,0,0
8,4,45,SkipList,3,2,100600,5.248,4.8,9.0,13.2,17.6,190536.7,0,0,0
8,4,45,SkipList,3,3,100900,5.169,4.7,8.9,14.4,72.0,193448.5,0,0,0
8,4,45,SkipList,3,4,101200,4.395,4.2,7.9,10.4,11.2,227531.3,0,0,0
8,4,45,SkipList,3,5,101500,4.689,4.3,8.3,13.8,15.8,213249.9,0,0,0
8,4,45,SkipList,3,6,101800,5.023,4.8,8.9,12.2,15.8,199084.3,0,0,0
8,4,45,SkipList,3,7,102100,9.166,5.1,9.8,11.7,1101.5,109094.9,0,0,0
8,4,45,SkipList,3,8,102400,4.746,4.5,8.1,10.0,11.4,210718.5,0,0,0
8,4,45,SkipList,3,9,102700,4.457,4.2,7.2,10.4,11.0,224349.5,0,0,0
8,4,45,SkipList,3,10,103000,4.444,4.2,7.5,9.1,10.7,225039.5,0,0,0
8,4,45,SkipList,3,11,103300,4.238,4.1,7.0,9.2,11.9,235941.9,0,0,0
8,4,45,SkipList,3,12,103600,4.106,3.8,6.8,8.3,12.7,243545.9,0,0,0
8,4,45,SkipList,3,13,103900,3.917,3.6,6.6,7.8,12.2,255297.4,0,0,0
8,4,45,SkipList,3,14,104200,3.736,3.5,6.2,7.8,8.8,267666.1,0,0,0
8,4,45,SkipList,3,15,104500,3.835,3.6,6.2,7.7,9.2,260779.0,0,0,0
8,4,45,SkipList,3,16,104800,5.07,4.2,9.2,14.2,88.8,197238.7,0,0,0
8,4,45,SkipList,3,17,105100,3.945,3.8,6.3,8.6,10.1,253506.9,0,0,0
8,4,45,SkipList,3,18,105400,3.95,3.8,6.6,8.9,9.3,253164.5,0,0,0
8,4,45,SkipList,3,19,105700,3.974,3.9,6.3,8.1,10.8,251656.8,0,0,0
8,4,45,SkipList,3,20,106000,4.098,3.7,6.6,10.3,72.4,244021.5,0,0,0
8,4,45,SkipList,3,21,106300,3.756,3.6,6.0,7.3,10.1,266217.0,0,0,0
8,4,45,SkipList,3,22,106600,3.793,3.6,6.5,8.7,9.9,263643.4,0,0,0
8,4,45,SkipList,3,23,106900,3.675,3.5,6.0,8.3,10.7,272108.8,0,0,0
8,4,45,SkipList,3,24,107200,3.988,3.5,5.9,7.6,74.2,250773.1,0,0,0
8,4,45,SkipList,3,25,107500,3.684,3.5,6.2,8.0,8.9,271444.1,0,0,0
8,4,45,SkipList,3,26,107800,3.785,3.6,6.0,8.8,11.5,264177.6,0,0,0
8,4,45,SkipList,3,27,108100,4.329,4.0,7.5,11.4,13.9,230982.4,0,0,0
8,4,45,SkipList,3,28,108400,4.711,4.2,7.4,9.6,94.2,212254.1,0,0,0
8,4,45,SkipList,3,29,108700,4.191,4.0,6.6,8.7,9.4,238625.4,0,0,0
8,4,45,SkipList,3,30,109000,4.011,3.8,6.5,9.5,12.8,249335.0,0,0,0
8,4,45,SkipList,3,31,109300,3.914,3.7,6.3,10.2,10.7,255493.1,0,0,0
8,4,45,SkipList,3,32,109600,3.869,3.6,6.4,8.1,8.9,258442.6,0,0,0
8,4,45,SkipList,3,33,109900,4.177,3.7,6.1,7.9,82.4,239406.4,0,0,0
8,4,45,SkipList,3,34,110200,3.771,3.7,6.0,7.2,9.3,265181.8,0,0,0
8,4,45,SkipList,3,35,110500,3.787,3.7,6.1,8.5,14.3,264037.9,0,0,0
8,4,45,SkipList,3,36,110800,3.643,3.4,6.1,7.7,9.1,274499.0,0,0,0
8,4,45,SkipList,3,37,111100,3.996,3.6,6.1,11.9,77.8,250250.2,0,0,0
8,4,45,SkipList,3,38,111400,4.507,4.1,7.9,10.8,13.6,221893.5,0,0,0
8,4,45,SkipList,3,39,111700,4.297,4.0,7.3,10.3,12.6,232738.5,0,0,0
8,4,45,SkipList,3,40,112000,4.121,3.9,6.5,10.5,11.0,242679.1,0,0,0
8,4,45,SkipList,3,41,112300,3.994,3.7,6.9,8.0,11.4,250354.7,0,0,0
8,4,45,SkipList,3,42,112600,4.409,3.9,6.8,9.3,93.7,226791.7,0,0,0
8,4,45,SkipList,3,43,112900,4.124,4.0,6.5,8.1,9.2,242463.3,0,0,0
8,4,45,SkipList,3,44,113200,3.885,3.7,6.3,7.8,8.7,257400.4,0,0,0
8,4,45,SkipList,3,45,113500,3.759,3.6,6.5,7.4,8.0,266004.7,0,0,0
8,4,45,SkipList,3,46,113800,4.05,3.7,6.4,9.2,67.6,246913.6,0,0,0
8,4,45,SkipList,3,47,114100,3.714,3.5,5.9,7.6,10.4,269251.5,0,0,0
8,4,45,SkipList,3,48,114400,3.663,3.5,5.9,6.9,7.4,273000.2,0,0,0
8,4,45,SkipList,3,49,114700,4.478,4.1,7.8,11.3,21.2,223297.3,0,0,0
8,4,45,SkipList,3,50,115000,4.904,4.3,7.8,11.8,105.1,203915.1,0,0,0
8,4,45,SkipList,3,51,115300,4.381,4.2,7.1,9.2,10.9,228258.4,0,0,0
8,4,45,SkipList,3,52,115600,4.247,4.0,7.2,9.9,12.7,235441.8,0,0,0
8,4,45,SkipList,3,53,115900,4.07,3.9,6.8,7.4,8.8,245680.1,0,0,0
8,4,45,SkipList,3,54,116200,3.858,3.6,6.6,7.7,8.1,259224.0,0,0,0
8,4,45,SkipList,3,55,116500,4.217,3.7,6.4,8.8,79.9,237116.7,0,0,0
8,4,45,SkipList,3,56,116800,4.033,3.8,6.6,8.8,10.7,247974.9,0,0,0
8,4,45,SkipList,3,57,117100,3.738,3.6,5.8,7.1,8.0,267522.7,0,0,0
8,4,45,SkipList,3,58,117400,3.649,3.6,5.7,7.4,9.7,274022.6,0,0,0
8,4,45,SkipList,3,59,117700,3.773,3.6,5.7,8.5,10.5,265017.5,0,0,0
8,4,45,SkipList,3,60,118000,12.866,4.5,8.1,13.5,2421.6,77724.2,0,0,0
8,4,45,SkipList,3,61,118300,4.546,4.5,7.5,8.6,13.9,219989.7,0,0,0
8,4,45,SkipList,3,62,118600,4.154,4.0,6.4,8.3,12.0,240712.5,0,0,0
8,4,45,SkipList,3,63,118900,4.138,3.8,7.2,8.9,15.1,241682.2,0,0,0
8,4,45,SkipList,3,64,119200,4.138,3.7,6.3,9.1,71.4,241681.9,0,0,0
8,4,45,SkipList,3,65,119500,3.902,3.8,6.1,7.3,8.6,256256.9,0,0,0
8,4,45,SkipList,3,66,119800,3.92,3.6,6.6,8.5,11.5,255102.0,0,0,0
8,4,45,SkipList,3,67,120100,3.858,3.8,6.1,8.7,9.0,259201.6,0,0,0
8,4,45,SkipList,3,68,120400,3.855,3.6,6.3,8.2,15.4,259381.0,0,0,0
8,4,45,SkipList,3,69,120700,4.622,4.1,7.8,13.6,71.0,216372.2,0,0,0
8,4,45,SkipList,3,70,121000,5.026,4.7,8.4,11.3,11.8,198952.2,0,0,0
8,4,45,SkipList,3,71,121300,5.178,4.8,9.1,11.8,20.5,193112.4,0,0,0
8,4,45,SkipList,3,72,121600,4.75,4.5,8.3,9.6,9.7,210526.3,0,0,0
8,4,45,SkipList,3,73,121900,4.84,4.2,8.4,10.8,90.1,206597.4,0,0,0
8,4,45,SkipList,3,74,122200,4.238,4.0,6.8,9.0,12.5,235941.8,0,0,0
8,4,45,SkipList,3,75,122500,4.265,4.0,7.0,9.4,14.6,234484.9,0,0,0
8,4,45,SkipList,3,76,122800,4.223,4.0,6.8,9.0,9.1,236779.8,0,0,0
8,4,45,SkipList,3,77,123100,4.182,3.9,7.1,9.4,9.6,239100.9,0,0,0
8,4,45,SkipList,3,78,123400,4.308,3.8,6.4,9.1,82.1,232108.3,0,0,0
8,4,45,SkipList,3,79,123700,4.016,3.7,6.9,7.8,14.1,249024.6,0,0,0
8,4,45,SkipList,3,80,124000,6.275,5.3,11.4,17.6,73.3,159362.6,0,0,0
8,4,45,SkipList,3,81,124300,4.577,4.4,7.4,10.6,14.8,218467.9,0,0,0
8,4,45,SkipList,3,82,124600,4.68,4.2,7.3,9.2,78.2,213690.4,0,0,0
8,4,45,SkipList,3,83,124900,4.251,4.0,6.9,8.9,13.7,235238.8,0,0,0
8,4,45,SkipList,3,84,125200,3.95,3.7,6.4,9.0,12.9,253164.6,0,0,0
8,4,45,SkipList,3,85,125500,4.169,4.0,7.2,9.4,9.8,239865.6,0,0,0
8,4,45,SkipList,3,86,125800,4.228,3.7,6.7,7.8,72.3,236518.5,0,0,0
8,4,45,SkipList,3,87,126100,3.84,3.7,5.9,7.3,8.9,260394.1,0,0,0
8,4,45,SkipList,3,88,126400,4.027,3.8,6.5,8.5,13.3,248323.9,0,0,0
8,4,45,SkipList,3,89,126700,3.881,3.7,6.4,8.8,10.2,257687.7,0,0,0
8,4,45,SkipList,3,90,127000,4.276,3.9,8.0,11.3,11.8,233863.5,0,0,0
8,4,45,SkipList,3,91,127300,5.318,4.5,9.4,15.5,86.1,188040.6,0,0,0
8,4,45,SkipList,3,92,127600,4.468,4.2,7.3,9.4,11.6,223813.8,0,0,0
8,4,45,SkipList,3,93,127900,4.234,3.9,7.0,10.2,13.3,236183.3,0,0,0
8,4,45,SkipList,3,94,128200,4.214,4.1,6.8,8.6,9.6,237323.0,0,0,0
8,4,45,SkipList,3,95,128500,4.359,3.9,6.9,9.4,85.1,229410.4,0,0,0
8,4,45,SkipList,3,96,128800,4.1,3.9,6.9,8.3,8.6,243922.4,0,0,0
8,4,45,SkipList,3,97,129100,3.957,3.7,6.4,9.8,11.4,252716.8,0,0,0
8,4,45,SkipList,3,98,129400,3.849,3.7,6.1,7.7,9.9,259807.7,0,0,0
8,4,45,SkipList,3,99,129700,3.767,3.5,5.9,8.4,11.7,265439.6,0,0,0
8,4,45,SkipList,3,100,130000,4.453,3.9,7.5,9.8,66.7,224584.5,0,0,0
8,4,45,SkipList,3,101,130300,5.248,4.9,8.7,12.3,13.9,190536.7,0,0,0
8,4,45,SkipList,3,102,130600,5.048,4.8,8.6,10.6,11.2,198098.3,0,0,0
8,4,45,SkipList,3,103,130900,4.752,4.6,7.8,9.5,12.1,210437.7,0,0,0
8,4,45,SkipList,3,104,131200,4.81,4.4,7.8,11.0,88.5,207914.6,0,0,0
8,4,45,SkipList,3,105,131500,4.271,4.0,7.3,9.6,11.4,234155.4,0,0,0
8,4,45,SkipList,3,106,131800,4.052,3.9,6.5,8.3,9.6,246791.7,0,0,0
8,4,45,SkipList,3,107,132100,4.344,4.1,7.3,10.1,12.4,230220.3,0,0,0
8,4,45,SkipList,3,108,132400,4.236,3.8,6.7,8.1,73.2,236090.3,0,0,0
8,4,45,SkipList,3,109,132700,3.947,3.8,6.2,7.7,11.4,253356.9,0,0,0
8,4,45,SkipList,3,110,133000,3.913,3.7,6.1,7.1,7.6,255536.6,0,0,0
8,4,45,SkipList,3,111,133300,4.579,4.2,7.7,11.6,18.4,218388.1,0,0,0
8,4,45,SkipList,3,112,133600,5.235,4.7,9.3,11.5,12.8,191009.9,0,0,0
8,4,45,SkipList,3,113,133900,4.445,4.3,7.4,9.5,11.5,224988.6,0,0,0
8,4,45,SkipList,3,114,134200,4.389,4.2,7.2,8.4,12.5,227842.4,0,0,0
8,4,45,SkipList,3,115,134500,4.078,3.8,7.0,8.9,10.5,245238.4,0,0,0
8,4,45,SkipList,3,116,134800,4.108,3.9,6.9,8.5,11.7,243447.2,0,0,0
8,4,45,SkipList,3,117,135100,3.924,3.8,6.4,9.1,15.5,254820.5,0,0,0
8,4,45,SkipList,3,118,135400,3.881,3.7,6.6,8.3,11.8,257665.6,0,0,0
8,4,45,SkipList,3,119,135700,3.796,3.6,6.4,8.3,8.3,263435.1,0,0,0
8,4,45,SkipList,3,120,136000,3.79,3.6,6.1,7.4,10.9,263829.0,0,0,0
8,4,45,SkipList,3,121,136300,4.922,4.2,8.8,14.3,86.0,203183.2,0,0,0
8,4,45,SkipList,3,122,136600,4.9,4.6,8.1,11.0,13.0,204067.7,0,0,0
8,4,45,SkipList,3,123,136900,4.408,4.2,7.5,8.1,12.0,226843.1,0,0,0
8,4,45,SkipList,3,124,137200,4.284,4.0,7.2,8.6,9.3,233444.9,0,0,0
8,4,45,SkipList,3,125,137500,4.166,3.9,7.0,9.9,10.7,240057.6,0,0,0
8,4,45,SkipList,3,126,137800,4.301,3.8,7.0,10.4,73.0,232522.1,0,0,0
8,4,45,SkipList,3,127,138100,4.169,3.8,6.9,9.7,11.9,239884.8,0,0,0
8,4,45,SkipList,3,128,138400,4.028,3.8,6.6,8.6,13.1,248282.6,0,0,0
8,4,45,SkipList,3,129,138700,4.097,3.9,7.0,8.3,9.4,244081.1,0,0,0
8,4,45,SkipList,3,130,139000,4.061,3.8,6.2,8.7,77.9,246265.0,0,0,0
8,4,45,SkipList,3,131,139300,4.098,3.9,7.0,9.2,11.5,244041.3,0,0,0
8,4,45,SkipList,3,132,139600,5.005,4.7,8.3,11.3,14.7,199786.9,0,0,0
8,4,45,SkipList,3,133,139900,5.489,5.3,10.5,13.7,15.3,182182.6,0,0,0
8,4,45,SkipList,3,134,140200,5.364,4.9,8.5,14.0,89.8,186439.7,0,0,0
8,4,45,SkipList,3,135,140500,4.598,4.3,7.6,10.7,15.3,217485.8,0,0,0
8,4,45,SkipList,3,136,140800,4.397,4.1,7.4,10.9,12.6,227410.5,0,0,0
8,4,45,SkipList,3,137,141100,4.373,4.1,7.2,9.3,15.2,228676.0,0,0,0
8,4,45,SkipList,3,138,141400,4.113,3.8,7.1,8.8,9.4,243151.3,0,0,0
8,4,45,SkipList,3,139,141700,4.373,3.9,6.8,8.9,70.1,228658.5,0,0,0
8,4,45,SkipList,3,140,142000,4.151,4.0,6.9,8.7,9.4,240886.4,0,0,0
8,4,45,SkipList,3,141,142300,4.03,3.8,6.8,10.3,12.1,248159.6,0,0,0
8,4,45,SkipList,3,142,142600,4.099,3.9,7.0,9.1,10.4,243981.8,0,0,0
8,4,45,SkipList,3,143,142900,4.547,4.2,7.6,10.3,18.1,219909.0,0,0,0
8,4,45,SkipList,3,144,143200,4.713,4.3,7.8,10.7,91.5,212179.0,0,0,0
8,4,45,SkipList,3,145,143500,4.258,4.0,7.0,9.2,10.4,234852.1,0,0,0
8,4,45,SkipList,3,146,143800,4.05,3.9,6.4,8.1,10.4,246913.5,0,0,0
8,4,45,SkipList,3,147,144100,3.858,3.6,6.5,8.2,10.8,259201.6,0,0,0
8,4,45,SkipList,3,148,144400,3.913,3.7,6.1,9.4,27.7,255580.2,0,0,0
8,4,45,SkipList,3,149,144700,4.153,3.8,6.4,8.0,77.5,240809.1,0,0,0
8,4,45,SkipList,3,150,145000,3.852,3.7,6.3,8.8,10.6,259627.9,0,0,0
8,4,45,SkipList,3,151,145300,3.851,3.6,6.3,8.3,9.4,259695.3,0,0,0
8,4,45,SkipList,3,152,145600,3.847,3.7,6.2,7.9,10.8,259965.5,0,0,0
8,4,45,SkipList,3,153,145900,5.011,4.3,8.9,15.9,73.9,199560.9,0,0,0
8,4,45,SkipList,3,154,146200,4.857,4.6,8.4,12.6,16.0,205888.4,0,0,0
8,4,45,SkipList,3,155,146500,4.439,4.2,7.1,10.2,13.5,225259.0,0,0,0
8,4,45,SkipList,3,156,146800,4.248,4.1,6.9,8.2,8.3,235404.9,0,0,0
8,4,45,SkipList,3,157,147100,4.332,4.0,6.3,8.3,79.7,230840.3,0,0,0
8,4,45,SkipList,3,158,147400,4.203,4.1,6.8,9.3,13.9,237906.4,0,0,0
8,4,45,SkipList,3,159,147700,3.901,3.6,6.5,8.0,12.9,256366.4,0,0,0
8,4,45,SkipList,3,160,148000,3.958,3.8,6.9,8.5,9.5,252652.8,0,0,0
8,4,45,SkipList,3,161,148300,3.858,3.6,6.2,8.0,10.5,259224.1,0,0,0
8,4,45,SkipList,3,162,148600,3.902,3.7,6.3,7.6,10.3,256300.6,0,0,0
8,4,45,SkipList,3,163,148900,4.249,3.9,6.3,10.0,79.3,235331.0,0,0,0
8,4,45,SkipList,3,164,149200,4.998,4.5,9.1,12.5,14.5,200066.7,0,0,0
8,4,45,SkipList,3,165,149500,4.454,4.3,7.0,9.1,9.9,224500.4,0,0,0
8,4,45,SkipList,3,166,149800,4.316,4.2,7.5,9.3,12.1,231713.9,0,0,0
8,4,45,SkipList,3,167,150000,12.156,4.2,6.8,9.7,1578.7,82263.9,0,0,0
8,4,45,JLI,4,1,150300,7.418,6.0,15.0,39.5,60.8,134801.2,63,38,1
8,4,45,JLI,4,2,150600,7.776,6.1,15.8,21.6,125.7,128600.8,63,38,1
8,4,45,JLI,4,3,150900,18.986,6.9,16.0,26.0,3277.8,52671.3,63,38,1
8,4,45,JLI,4,4,151200,8.559,7.0,18.1,27.7,33.0,116836.1,63,38,1
8,4,45,JLI,4,5,151500,18.793,7.3,18.4,30.6,3022.8,53212.2,63,39,1
8,4,45,JLI,4,6,151800,8.665,7.0,19.2,26.1,77.6,115402.4,63,39,1
8,4,45,JLI,4,7,152100,8.697,7.3,17.6,26.9,74.5,114977.8,63,39,1
8,4,45,JLI,4,8,152400,9.663,8.3,21.8,27.6,29.8,103487.5,63,39,1
8,4,45,JLI,4,9,152700,20.071,9.6,22.4,30.5,2946.9,49824.0,63,39,1
8,4,45,JLI,4,10,153000,10.23,8.9,21.2,30.1,80.3,97754.9,63,39,1
8,4,45,JLI,4,11,153300,10.031,8.8,21.4,29.0,32.2,99694.3,63,39,1
8,4,45,JLI,4,12,153600,11.091,9.1,24.7,38.4,62.5,90163.2,63,39,1
8,4,45,JLI,4,13,153900,11.771,10.1,25.9,31.5,78.0,84952.1,63,39,1
8,4,45,JLI,4,14,154200,11.806,10.2,24.3,34.0,35.7,84700.3,63,39,1
8,4,45,JLI,4,15,154500,21.271,10.3,27.6,41.1,2793.1,47011.6,63,39,1
8,4,45,JLI,4,16,154800,12.138,10.4,26.5,33.8,37.5,82385.9,63,39,1
8,4,45,JLI,4,17,155100,13.652,11.7,29.8,44.2,85.6,73251.1,63,39,1
8,4,45,JLI,4,18,155400,12.813,11.6,26.4,34.5,40.0,78043.7,63,39,1
8,4,45,JLI,4,19,155700,13.426,11.3,30.6,41.7,61.8,74480.5,63,39,1
8,4,45,JLI,4,20,156000,24.88,12.4,35.8,62.4,2893.8,40193.5,63,39,1
8,4,45,JLI,4,21,156300,13.644,12.1,31.0,38.0,42.9,73290.5,63,39,1
8,4,45,JLI,4,22,156600,15.341,13.2,34.3,40.6,47.9,65183.4,63,39,1
8,4,45,JLI,4,23,156900,15.627,13.5,35.0,47.2,51.1,63990.4,63,39,1
8,4,45,JLI,4,24,157200,15.735,14.1,33.1,43.2,85.5,63552.6,63,39,1
8,4,45,JLI,4,25,157500,16.326,14.3,36.6,47.1,58.4,61250.7,63,39,1
8,4,45,JLI,4,26,157800,24.525,5.2,32.7,77.0,2320.8,40775.3,63,40,1
8,4,45,JLI,4,27,158100,6.434,5.5,10.5,53.1,59.8,155424.3,63,40,1
8,4,45,JLI,4,28,158400,6.987,6.2,13.3,15.3,54.9,143122.9,63,40,1
8,4,45,JLI,4,29,158700,8.499,8.3,16.2,18.7,55.7,117656.3,63,40,1
8,4,45,JLI,4,30,159000,9.506,8.4,18.9,24.2,76.4,105196.7,63,40,1
8,4,45,JLI,4,31,159300,20.567,11.1,27.3,60.0,2458.1,48622.4,63,40,1
8,4,45,JLI,4,32,159600,11.649,10.1,26.0,38.6,60.2,85846.7,63,40,1
8,4,45,JLI,4,33,159900,13.79,12.4,30.0,35.6,37.2,72518.1,63,40,1
8,4,45,JLI,4,34,160200,13.849,12.8,30.1,36.6,37.4,72205.6,63,40,1
8,4,45,JLI,4,35,160500,16.741,15.4,38.2,43.8,86.7,59733.6,63,40,1
8,4,45,JLI,4,36,160800,17.138,15.4,39.7,48.3,50.1,58351.0,63,40,1
8,4,45,JLI,4,37,161100,27.429,18.0,44.3,56.5,2656.1,36457.3,63,40,1
8,4,45,JLI,4,38,161400,19.306,17.5,47.9,57.6,83.1,51797.4,63,40,1
8,4,45,JLI,4,39,161700,20.937,19.2,49.6,59.8,60.3,47763.1,63,40,1
8,4,45,JLI,4,40,162000,22.642,20.0,58.5,65.1,71.9,44166.4,63,40,1
8,4,45,JLI,4,41,162300,25.316,24.4,59.8,68.3,70.9,39500.2,63,40,1
8,4,45,JLI,4,42,162600,40.021,23.1,67.3,114.3,3478.3,24987.1,63,40,1
8,4,45,JLI,4,43,162900,32.347,26.0,78.2,118.8,443.4,30915.1,63,40,1
8,4,45,JLI,4,44,163200,28.305,22.6,73.9,108.9,124.3,35329.9,63,40,1
8,4,45,JLI,4,45,163500,31.758,26.3,79.3,111.4,334.8,31488.1,63,40,1
8,4,45,JLI,4,46,163800,44.039,26.1,83.6,119.3,3679.0,22707.3,63,41,1
8,4,45,JLI,4,47,164100,34.841,29.7,82.7,103.4,157.0,28701.8,63,41,1
8,4,45,JLI,4,48,164400,45.472,28.2,83.1,96.0,3733.0,21991.7,63,41,1
8,4,45,JLI,4,49,164700,33.622,31.3,82.2,100.5,110.7,29742.4,63,41,1
8,4,45,JLI,4,50,165000,32.122,26.5,83.3,105.5,130.6,31131.3,63,41,1
8,4,45,JLI,4,51,165300,38.274,31.4,100.9,119.8,125.9,26127.6,63,41,1
8,4,45,JLI,4,52,165600,39.077,35.2,103.3,127.7,165.5,25590.5,63,41,1
8,4,45,JLI,4,53,165900,51.255,35.9,107.2,121.1,3478.4,19510.2,63,41,1
8,4,45,JLI,4,54,166200,40.471,38.4,102.1,121.9,123.4,24709.3,63,41,1
8,4,45,JLI,4,55,166500,43.566,35.5,107.0,138.7,142.5,22953.5,63,41,1
8,4,45,JLI,4,56,166800,44.331,40.2,106.5,133.5,163.4,22557.6,63,41,1
8,4,45,JLI,4,57,167100,44.43,36.7,110.8,148.5,168.5,22507.3,63,41,1
8,4,45,JLI,4,58,167400,45.671,38.0,114.8,142.0,147.6,21895.7,63,41,1
8,4,45,JLI,4,59,167700,61.23,44.5,127.5,144.6,3565.7,16331.8,63,41,1
8,4,45,JLI,4,60,168000,51.378,46.4,123.3,152.1,243.7,19463.6,63,41,1
8,4,45,JLI,4,61,168300,49.483,38.7,140.1,158.9,270.4,20209.0,63,41,1
8,4,45,JLI,4,62,168600,52.039,44.8,132.8,161.6,223.4,19216.5,63,41,1
8,4,45,JLI,4,63,168900,54.633,48.0,138.9,153.4,156.2,18303.8,63,41,1
8,4,45,JLI,4,64,169200,54.809,47.0,135.9,231.0,264.0,18245.1,63,41,1
8,4,45,JLI,4,65,169500,50.994,37.9,141.6,161.0,183.8,19610.3,63,41,1
8,4,45,JLI,4,66,169800,60.029,39.0,127.4,182.4,3281.9,16658.5,63,42,1
8,4,45,JLI,4,67,170100,74.302,55.7,160.2,200.0,3716.6,13458.5,63,42,1
8,4,45,JLI,4,68,170400,66.022,59.8,154.6,194.1,277.8,15146.4,63,42,1
8,4,45,JLI,4,69,170700,64.421,53.3,168.6,225.5,286.2,15522.8,63,42,1
8,4,45,JLI,4,70,171000,65.756,58.0,176.9,210.5,249.7,15207.7,63,42,1
8,4,45,JLI,4,71,171300,68.418,61.7,167.5,201.1,205.8,14616.0,63,42,1
8,4,45,JLI,4,72,171600,68.666,61.2,173.7,217.7,264.7,14563.2,63,42,1
8,4,45,JLI,4,73,171900,78.944,57.3,182.1,245.2,3593.4,12667.2,63,42,1
8,4,45,JLI,4,74,172200,72.706,62.1,179.3,215.6,226.1,13754.0,63,42,1
8,4,45,JLI,4,75,172500,74.094,69.3,179.8,212.0,260.7,13496.3,63,42,1
8,4,45,JLI,4,76,172800,77.817,68.5,205.5,232.1,285.6,12850.7,63,42,1
8,4,45,JLI,4,77,173100,23.077,5.0,143.2,207.5,365.0,43332.6,63,42,1
8,4,45,JLI,4,78,173400,17.287,5.7,10.2,56.6,3259.8,57848.0,63,42,1
8,4,45,JLI,4,79,173700,7.415,6.4,13.1,54.8,66.1,134867.8,63,42,1
8,4,45,JLI,4,80,174000,9.01,7.9,18.0,24.2,90.7,110983.7,63,42,1
8,4,45,JLI,4,81,174300,10.374,9.7,21.8,23.9,26.6,96394.8,63,42,1
8,4,45,JLI,4,82,174600,10.803,10.0,22.4,25.9,29.5,92564.0,63,42,1
8,4,45,JLI,4,83,174900,12.975,12.3,28.4,31.3,32.2,77073.3,63,42,1
8,4,45,JLI,4,84,175200,26.091,13.8,32.7,60.1,3315.6,38327.9,63,42,1
8,4,45,JLI,4,85,175500,15.613,14.3,36.5,40.9,78.4,64049.2,63,42,1
8,4,45,JLI,4,86,175800,25.282,15.4,37.1,44.7,2677.3,39553.8,63,43,1
8,4,45,JLI,4,87,176100,10.066,4.9,28.5,54.7,63.1,99344.3,63,43,1
8,4,45,JLI,4,88,176400,4.521,4.1,7.5,13.5,19.4,221190.0,63,43,1
8,4,45,JLI,4,89,176700,6.655,5.8,11.7,54.4,61.9,150262.9,63,43,1
8,4,45,JLI,4,90,177000,12.116,4.2,11.7,20.4,2116.3,82533.2,64,43,1
8,4,45,JLI,4,91,177300,5.08,4.2,8.8,24.3,59.5,196850.4,64,43,1
8,4,45,JLI,4,92,177600,4.815,4.2,8.6,15.9,23.1,207698.7,64,43,1
8,4,45,JLI,4,93,177900,5.212,4.6,9.5,15.9,22.9,191852.7,64,43,1
8,4,45,JLI,4,94,178200,5.814,4.9,10.4,13.4,85.0,171988.8,64,43,1
8,4,45,JLI,4,95,178500,13.623,5.3,10.8,21.3,2310.4,73405.3,64,43,1
8,4,45,JLI,4,96,178800,6.307,5.8,11.7,14.5,29.9,158562.3,64,43,1
8,4,45,JLI,4,97,179100,6.444,5.7,11.8,14.2,33.3,155191.1,64,43,1
8,4,45,JLI,4,98,179400,9.656,6.5,16.4,24.3,615.8,103566.1,64,43,1
8,4,45,JLI,4,99,179700,8.217,7.0,16.3,18.9,58.2,121698.9,64,43,1
8,4,45,JLI,4,100,180000,7.846,6.8,16.5,19.0,20.2,127448.1,64,43,1
8,4,45,JLI,4,101,180300,16.634,7.8,17.9,21.4,2385.6,60119.0,64,43,1
8,4,45,JLI,4,102,180600,8.527,7.1,18.5,21.7,73.4,117269.9,64,43,1
8,4,45,JLI,4,103,180900,13.94,10.9,32.9,48.3,106.2,71734.3,64,43,1
8,4,45,JLI,4,104,181200,9.977,8.1,22.2,25.5,58.6,100233.9,64,43,1
8,4,45,JLI,4,105,181500,8.969,7.6,19.8,22.6,24.6,111491.0,64,43,1
8,4,45,JLI,4,106,181800,10.938,9.2,22.4,32.0,72.3,91427.2,64,43,1
8,4,45,JLI,4,107,182100,23.629,9.0,30.2,44.0,3551.8,42321.5,64,44,1
8,4,45,JLI,4,108,182400,10.658,7.5,24.6,40.0,96.6,93823.3,64,44,1
8,4,45,JLI,4,109,182700,5.376,3.5,15.2,22.8,29.0,186011.9,64,44,1
8,4,45,JLI,4,110,183000,16.025,5.0,19.1,28.9,2804.8,62402.5,64,44,1
8,4,45,JLI,4,111,183300,6.992,5.9,15.8,22.3,26.8,143013.8,64,44,1
8,4,45,JLI,4,112,183600,8.562,7.4,18.8,31.3,36.9,116799.7,64,44,1
8,4,45,JLI,4,113,183900,9.395,7.8,21.4,30.8,86.0,106439.6,64,44,1
8,4,45,JLI,4,114,184200,9.415,8.5,19.7,29.6,33.9,106209.7,64,44,1
8,4,45,JLI,4,115,184500,19.226,8.4,20.2,24.4,2823.8,52013.8,64,44,1
8,4,45,JLI,4,116,184800,12.062,10.9,26.0,33.4,41.6,82902.7,64,44,1
8,4,45,JLI,4,117,185100,12.004,10.7,25.1,30.2,34.6,83307.9,64,44,1
8,4,45,JLI,4,118,185400,12.601,11.5,27.1,34.4,35.7,79360.9,64,44,1
8,4,45,JLI,4,119,185700,13.103,11.5,29.0,35.9,99.1,76320.4,64,44,1
8,4,45,JLI,4,120,186000,25.183,13.0,32.0,61.1,3138.3,39709.3,64,44,1
8,4,45,JLI,4,121,186300,14.176,13.1,30.8,38.6,41.9,70543.4,64,44,1
8,4,45,JLI,4,122,186600,14.463,12.7,31.7,43.9,46.7,69143.5,64,44,1
8,4,45,JLI,4,123,186900,7.803,3.5,27.4,47.8,66.5,128161.3,64,44,1
8,4,45,JLI,4,124,187200,5.244,4.0,12.5,26.8,90.4,190682.0,64,44,1
8,4,45,JLI,4,125,187500,5.965,5.5,11.7,22.9,26.2,167644.6,64,44,1
8,4,45,JLI,4,126,187800,6.854,6.2,14.0,18.2,21.4,145907.3,64,44,1
8,4,45,JLI,4,127,188100,20.002,4.8,27.5,56.9,3036.1,49994.2,64,45,1
8,4,45,JLI,4,128,188400,17.012,4.7,30.1,57.4,2501.8,58782.0,64,45,1
8,4,45,JLI,4,129,188700,9.53,5.8,29.4,56.3,69.0,104931.8,64,45,1
8,4,45,JLI,4,130,189000,6.559,5.9,12.1,22.8,35.0,152470.0,64,45,1
8,4,45,JLI,4,131,189300,7.455,6.7,13.2,22.5,84.4,134132.2,64,45,1
8,4,45,JLI,4,132,189600,7.542,7.1,14.1,17.6,68.3,132590.8,64,45,1
8,4,45,JLI,4,133,189900,8.329,7.5,17.2,24.9,64.3,120067.3,64,45,1
8,4,45,JLI,4,134,190200,19.673,8.2,19.1,26.5,3222.4,50830.2,65,45,1
8,4,45,JLI,4,135,190500,6.913,6.2,12.7,29.3,32.3,144662.0,65,45,1
8,4,45,JLI,4,136,190800,7.251,6.1,13.9,21.9,26.5,137905.7,65,45,1
8,4,45,JLI,4,137,191100,7.439,7.0,13.5,19.2,21.3,134420.6,65,45,1
8,4,45,JLI,4,138,191400,7.806,7.1,14.5,23.4,62.1,128106.6,65,45,1
8,4,45,JLI,4,139,191700,8.988,8.4,16.8,25.6,30.1,111255.3,65,45,1
8,4,45,JLI,4,140,192000,18.841,8.5,17.3,26.9,2977.8,53076.7,65,45,1
8,4,45,JLI,4,141,192300,9.258,8.6,18.3,21.3,27.2,108018.6,65,45,1
8,4,45,JLI,4,142,192600,10.077,8.8,20.0,23.9,85.2,99235.9,65,45,1
8,4,45,JLI,4,143,192900,10.786,9.6,21.5,37.0,85.3,92715.6,65,45,1
8,4,45,JLI,4,144,193200,11.323,9.6,24.5,43.4,102.0,88313.2,65,45,1
8,4,45,JLI,4,145,193500,10.885,9.5,22.5,28.4,74.7,91872.4,65,45,1
8,4,45,JLI,4,146,193800,11.831,10.2,24.2,32.1,71.2,84521.3,65,45,1
8,4,45,JLI,4,147,194100,23.026,9.1,29.1,87.5,3183.5,43429.8,65,46,1
8,4,45,JLI,4,148,194400,17.356,6.4,21.3,32.7,2723.9,57618.1,65,46,1
8,4,45,JLI,4,149,194700,6.641,3.8,17.2,32.8,70.0,150579.7,65,46,1
8,4,45,JLI,4,150,195000,6.047,4.7,15.6,21.6,23.6,165380.4,65,46,1
8,4,45,JLI,4,151,195300,5.77,4.3,14.5,21.7,23.0,173320.2,65,46,1
8,4,45,JLI,4,152,195600,5.366,3.6,14.4,29.4,70.7,186347.0,65,46,1
8,4,45,JLI,4,153,195900,6.467,5.2,13.8,20.3,21.9,154631.3,65,46,1
8,4,45,JLI,4,154,196200,17.24,6.9,17.3,71.7,2728.5,58003.5,65,46,1
8,4,45,JLI,4,155,196500,7.959,7.4,15.0,20.1,24.8,125649.2,65,46,1
8,4,45,JLI,4,156,196800,8.699,8.2,16.9,20.7,22.2,114955.7,65,46,1
8,4,45,JLI,4,157,197100,11.102,10.9,22.2,25.7,45.8,90076.6,65,46,1
8,4,45,JLI,4,158,197400,12.896,12.2,26.5,32.3,48.1,77543.4,65,46,1
8,4,45,JLI,4,159,197700,13.587,13.1,26.7,32.5,34.2,73599.8,65,46,1
8,4,45,JLI,4,160,198000,24.533,13.0,31.8,40.2,3051.8,40761.4,65,46,1
8,4,45,JLI,4,161,198300,16.65,15.3,36.4,42.7,45.4,60061.3,65,46,1
8,4,45,JLI,4,162,198600,17.217,15.8,36.0,45.2,68.2,58083.3,65,46,1
8,4,45,JLI,4,163,198900,18.182,16.4,42.4,47.8,54.5,54999.5,65,46,1
8,4,45,JLI,4,164,199200,21.205,19.2,50.4,61.8,121.1,47157.9,65,46,1
8,4,45,JLI,4,165,199500,32.224,17.7,46.5,61.7,3565.5,31033.1,65,46,1
8,4,45,JLI,4,166,199800,20.978,16.9,50.6,62.0,69.7,47669.7,65,46,1
8,4,45,JLI,4,167,200000,23.512,22.6,48.2,62.2,66.0,42530.6,65,46,1
8,4,45,SkipList,4,1,150300,6.538,6.1,11.8,16.8,18.8,152959.8,0,0,0
8,4,45,SkipList,4,2,150600,5.783,5.1,9.8,12.2,70.9,172930.6,0,0,0
8,4,45,SkipList,4,3,150900,5.676,5.2,10.5,16.0,20.0,176190.8,0,0,0
8,4,45,SkipList,4,4,151200,5.194,5.0,8.9,11.1,11.4,192517.5,0,0,0
8,4,45,SkipList,4,5,151500,4.948,4.6,9.0,11.1,11.8,202115.5,0,0,0
8,4,45,SkipList,4,6,151800,4.686,4.5,8.4,11.3,13.7,213416.8,0,0,0
8,4,45,SkipList,4,7,152100,5.15,4.5,8.5,12.3,83.2,194162.2,0,0,0
8,4,45,SkipList,4,8,152400,4.465,4.2,7.4,9.8,13.3,223947.4,0,0,0
8,4,45,SkipList,4,9,152700,4.364,4.0,7.7,9.8,12.5,229165.0,0,0,0
8,4,45,SkipList,4,10,153000,4.474,4.2,7.6,10.6,11.7,223530.3,0,0,0
8,4,45,SkipList,4,11,153300,4.362,4.1,7.6,8.9,9.0,229252.7,0,0,0
8,4,45,SkipList,4,12,153600,4.573,4.1,6.6,8.8,78.5,218658.9,0,0,0
8,4,45,SkipList,4,13,153900,4.732,4.3,8.3,13.7,30.7,211327.2,0,0,0
8,4,45,SkipList,4,14,154200,5.011,4.7,8.2,11.8,13.8,199574.3,0,0,0
8,4,45,SkipList,4,15,154500,4.783,4.5,7.9,9.4,12.7,209088.3,0,0,0
8,4,45,SkipList,4,16,154800,8.617,4.1,7.5,11.4,1271.5,116049.6,0,0,0
8,4,45,SkipList,4,17,155100,4.433,4.2,7.4,10.2,12.0,225563.9,0,0,0
8,4,45,SkipList,4,18,155400,4.202,4.0,7.3,9.2,11.0,238000.8,0,0,0
8,4,45,SkipList,4,19,155700,4.253,4.1,6.5,9.1,10.0,235128.2,0,0,0
8,4,45,SkipList,4,20,156000,4.162,4.0,6.7,8.8,10.4,240269.0,0,0,0
8,4,45,SkipList,4,21,156300,4.201,3.8,6.4,8.9,73.3,238019.6,0,0,0
8,4,45,SkipList,4,22,156600,4.046,3.9,6.7,7.9,8.6,247157.7,0,0,0
8,4,45,SkipList,4,23,156900,5.431,5.0,9.6,13.2,13.5,184128.2,0,0,0
8,4,45,SkipList,4,24,157200,4.859,4.5,8.2,12.5,17.4,205789.5,0,0,0
8,4,45,SkipList,4,25,157500,4.68,4.4,7.3,9.1,85.8,213675.2,0,0,0
8,4,45,SkipList,4,26,157800,4.643,4.3,8.0,9.8,12.9,215393.5,0,0,0
8,4,45,SkipList,4,27,158100,4.382,4.1,7.4,9.9,11.4,228189.0,0,0,0
8,4,45,SkipList,4,28,158400,4.285,4.1,7.0,9.2,10.0,233390.4,0,0,0
8,4,45,SkipList,4,29,158700,4.257,4.1,6.9,8.3,9.0,234925.6,0,0,0
8,4,45,SkipList,4,30,159000,4.424,4.2,6.6,8.1,72.7,226022.8,0,0,0
8,4,45,SkipList,4,31,159300,4.032,3.9,6.7,8.7,10.5,248015.9,0,0,0
8,4,45,SkipList,4,32,159600,3.969,3.8,6.7,8.0,8.4,251952.7,0,0,0
8,4,45,SkipList,4,33,159900,5.223,4.9,9.5,13.9,17.5,191460.8,0,0,0
8,4,45,SkipList,4,34,160200,5.41,5.0,8.4,16.1,91.5,184831.5,0,0,0
8,4,45,SkipList,4,35,160500,4.298,4.2,6.9,9.3,9.5,232648.3,0,0,0
8,4,45,SkipList,4,36,160800,4.469,4.3,7.4,8.7,12.5,223763.7,0,0,0
8,4,45,SkipList,4,37,161100,4.27,3.9,7.5,10.3,11.1,234210.2,0,0,0
8,4,45,SkipList,4,38,161400,4.646,4.2,7.2,9.3,83.1,215239.0,0,0,0
8,4,45,SkipList,4,39,161700,4.15,4.0,6.7,8.6,10.1,240983.2,0,0,0
8,4,45,SkipList,4,40,162000,4.22,3.9,7.4,8.8,12.8,236985.5,0,0,0
8,4,45,SkipList,4,41,162300,4.065,3.9,6.7,8.6,13.0,246002.5,0,0,0
8,4,45,SkipList,4,42,162600,4.008,3.7,6.6,8.9,11.9,249480.3,0,0,0
8,4,45,SkipList,4,43,162900,4.71,4.1,7.8,10.5,105.9,212299.1,0,0,0
8,4,45,SkipList,4,44,163200,4.898,4.7,8.1,10.1,15.1,204164.9,0,0,0
8,4,45,SkipList,4,45,163500,5.485,5.2,9.8,15.2,25.0,182315.4,0,0,0
8,4,45,SkipList,4,46,163800,5.033,4.6,9.0,11.8,13.6,198688.7,0,0,0
8,4,45,SkipList,4,47,164100,4.72,4.6,7.6,10.5,12.2,211864.4,0,0,0
8,4,45,SkipList,4,48,164400,4.744,4.3,7.5,10.5,74.7,210777.8,0,0,0
8,4,45,SkipList,4,49,164700,4.397,4.2,7.3,9.6,11.7,227410.5,0,0,0
8,4,45,SkipList,4,50,165000,4.219,4.0,6.8,10.1,10.3,237041.7,0,0,0
8,4,45,SkipList,4,51,165300,4.356,4.2,7.1,9.0,10.4,229568.4,0,0,0
8,4,45,SkipList,4,52,165600,4.562,4.1,7.1,9.0,70.7,219186.0,0,0,0
8,4,45,SkipList,4,53,165900,4.243,4.0,7.1,9.5,10.0,235700.8,0,0,0
8,4,45,SkipList,4,54,166200,5.36,4.9,10.1,15.2,20.3,186567.2,0,0,0
8,4,45,SkipList,4,55,166500,4.803,4.6,8.0,9.7,11.5,208217.7,0,0,0
8,4,45,SkipList,4,56,166800,4.643,4.4,7.5,10.3,11.3,215362.5,0,0,0
8,4,45,SkipList,4,57,167100,4.793,4.3,7.6,9.6,87.6,208623.1,0,0,0
8,4,45,SkipList,4,58,167400,4.422,4.2,7.1,9.9,11.0,226124.9,0,0,0
8,4,45,SkipList,4,59,167700,4.236,4.1,6.4,8.6,12.6,236071.8,0,0,0
8,4,45,SkipList,4,60,168000,4.087,4.0,7.0,8.4,10.0,244658.4,0,0,0
8,4,45,SkipList,4,61,168300,4.428,4.0,7.0,10.1,70.0,225852.6,0,0,0
8,4,45,SkipList,4,62,168600,4.01,3.9,6.5,7.5,8.3,249376.5,0,0,0
8,4,45,SkipList,4,63,168900,4.12,4.0,6.9,9.0,9.3,242738.1,0,0,0
8,4,45,SkipList,4,64,169200,6.328,5.1,11.5,35.2,115.8,158019.5,0,0,0
8,4,45,SkipList,4,65,169500,4.914,4.7,8.3,11.7,12.7,203514.0,0,0,0
8,4,45,SkipList,4,66,169800,5.069,4.6,8.0,10.5,83.6,197290.5,0,0,0
8,4,45,SkipList,4,67,170100,4.477,4.1,7.5,12.1,13.0,223347.2,0,0,0
8,4,45,SkipList,4,68,170400,4.581,4.3,7.2,9.9,10.5,218308.9,0,0,0
8,4,45,SkipList,4,69,170700,4.506,4.3,7.7,8.7,11.4,221942.7,0,0,0
8,4,45,SkipList,4,70,171000,4.252,4.1,7.3,8.7,10.4,235183.6,0,0,0
8,4,45,SkipList,4,71,171300,9.74,4.2,6.8,8.2,1627.5,102665.9,0,0,0
8,4,45,SkipList,4,72,171600,4.655,4.3,7.4,11.5,32.8,214822.7,0,0,0
8,4,45,SkipList,4,73,171900,5.619,5.3,9.7,13.0,18.5,177957.0,0,0,0
8,4,45,SkipList,4,74,172200,6.287,5.9,10.7,15.5,16.0,159058.4,0,0,0
8,4,45,SkipList,4,75,172500,425.356,5.4,10.4,14.1,125831.7,2351.0,0,0,0
8,4,45,SkipList,4,76,172800,6.061,5.6,10.6,13.7,28.9,164998.4,0,0,0
8,4,45,SkipList,4,77,173100,5.013,4.8,8.5,10.7,15.5,199468.1,0,0,0
8,4,45,SkipList,4,78,173400,4.564,4.3,8.1,9.8,14.2,219090.1,0,0,0
8,4,45,SkipList,4,79,173700,4.474,4.2,7.5,9.1,15.7,223497.0,0,0,0
8,4,45,SkipList,4,80,174000,4.508,4.1,7.0,10.4,72.7,221844.3,0,0,0
8,4,45,SkipList,4,81,174300,4.096,3.9,7.0,8.4,9.9,244160.5,0,0,0
8,4,45,SkipList,4,82,174600,4.116,3.9,6.9,8.6,10.7,242934.6,0,0,0
8,4,45,SkipList,4,83,174900,4.101,3.9,6.7,9.8,11.5,243862.8,0,0,0
8,4,45,SkipList,4,84,175200,3.891,3.6,6.6,9.1,9.8,257003.4,0,0,0
8,4,45,SkipList,4,85,175500,4.047,3.6,6.2,8.1,67.8,247117.0,0,0,0
8,4,45,SkipList,4,86,175800,4.517,4.1,8.6,11.8,15.3,221369.5,0,0,0
8,4,45,SkipList,4,87,176100,5.063,4.7,8.7,11.3,21.8,197498.4,0,0,0
8,4,45,SkipList,4,88,176400,5.287,5.0,9.1,13.6,25.3,189155.1,0,0,0
8,4,45,SkipList,4,89,176700,5.05,4.5,8.3,11.6,94.0,198032.8,0,0,0
8,4,45,SkipList,4,90,177000,4.711,4.4,8.0,11.2,13.4,212284.2,0,0,0
8,4,45,SkipList,4,91,177300,4.444,4.2,7.8,9.2,10.1,225039.4,0,0,0
8,4,45,SkipList,4,92,177600,4.427,4.1,7.4,9.8,10.3,225869.6,0,0,0
8,4,45,SkipList,4,93,177900,4.113,4.0,6.9,9.0,10.4,243151.2,0,0,0
8,4,45,SkipList,4,94,178200,4.081,3.7,6.3,10.0,63.9,245058.1,0,0,0
8,4,45,SkipList,4,95,178500,3.935,3.7,6.6,7.4,8.6,254129.6,0,0,0
8,4,45,SkipList,4,96,178800,3.765,3.6,6.2,8.1,8.5,265627.7,0,0,0
8,4,45,SkipList,4,97,179100,5.145,4.5,10.0,15.6,16.2,194350.8,0,0,0
8,4,45,SkipList,4,98,179400,4.605,4.3,7.5,10.3,17.8,217139.5,0,0,0
8,4,45,SkipList,4,99,179700,4.73,4.2,7.2,10.4,88.9,211401.5,0,0,0
8,4,45,SkipList,4,100,180000,4.254,4.0,7.2,9.4,10.2,235054.5,0,0,0
8,4,45,SkipList,4,101,180300,4.078,3.9,6.6,8.4,9.3,245198.2,0,0,0
8,4,45,SkipList,4,102,180600,3.946,3.7,6.7,8.7,9.1,253421.3,0,0,0
8,4,45,SkipList,4,103,180900,4.108,3.6,6.7,8.9,73.8,243427.4,0,0,0
8,4,45,SkipList,4,104,181200,3.874,3.7,6.3,9.4,10.8,258153.4,0,0,0
8,4,45,SkipList,4,105,181500,3.923,3.7,6.4,8.2,8.5,254906.9,0,0,0
8,4,45,SkipList,4,106,181800,3.689,3.5,6.3,7.4,8.9,271051.7,0,0,0
8,4,45,SkipList,4,107,182100,3.858,3.7,6.5,8.2,16.2,259201.7,0,0,0
8,4,45,SkipList,4,108,182400,5.768,5.0,9.7,14.3,134.4,173380.4,0,0,0
8,4,45,SkipList,4,109,182700,5.018,4.9,8.1,10.3,12.1,199269.4,0,0,0
8,4,45,SkipList,4,110,183000,4.421,4.1,7.9,9.5,10.6,226176.1,0,0,0
8,4,45,SkipList,4,111,183300,4.357,4.1,7.2,9.9,13.1,229515.7,0,0,0
8,4,45,SkipList,4,112,183600,4.389,4.2,7.4,9.2,10.5,227825.0,0,0,0
8,4,45,SkipList,4,113,183900,4.125,3.8,6.9,10.3,10.8,242443.8,0,0,0
8,4,45,SkipList,4,114,184200,3.986,3.8,6.5,7.5,8.9,250857.1,0,0,0
8,4,45,SkipList,4,115,184500,3.913,3.7,6.2,8.2,8.5,255558.4,0,0,0
8,4,45,SkipList,4,116,184800,4.052,3.8,6.8,8.4,10.8,246771.4,0,0,0
8,4,45,SkipList,4,117,185100,4.094,3.7,6.3,8.4,60.7,244240.1,0,0,0
8,4,45,SkipList,4,118,185400,5.158,4.5,10.1,14.2,40.7,193886.1,0,0,0
8,4,45,SkipList,4,119,185700,4.669,4.4,7.7,9.6,11.7,214163.4,0,0,0
8,4,45,SkipList,4,120,186000,4.388,4.1,7.5,10.1,11.6,227894.3,0,0,0
8,4,45,SkipList,4,121,186300,4.724,4.1,7.8,9.3,79.1,211700.0,0,0,0
8,4,45,SkipList,4,122,186600,4.156,3.9,6.8,8.4,13.6,240616.1,0,0,0
8,4,45,SkipList,4,123,186900,4.214,3.9,7.0,8.8,12.9,237304.2,0,0,0
8,4,45,SkipList,4,124,187200,4.043,3.9,6.7,8.9,11.2,247341.1,0,0,0
8,4,45,SkipList,4,125,187500,3.974,3.6,7.0,8.7,12.3,251635.5,0,0,0
8,4,45,SkipList,4,126,187800,4.223,3.8,6.3,10.7,70.7,236798.5,0,0,0
8,4,45,SkipList,4,127,188100,4.089,3.8,6.9,9.1,12.3,244558.6,0,0,0
8,4,45,SkipList,4,128,188400,4.783,4.2,10.2,13.3,13.8,209088.4,0,0,0
8,4,45,SkipList,4,129,188700,5.039,4.9,8.9,12.2,13.1,198452.1,0,0,0
8,4,45,SkipList,4,130,189000,10.868,4.5,7.9,10.3,1827.2,92016.1,0,0,0
8,4,45,SkipList,4,131,189300,4.405,4.0,7.2,9.4,10.9,226997.6,0,0,0
8,4,45,SkipList,4,132,189600,4.383,4.2,7.2,9.4,10.5,228136.9,0,0,0
8,4,45,SkipList,4,133,189900,4.134,3.9,6.8,8.3,8.4,241916.0,0,0,0
8,4,45,SkipList,4,134,190200,4.064,4.0,6.2,8.1,10.0,246083.2,0,0,0
8,4,45,SkipList,4,135,190500,4.219,3.8,6.3,8.8,77.2,237023.0,0,0,0
8,4,45,SkipList,4,136,190800,3.899,3.7,6.5,8.3,8.7,256498.1,0,0,0
8,4,45,SkipList,4,137,191100,4.085,3.8,6.7,8.0,47.3,244778.1,0,0,0
8,4,45,SkipList,4,138,191400,4.976,4.5,9.5,12.7,14.8,200978.1,0,0,0
8,4,45,SkipList,4,139,191700,4.787,4.7,7.8,11.1,12.9,208913.7,0,0,0
8,4,45,SkipList,4,140,192000,4.823,4.5,7.4,10.6,81.9,207354.1,0,0,0
8,4,45,SkipList,4,141,192300,4.334,4.2,7.4,9.7,12.0,230715.9,0,0,0
8,4,45,SkipList,4,142,192600,4.384,4.1,7.5,8.6,10.8,228119.6,0,0,0
8,4,45,SkipList,4,143,192900,4.089,3.9,6.6,8.0,9.1,244558.5,0,0,0
8,4,45,SkipList,4,144,193200,4.243,3.9,6.6,8.8,71.7,235663.8,0,0,0
8,4,45,SkipList,4,145,193500,4.235,4.1,6.6,7.9,9.3,236127.4,0,0,0
8,4,45,SkipList,4,146,193800,4.019,3.8,6.5,8.2,10.8,248838.8,0,0,0
8,4,45,SkipList,4,147,194100,3.944,3.9,6.2,7.8,9.5,253571.1,0,0,0
8,4,45,SkipList,4,148,194400,4.574,4.2,7.8,13.0,26.7,218611.1,0,0,0
8,4,45,SkipList,4,149,194700,5.492,5.0,9.0,13.6,104.3,182094.1,0,0,0
8,4,45,SkipList,4,150,195000,4.66,4.4,7.6,9.0,13.5,214576.8,0,0,0
8,4,45,SkipList,4,151,195300,4.421,4.2,7.7,9.3,14.0,226193.1,0,0,0
8,4,45,SkipList,4,152,195600,4.287,4.1,7.1,9.0,10.1,233281.5,0,0,0
8,4,45,SkipList,4,153,195900,4.272,4.1,7.2,8.7,9.8,234100.6,0,0,0
8,4,45,SkipList,4,154,196200,4.431,4.0,7.2,9.9,76.6,225665.8,0,0,0
8,4,45,SkipList,4,155,196500,4.175,4.0,7.1,10.2,10.9,239540.0,0,0,0
8,4,45,SkipList,4,156,196800,4.016,3.8,6.7,8.7,10.9,249004.0,0,0,0
8,4,45,SkipList,4,157,197100,4.081,4.0,6.7,8.7,9.6,245058.0,0,0,0
8,4,45,SkipList,4,158,197400,4.724,4.2,8.9,12.8,20.1,211670.1,0,0,0
8,4,45,SkipList,4,159,197700,7.382,6.5,11.5,14.3,152.8,135464.7,0,0,0
8,4,45,SkipList,4,160,198000,6.089,5.7,11.1,16.1,20.8,164239.6,0,0,0
8,4,45,SkipList,4,161,198300,5.241,4.9,8.9,10.7,13.1,190815.5,0,0,0
8,4,45,SkipList,4,162,198600,4.885,4.5,8.5,11.9,13.4,204708.2,0,0,0
8,4,45,SkipList,4,163,198900,4.764,4.5,8.4,11.2,14.6,209907.6,0,0,0
8,4,45,SkipList,4,164,199200,4.9,4.4,7.7,11.7,80.6,204081.6,0,0,0
8,4,45,SkipList,4,165,199500,4.556,4.3,7.8,9.9,12.0,219474.7,0,0,0
8,4,45,SkipList,4,166,199800,4.289,4.2,7.2,8.7,15.5,233154.5,0,0,0
8,4,45,SkipList,4,167,200000,4.541,4.5,7.5,9.8,10.1,220191.6,0,0,0
8,4,45,JLI,5,1,200300,30.546,10.1,41.9,96.4,4411.0,32737.2,65,47,1
8,4,45,JLI,5,2,200600,10.317,6.5,27.1,36.4,76.8,96924.3,65,47,1
8,4,45,JLI,5,3,200900,9.602,6.0,21.6,65.0,67.2,104145.0,65,47,1
8,4,45,JLI,5,4,201200,20.188,6.6,25.3,67.8,2984.8,49534.4,65,47,1
8,4,45,JLI,5,5,201500,9.375,6.3,24.8,41.8,69.2,106670.5,65,47,1
8,4,45,JLI,5,6,201800,9.729,7.0,22.2,28.1,71.9,102789.0,65,47,1
8,4,45,JLI,5,7,202100,9.584,6.8,21.7,28.9,70.2,104336.9,65,47,1
8,4,45,JLI,5,8,202400,7.619,5.1,18.7,68.5,140.0,131245.1,65,47,1
8,4,45,JLI,5,9,202700,4.922,3.1,14.8,19.7,22.4,203155.7,65,47,1
8,4,45,JLI,5,10,203000,18.278,4.4,15.8,82.5,3436.8,54709.6,65,47,1
8,4,45,JLI,5,11,203300,6.216,5.0,14.3,22.4,25.7,160866.5,65,47,1
8,4,45,JLI,5,12,203600,7.402,6.2,15.0,20.8,80.0,135092.5,65,47,1
8,4,45,JLI,5,13,203900,7.888,7.0,15.1,18.8,23.2,126774.9,65,47,1
8,4,45,JLI,5,14,204200,8.413,7.3,18.0,20.6,24.1,118858.9,65,47,1
8,4,45,JLI,5,15,204500,9.6,8.0,20.8,31.3,92.2,104170.3,65,47,1
8,4,45,JLI,5,16,204800,22.131,8.8,21.5,29.5,3577.2,45184.8,65,47,1
8,4,45,JLI,5,17,205100,10.688,9.1,22.8,29.0,35.2,93562.9,65,47,1
8,4,45,JLI,5,18,205400,11.153,9.9,23.3,31.4,32.9,89664.7,65,47,1
8,4,45,JLI,5,19,205700,13.732,12.6,34.1,38.1,88.0,72824.4,65,47,1
8,4,45,JLI,5,20,206000,13.151,12.7,30.0,39.3,39.9,76039.8,65,47,1
8,4,45,JLI,5,21,206300,13.364,12.1,32.0,39.5,108.2,74827.9,65,47,1
8,4,45,JLI,5,22,206600,26.966,8.5,38.6,82.5,3998.8,37084.2,65,48,1
8,4,45,JLI,5,23,206900,9.909,6.6,22.8,69.0,80.6,100915.0,65,48,1
8,4,45,JLI,5,24,207200,13.791,3.4,14.6,23.4,2781.1,72509.3,65,48,1
8,4,45,JLI,5,25,207500,5.183,4.4,13.9,17.2,18.7,192926.0,65,48,1
8,4,45,JLI,5,26,207800,6.226,5.7,12.2,16.8,22.6,160616.7,65,48,1
8,4,45,JLI,5,27,208100,4.541,3.4,12.0,20.8,36.4,220199.6,65,48,1
8,4,45,JLI,5,28,208400,5.173,4.4,9.8,19.4,30.6,193311.4,65,48,1
8,4,45,JLI,5,29,208700,4.461,3.4,9.8,17.9,20.2,224181.7,65,48,1
8,4,45,JLI,5,30,209000,14.242,4.3,7.2,16.2,2922.5,70213.2,65,48,1
8,4,45,JLI,5,31,209300,6.146,5.4,14.0,16.8,18.5,162707.5,65,48,1
8,4,45,JLI,5,32,209600,7.011,6.2,15.3,16.8,17.4,142626.2,65,48,1
8,4,45,JLI,5,33,209900,8.136,7.4,16.2,19.5,23.6,122905.5,65,48,1
8,4,45,JLI,5,34,210200,10.388,8.8,23.3,26.0,119.3,96268.0,65,48,1
8,4,45,JLI,5,35,210500,22.129,10.1,27.4,50.7,3014.1,45189.6,65,48,1
8,4,45,JLI,5,36,210800,13.075,12.7,28.4,32.6,36.6,76481.8,65,48,1
8,4,45,JLI,5,37,211100,14.777,13.1,35.1,39.4,82.5,67672.7,65,48,1
8,4,45,JLI,5,38,211400,14.2,12.4,35.2,41.6,45.8,70424.2,65,48,1
8,4,45,JLI,5,39,211700,16.463,14.5,42.5,46.7,47.1,60741.0,65,48,1
8,4,45,JLI,5,40,212000,18.323,16.7,44.2,49.8,68.6,54577.2,65,48,1
8,4,45,JLI,5,41,212300,19.728,17.4,47.7,56.2,60.8,50689.4,65,48,1
8,4,45,JLI,5,42,212600,26.122,6.6,45.2,71.5,3936.5,38281.4,65,49,1
8,4,45,JLI,5,43,212900,8.894,4.2,22.9,71.4,407.6,112439.6,65,49,1
8,4,45,JLI,5,44,213200,16.589,4.7,18.4,27.4,3045.7,60279.7,65,49,1
8,4,45,JLI,5,45,213500,6.016,4.8,16.4,22.3,27.0,166214.2,65,49,1
8,4,45,JLI,5,46,213800,6.695,5.4,16.8,22.0,23.3,149357.8,65,49,1
8,4,45,JLI,5,47,214100,7.238,6.0,16.0,22.1,78.2,138166.1,65,49,1
8,4,45,JLI,5,48,214400,6.895,6.1,15.8,22.5,23.4,145039.6,65,49,1
8,4,45,JLI,5,49,214700,20.092,7.1,24.2,98.0,2868.6,49770.2,65,49,1
8,4,45,JLI,5,50,215000,4.247,3.2,9.3,18.6,20.8,235478.9,65,49,1
8,4,45,JLI,5,51,215300,5.017,4.3,9.1,18.7,79.7,199322.2,65,49,1
8,4,45,JLI,5,52,215600,5.824,5.5,10.9,14.3,21.2,171703.3,65,49,1
8,4,45,JLI,5,53,215900,6.668,6.1,12.0,15.7,55.7,149970.0,65,49,1
8,4,45,JLI,5,54,216200,7.591,7.1,14.5,18.1,20.2,131729.1,65,49,1
8,4,45,JLI,5,55,216500,20.543,8.7,18.9,35.5,3127.7,48678.4,65,49,1
8,4,45,JLI,5,56,216800,8.856,8.0,17.6,21.7,24.0,112922.0,65,49,1
8,4,45,JLI,5,57,217100,9.724,8.7,20.4,24.4,29.7,102838.3,65,49,1
8,4,45,JLI,5,58,217400,10.379,9.5,21.9,25.9,30.6,96348.4,65,49,1
8,4,45,JLI,5,59,217700,11.789,10.6,24.6,33.5,116.4,84824.8,65,49,1
8,4,45,JLI,5,60,218000,22.302,11.0,28.9,41.0,2957.1,44838.4,65,49,1
8,4,45,JLI,5,61,218300,12.891,11.7,30.4,37.0,39.0,77571.5,65,49,1
8,4,45,JLI,5,62,218600,24.047,8.7,33.9,73.7,3310.4,41585.8,65,50,1
8,4,45,JLI,5,63,218900,7.499,5.2,19.2,31.5,34.5,133351.1,65,50,1
8,4,45,JLI,5,64,219200,6.871,5.1,19.9,27.0,29.4,145539.2,65,50,1
8,4,45,JLI,5,65,219500,5.272,4.2,10.2,21.7,77.2,189693.4,65,50,1
8,4,45,JLI,5,66,219800,15.551,5.0,15.3,23.4,2738.2,64303.2,65,50,1
8,4,45,JLI,5,67,220100,8.603,6.3,22.4,43.2,59.6,116234.0,65,50,1
8,4,45,JLI,5,68,220400,8.089,5.7,19.7,40.3,143.8,123619.6,65,50,1
8,4,45,JLI,5,69,220700,7.851,6.5,17.0,33.6,53.3,127377.7,65,50,1
8,4,45,JLI,5,70,221000,7.782,7.0,16.6,21.1,26.9,128496.2,65,50,1
8,4,45,JLI,5,71,221300,21.774,6.8,18.0,26.1,4117.7,45927.0,65,50,1
8,4,45,JLI,5,72,221600,9.269,7.8,22.1,29.6,40.8,107890.4,65,50,1
8,4,45,JLI,5,73,221900,9.743,8.3,22.2,29.6,33.5,102641.3,65,50,1
8,4,45,JLI,5,74,222200,9.365,7.8,21.0,27.4,141.2,106784.4,65,50,1
8,4,45,JLI,5,75,222500,10.039,8.9,20.4,25.7,59.6,99608.2,65,50,1
8,4,45,JLI,5,76,222800,10.189,8.6,23.1,30.1,32.7,98145.1,65,50,1
8,4,45,JLI,5,77,223100,26.349,9.7,29.3,44.6,4307.4,37952.1,65,50,1
8,4,45,JLI,5,78,223400,10.662,9.2,23.5,27.8,96.3,93791.0,65,50,1
8,4,45,JLI,5,79,223700,10.107,7.8,27.3,33.0,34.4,98944.6,65,50,1
8,4,45,JLI,5,80,224000,8.981,4.8,27.9,39.2,47.9,111350.3,65,50,1
8,4,45,JLI,5,81,224300,8.669,5.5,22.4,28.0,37.6,115358.0,65,50,1
8,4,45,JLI,5,82,224600,33.185,10.2,37.3,83.5,3596.7,30134.4,66,51,1
8,4,45,JLI,5,83,224900,8.721,5.1,28.3,40.8,78.0,114665.7,66,51,1
8,4,45,JLI,5,84,225200,5.868,3.8,20.6,30.5,39.9,170425.5,66,51,1
8,4,45,JLI,5,85,225500,5.422,3.9,12.6,22.8,112.0,184433.8,66,51,1
8,4,45,JLI,5,86,225800,5.886,4.6,9.5,25.3,112.4,169885.1,66,51,1
8,4,45,JLI,5,87,226100,16.956,5.7,11.1,23.6,3248.3,58977.3,66,51,1
8,4,45,JLI,5,88,226400,7.536,7.2,13.5,18.2,82.2,132696.4,66,51,1
8,4,45,JLI,5,89,226700,8.255,8.0,16.4,21.1,28.7,121133.8,66,51,1
8,4,45,JLI,5,90,227000,7.187,6.4,15.8,19.4,20.4,139133.6,66,51,1
8,4,45,JLI,5,91,227300,6.664,4.2,18.9,23.1,30.7,150052.5,66,51,1
8,4,45,JLI,5,92,227600,7.345,5.7,16.0,23.0,23.4,136147.0,66,51,1
8,4,45,JLI,5,93,227900,19.451,6.6,19.8,26.3,3415.9,51411.2,66,51,1
8,4,45,JLI,5,94,228200,8.676,7.1,20.6,25.9,33.5,115260.5,66,51,1
8,4,45,JLI,5,95,228500,10.441,8.8,23.0,30.8,57.2,95773.2,66,51,1
8,4,45,JLI,5,96,228800,10.787,9.4,25.3,30.3,33.5,92704.2,66,51,1
8,4,45,JLI,5,97,229100,12.118,10.8,23.7,35.2,35.7,82524.1,66,51,1
8,4,45,JLI,5,98,229400,25.718,12.0,31.7,45.7,3612.9,38882.8,66,51,1
8,4,45,JLI,5,99,229700,12.871,11.7,26.6,34.9,36.8,77696.0,66,51,1
8,4,45,JLI,5,100,230000,15.779,14.7,33.2,42.1,44.4,63376.7,66,51,1
8,4,45,JLI,5,101,230300,31.938,13.7,37.4,73.1,4837.1,31310.7,66,52,1
8,4,45,JLI,5,102,230600,12.021,6.1,28.7,70.3,84.0,83190.0,66,52,1
8,4,45,JLI,5,103,230900,16.771,5.2,18.8,42.9,2916.7,59625.5,66,52,1
8,4,45,JLI,5,104,231200,7.209,6.1,15.9,23.5,41.1,138709.1,66,52,1
8,4,45,JLI,5,105,231500,7.752,6.5,17.3,28.1,30.1,128993.4,66,52,1
8,4,45,JLI,5,106,231800,8.132,7.0,17.9,23.1,33.0,122976.0,66,52,1
8,4,45,JLI,5,107,232100,8.608,7.4,18.6,23.6,28.1,116175.5,66,52,1
8,4,45,JLI,5,108,232400,9.96,8.4,20.3,25.1,113.4,100398.3,66,52,1
8,4,45,JLI,5,109,232700,19.339,6.9,19.8,75.6,3153.9,51708.1,67,52,1
8,4,45,JLI,5,110,233000,7.753,6.7,16.2,23.1,30.5,128976.8,67,52,1
8,4,45,JLI,5,111,233300,8.046,6.8,16.7,25.4,35.6,124285.4,67,52,1
8,4,45,JLI,5,112,233600,8.608,7.3,17.4,26.6,90.9,116175.5,67,52,1
8,4,45,JLI,5,113,233900,8.58,7.5,16.7,25.7,37.6,116550.1,67,52,1
8,4,45,JLI,5,114,234200,20.402,8.0,18.8,29.8,3355.4,49014.0,67,52,1
8,4,45,JLI,5,115,234500,9.291,7.9,18.4,27.9,38.9,107627.2,67,52,1
8,4,45,JLI,5,116,234800,8.148,6.9,18.3,25.8,32.6,122729.5,67,52,1
8,4,45,JLI,5,117,235100,7.791,6.1,17.1,21.7,49.3,128347.7,67,52,1
8,4,45,JLI,5,118,235400,7.765,6.0,18.1,21.7,23.6,128788.5,67,52,1
8,4,45,JLI,5,119,235700,7.784,5.8,18.1,22.0,23.8,128463.1,67,52,1
8,4,45,JLI,5,120,236000,10.348,7.5,22.4,29.5,145.2,96633.9,67,52,1
8,4,45,JLI,5,121,236300,24.935,8.8,27.2,43.2,3991.4,40104.8,67,53,1
8,4,45,JLI,5,122,236600,11.191,6.2,27.9,44.2,79.7,89354.9,67,53,1
8,4,45,JLI,5,123,236900,16.408,4.4,23.6,41.3,2753.6,60944.6,68,53,1
8,4,45,JLI,5,124,237200,7.362,4.7,21.1,37.4,107.8,135832.6,68,53,1
8,4,45,JLI,5,125,237500,7.52,5.4,18.7,29.8,83.7,132984.6,68,53,1
8,4,45,JLI,5,126,237800,7.512,6.1,18.4,25.5,30.0,133114.4,68,53,1
8,4,45,JLI,5,127,238100,7.434,5.8,18.7,25.9,26.6,134511.0,68,53,1
8,4,45,JLI,5,128,238400,21.054,6.8,20.0,38.2,3733.4,47497.7,68,53,1
8,4,45,JLI,5,129,238700,8.386,6.5,19.6,28.8,31.5,119241.6,68,53,1
8,4,45,JLI,5,130,239000,12.926,7.0,35.9,90.2,104.5,77361.5,68,53,1
8,4,45,JLI,5,131,239300,6.875,5.5,18.4,23.6,28.0,145454.6,68,53,1
8,4,45,JLI,5,132,239600,7.013,5.8,15.4,26.7,86.2,142592.3,68,53,1
8,4,45,JLI,5,133,239900,17.102,5.6,12.8,17.9,3235.6,58471.5,68,53,1
8,4,45,JLI,5,134,240200,6.689,6.1,14.5,17.2,18.8,149506.6,68,53,1
8,4,45,JLI,5,135,240500,8.109,7.2,17.6,22.4,22.8,123324.8,68,53,1
8,4,45,JLI,5,136,240800,9.959,7.7,22.3,77.1,95.6,100411.7,68,53,1
8,4,45,JLI,5,137,241100,10.892,8.9,25.3,29.2,80.9,91810.5,68,53,1
8,4,45,JLI,5,138,241400,11.646,10.7,25.1,30.1,47.0,85866.4,68,53,1
8,4,45,JLI,5,139,241700,21.629,9.8,25.7,33.3,3068.3,46233.5,68,53,1
8,4,45,JLI,5,140,242000,12.571,10.5,29.7,38.1,87.2,79546.1,68,53,1
8,4,45,JLI,5,141,242300,22.795,7.0,34.1,73.5,3432.9,43869.3,68,54,1
8,4,45,JLI,5,142,242600,6.989,4.6,18.1,34.7,79.4,143075.1,68,54,1
8,4,45,JLI,5,143,242900,7.515,6.0,16.7,31.8,79.3,133061.3,68,54,1
8,4,45,JLI,5,144,243200,17.098,7.1,17.7,80.9,2557.6,58486.4,68,54,1
8,4,45,JLI,5,145,243500,8.537,7.2,17.1,25.6,95.2,117141.7,68,54,1
8,4,45,JLI,5,146,243800,8.499,8.0,18.1,28.0,33.0,117656.3,68,54,1
8,4,45,JLI,5,147,244100,9.114,8.3,20.0,24.6,27.6,109725.3,68,54,1
8,4,45,JLI,5,148,244400,15.358,10.4,25.5,30.5,1194.5,65112.6,68,54,1
8,4,45,JLI,5,149,244700,10.554,9.8,24.3,28.1,31.6,94753.8,68,54,1
8,4,45,JLI,5,150,245000,26.125,10.3,32.5,73.2,3949.7,38278.0,68,54,1
8,4,45,JLI,5,151,245300,13.363,12.6,28.3,36.5,37.9,74831.6,68,54,1
8,4,45,JLI,5,152,245600,14.402,12.2,32.9,40.8,91.4,69433.2,68,54,1
8,4,45,JLI,5,153,245900,15.649,13.9,35.8,50.6,58.3,63901.8,68,54,1
8,4,45,JLI,5,154,246200,16.96,14.1,39.9,75.1,112.3,58963.4,68,54,1
8,4,45,JLI,5,155,246500,29.888,15.1,43.8,54.5,3808.3,33458.6,68,54,1
8,4,45,JLI,5,156,246800,16.427,13.9,38.1,50.0,52.6,60875.4,68,54,1
8,4,45,JLI,5,157,247100,18.689,15.9,45.4,60.0,61.9,53507.4,68,54,1
8,4,45,JLI,5,158,247400,20.231,17.3,51.8,63.4,67.3,49428.3,68,54,1
8,4,45,JLI,5,159,247700,21.707,18.4,53.9,66.3,68.9,46068.8,68,54,1
8,4,45,JLI,5,160,248000,35.189,15.3,56.1,71.1,4424.6,28417.7,68,55,1
8,4,45,JLI,5,161,248300,8.656,5.0,30.4,76.8,97.3,115531.2,68,55,1
8,4,45,JLI,5,162,248600,6.393,5.5,11.8,24.2,78.7,156412.9,68,55,1
8,4,45,JLI,5,163,248900,16.962,6.5,14.1,77.3,2761.0,58954.2,68,55,1
8,4,45,JLI,5,164,249200,8.861,7.7,15.6,22.4,124.0,112849.8,68,55,1
8,4,45,JLI,5,165,249500,9.98,8.8,19.0,23.0,115.6,100200.4,68,55,1
8,4,45,JLI,5,166,249800,10.576,9.8,22.9,27.9,37.5,94556.7,68,55,1
8,4,45,JLI,5,167,250000,12.031,10.2,23.2,81.2,103.0,83115.2,68,55,1
8,4,45,SkipList,5,1,200300,6.577,6.1,12.0,14.9,16.9,152037.3,0,0,0
8,4,45,SkipList,5,2,200600,5.567,4.9,9.6,12.9,82.6,179630.0,0,0,0
8,4,45,SkipList,5,3,200900,4.822,4.6,8.1,10.3,13.4,207368.5,0,0,0
8,4,45,SkipList,5,4,201200,6.081,5.7,10.6,17.4,30.9,164455.6,0,0,0
8,4,45,SkipList,5,5,201500,5.723,5.3,10.3,14.0,18.4,174743.7,0,0,0
8,4,45,SkipList,5,6,201800,5.474,5.2,9.6,12.9,14.2,182670.6,0,0,0
8,4,45,SkipList,5,7,202100,5.323,4.7,8.8,11.3,111.6,187864.0,0,0,0
8,4,45,SkipList,5,8,202400,4.909,4.6,8.6,11.2,14.2,203721.4,0,0,0
8,4,45,SkipList,5,9,202700,4.598,4.3,7.7,10.7,12.5,217501.7,0,0,0
8,4,45,SkipList,5,10,203000,4.413,4.1,7.4,10.1,11.2,226586.2,0,0,0
8,4,45,SkipList,5,11,203300,4.208,3.9,7.5,9.7,12.1,237623.8,0,0,0
8,4,45,SkipList,5,12,203600,4.533,4.1,7.4,9.4,74.5,220604.5,0,0,0
8,4,45,SkipList,5,13,203900,4.175,4.0,7.0,8.9,12.9,239540.1,0,0,0
8,4,45,SkipList,5,14,204200,5.62,4.9,11.4,16.4,34.1,177946.5,0,0,0
8,4,45,SkipList,5,15,204500,5.263,5.0,8.8,12.0,12.5,189993.7,0,0,0
8,4,45,SkipList,5,16,204800,4.658,4.5,7.7,10.0,10.7,214668.9,0,0,0
8,4,45,SkipList,5,17,205100,4.525,4.1,7.2,10.6,81.0,221010.8,0,0,0
8,4,45,SkipList,5,18,205400,4.389,4.1,7.2,10.0,12.3,227859.6,0,0,0
8,4,45,SkipList,5,19,205700,4.323,4.1,7.5,9.3,10.5,231320.9,0,0,0
8,4,45,SkipList,5,20,206000,4.27,4.1,7.0,9.6,9.9,234210.2,0,0,0
8,4,45,SkipList,5,21,206300,4.139,3.9,7.2,8.8,10.6,241604.2,0,0,0
8,4,45,SkipList,5,22,206600,4.379,3.9,7.1,10.6,66.5,228379.9,0,0,0
8,4,45,SkipList,5,23,206900,4.365,3.9,7.8,9.9,39.8,229095.0,0,0,0
8,4,45,SkipList,5,24,207200,4.894,4.3,9.4,13.3,16.9,204331.8,0,0,0
8,4,45,SkipList,5,25,207500,4.345,4.2,7.1,11.2,12.3,230167.3,0,0,0
8,4,45,SkipList,5,26,207800,4.189,4.0,7.1,9.0,10.9,238701.5,0,0,0
8,4,45,SkipList,5,27,208100,4.358,3.9,7.3,9.6,78.2,229480.7,0,0,0
8,4,45,SkipList,5,28,208400,4.176,3.9,7.5,10.1,23.4,239482.7,0,0,0
8,4,45,SkipList,5,29,208700,4.07,3.9,6.6,8.2,9.1,245720.4,0,0,0
8,4,45,SkipList,5,30,209000,3.963,3.8,6.4,8.0,9.8,252312.8,0,0,0
8,4,45,SkipList,5,31,209300,4.139,3.8,6.3,8.9,65.7,241584.6,0,0,0
8,4,45,SkipList,5,32,209600,3.922,3.7,6.6,8.8,10.2,254972.0,0,0,0
8,4,45,SkipList,5,33,209900,3.93,3.8,6.5,8.9,9.6,254474.6,0,0,0
8,4,45,SkipList,5,34,210200,4.169,3.7,7.9,10.7,11.9,239846.5,0,0,0
8,4,45,SkipList,5,35,210500,4.575,4.3,7.9,11.2,15.4,218579.3,0,0,0
8,4,45,SkipList,5,36,210800,4.925,4.4,7.6,12.0,92.1,203059.4,0,0,0
8,4,45,SkipList,5,37,211100,4.359,4.0,7.2,8.6,9.4,229392.8,0,0,0
8,4,45,SkipList,5,38,211400,4.23,4.1,7.1,8.8,12.5,236406.6,0,0,0
8,4,45,SkipList,5,39,211700,4.064,3.8,6.8,10.0,14.8,246083.2,0,0,0
8,4,45,SkipList,5,40,212000,4.287,3.9,7.2,8.9,64.1,233263.4,0,0,0
8,4,45,SkipList,5,41,212300,4.001,3.8,6.4,7.8,11.7,249937.6,0,0,0
8,4,45,SkipList,5,42,212600,3.926,3.7,6.5,9.5,11.3,254690.7,0,0,0
8,4,45,SkipList,5,43,212900,3.907,3.8,6.4,8.5,9.5,255951.0,0,0,0
8,4,45,SkipList,5,44,213200,3.845,3.6,6.1,8.1,9.9,260100.6,0,0,0
8,4,45,SkipList,5,45,213500,10.451,4.2,8.0,10.7,1809.3,95684.6,0,0,0
8,4,45,SkipList,5,46,213800,4.699,4.4,8.1,11.4,13.8,212826.3,0,0,0
8,4,45,SkipList,5,47,214100,4.443,4.2,7.3,9.6,10.3,225090.1,0,0,0
8,4,45,SkipList,5,48,214400,4.164,4.0,7.4,9.5,12.4,240134.4,0,0,0
8,4,45,SkipList,5,49,214700,4.194,4.0,7.6,9.4,10.9,238454.9,0,0,0
8,4,45,SkipList,5,50,215000,4.429,4.1,6.9,8.7,72.6,225801.5,0,0,0
8,4,45,SkipList,5,51,215300,4.093,3.8,6.9,8.5,12.2,244319.5,0,0,0
8,4,45,SkipList,5,52,215600,3.929,3.8,6.2,7.7,8.5,254496.1,0,0,0
8,4,45,SkipList,5,53,215900,4.062,3.8,6.9,8.7,9.1,246204.5,0,0,0
8,4,45,SkipList,5,54,216200,4.18,3.8,7.6,10.8,11.6,239234.6,0,0,0
8,4,45,SkipList,5,55,216500,5.562,4.9,9.4,16.1,108.1,179780.7,0,0,0
8,4,45,SkipList,5,56,216800,4.889,4.6,8.4,13.0,14.5,204540.7,0,0,0
8,4,45,SkipList,5,57,217100,4.513,4.4,7.4,9.5,16.5,221565.7,0,0,0
8,4,45,SkipList,5,58,217400,4.272,4.0,7.1,9.5,10.3,234064.1,0,0,0
8,4,45,SkipList,5,59,217700,4.412,4.1,7.6,8.7,11.0,226654.6,0,0,0
8,4,45,SkipList,5,60,218000,4.297,4.2,7.3,10.3,11.1,232702.4,0,0,0
8,4,45,SkipList,5,61,218300,4.197,4.0,6.9,9.7,10.8,238246.5,0,0,0
8,4,45,SkipList,5,62,218600,4.015,3.9,6.7,8.5,9.0,249045.4,0,0,0
8,4,45,SkipList,5,63,218900,4.092,3.8,7.4,9.1,10.9,244359.4,0,0,0
8,4,45,SkipList,5,64,219200,4.09,3.7,6.7,8.5,65.0,244498.7,0,0,0
8,4,45,SkipList,5,65,219500,4.875,4.4,8.8,13.3,16.3,205128.2,0,0,0
8,4,45,SkipList,5,66,219800,5.474,5.1,9.0,12.4,16.9,182670.6,0,0,0
8,4,45,SkipList,5,67,220100,4.976,4.7,8.6,11.1,15.2,200978.1,0,0,0
8,4,45,SkipList,5,68,220400,4.722,4.5,7.7,9.6,10.6,211759.6,0,0,0
8,4,45,SkipList,5,69,220700,4.803,4.3,8.1,10.6,84.9,208188.7,0,0,0
8,4,45,SkipList,5,70,221000,4.347,4.1,7.7,10.4,12.3,230061.4,0,0,0
8,4,45,SkipList,5,71,221300,4.293,4.1,7.3,9.5,10.5,232955.4,0,0,0
8,4,45,SkipList,5,72,221600,4.313,4.0,7.2,9.9,10.3,231839.2,0,0,0
8,4,45,SkipList,5,73,221900,4.41,3.9,7.6,9.3,70.8,226757.4,0,0,0
8,4,45,SkipList,5,74,222200,4.105,3.9,6.6,9.2,10.9,243605.3,0,0,0
8,4,45,SkipList,5,75,222500,5.572,5.1,9.7,13.1,38.4,179479.5,0,0,0
8,4,45,SkipList,5,76,222800,5.523,5.1,10.3,14.5,15.2,181050.1,0,0,0
8,4,45,SkipList,5,77,223100,5.42,5.1,9.0,13.7,22.5,184513.2,0,0,0
8,4,45,SkipList,5,78,223400,5.341,4.7,9.0,12.6,93.7,187242.5,0,0,0
8,4,45,SkipList,5,79,223700,4.747,4.5,8.1,9.6,13.5,210659.3,0,0,0
8,4,45,SkipList,5,80,224000,4.642,4.3,8.0,10.4,11.7,215439.9,0,0,0
8,4,45,SkipList,5,81,224300,4.362,4.1,7.6,9.2,10.6,229235.2,0,0,0
8,4,45,SkipList,5,82,224600,4.582,4.1,7.4,12.6,72.3,218245.3,0,0,0
8,4,45,SkipList,5,83,224900,4.249,3.9,7.1,9.7,10.7,235331.1,0,0,0
8,4,45,SkipList,5,84,225200,4.326,4.0,7.1,10.0,12.8,231142.6,0,0,0
8,4,45,SkipList,5,85,225500,5.285,4.6,9.8,19.2,19.8,189214.8,0,0,0
8,4,45,SkipList,5,86,225800,5.688,5.3,9.6,13.2,13.9,175798.4,0,0,0
8,4,45,SkipList,5,87,226100,4.733,4.1,7.7,10.4,81.2,211282.5,0,0,0
8,4,45,SkipList,5,88,226400,4.418,4.1,8.1,10.2,11.5,226346.7,0,0,0
8,4,45,SkipList,5,89,226700,4.334,4.2,7.2,9.5,10.4,230751.4,0,0,0
8,4,45,SkipList,5,90,227000,4.201,4.0,6.7,9.0,9.7,238057.5,0,0,0
8,4,45,SkipList,5,91,227300,4.331,3.8,7.2,10.7,67.0,230911.4,0,0,0
8,4,45,SkipList,5,92,227600,4.068,3.9,6.6,9.3,10.1,245841.2,0,0,0
8,4,45,SkipList,5,93,227900,4.062,3.8,6.8,8.6,9.3,246204.4,0,0,0
8,4,45,SkipList,5,94,228200,4.254,4.0,7.4,9.3,11.1,235072.9,0,0,0
8,4,45,SkipList,5,95,228500,4.725,4.3,8.7,11.0,12.7,211640.2,0,0,0
8,4,45,SkipList,5,96,228800,5.138,4.6,8.5,13.7,78.6,194615.6,0,0,0
8,4,45,SkipList,5,97,229100,4.556,4.3,7.4,11.9,12.9,219490.7,0,0,0
8,4,45,SkipList,5,98,229400,4.336,4.0,7.5,9.1,11.3,230627.3,0,0,0
8,4,45,SkipList,5,99,229700,4.325,4.0,7.2,10.7,12.7,231196.1,0,0,0
8,4,45,SkipList,5,100,230000,8.887,4.0,7.6,9.8,1370.7,112528.1,0,0,0
8,4,45,SkipList,5,101,230300,4.215,4.0,6.8,9.5,10.8,237266.6,0,0,0
8,4,45,SkipList,5,102,230600,4.141,3.9,7.1,9.7,10.7,241468.1,0,0,0
8,4,45,SkipList,5,103,230900,4.051,3.9,6.6,9.4,11.3,246873.0,0,0,0
8,4,45,SkipList,5,104,231200,4.246,4.1,7.1,9.9,30.1,235497.2,0,0,0
8,4,45,SkipList,5,105,231500,5.38,4.7,8.8,12.6,112.6,185873.6,0,0,0
8,4,45,SkipList,5,106,231800,4.796,4.4,8.0,11.3,13.3,208521.6,0,0,0
8,4,45,SkipList,5,107,232100,4.673,4.5,7.7,9.5,16.1,213995.3,0,0,0
8,4,45,SkipList,5,108,232400,4.305,4.0,7.4,11.0,13.5,232288.1,0,0,0
8,4,45,SkipList,5,109,232700,4.195,4.0,6.6,9.4,10.2,238379.0,0,0,0
8,4,45,SkipList,5,110,233000,4.061,3.9,6.7,7.6,9.4,246264.9,0,0,0
8,4,45,SkipList,5,111,233300,3.973,3.7,6.7,9.6,10.6,251720.1,0,0,0
8,4,45,SkipList,5,112,233600,4.099,3.9,6.8,8.3,11.6,243981.9,0,0,0
8,4,45,SkipList,5,113,233900,3.95,3.7,6.5,8.6,9.4,253143.2,0,0,0
8,4,45,SkipList,5,114,234200,4.24,3.9,6.8,9.1,44.2,235867.6,0,0,0
8,4,45,SkipList,5,115,234500,5.172,4.7,8.4,12.9,77.3,193361.2,0,0,0
8,4,45,SkipList,5,116,234800,4.879,4.6,8.5,11.5,12.4,204946.0,0,0,0
8,4,45,SkipList,5,117,235100,4.518,4.3,7.6,9.8,10.7,221336.9,0,0,0
8,4,45,SkipList,5,118,235400,4.458,4.2,7.5,10.2,11.1,224315.8,0,0,0
8,4,45,SkipList,5,119,235700,4.107,3.9,6.6,9.1,10.8,243486.8,0,0,0
8,4,45,SkipList,5,120,236000,4.328,4.0,7.5,9.8,10.0,231053.5,0,0,0
8,4,45,SkipList,5,121,236300,4.101,3.9,6.9,8.3,10.4,243862.6,0,0,0
8,4,45,SkipList,5,122,236600,4.043,3.8,6.9,9.3,12.3,247341.1,0,0,0
8,4,45,SkipList,5,123,236900,4.032,3.9,6.4,8.7,9.8,248036.4,0,0,0
8,4,45,SkipList,5,124,237200,4.274,3.9,6.9,9.3,64.3,233991.1,0,0,0
8,4,45,SkipList,5,125,237500,4.077,3.9,6.2,10.4,14.7,245258.3,0,0,0
8,4,45,SkipList,5,126,237800,5.133,4.7,9.0,13.6,16.1,194830.4,0,0,0
8,4,45,SkipList,5,127,238100,4.724,4.3,8.0,10.0,11.2,211670.0,0,0,0
8,4,45,SkipList,5,128,238400,4.495,4.4,7.3,9.3,18.4,222486.0,0,0,0
8,4,45,SkipList,5,129,238700,4.574,4.1,7.1,10.6,72.3,218611.1,0,0,0
8,4,45,SkipList,5,130,239000,4.53,4.4,7.8,9.9,13.8,220734.3,0,0,0
8,4,45,SkipList,5,131,239300,4.29,4.1,7.2,8.5,12.5,233082.2,0,0,0
8,4,45,SkipList,5,132,239600,4.112,4.0,6.8,8.6,9.7,243210.4,0,0,0
8,4,45,SkipList,5,133,239900,4.095,3.9,6.9,7.9,10.8,244180.4,0,0,0
8,4,45,SkipList,5,134,240200,4.284,3.8,6.9,9.8,62.1,233426.6,0,0,0
8,4,45,SkipList,5,135,240500,3.915,3.7,6.6,8.9,8.9,255406.2,0,0,0
8,4,45,SkipList,5,136,240800,5.373,5.0,9.6,14.0,16.7,186104.3,0,0,0
8,4,45,SkipList,5,137,241100,5.884,5.6,10.6,15.0,16.8,169942.8,0,0,0
8,4,45,SkipList,5,138,241400,5.801,5.1,9.7,13.3,79.8,172393.9,0,0,0
8,4,45,SkipList,5,139,241700,5.239,4.8,9.0,12.2,18.7,190876.2,0,0,0
8,4,45,SkipList,5,140,242000,4.897,4.5,8.7,11.6,12.5,204192.7,0,0,0
8,4,45,SkipList,5,141,242300,4.562,4.2,7.8,12.8,15.6,219218.1,0,0,0
8,4,45,SkipList,5,142,242600,4.506,4.4,7.4,9.1,10.7,221926.4,0,0,0
8,4,45,SkipList,5,143,242900,4.607,4.2,7.8,11.6,65.0,217061.0,0,0,0
8,4,45,SkipList,5,144,243200,4.4,4.1,7.6,10.4,12.1,227255.4,0,0,0
8,4,45,SkipList,5,145,243500,4.464,4.2,7.8,9.8,11.2,224014.3,0,0,0
8,4,45,SkipList,5,146,243800,5.226,4.7,9.3,14.0,23.1,191363.1,0,0,0
8,4,45,SkipList,5,147,244100,4.717,4.4,8.0,11.4,12.1,211999.1,0,0,0
8,4,45,SkipList,5,148,244400,4.648,4.1,7.5,9.9,80.1,215146.2,0,0,0
8,4,45,SkipList,5,149,244700,4.383,4.1,7.7,9.4,9.5,228171.6,0,0,0
8,4,45,SkipList,5,150,245000,4.253,3.8,7.6,13.0,25.2,235109.8,0,0,0
8,4,45,SkipList,5,151,245300,4.302,3.9,7.8,10.1,13.1,232450.0,0,0,0
8,4,45,SkipList,5,152,245600,4.029,3.8,6.6,8.2,11.4,248221.1,0,0,0
8,4,45,SkipList,5,153,245900,4.249,3.9,6.2,7.6,67.2,235331.1,0,0,0
8,4,45,SkipList,5,154,246200,4.099,3.8,6.8,8.4,9.8,243961.9,0,0,0
8,4,45,SkipList,5,155,246500,4.068,3.8,6.5,9.0,17.4,245800.7,0,0,0
8,4,45,SkipList,5,156,246800,5.104,4.7,9.3,13.8,19.1,195937.6,0,0,0
8,4,45,SkipList,5,157,247100,9.152,4.7,8.1,10.4,1290.6,109265.7,0,0,0
8,4,45,SkipList,5,158,247400,4.623,4.3,7.5,11.1,13.0,216325.4,0,0,0
8,4,45,SkipList,5,159,247700,4.315,4.0,7.1,8.7,9.9,231767.6,0,0,0
8,4,45,SkipList,5,160,248000,4.094,3.8,6.8,8.4,11.2,244240.0,0,0,0
8,4,45,SkipList,5,161,248300,4.247,4.1,6.8,9.5,10.5,235478.8,0,0,0
8,4,45,SkipList,5,162,248600,4.379,4.0,6.7,9.0,69.6,228380.1,0,0,0
8,4,45,SkipList,5,163,248900,4.001,3.8,7.0,8.5,8.8,249958.4,0,0,0
8,4,45,SkipList,5,164,249200,4.104,3.9,6.8,8.7,10.2,243684.5,0,0,0
8,4,45,SkipList,5,165,249500,4.542,3.9,7.8,14.3,33.5,220151.2,0,0,0
8,4,45,SkipList,5,166,249800,5.046,4.5,8.6,13.0,75.8,198189.9,0,0,0
8,4,45,SkipList,5,167,250000,4.812,4.5,8.8,11.3,11.4,207792.2,0,0,0
8,4,45,JLI,6,1,250300,14.122,11.0,31.2,69.8,173.6,70813.2,68,55,1
8,4,45,JLI,6,2,250600,28.883,11.4,31.0,38.1,4713.3,34622.4,68,55,1
8,4,45,JLI,6,3,250900,15.775,13.1,36.5,65.5,186.5,63391.4,68,55,1
8,4,45,JLI,6,4,251200,15.205,12.8,40.5,45.3,103.1,65767.8,68,55,1
8,4,45,JLI,6,5,251500,17.441,16.4,42.6,49.5,51.2,57336.2,68,55,1
8,4,45,JLI,6,6,251800,17.189,13.6,45.0,65.9,144.7,58176.7,68,55,1
8,4,45,JLI,6,7,252100,32.079,14.6,42.0,53.7,4642.6,31173.4,68,55,1
8,4,45,JLI,6,8,252400,16.782,13.5,43.9,57.4,62.0,59586.5,68,55,1
8,4,45,JLI,6,9,252700,20.119,17.2,53.4,65.0,65.6,49704.3,68,55,1
8,4,45,JLI,6,10,253000,20.882,19.1,56.4,64.7,67.1,47887.4,68,55,1
8,4,45,JLI,6,11,253300,24.546,20.1,63.2,74.4,139.6,40739.8,68,55,1
8,4,45,JLI,6,12,253600,22.851,19.5,63.9,73.3,73.9,43761.1,68,55,1
8,4,45,JLI,6,13,253900,22.32,17.5,65.1,75.2,83.1,44802.2,68,55,1
8,4,45,JLI,6,14,254200,33.6,7.3,71.1,81.9,4961.7,29761.9,68,56,1
8,4,45,JLI,6,15,254500,6.663,4.9,9.6,71.8,83.7,150075.0,68,56,1
8,4,45,JLI,6,16,254800,19.858,6.2,12.2,102.7,3619.4,50356.7,68,56,1
8,4,45,JLI,6,17,255100,7.807,7.1,15.1,17.7,97.2,128084.7,68,56,1
8,4,45,JLI,6,18,255400,9.911,8.8,18.2,78.8,87.3,100898.0,68,56,1
8,4,45,JLI,6,19,255700,11.105,10.6,22.6,27.0,83.8,90052.2,68,56,1
8,4,45,JLI,6,20,256000,12.722,11.5,26.5,35.3,37.5,78606.1,68,56,1
8,4,45,JLI,6,21,256300,26.001,12.0,32.4,65.9,3680.1,38459.6,68,56,1
8,4,45,JLI,6,22,256600,15.201,14.3,32.8,40.7,110.5,65785.1,68,56,1
8,4,45,JLI,6,23,256900,18.851,17.4,40.4,53.8,130.7,53047.6,68,56,1
8,4,45,JLI,6,24,257200,19.135,16.5,42.8,86.1,122.5,52261.2,68,56,1
8,4,45,JLI,6,25,257500,20.306,18.4,45.6,58.9,101.7,49246.5,68,56,1
8,4,45,JLI,6,26,257800,22.475,21.6,47.8,58.4,123.6,44494.5,68,56,1
8,4,45,JLI,6,27,258100,37.844,20.5,56.0,91.3,4282.5,26424.5,68,56,1
8,4,45,JLI,6,28,258400,24.368,20.9,61.6,85.1,98.2,41036.9,68,56,1
8,4,45,JLI,6,29,258700,25.656,22.9,58.8,91.7,351.3,38976.7,68,56,1
8,4,45,JLI,6,30,259000,27.702,28.2,59.5,72.5,86.7,36098.0,68,56,1
8,4,45,JLI,6,31,259300,28.7,23.9,67.4,123.6,184.5,34843.6,68,56,1
8,4,45,JLI,6,32,259600,26.298,22.7,64.6,77.9,80.1,38026.2,68,56,1
8,4,45,JLI,6,33,259900,31.985,29.6,80.7,85.4,314.9,31265.0,68,56,1
8,4,45,JLI,6,34,260200,44.468,28.2,80.5,119.3,4485.1,22488.1,68,57,1
8,4,45,JLI,6,35,260500,21.664,3.7,29.9,94.0,3776.6,46158.8,68,57,1
8,4,45,JLI,6,36,260800,4.898,3.9,12.5,19.7,20.3,204178.8,68,57,1
8,4,45,JLI,6,37,261100,6.057,5.2,12.1,23.4,89.1,165098.3,68,57,1
8,4,45,JLI,6,38,261400,6.8,5.9,14.7,20.6,23.3,147058.8,68,57,1
8,4,45,JLI,6,39,261700,7.567,7.2,15.3,18.1,19.9,132152.8,68,57,1
8,4,45,JLI,6,40,262000,10.809,8.4,22.9,45.1,181.6,92518.3,68,57,1
8,4,45,JLI,6,41,262300,30.43,9.7,30.9,49.2,5626.7,32862.7,68,57,1
8,4,45,JLI,6,42,262600,9.312,8.3,20.5,26.8,30.2,107388.3,68,57,1
8,4,45,JLI,6,43,262900,12.252,9.3,27.4,42.2,192.9,81619.3,68,57,1
8,4,45,JLI,6,44,263200,12.88,11.4,30.3,38.3,61.6,77637.7,68,57,1
8,4,45,JLI,6,45,263500,12.758,10.9,30.1,36.5,41.4,78380.1,68,57,1
8,4,45,JLI,6,46,263800,28.932,11.5,32.4,50.2,4908.3,34564.2,68,57,1
8,4,45,JLI,6,47,264100,15.096,12.5,38.8,43.1,118.6,66241.3,68,57,1
8,4,45,JLI,6,48,264400,15.922,13.7,42.3,48.5,51.7,62807.5,68,57,1
8,4,45,JLI,6,49,264700,19.037,17.6,47.3,52.8,61.4,52530.2,68,57,1
8,4,45,JLI,6,50,265000,16.529,13.0,44.3,51.3,52.4,60498.5,68,57,1
8,4,45,JLI,6,51,265300,18.102,16.0,48.2,59.2,65.6,55243.5,68,57,1
8,4,45,JLI,6,52,265600,35.038,17.8,56.1,72.4,4221.9,28540.7,68,57,1
8,4,45,JLI,6,53,265900,20.631,17.7,53.4,64.8,68.4,48471.5,68,57,1
8,4,45,JLI,6,54,266200,36.2,15.8,63.0,83.9,4551.8,27624.1,68,58,1
8,4,45,JLI,6,55,266500,14.233,7.7,32.5,71.9,109.6,70259.3,68,58,1
8,4,45,JLI,6,56,266800,13.862,7.3,37.1,84.0,101.2,72139.7,68,58,1
8,4,45,JLI,6,57,267100,7.472,6.7,15.3,27.4,83.2,133838.9,68,58,1
8,4,45,JLI,6,58,267400,19.591,7.6,14.8,23.9,3512.2,51043.0,68,58,1
8,4,45,JLI,6,59,267700,9.276,8.2,17.7,29.3,92.4,107801.2,68,58,1
8,4,45,JLI,6,60,268000,11.668,10.8,24.4,35.1,38.6,85707.0,68,58,1
8,4,45,JLI,6,61,268300,11.056,9.9,24.0,28.3,35.2,90445.9,68,58,1
8,4,45,JLI,6,62,268600,11.543,11.2,24.5,28.6,31.3,86635.1,68,58,1
8,4,45,JLI,6,63,268900,25.153,10.8,27.3,32.7,3937.0,39756.7,68,58,1
8,4,45,JLI,6,64,269200,12.323,10.3,30.7,38.4,52.8,81149.1,68,58,1
8,4,45,JLI,6,65,269500,13.793,13.0,34.0,41.9,42.1,72498.8,68,58,1
8,4,45,JLI,6,66,269800,13.999,11.6,38.0,44.5,45.3,71435.4,68,58,1
8,4,45,JLI,6,67,270100,14.788,11.6,39.9,57.7,59.5,67622.4,68,58,1
8,4,45,JLI,6,68,270400,29.257,14.1,39.0,52.1,4030.4,34179.9,68,58,1
8,4,45,JLI,6,69,270700,16.86,13.2,46.8,54.4,122.4,59312.0,68,58,1
8,4,45,JLI,6,70,271000,19.72,15.7,53.9,73.9,97.2,50709.1,68,58,1
8,4,45,JLI,6,71,271300,19.579,17.0,47.9,59.9,67.2,51074.3,68,58,1
8,4,45,JLI,6,72,271600,18.945,15.0,52.6,69.7,80.1,52783.4,68,58,1
8,4,45,JLI,6,73,271900,21.313,15.6,57.9,72.4,78.4,46920.5,68,58,1
8,4,45,JLI,6,74,272200,36.676,14.6,60.2,74.9,5000.8,27265.8,68,59,1
8,4,45,JLI,6,75,272500,9.859,5.3,33.4,80.3,126.4,101426.8,68,59,1
8,4,45,JLI,6,76,272800,7.258,5.9,14.5,29.5,85.1,137779.0,68,59,1
8,4,45,JLI,6,77,273100,18.665,5.9,15.2,26.2,3553.1,53575.3,69,59,1
8,4,45,JLI,6,78,273400,7.354,5.5,18.5,77.6,88.5,135986.6,69,59,1
8,4,45,JLI,6,79,273700,8.519,6.7,19.0,40.7,102.7,117384.6,69,59,1
8,4,45,JLI,6,80,274000,8.085,7.5,15.9,24.1,28.2,123690.9,69,59,1
8,4,45,JLI,6,81,274300,9.085,8.0,18.1,30.9,104.5,110067.5,69,59,1
8,4,45,JLI,6,82,274600,21.347,7.9,18.8,38.2,3742.7,46844.3,70,59,1
8,4,45,JLI,6,83,274900,8.715,7.0,18.0,31.3,114.7,114744.7,70,59,1
8,4,45,JLI,6,84,275200,8.53,6.8,19.4,31.7,113.7,117237.9,70,59,1
8,4,45,JLI,6,85,275500,8.516,7.6,16.3,22.5,27.2,117430.6,70,59,1
8,4,45,JLI,6,86,275800,8.798,7.5,17.0,28.0,42.3,113666.5,70,59,1
8,4,45,JLI,6,87,276100,8.744,7.6,17.8,26.2,33.7,114364.1,70,59,1
8,4,45,JLI,6,88,276400,21.135,7.6,18.9,32.8,3653.5,47314.1,70,59,1
8,4,45,JLI,6,89,276700,9.232,7.8,19.0,24.1,135.4,108318.9,70,59,1
8,4,45,JLI,6,90,277000,9.419,7.7,20.3,23.5,55.2,106164.7,70,59,1
8,4,45,JLI,6,91,277300,9.478,7.7,21.5,23.8,30.3,105503.8,70,59,1
8,4,45,JLI,6,92,277600,9.787,8.0,22.4,26.2,28.7,102179.8,70,59,1
8,4,45,JLI,6,93,277900,10.775,8.8,23.7,37.5,61.2,92807.4,70,59,1
8,4,45,JLI,6,94,278200,28.275,9.7,32.3,87.0,4574.8,35367.4,70,60,1
8,4,45,JLI,6,95,278500,5.254,3.5,15.6,32.1,35.8,190343.2,70,60,1
8,4,45,JLI,6,96,278800,15.999,4.3,14.9,83.5,2958.0,62502.6,71,60,1
8,4,45,JLI,6,97,279100,5.793,3.9,16.5,35.4,127.6,172632.1,71,60,1
8,4,45,JLI,6,98,279400,7.138,4.6,22.4,34.8,123.9,140088.7,71,60,1
8,4,45,JLI,6,99,279700,6.785,5.0,18.7,30.7,97.5,147376.7,71,60,1
8,4,45,JLI,6,100,280000,7.436,5.9,18.6,27.6,89.8,134474.8,71,60,1
8,4,45,JLI,6,101,280300,20.112,5.8,19.0,84.9,3779.3,49720.7,71,60,1
8,4,45,JLI,6,102,280600,7.902,6.2,20.8,31.7,100.0,126555.6,71,60,1
8,4,45,JLI,6,103,280900,6.821,5.6,16.1,23.8,27.9,146598.9,71,60,1
8,4,45,JLI,6,104,281200,8.173,6.6,17.4,26.8,88.9,122349.1,71,60,1
8,4,45,JLI,6,105,281500,7.614,6.4,15.3,24.8,34.4,131342.8,71,60,1
8,4,45,JLI,6,106,281800,20.44,6.8,19.2,87.1,3431.0,48922.9,71,60,1
8,4,45,JLI,6,107,282100,9.201,7.5,20.9,32.3,40.8,108687.8,71,60,1
8,4,45,JLI,6,108,282400,9.096,7.4,18.7,26.4,119.1,109938.4,71,60,1
8,4,45,JLI,6,109,282700,9.413,8.3,19.8,27.2,32.8,106239.8,71,60,1
8,4,45,JLI,6,110,283000,9.619,7.7,20.3,26.4,97.5,103964.5,71,60,1
8,4,45,JLI,6,111,283300,14.855,8.9,24.3,31.0,1368.3,67315.9,71,60,1
8,4,45,JLI,6,112,283600,22.64,8.4,22.3,27.0,3953.5,44170.3,71,60,1
8,4,45,JLI,6,113,283900,8.877,8.3,18.2,25.2,28.0,112650.7,71,60,1
8,4,45,JLI,6,114,284200,26.311,11.6,39.4,50.0,3264.7,38007.4,71,61,1
8,4,45,JLI,6,115,284500,9.437,5.0,26.7,33.4,91.5,105969.6,71,61,1
8,4,45,JLI,6,116,284800,6.81,5.8,16.1,25.8,26.7,146842.9,71,61,1
8,4,45,JLI,6,117,285100,8.042,6.6,15.9,27.0,89.6,124342.0,71,61,1
8,4,45,JLI,6,118,285400,544.047,5.1,18.5,161.4,157836.7,1838.1,72,61,1
8,4,45,JLI,6,119,285700,6.551,5.2,15.6,32.5,40.7,152648.5,72,61,1
8,4,45,JLI,6,120,286000,6.65,5.6,16.3,31.1,33.0,150383.4,72,61,1
8,4,45,JLI,6,121,286300,7.53,6.1,18.6,27.5,28.2,132796.2,72,61,1
8,4,45,JLI,6,122,286600,7.597,6.7,14.2,25.8,51.2,131625.1,72,61,1
8,4,45,JLI,6,123,286900,23.257,7.0,18.6,37.0,4502.8,42998.4,73,61,1
8,4,45,JLI,6,124,287200,7.345,6.0,17.1,26.4,31.9,136153.2,73,61,1
8,4,45,JLI,6,125,287500,8.021,6.6,17.2,24.3,59.3,124667.6,73,61,1
8,4,45,JLI,6,126,287800,7.964,6.8,16.4,25.7,30.0,125559.8,73,61,1
8,4,45,JLI,6,127,288100,9.812,8.1,22.5,31.6,59.0,101919.5,73,61,1
8,4,45,JLI,6,128,288400,22.902,7.3,20.7,36.0,4211.0,43664.3,73,61,1
8,4,45,JLI,6,129,288700,9.137,7.7,19.0,24.2,29.4,109441.1,73,61,1
8,4,45,JLI,6,130,289000,14.021,9.4,34.1,50.6,125.5,71321.6,73,61,1
8,4,45,JLI,6,131,289300,9.36,5.5,29.1,71.6,108.1,106837.6,73,61,1
8,4,45,JLI,6,132,289600,6.138,5.5,9.0,23.1,87.3,162928.4,73,61,1
8,4,45,JLI,6,133,289900,6.429,6.2,12.2,14.3,16.7,155545.2,73,61,1
8,4,45,JLI,6,134,290200,35.446,7.2,36.1,127.5,4413.4,28212.2,73,62,1
8,4,45,JLI,6,135,290500,5.436,3.8,13.8,24.7,117.7,183958.7,73,62,1
8,4,45,JLI,6,136,290800,6.429,5.4,12.2,30.1,104.8,155537.1,73,62,1
8,4,45,JLI,6,137,291100,6.73,6.2,13.3,23.5,34.5,148581.0,73,62,1
8,4,45,JLI,6,138,291400,8.032,7.4,16.3,19.4,111.2,124502.0,73,62,1
8,4,45,JLI,6,139,291700,8.722,8.2,18.5,21.7,22.2,114657.0,73,62,1
8,4,45,JLI,6,140,292000,24.606,10.1,23.9,37.0,4135.2,40641.0,73,62,1
8,4,45,JLI,6,141,292300,10.995,9.5,25.4,29.8,31.8,90947.7,73,62,1
8,4,45,JLI,6,142,292600,12.823,11.8,29.7,34.6,52.4,77984.9,73,62,1
8,4,45,JLI,6,143,292900,14.269,12.3,33.3,67.7,112.9,70080.4,73,62,1
8,4,45,JLI,6,144,293200,15.131,12.8,35.9,44.2,124.8,66090.9,73,62,1
8,4,45,JLI,6,145,293500,29.336,15.2,38.5,46.3,3958.6,34087.4,73,62,1
8,4,45,JLI,6,146,293800,17.784,14.6,41.5,49.3,124.1,56231.4,73,62,1
8,4,45,JLI,6,147,294100,18.913,16.9,42.3,55.3,99.1,52872.8,73,62,1
8,4,45,JLI,6,148,294400,18.834,16.8,42.0,50.1,87.7,53094.5,73,62,1
8,4,45,JLI,6,149,294700,20.04,17.3,49.4,58.9,63.8,49899.4,73,62,1
8,4,45,JLI,6,150,295000,21.001,17.9,54.9,65.6,67.1,47617.5,73,62,1
8,4,45,JLI,6,151,295300,35.415,17.7,51.9,68.2,4297.6,28236.6,73,62,1
8,4,45,JLI,6,152,295600,23.775,19.7,61.9,72.4,73.8,42060.4,73,62,1
8,4,45,JLI,6,153,295900,27.605,22.5,71.7,89.8,120.1,36224.9,73,62,1
8,4,45,JLI,6,154,296200,42.4,22.7,69.7,97.8,4591.2,23585.1,73,63,1
8,4,45,JLI,6,155,296500,24.285,19.2,63.8,83.0,87.6,41178.2,73,63,1
8,4,45,JLI,6,156,296800,27.666,22.2,79.2,103.8,121.4,36145.9,73,63,1
8,4,45,JLI,6,157,297100,44.14,22.8,80.1,95.9,4500.3,22655.0,73,63,1
8,4,45,JLI,6,158,297400,31.908,25.4,83.8,104.2,165.5,31339.8,73,63,1
8,4,45,JLI,6,159,297700,35.399,29.4,92.8,122.2,153.8,28249.1,73,63,1
8,4,45,JLI,6,160,298000,32.889,26.5,89.4,104.1,109.8,30405.6,73,63,1
8,4,45,JLI,6,161,298300,34.506,29.3,91.9,109.6,132.1,28980.7,73,63,1
8,4,45,JLI,6,162,298600,52.71,33.4,97.3,116.5,4930.3,18971.7,73,63,1
8,4,45,JLI,6,163,298900,38.815,31.8,103.1,133.6,146.2,25763.0,73,63,1
8,4,45,JLI,6,164,299200,40.475,33.7,102.4,123.0,187.2,24706.6,73,63,1
8,4,45,JLI,6,165,299500,42.531,37.2,110.5,163.4,184.4,23512.1,73,63,1
8,4,45,JLI,6,166,299800,42.277,35.3,100.6,136.3,153.6,23653.7,73,63,1
8,4,45,JLI,6,167,300000,40.031,34.4,111.3,127.4,132.7,24980.6,73,63,1
8,4,45,SkipList,6,1,250300,7.28,6.5,14.4,20.3,23.8,137368.9,0,0,0
8,4,45,SkipList,6,2,250600,6.328,5.9,11.4,14.0,20.7,158036.1,0,0,0
8,4,45,SkipList,6,3,250900,5.525,5.2,9.7,13.5,14.9,181006.4,0,0,0
8,4,45,SkipList,6,4,251200,5.492,4.9,8.9,11.8,88.8,182083.0,0,0,0
8,4,45,SkipList,6,5,251500,4.908,4.8,8.2,9.4,17.9,203748.9,0,0,0
8,4,45,SkipList,6,6,251800,5.078,4.7,8.2,13.0,14.3,196915.1,0,0,0
8,4,45,SkipList,6,7,252100,4.771,4.6,8.4,9.7,10.0,209599.7,0,0,0
8,4,45,SkipList,6,8,252400,4.64,4.4,8.0,11.6,11.9,215501.8,0,0,0
8,4,45,SkipList,6,9,252700,4.868,4.4,7.6,10.6,94.0,205437.2,0,0,0
8,4,45,SkipList,6,10,253000,5.104,4.8,9.1,13.7,14.9,195911.9,0,0,0
8,4,45,SkipList,6,11,253300,5.449,5.2,9.7,11.8,16.0,183508.7,0,0,0
8,4,45,SkipList,6,12,253600,4.925,4.7,8.3,10.8,11.7,203045.7,0,0,0
8,4,45,SkipList,6,13,253900,4.719,4.4,8.0,9.8,14.4,211909.2,0,0,0
8,4,45,SkipList,6,14,254200,4.913,4.4,8.1,9.7,98.4,203541.6,0,0,0
8,4,45,SkipList,6,15,254500,4.769,4.5,7.9,8.9,12.7,209673.0,0,0,0
8,4,45,SkipList,6,16,254800,4.796,4.6,7.6,10.1,11.9,208521.6,0,0,0
8,4,45,SkipList,6,17,255100,4.448,4.3,7.4,9.3,16.3,224803.3,0,0,0
8,4,45,SkipList,6,18,255400,4.451,4.2,7.8,9.5,11.8,224651.8,0,0,0
8,4,45,SkipList,6,19,255700,5.164,4.5,8.2,12.9,93.0,193648.4,0,0,0
8,4,45,SkipList,6,20,256000,5.785,5.2,10.7,15.3,17.7,172860.9,0,0,0
8,4,45,SkipList,6,21,256300,5.12,4.9,8.8,11.7,13.7,195299.8,0,0,0
8,4,45,SkipList,6,22,256600,4.903,4.5,8.8,11.1,15.9,203956.7,0,0,0
8,4,45,SkipList,6,23,256900,4.998,4.4,8.1,10.9,88.3,200093.4,0,0,0
8,4,45,SkipList,6,24,257200,4.717,4.6,7.8,9.8,11.2,212014.2,0,0,0
8,4,45,SkipList,6,25,257500,4.566,4.4,7.8,9.6,10.6,219010.1,0,0,0
8,4,45,SkipList,6,26,257800,4.617,4.4,8.2,9.7,11.4,216590.9,0,0,0
8,4,45,SkipList,6,27,258100,4.425,4.2,7.2,8.9,11.8,225971.7,0,0,0
8,4,45,SkipList,6,28,258400,4.394,4.1,7.1,9.3,13.0,227600.3,0,0,0
8,4,45,SkipList,6,29,258700,12.253,4.6,9.8,15.9,2119.1,81612.7,0,0,0
8,4,45,SkipList,6,30,259000,5.022,4.8,8.6,10.4,14.6,199110.6,0,0,0
8,4,45,SkipList,6,31,259300,5.028,4.9,8.4,11.2,12.3,198873.1,0,0,0
8,4,45,SkipList,6,32,259600,4.768,4.7,7.8,9.4,11.0,209731.6,0,0,0
8,4,45,SkipList,6,33,259900,4.733,4.6,7.6,9.7,10.9,211297.4,0,0,0
8,4,45,SkipList,6,34,260200,4.869,4.3,7.5,10.8,95.3,205395.1,0,0,0
8,4,45,SkipList,6,35,260500,4.412,4.3,7.3,9.1,10.3,226654.5,0,0,0
8,4,45,SkipList,6,36,260800,4.385,4.1,7.3,8.8,9.5,228050.1,0,0,0
8,4,45,SkipList,6,37,261100,4.418,4.1,6.9,9.1,11.1,226329.7,0,0,0
8,4,45,SkipList,6,38,261400,5.399,4.8,9.8,13.7,35.7,185230.9,0,0,0
8,4,45,SkipList,6,39,261700,5.813,4.9,9.1,14.4,130.6,172028.2,0,0,0
8,4,45,SkipList,6,40,262000,5.082,4.7,9.1,11.4,13.8,196773.0,0,0,0
8,4,45,SkipList,6,41,262300,4.839,4.6,7.9,9.3,14.4,206640.0,0,0,0
8,4,45,SkipList,6,42,262600,4.728,4.5,8.0,9.8,13.5,211491.0,0,0,0
8,4,45,SkipList,6,43,262900,4.674,4.6,7.7,10.2,12.6,213964.7,0,0,0
8,4,45,SkipList,6,44,263200,4.806,4.4,7.1,10.2,106.0,208073.2,0,0,0
8,4,45,SkipList,6,45,263500,4.644,4.4,7.7,11.0,15.2,215316.1,0,0,0
8,4,45,SkipList,6,46,263800,4.44,4.2,7.7,9.3,10.8,225208.3,0,0,0
8,4,45,SkipList,6,47,264100,4.41,4.1,7.1,9.5,11.2,226774.5,0,0,0
8,4,45,SkipList,6,48,264400,5.844,5.1,11.4,20.0,27.1,171125.5,0,0,0
8,4,45,SkipList,6,49,264700,5.589,4.8,9.1,11.9,102.0,178912.2,0,0,0
8,4,45,SkipList,6,50,265000,4.802,4.5,8.0,10.0,11.0,208246.7,0,0,0
8,4,45,SkipList,6,51,265300,4.776,4.5,8.3,10.0,11.1,209380.3,0,0,0
8,4,45,SkipList,6,52,265600,4.581,4.4,8.1,10.5,11.5,218308.9,0,0,0
8,4,45,SkipList,6,53,265900,4.536,4.4,7.5,9.6,12.4,220458.6,0,0,0
8,4,45,SkipList,6,54,266200,4.367,4.1,7.4,9.7,10.2,228972.6,0,0,0
8,4,45,SkipList,6,55,266500,4.463,4.2,7.5,9.4,10.3,224064.6,0,0,0
8,4,45,SkipList,6,56,266800,4.357,4.1,7.6,8.4,12.0,229515.8,0,0,0
8,4,45,SkipList,6,57,267100,6.582,4.8,10.5,18.7,255.1,151937.2,0,0,0
8,4,45,SkipList,6,58,267400,5.046,4.7,8.7,12.0,14.2,198176.8,0,0,0
8,4,45,SkipList,6,59,267700,5.21,4.7,7.8,11.5,100.7,191938.5,0,0,0
8,4,45,SkipList,6,60,268000,4.769,4.5,7.8,10.1,10.6,209672.9,0,0,0
8,4,45,SkipList,6,61,268300,4.52,4.3,7.2,10.4,10.7,221222.6,0,0,0
8,4,45,SkipList,6,62,268600,4.427,4.4,6.8,8.5,9.6,225903.6,0,0,0
8,4,45,SkipList,6,63,268900,4.374,4.1,7.2,8.6,10.5,228623.6,0,0,0
8,4,45,SkipList,6,64,269200,4.565,4.0,7.4,10.2,76.5,219074.0,0,0,0
8,4,45,SkipList,6,65,269500,4.371,4.1,7.1,10.1,13.2,228763.2,0,0,0
8,4,45,SkipList,6,66,269800,4.156,3.9,6.9,8.2,8.9,240616.0,0,0,0
8,4,45,SkipList,6,67,270100,5.168,4.7,9.0,12.0,31.6,193498.5,0,0,0
8,4,45,SkipList,6,68,270400,5.293,4.8,8.8,12.3,83.5,188916.9,0,0,0
8,4,45,SkipList,6,69,270700,4.768,4.6,8.0,10.9,15.8,209716.9,0,0,0
8,4,45,SkipList,6,70,271000,4.393,4.2,7.2,8.5,15.5,227617.6,0,0,0
8,4,45,SkipList,6,71,271300,4.522,4.3,7.3,9.2,10.6,221157.4,0,0,0
8,4,45,SkipList,6,72,271600,4.49,4.3,7.6,9.2,11.1,222733.7,0,0,0
8,4,45,SkipList,6,73,271900,4.403,4.3,6.9,8.5,10.3,227135.1,0,0,0
8,4,45,SkipList,6,74,272200,4.509,4.0,7.2,11.3,81.4,221762.2,0,0,0
8,4,45,SkipList,6,75,272500,4.324,4.1,6.7,8.6,10.7,231267.4,0,0,0
8,4,45,SkipList,6,76,272800,4.151,4.0,6.4,9.1,12.7,240925.1,0,0,0
8,4,45,SkipList,6,77,273100,5.201,4.8,9.3,16.5,30.7,192270.7,0,0,0
8,4,45,SkipList,6,78,273400,5.5,5.0,8.8,10.9,84.6,181807.1,0,0,0
8,4,45,SkipList,6,79,273700,4.823,4.8,8.0,9.8,12.2,207354.2,0,0,0
8,4,45,SkipList,6,80,274000,4.772,4.5,8.5,11.1,11.4,209555.8,0,0,0
8,4,45,SkipList,6,81,274300,4.718,4.4,8.2,10.7,13.1,211939.3,0,0,0
8,4,45,SkipList,6,82,274600,4.455,4.2,7.5,8.8,9.6,224450.1,0,0,0
8,4,45,SkipList,6,83,274900,4.702,4.2,7.7,10.1,83.4,212675.4,0,0,0
8,4,45,SkipList,6,84,275200,4.411,4.2,7.1,9.4,11.3,226688.9,0,0,0
8,4,45,SkipList,6,85,275500,4.39,4.2,7.7,9.7,11.8,227807.8,0,0,0
8,4,45,SkipList,6,86,275800,4.574,4.1,7.7,9.8,47.9,218627.0,0,0,0
8,4,45,SkipList,6,87,276100,5.457,4.9,10.0,13.7,15.2,183250.9,0,0,0
8,4,45,SkipList,6,88,276400,5.883,5.4,10.7,13.2,16.3,169991.0,0,0,0
8,4,45,SkipList,6,89,276700,6.426,6.0,11.6,15.2,19.3,155609.7,0,0,0
8,4,45,SkipList,6,90,277000,6.575,6.0,12.5,17.0,40.6,152091.2,0,0,0
8,4,45,SkipList,6,91,277300,5.726,5.5,9.4,11.7,12.2,174652.1,0,0,0
8,4,45,SkipList,6,92,277600,5.938,5.6,10.5,14.0,16.2,168397.4,0,0,0
8,4,45,SkipList,6,93,277900,5.792,5.4,9.5,13.5,16.4,172661.8,0,0,0
8,4,45,SkipList,6,94,278200,6.932,6.1,11.3,17.0,153.6,144251.6,0,0,0
8,4,45,SkipList,6,95,278500,5.741,5.4,9.3,12.8,15.6,174185.6,0,0,0
8,4,45,SkipList,6,96,278800,5.273,5.0,9.0,10.1,14.2,189633.4,0,0,0
8,4,45,SkipList,6,97,279100,5.1,4.9,8.6,10.3,12.4,196078.5,0,0,0
8,4,45,SkipList,6,98,279400,5.359,4.9,8.6,11.7,88.2,186590.4,0,0,0
8,4,45,SkipList,6,99,279700,4.801,4.6,8.0,10.5,13.7,208275.5,0,0,0
8,4,45,SkipList,6,100,280000,4.676,4.4,8.2,11.0,13.8,213858.0,0,0,0
8,4,45,SkipList,6,101,280300,4.621,4.5,7.7,10.3,12.8,216403.4,0,0,0
8,4,45,SkipList,6,102,280600,5.338,4.7,10.6,16.2,25.0,187336.1,0,0,0
8,4,45,SkipList,6,103,280900,6.387,5.8,11.0,15.2,111.8,156576.2,0,0,0
8,4,45,SkipList,6,104,281200,5.441,5.2,9.2,11.0,14.5,183789.8,0,0,0
8,4,45,SkipList,6,105,281500,5.199,4.9,8.6,10.9,16.8,192332.3,0,0,0
8,4,45,SkipList,6,106,281800,4.936,4.7,8.1,9.5,10.1,202579.5,0,0,0
8,4,45,SkipList,6,107,282100,4.749,4.4,7.7,10.0,13.3,210555.8,0,0,0
8,4,45,SkipList,6,108,282400,4.903,4.4,7.7,11.8,88.6,203956.8,0,0,0
8,4,45,SkipList,6,109,282700,4.644,4.3,7.7,9.5,12.7,215347.1,0,0,0
8,4,45,SkipList,6,110,283000,4.844,4.6,8.0,13.1,15.1,206441.0,0,0,0
8,4,45,SkipList,6,111,283300,4.874,4.6,8.1,11.9,15.3,205156.3,0,0,0
8,4,45,SkipList,6,112,283600,5.519,5.2,9.4,14.9,16.1,181192.2,0,0,0
8,4,45,SkipList,6,113,283900,5.525,4.8,8.7,10.5,101.8,180995.5,0,0,0
8,4,45,SkipList,6,114,284200,4.882,4.8,8.1,10.2,12.3,204820.1,0,0,0
8,4,45,SkipList,6,115,284500,4.763,4.5,8.2,11.0,14.3,209951.7,0,0,0
8,4,45,SkipList,6,116,284800,4.705,4.4,7.8,10.6,11.3,212554.8,0,0,0
8,4,45,SkipList,6,117,285100,4.473,4.2,7.7,9.4,11.4,223546.9,0,0,0
8,4,45,SkipList,6,118,285400,4.751,4.3,7.3,10.9,86.3,210482.0,0,0,0
8,4,45,SkipList,6,119,285700,4.273,4.0,7.0,9.1,11.0,234045.9,0,0,0
8,4,45,SkipList,6,120,286000,4.404,4.2,7.7,9.6,10.4,227049.1,0,0,0
8,4,45,SkipList,6,121,286300,4.855,4.4,8.0,13.1,35.6,205973.2,0,0,0
8,4,45,SkipList,6,122,286600,5.12,4.8,8.7,12.1,14.9,195325.2,0,0,0
8,4,45,SkipList,6,123,286900,5.21,4.7,8.4,10.0,84.6,191950.8,0,0,0
8,4,45,SkipList,6,124,287200,4.798,4.6,8.1,10.2,10.8,208434.7,0,0,0
8,4,45,SkipList,6,125,287500,4.756,4.5,8.1,10.1,10.3,210246.0,0,0,0
8,4,45,SkipList,6,126,287800,4.447,4.3,7.4,8.2,10.0,224887.6,0,0,0
8,4,45,SkipList,6,127,288100,4.31,4.2,7.1,8.5,13.4,232000.7,0,0,0
8,4,45,SkipList,6,128,288400,4.586,4.1,7.2,10.5,89.4,218070.8,0,0,0
8,4,45,SkipList,6,129,288700,4.379,4.1,7.3,9.8,16.1,228362.6,0,0,0
8,4,45,SkipList,6,130,289000,4.486,4.3,6.8,8.8,9.5,222932.3,0,0,0
8,4,45,SkipList,6,131,289300,4.871,4.5,8.8,13.8,32.5,205296.7,0,0,0
8,4,45,SkipList,6,132,289600,5.729,5.4,10.3,13.9,24.2,174560.6,0,0,0
8,4,45,SkipList,6,133,289900,5.441,4.7,9.0,10.8,105.6,183789.7,0,0,0
8,4,45,SkipList,6,134,290200,4.899,4.6,8.1,10.6,13.6,204123.3,0,0,0
8,4,45,SkipList,6,135,290500,4.821,4.5,8.0,10.1,10.6,207425.9,0,0,0
8,4,45,SkipList,6,136,290800,4.604,4.5,7.4,9.1,10.2,217218.2,0,0,0
8,4,45,SkipList,6,137,291100,4.497,4.4,7.4,9.8,11.7,222386.9,0,0,0
8,4,45,SkipList,6,138,291400,4.83,4.2,7.6,9.8,89.8,207039.3,0,0,0
8,4,45,SkipList,6,139,291700,4.422,4.2,7.6,9.4,11.1,226125.0,0,0,0
8,4,45,SkipList,6,140,292000,4.543,4.2,7.2,8.8,42.0,220135.1,0,0,0
8,4,45,SkipList,6,141,292300,5.431,4.8,10.2,15.0,23.1,184128.2,0,0,0
8,4,45,SkipList,6,142,292600,5.515,5.3,9.5,11.7,16.0,181323.6,0,0,0
8,4,45,SkipList,6,143,292900,5.36,4.8,8.0,12.9,99.5,186567.1,0,0,0
8,4,45,SkipList,6,144,293200,4.846,4.6,8.1,10.0,10.4,206341.6,0,0,0
8,4,45,SkipList,6,145,293500,4.736,4.5,7.6,9.9,12.1,211163.5,0,0,0
8,4,45,SkipList,6,146,293800,4.661,4.4,8.0,9.3,12.4,214561.6,0,0,0
8,4,45,SkipList,6,147,294100,4.498,4.2,7.5,9.5,12.9,222321.1,0,0,0
8,4,45,SkipList,6,148,294400,10.834,4.4,8.0,10.7,1877.5,92299.2,0,0,0
8,4,45,SkipList,6,149,294700,5.211,4.9,9.7,13.1,15.6,191901.7,0,0,0
8,4,45,SkipList,6,150,295000,6.371,5.9,11.1,16.2,19.1,156953.0,0,0,0
8,4,45,SkipList,6,151,295300,5.429,5.2,8.9,10.8,15.9,184196.0,0,0,0
8,4,45,SkipList,6,152,295600,4.963,4.7,8.1,9.5,12.2,201477.5,0,0,0
8,4,45,SkipList,6,153,295900,5.011,4.9,8.1,11.9,14.5,199560.9,0,0,0
8,4,45,SkipList,6,154,296200,5.095,4.5,8.3,10.2,95.5,196258.0,0,0,0
8,4,45,SkipList,6,155,296500,4.664,4.2,8.1,11.2,11.9,214423.5,0,0,0
8,4,45,SkipList,6,156,296800,4.563,4.5,7.4,10.2,11.4,219138.0,0,0,0
8,4,45,SkipList,6,157,297100,4.596,4.4,7.3,9.9,12.1,217580.5,0,0,0
8,4,45,SkipList,6,158,297400,4.913,4.7,8.3,12.4,12.6,203555.4,0,0,0
8,4,45,SkipList,6,159,297700,5.998,5.3,10.1,16.0,117.8,166722.2,0,0,0
8,4,45,SkipList,6,160,298000,4.936,4.8,8.0,9.8,11.8,202606.9,0,0,0
8,4,45,SkipList,6,161,298300,4.924,4.7,8.0,9.2,11.3,203086.9,0,0,0
8,4,45,SkipList,6,162,298600,4.914,4.6,8.6,11.7,14.0,203500.1,0,0,0
8,4,45,SkipList,6,163,298900,4.61,4.4,7.7,9.1,10.3,216904.0,0,0,0
8,4,45,SkipList,6,164,299200,4.956,4.4,8.3,12.6,90.9,201762.0,0,0,0
8,4,45,SkipList,6,165,299500,4.466,4.3,7.2,10.2,11.7,223914.0,0,0,0
8,4,45,SkipList,6,166,299800,4.377,4.2,7.3,9.2,10.7,228484.4,0,0,0
8,4,45,SkipList,6,167,300000,4.674,4.4,8.0,11.1,13.2,213972.4,0,0,0
