bench,run,seed,config,seg,k,sub_int,local_int,snapshot,executed_ops,avg_us,p95_us,p99_us,max_us,throughput,local_event_t,sub_event_t,global_event_t
6,1,42,"Tuned(175,k=6)",175,6,2000,2000,1,300,18.729,29.4,46.0,1880.7,53393.1,3,13,2
6,1,42,"Tuned(175,k=6)",175,6,2000,2000,2,600,7.582,19.7,26.0,46.0,131885.5,3,13,2
6,1,42,"Tuned(175,k=6)",175,6,2000,2000,3,900,7.268,15.8,22.7,43.2,137583.2,3,13,2
6,1,42,"Tuned(175,k=6)",175,6,2000,2000,4,1200,8.581,15.6,40.5,44.2,116536.5,3,13,2
6,1,42,"Tuned(175,k=6)",175,6,2000,2000,5,1500,6.352,14.3,19.6,44.2,157422.4,3,13,2
6,1,42,"Tuned(175,k=6)",175,6,2000,2000,6,1800,6.337,14.1,20.5,48.0,157803.4,3,13,2
6,1,42,"Tuned(175,k=6)",175,6,2000,2000,7,2100,8.738,16.7,35.9,45.7,114447.0,3,13,2
6,1,42,"Tuned(175,k=6)",175,6,2000,2000,8,2400,8.566,16.7,20.0,22.7,116736.1,3,13,2
6,1,42,"Tuned(175,k=6)",175,6,2000,2000,9,2700,9.651,19.8,25.7,45.2,103619.8,3,13,2
6,1,42,"Tuned(175,k=6)",175,6,2000,2000,10,3000,11.454,23.8,40.4,81.7,87305.7,3,13,2
6,1,42,"Tuned(175,k=6)",175,6,2000,2000,11,3300,16.778,28.5,43.5,1048.5,59603.0,3,13,2
6,1,42,"Tuned(175,k=6)",175,6,2000,2000,12,3600,14.304,32.7,37.9,41.8,69910.5,3,13,2
6,1,42,"Tuned(175,k=6)",175,6,2000,2000,13,3900,15.203,37.9,43.7,46.9,65776.5,3,13,2
6,1,42,"Tuned(175,k=6)",175,6,2000,2000,14,4200,17.997,40.9,49.7,80.3,55563.8,3,13,2
6,1,42,"Tuned(175,k=6)",175,6,2000,2000,15,4500,18.328,46.9,55.9,57.6,54560.3,3,13,2
6,1,42,"Tuned(175,k=6)",175,6,2000,2000,16,4800,18.768,46.2,55.7,61.6,53281.2,3,13,2
6,1,42,"Tuned(175,k=6)",175,6,2000,2000,17,5100,21.828,57.8,69.6,107.0,45812.7,3,13,2
6,1,42,"Tuned(175,k=6)",175,6,2000,2000,18,5400,21.552,58.9,69.3,77.6,46399.4,3,13,2
6,1,42,"Tuned(175,k=6)",175,6,2000,2000,19,5700,25.114,62.9,82.1,86.2,39817.9,3,13,2
6,1,42,"Tuned(175,k=6)",175,6,2000,2000,20,6000,24.886,65.5,81.5,85.1,40182.7,3,13,2
6,1,42,"Tuned(175,k=6)",175,6,2000,2000,21,6300,21.133,46.1,76.8,2453.3,47320.1,3,14,2
6,1,42,"Tuned(175,k=6)",175,6,2000,2000,22,6600,7.796,17.4,24.5,25.4,128265.4,3,14,2
6,1,42,"Tuned(175,k=6)",175,6,2000,2000,23,6900,6.728,13.0,17.0,18.6,148639.9,3,14,2
6,1,42,"Tuned(175,k=6)",175,6,2000,2000,24,7200,8.043,14.2,21.4,48.6,124331.7,3,14,2
6,1,42,"Tuned(175,k=6)",175,6,2000,2000,25,7500,8.523,14.2,24.6,74.0,117325.0,3,14,2
6,1,42,"Tuned(175,k=6)",175,6,2000,2000,26,7800,9.952,16.9,24.6,29.3,100482.3,3,14,2
6,1,42,"Tuned(175,k=6)",175,6,2000,2000,27,8100,9.733,18.4,20.8,22.2,102743.2,3,14,2
6,1,42,"Tuned(175,k=6)",175,6,2000,2000,28,8400,10.488,20.2,23.8,24.3,95347.0,3,14,2
6,1,42,"Tuned(175,k=6)",175,6,2000,2000,29,8700,11.386,22.0,25.4,25.5,87824.6,3,14,2
6,1,42,"Tuned(175,k=6)",175,6,2000,2000,30,9000,13.089,26.4,32.7,51.2,76400.0,3,14,2
6,1,42,"Tuned(175,k=6)",175,6,2000,2000,31,9300,17.132,26.9,48.3,1189.6,58369.2,3,14,2
6,1,42,"Tuned(175,k=6)",175,6,2000,2000,32,9600,13.842,29.8,35.7,64.6,72243.9,3,14,2
6,1,42,"Tuned(175,k=6)",175,6,2000,2000,33,9900,14.844,32.6,35.1,37.0,67365.8,3,14,2
6,1,42,"Tuned(175,k=6)",175,6,2000,2000,34,10200,17.544,37.5,52.6,55.7,57000.6,3,14,2
6,1,42,"Tuned(175,k=6)",175,6,2000,2000,35,10500,15.137,34.5,44.4,52.9,66061.8,3,14,2
6,1,42,"Tuned(175,k=6)",175,6,2000,2000,36,10800,17.118,39.6,47.6,51.5,58418.0,3,14,2
6,1,42,"Tuned(175,k=6)",175,6,2000,2000,37,11100,17.991,42.3,49.9,50.3,55583.3,3,14,2
6,1,42,"Tuned(175,k=6)",175,6,2000,2000,38,11400,19.632,46.4,54.8,59.3,50937.2,3,14,2
6,1,42,"Tuned(175,k=6)",175,6,2000,2000,39,11700,19.36,44.0,56.2,101.9,51652.9,3,14,2
6,1,42,"Tuned(175,k=6)",175,6,2000,2000,40,12000,19.042,42.3,59.2,62.1,52516.4,3,14,2
6,1,42,"Tuned(175,k=6)",175,6,2000,2000,41,12300,22.4,39.4,58.0,2308.7,44642.2,3,15,2
6,1,42,"Tuned(175,k=6)",175,6,2000,2000,42,12600,11.099,25.1,51.7,55.1,90100.9,3,15,2
6,1,42,"Tuned(175,k=6)",175,6,2000,2000,43,12900,8.805,17.6,48.2,48.4,113567.5,3,15,2
6,1,42,"Tuned(175,k=6)",175,6,2000,2000,44,13200,7.642,15.2,18.2,50.3,130850.1,3,15,2
6,1,42,"Tuned(175,k=6)",175,6,2000,2000,45,13500,9.119,17.9,22.4,50.1,109657.1,3,15,2
6,1,42,"Tuned(175,k=6)",175,6,2000,2000,46,13800,10.281,20.0,23.2,81.0,97266.8,3,15,2
6,1,42,"Tuned(175,k=6)",175,6,2000,2000,47,14100,11.566,26.7,31.0,49.7,86460.3,3,15,2
6,1,42,"Tuned(175,k=6)",175,6,2000,2000,48,14400,11.685,24.0,29.6,29.8,85582.2,3,15,2
6,1,42,"Tuned(175,k=6)",175,6,2000,2000,49,14700,12.503,26.3,32.9,34.4,79978.7,3,15,2
6,1,42,"Tuned(175,k=6)",175,6,2000,2000,50,15000,12.649,27.0,33.9,34.9,79055.5,3,15,2
6,1,42,"Tuned(175,k=6)",175,6,2000,2000,51,15300,18.72,31.8,39.3,1261.3,53418.8,3,15,2
6,1,42,"Tuned(175,k=6)",175,6,2000,2000,52,15600,14.447,30.3,40.7,42.6,69218.5,3,15,2
6,1,42,"Tuned(175,k=6)",175,6,2000,2000,53,15900,10.926,33.0,42.1,46.7,91527.6,3,15,2
6,1,42,"Tuned(175,k=6)",175,6,2000,2000,54,16200,12.851,40.5,52.2,68.1,77812.9,3,15,2
6,1,42,"Tuned(175,k=6)",175,6,2000,2000,55,16500,13.502,38.1,49.0,50.3,74064.9,3,15,2
6,1,42,"Tuned(175,k=6)",175,6,2000,2000,56,16800,14.633,40.1,52.9,56.4,68337.1,3,15,2
6,1,42,"Tuned(175,k=6)",175,6,2000,2000,57,17100,15.825,43.3,67.1,93.1,63191.2,3,15,2
6,1,42,"Tuned(175,k=6)",175,6,2000,2000,58,17400,15.566,35.3,55.2,61.3,64244.0,3,15,2
6,1,42,"Tuned(175,k=6)",175,6,2000,2000,59,17700,17.193,40.5,61.3,62.9,58162.1,3,15,2
6,1,42,"Tuned(175,k=6)",175,6,2000,2000,60,18000,19.257,56.6,66.8,70.3,51928.3,3,15,2
6,1,42,"Tuned(175,k=6)",175,6,2000,2000,61,18300,24.126,41.4,70.1,2412.8,41449.6,3,16,2
6,1,42,"Tuned(175,k=6)",175,6,2000,2000,62,18600,10.365,23.3,35.1,51.1,96478.5,3,16,2
6,1,42,"Tuned(175,k=6)",175,6,2000,2000,63,18900,11.278,24.7,47.6,54.1,88668.2,3,16,2
6,1,42,"Tuned(175,k=6)",175,6,2000,2000,64,19200,11.272,23.7,27.0,53.0,88712.8,3,16,2
6,1,42,"Tuned(175,k=6)",175,6,2000,2000,65,19500,10.442,22.4,27.1,51.2,95764.0,3,16,2
6,1,42,"Tuned(175,k=6)",175,6,2000,2000,66,19800,10.419,20.5,46.8,51.4,95978.5,3,16,2
6,1,42,"Tuned(175,k=6)",175,6,2000,2000,67,20000,10.699,19.7,23.8,26.6,93466.7,3,16,2
6,1,42,"OldDefault(100,k=3)",100,3,5000,1000,1,300,21.786,25.6,214.8,2129.3,45901.0,3,5,1
6,1,42,"OldDefault(100,k=3)",100,3,5000,1000,2,600,12.196,22.2,28.0,69.8,81996.3,3,5,1
6,1,42,"OldDefault(100,k=3)",100,3,5000,1000,3,900,8.928,18.2,39.9,68.8,112003.0,3,5,1
6,1,42,"OldDefault(100,k=3)",100,3,5000,1000,4,1200,5.219,7.9,10.0,67.2,191619.7,3,5,1
6,1,42,"OldDefault(100,k=3)",100,3,5000,1000,5,1500,7.805,13.9,17.6,70.9,128128.5,3,5,1
6,1,42,"OldDefault(100,k=3)",100,3,5000,1000,6,1800,13.15,18.9,23.0,1037.4,76045.6,4,5,1
6,1,42,"OldDefault(100,k=3)",100,3,5000,1000,7,2100,12.159,27.9,32.9,70.4,82245.9,4,5,1
6,1,42,"OldDefault(100,k=3)",100,3,5000,1000,8,2400,15.084,32.6,39.8,82.0,66295.4,4,5,1
6,1,42,"OldDefault(100,k=3)",100,3,5000,1000,9,2700,16.8,39.1,44.4,80.0,59523.8,4,5,1
6,1,42,"OldDefault(100,k=3)",100,3,5000,1000,10,3000,20.173,48.3,58.4,71.1,49571.2,4,5,1
6,1,42,"OldDefault(100,k=3)",100,3,5000,1000,11,3300,21.873,53.9,66.0,98.1,45717.8,4,5,1
6,1,42,"OldDefault(100,k=3)",100,3,5000,1000,12,3600,26.483,62.4,69.3,76.2,37760.1,4,5,1
6,1,42,"OldDefault(100,k=3)",100,3,5000,1000,13,3900,27.078,68.6,77.6,98.1,36930.4,4,5,1
6,1,42,"OldDefault(100,k=3)",100,3,5000,1000,14,4200,31.774,77.8,89.5,126.9,31472.3,4,5,1
6,1,42,"OldDefault(100,k=3)",100,3,5000,1000,15,4500,34.756,82.5,90.8,92.1,28771.7,4,5,1
6,1,42,"OldDefault(100,k=3)",100,3,5000,1000,16,4800,39.689,87.8,105.4,1255.0,25196.1,5,5,1
6,1,42,"OldDefault(100,k=3)",100,3,5000,1000,17,5100,42.017,98.9,113.8,118.0,23800.1,5,5,1
6,1,42,"OldDefault(100,k=3)",100,3,5000,1000,18,5400,47.535,112.6,151.8,177.4,21037.1,5,5,1
6,1,42,"OldDefault(100,k=3)",100,3,5000,1000,19,5700,62.838,161.1,192.9,197.0,15913.9,5,5,1
6,1,42,"OldDefault(100,k=3)",100,3,5000,1000,20,6000,50.997,121.2,141.0,154.7,19608.9,5,5,1
6,1,42,"OldDefault(100,k=3)",100,3,5000,1000,21,6300,50.206,123.9,146.2,171.1,19917.8,5,5,1
6,1,42,"OldDefault(100,k=3)",100,3,5000,1000,22,6600,56.618,132.3,156.6,195.5,17662.1,5,5,1
6,1,42,"OldDefault(100,k=3)",100,3,5000,1000,23,6900,59.704,143.2,161.5,162.7,16749.3,5,5,1
6,1,42,"OldDefault(100,k=3)",100,3,5000,1000,24,7200,58.754,147.2,165.6,169.5,17020.2,5,5,1
6,1,42,"OldDefault(100,k=3)",100,3,5000,1000,25,7500,62.22,150.8,171.7,207.0,16072.1,5,5,1
6,1,42,"OldDefault(100,k=3)",100,3,5000,1000,26,7800,76.103,170.2,205.9,2189.1,13140.0,6,5,1
6,1,42,"OldDefault(100,k=3)",100,3,5000,1000,27,8100,65.468,154.7,193.5,264.9,15274.6,6,5,1
6,1,42,"OldDefault(100,k=3)",100,3,5000,1000,28,8400,67.377,163.0,185.1,190.6,14841.9,6,5,1
6,1,42,"OldDefault(100,k=3)",100,3,5000,1000,29,8700,71.041,173.9,200.5,205.0,14076.4,6,5,1
6,1,42,"OldDefault(100,k=3)",100,3,5000,1000,30,9000,73.951,191.6,213.8,249.2,13522.5,6,5,1
6,1,42,"OldDefault(100,k=3)",100,3,5000,1000,31,9300,81.156,188.1,211.7,220.7,12321.9,6,5,1
6,1,42,"OldDefault(100,k=3)",100,3,5000,1000,32,9600,84.154,201.6,225.9,282.9,11883.0,6,5,1
6,1,42,"OldDefault(100,k=3)",100,3,5000,1000,33,9900,80.146,199.2,238.8,242.5,12477.2,6,5,1
6,1,42,"OldDefault(100,k=3)",100,3,5000,1000,34,10200,89.276,224.2,245.6,299.6,11201.3,6,5,1
6,1,42,"OldDefault(100,k=3)",100,3,5000,1000,35,10500,91.193,209.5,252.1,301.3,10965.8,6,5,1
6,1,42,"OldDefault(100,k=3)",100,3,5000,1000,36,10800,102.491,231.4,257.4,1834.8,9757.0,7,5,1
6,1,42,"OldDefault(100,k=3)",100,3,5000,1000,37,11100,100.169,237.5,274.3,303.3,9983.1,7,5,1
6,1,42,"OldDefault(100,k=3)",100,3,5000,1000,38,11400,104.401,246.3,273.5,321.3,9578.5,7,5,1
6,1,42,"OldDefault(100,k=3)",100,3,5000,1000,39,11700,99.112,256.9,284.4,339.5,10089.6,7,5,1
6,1,42,"OldDefault(100,k=3)",100,3,5000,1000,40,12000,103.817,231.7,288.6,348.5,9632.3,7,5,1
6,1,42,"OldDefault(100,k=3)",100,3,5000,1000,41,12300,112.172,270.8,301.2,358.9,8914.9,7,5,1
6,1,42,"OldDefault(100,k=3)",100,3,5000,1000,42,12600,111.54,257.7,306.8,307.9,8965.4,7,5,1
6,1,42,"OldDefault(100,k=3)",100,3,5000,1000,43,12900,111.593,294.0,323.8,349.7,8961.1,7,5,1
6,1,42,"OldDefault(100,k=3)",100,3,5000,1000,44,13200,113.216,272.5,311.9,399.9,8832.7,7,5,1
6,1,42,"OldDefault(100,k=3)",100,3,5000,1000,45,13500,123.38,304.7,334.8,336.0,8105.1,7,5,1
6,1,42,"OldDefault(100,k=3)",100,3,5000,1000,46,13800,126.064,295.1,336.9,2104.3,7932.5,8,5,1
6,1,42,"OldDefault(100,k=3)",100,3,5000,1000,47,14100,124.302,299.4,341.1,342.5,8044.9,8,5,1
6,1,42,"OldDefault(100,k=3)",100,3,5000,1000,48,14400,122.833,308.2,352.1,357.6,8141.2,8,5,1
6,1,42,"OldDefault(100,k=3)",100,3,5000,1000,49,14700,136.072,309.3,407.0,428.8,7349.1,8,5,1
6,1,42,"OldDefault(100,k=3)",100,3,5000,1000,50,15000,140.087,322.0,360.5,366.2,7138.4,8,5,1
6,1,42,"OldDefault(100,k=3)",100,3,5000,1000,51,15300,59.043,214.5,364.4,2821.4,16936.7,8,6,1
6,1,42,"OldDefault(100,k=3)",100,3,5000,1000,52,15600,10.922,33.9,43.1,50.9,91555.5,8,6,1
6,1,42,"OldDefault(100,k=3)",100,3,5000,1000,53,15900,11.075,22.6,84.6,94.0,90290.7,8,6,1
6,1,42,"OldDefault(100,k=3)",100,3,5000,1000,54,16200,9.233,21.5,25.1,87.6,108303.2,8,6,1
6,1,42,"OldDefault(100,k=3)",100,3,5000,1000,55,16500,4.954,8.5,20.1,26.4,201843.4,8,6,1
6,1,42,"OldDefault(100,k=3)",100,3,5000,1000,56,16800,9.975,8.8,25.2,1377.3,100254.0,9,6,1
6,1,42,"OldDefault(100,k=3)",100,3,5000,1000,57,17100,7.887,14.5,25.5,88.2,126785.6,9,6,1
6,1,42,"OldDefault(100,k=3)",100,3,5000,1000,58,17400,11.084,22.5,43.8,89.4,90220.1,9,6,1
6,1,42,"OldDefault(100,k=3)",100,3,5000,1000,59,17700,12.021,24.8,31.8,32.9,83187.8,9,6,1
6,1,42,"OldDefault(100,k=3)",100,3,5000,1000,60,18000,14.195,33.2,37.4,39.9,70447.3,9,6,1
6,1,42,"OldDefault(100,k=3)",100,3,5000,1000,61,18300,18.001,38.6,45.3,79.8,55553.5,9,6,1
6,1,42,"OldDefault(100,k=3)",100,3,5000,1000,62,18600,17.879,39.3,52.5,78.3,55932.6,9,6,1
6,1,42,"OldDefault(100,k=3)",100,3,5000,1000,63,18900,21.47,52.9,58.2,58.5,46576.6,9,6,1
6,1,42,"OldDefault(100,k=3)",100,3,5000,1000,64,19200,23.265,56.4,88.4,103.9,42983.0,9,6,1
6,1,42,"OldDefault(100,k=3)",100,3,5000,1000,65,19500,25.885,59.4,71.7,96.1,38631.9,9,6,1
6,1,42,"OldDefault(100,k=3)",100,3,5000,1000,66,19800,33.263,69.1,80.6,1504.9,30063.1,10,6,1
6,1,42,"OldDefault(100,k=3)",100,3,5000,1000,67,20000,30.7,75.4,84.9,86.3,32573.3,10,6,1
6,1,42,Undersized_seg=50,50,3,2000,2000,1,300,16.607,34.6,123.7,1588.1,60216.8,40,14,1
6,1,42,Undersized_seg=50,50,3,2000,2000,2,600,9.062,20.1,29.7,134.0,110350.9,40,14,1
6,1,42,Undersized_seg=50,50,3,2000,2000,3,900,10.851,21.2,24.7,127.5,92157.4,40,14,1
6,1,42,Undersized_seg=50,50,3,2000,2000,4,1200,13.589,19.8,123.8,893.3,73588.9,40,14,1
6,1,42,Undersized_seg=50,50,3,2000,2000,5,1500,9.886,23.2,34.8,131.9,101149.8,40,14,1
6,1,42,Undersized_seg=50,50,3,2000,2000,6,1800,10.749,24.0,33.9,144.6,93034.8,40,14,1
6,1,42,Undersized_seg=50,50,3,2000,2000,7,2100,12.903,32.9,72.8,133.1,77501.4,40,14,1
6,1,42,Undersized_seg=50,50,3,2000,2000,8,2400,12.689,30.9,44.6,71.6,78808.4,40,14,1
6,1,42,Undersized_seg=50,50,3,2000,2000,9,2700,14.355,36.1,69.6,132.1,69660.5,40,14,1
6,1,42,Undersized_seg=50,50,3,2000,2000,10,3000,16.99,41.6,77.3,133.8,58859.3,40,14,1
6,1,42,Undersized_seg=50,50,3,2000,2000,11,3300,21.56,49.0,71.2,1194.4,46382.2,45,14,1
6,1,42,Undersized_seg=50,50,3,2000,2000,12,3600,20.641,49.3,59.9,141.8,48446.5,45,14,1
6,1,42,Undersized_seg=50,50,3,2000,2000,13,3900,19.291,52.7,63.1,70.8,51838.5,45,14,1
6,1,42,Undersized_seg=50,50,3,2000,2000,14,4200,21.845,54.3,74.9,132.1,45776.4,45,14,1
6,1,42,Undersized_seg=50,50,3,2000,2000,15,4500,23.276,56.5,69.7,76.8,42962.7,45,14,1
6,1,42,Undersized_seg=50,50,3,2000,2000,16,4800,24.545,63.2,127.5,153.8,40741.5,45,14,1
6,1,42,Undersized_seg=50,50,3,2000,2000,17,5100,28.33,68.5,81.7,133.0,35298.7,45,14,1
6,1,42,Undersized_seg=50,50,3,2000,2000,18,5400,27.605,68.8,82.7,131.7,36225.8,45,14,1
6,1,42,Undersized_seg=50,50,3,2000,2000,19,5700,27.128,72.2,88.4,97.9,36862.3,45,14,1
6,1,42,Undersized_seg=50,50,3,2000,2000,20,6000,31.923,78.4,96.1,133.0,31325.4,45,14,1
6,1,42,Undersized_seg=50,50,3,2000,2000,21,6300,27.616,47.5,92.5,2069.1,36210.9,45,15,1
6,1,42,Undersized_seg=50,50,3,2000,2000,22,6600,10.48,27.0,30.6,47.3,95419.9,45,15,1
6,1,42,Undersized_seg=50,50,3,2000,2000,23,6900,8.206,22.0,25.1,26.2,121857.1,45,15,1
6,1,42,Undersized_seg=50,50,3,2000,2000,24,7200,9.443,22.7,25.4,148.9,105894.8,45,15,1
6,1,42,Undersized_seg=50,50,3,2000,2000,25,7500,8.213,19.4,24.4,148.5,121753.2,45,15,1
6,1,42,Undersized_seg=50,50,3,2000,2000,26,7800,6.86,15.0,17.8,20.4,145779.7,45,15,1
6,1,42,Undersized_seg=50,50,3,2000,2000,27,8100,7.964,16.9,22.1,47.9,125570.3,45,15,1
6,1,42,Undersized_seg=50,50,3,2000,2000,28,8400,8.613,16.0,18.0,23.0,116103.6,45,15,1
6,1,42,Undersized_seg=50,50,3,2000,2000,29,8700,10.294,18.0,21.3,108.0,97147.1,45,15,1
6,1,42,Undersized_seg=50,50,3,2000,2000,30,9000,12.022,21.5,27.8,144.9,83178.5,45,15,1
6,1,42,Undersized_seg=50,50,3,2000,2000,31,9300,18.371,26.3,138.3,1220.0,54434.6,50,15,1
6,1,42,Undersized_seg=50,50,3,2000,2000,32,9600,14.001,27.0,32.4,156.4,71425.2,50,15,1
6,1,42,Undersized_seg=50,50,3,2000,2000,33,9900,15.134,31.2,35.5,40.7,66077.8,50,15,1
6,1,42,Undersized_seg=50,50,3,2000,2000,34,10200,17.299,36.1,41.3,66.6,57807.9,50,15,1
6,1,42,Undersized_seg=50,50,3,2000,2000,35,10500,17.248,36.8,44.1,153.3,57977.7,50,15,1
6,1,42,Undersized_seg=50,50,3,2000,2000,36,10800,19.452,41.2,59.7,141.0,51408.6,50,15,1
6,1,42,Undersized_seg=50,50,3,2000,2000,37,11100,21.992,46.4,84.5,142.0,45470.4,50,15,1
6,1,42,Undersized_seg=50,50,3,2000,2000,38,11400,22.015,49.5,57.2,59.6,45424.3,50,15,1
6,1,42,Undersized_seg=50,50,3,2000,2000,39,11700,21.94,48.7,61.8,78.5,45578.2,50,15,1
6,1,42,Undersized_seg=50,50,3,2000,2000,40,12000,23.103,51.6,64.5,66.2,43283.8,50,15,1
6,1,42,Undersized_seg=50,50,3,2000,2000,41,12300,30.941,47.0,159.9,2780.6,32319.9,50,16,1
6,1,42,Undersized_seg=50,50,3,2000,2000,42,12600,18.506,46.2,49.7,144.9,54035.6,50,16,1
6,1,42,Undersized_seg=50,50,3,2000,2000,43,12900,15.198,45.9,146.6,149.8,65798.1,50,16,1
6,1,42,Undersized_seg=50,50,3,2000,2000,44,13200,10.492,24.8,52.4,158.7,95307.7,50,16,1
6,1,42,Undersized_seg=50,50,3,2000,2000,45,13500,10.902,24.8,27.3,162.5,91726.3,50,16,1
6,1,42,Undersized_seg=50,50,3,2000,2000,46,13800,10.822,23.3,26.4,27.9,92404.4,50,16,1
6,1,42,Undersized_seg=50,50,3,2000,2000,47,14100,10.159,22.7,24.9,25.8,98438.1,50,16,1
6,1,42,Undersized_seg=50,50,3,2000,2000,48,14400,10.796,22.6,26.5,28.1,92624.0,50,16,1
6,1,42,Undersized_seg=50,50,3,2000,2000,49,14700,9.281,25.1,30.0,37.6,107743.2,50,16,1
6,1,42,Undersized_seg=50,50,3,2000,2000,50,15000,9.464,24.8,27.5,35.6,105663.6,50,16,1
6,1,42,Undersized_seg=50,50,3,2000,2000,51,15300,16.022,27.3,31.5,1533.0,62415.5,57,16,1
6,1,42,Undersized_seg=50,50,3,2000,2000,52,15600,11.179,26.3,32.7,34.2,89453.5,57,16,1
6,1,42,Undersized_seg=50,50,3,2000,2000,53,15900,9.78,28.8,38.4,144.1,102249.5,57,16,1
6,1,42,Undersized_seg=50,50,3,2000,2000,54,16200,10.801,31.8,39.8,93.8,92581.2,57,16,1
6,1,42,Undersized_seg=50,50,3,2000,2000,55,16500,11.932,31.2,40.5,41.7,83805.9,57,16,1
6,1,42,Undersized_seg=50,50,3,2000,2000,56,16800,14.416,34.1,84.0,89.9,69367.4,57,16,1
6,1,42,Undersized_seg=50,50,3,2000,2000,57,17100,15.921,36.4,58.4,168.3,62810.1,57,16,1
6,1,42,Undersized_seg=50,50,3,2000,2000,58,17400,15.817,30.7,51.5,154.2,63223.1,57,16,1
6,1,42,Undersized_seg=50,50,3,2000,2000,59,17700,17.043,33.9,52.1,53.7,58675.1,57,16,1
6,1,42,Undersized_seg=50,50,3,2000,2000,60,18000,20.039,49.1,62.3,92.3,49901.9,57,16,1
6,1,42,Undersized_seg=50,50,3,2000,2000,61,18300,24.194,39.4,60.4,2470.1,41332.6,57,17,1
6,1,42,Undersized_seg=50,50,3,2000,2000,62,18600,8.996,23.4,33.2,155.0,111160.5,57,17,1
6,1,42,Undersized_seg=50,50,3,2000,2000,63,18900,10.64,22.4,148.5,164.0,93987.9,57,17,1
6,1,42,Undersized_seg=50,50,3,2000,2000,64,19200,10.587,22.4,26.4,160.1,94455.5,57,17,1
6,1,42,Undersized_seg=50,50,3,2000,2000,65,19500,9.031,19.0,24.4,157.4,110725.6,57,17,1
6,1,42,Undersized_seg=50,50,3,2000,2000,66,19800,10.477,20.9,149.5,158.0,95450.2,57,17,1
6,1,42,Undersized_seg=50,50,3,2000,2000,67,20000,11.008,24.9,36.7,38.4,90843.0,57,17,1
6,1,42,Oversized_seg=1500,1500,3,2000,2000,1,300,485.558,86.1,167.0,133561.6,2059.5,1,10,5
6,1,42,Oversized_seg=1500,1500,3,2000,2000,2,600,33.744,70.5,111.8,192.9,29634.9,1,10,5
6,1,42,Oversized_seg=1500,1500,3,2000,2000,3,900,26.123,71.2,109.6,128.0,38280.9,1,10,5
6,1,42,Oversized_seg=1500,1500,3,2000,2000,4,1200,19.24,60.1,74.7,154.2,51974.1,1,10,5
6,1,42,Oversized_seg=1500,1500,3,2000,2000,5,1500,19.839,63.0,77.3,147.1,50405.8,1,10,5
6,1,42,Oversized_seg=1500,1500,3,2000,2000,6,1800,19.495,61.0,76.8,138.7,51294.3,1,10,5
6,1,42,Oversized_seg=1500,1500,3,2000,2000,7,2100,23.238,63.6,113.8,142.1,43032.3,1,10,5
6,1,42,Oversized_seg=1500,1500,3,2000,2000,8,2400,20.213,60.9,85.9,118.5,49472.3,1,10,5
6,1,42,Oversized_seg=1500,1500,3,2000,2000,9,2700,23.028,66.8,84.8,120.8,43424.8,1,10,5
6,1,42,Oversized_seg=1500,1500,3,2000,2000,10,3000,22.75,62.8,80.5,99.8,43956.7,1,10,5
6,1,42,Oversized_seg=1500,1500,3,2000,2000,11,3300,32.532,80.4,151.2,1368.2,30739.0,1,10,5
6,1,42,Oversized_seg=1500,1500,3,2000,2000,12,3600,25.245,66.9,114.8,131.0,39612.3,1,10,5
6,1,42,Oversized_seg=1500,1500,3,2000,2000,13,3900,26.822,68.2,112.2,166.1,37283.3,1,10,5
6,1,42,Oversized_seg=1500,1500,3,2000,2000,14,4200,26.426,60.1,127.8,146.2,37842.0,1,10,5
6,1,42,Oversized_seg=1500,1500,3,2000,2000,15,4500,29.313,69.3,146.1,153.5,34114.6,1,10,5
6,1,42,Oversized_seg=1500,1500,3,2000,2000,16,4800,28.563,64.9,88.7,140.2,35010.7,1,10,5
6,1,42,Oversized_seg=1500,1500,3,2000,2000,17,5100,28.579,59.6,74.7,90.5,34990.7,1,10,5
6,1,42,Oversized_seg=1500,1500,3,2000,2000,18,5400,29.862,72.7,96.7,144.3,33487.4,1,10,5
6,1,42,Oversized_seg=1500,1500,3,2000,2000,19,5700,28.286,63.1,82.0,100.6,35353.6,1,10,5
6,1,42,Oversized_seg=1500,1500,3,2000,2000,20,6000,32.516,70.6,110.0,155.8,30753.8,1,10,5
6,1,42,Oversized_seg=1500,1500,3,2000,2000,21,6300,44.202,88.5,154.9,2508.7,22623.2,1,11,5
6,1,42,Oversized_seg=1500,1500,3,2000,2000,22,6600,36.048,83.4,130.4,143.2,27740.5,1,11,5
6,1,42,Oversized_seg=1500,1500,3,2000,2000,23,6900,33.409,75.8,104.1,165.4,29932.4,1,11,5
6,1,42,Oversized_seg=1500,1500,3,2000,2000,24,7200,35.136,80.0,120.2,145.5,28460.6,1,11,5
6,1,42,Oversized_seg=1500,1500,3,2000,2000,25,7500,35.757,83.8,127.6,158.8,27966.6,1,11,5
6,1,42,Oversized_seg=1500,1500,3,2000,2000,26,7800,34.896,76.6,93.8,131.7,28656.9,1,11,5
6,1,42,Oversized_seg=1500,1500,3,2000,2000,27,8100,39.064,81.5,134.0,159.8,25599.0,1,11,5
6,1,42,Oversized_seg=1500,1500,3,2000,2000,28,8400,35.202,73.3,98.3,136.3,28407.5,1,11,5
6,1,42,Oversized_seg=1500,1500,3,2000,2000,29,8700,37.489,82.4,120.0,149.6,26674.5,1,11,5
6,1,42,Oversized_seg=1500,1500,3,2000,2000,30,9000,35.91,75.4,137.0,161.8,27847.7,1,11,5
6,1,42,Oversized_seg=1500,1500,3,2000,2000,31,9300,40.422,70.7,98.5,1638.9,24738.8,1,11,5
6,1,42,Oversized_seg=1500,1500,3,2000,2000,32,9600,38.366,81.9,128.2,143.7,26065.0,1,11,5
6,1,42,Oversized_seg=1500,1500,3,2000,2000,33,9900,38.48,84.6,150.3,165.2,25987.8,1,11,5
6,1,42,Oversized_seg=1500,1500,3,2000,2000,34,10200,38.534,79.5,144.7,200.1,25951.3,1,11,5
6,1,42,Oversized_seg=1500,1500,3,2000,2000,35,10500,37.817,77.4,107.9,176.4,26442.9,1,11,5
6,1,42,Oversized_seg=1500,1500,3,2000,2000,36,10800,37.212,78.5,111.0,128.9,26873.3,1,11,5
6,1,42,Oversized_seg=1500,1500,3,2000,2000,37,11100,39.817,88.8,130.4,160.3,25114.7,1,11,5
6,1,42,Oversized_seg=1500,1500,3,2000,2000,38,11400,37.954,83.7,162.6,182.6,26347.5,1,11,5
6,1,42,Oversized_seg=1500,1500,3,2000,2000,39,11700,38.245,84.7,129.7,147.9,26147.2,1,11,5
6,1,42,Oversized_seg=1500,1500,3,2000,2000,40,12000,40.271,92.3,133.6,151.6,24831.6,1,11,5
6,1,42,Oversized_seg=1500,1500,3,2000,2000,41,12300,52.441,77.7,142.3,4615.0,19069.0,1,11,6
6,1,42,Oversized_seg=1500,1500,3,2000,2000,42,12600,37.458,70.7,115.5,165.4,26696.6,1,11,6
6,1,42,Oversized_seg=1500,1500,3,2000,2000,43,12900,37.507,70.3,129.9,146.0,26661.7,1,11,6
6,1,42,Oversized_seg=1500,1500,3,2000,2000,44,13200,38.873,73.4,103.0,148.4,25725.0,1,11,6
6,1,42,Oversized_seg=1500,1500,3,2000,2000,45,13500,42.063,77.7,103.8,139.1,23773.7,1,11,6
6,1,42,Oversized_seg=1500,1500,3,2000,2000,46,13800,38.458,73.5,125.0,150.3,26002.4,1,11,6
6,1,42,Oversized_seg=1500,1500,3,2000,2000,47,14100,37.582,71.7,119.0,126.5,26608.5,1,11,6
6,1,42,Oversized_seg=1500,1500,3,2000,2000,48,14400,43.274,83.1,142.4,158.8,23108.7,1,11,6
6,1,42,Oversized_seg=1500,1500,3,2000,2000,49,14700,43.266,82.2,156.3,217.4,23112.8,1,11,6
6,1,42,Oversized_seg=1500,1500,3,2000,2000,50,15000,39.022,77.2,151.2,161.3,25626.6,1,11,6
6,1,42,Oversized_seg=1500,1500,3,2000,2000,51,15300,39.624,75.4,114.5,158.9,25237.2,1,11,6
6,1,42,Oversized_seg=1500,1500,3,2000,2000,52,15600,40.938,77.9,149.4,153.8,24427.4,1,11,6
6,1,42,Oversized_seg=1500,1500,3,2000,2000,53,15900,41.732,78.4,114.9,145.0,23962.4,1,11,6
6,1,42,Oversized_seg=1500,1500,3,2000,2000,54,16200,43.574,87.3,118.6,144.2,22949.5,1,11,6
6,1,42,Oversized_seg=1500,1500,3,2000,2000,55,16500,42.576,83.6,116.8,130.8,23487.2,1,11,6
6,1,42,Oversized_seg=1500,1500,3,2000,2000,56,16800,41.992,85.3,129.1,143.5,23814.1,1,11,6
6,1,42,Oversized_seg=1500,1500,3,2000,2000,57,17100,42.295,80.6,137.4,144.4,23643.5,1,11,6
6,1,42,Oversized_seg=1500,1500,3,2000,2000,58,17400,40.192,81.1,129.4,160.0,24880.6,1,11,6
6,1,42,Oversized_seg=1500,1500,3,2000,2000,59,17700,43.917,87.6,138.7,159.2,22770.1,1,11,6
6,1,42,Oversized_seg=1500,1500,3,2000,2000,60,18000,44.087,85.2,138.9,162.0,22682.3,1,11,6
6,1,42,Oversized_seg=1500,1500,3,2000,2000,61,18300,46.365,87.3,158.4,2157.2,21567.8,1,12,6
6,1,42,Oversized_seg=1500,1500,3,2000,2000,62,18600,36.088,80.0,124.0,172.2,27709.8,1,12,6
6,1,42,Oversized_seg=1500,1500,3,2000,2000,63,18900,36.088,80.7,142.4,156.9,27709.8,1,12,6
6,1,42,Oversized_seg=1500,1500,3,2000,2000,64,19200,40.864,88.4,145.8,160.4,24471.6,1,12,6
6,1,42,Oversized_seg=1500,1500,3,2000,2000,65,19500,40.286,96.9,157.9,176.3,24822.7,1,12,6
6,1,42,Oversized_seg=1500,1500,3,2000,2000,66,19800,17.346,63.5,112.8,149.2,57650.2,1,12,6
6,1,42,Oversized_seg=1500,1500,3,2000,2000,67,20000,13.059,39.1,67.7,216.0,76572.6,1,12,6
6,1,42,No_shortcuts(k=2),175,2,2000,2000,1,300,19.826,28.8,57.1,1859.3,50438.0,3,13,2
6,1,42,No_shortcuts(k=2),175,2,2000,2000,2,600,8.425,20.4,26.7,46.5,118694.4,3,13,2
6,1,42,No_shortcuts(k=2),175,2,2000,2000,3,900,7.963,16.3,23.4,44.2,125575.6,3,13,2
6,1,42,No_shortcuts(k=2),175,2,2000,2000,4,1200,9.683,18.0,43.8,46.3,103277.3,3,13,2
6,1,42,No_shortcuts(k=2),175,2,2000,2000,5,1500,6.964,15.9,19.1,45.2,143588.7,3,13,2
6,1,42,No_shortcuts(k=2),175,2,2000,2000,6,1800,7.029,16.8,20.5,47.8,142267.8,3,13,2
6,1,42,No_shortcuts(k=2),175,2,2000,2000,7,2100,8.65,17.5,23.8,47.0,115611.4,3,13,2
6,1,42,No_shortcuts(k=2),175,2,2000,2000,8,2400,9.226,18.0,20.0,22.0,108385.4,3,13,2
6,1,42,No_shortcuts(k=2),175,2,2000,2000,9,2700,11.767,25.0,39.9,51.8,84983.4,3,13,2
6,1,42,No_shortcuts(k=2),175,2,2000,2000,10,3000,12.348,23.4,47.8,74.8,80982.6,3,13,2
6,1,42,No_shortcuts(k=2),175,2,2000,2000,11,3300,17.196,25.2,35.0,1113.9,58154.2,3,13,2
6,1,42,No_shortcuts(k=2),175,2,2000,2000,12,3600,15.419,33.1,42.9,57.5,64853.6,3,13,2
6,1,42,No_shortcuts(k=2),175,2,2000,2000,13,3900,16.347,37.8,44.4,49.1,61173.3,3,13,2
6,1,42,No_shortcuts(k=2),175,2,2000,2000,14,4200,18.041,40.5,49.2,52.1,55430.3,3,13,2
6,1,42,No_shortcuts(k=2),175,2,2000,2000,15,4500,19.92,48.4,58.8,90.1,50200.8,3,13,2
6,1,42,No_shortcuts(k=2),175,2,2000,2000,16,4800,19.606,44.4,56.0,61.9,51004.8,3,13,2
6,1,42,No_shortcuts(k=2),175,2,2000,2000,17,5100,22.085,53.9,66.2,78.7,45280.3,3,13,2
6,1,42,No_shortcuts(k=2),175,2,2000,2000,18,5400,23.157,58.8,70.8,97.3,43182.9,3,13,2
6,1,42,No_shortcuts(k=2),175,2,2000,2000,19,5700,24.38,55.9,75.5,78.2,41016.7,3,13,2
6,1,42,No_shortcuts(k=2),175,2,2000,2000,20,6000,26.245,67.4,83.2,93.1,38102.5,3,13,2
6,1,42,No_shortcuts(k=2),175,2,2000,2000,21,6300,21.393,46.1,76.7,2116.1,46745.0,3,14,2
6,1,42,No_shortcuts(k=2),175,2,2000,2000,22,6600,10.73,20.0,33.5,51.8,93196.7,3,14,2
6,1,42,No_shortcuts(k=2),175,2,2000,2000,23,6900,8.761,16.0,18.6,19.7,114146.6,3,14,2
6,1,42,No_shortcuts(k=2),175,2,2000,2000,24,7200,10.304,18.2,20.6,49.3,97049.7,3,14,2
6,1,42,No_shortcuts(k=2),175,2,2000,2000,25,7500,11.055,18.7,41.1,71.3,90454.1,3,14,2
6,1,42,No_shortcuts(k=2),175,2,2000,2000,26,7800,12.116,20.0,28.0,59.9,82535.5,3,14,2
6,1,42,No_shortcuts(k=2),175,2,2000,2000,27,8100,12.115,21.7,24.9,28.8,82544.6,3,14,2
6,1,42,No_shortcuts(k=2),175,2,2000,2000,28,8400,12.486,22.2,26.6,28.5,80091.8,3,14,2
6,1,42,No_shortcuts(k=2),175,2,2000,2000,29,8700,14.066,23.9,25.8,29.4,71091.7,3,14,2
6,1,42,No_shortcuts(k=2),175,2,2000,2000,30,9000,15.906,29.1,39.8,74.0,62869.4,3,14,2
6,1,42,No_shortcuts(k=2),175,2,2000,2000,31,9300,19.857,29.2,48.1,1207.4,50359.2,3,14,2
6,1,42,No_shortcuts(k=2),175,2,2000,2000,32,9600,16.747,31.3,36.5,61.6,59712.2,3,14,2
6,1,42,No_shortcuts(k=2),175,2,2000,2000,33,9900,18.448,34.9,48.7,64.6,54205.4,3,14,2
6,1,42,No_shortcuts(k=2),175,2,2000,2000,34,10200,18.922,36.0,40.7,44.2,52848.5,3,14,2
6,1,42,No_shortcuts(k=2),175,2,2000,2000,35,10500,19.747,41.2,61.5,77.9,50641.5,3,14,2
6,1,42,No_shortcuts(k=2),175,2,2000,2000,36,10800,21.273,41.6,48.8,58.9,47007.2,3,14,2
6,1,42,No_shortcuts(k=2),175,2,2000,2000,37,11100,21.511,44.4,49.8,50.0,46487.8,3,14,2
6,1,42,No_shortcuts(k=2),175,2,2000,2000,38,11400,24.214,49.9,66.5,91.0,41299.0,3,14,2
6,1,42,No_shortcuts(k=2),175,2,2000,2000,39,11700,26.08,45.9,54.6,1304.1,38344.0,3,14,2
6,1,42,No_shortcuts(k=2),175,2,2000,2000,40,12000,25.532,53.3,77.2,88.5,39166.0,3,14,2
6,1,42,No_shortcuts(k=2),175,2,2000,2000,41,12300,25.252,41.9,55.1,2254.3,39600.8,3,15,2
6,1,42,No_shortcuts(k=2),175,2,2000,2000,42,12600,13.626,25.3,49.4,68.8,73387.3,3,15,2
6,1,42,No_shortcuts(k=2),175,2,2000,2000,43,12900,11.522,20.0,49.2,49.5,86790.5,3,15,2
6,1,42,No_shortcuts(k=2),175,2,2000,2000,44,13200,10.313,18.9,23.0,50.4,96965.0,3,15,2
6,1,42,No_shortcuts(k=2),175,2,2000,2000,45,13500,12.122,21.9,25.2,52.3,82496.9,3,15,2
6,1,42,No_shortcuts(k=2),175,2,2000,2000,46,13800,13.713,25.9,35.7,88.5,72925.3,3,15,2
6,1,42,No_shortcuts(k=2),175,2,2000,2000,47,14100,13.226,26.0,30.5,32.1,75610.6,3,15,2
6,1,42,No_shortcuts(k=2),175,2,2000,2000,48,14400,15.033,28.5,34.3,34.9,66520.3,3,15,2
6,1,42,No_shortcuts(k=2),175,2,2000,2000,49,14700,16.87,32.0,39.9,55.4,59278.0,3,15,2
6,1,42,No_shortcuts(k=2),175,2,2000,2000,50,15000,16.266,32.4,39.0,39.9,61479.2,3,15,2
6,1,42,No_shortcuts(k=2),175,2,2000,2000,51,15300,22.914,36.7,48.3,1270.2,43642.1,3,15,2
6,1,42,No_shortcuts(k=2),175,2,2000,2000,52,15600,18.303,35.6,47.5,56.1,54636.8,3,15,2
6,1,42,No_shortcuts(k=2),175,2,2000,2000,53,15900,14.739,38.5,48.1,52.5,67847.2,3,15,2
6,1,42,No_shortcuts(k=2),175,2,2000,2000,54,16200,16.171,43.3,55.8,103.6,61839.1,3,15,2
6,1,42,No_shortcuts(k=2),175,2,2000,2000,55,16500,17.216,44.0,55.2,60.2,58086.6,3,15,2
6,1,42,No_shortcuts(k=2),175,2,2000,2000,56,16800,18.684,47.1,58.9,63.0,53520.8,3,15,2
6,1,42,No_shortcuts(k=2),175,2,2000,2000,57,17100,19.881,50.0,75.7,96.4,50298.4,3,15,2
6,1,42,No_shortcuts(k=2),175,2,2000,2000,58,17400,19.862,45.7,61.5,67.7,50348.2,3,15,2
6,1,42,No_shortcuts(k=2),175,2,2000,2000,59,17700,22.406,52.8,69.7,89.3,44630.9,3,15,2
6,1,42,No_shortcuts(k=2),175,2,2000,2000,60,18000,22.9,58.4,73.2,77.8,43668.1,3,15,2
6,1,42,No_shortcuts(k=2),175,2,2000,2000,61,18300,27.483,52.2,77.5,2245.1,36386.6,3,16,2
6,1,42,No_shortcuts(k=2),175,2,2000,2000,62,18600,12.308,25.0,32.0,51.6,81250.2,3,16,2
6,1,42,No_shortcuts(k=2),175,2,2000,2000,63,18900,12.374,23.0,47.8,52.6,80816.8,3,16,2
6,1,42,No_shortcuts(k=2),175,2,2000,2000,64,19200,12.806,23.6,32.8,53.7,78088.4,3,16,2
6,1,42,No_shortcuts(k=2),175,2,2000,2000,65,19500,12.741,24.3,49.9,52.2,78486.8,3,16,2
6,1,42,No_shortcuts(k=2),175,2,2000,2000,66,19800,12.378,21.3,47.1,52.6,80790.7,3,16,2
6,1,42,No_shortcuts(k=2),175,2,2000,2000,67,20000,12.387,21.2,23.9,24.7,80733.1,3,16,2
6,1,42,Overcuts(k=20),175,20,2000,2000,1,300,18.55,26.0,43.2,2151.1,53909.3,3,13,2
6,1,42,Overcuts(k=20),175,20,2000,2000,2,600,7.629,20.0,24.8,44.6,131073.0,3,13,2
6,1,42,Overcuts(k=20),175,20,2000,2000,3,900,7.457,17.1,22.3,42.6,134108.2,3,13,2
6,1,42,Overcuts(k=20),175,20,2000,2000,4,1200,9.42,18.3,42.8,53.3,106157.1,3,13,2
6,1,42,Overcuts(k=20),175,20,2000,2000,5,1500,6.651,15.0,19.8,45.2,150353.3,3,13,2
6,1,42,Overcuts(k=20),175,20,2000,2000,6,1800,6.542,14.1,21.4,47.6,152866.3,3,13,2
6,1,42,Overcuts(k=20),175,20,2000,2000,7,2100,8.279,16.9,22.0,45.2,120787.5,3,13,2
6,1,42,Overcuts(k=20),175,20,2000,2000,8,2400,8.859,17.6,20.9,37.0,112883.8,3,13,2
6,1,42,Overcuts(k=20),175,20,2000,2000,9,2700,9.838,20.7,26.3,51.6,101643.2,3,13,2
6,1,42,Overcuts(k=20),175,20,2000,2000,10,3000,12.242,24.5,48.4,76.0,81686.0,3,13,2
6,1,42,Overcuts(k=20),175,20,2000,2000,11,3300,16.554,26.7,36.1,1057.0,60409.6,3,13,2
6,1,42,Overcuts(k=20),175,20,2000,2000,12,3600,14.392,33.0,38.6,43.1,69483.0,3,13,2
6,1,42,Overcuts(k=20),175,20,2000,2000,13,3900,15.724,39.3,45.4,55.4,63595.7,3,13,2
6,1,42,Overcuts(k=20),175,20,2000,2000,14,4200,17.365,41.2,50.1,53.0,57588.2,3,13,2
6,1,42,Overcuts(k=20),175,20,2000,2000,15,4500,18.285,46.2,57.0,61.4,54688.6,3,13,2
6,1,42,Overcuts(k=20),175,20,2000,2000,16,4800,19.662,49.8,62.8,77.7,50860.4,3,13,2
6,1,42,Overcuts(k=20),175,20,2000,2000,17,5100,21.291,54.1,67.3,68.5,46968.2,3,13,2
6,1,42,Overcuts(k=20),175,20,2000,2000,18,5400,22.079,60.8,71.9,152.6,45291.2,3,13,2
6,1,42,Overcuts(k=20),175,20,2000,2000,19,5700,23.489,59.1,76.2,85.3,42573.1,3,13,2
6,1,42,Overcuts(k=20),175,20,2000,2000,20,6000,25.492,66.8,85.4,121.6,39228.5,3,13,2
6,1,42,Overcuts(k=20),175,20,2000,2000,21,6300,20.55,42.7,77.4,2552.5,48662.6,3,14,2
6,1,42,Overcuts(k=20),175,20,2000,2000,22,6600,7.626,17.5,22.3,25.0,131130.4,3,14,2
6,1,42,Overcuts(k=20),175,20,2000,2000,23,6900,6.407,12.9,16.3,17.9,156071.2,3,14,2
6,1,42,Overcuts(k=20),175,20,2000,2000,24,7200,8.462,16.6,30.6,47.5,118180.0,3,14,2
6,1,42,Overcuts(k=20),175,20,2000,2000,25,7500,8.31,13.9,25.3,79.6,120337.0,3,14,2
6,1,42,Overcuts(k=20),175,20,2000,2000,26,7800,9.023,15.6,19.2,24.9,110823.8,3,14,2
6,1,42,Overcuts(k=20),175,20,2000,2000,27,8100,9.218,17.6,19.7,19.8,108483.4,3,14,2
6,1,42,Overcuts(k=20),175,20,2000,2000,28,8400,10.317,21.1,23.5,25.2,96927.4,3,14,2
6,1,42,Overcuts(k=20),175,20,2000,2000,29,8700,11.586,23.7,31.3,41.1,86311.1,3,14,2
6,1,42,Overcuts(k=20),175,20,2000,2000,30,9000,12.256,25.0,30.7,58.6,81594.9,3,14,2
6,1,42,Overcuts(k=20),175,20,2000,2000,31,9300,16.491,27.6,46.9,1136.3,60637.9,3,14,2
6,1,42,Overcuts(k=20),175,20,2000,2000,32,9600,13.227,27.9,36.4,63.5,75601.0,3,14,2
6,1,42,Overcuts(k=20),175,20,2000,2000,33,9900,14.637,31.8,39.1,50.3,68318.5,3,14,2
6,1,42,Overcuts(k=20),175,20,2000,2000,34,10200,15.016,34.3,41.7,50.2,66594.2,3,14,2
6,1,42,Overcuts(k=20),175,20,2000,2000,35,10500,14.454,34.2,45.2,50.9,69185.0,3,14,2
6,1,42,Overcuts(k=20),175,20,2000,2000,36,10800,17.068,39.9,48.9,73.2,58590.3,3,14,2
6,1,42,Overcuts(k=20),175,20,2000,2000,37,11100,16.995,42.6,50.6,51.3,58840.8,3,14,2
6,1,42,Overcuts(k=20),175,20,2000,2000,38,11400,18.982,47.4,55.5,56.2,52681.5,3,14,2
6,1,42,Overcuts(k=20),175,20,2000,2000,39,11700,18.351,44.5,60.0,68.3,54492.0,3,14,2
6,1,42,Overcuts(k=20),175,20,2000,2000,40,12000,18.0,41.9,59.6,63.3,55555.6,3,14,2
6,1,42,Overcuts(k=20),175,20,2000,2000,41,12300,27.464,48.2,77.5,2872.1,36411.7,3,15,2
6,1,42,Overcuts(k=20),175,20,2000,2000,42,12600,14.979,36.7,78.1,79.4,66758.6,3,15,2
6,1,42,Overcuts(k=20),175,20,2000,2000,43,12900,14.8,34.1,86.9,97.1,67566.0,3,15,2
6,1,42,Overcuts(k=20),175,20,2000,2000,44,13200,11.23,27.7,48.8,91.7,89047.2,3,15,2
6,1,42,Overcuts(k=20),175,20,2000,2000,45,13500,11.952,27.5,45.9,71.9,83670.3,3,15,2
6,1,42,Overcuts(k=20),175,20,2000,2000,46,13800,9.869,18.6,26.2,96.7,101324.0,3,15,2
6,1,42,Overcuts(k=20),175,20,2000,2000,47,14100,9.566,18.5,23.3,28.0,104540.6,3,15,2
6,1,42,Overcuts(k=20),175,20,2000,2000,48,14400,11.43,22.5,32.1,46.1,87489.1,3,15,2
6,1,42,Overcuts(k=20),175,20,2000,2000,49,14700,11.81,23.1,30.2,31.3,84671.6,3,15,2
6,1,42,Overcuts(k=20),175,20,2000,2000,50,15000,11.842,23.9,30.4,31.6,84445.2,3,15,2
6,1,42,Overcuts(k=20),175,20,2000,2000,51,15300,18.906,28.4,35.9,1622.6,52894.2,3,15,2
6,1,42,Overcuts(k=20),175,20,2000,2000,52,15600,14.977,31.8,39.0,160.2,66770.5,3,15,2
6,1,42,Overcuts(k=20),175,20,2000,2000,53,15900,9.979,29.0,38.2,42.3,100210.4,3,15,2
6,1,42,Overcuts(k=20),175,20,2000,2000,54,16200,11.067,34.4,43.9,45.8,90361.4,3,15,2
6,1,42,Overcuts(k=20),175,20,2000,2000,55,16500,12.269,33.7,44.8,50.1,81504.0,3,15,2
6,1,42,Overcuts(k=20),175,20,2000,2000,56,16800,13.884,36.8,58.1,93.5,72027.1,3,15,2
6,1,42,Overcuts(k=20),175,20,2000,2000,57,17100,14.087,37.2,51.1,67.1,70989.1,3,15,2
6,1,42,Overcuts(k=20),175,20,2000,2000,58,17400,14.091,31.1,56.6,57.4,70967.3,3,15,2
6,1,42,Overcuts(k=20),175,20,2000,2000,59,17700,16.906,41.7,57.1,65.8,59150.6,3,15,2
6,1,42,Overcuts(k=20),175,20,2000,2000,60,18000,17.21,46.1,61.8,67.2,58106.9,3,15,2
6,1,42,Overcuts(k=20),175,20,2000,2000,61,18300,26.248,40.3,75.6,3044.6,38097.7,3,16,2
6,1,42,Overcuts(k=20),175,20,2000,2000,62,18600,10.353,26.1,35.1,50.8,96593.5,3,16,2
6,1,42,Overcuts(k=20),175,20,2000,2000,63,18900,9.945,21.6,47.5,54.3,100556.4,3,16,2
6,1,42,Overcuts(k=20),175,20,2000,2000,64,19200,10.985,23.9,27.5,51.9,91030.5,3,16,2
6,1,42,Overcuts(k=20),175,20,2000,2000,65,19500,10.052,22.4,26.2,49.8,99479.4,3,16,2
6,1,42,Overcuts(k=20),175,20,2000,2000,66,19800,11.356,23.7,54.3,60.1,88059.2,3,16,2
6,1,42,Overcuts(k=20),175,20,2000,2000,67,20000,10.566,20.3,23.3,25.9,94643.1,3,16,2
6,1,42,High_sub=40k,175,6,40000,2000,1,300,274.06,584.3,2120.1,2691.7,3648.8,1,0,0
6,1,42,High_sub=40k,175,6,40000,2000,2,600,255.269,566.6,1932.8,2062.9,3917.4,1,0,0
6,1,42,High_sub=40k,175,6,40000,2000,3,900,278.043,636.7,2049.9,2098.9,3596.6,1,0,0
6,1,42,High_sub=40k,175,6,40000,2000,4,1200,296.857,623.7,2114.0,2190.2,3368.6,1,0,0
6,1,42,High_sub=40k,175,6,40000,2000,5,1500,298.134,1766.8,2129.6,2379.9,3354.2,1,0,0
6,1,42,High_sub=40k,175,6,40000,2000,6,1800,248.407,532.2,1957.3,2206.5,4025.7,1,0,0
6,1,42,High_sub=40k,175,6,40000,2000,7,2100,290.364,649.7,2103.4,2142.6,3444.0,1,0,0
6,1,42,High_sub=40k,175,6,40000,2000,8,2400,241.169,572.3,1776.8,2065.6,4146.5,1,0,0
6,1,42,High_sub=40k,175,6,40000,2000,9,2700,263.255,607.8,1956.7,2135.0,3798.6,1,0,0
6,1,42,High_sub=40k,175,6,40000,2000,10,3000,276.53,630.4,1993.8,2032.5,3616.2,1,0,0
6,1,42,High_sub=40k,175,6,40000,2000,11,3300,280.022,645.5,1950.2,2102.7,3571.2,1,0,0
6,1,42,High_sub=40k,175,6,40000,2000,12,3600,287.808,609.6,2020.5,2350.0,3474.5,1,0,0
6,1,42,High_sub=40k,175,6,40000,2000,13,3900,291.822,652.8,2220.5,2301.6,3426.7,1,0,0
6,1,42,High_sub=40k,175,6,40000,2000,14,4200,288.26,676.4,1959.3,2269.2,3469.1,1,0,0
6,1,42,High_sub=40k,175,6,40000,2000,15,4500,252.647,578.5,2002.0,2289.3,3958.1,1,0,0
6,1,42,High_sub=40k,175,6,40000,2000,16,4800,271.632,610.0,2145.3,2250.6,3681.5,1,0,0
6,1,42,High_sub=40k,175,6,40000,2000,17,5100,266.319,568.0,2040.1,2054.5,3754.9,1,0,0
6,1,42,High_sub=40k,175,6,40000,2000,18,5400,277.762,621.4,2046.7,2440.0,3600.2,1,0,0
6,1,42,High_sub=40k,175,6,40000,2000,19,5700,277.609,617.4,2361.8,2467.9,3602.2,1,0,0
6,1,42,High_sub=40k,175,6,40000,2000,20,6000,301.203,726.9,2072.7,2269.2,3320.0,1,0,0
6,1,42,High_sub=40k,175,6,40000,2000,21,6300,266.3,597.9,2134.1,2549.4,3755.2,1,0,0
6,1,42,High_sub=40k,175,6,40000,2000,22,6600,294.862,640.5,2199.7,2274.4,3391.4,1,0,0
6,1,42,High_sub=40k,175,6,40000,2000,23,6900,311.126,876.7,2270.2,4112.6,3214.1,1,0,0
6,1,42,High_sub=40k,175,6,40000,2000,24,7200,294.072,665.5,2189.1,2353.3,3400.5,1,0,0
6,1,42,High_sub=40k,175,6,40000,2000,25,7500,295.402,644.6,2146.4,2388.7,3385.2,1,0,0
6,1,42,High_sub=40k,175,6,40000,2000,26,7800,322.492,712.8,2129.0,2278.6,3100.8,1,0,0
6,1,42,High_sub=40k,175,6,40000,2000,27,8100,289.721,622.8,2195.0,2289.8,3451.6,1,0,0
6,1,42,High_sub=40k,175,6,40000,2000,28,8400,248.175,584.9,2046.9,2221.4,4029.4,1,0,0
6,1,42,High_sub=40k,175,6,40000,2000,29,8700,304.144,665.6,2004.6,2367.6,3287.9,1,0,0
6,1,42,High_sub=40k,175,6,40000,2000,30,9000,295.162,630.1,2118.7,2310.7,3388.0,1,0,0
6,1,42,High_sub=40k,175,6,40000,2000,31,9300,285.096,617.5,2139.3,2377.2,3507.6,1,0,0
6,1,42,High_sub=40k,175,6,40000,2000,32,9600,311.839,666.2,2353.6,2501.0,3206.8,1,0,0
6,1,42,High_sub=40k,175,6,40000,2000,33,9900,313.023,664.7,2077.2,2334.6,3194.7,1,0,0
6,1,42,High_sub=40k,175,6,40000,2000,34,10200,283.103,636.1,2211.2,2273.6,3532.3,1,0,0
6,1,42,High_sub=40k,175,6,40000,2000,35,10500,303.756,656.6,2234.0,2726.6,3292.1,1,0,0
6,1,42,High_sub=40k,175,6,40000,2000,36,10800,295.081,675.4,2047.4,2405.1,3388.9,1,0,0
6,1,42,High_sub=40k,175,6,40000,2000,37,11100,338.538,745.8,2220.2,2543.1,2953.9,1,0,0
6,1,42,High_sub=40k,175,6,40000,2000,38,11400,351.582,1856.4,2066.5,2471.7,2844.3,1,0,0
6,1,42,High_sub=40k,175,6,40000,2000,39,11700,285.182,625.6,1963.9,2150.1,3506.5,1,0,0
6,1,42,High_sub=40k,175,6,40000,2000,40,12000,370.537,1884.3,2298.4,2461.0,2698.8,1,0,0
6,1,42,High_sub=40k,175,6,40000,2000,41,12300,304.192,628.9,2296.7,2926.0,3287.4,1,0,0
6,1,42,High_sub=40k,175,6,40000,2000,42,12600,289.373,700.4,2141.3,2698.0,3455.7,1,0,0
6,1,42,High_sub=40k,175,6,40000,2000,43,12900,296.733,695.5,2239.6,2370.6,3370.0,1,0,0
6,1,42,High_sub=40k,175,6,40000,2000,44,13200,272.794,620.4,2193.4,2409.2,3665.8,1,0,0
6,1,42,High_sub=40k,175,6,40000,2000,45,13500,291.412,666.7,2241.1,2580.4,3431.6,1,0,0
6,1,42,High_sub=40k,175,6,40000,2000,46,13800,288.33,630.7,2161.3,2183.6,3468.3,1,0,0
6,1,42,High_sub=40k,175,6,40000,2000,47,14100,311.239,832.8,2173.2,2597.5,3213.0,1,0,0
6,1,42,High_sub=40k,175,6,40000,2000,48,14400,323.526,760.1,2138.6,2281.6,3090.9,1,0,0
6,1,42,High_sub=40k,175,6,40000,2000,49,14700,362.09,1962.3,2183.9,2232.3,2761.7,1,0,0
6,1,42,High_sub=40k,175,6,40000,2000,50,15000,308.046,663.1,2197.3,2643.8,3246.3,1,0,0
6,1,42,High_sub=40k,175,6,40000,2000,51,15300,310.868,626.6,2224.1,2559.9,3216.8,1,0,0
6,1,42,High_sub=40k,175,6,40000,2000,52,15600,321.595,1911.8,2372.9,2493.9,3109.5,1,0,0
6,1,42,High_sub=40k,175,6,40000,2000,53,15900,325.899,718.0,2363.1,3139.0,3068.4,1,0,0
6,1,42,High_sub=40k,175,6,40000,2000,54,16200,349.208,1846.7,2243.0,2646.9,2863.6,1,0,0
6,1,42,High_sub=40k,175,6,40000,2000,55,16500,340.963,1962.8,2245.2,2396.9,2932.9,1,0,0
6,1,42,High_sub=40k,175,6,40000,2000,56,16800,328.369,710.9,2312.5,2531.2,3045.4,1,0,0
6,1,42,High_sub=40k,175,6,40000,2000,57,17100,304.876,688.8,2327.1,2540.3,3280.0,1,0,0
6,1,42,High_sub=40k,175,6,40000,2000,58,17400,350.997,924.6,2333.3,2640.5,2849.0,1,0,0
6,1,42,High_sub=40k,175,6,40000,2000,59,17700,328.529,715.0,2271.1,2463.7,3043.9,1,0,0
6,1,42,High_sub=40k,175,6,40000,2000,60,18000,306.65,699.1,2406.8,2509.3,3261.1,1,0,0
6,1,42,High_sub=40k,175,6,40000,2000,61,18300,330.265,751.8,2372.7,2816.5,3027.9,1,0,0
6,1,42,High_sub=40k,175,6,40000,2000,62,18600,333.168,723.1,2294.6,2560.7,3001.5,1,0,0
6,1,42,High_sub=40k,175,6,40000,2000,63,18900,308.748,738.9,2358.7,2422.6,3238.9,1,0,0
6,1,42,High_sub=40k,175,6,40000,2000,64,19200,330.997,767.4,2264.4,2502.1,3021.2,1,0,0
6,1,42,High_sub=40k,175,6,40000,2000,65,19500,345.052,1974.9,2399.4,2590.5,2898.1,1,0,0
6,1,42,High_sub=40k,175,6,40000,2000,66,19800,323.821,778.1,2225.7,2788.7,3088.1,1,0,0
6,1,42,High_sub=40k,175,6,40000,2000,67,20000,304.35,739.2,2302.7,2376.4,3285.7,1,0,0
6,1,42,Low_sub=200,175,6,200,2000,1,300,23.375,39.1,50.1,2713.8,42780.1,0,147,3
6,1,42,Low_sub=200,175,6,200,2000,2,600,13.604,30.7,38.1,52.2,73506.0,0,147,3
6,1,42,Low_sub=200,175,6,200,2000,3,900,21.744,28.7,50.3,2669.5,45989.7,0,148,3
6,1,42,Low_sub=200,175,6,200,2000,4,1200,11.053,28.7,37.2,51.3,90475.9,0,148,3
6,1,42,Low_sub=200,175,6,200,2000,5,1500,22.046,32.8,51.1,2608.1,45359.7,0,149,3
6,1,42,Low_sub=200,175,6,200,2000,6,1800,13.669,27.7,51.2,55.4,73158.2,0,149,3
6,1,42,Low_sub=200,175,6,200,2000,7,2100,22.06,30.8,52.7,2564.2,45330.9,0,150,3
6,1,42,Low_sub=200,175,6,200,2000,8,2400,13.363,28.5,34.9,35.7,74831.6,0,150,3
6,1,42,Low_sub=200,175,6,200,2000,9,2700,24.002,31.3,52.7,2816.0,41662.6,0,151,3
6,1,42,Low_sub=200,175,6,200,2000,10,3000,13.95,30.7,39.0,51.5,71684.6,0,151,3
6,1,42,Low_sub=200,175,6,200,2000,11,3300,24.25,36.9,48.7,2509.4,41237.1,0,152,3
6,1,42,Low_sub=200,175,6,200,2000,12,3600,15.262,36.3,44.7,114.9,65522.2,0,152,3
6,1,42,Low_sub=200,175,6,200,2000,13,3900,23.405,32.1,41.5,2607.8,42726.5,0,153,3
6,1,42,Low_sub=200,175,6,200,2000,14,4200,15.413,36.2,44.5,52.5,64881.7,0,153,3
6,1,42,Low_sub=200,175,6,200,2000,15,4500,23.159,32.5,44.6,2600.1,43179.8,0,154,3
6,1,42,Low_sub=200,175,6,200,2000,16,4800,16.511,36.2,66.2,101.4,60564.5,0,154,3
6,1,42,Low_sub=200,175,6,200,2000,17,5100,23.532,35.9,49.0,2765.8,42495.3,0,155,3
6,1,42,Low_sub=200,175,6,200,2000,18,5400,15.953,32.8,39.4,43.5,62682.8,0,155,3
6,1,42,Low_sub=200,175,6,200,2000,19,5700,25.542,40.6,54.8,2640.4,39151.7,0,156,3
6,1,42,Low_sub=200,175,6,200,2000,20,6000,15.634,36.3,52.6,54.1,63963.2,0,156,3
6,1,42,Low_sub=200,175,6,200,2000,21,6300,24.25,32.9,45.3,2752.1,41237.7,0,157,3
6,1,42,Low_sub=200,175,6,200,2000,22,6600,15.355,36.5,45.6,47.5,65124.0,0,157,3
6,1,42,Low_sub=200,175,6,200,2000,23,6900,22.557,51.3,93.3,2490.6,44331.5,0,158,3
6,1,42,Low_sub=200,175,6,200,2000,24,7200,15.435,35.0,42.0,60.2,64789.2,0,158,3
6,1,42,Low_sub=200,175,6,200,2000,25,7500,23.265,41.0,55.2,2413.1,42983.0,0,159,3
6,1,42,Low_sub=200,175,6,200,2000,26,7800,13.68,36.4,60.5,81.9,73097.6,0,159,3
6,1,42,Low_sub=200,175,6,200,2000,27,8100,22.957,37.9,55.9,2468.4,43560.3,0,160,3
6,1,42,Low_sub=200,175,6,200,2000,28,8400,15.836,35.1,52.1,59.9,63145.9,0,160,3
6,1,42,Low_sub=200,175,6,200,2000,29,8700,24.703,36.4,70.7,2612.5,40481.5,0,161,3
6,1,42,Low_sub=200,175,6,200,2000,30,9000,15.043,33.6,53.0,56.1,66477.6,0,161,3
6,1,42,Low_sub=200,175,6,200,2000,31,9300,24.225,36.1,58.3,2556.8,41280.2,0,162,3
6,1,42,Low_sub=200,175,6,200,2000,32,9600,13.884,29.7,40.2,51.9,72025.4,0,162,3
6,1,42,Low_sub=200,175,6,200,2000,33,9900,23.991,33.1,55.3,2570.2,41682.9,0,163,3
6,1,42,Low_sub=200,175,6,200,2000,34,10200,14.09,43.3,55.2,99.2,70974.0,0,163,3
6,1,42,Low_sub=200,175,6,200,2000,35,10500,21.609,44.3,56.0,2660.5,46277.0,0,164,3
6,1,42,Low_sub=200,175,6,200,2000,36,10800,15.164,33.9,54.7,60.2,65944.2,0,164,3
6,1,42,Low_sub=200,175,6,200,2000,37,11100,24.711,41.7,57.6,2730.8,40467.8,0,165,3
6,1,42,Low_sub=200,175,6,200,2000,38,11400,15.599,36.5,54.1,57.4,64106.7,0,165,3
6,1,42,Low_sub=200,175,6,200,2000,39,11700,24.538,33.5,41.1,2758.1,40753.7,0,166,3
6,1,42,Low_sub=200,175,6,200,2000,40,12000,15.61,36.2,55.3,93.2,64061.5,0,166,3
6,1,42,Low_sub=200,175,6,200,2000,41,12300,19.95,31.7,54.4,2666.4,50125.3,0,167,3
6,1,42,Low_sub=200,175,6,200,2000,42,12600,7.568,13.4,55.6,57.3,132129.5,0,167,3
6,1,42,Low_sub=200,175,6,200,2000,43,12900,23.408,51.7,57.7,2620.5,42719.8,0,168,3
6,1,42,Low_sub=200,175,6,200,2000,44,13200,15.356,33.2,42.1,63.8,65119.7,0,168,3
6,1,42,Low_sub=200,175,6,200,2000,45,13500,25.016,35.1,71.9,2754.0,39974.4,0,169,3
6,1,42,Low_sub=200,175,6,200,2000,46,13800,15.225,34.6,38.0,39.9,65682.9,0,169,3
6,1,42,Low_sub=200,175,6,200,2000,47,14100,33.871,55.3,71.9,3039.9,29523.5,0,170,3
6,1,42,Low_sub=200,175,6,200,2000,48,14400,24.485,62.8,78.9,84.4,40841.3,0,170,3
6,1,42,Low_sub=200,175,6,200,2000,49,14700,26.058,39.8,68.2,3130.5,38376.4,0,171,3
6,1,42,Low_sub=200,175,6,200,2000,50,15000,12.481,36.0,43.4,46.0,80123.9,0,171,3
6,1,42,Low_sub=200,175,6,200,2000,51,15300,31.108,48.7,58.6,4403.2,32146.4,0,172,3
6,1,42,Low_sub=200,175,6,200,2000,52,15600,16.677,36.9,56.5,64.0,59961.6,0,172,3
6,1,42,Low_sub=200,175,6,200,2000,53,15900,25.722,51.2,61.0,2982.0,38876.7,0,173,3
6,1,42,Low_sub=200,175,6,200,2000,54,16200,16.553,38.5,47.0,59.6,60410.8,0,173,3
6,1,42,Low_sub=200,175,6,200,2000,55,16500,20.264,44.3,64.8,2893.1,49348.6,0,174,3
6,1,42,Low_sub=200,175,6,200,2000,56,16800,8.682,49.3,57.7,62.6,115185.2,0,174,3
6,1,42,Low_sub=200,175,6,200,2000,57,17100,23.649,47.6,59.9,3089.1,42285.1,0,175,3
6,1,42,Low_sub=200,175,6,200,2000,58,17400,15.618,33.1,43.7,59.0,64027.3,0,175,3
6,1,42,Low_sub=200,175,6,200,2000,59,17700,27.907,41.0,54.3,3299.6,35832.9,0,176,3
6,1,42,Low_sub=200,175,6,200,2000,60,18000,15.403,35.3,45.2,48.1,64921.0,0,176,3
6,1,42,Low_sub=200,175,6,200,2000,61,18300,28.055,40.4,101.2,3216.6,35644.3,0,177,3
6,1,42,Low_sub=200,175,6,200,2000,62,18600,16.523,37.4,44.0,51.6,60522.9,0,177,3
6,1,42,Low_sub=200,175,6,200,2000,63,18900,27.202,34.5,45.2,3257.8,36762.0,0,178,3
6,1,42,Low_sub=200,175,6,200,2000,64,19200,16.874,38.3,49.2,63.6,59263.9,0,178,3
6,1,42,Low_sub=200,175,6,200,2000,65,19500,21.643,37.6,76.9,3154.6,46203.6,0,179,3
6,1,42,Low_sub=200,175,6,200,2000,66,19800,11.488,46.2,60.3,62.6,87049.9,0,179,3
6,1,42,Low_sub=200,175,6,200,2000,67,20000,12.347,49.4,64.3,100.4,80991.3,0,179,3
6,1,42,High_local=50k,175,6,2000,50000,1,300,17.932,26.6,46.1,1935.5,55765.2,0,13,2
6,1,42,High_local=50k,175,6,2000,50000,2,600,7.53,19.2,24.7,55.9,132796.3,0,13,2
6,1,42,High_local=50k,175,6,2000,50000,3,900,7.568,16.1,43.1,73.2,132141.1,0,13,2
6,1,42,High_local=50k,175,6,2000,50000,4,1200,8.657,15.7,41.6,46.0,115517.9,0,13,2
6,1,42,High_local=50k,175,6,2000,50000,5,1500,6.465,14.8,19.8,45.1,154687.0,0,13,2
6,1,42,High_local=50k,175,6,2000,50000,6,1800,6.423,14.1,20.9,48.1,155682.4,0,13,2
6,1,42,High_local=50k,175,6,2000,50000,7,2100,8.015,15.9,20.7,45.8,124766.1,0,13,2
6,1,42,High_local=50k,175,6,2000,50000,8,2400,8.585,16.6,19.9,22.9,116477.7,0,13,2
6,1,42,High_local=50k,175,6,2000,50000,9,2700,10.094,21.6,28.0,73.8,99068.8,0,13,2
6,1,42,High_local=50k,175,6,2000,50000,10,3000,11.514,23.9,41.7,68.8,86848.3,0,13,2
6,1,42,High_local=50k,175,6,2000,50000,11,3300,12.791,25.7,33.7,45.1,78180.0,0,13,2
6,1,42,High_local=50k,175,6,2000,50000,12,3600,14.29,32.1,37.9,43.5,69980.6,0,13,2
6,1,42,High_local=50k,175,6,2000,50000,13,3900,15.674,37.9,45.1,64.4,63799.9,0,13,2
6,1,42,High_local=50k,175,6,2000,50000,14,4200,17.268,40.9,48.8,49.6,57911.7,0,13,2
6,1,42,High_local=50k,175,6,2000,50000,15,4500,18.304,46.9,55.5,57.4,54631.9,0,13,2
6,1,42,High_local=50k,175,6,2000,50000,16,4800,19.402,45.4,62.2,78.9,51540.2,0,13,2
6,1,42,High_local=50k,175,6,2000,50000,17,5100,21.201,52.8,65.9,68.2,47166.8,0,13,2
6,1,42,High_local=50k,175,6,2000,50000,18,5400,22.119,61.0,77.4,93.7,45209.3,0,13,2
6,1,42,High_local=50k,175,6,2000,50000,19,5700,23.307,56.1,75.6,78.5,42905.6,0,13,2
6,1,42,High_local=50k,175,6,2000,50000,20,6000,25.764,68.5,86.1,150.9,38813.3,0,13,2
6,1,42,High_local=50k,175,6,2000,50000,21,6300,19.929,42.4,79.8,2288.3,50178.1,0,14,2
6,1,42,High_local=50k,175,6,2000,50000,22,6600,7.822,17.1,21.2,24.4,127839.1,0,14,2
6,1,42,High_local=50k,175,6,2000,50000,23,6900,6.625,12.8,15.6,17.8,150951.0,0,14,2
6,1,42,High_local=50k,175,6,2000,50000,24,7200,8.958,19.0,45.7,51.4,111627.9,0,14,2
6,1,42,High_local=50k,175,6,2000,50000,25,7500,8.591,14.6,25.1,78.9,116405.4,0,14,2
6,1,42,High_local=50k,175,6,2000,50000,26,7800,9.273,16.1,18.4,24.3,107843.8,0,14,2
6,1,42,High_local=50k,175,6,2000,50000,27,8100,9.569,18.1,20.4,21.2,104507.8,0,14,2
6,1,42,High_local=50k,175,6,2000,50000,28,8400,10.632,20.4,23.6,24.4,94052.7,0,14,2
6,1,42,High_local=50k,175,6,2000,50000,29,8700,12.499,24.7,29.3,51.4,80006.4,0,14,2
6,1,42,High_local=50k,175,6,2000,50000,30,9000,12.786,25.5,30.1,60.0,78212.6,0,14,2
6,1,42,High_local=50k,175,6,2000,50000,31,9300,13.208,26.8,33.9,48.5,75709.8,0,14,2
6,1,42,High_local=50k,175,6,2000,50000,32,9600,14.783,32.3,49.4,61.2,67645.3,0,14,2
6,1,42,High_local=50k,175,6,2000,50000,33,9900,14.881,32.5,34.9,36.9,67198.3,0,14,2
6,1,42,High_local=50k,175,6,2000,50000,34,10200,15.695,35.5,40.9,44.5,63715.9,0,14,2
6,1,42,High_local=50k,175,6,2000,50000,35,10500,15.824,37.7,53.7,62.9,63195.1,0,14,2
6,1,42,High_local=50k,175,6,2000,50000,36,10800,17.26,39.9,45.8,50.5,57937.4,0,14,2
6,1,42,High_local=50k,175,6,2000,50000,37,11100,17.794,42.2,50.1,56.4,56198.7,0,14,2
6,1,42,High_local=50k,175,6,2000,50000,38,11400,20.245,46.1,55.5,104.4,49395.7,0,14,2
6,1,42,High_local=50k,175,6,2000,50000,39,11700,18.479,43.2,53.5,60.0,54116.5,0,14,2
6,1,42,High_local=50k,175,6,2000,50000,40,12000,18.98,42.5,58.6,62.1,52686.1,0,14,2
6,1,42,High_local=50k,175,6,2000,50000,41,12300,22.782,39.4,57.3,2365.5,43894.3,0,15,2
6,1,42,High_local=50k,175,6,2000,50000,42,12600,10.057,22.1,46.1,47.8,99433.2,0,15,2
6,1,42,High_local=50k,175,6,2000,50000,43,12900,8.908,17.8,48.3,53.1,112258.6,0,15,2
6,1,42,High_local=50k,175,6,2000,50000,44,13200,7.64,15.3,20.4,50.8,130890.0,0,15,2
6,1,42,High_local=50k,175,6,2000,50000,45,13500,9.816,20.8,31.9,52.9,101878.0,0,15,2
6,1,42,High_local=50k,175,6,2000,50000,46,13800,10.378,20.6,23.9,64.7,96357.7,0,15,2
6,1,42,High_local=50k,175,6,2000,50000,47,14100,10.284,21.5,26.4,27.6,97238.4,0,15,2
6,1,42,High_local=50k,175,6,2000,50000,48,14400,11.666,23.7,29.6,34.6,85719.2,0,15,2
6,1,42,High_local=50k,175,6,2000,50000,49,14700,13.392,28.7,35.0,44.6,74669.6,0,15,2
6,1,42,High_local=50k,175,6,2000,50000,50,15000,12.729,26.5,34.0,34.9,78562.8,0,15,2
6,1,42,High_local=50k,175,6,2000,50000,51,15300,14.439,30.8,37.7,39.7,69255.3,0,15,2
6,1,42,High_local=50k,175,6,2000,50000,52,15600,14.971,31.3,45.9,56.8,66795.8,0,15,2
6,1,42,High_local=50k,175,6,2000,50000,53,15900,11.359,33.6,43.2,46.7,88033.3,0,15,2
6,1,42,High_local=50k,175,6,2000,50000,54,16200,12.37,38.0,48.4,55.6,80842.9,0,15,2
6,1,42,High_local=50k,175,6,2000,50000,55,16500,13.536,38.9,49.1,50.8,73878.9,0,15,2
6,1,42,High_local=50k,175,6,2000,50000,56,16800,15.025,40.5,52.6,63.7,66554.3,0,15,2
6,1,42,High_local=50k,175,6,2000,50000,57,17100,15.352,41.8,55.6,77.8,65139.5,0,15,2
6,1,42,High_local=50k,175,6,2000,50000,58,17400,15.558,35.0,55.5,61.0,64275.6,0,15,2
6,1,42,High_local=50k,175,6,2000,50000,59,17700,17.773,46.2,61.7,63.2,56265.1,0,15,2
6,1,42,High_local=50k,175,6,2000,50000,60,18000,18.639,51.8,66.2,70.5,53650.9,0,15,2
6,1,42,High_local=50k,175,6,2000,50000,61,18300,24.12,41.4,70.5,2435.3,41459.4,0,16,2
6,1,42,High_local=50k,175,6,2000,50000,62,18600,14.82,34.5,96.1,313.6,67477.9,0,16,2
6,1,42,High_local=50k,175,6,2000,50000,63,18900,10.221,21.1,47.1,56.4,97834.6,0,16,2
6,1,42,High_local=50k,175,6,2000,50000,64,19200,10.967,23.5,26.3,52.5,91185.4,0,16,2
6,1,42,High_local=50k,175,6,2000,50000,65,19500,10.206,22.0,27.0,50.3,97978.4,0,16,2
6,1,42,High_local=50k,175,6,2000,50000,66,19800,12.076,24.1,54.8,86.0,82808.9,0,16,2
6,1,42,High_local=50k,175,6,2000,50000,67,20000,10.59,19.9,22.3,24.5,94428.7,0,16,2
6,1,42,Low_local=50,175,6,2000,50,1,300,23.563,29.9,1005.2,1523.9,42438.8,46,13,2
6,1,42,Low_local=50,175,6,2000,50,2,600,16.827,22.8,96.3,1024.6,59427.1,46,13,2
6,1,42,Low_local=50,175,6,2000,50,3,900,12.896,15.4,43.9,985.5,77545.4,46,13,2
6,1,42,Low_local=50,175,6,2000,50,4,1200,13.294,11.4,45.0,993.2,75223.8,46,13,2
6,1,42,Low_local=50,175,6,2000,50,5,1500,11.049,12.5,16.9,1022.2,90508.7,46,13,2
6,1,42,Low_local=50,175,6,2000,50,6,1800,18.528,16.4,996.4,1020.4,53972.4,46,13,2
6,1,42,Low_local=50,175,6,2000,50,7,2100,16.679,19.4,53.4,1017.1,59955.6,46,13,2
6,1,42,Low_local=50,175,6,2000,50,8,2400,18.349,27.4,53.3,1027.0,54499.9,46,13,2
6,1,42,Low_local=50,175,6,2000,50,9,2700,18.956,25.4,45.5,1150.9,52753.7,46,13,2
6,1,42,Low_local=50,175,6,2000,50,10,3000,24.262,33.4,1042.5,1066.2,41216.7,46,13,2
6,1,42,Low_local=50,175,6,2000,50,11,3300,21.29,37.7,45.5,1035.6,46969.7,46,13,2
6,1,42,Low_local=50,175,6,2000,50,12,3600,20.042,46.2,62.4,1045.4,49894.4,46,13,2
6,1,42,Low_local=50,175,6,2000,50,13,3900,27.58,47.7,1047.9,1063.6,36257.7,46,13,2
6,1,42,Low_local=50,175,6,2000,50,14,4200,25.738,53.7,87.9,1068.4,38853.1,46,13,2
6,1,42,Low_local=50,175,6,2000,50,15,4500,26.798,57.3,65.6,1074.7,37316.7,46,13,2
6,1,42,Low_local=50,175,6,2000,50,16,4800,29.339,64.0,81.9,1088.4,34084.3,46,13,2
6,1,42,Low_local=50,175,6,2000,50,17,5100,30.723,67.9,79.9,1096.7,32548.9,46,13,2
6,1,42,Low_local=50,175,6,2000,50,18,5400,31.174,72.6,97.8,1120.5,32078.4,46,13,2
6,1,42,Low_local=50,175,6,2000,50,19,5700,31.383,78.4,117.2,1087.5,31864.7,46,13,2
6,1,42,Low_local=50,175,6,2000,50,20,6000,40.731,115.1,142.9,154.7,24551.5,46,13,2
6,1,42,Low_local=50,175,6,2000,50,21,6300,30.294,46.5,1086.0,2304.5,33010.2,46,14,2
6,1,42,Low_local=50,175,6,2000,50,22,6600,17.825,24.0,33.4,1078.2,56099.9,46,14,2
6,1,42,Low_local=50,175,6,2000,50,23,6900,15.479,21.2,34.5,1211.3,64603.7,46,14,2
6,1,42,Low_local=50,175,6,2000,50,24,7200,15.77,21.3,46.8,1067.4,63411.5,46,14,2
6,1,42,Low_local=50,175,6,2000,50,25,7500,15.651,19.3,45.3,1063.8,63893.7,46,14,2
6,1,42,Low_local=50,175,6,2000,50,26,7800,10.665,17.5,27.8,1139.6,93767.6,46,14,2
6,1,42,Low_local=50,175,6,2000,50,27,8100,16.824,12.1,1055.8,1094.9,59438.9,46,14,2
6,1,42,Low_local=50,175,6,2000,50,28,8400,14.947,14.8,19.4,1068.7,66904.6,46,14,2
6,1,42,Low_local=50,175,6,2000,50,29,8700,17.399,17.6,67.7,1243.8,57473.5,46,14,2
6,1,42,Low_local=50,175,6,2000,50,30,9000,17.998,22.1,51.6,1106.7,55562.8,46,14,2
6,1,42,Low_local=50,175,6,2000,50,31,9300,19.9,28.4,69.4,1091.4,50251.2,46,14,2
6,1,42,Low_local=50,175,6,2000,50,32,9600,21.571,32.8,45.0,1225.2,46357.8,46,14,2
6,1,42,Low_local=50,175,6,2000,50,33,9900,13.935,19.5,37.3,1057.9,71760.0,46,14,2
6,1,42,Low_local=50,175,6,2000,50,34,10200,13.654,12.4,17.2,1074.5,73238.6,46,14,2
6,1,42,Low_local=50,175,6,2000,50,35,10500,12.566,16.0,34.3,1176.6,79581.9,46,14,2
6,1,42,Low_local=50,175,6,2000,50,36,10800,17.836,22.5,48.8,1122.2,56067.4,46,14,2
6,1,42,Low_local=50,175,6,2000,50,37,11100,19.131,25.4,46.8,1093.3,52272.1,46,14,2
6,1,42,Low_local=50,175,6,2000,50,38,11400,21.89,33.4,75.8,1112.1,45683.0,46,14,2
6,1,42,Low_local=50,175,6,2000,50,39,11700,22.085,33.6,41.7,1107.0,45279.6,46,14,2
6,1,42,Low_local=50,175,6,2000,50,40,12000,17.148,40.1,66.7,112.6,58315.8,46,14,2
6,1,42,Low_local=50,175,6,2000,50,41,12300,26.367,37.9,1106.2,1885.2,37926.2,46,15,2
6,1,42,Low_local=50,175,6,2000,50,42,12600,13.316,22.5,45.6,1116.3,75095.7,46,15,2
6,1,42,Low_local=50,175,6,2000,50,43,12900,17.94,24.2,49.6,1204.1,55742.4,46,15,2
6,1,42,Low_local=50,175,6,2000,50,44,13200,20.441,19.4,1105.0,1135.6,48920.5,46,15,2
6,1,42,Low_local=50,175,6,2000,50,45,13500,17.767,20.4,53.5,1227.0,56283.1,46,15,2
6,1,42,Low_local=50,175,6,2000,50,46,13800,17.765,20.5,28.0,1128.1,56291.5,46,15,2
6,1,42,Low_local=50,175,6,2000,50,47,14100,18.298,21.3,78.5,1129.6,54650.8,46,15,2
6,1,42,Low_local=50,175,6,2000,50,48,14400,21.473,28.6,79.2,1435.6,46569.4,46,15,2
6,1,42,Low_local=50,175,6,2000,50,49,14700,19.172,25.1,36.6,1158.6,52159.4,46,15,2
6,1,42,Low_local=50,175,6,2000,50,50,15000,15.051,23.3,29.5,1128.3,66440.8,46,15,2
6,1,42,Low_local=50,175,6,2000,50,51,15300,18.644,25.7,31.5,1307.9,53635.6,46,15,2
6,1,42,Low_local=50,175,6,2000,50,52,15600,16.155,21.5,38.5,1144.9,61899.1,46,15,2
6,1,42,Low_local=50,175,6,2000,50,53,15900,17.794,26.5,47.5,1143.9,56197.7,46,15,2
6,1,42,Low_local=50,175,6,2000,50,54,16200,19.39,29.5,41.4,1299.5,51572.1,46,15,2
6,1,42,Low_local=50,175,6,2000,50,55,16500,19.285,31.8,63.7,1151.5,51853.8,46,15,2
6,1,42,Low_local=50,175,6,2000,50,56,16800,21.148,36.3,57.2,1200.7,47285.0,46,15,2
6,1,42,Low_local=50,175,6,2000,50,57,17100,20.794,29.3,43.3,1181.0,48091.6,46,15,2
6,1,42,Low_local=50,175,6,2000,50,58,17400,21.159,28.7,52.0,1311.6,47262.0,46,15,2
6,1,42,Low_local=50,175,6,2000,50,59,17700,22.508,33.7,48.5,1199.4,44429.3,46,15,2
6,1,42,Low_local=50,175,6,2000,50,60,18000,15.514,37.5,50.8,55.1,64459.3,46,15,2
6,1,42,Low_local=50,175,6,2000,50,61,18300,25.323,34.8,89.8,1985.1,39489.3,46,16,2
6,1,42,Low_local=50,175,6,2000,50,62,18600,18.878,27.7,49.5,1187.1,52972.6,47,16,2
6,1,42,Low_local=50,175,6,2000,50,63,18900,18.566,27.6,50.8,1214.6,53860.9,47,16,2
6,1,42,Low_local=50,175,6,2000,50,64,19200,18.518,22.9,50.7,1202.9,54002.5,48,16,2
6,1,42,Low_local=50,175,6,2000,50,65,19500,13.292,15.8,49.1,1178.5,75233.2,48,16,2
6,1,42,Low_local=50,175,6,2000,50,66,19800,14.619,14.4,51.8,1207.0,68404.1,48,16,2
6,1,42,Low_local=50,175,6,2000,50,67,20000,13.141,13.3,15.9,1184.5,76100.6,48,16,2
6,2,43,"Tuned(175,k=6)",175,6,2000,2000,1,300,18.205,32.1,35.0,1524.0,54931.0,7,13,2
6,2,43,"Tuned(175,k=6)",175,6,2000,2000,2,600,9.845,21.4,33.5,48.1,101577.8,7,13,2
6,2,43,"Tuned(175,k=6)",175,6,2000,2000,3,900,10.165,17.4,22.2,39.2,98380.0,7,13,2
6,2,43,"Tuned(175,k=6)",175,6,2000,2000,4,1200,11.043,21.0,24.3,27.4,90557.8,7,13,2
6,2,43,"Tuned(175,k=6)",175,6,2000,2000,5,1500,13.202,24.3,31.1,82.1,75746.1,7,13,2
6,2,43,"Tuned(175,k=6)",175,6,2000,2000,6,1800,14.378,32.4,38.4,52.6,69549.1,7,13,2
6,2,43,"Tuned(175,k=6)",175,6,2000,2000,7,2100,15.222,34.6,39.8,42.0,65693.0,7,13,2
6,2,43,"Tuned(175,k=6)",175,6,2000,2000,8,2400,16.543,38.4,46.8,47.1,60447.3,7,13,2
6,2,43,"Tuned(175,k=6)",175,6,2000,2000,9,2700,18.511,43.6,56.2,84.5,54021.0,7,13,2
6,2,43,"Tuned(175,k=6)",175,6,2000,2000,10,3000,22.32,49.8,59.6,940.4,44802.9,7,13,2
6,2,43,"Tuned(175,k=6)",175,6,2000,2000,11,3300,21.542,53.4,76.1,84.6,46420.9,7,13,2
6,2,43,"Tuned(175,k=6)",175,6,2000,2000,12,3600,23.092,59.5,68.2,74.2,43305.0,7,13,2
6,2,43,"Tuned(175,k=6)",175,6,2000,2000,13,3900,25.213,64.0,79.5,103.1,39662.1,7,13,2
6,2,43,"Tuned(175,k=6)",175,6,2000,2000,14,4200,24.776,65.0,81.7,90.8,40362.2,7,13,2
6,2,43,"Tuned(175,k=6)",175,6,2000,2000,15,4500,27.716,78.7,91.7,106.9,36080.7,7,13,2
6,2,43,"Tuned(175,k=6)",175,6,2000,2000,16,4800,26.972,81.5,92.9,94.2,37075.9,7,13,2
6,2,43,"Tuned(175,k=6)",175,6,2000,2000,17,5100,32.634,84.3,102.9,125.8,30642.6,7,13,2
6,2,43,"Tuned(175,k=6)",175,6,2000,2000,18,5400,31.664,88.4,106.2,110.2,31581.9,7,13,2
6,2,43,"Tuned(175,k=6)",175,6,2000,2000,19,5700,37.323,102.6,113.7,148.2,26793.4,7,13,2
6,2,43,"Tuned(175,k=6)",175,6,2000,2000,20,6000,33.939,92.6,112.9,1779.1,29464.6,7,14,2
6,2,43,"Tuned(175,k=6)",175,6,2000,2000,21,6300,7.908,15.3,24.9,35.7,126459.6,7,14,2
6,2,43,"Tuned(175,k=6)",175,6,2000,2000,22,6600,8.645,14.8,18.7,19.3,115669.3,7,14,2
6,2,43,"Tuned(175,k=6)",175,6,2000,2000,23,6900,10.171,19.3,21.7,25.2,98315.5,7,14,2
6,2,43,"Tuned(175,k=6)",175,6,2000,2000,24,7200,11.741,23.3,31.9,59.3,85169.2,7,14,2
6,2,43,"Tuned(175,k=6)",175,6,2000,2000,25,7500,12.747,25.8,31.4,32.4,78449.8,7,14,2
6,2,43,"Tuned(175,k=6)",175,6,2000,2000,26,7800,14.243,31.7,38.5,42.0,70208.3,7,14,2
6,2,43,"Tuned(175,k=6)",175,6,2000,2000,27,8100,16.27,38.4,44.2,74.0,61461.5,7,14,2
6,2,43,"Tuned(175,k=6)",175,6,2000,2000,28,8400,16.651,38.9,48.4,49.7,60055.3,7,14,2
6,2,43,"Tuned(175,k=6)",175,6,2000,2000,29,8700,18.767,46.6,54.2,56.9,53286.0,7,14,2
6,2,43,"Tuned(175,k=6)",175,6,2000,2000,30,9000,19.01,40.4,67.6,99.1,52603.9,7,14,2
6,2,43,"Tuned(175,k=6)",175,6,2000,2000,31,9300,25.172,52.4,65.1,981.5,39726.7,7,14,2
6,2,43,"Tuned(175,k=6)",175,6,2000,2000,32,9600,22.335,61.9,71.1,79.4,44772.1,7,14,2
6,2,43,"Tuned(175,k=6)",175,6,2000,2000,33,9900,23.922,62.6,75.7,77.5,41801.9,7,14,2
6,2,43,"Tuned(175,k=6)",175,6,2000,2000,34,10200,25.229,68.7,88.5,125.5,39637.5,7,14,2
6,2,43,"Tuned(175,k=6)",175,6,2000,2000,35,10500,27.826,68.7,88.5,98.8,35937.2,7,14,2
6,2,43,"Tuned(175,k=6)",175,6,2000,2000,36,10800,30.691,83.7,93.7,96.8,32582.5,7,14,2
6,2,43,"Tuned(175,k=6)",175,6,2000,2000,37,11100,28.553,74.8,99.1,100.2,35022.2,7,14,2
6,2,43,"Tuned(175,k=6)",175,6,2000,2000,38,11400,33.304,90.8,111.3,121.7,30026.7,7,14,2
6,2,43,"Tuned(175,k=6)",175,6,2000,2000,39,11700,31.72,88.6,108.7,129.9,31525.9,7,14,2
6,2,43,"Tuned(175,k=6)",175,6,2000,2000,40,12000,33.769,84.5,116.2,118.3,29613.0,7,14,2
6,2,43,"Tuned(175,k=6)",175,6,2000,2000,41,12300,28.691,73.4,113.2,1861.0,34854.5,7,15,2
6,2,43,"Tuned(175,k=6)",175,6,2000,2000,42,12600,10.559,31.8,35.5,37.5,94702.9,7,15,2
6,2,43,"Tuned(175,k=6)",175,6,2000,2000,43,12900,11.286,28.6,34.7,36.5,88605.4,7,15,2
6,2,43,"Tuned(175,k=6)",175,6,2000,2000,44,13200,12.589,23.9,38.6,55.8,79434.4,7,15,2
6,2,43,"Tuned(175,k=6)",175,6,2000,2000,45,13500,12.696,25.3,29.9,42.3,78762.9,7,15,2
6,2,43,"Tuned(175,k=6)",175,6,2000,2000,46,13800,14.808,32.0,35.4,39.4,67531.1,7,15,2
6,2,43,"Tuned(175,k=6)",175,6,2000,2000,47,14100,16.669,36.7,40.5,68.4,59992.8,7,15,2
6,2,43,"Tuned(175,k=6)",175,6,2000,2000,48,14400,19.972,44.3,49.7,51.8,50069.3,7,15,2
6,2,43,"Tuned(175,k=6)",175,6,2000,2000,49,14700,20.493,48.1,55.7,70.9,48797.9,7,15,2
6,2,43,"Tuned(175,k=6)",175,6,2000,2000,50,15000,20.42,52.4,62.0,92.3,48971.6,7,15,2
6,2,43,"Tuned(175,k=6)",175,6,2000,2000,51,15300,25.257,57.6,66.8,1459.2,39592.5,7,15,2
6,2,43,"Tuned(175,k=6)",175,6,2000,2000,52,15600,23.945,59.8,83.7,114.9,41762.4,7,15,2
6,2,43,"Tuned(175,k=6)",175,6,2000,2000,53,15900,25.605,70.9,78.3,81.0,39054.9,7,15,2
6,2,43,"Tuned(175,k=6)",175,6,2000,2000,54,16200,31.329,82.2,98.5,230.5,31919.0,7,15,2
6,2,43,"Tuned(175,k=6)",175,6,2000,2000,55,16500,27.498,78.0,87.6,89.5,36366.7,7,15,2
6,2,43,"Tuned(175,k=6)",175,6,2000,2000,56,16800,30.917,80.4,96.2,99.9,32344.7,7,15,2
6,2,43,"Tuned(175,k=6)",175,6,2000,2000,57,17100,32.749,86.8,103.7,157.1,30535.0,7,15,2
6,2,43,"Tuned(175,k=6)",175,6,2000,2000,58,17400,32.284,95.1,106.6,113.4,30975.4,7,15,2
6,2,43,"Tuned(175,k=6)",175,6,2000,2000,59,17700,34.628,92.9,118.3,133.6,28878.1,7,15,2
6,2,43,"Tuned(175,k=6)",175,6,2000,2000,60,18000,37.948,108.2,126.8,128.5,26351.6,7,15,2
6,2,43,"Tuned(175,k=6)",175,6,2000,2000,61,18300,27.87,64.3,100.9,2241.5,35880.9,7,16,2
6,2,43,"Tuned(175,k=6)",175,6,2000,2000,62,18600,8.765,19.1,30.7,62.1,114094.5,7,16,2
6,2,43,"Tuned(175,k=6)",175,6,2000,2000,63,18900,8.936,17.1,25.2,70.0,111906.9,7,16,2
6,2,43,"Tuned(175,k=6)",175,6,2000,2000,64,19200,10.291,19.8,24.1,25.8,97172.3,7,16,2
6,2,43,"Tuned(175,k=6)",175,6,2000,2000,65,19500,11.644,23.8,27.2,28.9,85878.7,7,16,2
6,2,43,"Tuned(175,k=6)",175,6,2000,2000,66,19800,12.603,26.0,31.1,34.4,79344.1,7,16,2
6,2,43,"Tuned(175,k=6)",175,6,2000,2000,67,20000,14.748,31.9,38.5,55.5,67803.5,7,16,2
6,2,43,"OldDefault(100,k=3)",100,3,5000,1000,1,300,22.99,38.9,47.3,1671.5,43497.8,2,5,1
6,2,43,"OldDefault(100,k=3)",100,3,5000,1000,2,600,15.685,39.5,62.1,84.0,63755.2,2,5,1
6,2,43,"OldDefault(100,k=3)",100,3,5000,1000,3,900,24.362,62.9,68.6,69.9,41048.1,2,5,1
6,2,43,"OldDefault(100,k=3)",100,3,5000,1000,4,1200,18.204,61.1,69.7,73.8,54934.0,2,5,1
6,2,43,"OldDefault(100,k=3)",100,3,5000,1000,5,1500,16.133,38.3,43.3,1594.8,61984.8,2,5,1
6,2,43,"OldDefault(100,k=3)",100,3,5000,1000,6,1800,11.575,37.5,40.9,42.4,86395.6,2,5,1
6,2,43,"OldDefault(100,k=3)",100,3,5000,1000,7,2100,9.523,36.2,39.4,40.9,105005.3,2,5,1
6,2,43,"OldDefault(100,k=3)",100,3,5000,1000,8,2400,11.801,37.9,50.5,64.8,84741.0,2,5,1
6,2,43,"OldDefault(100,k=3)",100,3,5000,1000,9,2700,11.682,37.5,48.2,75.9,85604.2,2,5,1
6,2,43,"OldDefault(100,k=3)",100,3,5000,1000,10,3000,13.145,37.6,40.2,44.3,76072.6,2,5,1
6,2,43,"OldDefault(100,k=3)",100,3,5000,1000,11,3300,10.018,37.4,41.4,47.3,99817.0,2,5,1
6,2,43,"OldDefault(100,k=3)",100,3,5000,1000,12,3600,10.815,37.1,42.1,94.2,92464.1,2,5,1
6,2,43,"OldDefault(100,k=3)",100,3,5000,1000,13,3900,12.388,38.2,44.3,90.7,80721.1,2,5,1
6,2,43,"OldDefault(100,k=3)",100,3,5000,1000,14,4200,12.456,36.6,40.3,40.9,80284.7,2,5,1
6,2,43,"OldDefault(100,k=3)",100,3,5000,1000,15,4500,17.605,37.0,43.1,1466.3,56803.1,2,5,1
6,2,43,"OldDefault(100,k=3)",100,3,5000,1000,16,4800,8.332,21.5,45.6,65.3,120014.4,2,5,1
6,2,43,"OldDefault(100,k=3)",100,3,5000,1000,17,5100,9.375,35.2,40.0,41.4,106670.4,2,5,1
6,2,43,"OldDefault(100,k=3)",100,3,5000,1000,18,5400,10.676,34.8,41.1,41.9,93665.1,2,5,1
6,2,43,"OldDefault(100,k=3)",100,3,5000,1000,19,5700,12.799,34.7,39.8,41.4,78133.1,2,5,1
6,2,43,"OldDefault(100,k=3)",100,3,5000,1000,20,6000,14.14,35.0,41.9,47.5,70721.4,2,5,1
6,2,43,"OldDefault(100,k=3)",100,3,5000,1000,21,6300,15.061,35.6,41.3,61.9,66398.1,2,5,1
6,2,43,"OldDefault(100,k=3)",100,3,5000,1000,22,6600,15.341,37.1,40.9,44.4,65183.4,2,5,1
6,2,43,"OldDefault(100,k=3)",100,3,5000,1000,23,6900,18.117,39.7,51.2,77.9,55196.8,2,5,1
6,2,43,"OldDefault(100,k=3)",100,3,5000,1000,24,7200,16.98,37.6,48.3,50.5,58892.8,2,5,1
6,2,43,"OldDefault(100,k=3)",100,3,5000,1000,25,7500,23.426,43.3,50.6,1448.7,42688.2,2,5,1
6,2,43,"OldDefault(100,k=3)",100,3,5000,1000,26,7800,22.524,51.6,77.0,86.4,44396.4,2,5,1
6,2,43,"OldDefault(100,k=3)",100,3,5000,1000,27,8100,21.357,50.4,65.8,87.7,46822.3,2,5,1
6,2,43,"OldDefault(100,k=3)",100,3,5000,1000,28,8400,22.891,54.5,70.0,78.3,43685.9,2,5,1
6,2,43,"OldDefault(100,k=3)",100,3,5000,1000,29,8700,22.317,60.0,71.0,74.5,44809.6,2,5,1
6,2,43,"OldDefault(100,k=3)",100,3,5000,1000,30,9000,25.16,61.8,72.6,94.3,39745.1,2,5,1
6,2,43,"OldDefault(100,k=3)",100,3,5000,1000,31,9300,29.55,72.0,82.8,85.0,33841.3,2,5,1
6,2,43,"OldDefault(100,k=3)",100,3,5000,1000,32,9600,27.217,69.9,90.2,127.8,36741.7,2,5,1
6,2,43,"OldDefault(100,k=3)",100,3,5000,1000,33,9900,28.511,81.9,94.2,97.6,35074.2,2,5,1
6,2,43,"OldDefault(100,k=3)",100,3,5000,1000,34,10200,30.184,77.9,92.8,100.9,33130.1,2,5,1
6,2,43,"OldDefault(100,k=3)",100,3,5000,1000,35,10500,34.776,87.8,102.6,137.4,28755.5,2,5,1
6,2,43,"OldDefault(100,k=3)",100,3,5000,1000,36,10800,38.442,79.4,108.6,1734.7,26013.0,2,5,1
6,2,43,"OldDefault(100,k=3)",100,3,5000,1000,37,11100,35.33,90.2,112.1,122.6,28304.6,2,5,1
6,2,43,"OldDefault(100,k=3)",100,3,5000,1000,38,11400,36.635,100.2,122.4,130.9,27296.1,2,5,1
6,2,43,"OldDefault(100,k=3)",100,3,5000,1000,39,11700,37.782,105.0,122.9,142.4,26467.6,2,5,1
6,2,43,"OldDefault(100,k=3)",100,3,5000,1000,40,12000,39.601,110.1,128.1,131.6,25251.7,2,5,1
6,2,43,"OldDefault(100,k=3)",100,3,5000,1000,41,12300,37.323,97.4,132.6,137.2,26792.9,2,5,1
6,2,43,"OldDefault(100,k=3)",100,3,5000,1000,42,12600,40.933,115.2,136.5,138.9,24430.4,2,5,1
6,2,43,"OldDefault(100,k=3)",100,3,5000,1000,43,12900,42.562,122.4,135.8,140.6,23495.0,2,5,1
6,2,43,"OldDefault(100,k=3)",100,3,5000,1000,44,13200,42.98,118.2,142.0,144.6,23266.5,2,5,1
6,2,43,"OldDefault(100,k=3)",100,3,5000,1000,45,13500,43.225,114.2,154.8,157.0,23134.9,2,5,1
6,2,43,"OldDefault(100,k=3)",100,3,5000,1000,46,13800,37.527,105.0,143.7,1800.6,26647.7,2,5,1
6,2,43,"OldDefault(100,k=3)",100,3,5000,1000,47,14100,8.336,34.4,39.2,41.4,119956.8,2,5,1
6,2,43,"OldDefault(100,k=3)",100,3,5000,1000,48,14400,11.732,38.1,49.1,74.6,85239.4,2,5,1
6,2,43,"OldDefault(100,k=3)",100,3,5000,1000,49,14700,12.303,36.5,43.6,45.7,81281.0,2,5,1
6,2,43,"OldDefault(100,k=3)",100,3,5000,1000,50,15000,14.033,34.9,42.4,44.7,71258.9,2,5,1
6,2,43,"OldDefault(100,k=3)",100,3,5000,1000,51,15300,25.635,41.3,92.3,2736.0,39008.7,2,6,1
6,2,43,"OldDefault(100,k=3)",100,3,5000,1000,52,15600,18.097,41.0,45.3,51.1,55256.8,2,6,1
6,2,43,"OldDefault(100,k=3)",100,3,5000,1000,53,15900,15.184,40.5,44.4,45.0,65860.2,2,6,1
6,2,43,"OldDefault(100,k=3)",100,3,5000,1000,54,16200,16.514,41.8,81.0,93.4,60553.5,2,6,1
6,2,43,"OldDefault(100,k=3)",100,3,5000,1000,55,16500,15.541,40.0,42.5,46.6,64347.3,2,6,1
6,2,43,"OldDefault(100,k=3)",100,3,5000,1000,56,16800,21.874,41.3,79.3,1464.7,45716.4,4,6,1
6,2,43,"OldDefault(100,k=3)",100,3,5000,1000,57,17100,14.787,39.8,41.8,44.3,67628.5,4,6,1
6,2,43,"OldDefault(100,k=3)",100,3,5000,1000,58,17400,14.921,40.3,45.7,101.9,67021.1,4,6,1
6,2,43,"OldDefault(100,k=3)",100,3,5000,1000,59,17700,14.703,38.4,43.7,44.7,68013.3,4,6,1
6,2,43,"OldDefault(100,k=3)",100,3,5000,1000,60,18000,16.018,42.0,60.4,112.5,62429.8,4,6,1
6,2,43,"OldDefault(100,k=3)",100,3,5000,1000,61,18300,14.013,40.7,44.2,97.0,71360.6,4,6,1
6,2,43,"OldDefault(100,k=3)",100,3,5000,1000,62,18600,10.187,17.2,20.9,22.7,98167.6,4,6,1
6,2,43,"OldDefault(100,k=3)",100,3,5000,1000,63,18900,11.577,20.7,35.1,58.8,86380.7,4,6,1
6,2,43,"OldDefault(100,k=3)",100,3,5000,1000,64,19200,12.416,23.0,25.8,28.7,80543.4,4,6,1
6,2,43,"OldDefault(100,k=3)",100,3,5000,1000,65,19500,13.783,27.9,31.3,32.7,72554.9,4,6,1
6,2,43,"OldDefault(100,k=3)",100,3,5000,1000,66,19800,20.834,30.6,47.3,1568.7,47997.7,5,6,1
6,2,43,"OldDefault(100,k=3)",100,3,5000,1000,67,20000,15.306,30.1,32.2,34.6,65333.8,5,6,1
6,2,43,Undersized_seg=50,50,3,2000,2000,1,300,19.241,40.0,47.4,1720.9,51972.4,48,14,1
6,2,43,Undersized_seg=50,50,3,2000,2000,2,600,7.924,37.3,44.4,46.1,126204.1,48,14,1
6,2,43,Undersized_seg=50,50,3,2000,2000,3,900,9.418,40.4,43.0,46.0,106179.7,48,14,1
6,2,43,Undersized_seg=50,50,3,2000,2000,4,1200,13.273,40.1,62.5,822.6,75339.0,48,14,1
6,2,43,Undersized_seg=50,50,3,2000,2000,5,1500,11.564,40.9,45.0,49.4,86477.8,48,14,1
6,2,43,Undersized_seg=50,50,3,2000,2000,6,1800,11.937,29.2,43.7,45.7,83770.8,48,14,1
6,2,43,Undersized_seg=50,50,3,2000,2000,7,2100,11.843,29.6,33.1,48.4,84435.7,48,14,1
6,2,43,Undersized_seg=50,50,3,2000,2000,8,2400,13.954,33.0,40.8,53.8,71665.8,48,14,1
6,2,43,Undersized_seg=50,50,3,2000,2000,9,2700,15.42,34.6,44.0,47.0,64849.4,48,14,1
6,2,43,Undersized_seg=50,50,3,2000,2000,10,3000,21.693,40.6,48.8,1411.4,46097.8,55,14,1
6,2,43,Undersized_seg=50,50,3,2000,2000,11,3300,18.901,43.2,55.5,107.3,52906.3,55,14,1
6,2,43,Undersized_seg=50,50,3,2000,2000,12,3600,20.42,48.1,55.7,65.0,48971.6,55,14,1
6,2,43,Undersized_seg=50,50,3,2000,2000,13,3900,22.08,49.1,76.1,170.1,45289.2,55,14,1
6,2,43,Undersized_seg=50,50,3,2000,2000,14,4200,22.364,52.7,70.4,162.1,44714.1,55,14,1
6,2,43,Undersized_seg=50,50,3,2000,2000,15,4500,24.791,64.2,99.9,165.2,40337.8,55,14,1
6,2,43,Undersized_seg=50,50,3,2000,2000,16,4800,24.583,66.2,77.9,83.2,40678.5,55,14,1
6,2,43,Undersized_seg=50,50,3,2000,2000,17,5100,27.246,65.3,81.7,86.5,36703.1,55,14,1
6,2,43,Undersized_seg=50,50,3,2000,2000,18,5400,28.233,71.2,88.3,90.6,35419.1,55,14,1
6,2,43,Undersized_seg=50,50,3,2000,2000,19,5700,33.202,84.7,95.1,118.7,30118.4,55,14,1
6,2,43,Undersized_seg=50,50,3,2000,2000,20,6000,31.536,74.8,94.3,1965.2,31709.5,55,15,1
6,2,43,Undersized_seg=50,50,3,2000,2000,21,6300,10.282,39.1,43.8,170.1,97254.2,55,15,1
6,2,43,Undersized_seg=50,50,3,2000,2000,22,6600,9.431,38.9,43.9,46.7,106037.1,55,15,1
6,2,43,Undersized_seg=50,50,3,2000,2000,23,6900,10.121,18.7,43.9,44.3,98807.7,55,15,1
6,2,43,Undersized_seg=50,50,3,2000,2000,24,7200,10.147,20.5,42.4,49.4,98551.3,55,15,1
6,2,43,Undersized_seg=50,50,3,2000,2000,25,7500,12.786,34.4,45.1,78.7,78208.5,55,15,1
6,2,43,Undersized_seg=50,50,3,2000,2000,26,7800,13.166,39.2,43.6,47.0,75951.3,55,15,1
6,2,43,Undersized_seg=50,50,3,2000,2000,27,8100,14.158,33.0,45.7,169.1,70633.1,55,15,1
6,2,43,Undersized_seg=50,50,3,2000,2000,28,8400,14.704,36.1,44.8,50.1,68008.7,55,15,1
6,2,43,Undersized_seg=50,50,3,2000,2000,29,8700,15.948,39.8,45.4,47.9,62703.8,55,15,1
6,2,43,Undersized_seg=50,50,3,2000,2000,30,9000,15.655,31.4,50.3,56.7,63876.0,55,15,1
6,2,43,Undersized_seg=50,50,3,2000,2000,31,9300,23.789,46.3,58.5,1481.6,42036.2,62,15,1
6,2,43,Undersized_seg=50,50,3,2000,2000,32,9600,19.263,52.1,60.9,62.6,51912.1,62,15,1
6,2,43,Undersized_seg=50,50,3,2000,2000,33,9900,23.838,54.7,67.0,705.8,41949.2,62,15,1
6,2,43,Undersized_seg=50,50,3,2000,2000,34,10200,21.414,52.7,69.6,72.7,46699.1,62,15,1
6,2,43,Undersized_seg=50,50,3,2000,2000,35,10500,26.298,65.5,77.0,88.5,38026.2,62,15,1
6,2,43,Undersized_seg=50,50,3,2000,2000,36,10800,24.597,67.6,81.1,85.6,40655.4,62,15,1
6,2,43,Undersized_seg=50,50,3,2000,2000,37,11100,22.202,59.6,85.2,90.9,45041.7,62,15,1
6,2,43,Undersized_seg=50,50,3,2000,2000,38,11400,25.872,76.1,89.6,109.9,38651.3,62,15,1
6,2,43,Undersized_seg=50,50,3,2000,2000,39,11700,24.819,68.8,94.4,211.5,40292.3,62,15,1
6,2,43,Undersized_seg=50,50,3,2000,2000,40,12000,27.522,76.0,100.5,103.2,36335.0,62,15,1
6,2,43,Undersized_seg=50,50,3,2000,2000,41,12300,31.284,59.8,105.1,2611.6,31965.2,62,16,1
6,2,43,Undersized_seg=50,50,3,2000,2000,42,12600,13.636,42.9,49.7,186.3,73335.3,62,16,1
6,2,43,Undersized_seg=50,50,3,2000,2000,43,12900,11.418,40.3,44.7,46.2,87578.5,62,16,1
6,2,43,Undersized_seg=50,50,3,2000,2000,44,13200,13.342,42.0,46.8,49.7,74949.4,62,16,1
6,2,43,Undersized_seg=50,50,3,2000,2000,45,13500,14.427,42.7,50.5,55.2,69316.1,62,16,1
6,2,43,Undersized_seg=50,50,3,2000,2000,46,13800,15.479,40.8,46.3,47.8,64605.0,62,16,1
6,2,43,Undersized_seg=50,50,3,2000,2000,47,14100,16.922,41.0,45.5,101.3,59094.7,62,16,1
6,2,43,Undersized_seg=50,50,3,2000,2000,48,14400,19.223,43.2,50.9,89.4,52021.0,62,16,1
6,2,43,Undersized_seg=50,50,3,2000,2000,49,14700,19.242,44.6,48.5,189.6,51970.5,62,16,1
6,2,43,Undersized_seg=50,50,3,2000,2000,50,15000,20.784,48.6,60.6,84.0,48113.9,62,16,1
6,2,43,Undersized_seg=50,50,3,2000,2000,51,15300,26.922,52.5,60.3,1874.1,37144.8,69,16,1
6,2,43,Undersized_seg=50,50,3,2000,2000,52,15600,23.818,54.5,73.5,83.3,41985.6,69,16,1
6,2,43,Undersized_seg=50,50,3,2000,2000,53,15900,24.162,55.4,68.6,75.0,41386.7,69,16,1
6,2,43,Undersized_seg=50,50,3,2000,2000,54,16200,32.68,87.4,112.9,171.9,30600.1,69,16,1
6,2,43,Undersized_seg=50,50,3,2000,2000,55,16500,36.477,88.6,120.1,452.5,27414.8,69,16,1
6,2,43,Undersized_seg=50,50,3,2000,2000,56,16800,27.683,64.4,77.7,78.4,36123.3,69,16,1
6,2,43,Undersized_seg=50,50,3,2000,2000,57,17100,30.251,74.4,90.3,101.2,33057.1,69,16,1
6,2,43,Undersized_seg=50,50,3,2000,2000,58,17400,28.499,71.0,92.6,213.3,35088.5,69,16,1
6,2,43,Undersized_seg=50,50,3,2000,2000,59,17700,29.965,80.8,96.8,102.2,33372.3,69,16,1
6,2,43,Undersized_seg=50,50,3,2000,2000,60,18000,32.939,88.4,105.5,134.1,30359.5,69,16,1
6,2,43,Undersized_seg=50,50,3,2000,2000,61,18300,43.477,89.2,112.7,2662.4,23000.5,69,17,1
6,2,43,Undersized_seg=50,50,3,2000,2000,62,18600,38.571,112.6,117.8,154.0,25926.0,69,17,1
6,2,43,Undersized_seg=50,50,3,2000,2000,63,18900,37.568,106.8,124.9,129.2,26618.4,69,17,1
6,2,43,Undersized_seg=50,50,3,2000,2000,64,19200,41.167,117.9,129.7,135.9,24291.5,69,17,1
6,2,43,Undersized_seg=50,50,3,2000,2000,65,19500,41.927,119.2,133.9,137.0,23851.0,69,17,1
6,2,43,Undersized_seg=50,50,3,2000,2000,66,19800,44.438,117.1,135.6,138.5,22503.4,69,17,1
6,2,43,Undersized_seg=50,50,3,2000,2000,67,20000,47.103,131.3,146.0,151.7,21229.8,69,17,1
6,2,43,Oversized_seg=1500,1500,3,2000,2000,1,300,44.394,83.6,158.3,2762.0,22525.7,1,11,4
6,2,43,Oversized_seg=1500,1500,3,2000,2000,2,600,37.134,79.0,103.9,149.6,26929.3,1,11,4
6,2,43,Oversized_seg=1500,1500,3,2000,2000,3,900,32.101,75.5,126.3,167.1,31151.7,1,11,4
6,2,43,Oversized_seg=1500,1500,3,2000,2000,4,1200,35.447,80.3,117.2,119.0,28211.1,1,11,4
6,2,43,Oversized_seg=1500,1500,3,2000,2000,5,1500,36.768,85.8,132.1,156.3,27197.3,1,11,4
6,2,43,Oversized_seg=1500,1500,3,2000,2000,6,1800,35.808,72.4,119.4,161.2,27926.5,1,11,4
6,2,43,Oversized_seg=1500,1500,3,2000,2000,7,2100,34.933,75.0,120.4,138.6,28626.0,1,11,4
6,2,43,Oversized_seg=1500,1500,3,2000,2000,8,2400,37.987,71.1,144.7,152.1,26324.8,1,11,4
6,2,43,Oversized_seg=1500,1500,3,2000,2000,9,2700,36.057,82.4,129.6,154.5,27733.6,1,11,4
6,2,43,Oversized_seg=1500,1500,3,2000,2000,10,3000,41.353,78.4,108.8,1572.0,24181.8,1,11,4
6,2,43,Oversized_seg=1500,1500,3,2000,2000,11,3300,36.032,75.4,146.0,153.7,27753.4,1,11,4
6,2,43,Oversized_seg=1500,1500,3,2000,2000,12,3600,37.739,84.7,130.1,149.1,26498.0,1,11,4
6,2,43,Oversized_seg=1500,1500,3,2000,2000,13,3900,38.54,78.6,131.8,187.1,25947.3,1,11,4
6,2,43,Oversized_seg=1500,1500,3,2000,2000,14,4200,35.358,72.8,122.7,148.8,28282.4,1,11,4
6,2,43,Oversized_seg=1500,1500,3,2000,2000,15,4500,36.592,73.2,98.4,119.8,27328.6,1,11,4
6,2,43,Oversized_seg=1500,1500,3,2000,2000,16,4800,40.583,85.2,148.7,201.2,24640.9,1,11,4
6,2,43,Oversized_seg=1500,1500,3,2000,2000,17,5100,38.233,84.7,136.4,165.7,26155.4,1,11,4
6,2,43,Oversized_seg=1500,1500,3,2000,2000,18,5400,38.566,79.8,142.0,156.7,25929.6,1,11,4
6,2,43,Oversized_seg=1500,1500,3,2000,2000,19,5700,39.96,79.1,114.9,138.7,25024.8,1,11,4
6,2,43,Oversized_seg=1500,1500,3,2000,2000,20,6000,50.091,79.5,124.0,4641.8,19963.8,1,12,4
6,2,43,Oversized_seg=1500,1500,3,2000,2000,21,6300,26.708,71.2,110.8,140.9,37442.4,1,12,4
6,2,43,Oversized_seg=1500,1500,3,2000,2000,22,6600,28.921,65.9,123.7,159.6,34577.0,1,12,4
6,2,43,Oversized_seg=1500,1500,3,2000,2000,23,6900,30.307,78.6,135.1,140.3,32995.7,1,12,4
6,2,43,Oversized_seg=1500,1500,3,2000,2000,24,7200,33.009,98.8,140.2,179.9,30295.1,1,12,4
6,2,43,Oversized_seg=1500,1500,3,2000,2000,25,7500,31.305,78.6,134.3,161.0,31943.8,1,12,4
6,2,43,Oversized_seg=1500,1500,3,2000,2000,26,7800,29.228,74.7,105.8,140.9,34213.4,1,12,4
6,2,43,Oversized_seg=1500,1500,3,2000,2000,27,8100,31.452,73.9,121.6,133.0,31794.5,1,12,4
6,2,43,Oversized_seg=1500,1500,3,2000,2000,28,8400,16.897,64.0,108.1,193.7,59183.3,1,12,4
6,2,43,Oversized_seg=1500,1500,3,2000,2000,29,8700,11.102,31.0,61.9,82.8,90071.2,1,12,4
6,2,43,Oversized_seg=1500,1500,3,2000,2000,30,9000,11.234,28.7,58.9,134.1,89015.5,1,12,4
6,2,43,Oversized_seg=1500,1500,3,2000,2000,31,9300,18.8,30.1,68.3,1558.9,53191.5,1,12,4
6,2,43,Oversized_seg=1500,1500,3,2000,2000,32,9600,14.809,32.5,106.1,124.3,67528.0,1,12,4
6,2,43,Oversized_seg=1500,1500,3,2000,2000,33,9900,15.362,31.3,51.0,120.5,65094.3,1,12,4
6,2,43,Oversized_seg=1500,1500,3,2000,2000,34,10200,19.164,39.2,76.9,126.0,52182.1,1,12,4
6,2,43,Oversized_seg=1500,1500,3,2000,2000,35,10500,20.332,40.9,61.6,76.2,49183.6,1,12,4
6,2,43,Oversized_seg=1500,1500,3,2000,2000,36,10800,20.094,39.5,56.9,69.9,49766.9,1,12,4
6,2,43,Oversized_seg=1500,1500,3,2000,2000,37,11100,22.26,47.3,82.4,114.3,44923.6,1,12,4
6,2,43,Oversized_seg=1500,1500,3,2000,2000,38,11400,22.866,50.1,77.5,89.1,43733.1,1,12,4
6,2,43,Oversized_seg=1500,1500,3,2000,2000,39,11700,24.635,54.5,75.5,118.4,40592.1,1,12,4
6,2,43,Oversized_seg=1500,1500,3,2000,2000,40,12000,25.451,62.0,72.0,120.3,39291.2,1,12,4
6,2,43,Oversized_seg=1500,1500,3,2000,2000,41,12300,51.141,71.9,124.7,4432.1,19553.8,1,13,4
6,2,43,Oversized_seg=1500,1500,3,2000,2000,42,12600,41.117,71.8,134.5,147.0,24320.6,1,13,4
6,2,43,Oversized_seg=1500,1500,3,2000,2000,43,12900,41.763,71.2,98.9,125.8,23944.4,1,13,4
6,2,43,Oversized_seg=1500,1500,3,2000,2000,44,13200,42.817,74.2,122.2,198.9,23355.4,1,13,4
6,2,43,Oversized_seg=1500,1500,3,2000,2000,45,13500,43.69,80.6,112.6,143.2,22888.5,1,13,4
6,2,43,Oversized_seg=1500,1500,3,2000,2000,46,13800,41.042,76.2,91.3,130.2,24365.3,1,13,4
6,2,43,Oversized_seg=1500,1500,3,2000,2000,47,14100,43.145,80.4,110.1,151.1,23177.7,1,13,4
6,2,43,Oversized_seg=1500,1500,3,2000,2000,48,14400,47.295,82.2,150.1,157.8,21144.0,1,13,4
6,2,43,Oversized_seg=1500,1500,3,2000,2000,49,14700,45.585,83.6,131.1,164.2,21937.2,1,13,4
6,2,43,Oversized_seg=1500,1500,3,2000,2000,50,15000,44.289,85.8,112.2,138.8,22578.8,1,13,4
6,2,43,Oversized_seg=1500,1500,3,2000,2000,51,15300,52.376,93.0,162.8,1616.2,19092.7,1,13,4
6,2,43,Oversized_seg=1500,1500,3,2000,2000,52,15600,45.242,87.4,113.5,144.5,22103.5,1,13,4
6,2,43,Oversized_seg=1500,1500,3,2000,2000,53,15900,46.786,91.8,140.8,147.8,21373.8,1,13,4
6,2,43,Oversized_seg=1500,1500,3,2000,2000,54,16200,47.812,93.1,121.2,130.1,20915.3,1,13,4
6,2,43,Oversized_seg=1500,1500,3,2000,2000,55,16500,45.917,94.7,117.9,157.0,21778.6,1,13,4
6,2,43,Oversized_seg=1500,1500,3,2000,2000,56,16800,50.046,96.5,150.3,165.0,19981.8,1,13,4
6,2,43,Oversized_seg=1500,1500,3,2000,2000,57,17100,46.573,97.2,131.7,159.3,21471.5,1,13,4
6,2,43,Oversized_seg=1500,1500,3,2000,2000,58,17400,48.65,98.2,144.9,172.7,20554.8,1,13,4
6,2,43,Oversized_seg=1500,1500,3,2000,2000,59,17700,45.337,93.1,112.3,170.0,22056.9,1,13,4
6,2,43,Oversized_seg=1500,1500,3,2000,2000,60,18000,48.279,104.4,118.4,136.9,20712.9,1,13,4
6,2,43,Oversized_seg=1500,1500,3,2000,2000,61,18300,50.189,82.0,143.8,3582.9,19924.7,1,14,4
6,2,43,Oversized_seg=1500,1500,3,2000,2000,62,18600,39.493,86.5,126.5,154.1,25320.9,1,14,4
6,2,43,Oversized_seg=1500,1500,3,2000,2000,63,18900,38.543,81.9,131.3,154.0,25944.8,1,14,4
6,2,43,Oversized_seg=1500,1500,3,2000,2000,64,19200,37.564,84.0,120.4,145.8,26621.5,1,14,4
6,2,43,Oversized_seg=1500,1500,3,2000,2000,65,19500,36.179,70.0,110.5,165.5,27640.3,1,14,4
6,2,43,Oversized_seg=1500,1500,3,2000,2000,66,19800,34.588,78.9,116.6,161.0,28912.0,1,14,4
6,2,43,Oversized_seg=1500,1500,3,2000,2000,67,20000,25.046,63.7,114.4,148.4,39925.7,1,14,4
6,2,43,No_shortcuts(k=2),175,2,2000,2000,1,300,19.951,31.3,34.9,1381.4,50122.8,7,13,2
6,2,43,No_shortcuts(k=2),175,2,2000,2000,2,600,13.141,18.1,32.6,36.3,76097.7,7,13,2
6,2,43,No_shortcuts(k=2),175,2,2000,2000,3,900,14.924,21.4,37.4,39.6,67004.7,7,13,2
6,2,43,No_shortcuts(k=2),175,2,2000,2000,4,1200,15.339,24.3,27.6,35.0,65191.9,7,13,2
6,2,43,No_shortcuts(k=2),175,2,2000,2000,5,1500,17.498,28.9,34.6,70.1,57150.5,7,13,2
6,2,43,No_shortcuts(k=2),175,2,2000,2000,6,1800,19.034,36.3,42.3,47.0,52537.6,7,13,2
6,2,43,No_shortcuts(k=2),175,2,2000,2000,7,2100,19.872,37.8,43.7,45.2,50322.1,7,13,2
6,2,43,No_shortcuts(k=2),175,2,2000,2000,8,2400,21.341,42.6,51.1,56.6,46858.2,7,13,2
6,2,43,No_shortcuts(k=2),175,2,2000,2000,9,2700,24.553,50.7,60.3,81.4,40727.7,7,13,2
6,2,43,No_shortcuts(k=2),175,2,2000,2000,10,3000,27.364,54.2,64.3,929.4,36543.9,7,13,2
6,2,43,No_shortcuts(k=2),175,2,2000,2000,11,3300,26.698,55.8,71.8,90.3,37456.5,7,13,2
6,2,43,No_shortcuts(k=2),175,2,2000,2000,12,3600,32.319,66.4,77.6,1033.9,30941.6,7,13,2
6,2,43,No_shortcuts(k=2),175,2,2000,2000,13,3900,30.446,66.5,82.5,85.0,32845.0,7,13,2
6,2,43,No_shortcuts(k=2),175,2,2000,2000,14,4200,30.917,71.7,87.7,134.2,32345.0,7,13,2
6,2,43,No_shortcuts(k=2),175,2,2000,2000,15,4500,33.867,84.5,97.0,155.0,29527.6,7,13,2
6,2,43,No_shortcuts(k=2),175,2,2000,2000,16,4800,33.473,87.1,98.9,100.2,29874.8,7,13,2
6,2,43,No_shortcuts(k=2),175,2,2000,2000,17,5100,38.174,92.4,105.1,115.2,26195.6,7,13,2
6,2,43,No_shortcuts(k=2),175,2,2000,2000,18,5400,38.623,96.9,116.7,127.2,25891.3,7,13,2
6,2,43,No_shortcuts(k=2),175,2,2000,2000,19,5700,44.806,109.0,121.3,188.4,22318.4,7,13,2
6,2,43,No_shortcuts(k=2),175,2,2000,2000,20,6000,54.948,145.0,185.9,2021.2,18199.1,7,14,2
6,2,43,No_shortcuts(k=2),175,2,2000,2000,21,6300,10.875,18.4,28.7,36.8,91954.0,7,14,2
6,2,43,No_shortcuts(k=2),175,2,2000,2000,22,6600,11.558,16.4,19.1,28.4,86520.2,7,14,2
6,2,43,No_shortcuts(k=2),175,2,2000,2000,23,6900,12.98,21.4,24.1,25.4,77039.6,7,14,2
6,2,43,No_shortcuts(k=2),175,2,2000,2000,24,7200,14.445,26.3,41.7,59.3,69228.1,7,14,2
6,2,43,No_shortcuts(k=2),175,2,2000,2000,25,7500,15.52,27.8,33.3,34.4,64433.0,7,14,2
6,2,43,No_shortcuts(k=2),175,2,2000,2000,26,7800,17.434,33.8,39.6,74.2,57359.2,7,14,2
6,2,43,No_shortcuts(k=2),175,2,2000,2000,27,8100,19.499,40.2,46.3,59.4,51283.8,7,14,2
6,2,43,No_shortcuts(k=2),175,2,2000,2000,28,8400,19.552,40.6,50.0,51.6,51146.5,7,14,2
6,2,43,No_shortcuts(k=2),175,2,2000,2000,29,8700,22.378,51.4,60.6,65.9,44686.7,7,14,2
6,2,43,No_shortcuts(k=2),175,2,2000,2000,30,9000,21.747,42.3,62.0,63.6,45982.6,7,14,2
6,2,43,No_shortcuts(k=2),175,2,2000,2000,31,9300,29.057,55.7,71.0,1025.5,34415.1,7,14,2
6,2,43,No_shortcuts(k=2),175,2,2000,2000,32,9600,25.364,62.6,73.4,75.1,39425.4,7,14,2
6,2,43,No_shortcuts(k=2),175,2,2000,2000,33,9900,27.593,66.7,80.1,111.6,36241.5,7,14,2
6,2,43,No_shortcuts(k=2),175,2,2000,2000,34,10200,28.294,68.5,85.6,87.4,35343.2,7,14,2
6,2,43,No_shortcuts(k=2),175,2,2000,2000,35,10500,31.886,77.5,94.5,137.8,31361.4,7,14,2
6,2,43,No_shortcuts(k=2),175,2,2000,2000,36,10800,33.907,86.8,96.6,128.5,29492.7,7,14,2
6,2,43,No_shortcuts(k=2),175,2,2000,2000,37,11100,31.957,76.9,101.4,103.4,31291.7,7,14,2
6,2,43,No_shortcuts(k=2),175,2,2000,2000,38,11400,36.532,93.7,112.5,202.1,27373.5,7,14,2
6,2,43,No_shortcuts(k=2),175,2,2000,2000,39,11700,35.192,88.7,118.7,122.8,28415.3,7,14,2
6,2,43,No_shortcuts(k=2),175,2,2000,2000,40,12000,37.787,87.3,121.4,124.1,26463.9,7,14,2
6,2,43,No_shortcuts(k=2),175,2,2000,2000,41,12300,30.668,75.6,123.1,1745.5,32606.9,7,15,2
6,2,43,No_shortcuts(k=2),175,2,2000,2000,42,12600,12.526,32.2,36.1,40.3,79833.9,7,15,2
6,2,43,No_shortcuts(k=2),175,2,2000,2000,43,12900,13.181,29.5,34.6,37.7,75866.8,7,15,2
6,2,43,No_shortcuts(k=2),175,2,2000,2000,44,13200,13.901,23.1,38.1,39.7,71937.3,7,15,2
6,2,43,No_shortcuts(k=2),175,2,2000,2000,45,13500,14.747,25.4,31.4,39.5,67808.9,7,15,2
6,2,43,No_shortcuts(k=2),175,2,2000,2000,46,13800,17.063,33.2,36.3,37.9,58607.5,7,15,2
6,2,43,No_shortcuts(k=2),175,2,2000,2000,47,14100,20.395,39.9,50.6,65.2,49030.8,7,15,2
6,2,43,No_shortcuts(k=2),175,2,2000,2000,48,14400,21.347,44.5,50.0,79.4,46845.0,7,15,2
6,2,43,No_shortcuts(k=2),175,2,2000,2000,49,14700,22.576,49.3,57.6,69.9,44295.5,7,15,2
6,2,43,No_shortcuts(k=2),175,2,2000,2000,50,15000,21.679,50.4,61.1,63.5,46127.6,7,15,2
6,2,43,No_shortcuts(k=2),175,2,2000,2000,51,15300,26.498,60.0,77.2,1049.1,37739.2,7,15,2
6,2,43,No_shortcuts(k=2),175,2,2000,2000,52,15600,25.657,60.5,72.5,74.2,38975.2,7,15,2
6,2,43,No_shortcuts(k=2),175,2,2000,2000,53,15900,29.494,76.3,86.1,107.2,33904.8,7,15,2
6,2,43,No_shortcuts(k=2),175,2,2000,2000,54,16200,30.884,80.7,85.2,88.8,32379.2,7,15,2
6,2,43,No_shortcuts(k=2),175,2,2000,2000,55,16500,30.192,81.5,90.1,94.3,33121.0,7,15,2
6,2,43,No_shortcuts(k=2),175,2,2000,2000,56,16800,33.782,80.8,97.4,164.0,29601.9,7,15,2
6,2,43,No_shortcuts(k=2),175,2,2000,2000,57,17100,34.698,88.1,104.4,106.0,28820.4,7,15,2
6,2,43,No_shortcuts(k=2),175,2,2000,2000,58,17400,35.331,99.9,110.2,134.7,28303.5,7,15,2
6,2,43,No_shortcuts(k=2),175,2,2000,2000,59,17700,37.137,94.8,113.0,120.2,26927.6,7,15,2
6,2,43,No_shortcuts(k=2),175,2,2000,2000,60,18000,39.874,107.0,123.2,175.2,25079.2,7,15,2
6,2,43,No_shortcuts(k=2),175,2,2000,2000,61,18300,28.136,68.7,101.0,1826.4,35541.7,7,16,2
6,2,43,No_shortcuts(k=2),175,2,2000,2000,62,18600,10.87,17.6,24.5,27.9,91999.2,7,16,2
6,2,43,No_shortcuts(k=2),175,2,2000,2000,63,18900,12.168,21.1,26.5,27.4,82180.5,7,16,2
6,2,43,No_shortcuts(k=2),175,2,2000,2000,64,19200,13.771,24.4,29.1,30.2,72616.4,7,16,2
6,2,43,No_shortcuts(k=2),175,2,2000,2000,65,19500,14.42,25.6,28.8,31.0,69349.7,7,16,2
6,2,43,No_shortcuts(k=2),175,2,2000,2000,66,19800,16.246,30.8,37.0,61.3,61552.3,7,16,2
6,2,43,No_shortcuts(k=2),175,2,2000,2000,67,20000,17.277,33.2,36.6,37.3,57878.7,7,16,2
6,2,43,Overcuts(k=20),175,20,2000,2000,1,300,18.163,32.3,35.3,1631.7,55056.0,7,13,2
6,2,43,Overcuts(k=20),175,20,2000,2000,2,600,8.119,18.3,31.7,36.1,123172.9,7,13,2
6,2,43,Overcuts(k=20),175,20,2000,2000,3,900,9.371,15.8,27.1,48.3,106716.0,7,13,2
6,2,43,Overcuts(k=20),175,20,2000,2000,4,1200,9.804,19.2,21.8,28.0,101999.2,7,13,2
6,2,43,Overcuts(k=20),175,20,2000,2000,5,1500,14.844,21.7,28.6,1004.1,67365.8,7,13,2
6,2,43,Overcuts(k=20),175,20,2000,2000,6,1800,12.502,28.4,35.3,37.3,79985.1,7,13,2
6,2,43,Overcuts(k=20),175,20,2000,2000,7,2100,14.802,35.8,38.8,53.3,67559.9,7,13,2
6,2,43,Overcuts(k=20),175,20,2000,2000,8,2400,15.268,36.2,44.0,47.5,65497.9,7,13,2
6,2,43,Overcuts(k=20),175,20,2000,2000,9,2700,16.61,40.5,50.4,52.9,60205.9,7,13,2
6,2,43,Overcuts(k=20),175,20,2000,2000,10,3000,22.363,48.8,66.0,952.6,44716.1,7,13,2
6,2,43,Overcuts(k=20),175,20,2000,2000,11,3300,19.329,47.2,57.9,64.9,51735.7,7,13,2
6,2,43,Overcuts(k=20),175,20,2000,2000,12,3600,22.022,57.4,67.5,107.4,45409.1,7,13,2
6,2,43,Overcuts(k=20),175,20,2000,2000,13,3900,23.296,58.7,75.7,79.1,42925.2,7,13,2
6,2,43,Overcuts(k=20),175,20,2000,2000,14,4200,23.632,63.4,82.3,83.8,42315.5,7,13,2
6,2,43,Overcuts(k=20),175,20,2000,2000,15,4500,25.274,74.0,83.8,92.4,39565.8,7,13,2
6,2,43,Overcuts(k=20),175,20,2000,2000,16,4800,25.785,79.0,90.9,100.1,38781.7,7,13,2
6,2,43,Overcuts(k=20),175,20,2000,2000,17,5100,28.949,76.8,95.5,100.9,34543.9,7,13,2
6,2,43,Overcuts(k=20),175,20,2000,2000,18,5400,29.882,86.6,103.4,106.6,33464.6,7,13,2
6,2,43,Overcuts(k=20),175,20,2000,2000,19,5700,34.662,98.3,110.5,145.0,28850.3,7,13,2
6,2,43,Overcuts(k=20),175,20,2000,2000,20,6000,32.508,83.1,113.3,1823.5,30762.0,7,14,2
6,2,43,Overcuts(k=20),175,20,2000,2000,21,6300,7.513,15.0,25.0,35.4,133096.7,7,14,2
6,2,43,Overcuts(k=20),175,20,2000,2000,22,6600,8.295,14.5,19.4,20.5,120554.5,7,14,2
6,2,43,Overcuts(k=20),175,20,2000,2000,23,6900,10.362,20.2,25.5,29.1,96506.5,7,14,2
6,2,43,Overcuts(k=20),175,20,2000,2000,24,7200,10.499,21.9,24.9,35.5,95250.2,7,14,2
6,2,43,Overcuts(k=20),175,20,2000,2000,25,7500,12.389,25.3,30.5,31.6,80714.6,7,14,2
6,2,43,Overcuts(k=20),175,20,2000,2000,26,7800,14.297,31.6,39.2,79.3,69946.4,7,14,2
6,2,43,Overcuts(k=20),175,20,2000,2000,27,8100,15.653,37.0,43.2,44.7,63884.2,7,14,2
6,2,43,Overcuts(k=20),175,20,2000,2000,28,8400,16.152,37.9,47.8,53.0,61913.1,7,14,2
6,2,43,Overcuts(k=20),175,20,2000,2000,29,8700,18.812,46.5,55.7,84.9,53157.6,7,14,2
6,2,43,Overcuts(k=20),175,20,2000,2000,30,9000,17.877,39.3,59.1,60.4,55937.8,7,14,2
6,2,43,Overcuts(k=20),175,20,2000,2000,31,9300,24.2,51.1,67.4,950.5,41322.9,7,14,2
6,2,43,Overcuts(k=20),175,20,2000,2000,32,9600,22.889,61.3,74.1,82.4,43689.1,7,14,2
6,2,43,Overcuts(k=20),175,20,2000,2000,33,9900,23.413,61.5,74.2,81.9,42711.3,7,14,2
6,2,43,Overcuts(k=20),175,20,2000,2000,34,10200,24.654,67.2,83.4,110.8,40560.8,7,14,2
6,2,43,Overcuts(k=20),175,20,2000,2000,35,10500,27.181,67.7,88.0,91.3,36790.0,7,14,2
6,2,43,Overcuts(k=20),175,20,2000,2000,36,10800,30.027,82.9,92.9,129.6,33303.4,7,14,2
6,2,43,Overcuts(k=20),175,20,2000,2000,37,11100,28.771,81.8,104.6,110.7,34757.6,7,14,2
6,2,43,Overcuts(k=20),175,20,2000,2000,38,11400,31.554,89.8,103.5,109.8,31691.7,7,14,2
6,2,43,Overcuts(k=20),175,20,2000,2000,39,11700,30.905,87.6,108.7,110.7,32357.2,7,14,2
6,2,43,Overcuts(k=20),175,20,2000,2000,40,12000,33.091,83.7,115.5,117.3,30220.0,7,14,2
6,2,43,Overcuts(k=20),175,20,2000,2000,41,12300,28.818,71.7,112.2,2078.0,34700.5,7,15,2
6,2,43,Overcuts(k=20),175,20,2000,2000,42,12600,10.384,31.8,35.3,36.9,96302.0,7,15,2
6,2,43,Overcuts(k=20),175,20,2000,2000,43,12900,11.275,29.2,35.6,37.4,88691.8,7,15,2
6,2,43,Overcuts(k=20),175,20,2000,2000,44,13200,11.751,21.5,38.2,40.4,85099.1,7,15,2
6,2,43,Overcuts(k=20),175,20,2000,2000,45,13500,12.44,23.9,30.0,39.6,80388.0,7,15,2
6,2,43,Overcuts(k=20),175,20,2000,2000,46,13800,14.623,31.6,34.8,36.2,68385.4,7,15,2
6,2,43,Overcuts(k=20),175,20,2000,2000,47,14100,16.506,36.4,49.8,75.3,60584.0,7,15,2
6,2,43,Overcuts(k=20),175,20,2000,2000,48,14400,18.555,43.1,48.5,81.3,53892.9,7,15,2
6,2,43,Overcuts(k=20),175,20,2000,2000,49,14700,19.085,47.0,53.1,55.2,52396.3,7,15,2
6,2,43,Overcuts(k=20),175,20,2000,2000,50,15000,19.668,50.8,68.4,94.5,50844.0,7,15,2
6,2,43,Overcuts(k=20),175,20,2000,2000,51,15300,23.153,56.5,65.2,990.1,43190.9,7,15,2
6,2,43,Overcuts(k=20),175,20,2000,2000,52,15600,23.9,59.0,72.2,142.9,41840.4,7,15,2
6,2,43,Overcuts(k=20),175,20,2000,2000,53,15900,25.205,70.0,77.3,79.5,39674.1,7,15,2
6,2,43,Overcuts(k=20),175,20,2000,2000,54,16200,29.46,78.9,86.0,125.0,33944.3,7,15,2
6,2,43,Overcuts(k=20),175,20,2000,2000,55,16500,26.878,74.4,86.9,92.3,37205.1,7,15,2
6,2,43,Overcuts(k=20),175,20,2000,2000,56,16800,31.451,83.2,101.1,112.5,31795.2,7,15,2
6,2,43,Overcuts(k=20),175,20,2000,2000,57,17100,34.675,87.5,127.4,167.9,28839.5,7,15,2
6,2,43,Overcuts(k=20),175,20,2000,2000,58,17400,33.878,99.3,115.9,132.1,29517.4,7,15,2
6,2,43,Overcuts(k=20),175,20,2000,2000,59,17700,35.122,96.1,126.2,142.7,28472.5,7,15,2
6,2,43,Overcuts(k=20),175,20,2000,2000,60,18000,37.725,108.6,123.1,143.1,26507.4,7,15,2
6,2,43,Overcuts(k=20),175,20,2000,2000,61,18300,29.353,62.5,98.4,2693.2,34068.1,7,16,2
6,2,43,Overcuts(k=20),175,20,2000,2000,62,18600,8.837,22.4,35.3,59.5,113164.9,7,16,2
6,2,43,Overcuts(k=20),175,20,2000,2000,63,18900,8.113,15.8,26.9,30.4,123253.9,7,16,2
6,2,43,Overcuts(k=20),175,20,2000,2000,64,19200,9.714,19.1,23.8,26.0,102940.7,7,16,2
6,2,43,Overcuts(k=20),175,20,2000,2000,65,19500,10.828,22.2,25.2,27.2,92350.3,7,16,2
6,2,43,Overcuts(k=20),175,20,2000,2000,66,19800,12.051,24.4,29.5,90.9,82980.7,7,16,2
6,2,43,Overcuts(k=20),175,20,2000,2000,67,20000,13.957,30.1,38.7,50.0,71646.1,7,16,2
6,2,43,High_sub=40k,175,6,40000,2000,1,300,276.304,657.2,1992.1,3055.9,3619.2,1,0,0
6,2,43,High_sub=40k,175,6,40000,2000,2,600,252.584,549.8,1948.1,2083.1,3959.1,1,0,0
6,2,43,High_sub=40k,175,6,40000,2000,3,900,309.503,585.4,2358.5,5275.1,3231.0,1,0,0
6,2,43,High_sub=40k,175,6,40000,2000,4,1200,460.827,1232.6,3416.3,5699.4,2170.0,1,0,0
6,2,43,High_sub=40k,175,6,40000,2000,5,1500,524.483,1619.2,4141.2,5133.6,1906.6,1,0,0
6,2,43,High_sub=40k,175,6,40000,2000,6,1800,476.68,1256.4,3261.9,4248.1,2097.8,1,0,0
6,2,43,High_sub=40k,175,6,40000,2000,7,2100,309.424,770.5,2121.1,2490.8,3231.8,1,0,0
6,2,43,High_sub=40k,175,6,40000,2000,8,2400,434.566,1245.9,3248.2,3486.1,2301.1,1,0,0
6,2,43,High_sub=40k,175,6,40000,2000,9,2700,322.487,801.5,2238.3,2422.9,3100.9,1,0,0
6,2,43,High_sub=40k,175,6,40000,2000,10,3000,283.685,693.4,2070.2,2451.2,3525.0,1,0,0
6,2,43,High_sub=40k,175,6,40000,2000,11,3300,361.821,1787.8,2564.1,3124.4,2763.8,1,0,0
6,2,43,High_sub=40k,175,6,40000,2000,12,3600,298.039,690.7,2078.7,2723.0,3355.3,1,0,0
6,2,43,High_sub=40k,175,6,40000,2000,13,3900,318.137,718.9,1986.1,2283.5,3143.3,1,0,0
6,2,43,High_sub=40k,175,6,40000,2000,14,4200,302.008,662.7,2087.2,2680.6,3311.2,1,0,0
6,2,43,High_sub=40k,175,6,40000,2000,15,4500,310.238,758.8,1852.7,2522.3,3223.3,1,0,0
6,2,43,High_sub=40k,175,6,40000,2000,16,4800,344.085,1733.7,2408.2,2733.5,2906.3,1,0,0
6,2,43,High_sub=40k,175,6,40000,2000,17,5100,298.877,625.8,1891.9,1968.8,3345.9,1,0,0
6,2,43,High_sub=40k,175,6,40000,2000,18,5400,293.445,655.5,2089.2,2197.7,3407.8,1,0,0
6,2,43,High_sub=40k,175,6,40000,2000,19,5700,350.349,1064.6,2150.4,3863.2,2854.3,1,0,0
6,2,43,High_sub=40k,175,6,40000,2000,20,6000,255.146,604.4,1919.4,2571.4,3919.3,1,0,0
6,2,43,High_sub=40k,175,6,40000,2000,21,6300,277.93,667.7,1894.5,1993.8,3598.0,1,0,0
6,2,43,High_sub=40k,175,6,40000,2000,22,6600,271.061,651.9,1924.2,2203.6,3689.2,1,0,0
6,2,43,High_sub=40k,175,6,40000,2000,23,6900,280.825,619.3,2014.8,2191.7,3560.9,1,0,0
6,2,43,High_sub=40k,175,6,40000,2000,24,7200,352.761,1802.5,2215.2,2301.0,2834.8,1,0,0
6,2,43,High_sub=40k,175,6,40000,2000,25,7500,408.687,1557.3,2835.6,3697.6,2446.9,1,0,0
6,2,43,High_sub=40k,175,6,40000,2000,26,7800,354.147,856.4,2489.6,2935.8,2823.7,1,0,0
6,2,43,High_sub=40k,175,6,40000,2000,27,8100,316.051,715.3,2123.8,2358.7,3164.0,1,0,0
6,2,43,High_sub=40k,175,6,40000,2000,28,8400,321.104,1763.7,2139.8,2372.7,3114.3,1,0,0
6,2,43,High_sub=40k,175,6,40000,2000,29,8700,316.667,733.3,2138.8,2326.3,3157.9,1,0,0
6,2,43,High_sub=40k,175,6,40000,2000,30,9000,345.253,894.4,2427.4,3900.4,2896.4,1,0,0
6,2,43,High_sub=40k,175,6,40000,2000,31,9300,310.332,677.2,2366.1,2425.5,3222.4,1,0,0
6,2,43,High_sub=40k,175,6,40000,2000,32,9600,335.784,1830.4,2484.3,2627.6,2978.1,1,0,0
6,2,43,High_sub=40k,175,6,40000,2000,33,9900,305.794,776.4,2106.9,2290.1,3270.2,1,0,0
6,2,43,High_sub=40k,175,6,40000,2000,34,10200,267.551,608.9,2070.0,2172.6,3737.6,1,0,0
6,2,43,High_sub=40k,175,6,40000,2000,35,10500,341.694,870.4,2190.5,2535.1,2926.6,1,0,0
6,2,43,High_sub=40k,175,6,40000,2000,36,10800,313.205,666.3,2175.9,2247.6,3192.8,1,0,0
6,2,43,High_sub=40k,175,6,40000,2000,37,11100,322.51,730.4,2313.3,2635.5,3100.7,1,0,0
6,2,43,High_sub=40k,175,6,40000,2000,38,11400,284.841,634.8,2109.3,2353.8,3510.7,1,0,0
6,2,43,High_sub=40k,175,6,40000,2000,39,11700,272.302,628.8,1970.1,2522.8,3672.4,1,0,0
6,2,43,High_sub=40k,175,6,40000,2000,40,12000,347.249,979.6,2231.7,2446.1,2879.8,1,0,0
6,2,43,High_sub=40k,175,6,40000,2000,41,12300,313.533,688.9,2464.3,4528.4,3189.5,1,0,0
6,2,43,High_sub=40k,175,6,40000,2000,42,12600,272.59,663.8,1950.3,2238.1,3668.5,1,0,0
6,2,43,High_sub=40k,175,6,40000,2000,43,12900,261.699,633.2,2006.7,2491.6,3821.2,1,0,0
6,2,43,High_sub=40k,175,6,40000,2000,44,13200,315.734,722.3,2233.4,2512.1,3167.2,1,0,0
6,2,43,High_sub=40k,175,6,40000,2000,45,13500,312.382,1795.0,2435.6,2577.1,3201.2,1,0,0
6,2,43,High_sub=40k,175,6,40000,2000,46,13800,334.102,773.2,2178.5,2444.3,2993.1,1,0,0
6,2,43,High_sub=40k,175,6,40000,2000,47,14100,351.27,942.5,2509.3,2958.1,2846.8,1,0,0
6,2,43,High_sub=40k,175,6,40000,2000,48,14400,289.652,648.6,2131.7,2372.1,3452.4,1,0,0
6,2,43,High_sub=40k,175,6,40000,2000,49,14700,301.807,653.9,2200.8,2342.8,3313.4,1,0,0
6,2,43,High_sub=40k,175,6,40000,2000,50,15000,341.327,1828.0,2463.9,2629.9,2929.7,1,0,0
6,2,43,High_sub=40k,175,6,40000,2000,51,15300,334.568,842.3,2392.0,2460.9,2988.9,1,0,0
6,2,43,High_sub=40k,175,6,40000,2000,52,15600,312.965,739.5,2323.3,2651.0,3195.2,1,0,0
6,2,43,High_sub=40k,175,6,40000,2000,53,15900,301.792,683.7,2296.0,2382.8,3313.5,1,0,0
6,2,43,High_sub=40k,175,6,40000,2000,54,16200,300.386,685.5,2308.7,2337.2,3329.0,1,0,0
6,2,43,High_sub=40k,175,6,40000,2000,55,16500,346.247,1906.8,2234.9,2339.2,2888.1,1,0,0
6,2,43,High_sub=40k,175,6,40000,2000,56,16800,324.381,697.3,2176.5,2516.3,3082.8,1,0,0
6,2,43,High_sub=40k,175,6,40000,2000,57,17100,308.096,689.7,2233.7,2667.1,3245.7,1,0,0
6,2,43,High_sub=40k,175,6,40000,2000,58,17400,343.093,1870.6,2197.4,2371.7,2914.7,1,0,0
6,2,43,High_sub=40k,175,6,40000,2000,59,17700,302.745,657.4,2124.7,2344.5,3303.1,1,0,0
6,2,43,High_sub=40k,175,6,40000,2000,60,18000,331.404,740.0,2531.6,2743.6,3017.5,1,0,0
6,2,43,High_sub=40k,175,6,40000,2000,61,18300,359.586,1296.6,2592.6,3552.1,2781.0,1,0,0
6,2,43,High_sub=40k,175,6,40000,2000,62,18600,367.893,1940.1,2566.1,3093.4,2718.2,1,0,0
6,2,43,High_sub=40k,175,6,40000,2000,63,18900,339.439,789.1,2402.4,2581.1,2946.0,1,0,0
6,2,43,High_sub=40k,175,6,40000,2000,64,19200,334.561,720.1,2069.3,2194.3,2989.0,1,0,0
6,2,43,High_sub=40k,175,6,40000,2000,65,19500,317.286,716.5,2280.5,2576.5,3151.7,1,0,0
6,2,43,High_sub=40k,175,6,40000,2000,66,19800,343.22,730.9,2433.7,2676.3,2913.6,1,0,0
6,2,43,High_sub=40k,175,6,40000,2000,67,20000,415.682,2087.2,2543.5,2581.6,2405.7,1,0,0
6,2,43,Low_sub=200,175,6,200,2000,1,300,23.4,45.2,53.9,2462.2,42734.4,0,146,4
6,2,43,Low_sub=200,175,6,200,2000,2,600,21.468,28.8,52.6,2434.2,46580.2,0,147,4
6,2,43,Low_sub=200,175,6,200,2000,3,900,14.07,32.2,51.0,89.5,71073.2,0,147,4
6,2,43,Low_sub=200,175,6,200,2000,4,1200,13.178,28.6,34.2,35.9,75882.1,0,147,4
6,2,43,Low_sub=200,175,6,200,2000,5,1500,19.026,38.2,46.9,2436.5,52558.7,0,148,4
6,2,43,Low_sub=200,175,6,200,2000,6,1800,21.066,41.3,60.5,3557.5,47469.9,0,149,4
6,2,43,Low_sub=200,175,6,200,2000,7,2100,14.938,31.9,51.0,57.9,66944.9,0,149,4
6,2,43,Low_sub=200,175,6,200,2000,8,2400,21.603,29.0,51.3,2385.2,46290.6,0,150,4
6,2,43,Low_sub=200,175,6,200,2000,9,2700,13.18,28.9,49.4,50.0,75870.6,0,150,4
6,2,43,Low_sub=200,175,6,200,2000,10,3000,20.737,30.2,49.0,2275.2,48223.8,0,151,4
6,2,43,Low_sub=200,175,6,200,2000,11,3300,13.526,30.3,51.6,76.0,73933.5,0,151,4
6,2,43,Low_sub=200,175,6,200,2000,12,3600,20.947,29.9,52.5,2402.1,47740.3,0,152,4
6,2,43,Low_sub=200,175,6,200,2000,13,3900,9.915,27.8,48.6,50.2,100857.3,0,152,4
6,2,43,Low_sub=200,175,6,200,2000,14,4200,5.41,7.7,51.6,58.9,184854.3,0,152,4
6,2,43,Low_sub=200,175,6,200,2000,15,4500,19.692,46.2,52.9,2286.5,50782.9,0,153,4
6,2,43,Low_sub=200,175,6,200,2000,16,4800,19.076,38.4,53.4,2303.8,52421.0,0,154,4
6,2,43,Low_sub=200,175,6,200,2000,17,5100,13.633,28.7,48.3,50.8,73349.6,0,154,4
6,2,43,Low_sub=200,175,6,200,2000,18,5400,21.593,46.3,54.0,2339.5,46310.6,0,155,4
6,2,43,Low_sub=200,175,6,200,2000,19,5700,10.547,29.8,50.6,52.2,94816.7,0,155,4
6,2,43,Low_sub=200,175,6,200,2000,20,6000,19.002,35.2,52.4,2454.7,52627.0,0,156,4
6,2,43,Low_sub=200,175,6,200,2000,21,6300,13.263,27.3,46.5,62.0,75397.7,0,156,4
6,2,43,Low_sub=200,175,6,200,2000,22,6600,20.618,27.3,38.0,2385.9,48502.1,0,157,4
6,2,43,Low_sub=200,175,6,200,2000,23,6900,11.968,27.7,33.3,36.4,83558.5,0,157,4
6,2,43,Low_sub=200,175,6,200,2000,24,7200,18.871,42.2,76.7,2548.1,52991.4,0,158,4
6,2,43,Low_sub=200,175,6,200,2000,25,7500,14.687,38.5,52.2,53.5,68089.0,0,158,4
6,2,43,Low_sub=200,175,6,200,2000,26,7800,11.784,29.6,41.6,54.1,84858.4,0,158,4
6,2,43,Low_sub=200,175,6,200,2000,27,8100,22.515,33.7,54.8,2639.4,44414.2,0,159,4
6,2,43,Low_sub=200,175,6,200,2000,28,8400,12.344,28.1,38.4,39.2,81013.2,0,159,4
6,2,43,Low_sub=200,175,6,200,2000,29,8700,22.615,49.3,55.6,2504.7,44217.8,0,160,4
6,2,43,Low_sub=200,175,6,200,2000,30,9000,13.871,28.5,51.0,100.0,72091.1,0,160,4
6,2,43,Low_sub=200,175,6,200,2000,31,9300,20.253,27.0,53.6,2629.3,49376.2,0,161,4
6,2,43,Low_sub=200,175,6,200,2000,32,9600,10.311,25.2,39.0,54.7,96987.0,0,161,4
6,2,43,Low_sub=200,175,6,200,2000,33,9900,23.998,50.7,56.7,2585.1,41670.1,0,162,4
6,2,43,Low_sub=200,175,6,200,2000,34,10200,12.95,43.4,54.1,58.2,77220.1,0,162,4
6,2,43,Low_sub=200,175,6,200,2000,35,10500,23.93,51.5,113.3,2507.7,41788.0,0,163,4
6,2,43,Low_sub=200,175,6,200,2000,36,10800,13.546,28.2,35.3,56.2,73822.5,0,163,4
6,2,43,Low_sub=200,175,6,200,2000,37,11100,22.617,29.7,36.8,2731.8,44215.2,0,164,4
6,2,43,Low_sub=200,175,6,200,2000,38,11400,14.67,34.2,59.3,86.4,68164.8,0,164,4
6,2,43,Low_sub=200,175,6,200,2000,39,11700,24.283,35.8,57.1,2813.7,41181.6,0,165,4
6,2,43,Low_sub=200,175,6,200,2000,40,12000,12.534,28.3,35.7,53.9,79783.0,0,165,4
6,2,43,Low_sub=200,175,6,200,2000,41,12300,23.606,33.3,58.3,2810.6,42361.5,0,166,4
6,2,43,Low_sub=200,175,6,200,2000,42,12600,12.045,29.4,53.0,55.8,83022.0,0,166,4
6,2,43,Low_sub=200,175,6,200,2000,43,12900,22.952,40.9,96.2,2760.8,43569.8,0,167,4
6,2,43,Low_sub=200,175,6,200,2000,44,13200,10.044,27.6,55.8,57.9,99565.2,0,167,4
6,2,43,Low_sub=200,175,6,200,2000,45,13500,22.578,31.7,58.9,2923.0,44291.6,0,168,4
6,2,43,Low_sub=200,175,6,200,2000,46,13800,14.213,33.8,48.1,107.6,70358.1,0,168,4
6,2,43,Low_sub=200,175,6,200,2000,47,14100,23.495,31.9,55.5,2768.5,42561.6,0,169,4
6,2,43,Low_sub=200,175,6,200,2000,48,14400,13.582,29.6,33.9,38.3,73628.7,0,169,4
6,2,43,Low_sub=200,175,6,200,2000,49,14700,22.888,30.8,41.1,2765.2,43691.0,0,170,4
6,2,43,Low_sub=200,175,6,200,2000,50,15000,10.438,26.4,52.4,59.4,95803.8,0,170,4
6,2,43,Low_sub=200,175,6,200,2000,51,15300,24.247,45.4,61.1,2855.2,41242.2,0,171,4
6,2,43,Low_sub=200,175,6,200,2000,52,15600,12.647,27.2,34.3,35.5,79070.1,0,171,4
6,2,43,Low_sub=200,175,6,200,2000,53,15900,22.779,30.1,37.4,2833.9,43900.7,0,172,4
6,2,43,Low_sub=200,175,6,200,2000,54,16200,9.055,28.5,49.2,56.6,110432.2,0,172,4
6,2,43,Low_sub=200,175,6,200,2000,55,16500,41.178,90.9,100.7,4304.8,24285.0,0,173,4
6,2,43,Low_sub=200,175,6,200,2000,56,16800,17.422,40.4,66.1,125.2,57399.8,0,173,4
6,2,43,Low_sub=200,175,6,200,2000,57,17100,23.646,30.9,54.4,2973.6,42291.0,0,174,4
6,2,43,Low_sub=200,175,6,200,2000,58,17400,10.033,29.0,56.4,64.4,99667.8,0,174,4
6,2,43,Low_sub=200,175,6,200,2000,59,17700,27.295,56.2,66.8,3196.1,36636.7,0,175,4
6,2,43,Low_sub=200,175,6,200,2000,60,18000,15.445,37.1,58.2,62.0,64744.5,0,175,4
6,2,43,Low_sub=200,175,6,200,2000,61,18300,24.446,32.8,60.3,3038.9,40905.9,0,176,4
6,2,43,Low_sub=200,175,6,200,2000,62,18600,13.647,30.7,35.0,37.9,73276.2,0,176,4
6,2,43,Low_sub=200,175,6,200,2000,63,18900,22.27,36.2,55.8,2914.9,44903.5,0,177,4
6,2,43,Low_sub=200,175,6,200,2000,64,19200,12.697,27.8,40.7,48.2,78756.7,0,177,4
6,2,43,Low_sub=200,175,6,200,2000,65,19500,25.49,48.9,59.9,2896.8,39230.6,0,178,4
6,2,43,Low_sub=200,175,6,200,2000,66,19800,14.034,30.7,58.2,59.2,71255.5,0,178,4
6,2,43,Low_sub=200,175,6,200,2000,67,20000,32.262,43.3,112.8,3100.3,30996.2,0,179,4
6,2,43,High_local=50k,175,6,2000,50000,1,300,17.973,31.4,34.4,1503.5,55638.0,0,13,2
6,2,43,High_local=50k,175,6,2000,50000,2,600,8.984,16.9,31.7,36.5,111309.0,0,13,2
6,2,43,High_local=50k,175,6,2000,50000,3,900,9.992,16.9,21.6,44.7,100083.4,0,13,2
6,2,43,High_local=50k,175,6,2000,50000,4,1200,12.47,24.5,40.0,45.5,80190.3,0,13,2
6,2,43,High_local=50k,175,6,2000,50000,5,1500,13.669,25.5,31.5,91.1,73156.5,0,13,2
6,2,43,High_local=50k,175,6,2000,50000,6,1800,13.985,31.2,37.9,41.6,71506.9,0,13,2
6,2,43,High_local=50k,175,6,2000,50000,7,2100,16.121,38.8,47.7,51.8,62030.9,0,13,2
6,2,43,High_local=50k,175,6,2000,50000,8,2400,17.11,39.5,48.1,62.8,58446.5,0,13,2
6,2,43,High_local=50k,175,6,2000,50000,9,2700,18.027,43.3,53.4,59.2,55473.4,0,13,2
6,2,43,High_local=50k,175,6,2000,50000,10,3000,20.146,49.9,59.6,111.5,49636.8,0,13,2
6,2,43,High_local=50k,175,6,2000,50000,11,3300,20.829,49.9,61.3,67.9,48009.2,0,13,2
6,2,43,High_local=50k,175,6,2000,50000,12,3600,24.188,61.3,80.5,94.0,41342.2,0,13,2
6,2,43,High_local=50k,175,6,2000,50000,13,3900,24.903,61.8,76.8,79.7,40155.3,0,13,2
6,2,43,High_local=50k,175,6,2000,50000,14,4200,25.195,67.2,86.2,111.1,39689.9,0,13,2
6,2,43,High_local=50k,175,6,2000,50000,15,4500,26.964,77.8,87.0,90.9,37086.5,0,13,2
6,2,43,High_local=50k,175,6,2000,50000,16,4800,27.65,82.7,95.7,159.8,36166.4,0,13,2
6,2,43,High_local=50k,175,6,2000,50000,17,5100,30.791,80.2,97.7,104.3,32477.0,0,13,2
6,2,43,High_local=50k,175,6,2000,50000,18,5400,32.018,88.7,107.5,149.3,31232.4,0,13,2
6,2,43,High_local=50k,175,6,2000,50000,19,5700,37.635,102.9,116.4,186.7,26570.8,0,13,2
6,2,43,High_local=50k,175,6,2000,50000,20,6000,34.149,86.8,113.0,1936.4,29283.1,0,14,2
6,2,43,High_local=50k,175,6,2000,50000,21,6300,8.549,17.8,31.8,44.4,116972.7,0,14,2
6,2,43,High_local=50k,175,6,2000,50000,22,6600,8.925,15.6,21.2,22.2,112044.8,0,14,2
6,2,43,High_local=50k,175,6,2000,50000,23,6900,10.227,19.4,22.8,26.0,97777.2,0,14,2
6,2,43,High_local=50k,175,6,2000,50000,24,7200,11.06,22.9,26.1,37.6,90415.9,0,14,2
6,2,43,High_local=50k,175,6,2000,50000,25,7500,12.798,26.1,31.5,32.7,78135.2,0,14,2
6,2,43,High_local=50k,175,6,2000,50000,26,7800,14.799,34.4,46.1,52.7,67573.6,0,14,2
6,2,43,High_local=50k,175,6,2000,50000,27,8100,15.993,38.2,43.7,44.7,62528.7,0,14,2
6,2,43,High_local=50k,175,6,2000,50000,28,8400,16.608,38.7,48.1,49.9,60211.9,0,14,2
6,2,43,High_local=50k,175,6,2000,50000,29,8700,19.467,46.7,56.9,89.0,51369.0,0,14,2
6,2,43,High_local=50k,175,6,2000,50000,30,9000,18.638,39.9,60.2,61.4,53653.8,0,14,2
6,2,43,High_local=50k,175,6,2000,50000,31,9300,22.723,53.8,65.8,90.0,44008.9,0,14,2
6,2,43,High_local=50k,175,6,2000,50000,32,9600,22.044,60.7,69.2,71.6,45363.8,0,14,2
6,2,43,High_local=50k,175,6,2000,50000,33,9900,24.685,64.9,78.8,92.9,40509.9,0,14,2
6,2,43,High_local=50k,175,6,2000,50000,34,10200,24.804,66.1,82.9,85.0,40315.5,0,14,2
6,2,43,High_local=50k,175,6,2000,50000,35,10500,28.299,69.7,90.1,107.8,35337.4,0,14,2
6,2,43,High_local=50k,175,6,2000,50000,36,10800,29.801,80.5,93.7,94.2,33555.5,0,14,2
6,2,43,High_local=50k,175,6,2000,50000,37,11100,28.78,74.9,98.7,100.3,34745.9,0,14,2
6,2,43,High_local=50k,175,6,2000,50000,38,11400,32.648,90.7,108.3,139.1,30629.4,0,14,2
6,2,43,High_local=50k,175,6,2000,50000,39,11700,31.114,82.5,108.8,112.0,32140.2,0,14,2
6,2,43,High_local=50k,175,6,2000,50000,40,12000,34.39,86.5,118.1,119.2,29078.2,0,14,2
6,2,43,High_local=50k,175,6,2000,50000,41,12300,28.48,66.2,113.6,2020.5,35112.8,0,15,2
6,2,43,High_local=50k,175,6,2000,50000,42,12600,14.518,48.6,64.2,99.0,68878.4,0,15,2
6,2,43,High_local=50k,175,6,2000,50000,43,12900,17.922,48.3,59.6,62.3,55798.4,0,15,2
6,2,43,High_local=50k,175,6,2000,50000,44,13200,17.601,32.9,68.6,75.1,56815.0,0,15,2
6,2,43,High_local=50k,175,6,2000,50000,45,13500,20.732,41.8,58.4,84.9,48235.4,0,15,2
6,2,43,High_local=50k,175,6,2000,50000,46,13800,23.622,48.0,56.3,72.3,42332.8,0,15,2
6,2,43,High_local=50k,175,6,2000,50000,47,14100,26.109,54.2,65.4,85.4,38301.0,0,15,2
6,2,43,High_local=50k,175,6,2000,50000,48,14400,28.921,64.4,76.9,81.8,34577.3,0,15,2
6,2,43,High_local=50k,175,6,2000,50000,49,14700,23.064,51.1,75.9,92.6,43358.2,0,15,2
6,2,43,High_local=50k,175,6,2000,50000,50,15000,19.86,49.4,59.9,61.9,50353.3,0,15,2
6,2,43,High_local=50k,175,6,2000,50000,51,15300,21.07,56.7,67.4,91.8,47460.1,0,15,2
6,2,43,High_local=50k,175,6,2000,50000,52,15600,23.287,59.4,71.2,72.0,42943.0,0,15,2
6,2,43,High_local=50k,175,6,2000,50000,53,15900,27.244,76.9,100.2,105.7,36705.3,0,15,2
6,2,43,High_local=50k,175,6,2000,50000,54,16200,30.139,80.3,92.0,120.0,33179.2,0,15,2
6,2,43,High_local=50k,175,6,2000,50000,55,16500,27.794,81.9,89.3,102.4,35979.0,0,15,2
6,2,43,High_local=50k,175,6,2000,50000,56,16800,30.475,78.7,95.0,123.5,32813.8,0,15,2
6,2,43,High_local=50k,175,6,2000,50000,57,17100,31.976,85.7,102.1,108.7,31273.8,0,15,2
6,2,43,High_local=50k,175,6,2000,50000,58,17400,33.367,98.8,121.0,129.4,29970.0,0,15,2
6,2,43,High_local=50k,175,6,2000,50000,59,17700,34.062,92.0,110.6,118.6,29357.9,0,15,2
6,2,43,High_local=50k,175,6,2000,50000,60,18000,37.653,102.9,121.5,122.5,26558.3,0,15,2
6,2,43,High_local=50k,175,6,2000,50000,61,18300,35.691,68.7,100.7,2780.2,28018.3,0,16,2
6,2,43,High_local=50k,175,6,2000,50000,62,18600,9.027,19.4,41.1,47.3,110774.7,0,16,2
6,2,43,High_local=50k,175,6,2000,50000,63,18900,9.831,19.5,32.9,40.0,101722.5,0,16,2
6,2,43,High_local=50k,175,6,2000,50000,64,19200,11.265,21.6,38.7,51.0,88767.9,0,16,2
6,2,43,High_local=50k,175,6,2000,50000,65,19500,11.632,23.4,26.7,29.0,85967.3,0,16,2
6,2,43,High_local=50k,175,6,2000,50000,66,19800,13.114,27.5,30.7,32.4,76254.4,0,16,2
6,2,43,High_local=50k,175,6,2000,50000,67,20000,14.551,31.4,39.5,40.9,68721.4,0,16,2
6,2,43,Low_local=50,175,6,2000,50,1,300,23.549,33.9,816.8,1437.0,42464.6,93,13,2
6,2,43,Low_local=50,175,6,2000,50,2,600,15.242,20.0,37.1,959.8,65608.2,93,13,2
6,2,43,Low_local=50,175,6,2000,50,3,900,13.374,14.7,38.9,867.7,74770.1,94,13,2
6,2,43,Low_local=50,175,6,2000,50,4,1200,13.566,14.8,19.9,839.9,73713.7,94,13,2
6,2,43,Low_local=50,175,6,2000,50,5,1500,15.662,18.1,72.5,1016.4,63847.4,95,13,2
6,2,43,Low_local=50,175,6,2000,50,6,1800,14.367,15.4,19.4,852.8,69604.0,95,13,2
6,2,43,Low_local=50,175,6,2000,50,7,2100,15.261,16.8,38.0,861.9,65527.9,95,13,2
6,2,43,Low_local=50,175,6,2000,50,8,2400,16.153,20.9,61.0,855.2,61906.7,95,13,2
6,2,43,Low_local=50,175,6,2000,50,9,2700,15.623,20.8,24.2,835.0,64008.2,95,13,2
6,2,43,Low_local=50,175,6,2000,50,10,3000,15.875,22.5,37.5,831.1,62992.1,95,13,2
6,2,43,Low_local=50,175,6,2000,50,11,3300,17.294,24.9,44.1,823.4,57823.5,95,13,2
6,2,43,Low_local=50,175,6,2000,50,12,3600,17.539,25.7,33.1,844.0,57015.8,95,13,2
6,2,43,Low_local=50,175,6,2000,50,13,3900,18.538,30.4,36.6,825.7,53944.2,95,13,2
6,2,43,Low_local=50,175,6,2000,50,14,4200,24.895,44.3,55.0,1330.6,40168.7,95,13,2
6,2,43,Low_local=50,175,6,2000,50,15,4500,30.771,45.6,73.6,1579.4,32497.8,95,13,2
6,2,43,Low_local=50,175,6,2000,50,16,4800,25.332,36.5,858.2,1228.8,39475.8,95,13,2
6,2,43,Low_local=50,175,6,2000,50,17,5100,22.204,38.0,45.7,846.6,45036.3,95,13,2
6,2,43,Low_local=50,175,6,2000,50,18,5400,23.705,42.5,101.1,955.2,42184.6,95,13,2
6,2,43,Low_local=50,175,6,2000,50,19,5700,17.529,43.1,51.9,52.6,57049.4,95,13,2
6,2,43,Low_local=50,175,6,2000,50,20,6000,24.865,39.0,55.1,1717.6,40217.7,95,14,2
6,2,43,Low_local=50,175,6,2000,50,21,6300,13.712,16.8,36.0,877.1,72928.8,96,14,2
6,2,43,Low_local=50,175,6,2000,50,22,6600,12.444,14.0,25.1,849.3,80362.2,96,14,2
6,2,43,Low_local=50,175,6,2000,50,23,6900,10.579,15.1,27.0,823.9,94529.9,96,14,2
6,2,43,Low_local=50,175,6,2000,50,24,7200,13.839,15.4,35.6,870.9,72261.3,96,14,2
6,2,43,Low_local=50,175,6,2000,50,25,7500,14.283,17.2,20.5,828.5,70011.7,96,14,2
6,2,43,Low_local=50,175,6,2000,50,26,7800,15.648,21.5,73.0,851.4,63904.6,96,14,2
6,2,43,Low_local=50,175,6,2000,50,27,8100,17.191,23.7,37.9,965.8,58170.0,96,14,2
6,2,43,Low_local=50,175,6,2000,50,28,8400,16.992,21.8,35.0,838.9,58850.1,96,14,2
6,2,43,Low_local=50,175,6,2000,50,29,8700,18.418,28.0,49.7,845.6,54295.7,96,14,2
6,2,43,Low_local=50,175,6,2000,50,30,9000,18.365,24.8,68.2,867.0,54452.4,96,14,2
6,2,43,Low_local=50,175,6,2000,50,31,9300,19.08,29.2,43.9,843.2,52410.9,96,14,2
6,2,43,Low_local=50,175,6,2000,50,32,9600,20.075,35.9,80.6,879.9,49812.4,96,14,2
6,2,43,Low_local=50,175,6,2000,50,33,9900,20.576,37.1,49.3,841.9,48601.1,96,14,2
6,2,43,Low_local=50,175,6,2000,50,34,10200,21.374,42.9,79.0,868.7,46786.5,96,14,2
6,2,43,Low_local=50,175,6,2000,50,35,10500,20.106,41.3,55.1,891.8,49735.6,96,14,2
6,2,43,Low_local=50,175,6,2000,50,36,10800,24.443,49.2,65.6,861.6,40912.1,96,14,2
6,2,43,Low_local=50,175,6,2000,50,37,11100,23.379,42.4,63.3,963.1,42773.4,96,14,2
6,2,43,Low_local=50,175,6,2000,50,38,11400,25.262,53.3,95.6,865.5,39585.7,96,14,2
6,2,43,Low_local=50,175,6,2000,50,39,11700,25.555,43.4,72.0,982.9,39131.3,96,14,2
6,2,43,Low_local=50,175,6,2000,50,40,12000,20.789,45.1,73.0,76.0,48101.6,96,14,2
6,2,43,Low_local=50,175,6,2000,50,41,12300,26.085,45.2,78.2,1971.5,38336.7,96,15,2
6,2,43,Low_local=50,175,6,2000,50,42,12600,15.788,32.5,37.5,906.0,63339.2,97,15,2
6,2,43,Low_local=50,175,6,2000,50,43,12900,14.915,30.3,37.9,896.8,67045.1,98,15,2
6,2,43,Low_local=50,175,6,2000,50,44,13200,14.509,18.0,42.5,911.4,68922.7,99,15,2
6,2,43,Low_local=50,175,6,2000,50,45,13500,13.666,15.2,40.0,887.8,73172.5,99,15,2
6,2,43,Low_local=50,175,6,2000,50,46,13800,14.516,15.5,19.8,887.3,68889.5,99,15,2
6,2,43,Low_local=50,175,6,2000,50,47,14100,16.178,17.5,39.8,936.7,61812.3,99,15,2
6,2,43,Low_local=50,175,6,2000,50,48,14400,16.424,19.5,63.8,909.9,60885.3,99,15,2
6,2,43,Low_local=50,175,6,2000,50,49,14700,15.803,17.5,39.6,986.1,63279.1,100,15,2
6,2,43,Low_local=50,175,6,2000,50,50,15000,15.142,18.4,44.7,919.5,66041.5,100,15,2
6,2,43,Low_local=50,175,6,2000,50,51,15300,14.38,17.5,51.4,869.9,69542.6,100,15,2
6,2,43,Low_local=50,175,6,2000,50,52,15600,15.182,20.3,39.0,869.6,65867.5,100,15,2
6,2,43,Low_local=50,175,6,2000,50,53,15900,19.91,23.6,899.6,980.2,50226.0,100,15,2
6,2,43,Low_local=50,175,6,2000,50,54,16200,16.705,23.0,40.9,876.4,59861.1,100,15,2
6,2,43,Low_local=50,175,6,2000,50,55,16500,14.134,24.4,43.7,892.9,70751.4,100,15,2
6,2,43,Low_local=50,175,6,2000,50,56,16800,21.44,26.8,877.3,979.4,46642.5,100,15,2
6,2,43,Low_local=50,175,6,2000,50,57,17100,17.962,26.8,43.8,883.2,55672.1,100,15,2
6,2,43,Low_local=50,175,6,2000,50,58,17400,19.226,30.0,84.5,884.1,52012.9,100,15,2
6,2,43,Low_local=50,175,6,2000,50,59,17700,16.807,29.8,37.3,937.8,59500.2,100,15,2
6,2,43,Low_local=50,175,6,2000,50,60,18000,14.489,33.0,38.3,48.7,69019.5,100,15,2
6,2,43,Low_local=50,175,6,2000,50,61,18300,23.176,35.6,48.9,1636.3,43148.7,100,16,2
6,2,43,Low_local=50,175,6,2000,50,62,18600,14.401,18.1,87.5,902.0,69438.0,100,16,2
6,2,43,Low_local=50,175,6,2000,50,63,18900,12.9,15.2,22.9,919.1,77517.4,101,16,2
6,2,43,Low_local=50,175,6,2000,50,64,19200,17.086,17.4,876.7,950.5,58528.6,101,16,2
6,2,43,Low_local=50,175,6,2000,50,65,19500,14.619,15.7,21.4,902.2,68404.1,101,16,2
6,2,43,Low_local=50,175,6,2000,50,66,19800,11.791,17.8,21.8,880.2,84812.9,101,16,2
6,2,43,Low_local=50,175,6,2000,50,67,20000,18.047,18.7,878.8,884.3,55412.4,101,16,2
6,3,44,"Tuned(175,k=6)",175,6,2000,2000,1,300,15.148,21.9,54.7,1951.3,66015.3,2,14,1
6,3,44,"Tuned(175,k=6)",175,6,2000,2000,2,600,7.887,13.1,16.7,19.6,126796.3,2,14,1
6,3,44,"Tuned(175,k=6)",175,6,2000,2000,3,900,9.982,18.0,49.4,70.4,100177.0,2,14,1
6,3,44,"Tuned(175,k=6)",175,6,2000,2000,4,1200,9.51,18.3,20.4,21.4,105148.8,2,14,1
6,3,44,"Tuned(175,k=6)",175,6,2000,2000,5,1500,10.55,22.0,24.6,28.4,94783.7,2,14,1
6,3,44,"Tuned(175,k=6)",175,6,2000,2000,6,1800,11.437,22.9,29.5,31.1,87438.1,2,14,1
6,3,44,"Tuned(175,k=6)",175,6,2000,2000,7,2100,14.784,33.3,50.8,53.3,67640.7,2,14,1
6,3,44,"Tuned(175,k=6)",175,6,2000,2000,8,2400,13.457,28.2,40.6,42.7,74308.9,2,14,1
6,3,44,"Tuned(175,k=6)",175,6,2000,2000,9,2700,14.489,37.5,46.8,57.9,69019.5,2,14,1
6,3,44,"Tuned(175,k=6)",175,6,2000,2000,10,3000,16.091,38.1,52.8,79.9,62145.3,2,14,1
6,3,44,"Tuned(175,k=6)",175,6,2000,2000,11,3300,19.799,37.7,49.7,1636.5,50507.6,4,14,1
6,3,44,"Tuned(175,k=6)",175,6,2000,2000,12,3600,9.994,18.7,22.6,23.5,100060.0,4,14,1
6,3,44,"Tuned(175,k=6)",175,6,2000,2000,13,3900,10.515,20.4,24.9,55.0,95102.2,4,14,1
6,3,44,"Tuned(175,k=6)",175,6,2000,2000,14,4200,11.955,22.7,30.4,48.7,83649.3,4,14,1
6,3,44,"Tuned(175,k=6)",175,6,2000,2000,15,4500,10.991,21.8,26.9,27.8,90986.3,4,14,1
6,3,44,"Tuned(175,k=6)",175,6,2000,2000,16,4800,11.477,23.1,36.9,105.2,87130.8,4,14,1
6,3,44,"Tuned(175,k=6)",175,6,2000,2000,17,5100,10.133,16.5,19.8,48.1,98684.2,4,14,1
6,3,44,"Tuned(175,k=6)",175,6,2000,2000,18,5400,11.799,22.1,43.7,69.9,84752.9,4,14,1
6,3,44,"Tuned(175,k=6)",175,6,2000,2000,19,5700,12.946,25.1,29.4,52.3,77241.9,4,14,1
6,3,44,"Tuned(175,k=6)",175,6,2000,2000,20,6000,14.916,29.5,36.4,38.0,67042.1,4,14,1
6,3,44,"Tuned(175,k=6)",175,6,2000,2000,21,6300,17.49,37.8,47.5,59.9,57174.4,4,14,1
6,3,44,"Tuned(175,k=6)",175,6,2000,2000,22,6600,19.954,30.0,43.8,2408.1,50116.1,4,15,1
6,3,44,"Tuned(175,k=6)",175,6,2000,2000,23,6900,9.754,19.5,25.9,51.6,102518.5,4,15,1
6,3,44,"Tuned(175,k=6)",175,6,2000,2000,24,7200,9.435,19.4,22.3,50.5,105992.1,4,15,1
6,3,44,"Tuned(175,k=6)",175,6,2000,2000,25,7500,9.599,17.9,23.4,58.7,104173.9,4,15,1
6,3,44,"Tuned(175,k=6)",175,6,2000,2000,26,7800,9.834,18.4,26.2,54.3,101688.0,4,15,1
6,3,44,"Tuned(175,k=6)",175,6,2000,2000,27,8100,9.416,17.8,21.8,25.8,106198.5,4,15,1
6,3,44,"Tuned(175,k=6)",175,6,2000,2000,28,8400,8.401,19.0,24.0,51.3,119028.7,4,15,1
6,3,44,"Tuned(175,k=6)",175,6,2000,2000,29,8700,8.507,17.6,22.7,49.1,117545.6,4,15,1
6,3,44,"Tuned(175,k=6)",175,6,2000,2000,30,9000,9.298,19.1,36.2,66.9,107546.1,4,15,1
6,3,44,"Tuned(175,k=6)",175,6,2000,2000,31,9300,9.709,19.6,23.2,25.8,103000.8,4,15,1
6,3,44,"Tuned(175,k=6)",175,6,2000,2000,32,9600,14.492,18.3,25.1,1395.1,69003.6,4,15,1
6,3,44,"Tuned(175,k=6)",175,6,2000,2000,33,9900,10.06,18.2,27.4,35.7,99400.3,4,15,1
6,3,44,"Tuned(175,k=6)",175,6,2000,2000,34,10200,10.301,22.0,36.5,39.0,97077.9,4,15,1
6,3,44,"Tuned(175,k=6)",175,6,2000,2000,35,10500,7.542,18.2,22.2,30.1,132585.0,4,15,1
6,3,44,"Tuned(175,k=6)",175,6,2000,2000,36,10800,7.95,15.2,20.3,23.9,125786.2,4,15,1
6,3,44,"Tuned(175,k=6)",175,6,2000,2000,37,11100,8.53,15.3,21.7,27.5,117237.9,4,15,1
6,3,44,"Tuned(175,k=6)",175,6,2000,2000,38,11400,9.607,18.6,22.3,58.5,104087.2,4,15,1
6,3,44,"Tuned(175,k=6)",175,6,2000,2000,39,11700,9.828,19.1,23.2,69.3,101746.6,4,15,1
6,3,44,"Tuned(175,k=6)",175,6,2000,2000,40,12000,11.247,22.0,25.1,56.2,88912.6,4,15,1
6,3,44,"Tuned(175,k=6)",175,6,2000,2000,41,12300,11.44,21.8,30.4,51.5,87412.6,4,15,1
6,3,44,"Tuned(175,k=6)",175,6,2000,2000,42,12600,19.887,22.2,32.3,2569.9,50284.1,4,16,1
6,3,44,"Tuned(175,k=6)",175,6,2000,2000,43,12900,11.217,22.0,49.4,63.1,89150.4,4,16,1
6,3,44,"Tuned(175,k=6)",175,6,2000,2000,44,13200,7.53,16.8,23.9,54.7,132802.2,4,16,1
6,3,44,"Tuned(175,k=6)",175,6,2000,2000,45,13500,5.977,13.4,21.1,55.5,167317.4,4,16,1
6,3,44,"Tuned(175,k=6)",175,6,2000,2000,46,13800,6.677,11.8,50.5,64.1,149760.4,4,16,1
6,3,44,"Tuned(175,k=6)",175,6,2000,2000,47,14100,8.377,15.5,22.8,53.5,119379.2,4,16,1
6,3,44,"Tuned(175,k=6)",175,6,2000,2000,48,14400,9.725,18.5,22.9,23.9,102824.2,4,16,1
6,3,44,"Tuned(175,k=6)",175,6,2000,2000,49,14700,11.705,24.4,29.4,58.9,85433.6,4,16,1
6,3,44,"Tuned(175,k=6)",175,6,2000,2000,50,15000,12.424,30.5,35.5,38.6,80489.4,4,16,1
6,3,44,"Tuned(175,k=6)",175,6,2000,2000,51,15300,14.646,34.6,39.7,41.8,68279.6,4,16,1
6,3,44,"Tuned(175,k=6)",175,6,2000,2000,52,15600,20.853,37.0,53.4,1548.1,47954.7,4,16,1
6,3,44,"Tuned(175,k=6)",175,6,2000,2000,53,15900,22.158,46.1,55.2,909.2,45129.8,4,16,1
6,3,44,"Tuned(175,k=6)",175,6,2000,2000,54,16200,20.865,53.7,62.2,85.8,47926.4,4,16,1
6,3,44,"Tuned(175,k=6)",175,6,2000,2000,55,16500,21.103,52.1,65.2,67.6,47386.6,4,16,1
6,3,44,"Tuned(175,k=6)",175,6,2000,2000,56,16800,24.361,61.1,71.6,75.1,41049.8,4,16,1
6,3,44,"Tuned(175,k=6)",175,6,2000,2000,57,17100,26.519,60.2,79.6,81.2,37708.8,4,16,1
6,3,44,"Tuned(175,k=6)",175,6,2000,2000,58,17400,27.299,64.8,93.3,129.4,36631.4,4,16,1
6,3,44,"Tuned(175,k=6)",175,6,2000,2000,59,17700,29.92,75.5,87.7,92.1,33422.5,4,16,1
6,3,44,"Tuned(175,k=6)",175,6,2000,2000,60,18000,33.528,83.2,96.1,154.0,29825.5,4,16,1
6,3,44,"Tuned(175,k=6)",175,6,2000,2000,61,18300,34.921,83.9,104.4,115.6,28635.8,4,16,1
6,3,44,"Tuned(175,k=6)",175,6,2000,2000,62,18600,35.226,92.4,109.6,2569.8,28387.9,4,17,1
6,3,44,"Tuned(175,k=6)",175,6,2000,2000,63,18900,10.25,23.5,32.1,63.1,97557.8,4,17,1
6,3,44,"Tuned(175,k=6)",175,6,2000,2000,64,19200,10.721,21.9,55.7,57.8,93272.0,4,17,1
6,3,44,"Tuned(175,k=6)",175,6,2000,2000,65,19500,10.678,19.9,29.3,55.7,93647.6,4,17,1
6,3,44,"Tuned(175,k=6)",175,6,2000,2000,66,19800,9.951,20.8,24.9,54.1,100489.0,4,17,1
6,3,44,"Tuned(175,k=6)",175,6,2000,2000,67,20000,10.017,20.0,23.0,52.9,99825.3,4,17,1
6,3,44,"OldDefault(100,k=3)",100,3,5000,1000,1,300,25.728,35.9,115.5,2418.4,38867.7,1,5,1
6,3,44,"OldDefault(100,k=3)",100,3,5000,1000,2,600,15.827,35.0,44.6,72.0,63184.5,1,5,1
6,3,44,"OldDefault(100,k=3)",100,3,5000,1000,3,900,11.894,19.6,24.9,117.5,84076.0,1,5,1
6,3,44,"OldDefault(100,k=3)",100,3,5000,1000,4,1200,9.985,18.8,22.3,25.4,100153.6,1,5,1
6,3,44,"OldDefault(100,k=3)",100,3,5000,1000,5,1500,8.338,18.4,24.1,25.4,119932.8,1,5,1
6,3,44,"OldDefault(100,k=3)",100,3,5000,1000,6,1800,13.528,20.3,27.3,1966.7,73918.9,1,5,1
6,3,44,"OldDefault(100,k=3)",100,3,5000,1000,7,2100,8.456,13.1,32.2,121.4,118259.2,1,5,1
6,3,44,"OldDefault(100,k=3)",100,3,5000,1000,8,2400,9.113,18.3,22.6,24.7,109729.3,1,5,1
6,3,44,"OldDefault(100,k=3)",100,3,5000,1000,9,2700,10.872,21.0,25.9,114.1,91979.4,1,5,1
6,3,44,"OldDefault(100,k=3)",100,3,5000,1000,10,3000,12.67,26.0,31.7,75.3,78924.5,1,5,1
6,3,44,"OldDefault(100,k=3)",100,3,5000,1000,11,3300,15.098,33.0,37.4,38.4,66233.9,1,5,1
6,3,44,"OldDefault(100,k=3)",100,3,5000,1000,12,3600,16.271,36.9,42.2,43.7,61457.8,1,5,1
6,3,44,"OldDefault(100,k=3)",100,3,5000,1000,13,3900,17.045,40.3,48.5,122.2,58668.2,1,5,1
6,3,44,"OldDefault(100,k=3)",100,3,5000,1000,14,4200,19.442,43.5,53.6,101.5,51434.2,1,5,1
6,3,44,"OldDefault(100,k=3)",100,3,5000,1000,15,4500,20.046,48.7,57.7,60.7,49886.1,1,5,1
6,3,44,"OldDefault(100,k=3)",100,3,5000,1000,16,4800,23.343,60.7,70.4,74.2,42838.8,1,5,1
6,3,44,"OldDefault(100,k=3)",100,3,5000,1000,17,5100,30.593,56.8,70.7,2097.0,32687.2,1,5,1
6,3,44,"OldDefault(100,k=3)",100,3,5000,1000,18,5400,23.539,55.5,78.7,88.4,42483.3,1,5,1
6,3,44,"OldDefault(100,k=3)",100,3,5000,1000,19,5700,27.141,68.5,83.3,87.6,36844.2,1,5,1
6,3,44,"OldDefault(100,k=3)",100,3,5000,1000,20,6000,30.396,76.8,86.5,90.4,32898.7,1,5,1
6,3,44,"OldDefault(100,k=3)",100,3,5000,1000,21,6300,31.508,82.6,96.8,104.2,31737.6,1,5,1
6,3,44,"OldDefault(100,k=3)",100,3,5000,1000,22,6600,31.477,78.5,97.5,101.0,31769.6,1,5,1
6,3,44,"OldDefault(100,k=3)",100,3,5000,1000,23,6900,33.834,81.8,98.5,116.1,29556.4,1,5,1
6,3,44,"OldDefault(100,k=3)",100,3,5000,1000,24,7200,39.258,104.6,116.1,141.0,25472.5,1,5,1
6,3,44,"OldDefault(100,k=3)",100,3,5000,1000,25,7500,36.683,88.0,111.7,116.8,27260.3,1,5,1
6,3,44,"OldDefault(100,k=3)",100,3,5000,1000,26,7800,41.622,106.0,125.8,144.5,24025.9,1,5,1
6,3,44,"OldDefault(100,k=3)",100,3,5000,1000,27,8100,47.65,100.3,126.5,2457.4,20986.4,1,5,1
6,3,44,"OldDefault(100,k=3)",100,3,5000,1000,28,8400,47.021,129.2,147.0,162.2,21267.1,1,5,1
6,3,44,"OldDefault(100,k=3)",100,3,5000,1000,29,8700,45.837,120.5,151.0,205.6,21816.3,1,5,1
6,3,44,"OldDefault(100,k=3)",100,3,5000,1000,30,9000,45.597,115.3,147.7,149.2,21931.4,1,5,1
6,3,44,"OldDefault(100,k=3)",100,3,5000,1000,31,9300,48.809,132.5,152.4,156.0,20487.9,1,5,1
6,3,44,"OldDefault(100,k=3)",100,3,5000,1000,32,9600,49.868,140.3,161.4,167.5,20052.9,1,5,1
6,3,44,"OldDefault(100,k=3)",100,3,5000,1000,33,9900,50.788,140.2,171.2,225.0,19689.6,1,5,1
6,3,44,"OldDefault(100,k=3)",100,3,5000,1000,34,10200,52.4,144.8,174.8,177.6,19084.0,1,5,1
6,3,44,"OldDefault(100,k=3)",100,3,5000,1000,35,10500,57.169,140.4,186.3,204.1,17491.9,1,5,1
6,3,44,"OldDefault(100,k=3)",100,3,5000,1000,36,10800,55.801,153.4,178.7,198.9,17920.7,1,5,1
6,3,44,"OldDefault(100,k=3)",100,3,5000,1000,37,11100,65.643,156.1,189.5,2432.9,15233.9,1,5,1
6,3,44,"OldDefault(100,k=3)",100,3,5000,1000,38,11400,69.535,175.9,199.8,1092.3,14381.2,1,5,1
6,3,44,"OldDefault(100,k=3)",100,3,5000,1000,39,11700,61.692,148.9,201.4,210.1,16209.6,1,5,1
6,3,44,"OldDefault(100,k=3)",100,3,5000,1000,40,12000,70.461,181.5,207.6,218.5,14192.3,1,5,1
6,3,44,"OldDefault(100,k=3)",100,3,5000,1000,41,12300,68.95,190.9,218.7,220.0,14503.3,1,5,1
6,3,44,"OldDefault(100,k=3)",100,3,5000,1000,42,12600,66.894,173.7,217.2,264.1,14948.9,1,5,1
6,3,44,"OldDefault(100,k=3)",100,3,5000,1000,43,12900,64.138,179.1,225.4,229.9,15591.3,1,5,1
6,3,44,"OldDefault(100,k=3)",100,3,5000,1000,44,13200,69.384,186.5,229.5,236.3,14412.5,1,5,1
6,3,44,"OldDefault(100,k=3)",100,3,5000,1000,45,13500,73.988,186.3,211.3,268.0,13515.6,1,5,1
6,3,44,"OldDefault(100,k=3)",100,3,5000,1000,46,13800,81.973,220.1,249.2,390.8,12199.1,1,5,1
6,3,44,"OldDefault(100,k=3)",100,3,5000,1000,47,14100,84.243,215.5,269.5,3099.9,11870.4,1,5,1
6,3,44,"OldDefault(100,k=3)",100,3,5000,1000,48,14400,79.343,205.8,244.9,297.7,12603.5,1,5,1
6,3,44,"OldDefault(100,k=3)",100,3,5000,1000,49,14700,85.765,217.5,265.6,329.2,11659.7,1,5,1
6,3,44,"OldDefault(100,k=3)",100,3,5000,1000,50,15000,75.719,200.4,285.2,298.0,13206.7,1,5,1
6,3,44,"OldDefault(100,k=3)",100,3,5000,1000,51,15300,85.026,222.6,276.9,285.2,11761.1,1,5,1
6,3,44,"OldDefault(100,k=3)",100,3,5000,1000,52,15600,72.277,202.3,282.1,3794.5,13835.7,1,6,1
6,3,44,"OldDefault(100,k=3)",100,3,5000,1000,53,15900,13.109,35.8,40.7,42.0,76281.5,1,6,1
6,3,44,"OldDefault(100,k=3)",100,3,5000,1000,54,16200,11.869,34.6,40.3,135.6,84250.7,1,6,1
6,3,44,"OldDefault(100,k=3)",100,3,5000,1000,55,16500,6.966,13.8,27.4,130.5,143547.5,1,6,1
6,3,44,"OldDefault(100,k=3)",100,3,5000,1000,56,16800,8.359,17.3,27.1,41.0,119636.3,1,6,1
6,3,44,"OldDefault(100,k=3)",100,3,5000,1000,57,17100,17.91,19.6,23.5,2485.8,55834.7,1,6,1
6,3,44,"OldDefault(100,k=3)",100,3,5000,1000,58,17400,10.484,19.3,23.0,25.2,95383.4,1,6,1
6,3,44,"OldDefault(100,k=3)",100,3,5000,1000,59,17700,7.254,16.9,34.9,40.9,137861.3,1,6,1
6,3,44,"OldDefault(100,k=3)",100,3,5000,1000,60,18000,6.641,16.2,37.6,43.3,150572.2,1,6,1
6,3,44,"OldDefault(100,k=3)",100,3,5000,1000,61,18300,8.392,17.6,41.0,45.5,119165.9,1,6,1
6,3,44,"OldDefault(100,k=3)",100,3,5000,1000,62,18600,9.589,18.4,37.9,42.5,104282.5,1,6,1
6,3,44,"OldDefault(100,k=3)",100,3,5000,1000,63,18900,10.364,18.5,25.0,43.3,96490.9,1,6,1
6,3,44,"OldDefault(100,k=3)",100,3,5000,1000,64,19200,12.655,24.6,39.0,67.4,79020.1,1,6,1
6,3,44,"OldDefault(100,k=3)",100,3,5000,1000,65,19500,15.127,32.9,41.5,52.8,66107.0,1,6,1
6,3,44,"OldDefault(100,k=3)",100,3,5000,1000,66,19800,15.269,32.0,39.4,43.5,65492.2,1,6,1
6,3,44,"OldDefault(100,k=3)",100,3,5000,1000,67,20000,16.256,33.0,42.3,43.5,61515.8,1,6,1
6,3,44,Undersized_seg=50,50,3,2000,2000,1,300,16.382,32.9,132.1,1618.4,61042.6,11,14,1
6,3,44,Undersized_seg=50,50,3,2000,2000,2,600,8.012,17.4,20.8,22.4,124818.0,11,14,1
6,3,44,Undersized_seg=50,50,3,2000,2000,3,900,9.252,17.5,19.9,137.3,108080.9,11,14,1
6,3,44,Undersized_seg=50,50,3,2000,2000,4,1200,7.534,15.3,17.5,18.7,132731.6,11,14,1
6,3,44,Undersized_seg=50,50,3,2000,2000,5,1500,9.148,19.6,32.8,36.7,109313.5,11,14,1
6,3,44,Undersized_seg=50,50,3,2000,2000,6,1800,10.027,19.8,26.1,27.7,99730.7,11,14,1
6,3,44,Undersized_seg=50,50,3,2000,2000,7,2100,12.847,27.1,65.5,145.0,77839.2,11,14,1
6,3,44,Undersized_seg=50,50,3,2000,2000,8,2400,12.045,24.5,36.6,37.9,83022.0,11,14,1
6,3,44,Undersized_seg=50,50,3,2000,2000,9,2700,14.177,33.7,44.2,145.4,70536.8,11,14,1
6,3,44,Undersized_seg=50,50,3,2000,2000,10,3000,12.765,32.0,43.5,48.1,78339.2,11,14,1
6,3,44,Undersized_seg=50,50,3,2000,2000,11,3300,18.759,40.5,47.6,1238.7,53306.8,12,14,1
6,3,44,Undersized_seg=50,50,3,2000,2000,12,3600,16.477,47.0,55.5,65.6,60690.7,12,14,1
6,3,44,Undersized_seg=50,50,3,2000,2000,13,3900,16.504,49.2,60.7,158.9,60590.2,12,14,1
6,3,44,Undersized_seg=50,50,3,2000,2000,14,4200,17.838,46.8,57.3,58.7,56059.1,12,14,1
6,3,44,Undersized_seg=50,50,3,2000,2000,15,4500,20.62,55.8,65.7,77.6,48497.4,12,14,1
6,3,44,Undersized_seg=50,50,3,2000,2000,16,4800,21.656,56.8,66.0,68.7,46176.6,12,14,1
6,3,44,Undersized_seg=50,50,3,2000,2000,17,5100,22.866,62.1,88.0,96.7,43733.7,12,14,1
6,3,44,Undersized_seg=50,50,3,2000,2000,18,5400,21.492,62.0,69.2,79.5,46529.7,12,14,1
6,3,44,Undersized_seg=50,50,3,2000,2000,19,5700,22.786,59.4,81.8,83.4,43887.2,12,14,1
6,3,44,Undersized_seg=50,50,3,2000,2000,20,6000,25.975,67.9,83.8,116.3,38499.0,12,14,1
6,3,44,Undersized_seg=50,50,3,2000,2000,21,6300,28.487,77.9,92.7,97.7,35103.7,12,14,1
6,3,44,Undersized_seg=50,50,3,2000,2000,22,6600,21.591,44.5,77.5,1950.5,46314.9,12,15,1
6,3,44,Undersized_seg=50,50,3,2000,2000,23,6900,10.728,39.7,44.9,134.2,93211.1,12,15,1
6,3,44,Undersized_seg=50,50,3,2000,2000,24,7200,9.804,16.3,131.4,139.4,101995.7,12,15,1
6,3,44,Undersized_seg=50,50,3,2000,2000,25,7500,10.945,31.5,135.1,202.1,91365.9,12,15,1
6,3,44,Undersized_seg=50,50,3,2000,2000,26,7800,10.955,26.1,46.5,146.1,91279.7,12,15,1
6,3,44,Undersized_seg=50,50,3,2000,2000,27,8100,11.841,27.0,31.5,53.2,84454.7,12,15,1
6,3,44,Undersized_seg=50,50,3,2000,2000,28,8400,12.117,27.9,38.0,143.8,82530.9,12,15,1
6,3,44,Undersized_seg=50,50,3,2000,2000,29,8700,14.39,36.6,43.1,144.3,69492.7,12,15,1
6,3,44,Undersized_seg=50,50,3,2000,2000,30,9000,15.172,37.4,47.1,49.2,65909.4,12,15,1
6,3,44,Undersized_seg=50,50,3,2000,2000,31,9300,17.014,44.0,52.4,142.3,58776.3,12,15,1
6,3,44,Undersized_seg=50,50,3,2000,2000,32,9600,21.856,49.9,60.1,1408.2,45754.0,17,15,1
6,3,44,Undersized_seg=50,50,3,2000,2000,33,9900,18.182,47.2,58.9,61.8,54998.4,17,15,1
6,3,44,Undersized_seg=50,50,3,2000,2000,34,10200,20.714,57.5,66.3,152.2,48277.3,17,15,1
6,3,44,Undersized_seg=50,50,3,2000,2000,35,10500,23.175,61.9,71.5,151.5,43149.3,17,15,1
6,3,44,Undersized_seg=50,50,3,2000,2000,36,10800,24.117,59.6,74.1,99.9,41464.5,17,15,1
6,3,44,Undersized_seg=50,50,3,2000,2000,37,11100,24.345,65.6,77.3,84.3,41076.2,17,15,1
6,3,44,Undersized_seg=50,50,3,2000,2000,38,11400,30.453,81.9,143.6,171.6,32837.1,17,15,1
6,3,44,Undersized_seg=50,50,3,2000,2000,39,11700,28.549,78.2,94.3,100.6,35027.1,17,15,1
6,3,44,Undersized_seg=50,50,3,2000,2000,40,12000,31.223,80.5,119.1,156.4,32027.3,17,15,1
6,3,44,Undersized_seg=50,50,3,2000,2000,41,12300,30.6,84.2,104.3,144.3,32679.4,17,15,1
6,3,44,Undersized_seg=50,50,3,2000,2000,42,12600,29.85,78.4,109.3,1915.3,33500.8,17,16,1
6,3,44,Undersized_seg=50,50,3,2000,2000,43,12900,11.046,41.2,49.8,163.8,90533.2,17,16,1
6,3,44,Undersized_seg=50,50,3,2000,2000,44,13200,8.802,16.8,46.0,147.0,113614.8,17,16,1
6,3,44,Undersized_seg=50,50,3,2000,2000,45,13500,11.762,40.5,47.6,151.0,85017.2,17,16,1
6,3,44,Undersized_seg=50,50,3,2000,2000,46,13800,13.169,40.9,47.9,142.6,75934.0,17,16,1
6,3,44,Undersized_seg=50,50,3,2000,2000,47,14100,13.961,41.4,48.2,145.2,71629.8,17,16,1
6,3,44,Undersized_seg=50,50,3,2000,2000,48,14400,14.591,41.4,48.1,76.3,68535.4,17,16,1
6,3,44,Undersized_seg=50,50,3,2000,2000,49,14700,14.995,36.6,42.2,153.2,66687.4,17,16,1
6,3,44,Undersized_seg=50,50,3,2000,2000,50,15000,15.36,41.1,44.8,45.5,65102.8,17,16,1
6,3,44,Undersized_seg=50,50,3,2000,2000,51,15300,18.5,46.2,51.4,70.6,54053.1,17,16,1
6,3,44,Undersized_seg=50,50,3,2000,2000,52,15600,22.568,38.1,146.7,1383.6,44311.2,21,16,1
6,3,44,Undersized_seg=50,50,3,2000,2000,53,15900,21.325,51.1,59.7,60.7,46894.1,21,16,1
6,3,44,Undersized_seg=50,50,3,2000,2000,54,16200,22.563,60.6,65.8,161.8,44320.3,21,16,1
6,3,44,Undersized_seg=50,50,3,2000,2000,55,16500,24.354,57.2,75.2,153.9,41060.5,21,16,1
6,3,44,Undersized_seg=50,50,3,2000,2000,56,16800,25.763,62.9,76.8,82.4,38815.9,21,16,1
6,3,44,Undersized_seg=50,50,3,2000,2000,57,17100,27.744,67.2,80.6,81.3,36044.3,21,16,1
6,3,44,Undersized_seg=50,50,3,2000,2000,58,17400,31.201,77.4,93.5,1104.3,32050.6,21,16,1
6,3,44,Undersized_seg=50,50,3,2000,2000,59,17700,32.999,79.8,98.8,112.3,30303.9,21,16,1
6,3,44,Undersized_seg=50,50,3,2000,2000,60,18000,33.133,82.9,106.2,116.8,30181.4,21,16,1
6,3,44,Undersized_seg=50,50,3,2000,2000,61,18300,34.758,86.7,104.3,126.1,28770.6,21,16,1
6,3,44,Undersized_seg=50,50,3,2000,2000,62,18600,39.879,85.3,123.4,2623.2,25076.1,21,17,1
6,3,44,Undersized_seg=50,50,3,2000,2000,63,18900,10.284,42.1,46.4,52.1,97241.6,21,17,1
6,3,44,Undersized_seg=50,50,3,2000,2000,64,19200,10.633,42.3,44.7,194.8,94046.8,21,17,1
6,3,44,Undersized_seg=50,50,3,2000,2000,65,19500,8.884,18.0,25.1,166.7,112566.1,21,17,1
6,3,44,Undersized_seg=50,50,3,2000,2000,66,19800,10.062,19.3,25.3,167.3,99380.5,21,17,1
6,3,44,Undersized_seg=50,50,3,2000,2000,67,20000,11.954,26.0,28.9,151.1,83654.0,21,17,1
6,3,44,Oversized_seg=1500,1500,3,2000,2000,1,300,24.249,62.3,116.1,1652.0,41238.8,4,10,5
6,3,44,Oversized_seg=1500,1500,3,2000,2000,2,600,17.594,51.7,77.2,133.6,56838.6,4,10,5
6,3,44,Oversized_seg=1500,1500,3,2000,2000,3,900,18.788,52.4,87.0,148.0,53225.5,4,10,5
6,3,44,Oversized_seg=1500,1500,3,2000,2000,4,1200,20.145,58.0,77.1,122.6,49640.1,4,10,5
6,3,44,Oversized_seg=1500,1500,3,2000,2000,5,1500,24.187,62.9,118.2,150.6,41344.0,4,10,5
6,3,44,Oversized_seg=1500,1500,3,2000,2000,6,1800,24.434,64.3,99.6,141.2,40926.0,4,10,5
6,3,44,Oversized_seg=1500,1500,3,2000,2000,7,2100,25.302,56.2,87.2,120.2,39523.1,4,10,5
6,3,44,Oversized_seg=1500,1500,3,2000,2000,8,2400,27.496,66.9,96.8,148.3,36369.4,4,10,5
6,3,44,Oversized_seg=1500,1500,3,2000,2000,9,2700,27.452,60.6,109.4,124.0,36426.8,4,10,5
6,3,44,Oversized_seg=1500,1500,3,2000,2000,10,3000,28.966,63.8,83.5,89.5,34522.8,4,10,5
6,3,44,Oversized_seg=1500,1500,3,2000,2000,11,3300,30.856,60.5,146.5,885.2,32408.3,5,10,5
6,3,44,Oversized_seg=1500,1500,3,2000,2000,12,3600,22.011,54.3,88.9,158.3,45432.5,5,10,5
6,3,44,Oversized_seg=1500,1500,3,2000,2000,13,3900,23.515,53.1,81.0,142.0,42526.6,5,10,5
6,3,44,Oversized_seg=1500,1500,3,2000,2000,14,4200,27.275,66.3,118.9,151.7,36663.6,5,10,5
6,3,44,Oversized_seg=1500,1500,3,2000,2000,15,4500,26.403,54.2,123.6,141.8,37874.5,5,10,5
6,3,44,Oversized_seg=1500,1500,3,2000,2000,16,4800,26.886,57.9,117.0,138.4,37194.5,5,10,5
6,3,44,Oversized_seg=1500,1500,3,2000,2000,17,5100,27.59,63.0,95.4,120.7,36245.5,5,10,5
6,3,44,Oversized_seg=1500,1500,3,2000,2000,18,5400,26.497,57.9,71.7,146.5,37740.6,5,10,5
6,3,44,Oversized_seg=1500,1500,3,2000,2000,19,5700,26.11,57.4,77.4,103.2,38299.5,5,10,5
6,3,44,Oversized_seg=1500,1500,3,2000,2000,20,6000,28.747,62.0,90.0,109.6,34786.6,5,10,5
6,3,44,Oversized_seg=1500,1500,3,2000,2000,21,6300,30.179,62.9,87.6,161.9,33135.3,5,10,5
6,3,44,Oversized_seg=1500,1500,3,2000,2000,22,6600,51.391,73.0,132.9,2678.3,19458.8,5,10,6
6,3,44,Oversized_seg=1500,1500,3,2000,2000,23,6900,48.769,72.8,121.6,133.2,20505.0,5,10,6
6,3,44,Oversized_seg=1500,1500,3,2000,2000,24,7200,44.006,75.2,116.7,126.6,22724.2,5,10,6
6,3,44,Oversized_seg=1500,1500,3,2000,2000,25,7500,43.074,80.4,106.2,116.6,23215.9,5,10,6
6,3,44,Oversized_seg=1500,1500,3,2000,2000,26,7800,47.793,84.6,107.8,131.5,20923.4,5,10,6
6,3,44,Oversized_seg=1500,1500,3,2000,2000,27,8100,49.805,91.0,112.5,115.8,20078.2,5,10,6
6,3,44,Oversized_seg=1500,1500,3,2000,2000,28,8400,48.288,90.4,107.4,116.4,20708.9,5,10,6
6,3,44,Oversized_seg=1500,1500,3,2000,2000,29,8700,52.517,99.4,128.6,134.7,19041.6,5,10,6
6,3,44,Oversized_seg=1500,1500,3,2000,2000,30,9000,56.557,105.2,134.9,147.3,17681.4,5,10,6
6,3,44,Oversized_seg=1500,1500,3,2000,2000,31,9300,54.847,107.9,117.1,163.7,18232.4,5,10,6
6,3,44,Oversized_seg=1500,1500,3,2000,2000,32,9600,58.146,114.2,131.7,142.5,17198.2,5,10,6
6,3,44,Oversized_seg=1500,1500,3,2000,2000,33,9900,55.873,113.4,136.1,182.3,17897.7,5,10,6
6,3,44,Oversized_seg=1500,1500,3,2000,2000,34,10200,54.66,122.6,131.1,161.3,18294.9,5,10,6
6,3,44,Oversized_seg=1500,1500,3,2000,2000,35,10500,62.232,126.8,137.3,182.7,16068.8,5,10,6
6,3,44,Oversized_seg=1500,1500,3,2000,2000,36,10800,61.564,124.7,143.5,155.0,16243.2,5,10,6
6,3,44,Oversized_seg=1500,1500,3,2000,2000,37,11100,64.787,134.4,150.3,211.3,15435.3,5,10,6
6,3,44,Oversized_seg=1500,1500,3,2000,2000,38,11400,67.189,144.7,155.0,156.1,14883.4,5,10,6
6,3,44,Oversized_seg=1500,1500,3,2000,2000,39,11700,70.025,149.9,163.5,200.4,14280.7,5,10,6
6,3,44,Oversized_seg=1500,1500,3,2000,2000,40,12000,73.839,150.7,187.8,224.6,13543.0,5,10,6
6,3,44,Oversized_seg=1500,1500,3,2000,2000,41,12300,72.569,151.6,173.4,192.1,13779.9,5,10,6
6,3,44,Oversized_seg=1500,1500,3,2000,2000,42,12600,50.32,131.8,175.0,1396.7,19872.8,5,11,6
6,3,44,Oversized_seg=1500,1500,3,2000,2000,43,12900,25.008,59.3,77.3,154.6,39987.2,5,11,6
6,3,44,Oversized_seg=1500,1500,3,2000,2000,44,13200,26.383,60.8,95.0,133.2,37903.7,5,11,6
6,3,44,Oversized_seg=1500,1500,3,2000,2000,45,13500,26.837,53.9,85.3,127.7,37261.5,5,11,6
6,3,44,Oversized_seg=1500,1500,3,2000,2000,46,13800,27.698,56.4,84.9,147.8,36104.1,5,11,6
6,3,44,Oversized_seg=1500,1500,3,2000,2000,47,14100,30.667,57.0,102.8,114.2,32608.0,5,11,6
6,3,44,Oversized_seg=1500,1500,3,2000,2000,48,14400,30.366,54.2,76.5,133.3,32931.9,5,11,6
6,3,44,Oversized_seg=1500,1500,3,2000,2000,49,14700,32.869,64.4,87.8,125.7,30423.8,5,11,6
6,3,44,Oversized_seg=1500,1500,3,2000,2000,50,15000,34.914,64.7,122.2,154.9,28641.8,5,11,6
6,3,44,Oversized_seg=1500,1500,3,2000,2000,51,15300,35.36,66.0,104.8,129.7,28280.5,5,11,6
6,3,44,Oversized_seg=1500,1500,3,2000,2000,52,15600,35.074,68.7,112.6,991.0,28511.4,6,11,6
6,3,44,Oversized_seg=1500,1500,3,2000,2000,53,15900,29.586,64.9,119.5,206.8,33799.4,6,11,6
6,3,44,Oversized_seg=1500,1500,3,2000,2000,54,16200,29.254,60.7,80.1,114.8,34183.7,6,11,6
6,3,44,Oversized_seg=1500,1500,3,2000,2000,55,16500,32.538,60.9,135.6,231.4,30733.6,6,11,6
6,3,44,Oversized_seg=1500,1500,3,2000,2000,56,16800,35.972,62.7,106.1,1132.0,27799.1,6,11,6
6,3,44,Oversized_seg=1500,1500,3,2000,2000,57,17100,34.719,65.0,122.9,153.9,28802.7,6,11,6
6,3,44,Oversized_seg=1500,1500,3,2000,2000,58,17400,36.966,74.7,126.3,143.3,27051.6,6,11,6
6,3,44,Oversized_seg=1500,1500,3,2000,2000,59,17700,37.975,75.7,106.4,153.0,26332.9,6,11,6
6,3,44,Oversized_seg=1500,1500,3,2000,2000,60,18000,35.854,73.2,82.8,114.0,27891.2,6,11,6
6,3,44,Oversized_seg=1500,1500,3,2000,2000,61,18300,38.704,74.4,107.9,145.4,25837.1,6,11,6
6,3,44,Oversized_seg=1500,1500,3,2000,2000,62,18600,43.979,85.6,148.7,641.7,22738.3,6,11,6
6,3,44,Oversized_seg=1500,1500,3,2000,2000,63,18900,45.202,89.7,148.7,183.8,22122.9,6,11,6
6,3,44,Oversized_seg=1500,1500,3,2000,2000,64,19200,44.462,88.4,130.1,144.5,22490.9,6,11,6
6,3,44,Oversized_seg=1500,1500,3,2000,2000,65,19500,43.232,94.4,137.0,149.0,23131.0,6,11,6
6,3,44,Oversized_seg=1500,1500,3,2000,2000,66,19800,43.877,88.8,135.9,182.2,22791.0,6,11,6
6,3,44,Oversized_seg=1500,1500,3,2000,2000,67,20000,45.279,98.7,111.2,113.8,22085.3,6,11,6
6,3,44,No_shortcuts(k=2),175,2,2000,2000,1,300,19.577,22.9,125.7,1906.4,51081.2,2,14,1
6,3,44,No_shortcuts(k=2),175,2,2000,2000,2,600,11.381,15.5,17.9,20.8,87868.3,2,14,1
6,3,44,No_shortcuts(k=2),175,2,2000,2000,3,900,13.462,18.3,25.3,89.5,74283.2,2,14,1
6,3,44,No_shortcuts(k=2),175,2,2000,2000,4,1200,14.629,23.0,38.3,52.8,68357.4,2,14,1
6,3,44,No_shortcuts(k=2),175,2,2000,2000,5,1500,14.88,25.3,28.5,32.1,67205.8,2,14,1
6,3,44,No_shortcuts(k=2),175,2,2000,2000,6,1800,16.208,27.3,33.7,34.9,61699.2,2,14,1
6,3,44,No_shortcuts(k=2),175,2,2000,2000,7,2100,19.79,35.9,59.6,70.2,50531.4,2,14,1
6,3,44,No_shortcuts(k=2),175,2,2000,2000,8,2400,18.953,33.0,44.6,45.9,52762.1,2,14,1
6,3,44,No_shortcuts(k=2),175,2,2000,2000,9,2700,20.133,42.4,51.6,53.2,49668.9,2,14,1
6,3,44,No_shortcuts(k=2),175,2,2000,2000,10,3000,25.122,48.1,62.9,65.0,39805.2,2,14,1
6,3,44,No_shortcuts(k=2),175,2,2000,2000,11,3300,29.805,52.5,81.6,1692.4,33551.0,4,14,1
6,3,44,No_shortcuts(k=2),175,2,2000,2000,12,3600,21.549,41.0,45.0,45.5,46406.6,4,14,1
6,3,44,No_shortcuts(k=2),175,2,2000,2000,13,3900,21.626,44.3,50.3,80.6,46241.3,4,14,1
6,3,44,No_shortcuts(k=2),175,2,2000,2000,14,4200,24.61,47.7,51.9,61.4,40633.3,4,14,1
6,3,44,No_shortcuts(k=2),175,2,2000,2000,15,4500,24.911,48.3,54.2,60.2,40142.9,4,14,1
6,3,44,No_shortcuts(k=2),175,2,2000,2000,16,4800,22.626,51.1,76.9,119.4,44196.9,4,14,1
6,3,44,No_shortcuts(k=2),175,2,2000,2000,17,5100,19.332,24.9,28.2,56.2,51728.6,4,14,1
6,3,44,No_shortcuts(k=2),175,2,2000,2000,18,5400,21.134,31.3,48.8,54.7,47316.4,4,14,1
6,3,44,No_shortcuts(k=2),175,2,2000,2000,19,5700,22.909,34.1,37.7,48.6,43651.0,4,14,1
6,3,44,No_shortcuts(k=2),175,2,2000,2000,20,6000,31.551,60.8,72.2,79.3,31695.1,4,14,1
6,3,44,No_shortcuts(k=2),175,2,2000,2000,21,6300,27.301,47.1,53.3,63.5,36629.1,4,14,1
6,3,44,No_shortcuts(k=2),175,2,2000,2000,22,6600,26.249,43.8,94.9,2560.5,38096.2,4,15,1
6,3,44,No_shortcuts(k=2),175,2,2000,2000,23,6900,11.585,20.3,25.8,51.2,86321.0,4,15,1
6,3,44,No_shortcuts(k=2),175,2,2000,2000,24,7200,11.317,19.0,22.4,50.6,88362.6,4,15,1
6,3,44,No_shortcuts(k=2),175,2,2000,2000,25,7500,12.108,19.1,27.0,56.0,82590.0,4,15,1
6,3,44,No_shortcuts(k=2),175,2,2000,2000,26,7800,11.841,18.8,26.2,53.6,84454.7,4,15,1
6,3,44,No_shortcuts(k=2),175,2,2000,2000,27,8100,12.382,19.6,22.4,26.2,80760.2,4,15,1
6,3,44,No_shortcuts(k=2),175,2,2000,2000,28,8400,9.899,20.3,23.5,50.8,101020.3,4,15,1
6,3,44,No_shortcuts(k=2),175,2,2000,2000,29,8700,11.073,22.1,39.8,77.4,90307.0,4,15,1
6,3,44,No_shortcuts(k=2),175,2,2000,2000,30,9000,10.485,20.7,23.6,29.6,95374.3,4,15,1
6,3,44,No_shortcuts(k=2),175,2,2000,2000,31,9300,11.256,20.5,24.0,25.4,88844.1,4,15,1
6,3,44,No_shortcuts(k=2),175,2,2000,2000,32,9600,16.459,21.6,25.2,1383.0,60758.3,4,15,1
6,3,44,No_shortcuts(k=2),175,2,2000,2000,33,9900,12.7,23.6,34.2,75.7,78738.1,4,15,1
6,3,44,No_shortcuts(k=2),175,2,2000,2000,34,10200,10.75,22.3,26.2,31.0,93020.4,4,15,1
6,3,44,No_shortcuts(k=2),175,2,2000,2000,35,10500,8.14,17.7,22.0,24.1,122850.2,4,15,1
6,3,44,No_shortcuts(k=2),175,2,2000,2000,36,10800,9.009,18.2,21.5,25.1,110996.0,4,15,1
6,3,44,No_shortcuts(k=2),175,2,2000,2000,37,11100,9.95,19.8,25.6,30.9,100502.5,4,15,1
6,3,44,No_shortcuts(k=2),175,2,2000,2000,38,11400,11.083,21.4,23.8,56.1,90228.3,4,15,1
6,3,44,No_shortcuts(k=2),175,2,2000,2000,39,11700,11.021,19.4,23.0,64.9,90738.6,4,15,1
6,3,44,No_shortcuts(k=2),175,2,2000,2000,40,12000,12.173,21.9,26.3,53.7,82146.8,4,15,1
6,3,44,No_shortcuts(k=2),175,2,2000,2000,41,12300,13.241,25.2,36.4,50.4,75524.9,4,15,1
6,3,44,No_shortcuts(k=2),175,2,2000,2000,42,12600,20.888,23.4,32.1,2409.0,47874.4,4,16,1
6,3,44,No_shortcuts(k=2),175,2,2000,2000,43,12900,12.285,20.2,24.7,54.3,81402.3,4,16,1
6,3,44,No_shortcuts(k=2),175,2,2000,2000,44,13200,8.308,17.3,20.7,53.4,120361.1,4,16,1
6,3,44,No_shortcuts(k=2),175,2,2000,2000,45,13500,8.048,17.6,82.8,94.3,124254.4,4,16,1
6,3,44,No_shortcuts(k=2),175,2,2000,2000,46,13800,10.319,23.9,84.6,111.1,96911.7,4,16,1
6,3,44,No_shortcuts(k=2),175,2,2000,2000,47,14100,13.962,26.8,41.8,108.5,71621.3,4,16,1
6,3,44,No_shortcuts(k=2),175,2,2000,2000,48,14400,14.24,29.3,34.1,40.5,70226.4,4,16,1
6,3,44,No_shortcuts(k=2),175,2,2000,2000,49,14700,12.617,26.3,36.1,74.4,79260.2,4,16,1
6,3,44,No_shortcuts(k=2),175,2,2000,2000,50,15000,12.726,29.5,35.0,38.3,78577.2,4,16,1
6,3,44,No_shortcuts(k=2),175,2,2000,2000,51,15300,14.882,34.1,39.4,41.6,67193.8,4,16,1
6,3,44,No_shortcuts(k=2),175,2,2000,2000,52,15600,22.573,36.7,55.1,1972.1,44301.4,4,16,1
6,3,44,No_shortcuts(k=2),175,2,2000,2000,53,15900,19.707,46.5,53.6,75.0,50744.2,4,16,1
6,3,44,No_shortcuts(k=2),175,2,2000,2000,54,16200,21.419,53.9,65.4,105.4,46688.2,4,16,1
6,3,44,No_shortcuts(k=2),175,2,2000,2000,55,16500,21.533,51.9,65.1,67.3,46439.6,4,16,1
6,3,44,No_shortcuts(k=2),175,2,2000,2000,56,16800,24.551,60.5,71.0,74.6,40732.1,4,16,1
6,3,44,No_shortcuts(k=2),175,2,2000,2000,57,17100,26.878,59.9,78.9,81.2,37205.6,4,16,1
6,3,44,No_shortcuts(k=2),175,2,2000,2000,58,17400,27.324,67.2,87.9,116.3,36598.3,4,16,1
6,3,44,No_shortcuts(k=2),175,2,2000,2000,59,17700,30.198,75.2,91.5,97.8,33114.4,4,16,1
6,3,44,No_shortcuts(k=2),175,2,2000,2000,60,18000,33.343,84.9,98.9,102.7,29991.0,4,16,1
6,3,44,No_shortcuts(k=2),175,2,2000,2000,61,18300,35.396,87.2,106.0,108.5,28252.0,4,16,1
6,3,44,No_shortcuts(k=2),175,2,2000,2000,62,18600,36.215,91.3,113.4,2463.2,27612.6,4,17,1
6,3,44,No_shortcuts(k=2),175,2,2000,2000,63,18900,11.507,22.9,32.4,55.1,86906.1,4,17,1
6,3,44,No_shortcuts(k=2),175,2,2000,2000,64,19200,12.056,22.6,54.2,66.8,82948.6,4,17,1
6,3,44,No_shortcuts(k=2),175,2,2000,2000,65,19500,11.801,20.0,26.2,54.5,84738.6,4,17,1
6,3,44,No_shortcuts(k=2),175,2,2000,2000,66,19800,11.582,21.7,30.4,53.7,86338.4,4,17,1
6,3,44,No_shortcuts(k=2),175,2,2000,2000,67,20000,11.872,21.0,52.1,80.6,84231.8,4,17,1
6,3,44,Overcuts(k=20),175,20,2000,2000,1,300,27.664,45.2,95.2,4415.8,36148.5,2,14,1
6,3,44,Overcuts(k=20),175,20,2000,2000,2,600,7.605,15.1,27.6,33.7,131492.4,2,14,1
6,3,44,Overcuts(k=20),175,20,2000,2000,3,900,8.924,16.1,36.2,107.9,112061.6,2,14,1
6,3,44,Overcuts(k=20),175,20,2000,2000,4,1200,11.829,23.3,32.6,38.9,84535.6,2,14,1
6,3,44,Overcuts(k=20),175,20,2000,2000,5,1500,16.247,31.8,38.6,41.6,61551.1,2,14,1
6,3,44,Overcuts(k=20),175,20,2000,2000,6,1800,14.852,33.6,46.6,72.5,67332.5,2,14,1
6,3,44,Overcuts(k=20),175,20,2000,2000,7,2100,12.285,26.1,34.8,83.4,81397.9,2,14,1
6,3,44,Overcuts(k=20),175,20,2000,2000,8,2400,11.46,24.0,36.1,37.4,87262.6,2,14,1
6,3,44,Overcuts(k=20),175,20,2000,2000,9,2700,13.966,38.1,58.5,63.9,71602.5,2,14,1
6,3,44,Overcuts(k=20),175,20,2000,2000,10,3000,13.57,32.3,46.0,52.0,73692.0,2,14,1
6,3,44,Overcuts(k=20),175,20,2000,2000,11,3300,18.706,33.4,71.8,1963.7,53457.8,4,14,1
6,3,44,Overcuts(k=20),175,20,2000,2000,12,3600,6.967,14.1,17.2,21.3,143533.9,4,14,1
6,3,44,Overcuts(k=20),175,20,2000,2000,13,3900,8.15,17.4,29.0,53.1,122704.4,4,14,1
6,3,44,Overcuts(k=20),175,20,2000,2000,14,4200,7.631,16.3,20.4,23.5,131050.1,4,14,1
6,3,44,Overcuts(k=20),175,20,2000,2000,15,4500,6.981,12.7,17.8,21.6,143239.1,4,14,1
6,3,44,Overcuts(k=20),175,20,2000,2000,16,4800,7.795,16.4,37.7,114.3,128281.9,4,14,1
6,3,44,Overcuts(k=20),175,20,2000,2000,17,5100,7.243,11.9,16.7,48.5,138070.7,4,14,1
6,3,44,Overcuts(k=20),175,20,2000,2000,18,5400,8.168,15.3,19.7,46.6,122429.0,4,14,1
6,3,44,Overcuts(k=20),175,20,2000,2000,19,5700,9.913,19.5,26.1,46.6,100874.2,4,14,1
6,3,44,Overcuts(k=20),175,20,2000,2000,20,6000,11.366,22.6,29.4,39.0,87981.7,4,14,1
6,3,44,Overcuts(k=20),175,20,2000,2000,21,6300,12.97,30.1,44.8,50.9,77101.0,4,14,1
6,3,44,Overcuts(k=20),175,20,2000,2000,22,6600,20.124,27.7,42.5,2708.5,49691.1,4,15,1
6,3,44,Overcuts(k=20),175,20,2000,2000,23,6900,10.469,22.5,34.0,112.8,95520.1,4,15,1
6,3,44,Overcuts(k=20),175,20,2000,2000,24,7200,9.113,19.6,24.1,50.7,109729.4,4,15,1
6,3,44,Overcuts(k=20),175,20,2000,2000,25,7500,8.961,17.6,21.7,24.7,111590.5,4,15,1
6,3,44,Overcuts(k=20),175,20,2000,2000,26,7800,9.433,18.4,24.6,52.4,106007.1,4,15,1
6,3,44,Overcuts(k=20),175,20,2000,2000,27,8100,9.722,21.1,33.2,45.4,102859.5,4,15,1
6,3,44,Overcuts(k=20),175,20,2000,2000,28,8400,8.299,19.0,26.9,53.6,120501.3,4,15,1
6,3,44,Overcuts(k=20),175,20,2000,2000,29,8700,8.231,17.5,24.0,48.7,121491.9,4,15,1
6,3,44,Overcuts(k=20),175,20,2000,2000,30,9000,8.219,17.1,21.4,66.4,121664.3,4,15,1
6,3,44,Overcuts(k=20),175,20,2000,2000,31,9300,9.32,18.8,21.9,25.9,107296.2,4,15,1
6,3,44,Overcuts(k=20),175,20,2000,2000,32,9600,15.038,21.3,38.1,1444.0,66499.7,4,15,1
6,3,44,Overcuts(k=20),175,20,2000,2000,33,9900,9.59,18.1,23.5,31.6,104275.3,4,15,1
6,3,44,Overcuts(k=20),175,20,2000,2000,34,10200,8.61,17.7,23.5,27.0,116148.5,4,15,1
6,3,44,Overcuts(k=20),175,20,2000,2000,35,10500,7.31,17.4,20.1,20.6,136805.2,4,15,1
6,3,44,Overcuts(k=20),175,20,2000,2000,36,10800,7.854,15.8,19.8,20.8,127318.2,4,15,1
6,3,44,Overcuts(k=20),175,20,2000,2000,37,11100,9.223,18.7,24.8,47.3,108428.5,4,15,1
6,3,44,Overcuts(k=20),175,20,2000,2000,38,11400,9.59,18.5,23.9,57.3,104271.7,4,15,1
6,3,44,Overcuts(k=20),175,20,2000,2000,39,11700,9.636,20.1,23.4,66.4,103773.9,4,15,1
6,3,44,Overcuts(k=20),175,20,2000,2000,40,12000,10.981,21.7,25.7,53.9,91069.1,4,15,1
6,3,44,Overcuts(k=20),175,20,2000,2000,41,12300,11.656,23.0,42.9,56.8,85790.3,4,15,1
6,3,44,Overcuts(k=20),175,20,2000,2000,42,12600,21.339,25.8,50.6,2866.3,46863.3,4,16,1
6,3,44,Overcuts(k=20),175,20,2000,2000,43,12900,10.582,21.1,32.6,56.6,94503.1,4,16,1
6,3,44,Overcuts(k=20),175,20,2000,2000,44,13200,7.453,17.1,21.7,53.9,134168.2,4,16,1
6,3,44,Overcuts(k=20),175,20,2000,2000,45,13500,6.001,12.7,21.4,52.1,166648.2,4,16,1
6,3,44,Overcuts(k=20),175,20,2000,2000,46,13800,7.764,13.8,53.9,88.7,128794.0,4,16,1
6,3,44,Overcuts(k=20),175,20,2000,2000,47,14100,8.383,15.9,22.4,53.8,119293.8,4,16,1
6,3,44,Overcuts(k=20),175,20,2000,2000,48,14400,9.63,19.3,24.1,26.2,103838.6,4,16,1
6,3,44,Overcuts(k=20),175,20,2000,2000,49,14700,11.475,24.2,29.4,56.8,87148.5,4,16,1
6,3,44,Overcuts(k=20),175,20,2000,2000,50,15000,12.705,31.8,38.2,42.3,78709.2,4,16,1
6,3,44,Overcuts(k=20),175,20,2000,2000,51,15300,14.741,35.1,40.3,42.5,67838.0,4,16,1
6,3,44,Overcuts(k=20),175,20,2000,2000,52,15600,20.254,35.2,52.8,1444.5,49372.2,4,16,1
6,3,44,Overcuts(k=20),175,20,2000,2000,53,15900,19.668,47.4,55.4,68.6,50843.1,4,16,1
6,3,44,Overcuts(k=20),175,20,2000,2000,54,16200,20.46,53.3,61.8,63.2,48876.7,4,16,1
6,3,44,Overcuts(k=20),175,20,2000,2000,55,16500,20.98,52.4,65.7,67.1,47665.2,4,16,1
6,3,44,Overcuts(k=20),175,20,2000,2000,56,16800,24.694,62.0,75.7,99.9,40495.7,4,16,1
6,3,44,Overcuts(k=20),175,20,2000,2000,57,17100,25.894,60.3,79.5,86.3,38619.5,4,16,1
6,3,44,Overcuts(k=20),175,20,2000,2000,58,17400,26.501,62.8,84.6,90.5,37734.4,4,16,1
6,3,44,Overcuts(k=20),175,20,2000,2000,59,17700,31.575,77.2,98.8,132.9,31671.0,4,16,1
6,3,44,Overcuts(k=20),175,20,2000,2000,60,18000,32.314,83.4,92.9,100.7,30946.3,4,16,1
6,3,44,Overcuts(k=20),175,20,2000,2000,61,18300,35.132,88.2,108.2,127.7,28463.8,4,16,1
6,3,44,Overcuts(k=20),175,20,2000,2000,62,18600,36.167,92.0,109.5,2940.1,27649.3,4,17,1
6,3,44,Overcuts(k=20),175,20,2000,2000,63,18900,10.095,23.0,32.8,53.4,99058.9,4,17,1
6,3,44,Overcuts(k=20),175,20,2000,2000,64,19200,9.975,21.8,52.6,53.2,100250.6,4,17,1
6,3,44,Overcuts(k=20),175,20,2000,2000,65,19500,10.381,19.3,26.6,53.8,96332.9,4,17,1
6,3,44,Overcuts(k=20),175,20,2000,2000,66,19800,10.21,22.7,33.7,53.3,97946.4,4,17,1
6,3,44,Overcuts(k=20),175,20,2000,2000,67,20000,9.687,19.6,31.3,51.7,103225.8,4,17,1
6,3,44,High_sub=40k,175,6,40000,2000,1,300,267.675,582.3,2017.0,2591.0,3735.9,1,0,0
6,3,44,High_sub=40k,175,6,40000,2000,2,600,297.662,704.5,2046.8,2175.8,3359.5,1,0,0
6,3,44,High_sub=40k,175,6,40000,2000,3,900,256.067,550.2,2157.3,2317.3,3905.2,1,0,0
6,3,44,High_sub=40k,175,6,40000,2000,4,1200,251.988,558.8,2026.9,2322.5,3968.4,1,0,0
6,3,44,High_sub=40k,175,6,40000,2000,5,1500,272.593,619.9,1913.1,2107.8,3668.5,1,0,0
6,3,44,High_sub=40k,175,6,40000,2000,6,1800,249.188,563.0,1793.0,2052.7,4013.0,1,0,0
6,3,44,High_sub=40k,175,6,40000,2000,7,2100,289.865,607.5,2019.7,2309.2,3449.9,1,0,0
6,3,44,High_sub=40k,175,6,40000,2000,8,2400,299.585,690.3,2093.5,2287.3,3338.0,1,0,0
6,3,44,High_sub=40k,175,6,40000,2000,9,2700,261.056,615.7,1945.3,2038.8,3830.6,1,0,0
6,3,44,High_sub=40k,175,6,40000,2000,10,3000,253.935,552.1,1911.8,2182.7,3938.0,1,0,0
6,3,44,High_sub=40k,175,6,40000,2000,11,3300,252.474,583.8,1847.3,2045.1,3960.8,1,0,0
6,3,44,High_sub=40k,175,6,40000,2000,12,3600,284.622,625.8,2077.3,2132.5,3513.4,1,0,0
6,3,44,High_sub=40k,175,6,40000,2000,13,3900,261.823,638.8,2445.4,2466.0,3819.4,1,0,0
6,3,44,High_sub=40k,175,6,40000,2000,14,4200,262.516,587.1,1794.3,1912.2,3809.3,1,0,0
6,3,44,High_sub=40k,175,6,40000,2000,15,4500,307.359,698.3,2059.2,2192.5,3253.5,1,0,0
6,3,44,High_sub=40k,175,6,40000,2000,16,4800,296.938,629.1,2391.8,2548.1,3367.7,1,0,0
6,3,44,High_sub=40k,175,6,40000,2000,17,5100,296.199,630.1,2012.3,2167.5,3376.1,1,0,0
6,3,44,High_sub=40k,175,6,40000,2000,18,5400,285.285,599.6,2029.2,2427.0,3505.3,1,0,0
6,3,44,High_sub=40k,175,6,40000,2000,19,5700,270.965,618.8,1940.9,2136.8,3690.5,1,0,0
6,3,44,High_sub=40k,175,6,40000,2000,20,6000,307.287,633.5,2284.6,2494.2,3254.3,1,0,0
6,3,44,High_sub=40k,175,6,40000,2000,21,6300,288.688,661.0,2069.0,2310.9,3463.9,1,0,0
6,3,44,High_sub=40k,175,6,40000,2000,22,6600,271.029,606.9,2069.3,3251.7,3689.6,1,0,0
6,3,44,High_sub=40k,175,6,40000,2000,23,6900,288.073,625.4,1987.4,2747.1,3471.3,1,0,0
6,3,44,High_sub=40k,175,6,40000,2000,24,7200,271.484,601.2,1943.6,2323.6,3683.5,1,0,0
6,3,44,High_sub=40k,175,6,40000,2000,25,7500,294.377,661.5,2167.3,2334.0,3397.0,1,0,0
6,3,44,High_sub=40k,175,6,40000,2000,26,7800,286.877,626.0,1946.9,2116.0,3485.8,1,0,0
6,3,44,High_sub=40k,175,6,40000,2000,27,8100,310.767,686.0,2061.5,2442.8,3217.8,1,0,0
6,3,44,High_sub=40k,175,6,40000,2000,28,8400,329.394,1877.3,2344.4,2497.7,3035.9,1,0,0
6,3,44,High_sub=40k,175,6,40000,2000,29,8700,276.578,614.0,1934.8,2265.6,3615.6,1,0,0
6,3,44,High_sub=40k,175,6,40000,2000,30,9000,296.435,685.3,2316.3,2443.5,3373.4,1,0,0
6,3,44,High_sub=40k,175,6,40000,2000,31,9300,296.908,654.3,2195.1,2522.5,3368.0,1,0,0
6,3,44,High_sub=40k,175,6,40000,2000,32,9600,305.955,770.0,2199.3,2311.8,3268.5,1,0,0
6,3,44,High_sub=40k,175,6,40000,2000,33,9900,306.846,803.1,2193.3,2703.5,3259.0,1,0,0
6,3,44,High_sub=40k,175,6,40000,2000,34,10200,358.686,1287.1,2203.2,2860.0,2788.0,1,0,0
6,3,44,High_sub=40k,175,6,40000,2000,35,10500,318.897,683.7,2225.8,2470.6,3135.8,1,0,0
6,3,44,High_sub=40k,175,6,40000,2000,36,10800,309.062,691.3,2250.3,2374.6,3235.6,1,0,0
6,3,44,High_sub=40k,175,6,40000,2000,37,11100,304.353,692.4,2184.2,2748.8,3285.7,1,0,0
6,3,44,High_sub=40k,175,6,40000,2000,38,11400,293.927,669.3,2169.7,2345.1,3402.2,1,0,0
6,3,44,High_sub=40k,175,6,40000,2000,39,11700,368.12,1916.1,2597.5,4067.0,2716.5,1,0,0
6,3,44,High_sub=40k,175,6,40000,2000,40,12000,303.106,666.6,2154.7,2219.7,3299.2,1,0,0
6,3,44,High_sub=40k,175,6,40000,2000,41,12300,321.894,726.1,2256.9,2348.1,3106.6,1,0,0
6,3,44,High_sub=40k,175,6,40000,2000,42,12600,334.812,802.3,2392.1,2697.4,2986.7,1,0,0
6,3,44,High_sub=40k,175,6,40000,2000,43,12900,319.904,708.7,2542.9,2959.7,3125.9,1,0,0
6,3,44,High_sub=40k,175,6,40000,2000,44,13200,293.852,673.4,2147.0,2282.4,3403.1,1,0,0
6,3,44,High_sub=40k,175,6,40000,2000,45,13500,296.032,647.5,1997.2,2086.2,3378.0,1,0,0
6,3,44,High_sub=40k,175,6,40000,2000,46,13800,311.222,709.1,2344.9,2493.1,3213.1,1,0,0
6,3,44,High_sub=40k,175,6,40000,2000,47,14100,324.607,820.8,2402.8,2715.3,3080.6,1,0,0
6,3,44,High_sub=40k,175,6,40000,2000,48,14400,252.2,669.9,2026.3,2169.1,3965.1,1,0,0
6,3,44,High_sub=40k,175,6,40000,2000,49,14700,298.494,686.4,2200.4,2385.7,3350.2,1,0,0
6,3,44,High_sub=40k,175,6,40000,2000,50,15000,288.272,726.7,2270.7,2553.1,3468.9,1,0,0
6,3,44,High_sub=40k,175,6,40000,2000,51,15300,340.206,778.8,2366.7,2510.0,2939.4,1,0,0
6,3,44,High_sub=40k,175,6,40000,2000,52,15600,340.312,759.7,2510.1,2773.5,2938.5,1,0,0
6,3,44,High_sub=40k,175,6,40000,2000,53,15900,337.443,1886.6,2268.2,2570.6,2963.5,1,0,0
6,3,44,High_sub=40k,175,6,40000,2000,54,16200,311.734,699.8,2254.7,2543.2,3207.9,1,0,0
6,3,44,High_sub=40k,175,6,40000,2000,55,16500,329.451,1952.6,2393.8,2663.6,3035.4,1,0,0
6,3,44,High_sub=40k,175,6,40000,2000,56,16800,300.738,745.8,2553.0,2686.3,3325.2,1,0,0
6,3,44,High_sub=40k,175,6,40000,2000,57,17100,355.964,795.5,2380.6,3038.1,2809.3,1,0,0
6,3,44,High_sub=40k,175,6,40000,2000,58,17400,531.741,1890.7,5284.8,6444.0,1880.6,1,0,0
6,3,44,High_sub=40k,175,6,40000,2000,59,17700,851.865,2264.0,6569.9,7156.9,1173.9,1,0,0
6,3,44,High_sub=40k,175,6,40000,2000,60,18000,862.551,1878.4,6462.0,7261.1,1159.4,1,0,0
6,3,44,High_sub=40k,175,6,40000,2000,61,18300,904.702,2477.4,7478.1,7763.8,1105.3,1,0,0
6,3,44,High_sub=40k,175,6,40000,2000,62,18600,625.433,2021.4,5693.9,6863.6,1598.9,1,0,0
6,3,44,High_sub=40k,175,6,40000,2000,63,18900,402.848,998.2,2668.9,4117.5,2482.3,1,0,0
6,3,44,High_sub=40k,175,6,40000,2000,64,19200,582.783,1318.6,4320.2,4637.3,1715.9,1,0,0
6,3,44,High_sub=40k,175,6,40000,2000,65,19500,580.182,1290.7,4302.5,5291.5,1723.6,1,0,0
6,3,44,High_sub=40k,175,6,40000,2000,66,19800,634.142,3480.5,3882.8,3943.1,1576.9,1,0,0
6,3,44,High_sub=40k,175,6,40000,2000,67,20000,523.325,1205.2,3826.1,4080.5,1910.9,1,0,0
6,3,44,Low_sub=200,175,6,200,2000,1,300,25.862,43.8,66.6,2877.9,38667.3,0,146,4
6,3,44,Low_sub=200,175,6,200,2000,2,600,14.05,31.8,41.3,45.4,71176.1,0,146,4
6,3,44,Low_sub=200,175,6,200,2000,3,900,22.761,28.4,42.7,2779.8,43935.4,0,147,4
6,3,44,Low_sub=200,175,6,200,2000,4,1200,13.725,30.7,40.7,41.5,72859.7,0,147,4
6,3,44,Low_sub=200,175,6,200,2000,5,1500,24.085,30.1,44.0,2766.0,41520.2,0,148,4
6,3,44,Low_sub=200,175,6,200,2000,6,1800,13.477,31.5,39.9,48.2,74202.3,0,148,4
6,3,44,Low_sub=200,175,6,200,2000,7,2100,23.911,35.8,53.3,2718.2,41822.3,0,149,4
6,3,44,Low_sub=200,175,6,200,2000,8,2400,16.201,35.4,47.0,53.9,61723.3,0,149,4
6,3,44,Low_sub=200,175,6,200,2000,9,2700,26.318,38.1,63.5,2836.2,37996.3,0,150,4
6,3,44,Low_sub=200,175,6,200,2000,10,3000,14.686,33.1,39.8,42.3,68090.5,0,150,4
6,3,44,Low_sub=200,175,6,200,2000,11,3300,25.46,37.3,46.3,3067.4,39276.8,0,151,4
6,3,44,Low_sub=200,175,6,200,2000,12,3600,15.417,32.3,39.3,42.5,64863.5,0,151,4
6,3,44,Low_sub=200,175,6,200,2000,13,3900,26.011,35.7,55.1,2944.6,38445.3,0,152,4
6,3,44,Low_sub=200,175,6,200,2000,14,4200,16.117,34.4,39.9,42.6,62046.3,0,152,4
6,3,44,Low_sub=200,175,6,200,2000,15,4500,24.87,33.6,43.7,2982.8,40209.1,0,153,4
6,3,44,Low_sub=200,175,6,200,2000,16,4800,14.651,35.6,53.9,78.1,68254.7,0,153,4
6,3,44,Low_sub=200,175,6,200,2000,17,5100,6.297,9.6,55.0,59.5,158814.2,0,153,4
6,3,44,Low_sub=200,175,6,200,2000,18,5400,22.08,40.6,54.7,2967.4,45289.9,0,154,4
6,3,44,Low_sub=200,175,6,200,2000,19,5700,11.762,43.0,60.4,97.1,85022.0,0,154,4
6,3,44,Low_sub=200,175,6,200,2000,20,6000,23.675,35.2,57.9,2998.7,42238.1,0,155,4
6,3,44,Low_sub=200,175,6,200,2000,21,6300,10.797,38.1,55.7,57.0,92618.3,0,155,4
6,3,44,Low_sub=200,175,6,200,2000,22,6600,27.708,43.6,57.2,3265.5,36090.2,0,156,4
6,3,44,Low_sub=200,175,6,200,2000,23,6900,14.663,37.1,54.2,56.3,68198.9,0,156,4
6,3,44,Low_sub=200,175,6,200,2000,24,7200,26.077,53.2,68.2,3016.0,38348.5,0,157,4
6,3,44,Low_sub=200,175,6,200,2000,25,7500,15.047,31.2,54.9,57.3,66459.9,0,157,4
6,3,44,Low_sub=200,175,6,200,2000,26,7800,27.706,36.9,57.7,3160.6,36093.3,0,158,4
6,3,44,Low_sub=200,175,6,200,2000,27,8100,17.883,42.2,57.8,60.1,55920.1,0,158,4
6,3,44,Low_sub=200,175,6,200,2000,28,8400,38.228,74.8,137.1,5261.7,26158.8,0,159,4
6,3,44,Low_sub=200,175,6,200,2000,29,8700,9.042,50.3,56.0,60.4,110590.9,0,159,4
6,3,44,Low_sub=200,175,6,200,2000,30,9000,24.308,42.6,57.8,3649.5,41138.7,0,160,4
6,3,44,Low_sub=200,175,6,200,2000,31,9300,13.455,41.8,54.0,60.0,74321.8,0,160,4
6,3,44,Low_sub=200,175,6,200,2000,32,9600,28.162,37.0,58.0,3444.7,35509.3,0,161,4
6,3,44,Low_sub=200,175,6,200,2000,33,9900,18.062,42.8,59.4,131.6,55363.8,0,161,4
6,3,44,Low_sub=200,175,6,200,2000,34,10200,27.897,40.6,47.4,3233.7,35846.6,0,162,4
6,3,44,Low_sub=200,175,6,200,2000,35,10500,10.962,32.4,38.4,45.4,91221.5,0,162,4
6,3,44,Low_sub=200,175,6,200,2000,36,10800,28.198,39.9,58.3,3472.3,35463.5,0,163,4
6,3,44,Low_sub=200,175,6,200,2000,37,11100,15.606,33.3,43.2,57.4,64076.6,0,163,4
6,3,44,Low_sub=200,175,6,200,2000,38,11400,30.392,57.0,73.3,3404.3,32903.8,0,164,4
6,3,44,Low_sub=200,175,6,200,2000,39,11700,15.738,36.0,47.8,57.6,63539.1,0,164,4
6,3,44,Low_sub=200,175,6,200,2000,40,12000,24.423,44.1,68.5,3282.2,40944.4,0,165,4
6,3,44,Low_sub=200,175,6,200,2000,41,12300,8.964,46.1,58.2,59.6,111557.3,0,165,4
6,3,44,Low_sub=200,175,6,200,2000,42,12600,26.846,54.7,58.6,3255.5,37250.0,0,166,4
6,3,44,Low_sub=200,175,6,200,2000,43,12900,17.073,38.3,60.0,93.5,58570.9,0,166,4
6,3,44,Low_sub=200,175,6,200,2000,44,13200,27.279,35.4,60.2,3228.0,36657.8,0,167,4
6,3,44,Low_sub=200,175,6,200,2000,45,13500,4.996,6.8,57.4,63.7,200146.8,0,167,4
6,3,44,Low_sub=200,175,6,200,2000,46,13800,22.205,45.6,60.9,3341.5,45034.9,0,168,4
6,3,44,Low_sub=200,175,6,200,2000,47,14100,12.738,42.5,59.4,64.8,78505.3,0,168,4
6,3,44,Low_sub=200,175,6,200,2000,48,14400,31.395,55.0,103.5,3137.0,31851.9,0,169,4
6,3,44,Low_sub=200,175,6,200,2000,49,14700,15.985,35.2,56.6,69.0,62559.9,0,169,4
6,3,44,Low_sub=200,175,6,200,2000,50,15000,26.419,35.6,51.4,3053.0,37852.0,0,170,4
6,3,44,Low_sub=200,175,6,200,2000,51,15300,13.758,31.8,37.7,40.9,72686.7,0,170,4
6,3,44,Low_sub=200,175,6,200,2000,52,15600,28.268,39.0,64.6,3177.2,35375.7,0,171,4
6,3,44,Low_sub=200,175,6,200,2000,53,15900,16.341,38.2,58.4,59.2,61194.5,0,171,4
6,3,44,Low_sub=200,175,6,200,2000,54,16200,25.703,34.8,58.6,3042.1,38905.5,0,172,4
6,3,44,Low_sub=200,175,6,200,2000,55,16500,14.737,37.2,54.2,96.4,67856.4,0,172,4
6,3,44,Low_sub=200,175,6,200,2000,56,16800,23.918,34.3,59.6,3139.8,41808.9,0,173,4
6,3,44,Low_sub=200,175,6,200,2000,57,17100,14.392,32.7,56.9,59.0,69483.0,0,173,4
6,3,44,Low_sub=200,175,6,200,2000,58,17400,25.411,44.4,64.6,3159.8,39353.0,0,174,4
6,3,44,Low_sub=200,175,6,200,2000,59,17700,15.594,35.1,59.0,60.9,64128.6,0,174,4
6,3,44,Low_sub=200,175,6,200,2000,60,18000,27.101,37.0,47.3,3454.9,36899.0,0,175,4
6,3,44,Low_sub=200,175,6,200,2000,61,18300,14.93,35.1,41.7,43.2,66979.2,0,175,4
6,3,44,Low_sub=200,175,6,200,2000,62,18600,27.431,36.0,61.3,3262.2,36455.5,0,176,4
6,3,44,Low_sub=200,175,6,200,2000,63,18900,16.917,42.1,63.5,128.2,59113.3,0,176,4
6,3,44,Low_sub=200,175,6,200,2000,64,19200,23.484,50.9,63.1,3150.4,42581.6,0,177,4
6,3,44,Low_sub=200,175,6,200,2000,65,19500,22.49,51.5,76.5,100.3,44464.2,0,177,4
6,3,44,Low_sub=200,175,6,200,2000,66,19800,45.406,71.6,130.1,5488.5,22023.5,0,178,4
6,3,44,Low_sub=200,175,6,200,2000,67,20000,27.452,65.9,103.0,120.9,36426.6,0,178,4
6,3,44,High_local=50k,175,6,2000,50000,1,300,15.375,22.0,55.4,2038.5,65040.6,0,14,1
6,3,44,High_local=50k,175,6,2000,50000,2,600,7.793,12.9,18.2,18.7,128325.8,0,14,1
6,3,44,High_local=50k,175,6,2000,50000,3,900,9.393,16.0,26.5,67.7,106466.0,0,14,1
6,3,44,High_local=50k,175,6,2000,50000,4,1200,10.437,20.0,30.6,58.2,95816.0,0,14,1
6,3,44,High_local=50k,175,6,2000,50000,5,1500,10.777,21.8,24.5,27.4,92790.2,0,14,1
6,3,44,High_local=50k,175,6,2000,50000,6,1800,11.321,23.8,29.3,30.9,88334.0,0,14,1
6,3,44,High_local=50k,175,6,2000,50000,7,2100,13.187,29.3,38.3,54.2,75832.2,0,14,1
6,3,44,High_local=50k,175,6,2000,50000,8,2400,13.623,30.4,41.6,44.1,73407.1,0,14,1
6,3,44,High_local=50k,175,6,2000,50000,9,2700,14.421,37.8,47.0,52.6,69344.9,0,14,1
6,3,44,High_local=50k,175,6,2000,50000,10,3000,15.382,35.7,48.1,63.2,65009.7,0,14,1
6,3,44,High_local=50k,175,6,2000,50000,11,3300,17.822,47.6,72.6,96.3,56110.4,0,14,1
6,3,44,High_local=50k,175,6,2000,50000,12,3600,17.861,46.3,56.4,59.1,55988.9,0,14,1
6,3,44,High_local=50k,175,6,2000,50000,13,3900,17.402,52.6,63.8,64.1,57463.6,0,14,1
6,3,44,High_local=50k,175,6,2000,50000,14,4200,19.911,52.1,60.3,61.7,50224.3,0,14,1
6,3,44,High_local=50k,175,6,2000,50000,15,4500,20.656,57.8,67.8,73.7,48411.3,0,14,1
6,3,44,High_local=50k,175,6,2000,50000,16,4800,16.688,50.2,73.1,103.2,59924.5,0,14,1
6,3,44,High_local=50k,175,6,2000,50000,17,5100,10.721,17.2,25.7,95.9,93274.9,0,14,1
6,3,44,High_local=50k,175,6,2000,50000,18,5400,11.261,21.3,24.2,48.4,88804.7,0,14,1
6,3,44,High_local=50k,175,6,2000,50000,19,5700,13.086,25.3,29.9,58.8,76419.5,0,14,1
6,3,44,High_local=50k,175,6,2000,50000,20,6000,15.251,29.5,36.0,38.3,65569.5,0,14,1
6,3,44,High_local=50k,175,6,2000,50000,21,6300,16.869,37.3,46.8,53.8,59279.2,0,14,1
6,3,44,High_local=50k,175,6,2000,50000,22,6600,19.845,30.0,43.4,2422.0,50389.7,0,15,1
6,3,44,High_local=50k,175,6,2000,50000,23,6900,9.987,19.7,27.0,52.6,100126.8,0,15,1
6,3,44,High_local=50k,175,6,2000,50000,24,7200,10.328,22.1,26.9,55.6,96824.2,0,15,1
6,3,44,High_local=50k,175,6,2000,50000,25,7500,9.247,17.8,21.5,25.5,108147.1,0,15,1
6,3,44,High_local=50k,175,6,2000,50000,26,7800,9.811,18.6,25.7,56.3,101926.4,0,15,1
6,3,44,High_local=50k,175,6,2000,50000,27,8100,9.46,17.9,22.2,25.5,105712.0,0,15,1
6,3,44,High_local=50k,175,6,2000,50000,28,8400,8.727,21.4,31.0,59.5,114582.5,0,15,1
6,3,44,High_local=50k,175,6,2000,50000,29,8700,8.55,17.7,23.3,50.4,116954.5,0,15,1
6,3,44,High_local=50k,175,6,2000,50000,30,9000,8.725,17.0,22.8,69.5,114613.2,0,15,1
6,3,44,High_local=50k,175,6,2000,50000,31,9300,9.527,18.6,21.0,25.4,104961.2,0,15,1
6,3,44,High_local=50k,175,6,2000,50000,32,9600,9.726,18.3,21.8,26.6,102817.2,0,15,1
6,3,44,High_local=50k,175,6,2000,50000,33,9900,10.826,19.3,35.8,58.6,92367.4,0,15,1
6,3,44,High_local=50k,175,6,2000,50000,34,10200,9.016,17.8,22.8,28.0,110909.8,0,15,1
6,3,44,High_local=50k,175,6,2000,50000,35,10500,7.367,17.6,20.3,20.4,135734.3,0,15,1
6,3,44,High_local=50k,175,6,2000,50000,36,10800,7.815,15.6,19.0,20.5,127959.0,0,15,1
6,3,44,High_local=50k,175,6,2000,50000,37,11100,8.51,15.5,19.4,29.5,117504.2,0,15,1
6,3,44,High_local=50k,175,6,2000,50000,38,11400,9.699,17.7,22.2,55.7,103103.4,0,15,1
6,3,44,High_local=50k,175,6,2000,50000,39,11700,10.113,20.3,29.6,65.1,98879.4,0,15,1
6,3,44,High_local=50k,175,6,2000,50000,40,12000,10.99,21.7,25.1,57.3,90994.6,0,15,1
6,3,44,High_local=50k,175,6,2000,50000,41,12300,11.372,22.3,30.5,51.5,87937.8,0,15,1
6,3,44,High_local=50k,175,6,2000,50000,42,12600,21.327,24.2,34.2,2763.8,46888.2,0,16,1
6,3,44,High_local=50k,175,6,2000,50000,43,12900,10.784,20.9,28.2,59.7,92727.1,0,16,1
6,3,44,High_local=50k,175,6,2000,50000,44,13200,7.586,17.1,22.8,55.2,131816.0,0,16,1
6,3,44,High_local=50k,175,6,2000,50000,45,13500,5.892,13.7,22.1,54.1,169721.7,0,16,1
6,3,44,High_local=50k,175,6,2000,50000,46,13800,6.625,12.2,50.3,65.7,150943.4,0,16,1
6,3,44,High_local=50k,175,6,2000,50000,47,14100,8.381,15.3,22.1,56.9,119312.7,0,16,1
6,3,44,High_local=50k,175,6,2000,50000,48,14400,10.388,21.0,28.1,35.0,96264.9,0,16,1
6,3,44,High_local=50k,175,6,2000,50000,49,14700,11.359,23.8,28.7,60.2,88038.5,0,16,1
6,3,44,High_local=50k,175,6,2000,50000,50,15000,12.175,29.7,35.5,38.6,82135.5,0,16,1
6,3,44,High_local=50k,175,6,2000,50000,51,15300,14.752,34.8,40.7,52.6,67787.4,0,16,1
6,3,44,High_local=50k,175,6,2000,50000,52,15600,16.437,36.7,54.2,66.8,60839.6,0,16,1
6,3,44,High_local=50k,175,6,2000,50000,53,15900,22.288,46.1,55.0,1006.7,44866.5,0,16,1
6,3,44,High_local=50k,175,6,2000,50000,54,16200,22.321,57.6,75.0,117.0,44800.9,0,16,1
6,3,44,High_local=50k,175,6,2000,50000,55,16500,21.073,52.3,66.7,70.4,47453.3,0,16,1
6,3,44,High_local=50k,175,6,2000,50000,56,16800,24.693,60.9,75.6,145.7,40496.8,0,16,1
6,3,44,High_local=50k,175,6,2000,50000,57,17100,25.931,59.6,78.7,80.8,38563.4,0,16,1
6,3,44,High_local=50k,175,6,2000,50000,58,17400,27.048,64.8,87.7,95.7,36971.3,0,16,1
6,3,44,High_local=50k,175,6,2000,50000,59,17700,29.758,75.3,87.6,91.8,33604.0,0,16,1
6,3,44,High_local=50k,175,6,2000,50000,60,18000,32.971,83.0,96.0,155.5,30329.7,0,16,1
6,3,44,High_local=50k,175,6,2000,50000,61,18300,35.418,89.3,106.7,136.5,28234.5,0,16,1
6,3,44,High_local=50k,175,6,2000,50000,62,18600,35.341,91.9,109.1,2655.8,28295.7,0,17,1
6,3,44,High_local=50k,175,6,2000,50000,63,18900,11.112,26.2,55.0,72.3,89995.5,0,17,1
6,3,44,High_local=50k,175,6,2000,50000,64,19200,10.685,22.6,56.0,60.8,93592.1,0,17,1
6,3,44,High_local=50k,175,6,2000,50000,65,19500,10.641,19.9,26.6,54.9,93979.1,0,17,1
6,3,44,High_local=50k,175,6,2000,50000,66,19800,10.007,21.0,24.2,52.7,99933.4,0,17,1
6,3,44,High_local=50k,175,6,2000,50000,67,20000,9.729,19.6,28.3,53.1,102785.5,0,17,1
6,3,44,Low_local=50,175,6,2000,50,1,300,22.791,24.3,1073.1,1875.9,43877.6,44,14,1
6,3,44,Low_local=50,175,6,2000,50,2,600,11.584,13.4,18.3,1087.5,86323.5,45,14,1
6,3,44,Low_local=50,175,6,2000,50,3,900,15.969,15.4,50.1,1108.8,62620.0,48,14,1
6,3,44,Low_local=50,175,6,2000,50,4,1200,15.318,15.4,52.3,1087.0,65282.7,50,14,1
6,3,44,Low_local=50,175,6,2000,50,5,1500,15.727,15.2,21.6,1103.3,63584.9,52,14,1
6,3,44,Low_local=50,175,6,2000,50,6,1800,16.219,16.1,19.0,1106.4,61656.1,54,14,1
6,3,44,Low_local=50,175,6,2000,50,7,2100,17.809,17.9,51.5,1291.2,56151.4,57,14,1
6,3,44,Low_local=50,175,6,2000,50,8,2400,16.498,15.5,79.5,1148.2,60612.2,59,14,1
6,3,44,Low_local=50,175,6,2000,50,9,2700,17.284,18.4,49.0,1135.9,57858.1,61,14,1
6,3,44,Low_local=50,175,6,2000,50,10,3000,17.739,16.9,22.7,1267.2,56374.0,63,14,1
6,3,44,Low_local=50,175,6,2000,50,11,3300,17.864,19.5,24.0,1145.4,55979.5,65,14,1
6,3,44,Low_local=50,175,6,2000,50,12,3600,18.416,21.2,25.0,1150.0,54299.6,67,14,1
6,3,44,Low_local=50,175,6,2000,50,13,3900,16.416,25.2,50.6,1352.9,60917.4,68,14,1
6,3,44,Low_local=50,175,6,2000,50,14,4200,23.903,26.0,45.5,1616.0,41835.7,70,14,1
6,3,44,Low_local=50,175,6,2000,50,15,4500,22.18,25.5,70.0,1424.9,45085.7,72,14,1
6,3,44,Low_local=50,175,6,2000,50,16,4800,20.391,26.6,124.0,1304.1,49040.4,74,14,1
6,3,44,Low_local=50,175,6,2000,50,17,5100,17.602,17.6,50.7,1106.4,56811.7,76,14,1
6,3,44,Low_local=50,175,6,2000,50,18,5400,19.21,22.1,63.8,1184.4,52057.1,79,14,1
6,3,44,Low_local=50,175,6,2000,50,19,5700,15.711,15.6,49.1,1108.4,63648.3,81,14,1
6,3,44,Low_local=50,175,6,2000,50,20,6000,14.004,18.6,24.3,1111.6,71409.9,82,14,1
6,3,44,Low_local=50,175,6,2000,50,21,6300,12.363,25.8,49.9,69.4,80886.5,82,14,1
6,3,44,Low_local=50,175,6,2000,50,22,6600,20.542,23.3,34.0,2144.2,48680.0,82,15,1
6,3,44,Low_local=50,175,6,2000,50,23,6900,21.537,20.6,1121.1,1209.9,46431.7,82,15,1
6,3,44,Low_local=50,175,6,2000,50,24,7200,16.651,19.1,54.0,1188.7,60056.5,82,15,1
6,3,44,Low_local=50,175,6,2000,50,25,7500,16.726,17.4,24.1,1148.3,59786.0,82,15,1
6,3,44,Low_local=50,175,6,2000,50,26,7800,13.868,18.9,52.7,1132.8,72110.2,82,15,1
6,3,44,Low_local=50,175,6,2000,50,27,8100,17.428,19.0,27.8,1231.2,57377.8,82,15,1
6,3,44,Low_local=50,175,6,2000,50,28,8400,15.793,19.9,51.7,1154.0,63319.2,82,15,1
6,3,44,Low_local=50,175,6,2000,50,29,8700,16.71,21.3,48.6,1161.4,59845.6,82,15,1
6,3,44,Low_local=50,175,6,2000,50,30,9000,20.346,17.9,1161.6,1178.8,49149.7,82,15,1
6,3,44,Low_local=50,175,6,2000,50,31,9300,16.968,18.2,24.9,1167.4,58934.5,82,15,1
6,3,44,Low_local=50,175,6,2000,50,32,9600,18.269,20.2,54.5,1279.3,54737.5,82,15,1
6,3,44,Low_local=50,175,6,2000,50,33,9900,17.995,18.9,35.8,1229.2,55570.0,82,15,1
6,3,44,Low_local=50,175,6,2000,50,34,10200,16.52,17.6,27.7,1192.1,60531.5,82,15,1
6,3,44,Low_local=50,175,6,2000,50,35,10500,11.765,17.6,20.8,1313.2,84995.5,82,15,1
6,3,44,Low_local=50,175,6,2000,50,36,10800,15.64,15.6,20.5,1195.1,63937.3,82,15,1
6,3,44,Low_local=50,175,6,2000,50,37,11100,16.091,15.7,21.5,1189.5,62146.5,82,15,1
6,3,44,Low_local=50,175,6,2000,50,38,11400,21.742,19.1,1196.7,1310.9,45994.6,82,15,1
6,3,44,Low_local=50,175,6,2000,50,39,11700,13.612,19.2,26.3,1203.8,73466.4,82,15,1
6,3,44,Low_local=50,175,6,2000,50,40,12000,18.749,21.8,53.0,1210.2,53335.2,82,15,1
6,3,44,Low_local=50,175,6,2000,50,41,12300,11.989,23.9,41.8,50.3,83409.8,82,15,1
6,3,44,Low_local=50,175,6,2000,50,42,12600,23.194,23.3,55.1,2375.9,43114.6,82,16,1
6,3,44,Low_local=50,175,6,2000,50,43,12900,18.552,20.4,55.1,1254.9,53902.5,82,16,1
6,3,44,Low_local=50,175,6,2000,50,44,13200,16.289,19.0,55.0,1366.3,61389.9,82,16,1
6,3,44,Low_local=50,175,6,2000,50,45,13500,13.851,14.3,53.3,1206.3,72195.2,82,16,1
6,3,44,Low_local=50,175,6,2000,50,46,13800,14.701,12.0,76.6,1224.1,68024.1,82,16,1
6,3,44,Low_local=50,175,6,2000,50,47,14100,18.261,18.1,57.1,1459.0,54760.5,82,16,1
6,3,44,Low_local=50,175,6,2000,50,48,14400,17.822,19.4,23.6,1240.9,56110.4,82,16,1
6,3,44,Low_local=50,175,6,2000,50,49,14700,19.867,26.0,56.3,1312.4,50335.6,82,16,1
6,3,44,Low_local=50,175,6,2000,50,50,15000,20.533,30.5,38.1,1268.6,48701.3,82,16,1
6,3,44,Low_local=50,175,6,2000,50,51,15300,22.714,35.2,41.7,1263.0,44025.7,82,16,1
6,3,44,Low_local=50,175,6,2000,50,52,15600,24.134,37.3,58.8,1273.3,41435.3,82,16,1
6,3,44,Low_local=50,175,6,2000,50,53,15900,27.428,46.8,55.0,1283.7,36459.1,82,16,1
6,3,44,Low_local=50,175,6,2000,50,54,16200,29.119,55.6,70.4,1297.4,34341.4,82,16,1
6,3,44,Low_local=50,175,6,2000,50,55,16500,29.642,54.9,70.3,1358.0,33735.9,82,16,1
6,3,44,Low_local=50,175,6,2000,50,56,16800,32.593,61.1,74.9,1303.5,30681.4,82,16,1
6,3,44,Low_local=50,175,6,2000,50,57,17100,35.814,61.1,118.5,1492.1,27921.8,82,16,1
6,3,44,Low_local=50,175,6,2000,50,58,17400,35.275,64.4,90.6,1398.7,28348.7,82,16,1
6,3,44,Low_local=50,175,6,2000,50,59,17700,38.382,76.3,92.1,1332.4,26053.7,82,16,1
6,3,44,Low_local=50,175,6,2000,50,60,18000,41.574,85.5,144.4,1324.3,24053.5,82,16,1
6,3,44,Low_local=50,175,6,2000,50,61,18300,34.83,87.5,108.7,136.4,28711.2,82,16,1
6,3,44,Low_local=50,175,6,2000,50,62,18600,38.189,92.0,112.9,2224.0,26185.8,82,17,1
6,3,44,Low_local=50,175,6,2000,50,63,18900,18.261,23.0,55.1,1236.8,54760.5,82,17,1
6,3,44,Low_local=50,175,6,2000,50,64,19200,18.087,21.1,55.0,1243.8,55289.4,82,17,1
6,3,44,Low_local=50,175,6,2000,50,65,19500,19.046,20.4,54.8,1288.2,52505.4,82,17,1
6,3,44,Low_local=50,175,6,2000,50,66,19800,18.09,21.0,52.8,1257.2,55279.2,82,17,1
6,3,44,Low_local=50,175,6,2000,50,67,20000,15.969,19.7,52.3,1258.6,62623.3,82,17,1
6,4,45,"Tuned(175,k=6)",175,6,2000,2000,1,300,15.284,41.2,74.8,1878.3,65429.3,2,14,1
6,4,45,"Tuned(175,k=6)",175,6,2000,2000,2,600,5.824,13.5,19.5,23.3,171693.5,2,14,1
6,4,45,"Tuned(175,k=6)",175,6,2000,2000,3,900,6.698,12.4,16.0,21.6,149298.3,2,14,1
6,4,45,"Tuned(175,k=6)",175,6,2000,2000,4,1200,7.771,13.7,16.8,18.2,128683.6,2,14,1
6,4,45,"Tuned(175,k=6)",175,6,2000,2000,5,1500,8.699,15.3,19.4,29.0,114960.2,2,14,1
6,4,45,"Tuned(175,k=6)",175,6,2000,2000,6,1800,9.644,17.3,21.5,23.0,103687.8,2,14,1
6,4,45,"Tuned(175,k=6)",175,6,2000,2000,7,2100,12.054,25.2,43.3,89.2,82962.3,2,14,1
6,4,45,"Tuned(175,k=6)",175,6,2000,2000,8,2400,11.67,21.4,29.1,33.2,85687.4,2,14,1
6,4,45,"Tuned(175,k=6)",175,6,2000,2000,9,2700,13.352,30.0,45.7,52.0,74895.2,2,14,1
6,4,45,"Tuned(175,k=6)",175,6,2000,2000,10,3000,14.834,32.2,47.0,53.3,67411.2,2,14,1
6,4,45,"Tuned(175,k=6)",175,6,2000,2000,11,3300,19.376,36.2,46.8,1247.1,51611.1,2,14,1
6,4,45,"Tuned(175,k=6)",175,6,2000,2000,12,3600,16.054,34.9,44.2,50.0,62291.1,2,14,1
6,4,45,"Tuned(175,k=6)",175,6,2000,2000,13,3900,17.86,45.5,56.7,109.1,55991.0,2,14,1
6,4,45,"Tuned(175,k=6)",175,6,2000,2000,14,4200,19.426,48.8,59.1,65.1,51477.4,2,14,1
6,4,45,"Tuned(175,k=6)",175,6,2000,2000,15,4500,16.239,46.4,62.4,70.4,61581.4,2,14,1
6,4,45,"Tuned(175,k=6)",175,6,2000,2000,16,4800,8.499,21.6,36.2,50.7,117665.5,2,14,1
6,4,45,"Tuned(175,k=6)",175,6,2000,2000,17,5100,10.388,30.2,39.7,75.8,96264.9,2,14,1
6,4,45,"Tuned(175,k=6)",175,6,2000,2000,18,5400,10.942,27.1,38.2,41.9,91388.2,2,14,1
6,4,45,"Tuned(175,k=6)",175,6,2000,2000,19,5700,8.882,25.2,41.0,43.5,112583.0,2,14,1
6,4,45,"Tuned(175,k=6)",175,6,2000,2000,20,6000,9.888,30.9,41.1,45.0,101129.3,2,14,1
6,4,45,"Tuned(175,k=6)",175,6,2000,2000,21,6300,14.144,23.7,49.2,1813.1,70703.0,2,15,1
6,4,45,"Tuned(175,k=6)",175,6,2000,2000,22,6600,6.733,13.3,14.9,18.5,148514.9,2,15,1
6,4,45,"Tuned(175,k=6)",175,6,2000,2000,23,6900,7.579,13.9,18.9,48.2,131937.7,2,15,1
6,4,45,"Tuned(175,k=6)",175,6,2000,2000,24,7200,7.983,15.0,17.7,18.2,125271.4,2,15,1
6,4,45,"Tuned(175,k=6)",175,6,2000,2000,25,7500,7.177,14.6,18.6,20.9,139340.5,2,15,1
6,4,45,"Tuned(175,k=6)",175,6,2000,2000,26,7800,8.803,19.6,26.3,45.2,113601.9,2,15,1
6,4,45,"Tuned(175,k=6)",175,6,2000,2000,27,8100,9.737,21.3,26.0,35.0,102701.0,2,15,1
6,4,45,"Tuned(175,k=6)",175,6,2000,2000,28,8400,10.209,18.2,25.3,30.1,97952.8,2,15,1
6,4,45,"Tuned(175,k=6)",175,6,2000,2000,29,8700,11.418,24.2,31.0,64.9,87583.5,2,15,1
6,4,45,"Tuned(175,k=6)",175,6,2000,2000,30,9000,11.866,25.2,32.7,35.3,84276.8,2,15,1
6,4,45,"Tuned(175,k=6)",175,6,2000,2000,31,9300,18.138,31.1,50.4,1248.2,55132.9,3,15,1
6,4,45,"Tuned(175,k=6)",175,6,2000,2000,32,9600,10.104,23.3,37.3,45.0,98970.7,3,15,1
6,4,45,"Tuned(175,k=6)",175,6,2000,2000,33,9900,10.289,28.0,39.3,43.5,97191.2,3,15,1
6,4,45,"Tuned(175,k=6)",175,6,2000,2000,34,10200,11.022,26.0,44.9,51.5,90724.9,3,15,1
6,4,45,"Tuned(175,k=6)",175,6,2000,2000,35,10500,13.754,40.1,49.5,98.2,72707.9,3,15,1
6,4,45,"Tuned(175,k=6)",175,6,2000,2000,36,10800,14.698,36.7,46.4,51.7,68034.9,3,15,1
6,4,45,"Tuned(175,k=6)",175,6,2000,2000,37,11100,15.789,40.2,49.8,55.7,63335.2,3,15,1
6,4,45,"Tuned(175,k=6)",175,6,2000,2000,38,11400,15.754,39.9,58.4,65.1,63477.3,3,15,1
6,4,45,"Tuned(175,k=6)",175,6,2000,2000,39,11700,17.59,46.6,60.0,63.9,56851.6,3,15,1
6,4,45,"Tuned(175,k=6)",175,6,2000,2000,40,12000,17.342,42.3,56.7,69.4,57664.6,3,15,1
6,4,45,"Tuned(175,k=6)",175,6,2000,2000,41,12300,18.063,33.5,56.8,2144.8,55362.8,3,16,1
6,4,45,"Tuned(175,k=6)",175,6,2000,2000,42,12600,8.587,19.4,23.6,49.3,116455.1,3,16,1
6,4,45,"Tuned(175,k=6)",175,6,2000,2000,43,12900,9.322,18.7,22.4,23.0,107273.1,3,16,1
6,4,45,"Tuned(175,k=6)",175,6,2000,2000,44,13200,9.404,17.7,21.7,22.9,106333.9,3,16,1
6,4,45,"Tuned(175,k=6)",175,6,2000,2000,45,13500,10.686,21.0,26.4,31.4,93580.4,3,16,1
6,4,45,"Tuned(175,k=6)",175,6,2000,2000,46,13800,10.255,20.8,26.9,28.6,97510.3,3,16,1
6,4,45,"Tuned(175,k=6)",175,6,2000,2000,47,14100,8.845,19.7,25.0,26.6,113054.0,3,16,1
6,4,45,"Tuned(175,k=6)",175,6,2000,2000,48,14400,8.452,22.2,27.9,88.3,118310.5,3,16,1
6,4,45,"Tuned(175,k=6)",175,6,2000,2000,49,14700,9.344,18.5,29.5,49.2,107024.4,3,16,1
6,4,45,"Tuned(175,k=6)",175,6,2000,2000,50,15000,11.735,28.7,34.1,56.9,85212.7,3,16,1
6,4,45,"Tuned(175,k=6)",175,6,2000,2000,51,15300,16.328,33.3,36.4,1281.2,61243.2,3,16,1
6,4,45,"Tuned(175,k=6)",175,6,2000,2000,52,15600,12.909,28.7,38.7,43.7,77463.3,3,16,1
6,4,45,"Tuned(175,k=6)",175,6,2000,2000,53,15900,12.505,36.6,44.6,45.8,79970.1,3,16,1
6,4,45,"Tuned(175,k=6)",175,6,2000,2000,54,16200,12.559,33.9,47.0,50.0,79622.1,3,16,1
6,4,45,"Tuned(175,k=6)",175,6,2000,2000,55,16500,13.413,36.6,48.9,54.3,74554.5,3,16,1
6,4,45,"Tuned(175,k=6)",175,6,2000,2000,56,16800,15.782,46.6,56.5,61.0,63363.3,3,16,1
6,4,45,"Tuned(175,k=6)",175,6,2000,2000,57,17100,18.376,44.1,85.1,122.3,54417.8,3,16,1
6,4,45,"Tuned(175,k=6)",175,6,2000,2000,58,17400,17.468,51.9,60.0,62.1,57247.5,3,16,1
6,4,45,"Tuned(175,k=6)",175,6,2000,2000,59,17700,18.981,45.9,68.0,82.6,52684.3,3,16,1
6,4,45,"Tuned(175,k=6)",175,6,2000,2000,60,18000,19.142,46.4,65.3,71.9,52241.2,3,16,1
6,4,45,"Tuned(175,k=6)",175,6,2000,2000,61,18300,23.356,38.7,70.7,2281.5,42814.9,3,17,1
6,4,45,"Tuned(175,k=6)",175,6,2000,2000,62,18600,11.693,24.8,64.7,103.3,85523.7,3,17,1
6,4,45,"Tuned(175,k=6)",175,6,2000,2000,63,18900,10.226,22.0,36.7,52.1,97789.9,3,17,1
6,4,45,"Tuned(175,k=6)",175,6,2000,2000,64,19200,10.888,21.4,47.7,51.5,91844.2,3,17,1
6,4,45,"Tuned(175,k=6)",175,6,2000,2000,65,19500,10.609,21.6,25.1,36.8,94256.6,3,17,1
6,4,45,"Tuned(175,k=6)",175,6,2000,2000,66,19800,7.789,17.3,25.1,47.7,128391.7,3,17,1
6,4,45,"Tuned(175,k=6)",175,6,2000,2000,67,20000,8.196,17.3,28.7,48.9,122010.8,3,17,1
6,4,45,"OldDefault(100,k=3)",100,3,5000,1000,1,300,22.1,40.2,54.2,1670.8,45249.6,3,5,1
6,4,45,"OldDefault(100,k=3)",100,3,5000,1000,2,600,10.412,24.1,32.0,36.9,96046.1,3,5,1
6,4,45,"OldDefault(100,k=3)",100,3,5000,1000,3,900,5.624,14.2,16.4,22.3,177809.4,3,5,1
6,4,45,"OldDefault(100,k=3)",100,3,5000,1000,4,1200,7.29,14.9,15.9,16.4,137174.2,3,5,1
6,4,45,"OldDefault(100,k=3)",100,3,5000,1000,5,1500,12.942,16.4,19.8,1178.7,77269.8,3,5,1
6,4,45,"OldDefault(100,k=3)",100,3,5000,1000,6,1800,11.532,23.4,27.9,58.7,86712.7,3,5,1
6,4,45,"OldDefault(100,k=3)",100,3,5000,1000,7,2100,12.696,27.0,30.7,74.0,78765.0,3,5,1
6,4,45,"OldDefault(100,k=3)",100,3,5000,1000,8,2400,15.605,31.7,37.4,572.5,64083.4,3,5,1
6,4,45,"OldDefault(100,k=3)",100,3,5000,1000,9,2700,16.355,37.7,71.9,77.1,61144.6,3,5,1
6,4,45,"OldDefault(100,k=3)",100,3,5000,1000,10,3000,17.714,40.9,47.7,79.8,56451.5,3,5,1
6,4,45,"OldDefault(100,k=3)",100,3,5000,1000,11,3300,19.384,48.4,63.2,100.7,51588.9,3,5,1
6,4,45,"OldDefault(100,k=3)",100,3,5000,1000,12,3600,21.29,55.8,60.9,76.2,46969.7,3,5,1
6,4,45,"OldDefault(100,k=3)",100,3,5000,1000,13,3900,8.172,24.5,48.2,63.0,122369.1,3,5,1
6,4,45,"OldDefault(100,k=3)",100,3,5000,1000,14,4200,6.967,14.7,19.5,25.5,143526.9,3,5,1
6,4,45,"OldDefault(100,k=3)",100,3,5000,1000,15,4500,6.695,12.6,72.0,75.2,149365.2,3,5,1
6,4,45,"OldDefault(100,k=3)",100,3,5000,1000,16,4800,12.626,14.1,70.7,1237.8,79203.7,4,5,1
6,4,45,"OldDefault(100,k=3)",100,3,5000,1000,17,5100,11.125,20.8,71.9,78.1,89884.9,4,5,1
6,4,45,"OldDefault(100,k=3)",100,3,5000,1000,18,5400,12.087,24.9,29.1,75.3,82731.2,4,5,1
6,4,45,"OldDefault(100,k=3)",100,3,5000,1000,19,5700,13.687,30.4,71.7,76.6,73060.3,4,5,1
6,4,45,"OldDefault(100,k=3)",100,3,5000,1000,20,6000,14.985,34.5,42.0,71.9,66733.4,4,5,1
6,4,45,"OldDefault(100,k=3)",100,3,5000,1000,21,6300,17.254,37.9,74.8,81.7,57957.6,4,5,1
6,4,45,"OldDefault(100,k=3)",100,3,5000,1000,22,6600,20.89,50.0,74.0,75.4,47870.6,4,5,1
6,4,45,"OldDefault(100,k=3)",100,3,5000,1000,23,6900,21.954,52.8,77.4,78.2,45549.8,4,5,1
6,4,45,"OldDefault(100,k=3)",100,3,5000,1000,24,7200,24.155,60.4,72.9,81.4,41398.7,4,5,1
6,4,45,"OldDefault(100,k=3)",100,3,5000,1000,25,7500,26.062,64.9,77.3,108.1,38370.5,4,5,1
6,4,45,"OldDefault(100,k=3)",100,3,5000,1000,26,7800,30.675,67.4,80.1,1303.8,32599.8,4,5,1
6,4,45,"OldDefault(100,k=3)",100,3,5000,1000,27,8100,29.365,71.6,81.5,143.2,34054.1,4,5,1
6,4,45,"OldDefault(100,k=3)",100,3,5000,1000,28,8400,33.935,82.5,91.7,92.6,29468.4,4,5,1
6,4,45,"OldDefault(100,k=3)",100,3,5000,1000,29,8700,34.624,90.5,109.2,119.1,28882.0,4,5,1
6,4,45,"OldDefault(100,k=3)",100,3,5000,1000,30,9000,36.806,87.0,105.5,109.0,27169.2,4,5,1
6,4,45,"OldDefault(100,k=3)",100,3,5000,1000,31,9300,37.925,98.6,116.0,160.0,26367.6,4,5,1
6,4,45,"OldDefault(100,k=3)",100,3,5000,1000,32,9600,37.383,94.4,113.1,118.0,26750.4,4,5,1
6,4,45,"OldDefault(100,k=3)",100,3,5000,1000,33,9900,42.458,116.7,126.0,131.3,23552.9,4,5,1
6,4,45,"OldDefault(100,k=3)",100,3,5000,1000,34,10200,46.963,114.0,136.8,139.3,21293.5,4,5,1
6,4,45,"OldDefault(100,k=3)",100,3,5000,1000,35,10500,47.303,121.2,141.4,143.5,21140.2,4,5,1
6,4,45,"OldDefault(100,k=3)",100,3,5000,1000,36,10800,53.102,131.8,166.0,1511.5,18831.6,4,5,1
6,4,45,"OldDefault(100,k=3)",100,3,5000,1000,37,11100,53.628,132.6,154.3,208.9,18646.9,4,5,1
6,4,45,"OldDefault(100,k=3)",100,3,5000,1000,38,11400,49.727,127.5,158.2,161.7,20109.7,4,5,1
6,4,45,"OldDefault(100,k=3)",100,3,5000,1000,39,11700,55.653,152.9,217.4,254.4,17968.6,4,5,1
6,4,45,"OldDefault(100,k=3)",100,3,5000,1000,40,12000,53.364,144.8,177.7,274.4,18739.2,4,5,1
6,4,45,"OldDefault(100,k=3)",100,3,5000,1000,41,12300,58.296,154.7,210.4,228.2,17153.9,4,5,1
6,4,45,"OldDefault(100,k=3)",100,3,5000,1000,42,12600,64.905,158.3,184.1,221.8,15407.1,4,5,1
6,4,45,"OldDefault(100,k=3)",100,3,5000,1000,43,12900,68.486,173.8,197.5,210.7,14601.5,4,5,1
6,4,45,"OldDefault(100,k=3)",100,3,5000,1000,44,13200,68.571,171.4,197.8,198.8,14583.4,4,5,1
6,4,45,"OldDefault(100,k=3)",100,3,5000,1000,45,13500,70.316,184.4,205.7,239.0,14221.4,4,5,1
6,4,45,"OldDefault(100,k=3)",100,3,5000,1000,46,13800,75.797,187.2,241.0,1849.7,13193.1,4,5,1
6,4,45,"OldDefault(100,k=3)",100,3,5000,1000,47,14100,70.158,174.4,215.4,278.9,14253.5,4,5,1
6,4,45,"OldDefault(100,k=3)",100,3,5000,1000,48,14400,73.047,170.3,222.7,248.7,13689.9,4,5,1
6,4,45,"OldDefault(100,k=3)",100,3,5000,1000,49,14700,70.568,185.9,216.6,226.9,14170.8,4,5,1
6,4,45,"OldDefault(100,k=3)",100,3,5000,1000,50,15000,79.815,204.2,232.7,236.6,12529.0,4,5,1
6,4,45,"OldDefault(100,k=3)",100,3,5000,1000,51,15300,63.433,170.8,265.2,2886.0,15764.7,4,6,1
6,4,45,"OldDefault(100,k=3)",100,3,5000,1000,52,15600,16.533,40.2,86.3,92.0,60483.9,4,6,1
6,4,45,"OldDefault(100,k=3)",100,3,5000,1000,53,15900,13.834,40.4,72.5,88.3,72287.4,4,6,1
6,4,45,"OldDefault(100,k=3)",100,3,5000,1000,54,16200,10.286,19.6,24.0,87.5,97219.5,4,6,1
6,4,45,"OldDefault(100,k=3)",100,3,5000,1000,55,16500,6.116,17.4,21.8,88.5,163505.5,4,6,1
6,4,45,"OldDefault(100,k=3)",100,3,5000,1000,56,16800,11.575,11.4,21.1,1466.8,86393.1,4,6,1
6,4,45,"OldDefault(100,k=3)",100,3,5000,1000,57,17100,8.656,17.6,44.0,92.5,115522.3,4,6,1
6,4,45,"OldDefault(100,k=3)",100,3,5000,1000,58,17400,6.105,11.0,12.9,103.4,163800.2,4,6,1
6,4,45,"OldDefault(100,k=3)",100,3,5000,1000,59,17700,8.284,14.6,17.0,92.2,120709.8,4,6,1
6,4,45,"OldDefault(100,k=3)",100,3,5000,1000,60,18000,10.398,19.3,25.7,89.3,96169.3,4,6,1
6,4,45,"OldDefault(100,k=3)",100,3,5000,1000,61,18300,12.39,25.1,89.0,92.8,80708.1,4,6,1
6,4,45,"OldDefault(100,k=3)",100,3,5000,1000,62,18600,14.986,31.6,71.9,104.0,66728.9,4,6,1
6,4,45,"OldDefault(100,k=3)",100,3,5000,1000,63,18900,16.468,36.9,88.3,92.6,60722.6,4,6,1
6,4,45,"OldDefault(100,k=3)",100,3,5000,1000,64,19200,17.738,43.2,49.2,51.5,56377.2,4,6,1
6,4,45,"OldDefault(100,k=3)",100,3,5000,1000,65,19500,19.845,48.7,59.4,94.4,50390.5,4,6,1
6,4,45,"OldDefault(100,k=3)",100,3,5000,1000,66,19800,28.382,60.7,93.0,1587.8,35233.6,4,6,1
6,4,45,"OldDefault(100,k=3)",100,3,5000,1000,67,20000,24.585,66.3,96.8,107.9,40675.2,4,6,1
6,4,45,Undersized_seg=50,50,3,2000,2000,1,300,16.856,39.8,177.0,1577.4,59326.1,14,14,1
6,4,45,Undersized_seg=50,50,3,2000,2000,2,600,6.005,10.7,12.8,16.1,166527.9,14,14,1
6,4,45,Undersized_seg=50,50,3,2000,2000,3,900,7.965,14.0,16.8,18.8,125549.3,14,14,1
6,4,45,Undersized_seg=50,50,3,2000,2000,4,1200,8.668,18.9,22.2,24.1,115366.8,14,14,1
6,4,45,Undersized_seg=50,50,3,2000,2000,5,1500,10.856,23.3,29.4,30.1,92115.0,14,14,1
6,4,45,Undersized_seg=50,50,3,2000,2000,6,1800,13.45,32.2,35.2,97.5,74351.3,14,14,1
6,4,45,Undersized_seg=50,50,3,2000,2000,7,2100,15.176,35.9,42.4,76.0,65895.0,14,14,1
6,4,45,Undersized_seg=50,50,3,2000,2000,8,2400,16.297,39.6,46.9,49.5,61359.7,14,14,1
6,4,45,Undersized_seg=50,50,3,2000,2000,9,2700,20.729,50.2,141.1,178.9,48242.4,14,14,1
6,4,45,Undersized_seg=50,50,3,2000,2000,10,3000,22.001,53.0,66.2,156.1,45452.5,14,14,1
6,4,45,Undersized_seg=50,50,3,2000,2000,11,3300,28.392,62.6,73.5,1461.8,35221.2,16,14,1
6,4,45,Undersized_seg=50,50,3,2000,2000,12,3600,23.732,68.6,73.6,170.7,42136.6,16,14,1
6,4,45,Undersized_seg=50,50,3,2000,2000,13,3900,25.795,68.2,83.5,107.9,38767.7,16,14,1
6,4,45,Undersized_seg=50,50,3,2000,2000,14,4200,26.722,68.0,83.4,91.3,37422.3,16,14,1
6,4,45,Undersized_seg=50,50,3,2000,2000,15,4500,31.812,81.0,100.3,123.0,31435.0,16,14,1
6,4,45,Undersized_seg=50,50,3,2000,2000,16,4800,29.515,83.9,102.7,157.8,33881.5,16,14,1
6,4,45,Undersized_seg=50,50,3,2000,2000,17,5100,44.936,117.7,153.9,161.9,22254.0,16,14,1
6,4,45,Undersized_seg=50,50,3,2000,2000,18,5400,42.95,110.5,153.2,172.0,23282.9,16,14,1
6,4,45,Undersized_seg=50,50,3,2000,2000,19,5700,34.644,96.5,115.1,117.9,28865.3,16,14,1
6,4,45,Undersized_seg=50,50,3,2000,2000,20,6000,35.715,95.9,120.1,125.4,27999.2,16,14,1
6,4,45,Undersized_seg=50,50,3,2000,2000,21,6300,36.27,77.0,151.0,4048.3,27571.0,16,15,1
6,4,45,Undersized_seg=50,50,3,2000,2000,22,6600,8.302,21.3,25.6,31.9,120448.1,16,15,1
6,4,45,Undersized_seg=50,50,3,2000,2000,23,6900,8.291,13.0,81.2,248.2,120607.9,16,15,1
6,4,45,Undersized_seg=50,50,3,2000,2000,24,7200,7.504,12.4,52.6,55.4,133268.2,16,15,1
6,4,45,Undersized_seg=50,50,3,2000,2000,25,7500,9.328,16.5,50.7,54.4,107204.1,16,15,1
6,4,45,Undersized_seg=50,50,3,2000,2000,26,7800,10.406,20.7,51.4,55.4,96101.5,16,15,1
6,4,45,Undersized_seg=50,50,3,2000,2000,27,8100,12.553,27.3,51.7,73.5,79664.3,16,15,1
6,4,45,Undersized_seg=50,50,3,2000,2000,28,8400,13.963,30.9,63.9,104.7,71617.9,16,15,1
6,4,45,Undersized_seg=50,50,3,2000,2000,29,8700,6.566,13.6,20.0,177.9,152299.7,16,15,1
6,4,45,Undersized_seg=50,50,3,2000,2000,30,9000,7.498,14.2,20.3,22.5,133368.9,16,15,1
6,4,45,Undersized_seg=50,50,3,2000,2000,31,9300,15.105,18.5,59.9,1581.4,66204.7,20,15,1
6,4,45,Undersized_seg=50,50,3,2000,2000,32,9600,12.246,24.3,56.3,59.3,81657.1,20,15,1
6,4,45,Undersized_seg=50,50,3,2000,2000,33,9900,12.942,25.3,32.6,56.3,77269.8,20,15,1
6,4,45,Undersized_seg=50,50,3,2000,2000,34,10200,16.141,33.8,39.5,175.5,61952.7,20,15,1
6,4,45,Undersized_seg=50,50,3,2000,2000,35,10500,18.993,42.2,61.7,120.8,52651.9,20,15,1
6,4,45,Undersized_seg=50,50,3,2000,2000,36,10800,18.45,39.9,52.2,55.4,54200.5,20,15,1
6,4,45,Undersized_seg=50,50,3,2000,2000,37,11100,21.931,50.5,54.4,57.0,45597.6,20,15,1
6,4,45,Undersized_seg=50,50,3,2000,2000,38,11400,23.795,57.3,71.8,79.8,42025.0,20,15,1
6,4,45,Undersized_seg=50,50,3,2000,2000,39,11700,7.517,24.9,38.2,61.7,133025.9,20,15,1
6,4,45,Undersized_seg=50,50,3,2000,2000,40,12000,9.385,23.3,53.3,57.0,106556.8,20,15,1
6,4,45,Undersized_seg=50,50,3,2000,2000,41,12300,17.233,26.1,169.3,1743.2,58029.3,20,16,1
6,4,45,Undersized_seg=50,50,3,2000,2000,42,12600,5.766,8.2,15.3,156.5,173420.4,20,16,1
6,4,45,Undersized_seg=50,50,3,2000,2000,43,12900,6.411,10.7,12.5,15.3,155990.0,20,16,1
6,4,45,Undersized_seg=50,50,3,2000,2000,44,13200,7.694,12.3,15.3,76.6,129977.0,20,16,1
6,4,45,Undersized_seg=50,50,3,2000,2000,45,13500,8.148,15.9,17.8,18.8,122729.5,20,16,1
6,4,45,Undersized_seg=50,50,3,2000,2000,46,13800,9.64,18.6,20.3,27.6,103738.0,20,16,1
6,4,45,Undersized_seg=50,50,3,2000,2000,47,14100,9.815,19.2,21.7,22.4,101888.4,20,16,1
6,4,45,Undersized_seg=50,50,3,2000,2000,48,14400,11.356,22.2,25.8,160.4,88059.2,20,16,1
6,4,45,Undersized_seg=50,50,3,2000,2000,49,14700,12.184,23.2,28.8,157.6,82074.9,20,16,1
6,4,45,Undersized_seg=50,50,3,2000,2000,50,15000,10.373,27.1,32.5,36.6,96404.1,20,16,1
6,4,45,Undersized_seg=50,50,3,2000,2000,51,15300,16.651,31.7,45.4,1367.1,60057.7,24,16,1
6,4,45,Undersized_seg=50,50,3,2000,2000,52,15600,12.735,30.5,53.9,59.6,78523.8,24,16,1
6,4,45,Undersized_seg=50,50,3,2000,2000,53,15900,13.726,31.8,41.6,44.1,72854.4,24,16,1
6,4,45,Undersized_seg=50,50,3,2000,2000,54,16200,14.66,33.7,46.8,49.1,68214.4,24,16,1
6,4,45,Undersized_seg=50,50,3,2000,2000,55,16500,16.452,36.4,58.9,92.1,60781.7,24,16,1
6,4,45,Undersized_seg=50,50,3,2000,2000,56,16800,18.822,45.5,53.8,57.0,53130.3,24,16,1
6,4,45,Undersized_seg=50,50,3,2000,2000,57,17100,19.151,43.7,53.9,59.6,52215.7,24,16,1
6,4,45,Undersized_seg=50,50,3,2000,2000,58,17400,21.908,53.2,66.6,97.7,45646.1,24,16,1
6,4,45,Undersized_seg=50,50,3,2000,2000,59,17700,22.149,50.1,66.6,99.1,45149.4,24,16,1
6,4,45,Undersized_seg=50,50,3,2000,2000,60,18000,21.776,51.6,62.6,68.9,45922.1,24,16,1
6,4,45,Undersized_seg=50,50,3,2000,2000,61,18300,26.194,46.2,178.9,2574.0,38177.2,24,17,1
6,4,45,Undersized_seg=50,50,3,2000,2000,62,18600,8.389,9.7,156.0,163.5,119208.5,24,17,1
6,4,45,Undersized_seg=50,50,3,2000,2000,63,18900,7.867,11.8,57.4,168.5,127107.9,24,17,1
6,4,45,Undersized_seg=50,50,3,2000,2000,64,19200,10.332,15.6,152.9,161.8,96786.7,24,17,1
6,4,45,Undersized_seg=50,50,3,2000,2000,65,19500,9.348,19.5,23.7,58.0,106974.7,24,17,1
6,4,45,Undersized_seg=50,50,3,2000,2000,66,19800,13.391,26.7,65.8,197.1,74677.0,24,17,1
6,4,45,Undersized_seg=50,50,3,2000,2000,67,20000,12.892,29.1,35.5,59.9,77567.5,24,17,1
6,4,45,Oversized_seg=1500,1500,3,2000,2000,1,300,53.625,75.0,128.3,4404.8,18648.1,0,10,5
6,4,45,Oversized_seg=1500,1500,3,2000,2000,2,600,43.774,84.5,145.0,185.9,22844.4,0,10,5
6,4,45,Oversized_seg=1500,1500,3,2000,2000,3,900,47.776,81.9,149.1,1016.2,20931.0,0,10,5
6,4,45,Oversized_seg=1500,1500,3,2000,2000,4,1200,41.263,72.9,128.3,139.0,24235.0,0,10,5
6,4,45,Oversized_seg=1500,1500,3,2000,2000,5,1500,41.638,78.3,129.0,137.1,24016.5,0,10,5
6,4,45,Oversized_seg=1500,1500,3,2000,2000,6,1800,43.048,76.3,105.2,135.3,23229.7,0,10,5
6,4,45,Oversized_seg=1500,1500,3,2000,2000,7,2100,43.7,79.8,121.4,170.4,22883.5,0,10,5
6,4,45,Oversized_seg=1500,1500,3,2000,2000,8,2400,44.759,85.1,150.1,156.2,22341.9,0,10,5
6,4,45,Oversized_seg=1500,1500,3,2000,2000,9,2700,44.23,81.3,116.4,125.7,22609.3,0,10,5
6,4,45,Oversized_seg=1500,1500,3,2000,2000,10,3000,38.198,81.6,111.8,144.2,26179.2,0,10,5
6,4,45,Oversized_seg=1500,1500,3,2000,2000,11,3300,36.524,82.0,97.2,143.3,27379.3,0,10,5
6,4,45,Oversized_seg=1500,1500,3,2000,2000,12,3600,37.515,88.9,104.2,133.7,26655.8,0,10,5
6,4,45,Oversized_seg=1500,1500,3,2000,2000,13,3900,37.654,86.6,120.2,137.7,26557.6,0,10,5
6,4,45,Oversized_seg=1500,1500,3,2000,2000,14,4200,37.562,87.5,110.9,132.6,26622.7,0,10,5
6,4,45,Oversized_seg=1500,1500,3,2000,2000,15,4500,37.353,84.7,96.9,140.8,26771.4,0,10,5
6,4,45,Oversized_seg=1500,1500,3,2000,2000,16,4800,41.123,89.5,135.9,138.5,24317.5,0,10,5
6,4,45,Oversized_seg=1500,1500,3,2000,2000,17,5100,40.4,93.8,124.3,161.5,24752.5,0,10,5
6,4,45,Oversized_seg=1500,1500,3,2000,2000,18,5400,33.884,95.0,117.1,136.0,29512.5,0,10,5
6,4,45,Oversized_seg=1500,1500,3,2000,2000,19,5700,29.227,86.4,106.9,142.8,34214.9,0,10,5
6,4,45,Oversized_seg=1500,1500,3,2000,2000,20,6000,31.147,94.0,107.1,162.1,32105.8,0,10,5
6,4,45,Oversized_seg=1500,1500,3,2000,2000,21,6300,34.921,88.1,122.2,1639.8,28636.1,0,11,5
6,4,45,Oversized_seg=1500,1500,3,2000,2000,22,6600,28.694,73.1,128.0,163.5,34850.1,0,11,5
6,4,45,Oversized_seg=1500,1500,3,2000,2000,23,6900,31.888,82.1,131.2,181.5,31359.4,0,11,5
6,4,45,Oversized_seg=1500,1500,3,2000,2000,24,7200,31.053,81.8,119.6,153.2,32203.0,0,11,5
6,4,45,Oversized_seg=1500,1500,3,2000,2000,25,7500,32.01,76.7,141.1,379.9,31240.6,0,11,5
6,4,45,Oversized_seg=1500,1500,3,2000,2000,26,7800,32.692,77.5,145.1,193.6,30588.8,0,11,5
6,4,45,Oversized_seg=1500,1500,3,2000,2000,27,8100,30.784,69.6,109.9,142.6,32484.4,0,11,5
6,4,45,Oversized_seg=1500,1500,3,2000,2000,28,8400,30.384,70.6,148.1,152.3,32911.7,0,11,5
6,4,45,Oversized_seg=1500,1500,3,2000,2000,29,8700,31.575,69.2,107.4,161.9,31670.6,0,11,5
6,4,45,Oversized_seg=1500,1500,3,2000,2000,30,9000,33.569,78.8,130.6,133.8,29789.1,0,11,5
6,4,45,Oversized_seg=1500,1500,3,2000,2000,31,9300,37.312,77.0,126.1,1569.1,26801.3,1,11,5
6,4,45,Oversized_seg=1500,1500,3,2000,2000,32,9600,36.987,84.8,142.7,150.7,27036.8,1,11,5
6,4,45,Oversized_seg=1500,1500,3,2000,2000,33,9900,31.534,71.6,132.3,139.0,31711.5,1,11,5
6,4,45,Oversized_seg=1500,1500,3,2000,2000,34,10200,33.256,84.6,114.0,184.9,30070.1,1,11,5
6,4,45,Oversized_seg=1500,1500,3,2000,2000,35,10500,31.13,70.5,115.7,158.9,32123.0,1,11,5
6,4,45,Oversized_seg=1500,1500,3,2000,2000,36,10800,34.676,82.6,143.8,175.4,28838.1,1,11,5
6,4,45,Oversized_seg=1500,1500,3,2000,2000,37,11100,33.207,77.3,133.4,153.5,30113.8,1,11,5
6,4,45,Oversized_seg=1500,1500,3,2000,2000,38,11400,33.514,79.3,145.8,177.2,29838.0,1,11,5
6,4,45,Oversized_seg=1500,1500,3,2000,2000,39,11700,33.549,77.6,158.8,165.0,29806.9,1,11,5
6,4,45,Oversized_seg=1500,1500,3,2000,2000,40,12000,39.456,91.6,142.3,219.1,25344.5,1,11,5
6,4,45,Oversized_seg=1500,1500,3,2000,2000,41,12300,44.019,69.3,121.3,3831.0,22717.3,1,12,5
6,4,45,Oversized_seg=1500,1500,3,2000,2000,42,12600,32.008,69.4,122.7,152.8,31242.2,1,12,5
6,4,45,Oversized_seg=1500,1500,3,2000,2000,43,12900,32.721,81.0,116.2,133.7,30561.7,1,12,5
6,4,45,Oversized_seg=1500,1500,3,2000,2000,44,13200,34.229,86.9,125.1,187.8,29214.7,1,12,5
6,4,45,Oversized_seg=1500,1500,3,2000,2000,45,13500,34.912,75.6,136.1,162.9,28643.7,1,12,5
6,4,45,Oversized_seg=1500,1500,3,2000,2000,46,13800,35.796,74.6,127.0,179.9,27935.8,1,12,5
6,4,45,Oversized_seg=1500,1500,3,2000,2000,47,14100,33.207,72.8,127.3,155.2,30114.4,1,12,5
6,4,45,Oversized_seg=1500,1500,3,2000,2000,48,14400,34.168,73.2,153.0,231.4,29267.2,1,12,5
6,4,45,Oversized_seg=1500,1500,3,2000,2000,49,14700,35.85,71.5,131.8,154.3,27894.0,1,12,5
6,4,45,Oversized_seg=1500,1500,3,2000,2000,50,15000,34.843,77.1,117.3,181.2,28699.9,1,12,5
6,4,45,Oversized_seg=1500,1500,3,2000,2000,51,15300,39.862,73.3,144.2,1564.0,25086.5,1,12,5
6,4,45,Oversized_seg=1500,1500,3,2000,2000,52,15600,36.093,83.0,133.1,158.3,27706.2,1,12,5
6,4,45,Oversized_seg=1500,1500,3,2000,2000,53,15900,34.818,73.6,140.9,162.9,28720.8,1,12,5
6,4,45,Oversized_seg=1500,1500,3,2000,2000,54,16200,37.536,78.3,126.8,205.1,26640.9,1,12,5
6,4,45,Oversized_seg=1500,1500,3,2000,2000,55,16500,36.919,77.3,112.3,146.9,27086.6,1,12,5
6,4,45,Oversized_seg=1500,1500,3,2000,2000,56,16800,37.059,72.1,118.9,153.9,26983.8,1,12,5
6,4,45,Oversized_seg=1500,1500,3,2000,2000,57,17100,36.599,76.6,117.3,153.6,27323.2,1,12,5
6,4,45,Oversized_seg=1500,1500,3,2000,2000,58,17400,37.862,75.1,105.4,147.7,26411.7,1,12,5
6,4,45,Oversized_seg=1500,1500,3,2000,2000,59,17700,38.81,81.3,124.9,168.9,25766.6,1,12,5
6,4,45,Oversized_seg=1500,1500,3,2000,2000,60,18000,36.579,74.4,101.3,127.8,27338.1,1,12,5
6,4,45,Oversized_seg=1500,1500,3,2000,2000,61,18300,47.497,75.5,143.6,3270.7,21054.1,1,13,5
6,4,45,Oversized_seg=1500,1500,3,2000,2000,62,18600,34.842,85.2,116.2,129.8,28701.0,1,13,5
6,4,45,Oversized_seg=1500,1500,3,2000,2000,63,18900,35.137,83.3,128.5,164.7,28460.3,1,13,5
6,4,45,Oversized_seg=1500,1500,3,2000,2000,64,19200,34.934,77.6,115.8,131.9,28625.4,1,13,5
6,4,45,Oversized_seg=1500,1500,3,2000,2000,65,19500,39.178,89.0,137.5,176.9,25524.5,1,13,5
6,4,45,Oversized_seg=1500,1500,3,2000,2000,66,19800,40.802,103.7,162.2,218.3,24508.4,1,13,5
6,4,45,Oversized_seg=1500,1500,3,2000,2000,67,20000,39.382,86.3,139.6,145.4,25392.0,1,13,5
6,4,45,No_shortcuts(k=2),175,2,2000,2000,1,300,28.803,59.3,81.5,3899.4,34719.0,2,14,1
6,4,45,No_shortcuts(k=2),175,2,2000,2000,2,600,11.291,27.2,32.1,32.7,88563.5,2,14,1
6,4,45,No_shortcuts(k=2),175,2,2000,2000,3,900,12.98,24.2,39.5,63.0,77039.6,2,14,1
6,4,45,No_shortcuts(k=2),175,2,2000,2000,4,1200,14.283,28.0,35.0,46.0,70014.9,2,14,1
6,4,45,No_shortcuts(k=2),175,2,2000,2000,5,1500,15.853,28.7,37.8,43.1,63079.5,2,14,1
6,4,45,No_shortcuts(k=2),175,2,2000,2000,6,1800,17.73,30.9,40.9,97.7,56400.5,2,14,1
6,4,45,No_shortcuts(k=2),175,2,2000,2000,7,2100,20.716,36.0,41.7,53.2,48272.6,2,14,1
6,4,45,No_shortcuts(k=2),175,2,2000,2000,8,2400,24.454,42.2,56.9,115.8,40893.7,2,14,1
6,4,45,No_shortcuts(k=2),175,2,2000,2000,9,2700,27.374,50.1,85.8,111.1,36530.6,2,14,1
6,4,45,No_shortcuts(k=2),175,2,2000,2000,10,3000,30.744,52.1,112.7,124.3,32526.7,2,14,1
6,4,45,No_shortcuts(k=2),175,2,2000,2000,11,3300,31.436,47.9,57.3,2880.1,31810.3,2,14,1
6,4,45,No_shortcuts(k=2),175,2,2000,2000,12,3600,19.384,36.6,63.2,106.7,51589.8,2,14,1
6,4,45,No_shortcuts(k=2),175,2,2000,2000,13,3900,19.614,40.6,53.9,55.8,50983.1,2,14,1
6,4,45,No_shortcuts(k=2),175,2,2000,2000,14,4200,22.851,49.0,58.9,107.0,43762.4,2,14,1
6,4,45,No_shortcuts(k=2),175,2,2000,2000,15,4500,19.451,49.4,62.2,68.0,51412.1,2,14,1
6,4,45,No_shortcuts(k=2),175,2,2000,2000,16,4800,11.134,30.9,41.5,58.1,89815.0,2,14,1
6,4,45,No_shortcuts(k=2),175,2,2000,2000,17,5100,12.902,32.6,44.2,44.9,77507.4,2,14,1
6,4,45,No_shortcuts(k=2),175,2,2000,2000,18,5400,14.71,35.8,45.9,91.5,67979.4,2,14,1
6,4,45,No_shortcuts(k=2),175,2,2000,2000,19,5700,12.135,35.6,47.0,48.9,82404.0,2,14,1
6,4,45,No_shortcuts(k=2),175,2,2000,2000,20,6000,12.889,38.5,47.1,51.5,77587.6,2,14,1
6,4,45,No_shortcuts(k=2),175,2,2000,2000,21,6300,17.411,32.2,49.2,2081.6,57436.1,2,15,1
6,4,45,No_shortcuts(k=2),175,2,2000,2000,22,6600,9.233,16.5,19.8,20.6,108303.2,2,15,1
6,4,45,No_shortcuts(k=2),175,2,2000,2000,23,6900,9.704,17.1,22.0,47.7,103050.3,2,15,1
6,4,45,No_shortcuts(k=2),175,2,2000,2000,24,7200,10.46,18.3,21.0,24.4,95605.3,2,15,1
6,4,45,No_shortcuts(k=2),175,2,2000,2000,25,7500,10.026,20.1,33.9,36.5,99737.4,2,15,1
6,4,45,No_shortcuts(k=2),175,2,2000,2000,26,7800,11.094,22.8,25.5,28.6,90138.8,2,15,1
6,4,45,No_shortcuts(k=2),175,2,2000,2000,27,8100,11.899,24.2,29.4,30.0,84040.7,2,15,1
6,4,45,No_shortcuts(k=2),175,2,2000,2000,28,8400,12.984,24.2,28.6,34.6,77019.8,2,15,1
6,4,45,No_shortcuts(k=2),175,2,2000,2000,29,8700,15.042,30.7,50.5,64.9,66480.5,2,15,1
6,4,45,No_shortcuts(k=2),175,2,2000,2000,30,9000,15.006,30.1,37.6,40.3,66640.0,2,15,1
6,4,45,No_shortcuts(k=2),175,2,2000,2000,31,9300,20.49,30.6,42.4,1215.4,48803.5,3,15,1
6,4,45,No_shortcuts(k=2),175,2,2000,2000,32,9600,13.683,36.2,43.5,45.6,73081.6,3,15,1
6,4,45,No_shortcuts(k=2),175,2,2000,2000,33,9900,13.861,33.8,46.5,49.1,72144.9,3,15,1
6,4,45,No_shortcuts(k=2),175,2,2000,2000,34,10200,14.679,35.6,50.1,52.9,68123.0,3,15,1
6,4,45,No_shortcuts(k=2),175,2,2000,2000,35,10500,17.565,45.5,57.5,72.1,56932.5,3,15,1
6,4,45,No_shortcuts(k=2),175,2,2000,2000,36,10800,19.443,45.3,57.5,59.0,51431.5,3,15,1
6,4,45,No_shortcuts(k=2),175,2,2000,2000,37,11100,19.595,46.5,56.1,62.2,51032.6,3,15,1
6,4,45,No_shortcuts(k=2),175,2,2000,2000,38,11400,19.515,45.6,62.7,75.1,51242.6,3,15,1
6,4,45,No_shortcuts(k=2),175,2,2000,2000,39,11700,24.288,53.5,67.2,905.8,41172.0,3,15,1
6,4,45,No_shortcuts(k=2),175,2,2000,2000,40,12000,21.952,51.2,67.6,70.8,45553.2,3,15,1
6,4,45,No_shortcuts(k=2),175,2,2000,2000,41,12300,17.471,32.4,56.9,1786.4,57236.6,3,16,1
6,4,45,No_shortcuts(k=2),175,2,2000,2000,42,12600,9.524,19.9,23.2,48.7,105001.6,3,16,1
6,4,45,No_shortcuts(k=2),175,2,2000,2000,43,12900,10.284,20.3,22.5,26.1,97238.4,3,16,1
6,4,45,No_shortcuts(k=2),175,2,2000,2000,44,13200,10.918,19.2,27.1,42.6,91589.1,3,16,1
6,4,45,No_shortcuts(k=2),175,2,2000,2000,45,13500,10.749,18.3,21.7,30.7,93034.8,3,16,1
6,4,45,No_shortcuts(k=2),175,2,2000,2000,46,13800,10.595,19.6,23.8,29.3,94384.1,3,16,1
6,4,45,No_shortcuts(k=2),175,2,2000,2000,47,14100,8.904,19.2,21.9,24.0,112313.3,3,16,1
6,4,45,No_shortcuts(k=2),175,2,2000,2000,48,14400,9.174,22.7,40.0,48.9,109003.7,3,16,1
6,4,45,No_shortcuts(k=2),175,2,2000,2000,49,14700,10.067,23.6,29.2,62.4,99334.5,3,16,1
6,4,45,No_shortcuts(k=2),175,2,2000,2000,50,15000,11.896,27.9,33.0,33.6,84064.2,3,16,1
6,4,45,No_shortcuts(k=2),175,2,2000,2000,51,15300,18.002,34.3,54.9,1456.8,55549.4,3,16,1
6,4,45,No_shortcuts(k=2),175,2,2000,2000,52,15600,13.254,28.2,38.0,43.2,75448.9,3,16,1
6,4,45,No_shortcuts(k=2),175,2,2000,2000,53,15900,12.093,32.5,42.6,45.4,82690.2,3,16,1
6,4,45,No_shortcuts(k=2),175,2,2000,2000,54,16200,12.467,32.8,46.0,49.5,80209.6,3,16,1
6,4,45,No_shortcuts(k=2),175,2,2000,2000,55,16500,14.366,36.7,52.3,85.7,69610.4,3,16,1
6,4,45,No_shortcuts(k=2),175,2,2000,2000,56,16800,15.857,46.0,54.0,55.7,63065.0,3,16,1
6,4,45,No_shortcuts(k=2),175,2,2000,2000,57,17100,16.273,39.6,58.6,66.4,61452.7,3,16,1
6,4,45,No_shortcuts(k=2),175,2,2000,2000,58,17400,18.192,52.6,60.8,68.1,54970.2,3,16,1
6,4,45,No_shortcuts(k=2),175,2,2000,2000,59,17700,18.44,41.8,63.9,67.7,54229.0,3,16,1
6,4,45,No_shortcuts(k=2),175,2,2000,2000,60,18000,19.365,46.3,64.5,70.9,51638.7,3,16,1
6,4,45,No_shortcuts(k=2),175,2,2000,2000,61,18300,23.821,46.1,71.1,2008.2,41979.8,3,17,1
6,4,45,No_shortcuts(k=2),175,2,2000,2000,62,18600,11.993,22.8,47.5,48.2,83384.3,3,17,1
6,4,45,No_shortcuts(k=2),175,2,2000,2000,63,18900,11.668,22.7,27.8,50.6,85702.0,3,17,1
6,4,45,No_shortcuts(k=2),175,2,2000,2000,64,19200,12.755,22.0,48.9,58.9,78402.7,3,17,1
6,4,45,No_shortcuts(k=2),175,2,2000,2000,65,19500,12.327,21.8,25.6,30.3,81124.9,3,17,1
6,4,45,No_shortcuts(k=2),175,2,2000,2000,66,19800,8.425,17.6,24.9,47.1,118689.7,3,17,1
6,4,45,No_shortcuts(k=2),175,2,2000,2000,67,20000,7.725,15.7,19.3,20.7,129458.2,3,17,1
6,4,45,Overcuts(k=20),175,20,2000,2000,1,300,15.336,42.0,44.6,2056.0,65207.5,2,14,1
6,4,45,Overcuts(k=20),175,20,2000,2000,2,600,5.952,14.0,21.7,31.6,168010.8,2,14,1
6,4,45,Overcuts(k=20),175,20,2000,2000,3,900,6.493,11.6,14.0,17.8,154012.0,2,14,1
6,4,45,Overcuts(k=20),175,20,2000,2000,4,1200,7.647,13.4,16.2,19.7,130775.9,2,14,1
6,4,45,Overcuts(k=20),175,20,2000,2000,5,1500,8.86,15.6,21.5,94.1,112871.1,2,14,1
6,4,45,Overcuts(k=20),175,20,2000,2000,6,1800,9.459,18.3,22.8,24.1,105719.4,2,14,1
6,4,45,Overcuts(k=20),175,20,2000,2000,7,2100,11.724,25.5,31.6,62.5,85292.7,2,14,1
6,4,45,Overcuts(k=20),175,20,2000,2000,8,2400,11.683,22.5,31.3,34.3,85594.4,2,14,1
6,4,45,Overcuts(k=20),175,20,2000,2000,9,2700,13.108,31.1,45.8,51.1,76291.2,2,14,1
6,4,45,Overcuts(k=20),175,20,2000,2000,10,3000,14.353,32.8,41.5,48.2,69673.5,2,14,1
6,4,45,Overcuts(k=20),175,20,2000,2000,11,3300,19.767,39.1,47.8,1187.6,50590.2,2,14,1
6,4,45,Overcuts(k=20),175,20,2000,2000,12,3600,16.618,36.4,51.7,64.2,60174.5,2,14,1
6,4,45,Overcuts(k=20),175,20,2000,2000,13,3900,17.024,42.1,55.2,57.3,58741.8,2,14,1
6,4,45,Overcuts(k=20),175,20,2000,2000,14,4200,19.8,52.1,71.6,81.8,50505.1,2,14,1
6,4,45,Overcuts(k=20),175,20,2000,2000,15,4500,16.221,48.0,63.4,66.1,61649.7,2,14,1
6,4,45,Overcuts(k=20),175,20,2000,2000,16,4800,7.987,19.4,33.2,53.5,125203.5,2,14,1
6,4,45,Overcuts(k=20),175,20,2000,2000,17,5100,9.84,27.2,41.2,51.7,101622.6,2,14,1
6,4,45,Overcuts(k=20),175,20,2000,2000,18,5400,11.087,25.5,37.3,40.6,90195.7,2,14,1
6,4,45,Overcuts(k=20),175,20,2000,2000,19,5700,8.405,23.7,37.6,40.8,118981.5,2,14,1
6,4,45,Overcuts(k=20),175,20,2000,2000,20,6000,9.415,27.7,40.9,43.2,106209.7,2,14,1
6,4,45,Overcuts(k=20),175,20,2000,2000,21,6300,15.073,22.8,63.3,1983.7,66345.3,2,15,1
6,4,45,Overcuts(k=20),175,20,2000,2000,22,6600,6.618,13.5,18.4,24.8,151095.4,2,15,1
6,4,45,Overcuts(k=20),175,20,2000,2000,23,6900,7.261,13.1,23.8,51.9,137728.4,2,15,1
6,4,45,Overcuts(k=20),175,20,2000,2000,24,7200,7.531,13.8,18.1,20.6,132778.6,2,15,1
6,4,45,Overcuts(k=20),175,20,2000,2000,25,7500,6.816,13.5,20.3,25.2,146713.6,2,15,1
6,4,45,Overcuts(k=20),175,20,2000,2000,26,7800,7.895,16.4,19.1,22.2,126667.8,2,15,1
6,4,45,Overcuts(k=20),175,20,2000,2000,27,8100,9.65,21.1,25.6,37.7,103630.5,2,15,1
6,4,45,Overcuts(k=20),175,20,2000,2000,28,8400,9.787,17.2,22.4,27.9,102172.9,2,15,1
6,4,45,Overcuts(k=20),175,20,2000,2000,29,8700,10.86,21.6,28.5,85.7,92083.9,2,15,1
6,4,45,Overcuts(k=20),175,20,2000,2000,30,9000,11.212,23.7,29.7,35.8,89192.8,2,15,1
6,4,45,Overcuts(k=20),175,20,2000,2000,31,9300,17.941,27.7,38.7,1336.7,55738.2,3,15,1
6,4,45,Overcuts(k=20),175,20,2000,2000,32,9600,9.573,22.2,34.3,35.8,104460.5,3,15,1
6,4,45,Overcuts(k=20),175,20,2000,2000,33,9900,9.802,25.1,36.4,39.9,102016.5,3,15,1
6,4,45,Overcuts(k=20),175,20,2000,2000,34,10200,10.449,24.3,41.5,52.7,95702.9,3,15,1
6,4,45,Overcuts(k=20),175,20,2000,2000,35,10500,13.021,37.5,54.1,82.1,76801.0,3,15,1
6,4,45,Overcuts(k=20),175,20,2000,2000,36,10800,15.506,37.9,47.2,55.8,64491.2,3,15,1
6,4,45,Overcuts(k=20),175,20,2000,2000,37,11100,15.071,35.7,46.6,52.1,66352.6,3,15,1
6,4,45,Overcuts(k=20),175,20,2000,2000,38,11400,14.368,35.8,50.4,54.2,69597.5,3,15,1
6,4,45,Overcuts(k=20),175,20,2000,2000,39,11700,17.293,45.2,56.3,61.6,57828.0,3,15,1
6,4,45,Overcuts(k=20),175,20,2000,2000,40,12000,16.559,38.5,53.0,60.0,60388.9,3,15,1
6,4,45,Overcuts(k=20),175,20,2000,2000,41,12300,18.991,32.8,60.0,2254.9,52655.6,3,16,1
6,4,45,Overcuts(k=20),175,20,2000,2000,42,12600,9.281,21.6,26.8,52.9,107743.2,3,16,1
6,4,45,Overcuts(k=20),175,20,2000,2000,43,12900,10.0,19.9,24.7,30.8,100000.0,3,16,1
6,4,45,Overcuts(k=20),175,20,2000,2000,44,13200,9.868,18.6,23.1,24.1,101334.2,3,16,1
6,4,45,Overcuts(k=20),175,20,2000,2000,45,13500,10.337,19.4,24.5,36.3,96743.0,3,16,1
6,4,45,Overcuts(k=20),175,20,2000,2000,46,13800,11.268,21.9,37.4,60.4,88749.5,3,16,1
6,4,45,Overcuts(k=20),175,20,2000,2000,47,14100,8.984,20.3,23.6,25.6,111304.9,3,16,1
6,4,45,Overcuts(k=20),175,20,2000,2000,48,14400,9.082,22.7,28.3,89.1,110111.9,3,16,1
6,4,45,Overcuts(k=20),175,20,2000,2000,49,14700,9.834,19.6,30.3,56.6,101688.0,3,16,1
6,4,45,Overcuts(k=20),175,20,2000,2000,50,15000,12.061,28.8,33.8,35.4,82914.2,3,16,1
6,4,45,Overcuts(k=20),175,20,2000,2000,51,15300,21.872,39.1,66.0,1778.2,45720.6,3,16,1
6,4,45,Overcuts(k=20),175,20,2000,2000,52,15600,13.957,30.0,39.5,44.6,71648.6,3,16,1
6,4,45,Overcuts(k=20),175,20,2000,2000,53,15900,12.684,33.9,44.9,46.8,78841.6,3,16,1
6,4,45,Overcuts(k=20),175,20,2000,2000,54,16200,13.578,37.0,50.8,52.4,73646.7,3,16,1
6,4,45,Overcuts(k=20),175,20,2000,2000,55,16500,14.17,37.2,49.6,55.3,70570.0,3,16,1
6,4,45,Overcuts(k=20),175,20,2000,2000,56,16800,16.422,47.6,55.3,57.5,60892.7,3,16,1
6,4,45,Overcuts(k=20),175,20,2000,2000,57,17100,17.616,43.4,65.0,90.4,56766.6,3,16,1
6,4,45,Overcuts(k=20),175,20,2000,2000,58,17400,18.131,52.8,61.7,62.8,55153.1,3,16,1
6,4,45,Overcuts(k=20),175,20,2000,2000,59,17700,19.473,44.4,66.1,69.3,51353.2,3,16,1
6,4,45,Overcuts(k=20),175,20,2000,2000,60,18000,19.557,46.8,65.9,72.1,51132.6,3,16,1
6,4,45,Overcuts(k=20),175,20,2000,2000,61,18300,24.81,39.7,72.6,2565.9,40305.8,3,17,1
6,4,45,Overcuts(k=20),175,20,2000,2000,62,18600,11.165,25.5,48.8,51.1,89562.9,3,17,1
6,4,45,Overcuts(k=20),175,20,2000,2000,63,18900,10.296,22.6,28.6,51.8,97125.1,3,17,1
6,4,45,Overcuts(k=20),175,20,2000,2000,64,19200,10.945,22.3,47.3,52.2,91368.7,3,17,1
6,4,45,Overcuts(k=20),175,20,2000,2000,65,19500,10.816,22.1,26.5,30.5,92455.6,3,17,1
6,4,45,Overcuts(k=20),175,20,2000,2000,66,19800,8.749,19.5,32.3,54.3,114294.4,3,17,1
6,4,45,Overcuts(k=20),175,20,2000,2000,67,20000,7.916,16.1,18.3,23.1,126318.5,3,17,1
6,4,45,High_sub=40k,175,6,40000,2000,1,300,550.43,1214.6,2442.7,2997.4,1816.8,0,0,0
6,4,45,High_sub=40k,175,6,40000,2000,2,600,573.526,1850.6,2258.2,2392.6,1743.6,0,0,0
6,4,45,High_sub=40k,175,6,40000,2000,3,900,622.232,1727.1,2345.1,2439.4,1607.1,0,0,0
6,4,45,High_sub=40k,175,6,40000,2000,4,1200,523.147,1243.2,2560.4,2657.8,1911.5,0,0,0
6,4,45,High_sub=40k,175,6,40000,2000,5,1500,537.767,1351.4,2247.7,2500.0,1859.5,0,0,0
6,4,45,High_sub=40k,175,6,40000,2000,6,1800,581.771,1345.1,2344.9,2409.3,1718.9,0,0,0
6,4,45,High_sub=40k,175,6,40000,2000,7,2100,556.33,1355.5,2633.0,2845.7,1797.5,0,0,0
6,4,45,High_sub=40k,175,6,40000,2000,8,2400,565.146,1468.9,2282.4,2668.3,1769.5,0,0,0
6,4,45,High_sub=40k,175,6,40000,2000,9,2700,597.061,1312.7,2225.3,2806.7,1674.9,0,0,0
6,4,45,High_sub=40k,175,6,40000,2000,10,3000,509.712,1291.0,2325.5,2448.5,1961.9,0,0,0
6,4,45,High_sub=40k,175,6,40000,2000,11,3300,610.515,1713.2,2452.7,2529.5,1638.0,0,0,0
6,4,45,High_sub=40k,175,6,40000,2000,12,3600,538.05,1324.9,2084.3,2152.4,1858.6,0,0,0
6,4,45,High_sub=40k,175,6,40000,2000,13,3900,568.206,1356.4,2372.1,2464.0,1759.9,0,0,0
6,4,45,High_sub=40k,175,6,40000,2000,14,4200,562.835,1284.6,2050.6,2211.9,1776.7,0,0,0
6,4,45,High_sub=40k,175,6,40000,2000,15,4500,578.817,1454.3,2451.7,2605.6,1727.7,0,0,0
6,4,45,High_sub=40k,175,6,40000,2000,16,4800,585.853,1800.1,2577.7,2748.9,1706.9,0,0,0
6,4,45,High_sub=40k,175,6,40000,2000,17,5100,557.798,1359.7,2321.4,2390.2,1792.8,0,0,0
6,4,45,High_sub=40k,175,6,40000,2000,18,5400,616.144,1430.6,2555.5,2798.7,1623.0,0,0,0
6,4,45,High_sub=40k,175,6,40000,2000,19,5700,576.175,1305.8,2565.0,2636.7,1735.6,0,0,0
6,4,45,High_sub=40k,175,6,40000,2000,20,6000,595.985,1402.8,2536.6,2830.9,1677.9,0,0,0
6,4,45,High_sub=40k,175,6,40000,2000,21,6300,539.903,1276.3,2135.3,2702.5,1852.2,0,0,0
6,4,45,High_sub=40k,175,6,40000,2000,22,6600,576.937,1363.0,2157.0,2259.8,1733.3,0,0,0
6,4,45,High_sub=40k,175,6,40000,2000,23,6900,571.753,1325.0,2425.4,2438.2,1749.0,0,0,0
6,4,45,High_sub=40k,175,6,40000,2000,24,7200,625.719,1548.0,2441.9,2517.6,1598.2,0,0,0
6,4,45,High_sub=40k,175,6,40000,2000,25,7500,558.71,1353.2,2421.7,2749.1,1789.8,0,0,0
6,4,45,High_sub=40k,175,6,40000,2000,26,7800,557.716,1284.5,2457.9,2849.5,1793.0,0,0,0
6,4,45,High_sub=40k,175,6,40000,2000,27,8100,578.383,1426.2,2469.9,2777.4,1729.0,0,0,0
6,4,45,High_sub=40k,175,6,40000,2000,28,8400,563.577,1315.6,2314.2,2501.5,1774.4,0,0,0
6,4,45,High_sub=40k,175,6,40000,2000,29,8700,548.699,1254.1,2078.9,2824.0,1822.5,0,0,0
6,4,45,High_sub=40k,175,6,40000,2000,30,9000,620.311,1887.8,2596.5,3141.1,1612.1,0,0,0
6,4,45,High_sub=40k,175,6,40000,2000,31,9300,599.463,1478.2,2577.5,2981.4,1668.2,0,0,0
6,4,45,High_sub=40k,175,6,40000,2000,32,9600,604.512,1817.3,2545.7,2847.3,1654.2,0,0,0
6,4,45,High_sub=40k,175,6,40000,2000,33,9900,582.726,1384.2,2360.9,2633.3,1716.1,0,0,0
6,4,45,High_sub=40k,175,6,40000,2000,34,10200,574.121,1324.6,2593.2,2863.7,1741.8,0,0,0
6,4,45,High_sub=40k,175,6,40000,2000,35,10500,563.772,1351.3,2120.1,3033.7,1773.8,0,0,0
6,4,45,High_sub=40k,175,6,40000,2000,36,10800,605.196,1451.8,2573.2,3181.4,1652.4,0,0,0
6,4,45,High_sub=40k,175,6,40000,2000,37,11100,642.902,1479.2,2494.7,2554.5,1555.4,0,0,0
6,4,45,High_sub=40k,175,6,40000,2000,38,11400,589.744,1314.3,2540.4,2912.7,1695.7,0,0,0
6,4,45,High_sub=40k,175,6,40000,2000,39,11700,627.523,1463.3,2453.0,3126.1,1593.6,0,0,0
6,4,45,High_sub=40k,175,6,40000,2000,40,12000,610.056,1507.2,2557.6,2841.0,1639.2,0,0,0
6,4,45,High_sub=40k,175,6,40000,2000,41,12300,666.388,1574.2,2862.9,3081.8,1500.6,0,0,0
6,4,45,High_sub=40k,175,6,40000,2000,42,12600,618.503,1461.2,2316.2,2694.7,1616.8,0,0,0
6,4,45,High_sub=40k,175,6,40000,2000,43,12900,585.098,1412.5,2470.4,2523.0,1709.1,0,0,0
6,4,45,High_sub=40k,175,6,40000,2000,44,13200,655.184,1483.2,2702.9,3140.1,1526.3,0,0,0
6,4,45,High_sub=40k,175,6,40000,2000,45,13500,637.247,1838.5,2658.1,2699.7,1569.3,0,0,0
6,4,45,High_sub=40k,175,6,40000,2000,46,13800,628.437,1501.3,2569.0,3082.6,1591.2,0,0,0
6,4,45,High_sub=40k,175,6,40000,2000,47,14100,566.97,1373.7,2442.1,2605.3,1763.8,0,0,0
6,4,45,High_sub=40k,175,6,40000,2000,48,14400,626.594,1660.3,2722.7,3038.2,1595.9,0,0,0
6,4,45,High_sub=40k,175,6,40000,2000,49,14700,599.761,1366.1,2579.8,2965.3,1667.3,0,0,0
6,4,45,High_sub=40k,175,6,40000,2000,50,15000,628.372,1800.1,2538.2,2568.3,1591.4,0,0,0
6,4,45,High_sub=40k,175,6,40000,2000,51,15300,655.046,1810.9,2976.9,3109.8,1526.6,0,0,0
6,4,45,High_sub=40k,175,6,40000,2000,52,15600,614.975,1538.5,2521.1,2887.2,1626.1,0,0,0
6,4,45,High_sub=40k,175,6,40000,2000,53,15900,640.971,1474.5,2727.4,3034.7,1560.1,0,0,0
6,4,45,High_sub=40k,175,6,40000,2000,54,16200,652.867,1562.8,3023.1,3360.4,1531.7,0,0,0
6,4,45,High_sub=40k,175,6,40000,2000,55,16500,608.298,1437.1,2676.5,3404.1,1643.9,0,0,0
6,4,45,High_sub=40k,175,6,40000,2000,56,16800,679.992,1688.6,2786.0,3037.4,1470.6,0,0,0
6,4,45,High_sub=40k,175,6,40000,2000,57,17100,662.007,2023.4,2788.5,3569.5,1510.6,0,0,0
6,4,45,High_sub=40k,175,6,40000,2000,58,17400,647.815,1506.3,2769.3,2999.7,1543.7,0,0,0
6,4,45,High_sub=40k,175,6,40000,2000,59,17700,630.668,1408.4,2563.6,2840.9,1585.6,0,0,0
6,4,45,High_sub=40k,175,6,40000,2000,60,18000,560.207,1320.0,2453.3,2811.2,1785.1,0,0,0
6,4,45,High_sub=40k,175,6,40000,2000,61,18300,586.161,1419.2,2609.3,3765.8,1706.0,0,0,0
6,4,45,High_sub=40k,175,6,40000,2000,62,18600,605.979,1469.2,2526.0,2666.3,1650.2,0,0,0
6,4,45,High_sub=40k,175,6,40000,2000,63,18900,660.931,1505.7,3163.0,3604.9,1513.0,0,0,0
6,4,45,High_sub=40k,175,6,40000,2000,64,19200,698.539,1625.5,2880.1,3082.6,1431.6,0,0,0
6,4,45,High_sub=40k,175,6,40000,2000,65,19500,615.441,1444.6,2543.7,2995.0,1624.9,0,0,0
6,4,45,High_sub=40k,175,6,40000,2000,66,19800,673.973,1689.4,2879.7,3353.3,1483.7,0,0,0
6,4,45,High_sub=40k,175,6,40000,2000,67,20000,671.674,1594.0,2773.7,3068.2,1488.8,0,0,0
6,4,45,Low_sub=200,175,6,200,2000,1,300,22.697,29.5,49.1,2614.4,44059.3,0,145,5
6,4,45,Low_sub=200,175,6,200,2000,2,600,26.306,31.8,39.5,2585.6,38014.1,0,146,5
6,4,45,Low_sub=200,175,6,200,2000,3,900,15.29,35.1,40.2,44.1,65400.8,0,146,5
6,4,45,Low_sub=200,175,6,200,2000,4,1200,15.576,33.9,42.6,86.2,64202.7,0,146,5
6,4,45,Low_sub=200,175,6,200,2000,5,1500,23.246,32.0,44.4,2480.9,43017.5,0,147,5
6,4,45,Low_sub=200,175,6,200,2000,6,1800,13.045,29.6,36.1,41.4,76655.8,0,147,5
6,4,45,Low_sub=200,175,6,200,2000,7,2100,19.291,41.0,52.2,2591.3,51838.5,0,148,5
6,4,45,Low_sub=200,175,6,200,2000,8,2400,7.649,41.4,47.2,60.0,130736.0,0,148,5
6,4,45,Low_sub=200,175,6,200,2000,9,2700,22.7,47.3,52.7,2314.5,44052.2,0,149,5
6,4,45,Low_sub=200,175,6,200,2000,10,3000,15.48,33.7,44.7,74.5,64600.9,0,149,5
6,4,45,Low_sub=200,175,6,200,2000,11,3300,20.059,48.1,53.8,2421.2,49853.8,0,150,5
6,4,45,Low_sub=200,175,6,200,2000,12,3600,9.289,40.2,49.5,51.4,107658.1,0,150,5
6,4,45,Low_sub=200,175,6,200,2000,13,3900,22.602,40.7,52.4,2567.9,44243.9,0,151,5
6,4,45,Low_sub=200,175,6,200,2000,14,4200,10.991,30.4,38.9,52.2,90980.8,0,151,5
6,4,45,Low_sub=200,175,6,200,2000,15,4500,22.877,30.5,60.4,2538.5,43712.7,0,152,5
6,4,45,Low_sub=200,175,6,200,2000,16,4800,14.921,31.7,46.5,51.6,67018.1,0,152,5
6,4,45,Low_sub=200,175,6,200,2000,17,5100,20.262,27.0,36.8,2631.9,49352.7,0,153,5
6,4,45,Low_sub=200,175,6,200,2000,18,5400,4.738,6.7,8.1,59.3,211044.6,0,153,5
6,4,45,Low_sub=200,175,6,200,2000,19,5700,25.251,50.9,58.5,2737.0,39602.9,0,154,5
6,4,45,Low_sub=200,175,6,200,2000,20,6000,7.866,41.8,49.2,100.6,127124.0,0,154,5
6,4,45,Low_sub=200,175,6,200,2000,21,6300,22.299,43.1,60.9,2626.3,44845.1,0,155,5
6,4,45,Low_sub=200,175,6,200,2000,22,6600,14.04,31.7,49.9,73.6,71226.8,0,155,5
6,4,45,Low_sub=200,175,6,200,2000,23,6900,22.681,31.4,54.6,2583.8,44090.4,0,156,5
6,4,45,Low_sub=200,175,6,200,2000,24,7200,14.086,28.8,46.6,82.5,70990.8,0,156,5
6,4,45,Low_sub=200,175,6,200,2000,25,7500,23.178,31.5,43.7,2483.5,43143.7,0,157,5
6,4,45,Low_sub=200,175,6,200,2000,26,7800,15.309,33.2,41.0,47.6,65319.6,0,157,5
6,4,45,Low_sub=200,175,6,200,2000,27,8100,24.58,33.8,44.8,2703.2,40682.9,0,158,5
6,4,45,Low_sub=200,175,6,200,2000,28,8400,15.278,34.0,41.8,48.6,65453.6,0,158,5
6,4,45,Low_sub=200,175,6,200,2000,29,8700,24.32,36.9,54.5,2579.8,41118.4,0,159,5
6,4,45,Low_sub=200,175,6,200,2000,30,9000,14.922,33.3,38.6,51.1,67016.6,0,159,5
6,4,45,Low_sub=200,175,6,200,2000,31,9300,24.389,32.3,49.7,2722.3,41001.5,0,160,5
6,4,45,Low_sub=200,175,6,200,2000,32,9600,15.339,32.9,51.3,97.2,65191.9,0,160,5
6,4,45,Low_sub=200,175,6,200,2000,33,9900,20.05,48.7,57.7,2885.1,49876.1,0,161,5
6,4,45,Low_sub=200,175,6,200,2000,34,10200,7.008,12.3,53.2,56.4,142700.9,0,161,5
6,4,45,Low_sub=200,175,6,200,2000,35,10500,25.506,51.8,84.9,2701.8,39207.0,0,162,5
6,4,45,Low_sub=200,175,6,200,2000,36,10800,15.366,31.1,38.5,115.8,65077.3,0,162,5
6,4,45,Low_sub=200,175,6,200,2000,37,11100,25.451,38.2,74.7,2747.5,39291.7,0,163,5
6,4,45,Low_sub=200,175,6,200,2000,38,11400,12.142,32.2,36.5,37.3,82356.5,0,163,5
6,4,45,Low_sub=200,175,6,200,2000,39,11700,23.292,34.7,55.9,2772.1,42932.6,0,164,5
6,4,45,Low_sub=200,175,6,200,2000,40,12000,15.391,33.2,56.7,71.2,64971.6,0,164,5
6,4,45,Low_sub=200,175,6,200,2000,41,12300,27.222,40.2,57.0,3027.0,36734.5,0,165,5
6,4,45,Low_sub=200,175,6,200,2000,42,12600,15.451,33.4,46.5,58.3,64722.1,0,165,5
6,4,45,Low_sub=200,175,6,200,2000,43,12900,25.229,34.5,44.2,2962.8,39636.9,0,166,5
6,4,45,Low_sub=200,175,6,200,2000,44,13200,11.562,36.1,42.5,45.7,86487.7,0,166,5
6,4,45,Low_sub=200,175,6,200,2000,45,13500,30.633,54.3,94.6,3493.3,32644.9,0,167,5
6,4,45,Low_sub=200,175,6,200,2000,46,13800,26.18,60.8,95.0,112.0,38197.1,0,167,5
6,4,45,Low_sub=200,175,6,200,2000,47,14100,28.864,55.6,94.9,3340.6,34645.2,0,168,5
6,4,45,Low_sub=200,175,6,200,2000,48,14400,16.696,37.4,54.8,59.3,59893.4,0,168,5
6,4,45,Low_sub=200,175,6,200,2000,49,14700,21.988,39.3,61.7,3218.1,45479.4,0,169,5
6,4,45,Low_sub=200,175,6,200,2000,50,15000,5.015,8.0,10.6,12.1,199401.8,0,169,5
6,4,45,Low_sub=200,175,6,200,2000,51,15300,20.402,31.7,44.7,2992.5,49015.6,0,170,5
6,4,45,Low_sub=200,175,6,200,2000,52,15600,13.241,39.9,47.6,74.0,75524.9,0,170,5
6,4,45,Low_sub=200,175,6,200,2000,53,15900,26.394,54.0,61.0,3007.4,37887.4,0,171,5
6,4,45,Low_sub=200,175,6,200,2000,54,16200,10.702,33.2,53.1,55.8,93437.6,0,171,5
6,4,45,Low_sub=200,175,6,200,2000,55,16500,23.431,48.1,61.9,3205.0,42678.5,0,172,5
6,4,45,Low_sub=200,175,6,200,2000,56,16800,8.303,27.7,57.1,99.6,120438.4,0,172,5
6,4,45,Low_sub=200,175,6,200,2000,57,17100,23.283,35.6,63.3,2885.6,42949.8,0,173,5
6,4,45,Low_sub=200,175,6,200,2000,58,17400,15.876,35.0,60.8,89.0,62986.8,0,173,5
6,4,45,Low_sub=200,175,6,200,2000,59,17700,22.973,34.7,59.6,2880.4,43529.4,0,174,5
6,4,45,Low_sub=200,175,6,200,2000,60,18000,13.899,36.5,51.4,147.4,71945.9,0,174,5
6,4,45,Low_sub=200,175,6,200,2000,61,18300,24.604,40.4,63.1,2850.8,40644.4,0,175,5
6,4,45,Low_sub=200,175,6,200,2000,62,18600,12.405,41.8,56.8,57.6,80610.5,0,175,5
6,4,45,Low_sub=200,175,6,200,2000,63,18900,26.962,55.0,63.1,2969.7,37089.2,0,176,5
6,4,45,Low_sub=200,175,6,200,2000,64,19200,16.599,34.5,58.6,65.7,60243.4,0,176,5
6,4,45,Low_sub=200,175,6,200,2000,65,19500,25.822,34.8,46.8,2856.5,38726.2,0,177,5
6,4,45,Low_sub=200,175,6,200,2000,66,19800,13.009,34.2,56.5,60.0,76871.8,0,177,5
6,4,45,Low_sub=200,175,6,200,2000,67,20000,37.34,56.7,65.0,3924.1,26780.9,0,178,5
6,4,45,High_local=50k,175,6,2000,50000,1,300,15.64,41.7,73.9,1919.9,63938.6,0,14,1
6,4,45,High_local=50k,175,6,2000,50000,2,600,5.782,13.6,18.0,19.5,172960.5,0,14,1
6,4,45,High_local=50k,175,6,2000,50000,3,900,6.753,12.3,15.1,22.6,148082.3,0,14,1
6,4,45,High_local=50k,175,6,2000,50000,4,1200,7.748,13.6,16.7,18.4,129065.6,0,14,1
6,4,45,High_local=50k,175,6,2000,50000,5,1500,8.662,15.7,19.3,22.6,115442.4,0,14,1
6,4,45,High_local=50k,175,6,2000,50000,6,1800,9.705,17.7,21.9,23.4,103039.7,0,14,1
6,4,45,High_local=50k,175,6,2000,50000,7,2100,12.414,25.3,38.1,83.5,80554.2,0,14,1
6,4,45,High_local=50k,175,6,2000,50000,8,2400,11.686,21.6,30.2,34.4,85570.0,0,14,1
6,4,45,High_local=50k,175,6,2000,50000,9,2700,13.559,30.1,46.3,57.6,73751.7,0,14,1
6,4,45,High_local=50k,175,6,2000,50000,10,3000,15.103,32.8,45.8,47.7,66213.5,0,14,1
6,4,45,High_local=50k,175,6,2000,50000,11,3300,15.347,35.0,46.7,50.3,65159.3,0,14,1
6,4,45,High_local=50k,175,6,2000,50000,12,3600,16.143,35.2,43.4,50.0,61946.4,0,14,1
6,4,45,High_local=50k,175,6,2000,50000,13,3900,17.71,44.3,54.9,70.0,56465.3,0,14,1
6,4,45,High_local=50k,175,6,2000,50000,14,4200,19.563,49.3,58.9,80.4,51116.0,0,14,1
6,4,45,High_local=50k,175,6,2000,50000,15,4500,16.313,46.4,62.5,64.4,61302.1,0,14,1
6,4,45,High_local=50k,175,6,2000,50000,16,4800,8.366,20.8,36.2,50.1,119536.2,0,14,1
6,4,45,High_local=50k,175,6,2000,50000,17,5100,10.283,27.4,39.9,62.1,97244.7,0,14,1
6,4,45,High_local=50k,175,6,2000,50000,18,5400,10.958,27.5,38.7,41.9,91254.8,0,14,1
6,4,45,High_local=50k,175,6,2000,50000,19,5700,8.956,25.4,41.4,50.7,111657.0,0,14,1
6,4,45,High_local=50k,175,6,2000,50000,20,6000,9.924,31.1,41.2,45.1,100769.2,0,14,1
6,4,45,High_local=50k,175,6,2000,50000,21,6300,14.198,22.7,48.6,1857.1,70430.8,0,15,1
6,4,45,High_local=50k,175,6,2000,50000,22,6600,6.733,13.1,15.4,18.4,148529.6,0,15,1
6,4,45,High_local=50k,175,6,2000,50000,23,6900,7.486,13.7,18.4,48.0,133582.6,0,15,1
6,4,45,High_local=50k,175,6,2000,50000,24,7200,8.063,15.0,17.5,18.0,124028.4,0,15,1
6,4,45,High_local=50k,175,6,2000,50000,25,7500,7.132,14.8,18.9,20.9,140219.7,0,15,1
6,4,45,High_local=50k,175,6,2000,50000,26,7800,8.528,18.9,22.3,24.7,117265.4,0,15,1
6,4,45,High_local=50k,175,6,2000,50000,27,8100,10.113,21.4,33.7,48.0,98885.9,0,15,1
6,4,45,High_local=50k,175,6,2000,50000,28,8400,10.195,18.6,24.3,30.4,98090.5,0,15,1
6,4,45,High_local=50k,175,6,2000,50000,29,8700,11.465,24.3,31.1,72.9,87222.0,0,15,1
6,4,45,High_local=50k,175,6,2000,50000,30,9000,11.853,24.8,32.8,38.7,84366.8,0,15,1
6,4,45,High_local=50k,175,6,2000,50000,31,9300,14.017,26.8,40.1,53.6,71343.6,0,15,1
6,4,45,High_local=50k,175,6,2000,50000,32,9600,10.223,24.9,37.4,39.1,97815.4,0,15,1
6,4,45,High_local=50k,175,6,2000,50000,33,9900,10.436,28.0,41.1,43.0,95825.2,0,15,1
6,4,45,High_local=50k,175,6,2000,50000,34,10200,11.122,26.2,44.6,52.0,89909.2,0,15,1
6,4,45,High_local=50k,175,6,2000,50000,35,10500,13.604,40.0,48.8,51.4,73507.8,0,15,1
6,4,45,High_local=50k,175,6,2000,50000,36,10800,14.649,36.6,46.5,51.6,68262.5,0,15,1
6,4,45,High_local=50k,175,6,2000,50000,37,11100,15.921,39.0,50.5,55.7,62808.8,0,15,1
6,4,45,High_local=50k,175,6,2000,50000,38,11400,15.781,40.3,58.0,65.5,63367.3,0,15,1
6,4,45,High_local=50k,175,6,2000,50000,39,11700,17.654,47.7,60.0,71.6,56643.3,0,15,1
6,4,45,High_local=50k,175,6,2000,50000,40,12000,17.456,42.2,56.7,63.7,57285.8,0,15,1
6,4,45,High_local=50k,175,6,2000,50000,41,12300,18.155,32.2,56.9,2102.6,55082.3,0,16,1
6,4,45,High_local=50k,175,6,2000,50000,42,12600,8.84,20.0,23.7,49.9,113117.9,0,16,1
6,4,45,High_local=50k,175,6,2000,50000,43,12900,9.431,19.7,22.9,24.5,106033.3,0,16,1
6,4,45,High_local=50k,175,6,2000,50000,44,13200,9.484,17.8,22.2,22.6,105437.1,0,16,1
6,4,45,High_local=50k,175,6,2000,50000,45,13500,10.496,20.6,27.1,37.7,95274.4,0,16,1
6,4,45,High_local=50k,175,6,2000,50000,46,13800,10.167,20.8,25.2,28.5,98354.2,0,16,1
6,4,45,High_local=50k,175,6,2000,50000,47,14100,8.419,18.2,23.0,23.9,118778.9,0,16,1
6,4,45,High_local=50k,175,6,2000,50000,48,14400,8.58,22.1,27.9,93.9,116554.6,0,16,1
6,4,45,High_local=50k,175,6,2000,50000,49,14700,9.463,18.9,29.9,49.3,105678.5,0,16,1
6,4,45,High_local=50k,175,6,2000,50000,50,15000,12.397,30.1,36.5,47.3,80664.7,0,16,1
6,4,45,High_local=50k,175,6,2000,50000,51,15300,12.217,31.1,36.0,37.2,81850.9,0,16,1
6,4,45,High_local=50k,175,6,2000,50000,52,15600,13.126,28.8,38.9,44.3,76184.7,0,16,1
6,4,45,High_local=50k,175,6,2000,50000,53,15900,12.111,33.4,44.5,48.8,82567.3,0,16,1
6,4,45,High_local=50k,175,6,2000,50000,54,16200,13.198,40.9,52.8,56.6,75769.1,0,16,1
6,4,45,High_local=50k,175,6,2000,50000,55,16500,13.519,36.9,48.6,54.2,73970.0,0,16,1
6,4,45,High_local=50k,175,6,2000,50000,56,16800,15.852,46.6,54.5,57.2,63084.9,0,16,1
6,4,45,High_local=50k,175,6,2000,50000,57,17100,16.968,42.4,79.0,98.3,58934.5,0,16,1
6,4,45,High_local=50k,175,6,2000,50000,58,17400,17.509,52.2,60.9,64.0,57114.6,0,16,1
6,4,45,High_local=50k,175,6,2000,50000,59,17700,18.466,43.2,65.1,68.6,54154.6,0,16,1
6,4,45,High_local=50k,175,6,2000,50000,60,18000,19.517,47.8,67.1,86.2,51238.3,0,16,1
6,4,45,High_local=50k,175,6,2000,50000,61,18300,23.169,39.4,72.3,2229.6,43160.5,0,17,1
6,4,45,High_local=50k,175,6,2000,50000,62,18600,10.659,23.0,47.3,49.0,93814.5,0,17,1
6,4,45,High_local=50k,175,6,2000,50000,63,18900,10.402,22.6,28.9,52.5,96132.3,0,17,1
6,4,45,High_local=50k,175,6,2000,50000,64,19200,11.114,22.0,46.7,51.4,89979.3,0,17,1
6,4,45,High_local=50k,175,6,2000,50000,65,19500,10.944,21.9,26.2,30.9,91371.5,0,17,1
6,4,45,High_local=50k,175,6,2000,50000,66,19800,7.901,17.5,25.0,48.8,126566.2,0,17,1
6,4,45,High_local=50k,175,6,2000,50000,67,20000,7.69,15.9,21.4,47.8,130039.0,0,17,1
6,4,45,Low_local=50,175,6,2000,50,1,300,24.174,42.8,1059.1,1954.7,41366.2,40,14,1
6,4,45,Low_local=50,175,6,2000,50,2,600,14.759,19.0,30.8,1065.4,67755.3,40,14,1
6,4,45,Low_local=50,175,6,2000,50,3,900,14.233,15.7,38.7,1075.6,70257.6,40,14,1
6,4,45,Low_local=50,175,6,2000,50,4,1200,14.996,14.4,25.4,1091.5,66684.4,40,14,1
6,4,45,Low_local=50,175,6,2000,50,5,1500,15.387,15.5,23.1,1082.3,64989.9,40,14,1
6,4,45,Low_local=50,175,6,2000,50,6,1800,16.368,16.7,71.6,1098.3,61096.1,40,14,1
6,4,45,Low_local=50,175,6,2000,50,7,2100,18.334,20.7,55.5,1119.7,54543.5,40,14,1
6,4,45,Low_local=50,175,6,2000,50,8,2400,17.591,19.9,28.8,1097.3,56847.2,40,14,1
6,4,45,Low_local=50,175,6,2000,50,9,2700,19.587,23.5,50.3,1215.1,51055.1,40,14,1
6,4,45,Low_local=50,175,6,2000,50,10,3000,19.738,24.0,47.8,1120.6,50663.7,40,14,1
6,4,45,Low_local=50,175,6,2000,50,11,3300,20.247,28.3,36.8,1110.2,49390.8,40,14,1
6,4,45,Low_local=50,175,6,2000,50,12,3600,21.576,29.4,54.2,1128.3,46347.1,40,14,1
6,4,45,Low_local=50,175,6,2000,50,13,3900,21.801,33.8,62.3,1131.4,45869.5,40,14,1
6,4,45,Low_local=50,175,6,2000,50,14,4200,26.142,39.3,48.4,1397.7,38253.1,40,14,1
6,4,45,Low_local=50,175,6,2000,50,15,4500,28.666,41.8,59.1,1647.7,34884.1,40,14,1
6,4,45,Low_local=50,175,6,2000,50,16,4800,26.26,44.4,57.9,1314.3,38080.2,40,14,1
6,4,45,Low_local=50,175,6,2000,50,17,5100,24.299,38.5,54.1,1160.9,41154.0,40,14,1
6,4,45,Low_local=50,175,6,2000,50,18,5400,26.289,42.4,97.2,1184.2,38038.2,40,14,1
6,4,45,Low_local=50,175,6,2000,50,19,5700,14.2,33.1,50.4,1088.0,70420.9,40,14,1
6,4,45,Low_local=50,175,6,2000,50,20,6000,10.055,30.7,41.3,45.5,99453.0,40,14,1
6,4,45,Low_local=50,175,6,2000,50,21,6300,24.381,27.7,1107.2,1827.3,41016.1,40,15,1
6,4,45,Low_local=50,175,6,2000,50,22,6600,16.548,18.7,26.0,1115.5,60431.5,40,15,1
6,4,45,Low_local=50,175,6,2000,50,23,6900,13.629,22.2,48.4,1130.0,73373.0,41,15,1
6,4,45,Low_local=50,175,6,2000,50,24,7200,19.729,23.0,42.0,1706.2,50685.9,41,15,1
6,4,45,Low_local=50,175,6,2000,50,25,7500,16.38,18.7,30.1,1126.3,61051.3,41,15,1
6,4,45,Low_local=50,175,6,2000,50,26,7800,17.396,20.9,37.8,1190.9,57485.6,41,15,1
6,4,45,Low_local=50,175,6,2000,50,27,8100,14.809,15.8,25.2,1127.7,67526.5,41,15,1
6,4,45,Low_local=50,175,6,2000,50,28,8400,15.288,16.1,96.8,1115.2,65412.2,41,15,1
6,4,45,Low_local=50,175,6,2000,50,29,8700,17.152,20.6,59.1,1211.6,58302.2,41,15,1
6,4,45,Low_local=50,175,6,2000,50,30,9000,16.207,18.7,26.2,1196.5,61700.5,41,15,1
6,4,45,Low_local=50,175,6,2000,50,31,9300,18.113,21.2,53.8,1248.3,55210.0,41,15,1
6,4,45,Low_local=50,175,6,2000,50,32,9600,19.691,24.3,201.1,1354.9,50783.8,41,15,1
6,4,45,Low_local=50,175,6,2000,50,33,9900,21.326,19.5,1116.4,1143.2,46891.1,41,15,1
6,4,45,Low_local=50,175,6,2000,50,34,10200,18.654,20.5,52.4,1236.7,53608.8,41,15,1
6,4,45,Low_local=50,175,6,2000,50,35,10500,19.486,26.3,78.8,1164.3,51318.0,41,15,1
6,4,45,Low_local=50,175,6,2000,50,36,10800,20.424,26.3,36.9,1138.6,48961.2,41,15,1
6,4,45,Low_local=50,175,6,2000,50,37,11100,18.051,29.3,41.5,1198.0,55398.6,41,15,1
6,4,45,Low_local=50,175,6,2000,50,38,11400,20.315,26.7,41.5,1151.4,49224.7,41,15,1
6,4,45,Low_local=50,175,6,2000,50,39,11700,22.914,32.8,47.6,1203.4,43641.4,41,15,1
6,4,45,Low_local=50,175,6,2000,50,40,12000,13.818,30.0,38.4,46.0,72371.1,41,15,1
6,4,45,Low_local=50,175,6,2000,50,41,12300,25.618,31.2,1165.5,2090.7,39034.5,41,16,1
6,4,45,Low_local=50,175,6,2000,50,42,12600,20.642,20.7,1025.8,1243.3,48445.7,41,16,1
6,4,45,Low_local=50,175,6,2000,50,43,12900,15.483,15.8,24.1,1161.4,64588.4,41,16,1
6,4,45,Low_local=50,175,6,2000,50,44,13200,11.852,16.3,19.5,1159.1,84371.6,41,16,1
6,4,45,Low_local=50,175,6,2000,50,45,13500,15.933,18.0,27.0,1237.6,62762.8,41,16,1
6,4,45,Low_local=50,175,6,2000,50,46,13800,15.479,16.4,25.0,1158.9,64602.3,41,16,1
6,4,45,Low_local=50,175,6,2000,50,47,14100,15.872,16.6,23.2,1161.1,63005.4,41,16,1
6,4,45,Low_local=50,175,6,2000,50,48,14400,17.818,19.0,53.4,1364.6,56124.1,41,16,1
6,4,45,Low_local=50,175,6,2000,50,49,14700,17.615,19.2,51.8,1175.5,56769.8,41,16,1
6,4,45,Low_local=50,175,6,2000,50,50,15000,18.85,22.1,26.4,1204.2,53050.4,41,16,1
6,4,45,Low_local=50,175,6,2000,50,51,15300,19.619,24.5,65.5,1205.6,50970.1,41,16,1
6,4,45,Low_local=50,175,6,2000,50,52,15600,20.061,23.4,34.5,1194.8,49847.1,41,16,1
6,4,45,Low_local=50,175,6,2000,50,53,15900,17.348,25.3,34.5,1287.9,57644.6,41,16,1
6,4,45,Low_local=50,175,6,2000,50,54,16200,16.74,26.0,37.6,1189.9,59738.4,41,16,1
6,4,45,Low_local=50,175,6,2000,50,55,16500,16.861,24.3,41.1,1171.1,59309.6,41,16,1
6,4,45,Low_local=50,175,6,2000,50,56,16800,19.582,34.6,66.2,1189.4,51068.2,41,16,1
6,4,45,Low_local=50,175,6,2000,50,57,17100,19.735,27.1,44.3,1184.5,50672.3,41,16,1
6,4,45,Low_local=50,175,6,2000,50,58,17400,21.195,35.9,46.2,1186.4,47181.7,41,16,1
6,4,45,Low_local=50,175,6,2000,50,59,17700,23.24,29.4,55.5,1377.0,43029.9,41,16,1
6,4,45,Low_local=50,175,6,2000,50,60,18000,16.067,32.1,48.3,70.7,62239.4,41,16,1
6,4,45,Low_local=50,175,6,2000,50,61,18300,23.211,33.8,61.9,2156.1,43083.6,41,17,1
6,4,45,Low_local=50,175,6,2000,50,62,18600,14.962,15.7,50.8,1191.8,66834.5,41,17,1
6,4,45,Low_local=50,175,6,2000,50,63,18900,15.283,15.0,53.4,1187.2,65433.6,41,17,1
6,4,45,Low_local=50,175,6,2000,50,64,19200,17.102,18.7,54.7,1315.4,58471.6,41,17,1
6,4,45,Low_local=50,175,6,2000,50,65,19500,16.505,19.3,26.4,1199.6,60587.7,41,17,1
6,4,45,Low_local=50,175,6,2000,50,66,19800,22.832,21.6,1192.6,1314.6,43798.2,41,17,1
6,4,45,Low_local=50,175,6,2000,50,67,20000,17.119,25.3,30.6,1211.9,58414.6,41,17,1