bench,run,seed,N,c,seg_size,snapshot,executed_ops,avg_us,p99_us,throughput,global_event_t,effective_c
D,1,42,5000,0.5,35,1,300,13.669,43.1,73156.5,1,0.495
D,1,42,5000,0.5,35,2,600,16.966,42.3,58941.4,1,0.495
D,1,42,5000,0.5,35,3,900,18.437,50.1,54238.8,1,0.495
D,1,42,5000,0.5,35,4,1200,22.454,62.8,44535.5,1,0.495
D,1,42,5000,0.5,35,5,1500,21.351,60.9,46835.5,1,0.495
D,1,42,5000,0.5,35,6,1800,26.261,73.3,38078.8,1,0.495
D,1,42,5000,0.5,35,7,2100,26.792,80.6,37324.6,1,0.495
D,1,42,5000,0.5,35,8,2400,8.052,64.8,124187.6,1,0.495
D,1,42,5000,0.5,35,9,2700,6.796,15.5,147145.4,1,0.495
D,1,42,5000,0.5,35,10,3000,9.044,23.3,110570.5,1,0.495
D,1,42,5000,0.5,35,11,3300,12.388,37.9,80725.5,1,0.495
D,1,42,5000,0.5,35,12,3600,11.211,42.8,89198.1,1,0.495
D,1,42,5000,0.5,35,13,3900,9.725,38.2,102824.3,1,0.495
D,1,42,5000,0.5,35,14,4200,7.352,18.7,136023.5,1,0.495
D,1,42,5000,0.5,35,15,4500,5.226,13.4,191338.7,1,0.495
D,1,42,5000,0.5,35,16,4800,5.344,10.1,187114.1,1,0.495
D,1,42,5000,0.5,35,17,5100,6.668,14.5,149962.5,1,0.495
D,1,42,5000,0.5,35,18,5400,8.153,20.3,122649.2,1,0.495
D,1,42,5000,0.5,35,19,5700,9.229,23.3,108350.2,1,0.495
D,1,42,5000,0.5,35,20,6000,14.025,68.0,71302.9,1,0.495
D,1,42,5000,0.5,35,21,6300,14.184,43.0,70500.3,1,0.495
D,1,42,5000,0.5,35,22,6600,14.263,39.6,70113.1,1,0.495
D,1,42,5000,0.5,35,23,6900,15.104,48.4,66206.2,1,0.495
D,1,42,5000,0.5,35,24,7200,16.333,48.7,61227.0,1,0.495
D,1,42,5000,0.5,35,25,7500,17.414,56.8,57425.1,1,0.495
D,1,42,5000,0.5,35,26,7800,19.222,64.4,52023.7,1,0.495
D,1,42,5000,0.5,35,27,8100,19.294,66.8,51829.6,1,0.495
D,1,42,5000,0.5,35,28,8400,23.815,83.2,41990.3,1,0.495
D,1,42,5000,0.5,35,29,8700,21.743,74.0,45992.5,1,0.495
D,1,42,5000,0.5,35,30,9000,25.787,83.5,38779.7,1,0.495
D,1,42,5000,0.5,35,31,9300,21.363,87.6,46809.9,1,0.495
D,1,42,5000,0.5,35,32,9600,4.898,39.4,204151.1,1,0.495
D,1,42,5000,0.5,35,33,9900,6.236,12.2,160350.6,1,0.495
D,1,42,5000,0.5,35,34,10200,8.802,22.4,113606.2,1,0.495
D,1,42,5000,0.5,35,35,10500,12.241,56.8,81694.9,1,0.495
D,1,42,5000,0.5,35,36,10800,14.883,37.2,67190.8,1,0.495
D,1,42,5000,0.5,35,37,11100,16.188,44.5,61772.9,1,0.495
D,1,42,5000,0.5,35,38,11400,19.404,50.8,51536.7,1,0.495
D,1,42,5000,0.5,35,39,11700,21.32,55.3,46904.3,1,0.495
D,1,42,5000,0.5,35,40,12000,25.937,77.2,38554.5,1,0.495
D,1,42,5000,0.5,35,41,12300,28.952,71.5,34540.3,1,0.495
D,1,42,5000,0.5,35,42,12600,30.407,78.9,32886.8,1,0.495
D,1,42,5000,0.5,35,43,12900,34.344,92.4,29117.2,1,0.495
D,1,42,5000,0.5,35,44,13200,34.925,98.2,28633.1,1,0.495
D,1,42,5000,0.5,35,45,13500,44.125,112.8,22662.7,1,0.495
D,1,42,5000,0.5,35,46,13800,42.117,111.0,23743.4,1,0.495
D,1,42,5000,0.5,35,47,14100,45.064,126.5,22190.8,1,0.495
D,1,42,5000,0.5,35,48,14400,47.773,129.5,20932.3,1,0.495
D,1,42,5000,0.5,35,49,14700,53.52,137.6,18684.7,1,0.495
D,1,42,5000,0.5,35,50,15000,55.992,143.8,17859.7,1,0.495
D,1,42,5000,0.75,53,1,300,25.416,83.3,39344.8,1,0.7495
D,1,42,5000,0.75,53,2,600,30.641,82.9,32636.0,1,0.7495
D,1,42,5000,0.75,53,3,900,31.206,85.4,32044.8,1,0.7495
D,1,42,5000,0.75,53,4,1200,34.353,100.9,29109.8,1,0.7495
D,1,42,5000,0.75,53,5,1500,32.338,100.6,30923.4,1,0.7495
D,1,42,5000,0.75,53,6,1800,39.013,113.4,25632.7,1,0.7495
D,1,42,5000,0.75,53,7,2100,39.576,120.4,25267.8,1,0.7495
D,1,42,5000,0.75,53,8,2400,40.038,122.3,24976.1,1,0.7495
D,1,42,5000,0.75,53,9,2700,43.505,130.5,22985.7,1,0.7495
D,1,42,5000,0.75,53,10,3000,45.991,138.6,21743.4,1,0.7495
D,1,42,5000,0.75,53,11,3300,18.978,136.3,52693.5,1,0.7495
D,1,42,5000,0.75,53,12,3600,8.139,48.2,122860.2,1,0.7495
D,1,42,5000,0.75,53,13,3900,5.772,20.1,173260.2,1,0.7495
D,1,42,5000,0.75,53,14,4200,7.022,19.2,142409.6,1,0.7495
D,1,42,5000,0.75,53,15,4500,9.141,21.1,109393.2,1,0.7495
D,1,42,5000,0.75,53,16,4800,10.37,25.2,96428.9,1,0.7495
D,1,42,5000,0.75,53,17,5100,6.467,25.0,154639.2,1,0.7495
D,1,42,5000,0.75,53,18,5400,6.841,18.7,146170.3,1,0.7495
D,1,42,5000,0.75,53,19,5700,5.63,19.3,177609.3,1,0.7495
D,1,42,5000,0.75,53,20,6000,7.166,18.9,139554.4,1,0.7495
D,1,42,5000,0.75,53,21,6300,11.638,46.5,85923.0,1,0.7495
D,1,42,5000,0.75,53,22,6600,6.444,21.6,155191.2,1,0.7495
D,1,42,5000,0.75,53,23,6900,6.321,14.4,158194.5,1,0.7495
D,1,42,5000,0.75,53,24,7200,8.484,19.4,117864.3,1,0.7495
D,1,42,5000,0.75,53,25,7500,11.204,28.3,89256.5,1,0.7495
D,1,42,5000,0.75,53,26,7800,16.344,53.9,61185.8,1,0.7495
D,1,42,5000,0.75,53,27,8100,15.565,41.6,64245.3,1,0.7495
D,1,42,5000,0.75,53,28,8400,17.17,49.2,58242.3,1,0.7495
D,1,42,5000,0.75,53,29,8700,20.42,59.5,48970.8,1,0.7495
D,1,42,5000,0.75,53,30,9000,21.739,61.3,45999.6,1,0.7495
D,1,42,5000,0.75,53,31,9300,22.023,68.3,45406.4,1,0.7495
D,1,42,5000,0.75,53,32,9600,8.604,57.9,116225.0,1,0.7495
D,1,42,5000,0.75,53,33,9900,8.303,58.3,120443.2,1,0.7495
D,1,42,5000,0.75,53,34,10200,8.622,21.0,115982.4,1,0.7495
D,1,42,5000,0.75,53,35,10500,7.699,16.7,129892.6,1,0.7495
D,1,42,5000,0.75,53,36,10800,7.577,25.7,131984.2,1,0.7495
D,1,42,5000,0.75,53,37,11100,6.589,13.9,151768.1,1,0.7495
D,1,42,5000,0.75,53,38,11400,6.259,12.4,159770.0,1,0.7495
D,1,42,5000,0.75,53,39,11700,7.275,13.3,137450.7,1,0.7495
D,1,42,5000,0.75,53,40,12000,8.53,17.1,117237.9,1,0.7495
D,1,42,5000,0.75,53,41,12300,11.947,31.1,83703.0,1,0.7495
D,1,42,5000,0.75,53,42,12600,10.626,28.2,94111.7,1,0.7495
D,1,42,5000,0.75,53,43,12900,9.341,30.5,107051.1,1,0.7495
D,1,42,5000,0.75,53,44,13200,6.009,16.1,166407.8,1,0.7495
D,1,42,5000,0.75,53,45,13500,7.724,15.5,129461.0,1,0.7495
D,1,42,5000,0.75,53,46,13800,8.973,20.9,111449.6,1,0.7495
D,1,42,5000,0.75,53,47,14100,6.302,21.8,158679.8,1,0.7495
D,1,42,5000,0.75,53,48,14400,7.459,19.4,134060.2,1,0.7495
D,1,42,5000,0.75,53,49,14700,9.386,20.9,106545.4,1,0.7495
D,1,42,5000,0.75,53,50,15000,10.586,26.5,94464.4,1,0.7495
D,1,42,5000,1.0,70,1,300,14.025,45.0,71302.9,1,0.9899
D,1,42,5000,1.0,70,2,600,14.992,42.4,66703.7,1,0.9899
D,1,42,5000,1.0,70,3,900,17.387,48.7,57513.1,1,0.9899
D,1,42,5000,1.0,70,4,1200,19.93,58.3,50175.6,1,0.9899
D,1,42,5000,1.0,70,5,1500,19.219,60.4,52031.8,1,0.9899
D,1,42,5000,1.0,70,6,1800,22.371,69.6,44700.7,1,0.9899
D,1,42,5000,1.0,70,7,2100,23.58,74.8,42409.4,1,0.9899
D,1,42,5000,1.0,70,8,2400,7.162,54.0,139632.3,1,0.9899
D,1,42,5000,1.0,70,9,2700,6.03,14.5,165837.5,1,0.9899
D,1,42,5000,1.0,70,10,3000,7.682,19.5,130174.4,1,0.9899
D,1,42,5000,1.0,70,11,3300,9.89,34.3,101112.2,1,0.9899
D,1,42,5000,1.0,70,12,3600,6.16,24.1,162346.5,1,0.9899
D,1,42,5000,1.0,70,13,3900,5.807,12.7,172206.0,1,0.9899
D,1,42,5000,1.0,70,14,4200,4.745,10.8,210748.1,1,0.9899
D,1,42,5000,1.0,70,15,4500,5.51,13.5,181499.1,1,0.9899
D,1,42,5000,1.0,70,16,4800,6.052,14.7,165234.6,1,0.9899
D,1,42,5000,1.0,70,17,5100,6.822,16.8,146577.4,1,0.9899
D,1,42,5000,1.0,70,18,5400,8.001,28.4,124984.4,1,0.9899
D,1,42,5000,1.0,70,19,5700,8.48,20.2,117924.5,1,0.9899
D,1,42,5000,1.0,70,20,6000,9.527,25.5,104964.8,1,0.9899
D,1,42,5000,1.0,70,21,6300,10.425,27.4,95920.2,1,0.9899
D,1,42,5000,1.0,70,22,6600,10.664,30.1,93773.4,1,0.9899
D,1,42,5000,1.0,70,23,6900,12.083,35.0,82760.9,1,0.9899
D,1,42,5000,1.0,70,24,7200,12.231,36.0,81757.2,1,0.9899
D,1,42,5000,1.0,70,25,7500,14.178,42.4,70533.5,1,0.9899
D,1,42,5000,1.0,70,26,7800,14.071,51.7,71066.5,1,0.9899
D,1,42,5000,1.0,70,27,8100,13.802,49.2,72451.5,1,0.9899
D,1,42,5000,1.0,70,28,8400,15.971,52.1,62613.5,1,0.9899
D,1,42,5000,1.0,70,29,8700,17.343,56.0,57660.2,1,0.9899
D,1,42,5000,1.0,70,30,9000,15.588,57.8,64150.5,1,0.9899
D,1,42,5000,1.0,70,31,9300,16.827,62.1,59429.5,1,0.9899
D,1,42,5000,1.0,70,32,9600,4.782,28.9,209132.1,1,0.9899
D,1,42,5000,1.0,70,33,9900,5.835,29.5,171369.8,1,0.9899
D,1,42,5000,1.0,70,34,10200,8.11,27.5,123309.6,1,0.9899
D,1,42,5000,1.0,70,35,10500,9.585,22.3,104333.3,1,0.9899
D,1,42,5000,1.0,70,36,10800,11.887,30.7,84125.5,1,0.9899
D,1,42,5000,1.0,70,37,11100,13.773,39.3,72605.8,1,0.9899
D,1,42,5000,1.0,70,38,11400,15.399,45.0,64937.9,1,0.9899
D,1,42,5000,1.0,70,39,11700,16.488,49.0,60651.4,1,0.9899
D,1,42,5000,1.0,70,40,12000,20.677,56.1,48362.9,1,0.9899
D,1,42,5000,1.0,70,41,12300,24.717,65.0,40458.5,1,0.9899
D,1,42,5000,1.0,70,42,12600,24.833,70.6,40269.5,1,0.9899
D,1,42,5000,1.0,70,43,12900,27.873,84.1,35876.6,1,0.9899
D,1,42,5000,1.0,70,44,13200,28.298,85.1,35338.2,1,0.9899
D,1,42,5000,1.0,70,45,13500,33.254,88.9,30071.3,1,0.9899
D,1,42,5000,1.0,70,46,13800,34.72,97.3,28801.8,1,0.9899
D,1,42,5000,1.0,70,47,14100,35.037,105.8,28541.5,1,0.9899
D,1,42,5000,1.0,70,48,14400,39.033,108.7,25619.1,1,0.9899
D,1,42,5000,1.0,70,49,14700,41.561,119.7,24060.8,1,0.9899
D,1,42,5000,1.0,70,50,15000,42.932,124.2,23292.6,1,0.9899
D,1,42,5000,1.01,71,1,300,10.534,30.8,94930.7,1,1.0041
D,1,42,5000,1.01,71,2,600,11.357,33.5,88051.4,1,1.0041
D,1,42,5000,1.01,71,3,900,12.873,46.7,77680.0,1,1.0041
D,1,42,5000,1.01,71,4,1200,11.784,42.7,84860.8,1,1.0041
D,1,42,5000,1.01,71,5,1500,12.284,43.1,81404.5,1,1.0041
D,1,42,5000,1.01,71,6,1800,12.957,43.9,77176.4,1,1.0041
D,1,42,5000,1.01,71,7,2100,14.904,55.2,67096.1,1,1.0041
D,1,42,5000,1.01,71,8,2400,13.452,51.8,74338.4,1,1.0041
D,1,42,5000,1.01,71,9,2700,15.498,56.5,64524.5,1,1.0041
D,1,42,5000,1.01,71,10,3000,16.481,63.1,60677.2,1,1.0041
D,1,42,5000,1.01,71,11,3300,14.162,62.3,70611.5,1,1.0041
D,1,42,5000,1.01,71,12,3600,9.034,30.4,110697.0,1,1.0041
D,1,42,5000,1.01,71,13,3900,7.209,16.7,138715.5,1,1.0041
D,1,42,5000,1.01,71,14,4200,5.021,14.2,199150.3,1,1.0041
D,1,42,5000,1.01,71,15,4500,6.571,30.5,152183.9,1,1.0041
D,1,42,5000,1.01,71,16,4800,8.619,20.8,116027.2,1,1.0041
D,1,42,5000,1.01,71,17,5100,10.886,25.8,91858.3,1,1.0041
D,1,42,5000,1.01,71,18,5400,13.64,34.0,73312.0,1,1.0041
D,1,42,5000,1.01,71,19,5700,15.307,41.9,65328.2,1,1.0041
D,1,42,5000,1.01,71,20,6000,18.348,49.5,54501.9,1,1.0041
D,1,42,5000,1.01,71,21,6300,22.872,54.2,43721.6,1,1.0041
D,1,42,5000,1.01,71,22,6600,22.373,63.2,44696.1,1,1.0041
D,1,42,5000,1.01,71,23,6900,24.239,69.1,41255.3,1,1.0041
D,1,42,5000,1.01,71,24,7200,27.982,83.4,35737.7,1,1.0041
D,1,42,5000,1.01,71,25,7500,33.172,87.1,30145.6,1,1.0041
D,1,42,5000,1.01,71,26,7800,34.627,94.0,28879.5,1,1.0041
D,1,42,5000,1.01,71,27,8100,36.077,101.8,27718.5,1,1.0041
D,1,42,5000,1.01,71,28,8400,37.54,106.8,26638.5,1,1.0041
D,1,42,5000,1.01,71,29,8700,41.049,114.5,24360.9,1,1.0041
D,1,42,5000,1.01,71,30,9000,41.538,122.4,24074.1,1,1.0041
D,1,42,5000,1.01,71,31,9300,32.695,139.4,30585.7,1,1.0041
D,1,42,5000,1.01,71,32,9600,6.244,42.9,160145.2,1,1.0041
D,1,42,5000,1.01,71,33,9900,8.32,26.1,120187.5,1,1.0041
D,1,42,5000,1.01,71,34,10200,10.037,28.8,99628.1,1,1.0041
D,1,42,5000,1.01,71,35,10500,11.679,28.8,85621.3,1,1.0041
D,1,42,5000,1.01,71,36,10800,14.315,35.9,69855.2,1,1.0041
D,1,42,5000,1.01,71,37,11100,7.429,37.5,134601.6,1,1.0041
D,1,42,5000,1.01,71,38,11400,6.004,13.4,166546.3,1,1.0041
D,1,42,5000,1.01,71,39,11700,8.125,21.1,123082.0,1,1.0041
D,1,42,5000,1.01,71,40,12000,12.106,28.1,82601.4,1,1.0041
D,1,42,5000,1.01,71,41,12300,15.621,38.0,64015.0,1,1.0041
D,1,42,5000,1.01,71,42,12600,16.192,43.4,61760.2,1,1.0041
D,1,42,5000,1.01,71,43,12900,18.655,52.6,53604.9,1,1.0041
D,1,42,5000,1.01,71,44,13200,20.435,54.7,48936.4,1,1.0041
D,1,42,5000,1.01,71,45,13500,24.659,63.5,40553.7,1,1.0041
D,1,42,5000,1.01,71,46,13800,25.264,70.8,39582.0,1,1.0041
D,1,42,5000,1.01,71,47,14100,27.969,80.7,35753.4,1,1.0041
D,1,42,5000,1.01,71,48,14400,29.626,79.8,33754.1,1,1.0041
D,1,42,5000,1.01,71,49,14700,32.121,96.1,31132.6,1,1.0041
D,1,42,5000,1.01,71,50,15000,34.986,101.1,28582.9,1,1.0041
D,1,42,5000,1.25,88,1,300,8.037,16.6,124424.6,1,1.2445
D,1,42,5000,1.25,88,2,600,9.374,21.2,106678.1,1,1.2445
D,1,42,5000,1.25,88,3,900,11.534,34.6,86702.7,1,1.2445
D,1,42,5000,1.25,88,4,1200,12.521,32.7,79865.8,1,1.2445
D,1,42,5000,1.25,88,5,1500,14.182,40.4,70510.3,1,1.2445
D,1,42,5000,1.25,88,6,1800,15.786,47.3,63347.3,1,1.2445
D,1,42,5000,1.25,88,7,2100,18.763,55.7,53296.4,1,1.2445
D,1,42,5000,1.25,88,8,2400,18.566,58.2,53860.9,1,1.2445
D,1,42,5000,1.25,88,9,2700,23.044,81.5,43395.2,1,1.2445
D,1,42,5000,1.25,88,10,3000,22.203,73.2,45039.0,1,1.2445
D,1,42,5000,1.25,88,11,3300,14.949,60.7,66892.6,1,1.2445
D,1,42,5000,1.25,88,12,3600,6.818,28.3,146677.7,1,1.2445
D,1,42,5000,1.25,88,13,3900,7.063,28.3,141589.6,1,1.2445
D,1,42,5000,1.25,88,14,4200,6.942,14.5,144057.6,1,1.2445
D,1,42,5000,1.25,88,15,4500,7.454,13.9,134162.2,1,1.2445
D,1,42,5000,1.25,88,16,4800,7.544,16.4,132561.5,1,1.2445
D,1,42,5000,1.25,88,17,5100,5.033,13.4,198701.8,1,1.2445
D,1,42,5000,1.25,88,18,5400,6.754,18.0,148053.1,1,1.2445
D,1,42,5000,1.25,88,19,5700,7.999,26.2,125020.9,1,1.2445
D,1,42,5000,1.25,88,20,6000,9.713,28.4,102954.8,1,1.2445
D,1,42,5000,1.25,88,21,6300,12.706,29.5,78705.1,1,1.2445
D,1,42,5000,1.25,88,22,6600,10.078,37.4,99226.0,1,1.2445
D,1,42,5000,1.25,88,23,6900,6.453,23.0,154958.6,1,1.2445
D,1,42,5000,1.25,88,24,7200,8.209,28.1,121817.5,1,1.2445
D,1,42,5000,1.25,88,25,7500,9.325,22.1,107238.6,1,1.2445
D,1,42,5000,1.25,88,26,7800,10.828,28.5,92350.3,1,1.2445
D,1,42,5000,1.25,88,27,8100,11.965,30.7,83577.1,1,1.2445
D,1,42,5000,1.25,88,28,8400,15.789,38.7,63335.2,1,1.2445
D,1,42,5000,1.25,88,29,8700,15.633,42.0,63967.3,1,1.2445
D,1,42,5000,1.25,88,30,9000,17.726,50.1,56414.3,1,1.2445
D,1,42,5000,1.25,88,31,9300,19.169,54.9,52168.5,1,1.2445
D,1,42,5000,1.25,88,32,9600,4.966,29.9,201355.7,1,1.2445
D,1,42,5000,1.25,88,33,9900,5.726,28.7,174642.0,1,1.2445
D,1,42,5000,1.25,88,34,10200,6.837,14.2,146263.0,1,1.2445
D,1,42,5000,1.25,88,35,10500,7.714,17.2,129640.0,1,1.2445
D,1,42,5000,1.25,88,36,10800,10.567,31.7,94634.2,1,1.2445
D,1,42,5000,1.25,88,37,11100,9.937,22.7,100630.6,1,1.2445
D,1,42,5000,1.25,88,38,11400,10.821,26.8,92410.0,1,1.2445
D,1,42,5000,1.25,88,39,11700,12.125,33.8,82472.0,1,1.2445
D,1,42,5000,1.25,88,40,12000,14.559,55.9,68687.6,1,1.2445
D,1,42,5000,1.25,88,41,12300,15.974,43.1,62600.4,1,1.2445
D,1,42,5000,1.25,88,42,12600,15.672,44.7,63809.4,1,1.2445
D,1,42,5000,1.25,88,43,12900,18.214,58.6,54902.8,1,1.2445
D,1,42,5000,1.25,88,44,13200,17.48,54.6,57209.3,1,1.2445
D,1,42,5000,1.25,88,45,13500,19.03,60.0,52549.5,1,1.2445
D,1,42,5000,1.25,88,46,13800,20.265,59.6,49346.2,1,1.2445
D,1,42,5000,1.25,88,47,14100,20.604,64.4,48534.3,1,1.2445
D,1,42,5000,1.25,88,48,14400,23.805,75.6,42008.0,1,1.2445
D,1,42,5000,1.25,88,49,14700,24.372,78.0,41030.1,1,1.2445
D,1,42,5000,1.25,88,50,15000,23.915,74.0,41814.2,1,1.2445
D,1,42,5000,1.5,106,1,300,20.504,62.3,48771.0,1,1.4991
D,1,42,5000,1.5,106,2,600,22.875,68.9,43716.5,1,1.4991
D,1,42,5000,1.5,106,3,900,26.349,77.0,37952.1,1,1.4991
D,1,42,5000,1.5,106,4,1200,27.183,82.5,36788.1,1,1.4991
D,1,42,5000,1.5,106,5,1500,27.451,88.2,36429.0,1,1.4991
D,1,42,5000,1.5,106,6,1800,29.708,97.1,33660.6,1,1.4991
D,1,42,5000,1.5,106,7,2100,31.234,102.4,32016.7,1,1.4991
D,1,42,5000,1.5,106,8,2400,33.225,109.6,30097.5,1,1.4991
D,1,42,5000,1.5,106,9,2700,35.392,117.4,28255.2,1,1.4991
D,1,42,5000,1.5,106,10,3000,35.653,127.1,28048.1,1,1.4991
D,1,42,5000,1.5,106,11,3300,16.546,101.7,60437.6,1,1.4991
D,1,42,5000,1.5,106,12,3600,7.591,25.1,131740.7,1,1.4991
D,1,42,5000,1.5,106,13,3900,6.735,17.0,148485.5,1,1.4991
D,1,42,5000,1.5,106,14,4200,5.629,12.7,177651.4,1,1.4991
D,1,42,5000,1.5,106,15,4500,6.439,15.9,155295.5,1,1.4991
D,1,42,5000,1.5,106,16,4800,7.414,14.8,134873.9,1,1.4991
D,1,42,5000,1.5,106,17,5100,8.872,24.8,112709.9,1,1.4991
D,1,42,5000,1.5,106,18,5400,9.6,24.1,104166.7,1,1.4991
D,1,42,5000,1.5,106,19,5700,10.341,26.3,96699.3,1,1.4991
D,1,42,5000,1.5,106,20,6000,11.977,32.0,83491.0,1,1.4991
D,1,42,5000,1.5,106,21,6300,16.016,52.9,62438.9,1,1.4991
D,1,42,5000,1.5,106,22,6600,15.122,43.7,66127.4,1,1.4991
D,1,42,5000,1.5,106,23,6900,14.593,46.9,68526.0,1,1.4991
D,1,42,5000,1.5,106,24,7200,16.936,67.4,59047.0,1,1.4991
D,1,42,5000,1.5,106,25,7500,18.032,59.0,55455.9,1,1.4991
D,1,42,5000,1.5,106,26,7800,18.201,61.2,54942.0,1,1.4991
D,1,42,5000,1.5,106,27,8100,22.487,78.8,44469.5,1,1.4991
D,1,42,5000,1.5,106,28,8400,22.754,69.3,43948.3,1,1.4991
D,1,42,5000,1.5,106,29,8700,8.031,44.6,124512.3,1,1.4991
D,1,42,5000,1.5,106,30,9000,8.218,31.3,121689.1,1,1.4991
D,1,42,5000,1.5,106,31,9300,12.768,35.0,78322.8,1,1.4991
D,1,42,5000,1.5,106,32,9600,5.596,26.8,178709.7,1,1.4991
D,1,42,5000,1.5,106,33,9900,6.276,26.3,159345.6,1,1.4991
D,1,42,5000,1.5,106,34,10200,6.992,16.6,143027.4,1,1.4991
D,1,42,5000,1.5,106,35,10500,8.021,21.2,124667.5,1,1.4991
D,1,42,5000,1.5,106,36,10800,10.474,42.6,95471.5,1,1.4991
D,1,42,5000,1.5,106,37,11100,10.028,29.3,99717.5,1,1.4991
D,1,42,5000,1.5,106,38,11400,10.725,33.4,93237.2,1,1.4991
D,1,42,5000,1.5,106,39,11700,11.303,35.2,88474.7,1,1.4991
D,1,42,5000,1.5,106,40,12000,13.606,44.3,73498.8,1,1.4991
D,1,42,5000,1.5,106,41,12300,14.294,41.3,69957.8,1,1.4991
D,1,42,5000,1.5,106,42,12600,7.898,15.6,126609.0,1,1.4991
D,1,42,5000,1.5,106,43,12900,8.778,16.6,113925.5,1,1.4991
D,1,42,5000,1.5,106,44,13200,8.429,18.1,118633.3,1,1.4991
D,1,42,5000,1.5,106,45,13500,9.586,23.2,104322.4,1,1.4991
D,1,42,5000,1.5,106,46,13800,9.696,20.3,103131.8,1,1.4991
D,1,42,5000,1.5,106,47,14100,9.845,20.8,101571.0,1,1.4991
D,1,42,5000,1.5,106,48,14400,10.145,22.4,98567.5,1,1.4991
D,1,42,5000,1.5,106,49,14700,11.153,30.0,89659.3,1,1.4991
D,1,42,5000,1.5,106,50,15000,11.089,25.4,90179.5,1,1.4991
D,1,42,5000,2.0,141,1,300,9.343,19.6,107028.2,1,1.994
D,1,42,5000,2.0,141,2,600,8.587,20.2,116450.6,1,1.994
D,1,42,5000,2.0,141,3,900,8.899,24.3,112368.0,1,1.994
D,1,42,5000,2.0,141,4,1200,8.822,22.1,113353.0,1,1.994
D,1,42,5000,2.0,141,5,1500,9.093,24.4,109978.8,1,1.994
D,1,42,5000,2.0,141,6,1800,9.015,22.0,110926.2,1,1.994
D,1,42,5000,2.0,141,7,2100,9.28,29.0,107758.6,1,1.994
D,1,42,5000,2.0,141,8,2400,6.9,26.6,144927.6,1,1.994
D,1,42,5000,2.0,141,9,2700,8.471,32.3,118049.8,1,1.994
D,1,42,5000,2.0,141,10,3000,8.894,33.2,112435.3,1,1.994
D,1,42,5000,2.0,141,11,3300,13.012,40.7,76850.2,1,1.994
D,1,42,5000,2.0,141,12,3600,11.234,33.1,89015.5,1,1.994
D,1,42,5000,2.0,141,13,3900,12.12,33.2,82508.3,1,1.994
D,1,42,5000,2.0,141,14,4200,12.781,36.9,78243.2,1,1.994
D,1,42,5000,2.0,141,15,4500,13.855,38.9,72177.8,1,1.994
D,1,42,5000,2.0,141,16,4800,14.723,37.9,67919.4,1,1.994
D,1,42,5000,2.0,141,17,5100,16.381,48.4,61046.3,1,1.994
D,1,42,5000,2.0,141,18,5400,12.949,44.5,77224.0,1,1.994
D,1,42,5000,2.0,141,19,5700,7.866,37.7,127134.8,1,1.994
D,1,42,5000,2.0,141,20,6000,9.078,41.8,110152.4,1,1.994
D,1,42,5000,2.0,141,21,6300,11.714,48.7,85365.5,1,1.994
D,1,42,5000,2.0,141,22,6600,12.56,49.0,79617.8,1,1.994
D,1,42,5000,2.0,141,23,6900,11.563,46.4,86482.7,1,1.994
D,1,42,5000,2.0,141,24,7200,14.105,57.0,70898.5,1,1.994
D,1,42,5000,2.0,141,25,7500,15.548,46.5,64315.6,1,1.994
D,1,42,5000,2.0,141,26,7800,15.1,49.3,66223.7,1,1.994
D,1,42,5000,2.0,141,27,8100,16.904,54.6,59156.4,1,1.994
D,1,42,5000,2.0,141,28,8400,22.053,66.2,45345.3,1,1.994
D,1,42,5000,2.0,141,29,8700,19.764,58.9,50596.2,1,1.994
D,1,42,5000,2.0,141,30,9000,20.607,65.3,48526.4,1,1.994
D,1,42,5000,2.0,141,31,9300,13.276,65.9,75322.0,1,1.994
D,1,42,5000,2.0,141,32,9600,11.576,25.1,86383.1,1,1.994
D,1,42,5000,2.0,141,33,9900,11.462,24.3,87247.3,1,1.994
D,1,42,5000,2.0,141,34,10200,10.239,24.1,97665.8,1,1.994
D,1,42,5000,2.0,141,35,10500,7.297,16.7,137048.9,1,1.994
D,1,42,5000,2.0,141,36,10800,7.013,17.0,142592.3,1,1.994
D,1,42,5000,2.0,141,37,11100,7.766,16.2,128766.4,1,1.994
D,1,42,5000,2.0,141,38,11400,8.373,19.4,119426.8,1,1.994
D,1,42,5000,2.0,141,39,11700,9.315,23.7,107349.9,1,1.994
D,1,42,5000,2.0,141,40,12000,8.931,19.0,111965.4,1,1.994
D,1,42,5000,2.0,141,41,12300,9.823,22.5,101801.9,1,1.994
D,1,42,5000,2.0,141,42,12600,8.278,23.3,120807.0,1,1.994
D,1,42,5000,2.0,141,43,12900,9.046,27.8,110546.1,1,1.994
D,1,42,5000,2.0,141,44,13200,10.217,31.4,97876.1,1,1.994
D,1,42,5000,2.0,141,45,13500,10.724,29.7,93251.7,1,1.994
D,1,42,5000,2.0,141,46,13800,10.327,31.1,96833.5,1,1.994
D,1,42,5000,2.0,141,47,14100,11.469,35.0,87189.0,1,1.994
D,1,42,5000,2.0,141,48,14400,12.431,39.9,80444.0,1,1.994
D,1,42,5000,2.0,141,49,14700,13.401,40.7,74621.3,1,1.994
D,1,42,5000,2.0,141,50,15000,13.712,40.7,72930.6,1,1.994
D,1,42,25000,0.5,79,1,300,16.573,34.4,60339.1,1,0.4996
D,1,42,25000,0.5,79,2,600,14.033,38.2,71262.3,1,0.4996
D,1,42,25000,0.5,79,3,900,17.06,60.0,58615.5,1,0.4996
D,1,42,25000,0.5,79,4,1200,18.34,49.7,54525.6,1,0.4996
D,1,42,25000,0.5,79,5,1500,18.489,56.6,54087.2,1,0.4996
D,1,42,25000,0.5,79,6,1800,25.038,67.4,39939.8,1,0.4996
D,1,42,25000,0.5,79,7,2100,25.317,74.2,39499.7,1,0.4996
D,1,42,25000,0.5,79,8,2400,26.91,80.5,37161.4,1,0.4996
D,1,42,25000,0.5,79,9,2700,29.206,87.4,34239.1,1,0.4996
D,1,42,25000,0.5,79,10,3000,36.017,91.7,27764.7,1,0.4996
D,1,42,25000,0.5,79,11,3300,14.7,85.2,68027.2,1,0.4996
D,1,42,25000,0.5,79,12,3600,7.444,33.3,134336.4,1,0.4996
D,1,42,25000,0.5,79,13,3900,9.291,37.8,107631.0,1,0.4996
D,1,42,25000,0.5,79,14,4200,10.28,82.9,97276.3,1,0.4996
D,1,42,25000,0.5,79,15,4500,8.955,18.7,111669.5,1,0.4996
D,1,42,25000,0.5,79,16,4800,13.358,90.1,74863.4,1,0.4996
D,1,42,25000,0.5,79,17,5100,10.796,26.7,92629.8,1,0.4996
D,1,42,25000,0.5,79,18,5400,11.679,30.8,85626.2,1,0.4996
D,1,42,25000,0.5,79,19,5700,7.763,29.6,128821.7,1,0.4996
D,1,42,25000,0.5,79,20,6000,6.482,16.4,154273.4,1,0.4996
D,1,42,25000,0.5,79,21,6300,13.038,18.9,76696.9,1,0.4996
D,1,42,25000,0.5,79,22,6600,8.945,21.3,111794.3,1,0.4996
D,1,42,25000,0.5,79,23,6900,10.675,25.7,93673.9,1,0.4996
D,1,42,25000,0.5,79,24,7200,11.731,34.7,85246.7,1,0.4996
D,1,42,25000,0.5,79,25,7500,15.008,57.6,66631.1,1,0.4996
D,1,42,25000,0.5,79,26,7800,16.719,46.1,59812.2,1,0.4996
D,1,42,25000,0.5,79,27,8100,16.784,46.9,59580.6,1,0.4996
D,1,42,25000,0.5,79,28,8400,20.688,59.2,48337.2,1,0.4996
D,1,42,25000,0.5,79,29,8700,20.054,61.7,49865.4,1,0.4996
D,1,42,25000,0.5,79,30,9000,19.899,71.4,50253.8,1,0.4996
D,1,42,25000,0.5,79,31,9300,22.827,98.0,43807.1,1,0.4996
D,1,42,25000,0.5,79,32,9600,9.564,23.9,104555.1,1,0.4996
D,1,42,25000,0.5,79,33,9900,7.256,20.4,137810.7,1,0.4996
D,1,42,25000,0.5,79,34,10200,6.941,24.1,144064.5,1,0.4996
D,1,42,25000,0.5,79,35,10500,5.339,13.9,187289.3,1,0.4996
D,1,42,25000,0.5,79,36,10800,7.133,17.1,140200.0,1,0.4996
D,1,42,25000,0.5,79,37,11100,9.182,21.7,108904.8,1,0.4996
D,1,42,25000,0.5,79,38,11400,11.199,27.9,89291.0,1,0.4996
D,1,42,25000,0.5,79,39,11700,13.611,38.2,73468.2,1,0.4996
D,1,42,25000,0.5,79,40,12000,15.412,44.7,64884.5,1,0.4996
D,1,42,25000,0.5,79,41,12300,21.056,53.4,47493.2,1,0.4996
D,1,42,25000,0.5,79,42,12600,20.575,59.5,48601.9,1,0.4996
D,1,42,25000,0.5,79,43,12900,22.942,66.2,43588.2,1,0.4996
D,1,42,25000,0.5,79,44,13200,27.943,80.9,35786.7,1,0.4996
D,1,42,25000,0.5,79,45,13500,25.959,77.2,38522.3,1,0.4996
D,1,42,25000,0.5,79,46,13800,30.606,90.2,32673.0,1,0.4996
D,1,42,25000,0.5,79,47,14100,31.992,101.9,31257.5,1,0.4996
D,1,42,25000,0.5,79,48,14400,35.434,102.2,28221.7,1,0.4996
D,1,42,25000,0.5,79,49,14700,34.248,111.1,29199.1,1,0.4996
D,1,42,25000,0.5,79,50,15000,37.073,114.0,26974.1,1,0.4996
D,1,42,25000,0.75,118,1,300,13.513,42.1,74001.0,1,0.7463
D,1,42,25000,0.75,118,2,600,10.768,41.8,92864.9,1,0.7463
D,1,42,25000,0.75,118,3,900,11.666,44.0,85719.2,1,0.7463
D,1,42,25000,0.75,118,4,1200,12.176,48.9,82126.5,1,0.7463
D,1,42,25000,0.75,118,5,1500,13.068,51.7,76520.8,1,0.7463
D,1,42,25000,0.75,118,6,1800,14.116,50.0,70841.6,1,0.7463
D,1,42,25000,0.75,118,7,2100,18.105,64.5,55234.4,1,0.7463
D,1,42,25000,0.75,118,8,2400,17.36,58.5,57603.7,1,0.7463
D,1,42,25000,0.75,118,9,2700,18.473,62.3,54134.0,1,0.7463
D,1,42,25000,0.75,118,10,3000,25.102,73.2,39837.5,1,0.7463
D,1,42,25000,0.75,118,11,3300,14.572,46.3,68623.2,1,0.7463
D,1,42,25000,0.75,118,12,3600,12.959,32.6,77166.4,1,0.7463
D,1,42,25000,0.75,118,13,3900,13.266,45.6,75380.7,1,0.7463
D,1,42,25000,0.75,118,14,4200,7.462,45.5,134012.3,1,0.7463
D,1,42,25000,0.75,118,15,4500,7.301,17.0,136973.8,1,0.7463
D,1,42,25000,0.75,118,16,4800,8.364,18.4,119560.0,1,0.7463
D,1,42,25000,0.75,118,17,5100,9.21,23.1,108573.7,1,0.7463
D,1,42,25000,0.75,118,18,5400,13.043,27.8,76669.5,1,0.7463
D,1,42,25000,0.75,118,19,5700,10.71,32.5,93373.6,1,0.7463
D,1,42,25000,0.75,118,20,6000,11.549,46.8,86585.1,1,0.7463
D,1,42,25000,0.75,118,21,6300,15.27,63.2,65487.9,1,0.7463
D,1,42,25000,0.75,118,22,6600,11.769,44.9,84971.4,1,0.7463
D,1,42,25000,0.75,118,23,6900,13.655,49.6,73235.0,1,0.7463
D,1,42,25000,0.75,118,24,7200,13.164,52.9,75964.7,1,0.7463
D,1,42,25000,0.75,118,25,7500,15.295,90.5,65379.4,1,0.7463
D,1,42,25000,0.75,118,26,7800,16.399,61.1,60980.6,1,0.7463
D,1,42,25000,0.75,118,27,8100,16.949,67.7,58999.4,1,0.7463
D,1,42,25000,0.75,118,28,8400,18.881,102.9,52962.4,1,0.7463
D,1,42,25000,0.75,118,29,8700,18.342,74.1,54520.7,1,0.7463
D,1,42,25000,0.75,118,30,9000,20.414,80.9,48986.8,1,0.7463
D,1,42,25000,0.75,118,31,9300,19.752,78.6,50627.8,1,0.7463
D,1,42,25000,0.75,118,32,9600,7.392,20.9,135275.3,1,0.7463
D,1,42,25000,0.75,118,33,9900,7.885,20.8,126817.7,1,0.7463
D,1,42,25000,0.75,118,34,10200,8.293,18.1,120583.6,1,0.7463
D,1,42,25000,0.75,118,35,10500,9.951,37.4,100492.4,1,0.7463
D,1,42,25000,0.75,118,36,10800,9.732,27.2,102753.8,1,0.7463
D,1,42,25000,0.75,118,37,11100,11.3,33.6,88498.2,1,0.7463
D,1,42,25000,0.75,118,38,11400,12.259,37.3,81570.5,1,0.7463
D,1,42,25000,0.75,118,39,11700,14.737,59.3,67858.0,1,0.7463
D,1,42,25000,0.75,118,40,12000,15.164,50.6,65947.1,1,0.7463
D,1,42,25000,0.75,118,41,12300,18.872,54.9,52987.6,1,0.7463
D,1,42,25000,0.75,118,42,12600,18.517,63.8,54005.4,1,0.7463
D,1,42,25000,0.75,118,43,12900,19.066,65.1,52450.3,1,0.7463
D,1,42,25000,0.75,118,44,13200,21.213,63.3,47141.6,1,0.7463
D,1,42,25000,0.75,118,45,13500,21.642,75.8,46206.4,1,0.7463
D,1,42,25000,0.75,118,46,13800,24.386,79.9,41006.6,1,0.7463
D,1,42,25000,0.75,118,47,14100,23.942,84.6,41767.6,1,0.7463
D,1,42,25000,0.75,118,48,14400,27.089,88.8,36915.4,1,0.7463
D,1,42,25000,0.75,118,49,14700,27.829,99.1,35933.7,1,0.7463
D,1,42,25000,0.75,118,50,15000,27.414,97.5,36478.2,1,0.7463
D,1,42,25000,1.0,158,1,300,19.442,51.5,51434.2,1,0.9993
D,1,42,25000,1.0,158,2,600,18.516,58.2,54007.3,1,0.9993
D,1,42,25000,1.0,158,3,900,21.145,71.2,47291.8,1,0.9993
D,1,42,25000,1.0,158,4,1200,20.755,69.6,48181.9,1,0.9993
D,1,42,25000,1.0,158,5,1500,15.449,68.8,64727.7,1,0.9993
D,1,42,25000,1.0,158,6,1800,6.24,18.2,160256.4,1,0.9993
D,1,42,25000,1.0,158,7,2100,7.421,17.3,134746.7,1,0.9993
D,1,42,25000,1.0,158,8,2400,9.064,22.2,110330.6,1,0.9993
D,1,42,25000,1.0,158,9,2700,10.829,28.0,92344.6,1,0.9993
D,1,42,25000,1.0,158,10,3000,18.743,42.6,53354.2,1,0.9993
D,1,42,25000,1.0,158,11,3300,9.542,47.3,104796.2,1,0.9993
D,1,42,25000,1.0,158,12,3600,7.271,33.1,137539.0,1,0.9993
D,1,42,25000,1.0,158,13,3900,7.639,39.5,130907.2,1,0.9993
D,1,42,25000,1.0,158,14,4200,8.682,40.3,115185.2,1,0.9993
D,1,42,25000,1.0,158,15,4500,6.781,20.8,147470.9,1,0.9993
D,1,42,25000,1.0,158,16,4800,8.278,45.9,120802.1,1,0.9993
D,1,42,25000,1.0,158,17,5100,9.394,33.5,106450.9,1,0.9993
D,1,42,25000,1.0,158,18,5400,9.676,32.7,103344.9,1,0.9993
D,1,42,25000,1.0,158,19,5700,10.216,37.6,97885.7,1,0.9993
D,1,42,25000,1.0,158,20,6000,11.927,42.3,83845.7,1,0.9993
D,1,42,25000,1.0,158,21,6300,15.914,44.9,62837.8,1,0.9993
D,1,42,25000,1.0,158,22,6600,11.974,42.9,83511.9,1,0.9993
D,1,42,25000,1.0,158,23,6900,13.187,49.3,75832.3,1,0.9993
D,1,42,25000,1.0,158,24,7200,14.904,55.1,67094.6,1,0.9993
D,1,42,25000,1.0,158,25,7500,15.194,55.4,65816.9,1,0.9993
D,1,42,25000,1.0,158,26,7800,16.062,59.2,62258.7,1,0.9993
D,1,42,25000,1.0,158,27,8100,17.351,66.3,57632.5,1,0.9993
D,1,42,25000,1.0,158,28,8400,17.316,63.4,57751.2,1,0.9993
D,1,42,25000,1.0,158,29,8700,17.579,67.8,56887.1,1,0.9993
D,1,42,25000,1.0,158,30,9000,20.369,75.2,49094.2,1,0.9993
D,1,42,25000,1.0,158,31,9300,19.089,70.5,52387.1,1,0.9993
D,1,42,25000,1.0,158,32,9600,7.655,21.7,130627.9,1,0.9993
D,1,42,25000,1.0,158,33,9900,7.309,18.7,136817.6,1,0.9993
D,1,42,25000,1.0,158,34,10200,8.585,22.2,116477.7,1,0.9993
D,1,42,25000,1.0,158,35,10500,8.936,20.6,111911.1,1,0.9993
D,1,42,25000,1.0,158,36,10800,9.458,24.5,105726.9,1,0.9993
D,1,42,25000,1.0,158,37,11100,10.655,30.1,93855.6,1,0.9993
D,1,42,25000,1.0,158,38,11400,12.11,44.4,82574.1,1,0.9993
D,1,42,25000,1.0,158,39,11700,11.915,37.7,83925.5,1,0.9993
D,1,42,25000,1.0,158,40,12000,13.124,41.3,76194.3,1,0.9993
D,1,42,25000,1.0,158,41,12300,17.506,47.9,57122.2,1,0.9993
D,1,42,25000,1.0,158,42,12600,16.304,52.2,61333.4,1,0.9993
D,1,42,25000,1.0,158,43,12900,16.254,53.6,61524.6,1,0.9993
D,1,42,25000,1.0,158,44,13200,17.802,51.7,56174.5,1,0.9993
D,1,42,25000,1.0,158,45,13500,18.646,63.5,53631.8,1,0.9993
D,1,42,25000,1.0,158,46,13800,19.684,66.4,50803.5,1,0.9993
D,1,42,25000,1.0,158,47,14100,20.899,71.2,47849.2,1,0.9993
D,1,42,25000,1.0,158,48,14400,22.632,74.3,44185.2,1,0.9993
D,1,42,25000,1.0,158,49,14700,22.561,82.0,44324.9,1,0.9993
D,1,42,25000,1.0,158,50,15000,21.828,81.5,45813.4,1,0.9993
D,1,42,25000,1.01,159,1,300,11.349,47.9,88116.1,1,1.0056
D,1,42,25000,1.01,159,2,600,8.035,19.4,124450.3,1,1.0056
D,1,42,25000,1.01,159,3,900,7.947,17.8,125833.7,1,1.0056
D,1,42,25000,1.01,159,4,1200,8.979,45.2,111371.0,1,1.0056
D,1,42,25000,1.01,159,5,1500,8.398,20.0,119080.7,1,1.0056
D,1,42,25000,1.01,159,6,1800,9.471,23.6,105585.5,1,1.0056
D,1,42,25000,1.01,159,7,2100,9.531,23.3,104917.1,1,1.0056
D,1,42,25000,1.01,159,8,2400,9.691,22.6,103188.5,1,1.0056
D,1,42,25000,1.01,159,9,2700,11.434,53.1,87455.9,1,1.0056
D,1,42,25000,1.01,159,10,3000,16.952,26.5,58991.3,1,1.0056
D,1,42,25000,1.01,159,11,3300,9.925,24.0,100759.1,1,1.0056
D,1,42,25000,1.01,159,12,3600,9.548,26.7,104737.6,1,1.0056
D,1,42,25000,1.01,159,13,3900,11.789,69.3,84827.2,1,1.0056
D,1,42,25000,1.01,159,14,4200,10.162,24.6,98409.0,1,1.0056
D,1,42,25000,1.01,159,15,4500,9.423,20.9,106123.3,1,1.0056
D,1,42,25000,1.01,159,16,4800,10.37,23.1,96435.1,1,1.0056
D,1,42,25000,1.01,159,17,5100,11.249,37.7,88899.4,1,1.0056
D,1,42,25000,1.01,159,18,5400,10.682,23.8,93618.3,1,1.0056
D,1,42,25000,1.01,159,19,5700,10.922,23.9,91558.3,1,1.0056
D,1,42,25000,1.01,159,20,6000,11.108,27.3,90027.9,1,1.0056
D,1,42,25000,1.01,159,21,6300,16.413,54.7,60927.3,1,1.0056
D,1,42,25000,1.01,159,22,6600,9.615,24.0,104004.2,1,1.0056
D,1,42,25000,1.01,159,23,6900,8.498,21.1,117674.7,1,1.0056
D,1,42,25000,1.01,159,24,7200,5.841,18.6,171213.3,1,1.0056
D,1,42,25000,1.01,159,25,7500,7.566,17.3,132164.4,1,1.0056
D,1,42,25000,1.01,159,26,7800,5.582,17.9,179158.0,1,1.0056
D,1,42,25000,1.01,159,27,8100,6.997,18.7,142925.2,1,1.0056
D,1,42,25000,1.01,159,28,8400,8.939,21.3,111873.5,1,1.0056
D,1,42,25000,1.01,159,29,8700,11.541,29.3,86647.6,1,1.0056
D,1,42,25000,1.01,159,30,9000,13.288,34.8,75255.9,1,1.0056
D,1,42,25000,1.01,159,31,9300,20.604,54.9,48533.5,1,1.0056
D,1,42,25000,1.01,159,32,9600,6.581,19.0,151960.3,1,1.0056
D,1,42,25000,1.01,159,33,9900,7.635,21.2,130975.8,1,1.0056
D,1,42,25000,1.01,159,34,10200,7.637,20.7,130935.8,1,1.0056
D,1,42,25000,1.01,159,35,10500,8.158,20.1,122584.1,1,1.0056
D,1,42,25000,1.01,159,36,10800,9.008,23.0,111008.3,1,1.0056
D,1,42,25000,1.01,159,37,11100,7.261,23.1,137728.4,1,1.0056
D,1,42,25000,1.01,159,38,11400,7.776,25.3,128606.3,1,1.0056
D,1,42,25000,1.01,159,39,11700,8.074,28.1,123854.4,1,1.0056
D,1,42,25000,1.01,159,40,12000,8.829,29.8,113258.8,1,1.0056
D,1,42,25000,1.01,159,41,12300,15.069,34.0,66362.9,1,1.0056
D,1,42,25000,1.01,159,42,12600,11.101,42.8,90079.3,1,1.0056
D,1,42,25000,1.01,159,43,12900,10.872,40.5,91976.6,1,1.0056
D,1,42,25000,1.01,159,44,13200,12.084,37.5,82754.0,1,1.0056
D,1,42,25000,1.01,159,45,13500,13.05,49.4,76626.4,1,1.0056
D,1,42,25000,1.01,159,46,13800,13.453,51.0,74332.9,1,1.0056
D,1,42,25000,1.01,159,47,14100,12.854,53.0,77794.8,1,1.0056
D,1,42,25000,1.01,159,48,14400,14.736,54.6,67862.6,1,1.0056
D,1,42,25000,1.01,159,49,14700,17.162,60.8,58269.4,1,1.0056
D,1,42,25000,1.01,159,50,15000,14.492,59.0,69002.0,1,1.0056
D,1,42,25000,1.25,197,1,300,10.162,22.0,98409.1,1,1.2459
D,1,42,25000,1.25,197,2,600,5.555,17.3,180028.8,1,1.2459
D,1,42,25000,1.25,197,3,900,6.567,17.5,152268.8,1,1.2459
D,1,42,25000,1.25,197,4,1200,8.546,19.5,117013.8,1,1.2459
D,1,42,25000,1.25,197,5,1500,10.278,28.7,97298.4,1,1.2459
D,1,42,25000,1.25,197,6,1800,12.387,31.2,80732.0,1,1.2459
D,1,42,25000,1.25,197,7,2100,14.342,38.5,69725.3,1,1.2459
D,1,42,25000,1.25,197,8,2400,15.411,42.8,64887.3,1,1.2459
D,1,42,25000,1.25,197,9,2700,17.945,50.4,55726.9,1,1.2459
D,1,42,25000,1.25,197,10,3000,23.398,54.2,42738.7,1,1.2459
D,1,42,25000,1.25,197,11,3300,8.445,36.2,118408.6,1,1.2459
D,1,42,25000,1.25,197,12,3600,5.078,14.6,196915.0,1,1.2459
D,1,42,25000,1.25,197,13,3900,6.68,38.0,149700.6,1,1.2459
D,1,42,25000,1.25,197,14,4200,7.339,37.0,136264.6,1,1.2459
D,1,42,25000,1.25,197,15,4500,8.241,20.7,121349.4,1,1.2459
D,1,42,25000,1.25,197,16,4800,9.06,28.1,110379.3,1,1.2459
D,1,42,25000,1.25,197,17,5100,10.725,31.6,93240.1,1,1.2459
D,1,42,25000,1.25,197,18,5400,11.158,33.5,89619.1,1,1.2459
D,1,42,25000,1.25,197,19,5700,12.89,38.0,77581.5,1,1.2459
D,1,42,25000,1.25,197,20,6000,13.508,42.1,74030.2,1,1.2459
D,1,42,25000,1.25,197,21,6300,19.256,48.7,51932.8,1,1.2459
D,1,42,25000,1.25,197,22,6600,6.036,24.4,165663.5,1,1.2459
D,1,42,25000,1.25,197,23,6900,6.829,26.3,146441.4,1,1.2459
D,1,42,25000,1.25,197,24,7200,7.979,27.7,125334.2,1,1.2459
D,1,42,25000,1.25,197,25,7500,8.825,28.1,113318.7,1,1.2459
D,1,42,25000,1.25,197,26,7800,10.488,32.9,95350.1,1,1.2459
D,1,42,25000,1.25,197,27,8100,10.805,33.8,92546.9,1,1.2459
D,1,42,25000,1.25,197,28,8400,12.56,33.6,79615.7,1,1.2459
D,1,42,25000,1.25,197,29,8700,16.269,38.1,61466.6,1,1.2459
D,1,42,25000,1.25,197,30,9000,14.54,44.4,68774.2,1,1.2459
D,1,42,25000,1.25,197,31,9300,16.008,46.6,62468.8,1,1.2459
D,1,42,25000,1.25,197,32,9600,7.349,21.2,136066.7,1,1.2459
D,1,42,25000,1.25,197,33,9900,8.423,21.9,118722.5,1,1.2459
D,1,42,25000,1.25,197,34,10200,9.819,27.8,101846.8,1,1.2459
D,1,42,25000,1.25,197,35,10500,10.469,25.5,95517.0,1,1.2459
D,1,42,25000,1.25,197,36,10800,10.408,28.3,96079.9,1,1.2459
D,1,42,25000,1.25,197,37,11100,11.334,34.5,88227.5,1,1.2459
D,1,42,25000,1.25,197,38,11400,12.42,40.0,80513.1,1,1.2459
D,1,42,25000,1.25,197,39,11700,12.582,43.8,79476.5,1,1.2459
D,1,42,25000,1.25,197,40,12000,14.396,48.1,69462.1,1,1.2459
D,1,42,25000,1.25,197,41,12300,18.112,53.8,55212.0,1,1.2459
D,1,42,25000,1.25,197,42,12600,17.884,71.2,55914.9,1,1.2459
D,1,42,25000,1.25,197,43,12900,17.738,62.1,56376.1,1,1.2459
D,1,42,25000,1.25,197,44,13200,20.347,64.7,49147.3,1,1.2459
D,1,42,25000,1.25,197,45,13500,19.367,72.9,51633.3,1,1.2459
D,1,42,25000,1.25,197,46,13800,22.079,77.9,45291.2,1,1.2459
D,1,42,25000,1.25,197,47,14100,21.937,79.2,45585.1,1,1.2459
D,1,42,25000,1.25,197,48,14400,24.668,85.2,40538.9,1,1.2459
D,1,42,25000,1.25,197,49,14700,25.253,94.0,39599.3,1,1.2459
D,1,42,25000,1.25,197,50,15000,23.992,99.2,41680.6,1,1.2459
D,1,42,25000,1.5,237,1,300,30.238,85.0,33070.6,1,1.4989
D,1,42,25000,1.5,237,2,600,31.584,89.2,31661.3,1,1.4989
D,1,42,25000,1.5,237,3,900,33.955,94.8,29450.7,1,1.4989
D,1,42,25000,1.5,237,4,1200,34.497,102.7,28988.0,1,1.4989
D,1,42,25000,1.5,237,5,1500,36.946,113.0,27066.5,1,1.4989
D,1,42,25000,1.5,237,6,1800,41.142,121.4,24305.9,1,1.4989
D,1,42,25000,1.5,237,7,2100,46.041,136.0,21719.9,1,1.4989
D,1,42,25000,1.5,237,8,2400,45.538,133.9,21959.7,1,1.4989
D,1,42,25000,1.5,237,9,2700,50.754,139.2,19703.0,1,1.4989
D,1,42,25000,1.5,237,10,3000,51.915,194.9,19262.3,1,1.4989
D,1,42,25000,1.5,237,11,3300,8.04,29.6,124383.3,1,1.4989
D,1,42,25000,1.5,237,12,3600,7.551,17.7,132438.6,1,1.4989
D,1,42,25000,1.5,237,13,3900,10.16,22.9,98428.4,1,1.4989
D,1,42,25000,1.5,237,14,4200,13.038,40.3,76700.9,1,1.4989
D,1,42,25000,1.5,237,15,4500,14.735,38.2,67864.1,1,1.4989
D,1,42,25000,1.5,237,16,4800,17.125,45.5,58395.3,1,1.4989
D,1,42,25000,1.5,237,17,5100,21.799,56.5,45873.7,1,1.4989
D,1,42,25000,1.5,237,18,5400,22.372,61.7,44699.4,1,1.4989
D,1,42,25000,1.5,237,19,5700,24.862,79.9,40222.0,1,1.4989
D,1,42,25000,1.5,237,20,6000,27.426,77.1,36461.3,1,1.4989
D,1,42,25000,1.5,237,21,6300,11.58,68.6,86355.8,1,1.4989
D,1,42,25000,1.5,237,22,6600,7.078,20.2,141282.9,1,1.4989
D,1,42,25000,1.5,237,23,6900,7.002,17.0,142823.2,1,1.4989
D,1,42,25000,1.5,237,24,7200,6.753,19.1,148075.0,1,1.4989
D,1,42,25000,1.5,237,25,7500,7.359,22.7,135888.0,1,1.4989
D,1,42,25000,1.5,237,26,7800,7.333,18.0,136376.1,1,1.4989
D,1,42,25000,1.5,237,27,8100,7.469,21.3,133880.8,1,1.4989
D,1,42,25000,1.5,237,28,8400,8.516,24.9,117430.6,1,1.4989
D,1,42,25000,1.5,237,29,8700,8.008,22.0,124880.3,1,1.4989
D,1,42,25000,1.5,237,30,9000,8.382,24.0,119303.3,1,1.4989
D,1,42,25000,1.5,237,31,9300,11.97,36.1,83544.5,1,1.4989
D,1,42,25000,1.5,237,32,9600,6.727,17.9,148654.6,1,1.4989
D,1,42,25000,1.5,237,33,9900,10.088,30.4,99124.4,1,1.4989
D,1,42,25000,1.5,237,34,10200,11.407,25.1,87665.5,1,1.4989
D,1,42,25000,1.5,237,35,10500,13.845,32.3,72230.0,1,1.4989
D,1,42,25000,1.5,237,36,10800,15.63,40.0,63979.5,1,1.4989
D,1,42,25000,1.5,237,37,11100,18.401,48.7,54343.9,1,1.4989
D,1,42,25000,1.5,237,38,11400,19.364,52.0,51641.3,1,1.4989
D,1,42,25000,1.5,237,39,11700,24.146,63.8,41414.7,1,1.4989
D,1,42,25000,1.5,237,40,12000,24.754,69.8,40398.1,1,1.4989
D,1,42,25000,1.5,237,41,12300,27.689,81.8,36115.0,1,1.4989
D,1,42,25000,1.5,237,42,12600,6.4,15.6,156241.9,1,1.4989
D,1,42,25000,1.5,237,43,12900,6.113,15.1,163585.8,1,1.4989
D,1,42,25000,1.5,237,44,13200,6.627,17.8,150890.2,1,1.4989
D,1,42,25000,1.5,237,45,13500,6.834,17.6,146327.2,1,1.4989
D,1,42,25000,1.5,237,46,13800,7.146,18.1,139931.9,1,1.4989
D,1,42,25000,1.5,237,47,14100,8.143,31.1,122809.9,1,1.4989
D,1,42,25000,1.5,237,48,14400,7.845,19.6,127464.3,1,1.4989
D,1,42,25000,1.5,237,49,14700,7.923,21.7,126220.1,1,1.4989
D,1,42,25000,1.5,237,50,15000,7.779,22.4,128556.7,1,1.4989
D,1,42,25000,2.0,316,1,300,14.686,35.5,68090.5,2,1.9986
D,1,42,25000,2.0,316,2,600,10.982,30.0,91055.3,2,1.9986
D,1,42,25000,2.0,316,3,900,11.369,30.8,87961.0,2,1.9986
D,1,42,25000,2.0,316,4,1200,11.59,33.0,86281.3,2,1.9986
D,1,42,25000,2.0,316,5,1500,13.144,36.4,76078.4,2,1.9986
D,1,42,25000,2.0,316,6,1800,12.6,43.3,79367.2,2,1.9986
D,1,42,25000,2.0,316,7,2100,13.285,36.9,75272.9,2,1.9986
D,1,42,25000,2.0,316,8,2400,13.482,42.4,74173.0,2,1.9986
D,1,42,25000,2.0,316,9,2700,13.656,42.4,73227.9,2,1.9986
D,1,42,25000,2.0,316,10,3000,20.347,45.9,49148.1,2,1.9986
D,1,42,25000,2.0,316,11,3300,10.9,34.7,91745.9,2,1.9986
D,1,42,25000,2.0,316,12,3600,7.591,32.4,131734.9,2,1.9986
D,1,42,25000,2.0,316,13,3900,6.835,22.3,146312.9,2,1.9986
D,1,42,25000,2.0,316,14,4200,8.951,25.9,111715.2,2,1.9986
D,1,42,25000,2.0,316,15,4500,9.529,25.7,104946.5,2,1.9986
D,1,42,25000,2.0,316,16,4800,11.301,27.8,88485.2,2,1.9986
D,1,42,25000,2.0,316,17,5100,13.954,33.2,71664.0,2,1.9986
D,1,42,25000,2.0,316,18,5400,15.051,39.5,66442.2,2,1.9986
D,1,42,25000,2.0,316,19,5700,15.325,42.6,65252.9,2,1.9986
D,1,42,25000,2.0,316,20,6000,18.102,50.4,55242.5,2,1.9986
D,1,42,25000,2.0,316,21,6300,20.569,53.3,48616.8,2,1.9986
D,1,42,25000,2.0,316,22,6600,18.907,64.1,52891.4,2,1.9986
D,1,42,25000,2.0,316,23,6900,20.244,65.5,49396.5,2,1.9986
D,1,42,25000,2.0,316,24,7200,21.835,73.9,45798.0,2,1.9986
D,1,42,25000,2.0,316,25,7500,25.513,84.4,39196.2,2,1.9986
D,1,42,25000,2.0,316,26,7800,27.19,80.7,36778.2,2,1.9986
D,1,42,25000,2.0,316,27,8100,26.543,80.6,37674.2,2,1.9986
D,1,42,25000,2.0,316,28,8400,28.692,95.5,34852.5,2,1.9986
D,1,42,25000,2.0,316,29,8700,30.338,100.0,32961.6,2,1.9986
D,1,42,25000,2.0,316,30,9000,29.53,106.8,33864.3,2,1.9986
D,1,42,25000,2.0,316,31,9300,18.166,74.5,55048.9,2,1.9986
D,1,42,25000,2.0,316,32,9600,7.19,26.2,139082.1,2,1.9986
D,1,42,25000,2.0,316,33,9900,8.631,46.5,115861.4,2,1.9986
D,1,42,25000,2.0,316,34,10200,8.293,25.1,120578.8,2,1.9986
D,1,42,25000,2.0,316,35,10500,7.238,23.0,138153.4,2,1.9986
D,1,42,25000,2.0,316,36,10800,5.355,23.2,186753.0,2,1.9986
D,1,42,25000,2.0,316,37,11100,6.475,23.2,154448.0,2,1.9986
D,1,42,25000,2.0,316,38,11400,7.24,22.9,138115.2,2,1.9986
D,1,42,25000,2.0,316,39,11700,8.94,33.1,111852.7,2,1.9986
D,1,42,25000,2.0,316,40,12000,10.252,28.3,97541.9,2,1.9986
D,1,42,25000,2.0,316,41,12300,14.661,35.8,68206.6,2,1.9986
D,1,42,25000,2.0,316,42,12600,12.769,37.7,78312.6,2,1.9986
D,1,42,25000,2.0,316,43,12900,14.502,58.6,68956.0,2,1.9986
D,1,42,25000,2.0,316,44,13200,14.85,46.5,67338.6,2,1.9986
D,1,42,25000,2.0,316,45,13500,15.966,53.1,62634.4,2,1.9986
D,1,42,25000,2.0,316,46,13800,17.738,64.7,56375.1,2,1.9986
D,1,42,25000,2.0,316,47,14100,19.467,63.2,51369.9,2,1.9986
D,1,42,25000,2.0,316,48,14400,19.467,67.3,51369.9,2,1.9986
D,1,42,25000,2.0,316,49,14700,22.82,76.6,43821.8,2,1.9986
D,1,42,25000,2.0,316,50,15000,22.388,74.5,44666.1,2,1.9986
D,1,42,100000,0.5,158,1,300,33.045,126.1,30261.5,1,0.4996
D,1,42,100000,0.5,158,2,600,10.163,44.6,98392.9,1,0.4996
D,1,42,100000,0.5,158,3,900,9.949,38.4,100509.2,1,0.4996
D,1,42,100000,0.5,158,4,1200,11.918,40.5,83909.1,1,0.4996
D,1,42,100000,0.5,158,5,1500,9.013,39.0,110955.0,1,0.4996
D,1,42,100000,0.5,158,6,1800,7.258,26.4,137779.0,1,0.4996
D,1,42,100000,0.5,158,7,2100,8.367,25.3,119512.4,1,0.4996
D,1,42,100000,0.5,158,8,2400,9.632,26.3,103817.0,1,0.4996
D,1,42,100000,0.5,158,9,2700,11.828,36.5,84545.1,1,0.4996
D,1,42,100000,0.5,158,10,3000,12.618,33.4,79249.8,1,0.4996
D,1,42,100000,0.5,158,11,3300,24.246,33.1,41243.9,1,0.4996
D,1,42,100000,0.5,158,12,3600,16.134,51.5,61980.9,1,0.4996
D,1,42,100000,0.5,158,13,3900,17.675,45.2,56578.2,1,0.4996
D,1,42,100000,0.5,158,14,4200,17.188,47.6,58179.0,1,0.4996
D,1,42,100000,0.5,158,15,4500,20.318,61.4,49216.6,1,0.4996
D,1,42,100000,0.5,158,16,4800,20.741,60.8,48214.5,1,0.4996
D,1,42,100000,0.5,158,17,5100,21.661,66.1,46166.6,1,0.4996
D,1,42,100000,0.5,158,18,5400,23.663,68.8,42260.1,1,0.4996
D,1,42,100000,0.5,158,19,5700,25.118,99.3,39811.6,1,0.4996
D,1,42,100000,0.5,158,20,6000,25.249,74.9,39605.5,1,0.4996
D,1,42,100000,0.5,158,21,6300,36.587,130.0,27331.9,1,0.4996
D,1,42,100000,0.5,158,22,6600,12.076,120.1,82811.2,1,0.4996
D,1,42,100000,0.5,158,23,6900,12.337,37.3,81054.8,1,0.4996
D,1,42,100000,0.5,158,24,7200,14.882,47.8,67193.8,1,0.4996
D,1,42,100000,0.5,158,25,7500,12.733,38.5,78536.1,1,0.4996
D,1,42,100000,0.5,158,26,7800,14.321,42.0,69829.2,1,0.4996
D,1,42,100000,0.5,158,27,8100,15.166,43.3,65938.4,1,0.4996
D,1,42,100000,0.5,158,28,8400,15.467,54.1,64653.8,1,0.4996
D,1,42,100000,0.5,158,29,8700,15.619,38.7,64023.2,1,0.4996
D,1,42,100000,0.5,158,30,9000,28.018,51.8,35691.3,1,0.4996
D,1,42,100000,0.5,158,31,9300,8.746,33.9,114338.0,1,0.4996
D,1,42,100000,0.5,158,32,9600,7.782,31.4,128496.2,1,0.4996
D,1,42,100000,0.5,158,33,9900,8.308,31.3,120361.1,1,0.4996
D,1,42,100000,0.5,158,34,10200,9.422,36.6,106134.6,1,0.4996
D,1,42,100000,0.5,158,35,10500,9.548,39.3,104730.3,1,0.4996
D,1,42,100000,0.5,158,36,10800,8.475,35.3,117998.7,1,0.4996
D,1,42,100000,0.5,158,37,11100,6.736,29.8,148456.1,1,0.4996
D,1,42,100000,0.5,158,38,11400,7.801,30.6,128194.1,1,0.4996
D,1,42,100000,0.5,158,39,11700,8.423,30.2,118722.6,1,0.4996
D,1,42,100000,0.5,158,40,12000,32.227,120.9,31029.6,1,0.4996
D,1,42,100000,0.5,158,41,12300,17.75,122.8,56338.0,1,0.4996
D,1,42,100000,0.5,158,42,12600,14.687,124.9,68085.9,1,0.4996
D,1,42,100000,0.5,158,43,12900,10.198,42.2,98061.6,1,0.4996
D,1,42,100000,0.5,158,44,13200,12.241,41.0,81690.4,1,0.4996
D,1,42,100000,0.5,158,45,13500,10.971,35.7,91152.2,1,0.4996
D,1,42,100000,0.5,158,46,13800,13.687,53.1,73063.8,1,0.4996
D,1,42,100000,0.5,158,47,14100,12.438,35.4,80400.9,1,0.4996
D,1,42,100000,0.5,158,48,14400,13.385,36.0,74712.3,1,0.4996
D,1,42,100000,0.5,158,49,14700,14.964,49.0,66825.6,1,0.4996
D,1,42,100000,0.5,158,50,15000,26.117,40.0,38289.2,1,0.4996
D,1,42,100000,0.75,237,1,300,28.105,99.7,35581.3,1,0.7495
D,1,42,100000,0.75,237,2,600,13.055,46.3,76597.0,1,0.7495
D,1,42,100000,0.75,237,3,900,9.897,35.9,101037.3,1,0.7495
D,1,42,100000,0.75,237,4,1200,10.559,38.5,94708.9,1,0.7495
D,1,42,100000,0.75,237,5,1500,10.56,32.0,94700.0,1,0.7495
D,1,42,100000,0.75,237,6,1800,10.827,33.7,92358.9,1,0.7495
D,1,42,100000,0.75,237,7,2100,12.629,72.6,79184.9,1,0.7495
D,1,42,100000,0.75,237,8,2400,10.323,31.6,96868.0,1,0.7495
D,1,42,100000,0.75,237,9,2700,8.38,31.2,119327.0,1,0.7495
D,1,42,100000,0.75,237,10,3000,10.191,34.4,98125.8,1,0.7495
D,1,42,100000,0.75,237,11,3300,23.482,39.7,42585.8,1,0.7495
D,1,42,100000,0.75,237,12,3600,11.508,39.6,86896.1,1,0.7495
D,1,42,100000,0.75,237,13,3900,13.094,47.7,76372.8,1,0.7495
D,1,42,100000,0.75,237,14,4200,15.267,56.6,65499.3,1,0.7495
D,1,42,100000,0.75,237,15,4500,14.648,48.0,68268.7,1,0.7495
D,1,42,100000,0.75,237,16,4800,15.974,53.3,62601.7,1,0.7495
D,1,42,100000,0.75,237,17,5100,18.263,73.3,54754.5,1,0.7495
D,1,42,100000,0.75,237,18,5400,15.71,56.6,63652.4,1,0.7495
D,1,42,100000,0.75,237,19,5700,14.438,61.5,69261.7,1,0.7495
D,1,42,100000,0.75,237,20,6000,15.057,63.0,66412.8,1,0.7495
D,1,42,100000,0.75,237,21,6300,29.565,100.5,33824.2,1,0.7495
D,1,42,100000,0.75,237,22,6600,9.404,90.6,106337.7,1,0.7495
D,1,42,100000,0.75,237,23,6900,12.186,53.2,82059.1,1,0.7495
D,1,42,100000,0.75,237,24,7200,17.897,32.3,55874.3,1,0.7495
D,1,42,100000,0.75,237,25,7500,14.331,34.6,69777.2,1,0.7495
D,1,42,100000,0.75,237,26,7800,16.593,52.7,60266.4,1,0.7495
D,1,42,100000,0.75,237,27,8100,18.179,55.4,55009.5,1,0.7495
D,1,42,100000,0.75,237,28,8400,19.99,59.0,50025.9,1,0.7495
D,1,42,100000,0.75,237,29,8700,22.981,66.4,43514.8,1,0.7495
D,1,42,100000,0.75,237,30,9000,38.395,84.9,26045.3,1,0.7495
D,1,42,100000,0.75,237,31,9300,27.616,80.3,36210.9,1,0.7495
D,1,42,100000,0.75,237,32,9600,30.474,96.4,32814.9,1,0.7495
D,1,42,100000,0.75,237,33,9900,31.859,93.4,31388.6,1,0.7495
D,1,42,100000,0.75,237,34,10200,33.692,104.1,29680.3,1,0.7495
D,1,42,100000,0.75,237,35,10500,36.844,104.1,27141.5,1,0.7495
D,1,42,100000,0.75,237,36,10800,37.568,112.2,26618.6,1,0.7495
D,1,42,100000,0.75,237,37,11100,42.2,124.0,23696.9,1,0.7495
D,1,42,100000,0.75,237,38,11400,40.272,126.4,24830.9,1,0.7495
D,1,42,100000,0.75,237,39,11700,46.034,136.5,21722.9,1,0.7495
D,1,42,100000,0.75,237,40,12000,62.727,154.5,15942.2,1,0.7495
D,1,42,100000,0.75,237,41,12300,12.454,94.6,80297.7,1,0.7495
D,1,42,100000,0.75,237,42,12600,11.329,98.1,88266.4,1,0.7495
D,1,42,100000,0.75,237,43,12900,11.006,25.0,90862.3,1,0.7495
D,1,42,100000,0.75,237,44,13200,13.565,32.8,73720.9,1,0.7495
D,1,42,100000,0.75,237,45,13500,15.311,36.5,65313.9,1,0.7495
D,1,42,100000,0.75,237,46,13800,18.693,54.8,53495.0,1,0.7495
D,1,42,100000,0.75,237,47,14100,19.286,49.1,51850.2,1,0.7495
D,1,42,100000,0.75,237,48,14400,24.048,104.0,41582.9,1,0.7495
D,1,42,100000,0.75,237,49,14700,25.278,101.2,39559.6,1,0.7495
D,1,42,100000,0.75,237,50,15000,44.691,102.8,22376.0,1,0.7495
D,1,42,100000,1.0,316,1,300,30.946,81.4,32314.0,2,0.9993
D,1,42,100000,1.0,316,2,600,9.733,40.0,102739.7,2,0.9993
D,1,42,100000,1.0,316,3,900,9.451,38.3,105812.7,2,0.9993
D,1,42,100000,1.0,316,4,1200,10.546,36.0,94819.7,2,0.9993
D,1,42,100000,1.0,316,5,1500,12.36,48.3,80906.1,2,0.9993
D,1,42,100000,1.0,316,6,1800,12.477,38.1,80149.6,2,0.9993
D,1,42,100000,1.0,316,7,2100,12.87,38.1,77702.1,2,0.9993
D,1,42,100000,1.0,316,8,2400,13.352,40.5,74897.0,2,0.9993
D,1,42,100000,1.0,316,9,2700,13.487,42.3,74145.5,2,0.9993
D,1,42,100000,1.0,316,10,3000,14.22,38.0,70321.8,2,0.9993
D,1,42,100000,1.0,316,11,3300,22.868,40.1,43728.6,2,0.9993
D,1,42,100000,1.0,316,12,3600,10.39,40.8,96243.3,2,0.9993
D,1,42,100000,1.0,316,13,3900,10.204,44.1,97997.6,2,0.9993
D,1,42,100000,1.0,316,14,4200,9.968,38.8,100317.7,2,0.9993
D,1,42,100000,1.0,316,15,4500,9.799,35.9,102051.2,2,0.9993
D,1,42,100000,1.0,316,16,4800,8.586,37.0,116473.2,2,0.9993
D,1,42,100000,1.0,316,17,5100,6.308,26.4,158537.2,2,0.9993
D,1,42,100000,1.0,316,18,5400,6.224,11.3,160659.8,2,0.9993
D,1,42,100000,1.0,316,19,5700,7.032,14.9,142207.1,2,0.9993
D,1,42,100000,1.0,316,20,6000,7.922,26.8,126230.7,2,0.9993
D,1,42,100000,1.0,316,21,6300,31.387,89.7,31860.3,2,0.9993
D,1,42,100000,1.0,316,22,6600,10.736,69.5,93141.7,2,0.9993
D,1,42,100000,1.0,316,23,6900,11.43,41.5,87491.6,2,0.9993
D,1,42,100000,1.0,316,24,7200,11.368,35.5,87968.8,2,0.9993
D,1,42,100000,1.0,316,25,7500,12.627,37.5,79195.4,2,0.9993
D,1,42,100000,1.0,316,26,7800,14.069,40.0,71079.9,2,0.9993
D,1,42,100000,1.0,316,27,8100,13.903,37.0,71926.9,2,0.9993
D,1,42,100000,1.0,316,28,8400,14.271,47.1,70072.2,2,0.9993
D,1,42,100000,1.0,316,29,8700,16.37,45.9,61087.4,2,0.9993
D,1,42,100000,1.0,316,30,9000,15.717,45.5,63624.0,2,0.9993
D,1,42,100000,1.0,316,31,9300,28.512,49.3,35073.0,2,0.9993
D,1,42,100000,1.0,316,32,9600,16.975,53.5,58911.3,2,0.9993
D,1,42,100000,1.0,316,33,9900,17.825,56.9,56099.9,2,0.9993
D,1,42,100000,1.0,316,34,10200,18.515,63.0,54010.3,2,0.9993
D,1,42,100000,1.0,316,35,10500,18.661,60.8,53588.7,2,0.9993
D,1,42,100000,1.0,316,36,10800,19.629,69.6,50945.0,2,0.9993
D,1,42,100000,1.0,316,37,11100,20.331,74.2,49186.8,2,0.9993
D,1,42,100000,1.0,316,38,11400,19.397,73.5,51555.2,2,0.9993
D,1,42,100000,1.0,316,39,11700,21.715,82.5,46050.4,2,0.9993
D,1,42,100000,1.0,316,40,12000,21.076,86.7,47448.1,2,0.9993
D,1,42,100000,1.0,316,41,12300,35.345,82.3,28292.3,2,0.9993
D,1,42,100000,1.0,316,42,12600,9.96,67.0,100405.0,2,0.9993
D,1,42,100000,1.0,316,43,12900,9.165,35.3,109110.7,2,0.9993
D,1,42,100000,1.0,316,44,13200,11.828,49.6,84542.7,2,0.9993
D,1,42,100000,1.0,316,45,13500,11.132,35.2,89831.1,2,0.9993
D,1,42,100000,1.0,316,46,13800,12.249,34.9,81641.5,2,0.9993
D,1,42,100000,1.0,316,47,14100,12.766,38.4,78335.1,2,0.9993
D,1,42,100000,1.0,316,48,14400,14.372,47.0,69578.1,2,0.9993
D,1,42,100000,1.0,316,49,14700,15.577,40.1,64197.2,2,0.9993
D,1,42,100000,1.0,316,50,15000,17.093,47.0,58502.3,2,0.9993
D,1,42,100000,1.01,319,1,300,32.989,72.3,30312.8,1,1.0088
D,1,42,100000,1.01,319,2,600,13.975,43.9,71556.3,1,1.0088
D,1,42,100000,1.01,319,3,900,11.528,43.3,86742.8,1,1.0088
D,1,42,100000,1.01,319,4,1200,7.644,32.3,130815.9,1,1.0088
D,1,42,100000,1.01,319,5,1500,9.165,39.9,109106.8,1,1.0088
D,1,42,100000,1.01,319,6,1800,10.336,37.0,96752.3,1,1.0088
D,1,42,100000,1.01,319,7,2100,11.884,48.1,84144.4,1,1.0088
D,1,42,100000,1.01,319,8,2400,12.419,41.6,80519.6,1,1.0088
D,1,42,100000,1.01,319,9,2700,13.683,33.7,73081.6,1,1.0088
D,1,42,100000,1.01,319,10,3000,16.467,50.4,60728.7,1,1.0088
D,1,42,100000,1.01,319,11,3300,28.639,46.9,34917.4,1,1.0088
D,1,42,100000,1.01,319,12,3600,15.931,44.1,62769.4,1,1.0088
D,1,42,100000,1.01,319,13,3900,19.723,68.3,50703.1,1,1.0088
D,1,42,100000,1.01,319,14,4200,18.697,54.4,53485.5,1,1.0088
D,1,42,100000,1.01,319,15,4500,20.739,62.6,48219.1,1,1.0088
D,1,42,100000,1.01,319,16,4800,21.087,65.8,47423.3,1,1.0088
D,1,42,100000,1.01,319,17,5100,23.985,75.3,41693.3,1,1.0088
D,1,42,100000,1.01,319,18,5400,23.476,79.9,42596.7,1,1.0088
D,1,42,100000,1.01,319,19,5700,26.478,83.5,37767.7,1,1.0088
D,1,42,100000,1.01,319,20,6000,26.281,88.9,38049.8,1,1.0088
D,1,42,100000,1.01,319,21,6300,37.284,77.1,26821.2,1,1.0088
D,1,42,100000,1.01,319,22,6600,11.787,67.1,84836.8,1,1.0088
D,1,42,100000,1.01,319,23,6900,12.18,51.8,82101.8,1,1.0088
D,1,42,100000,1.01,319,24,7200,11.653,44.6,85814.8,1,1.0088
D,1,42,100000,1.01,319,25,7500,11.818,42.8,84616.7,1,1.0088
D,1,42,100000,1.01,319,26,7800,9.002,41.1,111086.4,1,1.0088
D,1,42,100000,1.01,319,27,8100,9.341,39.2,107054.9,1,1.0088
D,1,42,100000,1.01,319,28,8400,9.446,28.9,105861.2,1,1.0088
D,1,42,100000,1.01,319,29,8700,10.355,34.8,96574.8,1,1.0088
D,1,42,100000,1.01,319,30,9000,19.541,28.3,51175.3,1,1.0088
D,1,42,100000,1.01,319,31,9300,8.241,26.8,121344.5,1,1.0088
D,1,42,100000,1.01,319,32,9600,8.409,29.6,118915.5,1,1.0088
D,1,42,100000,1.01,319,33,9900,10.333,33.2,96780.4,1,1.0088
D,1,42,100000,1.01,319,34,10200,10.024,32.1,99757.3,1,1.0088
D,1,42,100000,1.01,319,35,10500,11.105,31.4,90046.8,1,1.0088
D,1,42,100000,1.01,319,36,10800,12.351,35.3,80965.1,1,1.0088
D,1,42,100000,1.01,319,37,11100,15.419,95.6,64853.6,1,1.0088
D,1,42,100000,1.01,319,38,11400,14.229,39.8,70277.4,1,1.0088
D,1,42,100000,1.01,319,39,11700,15.602,41.7,64095.7,1,1.0088
D,1,42,100000,1.01,319,40,12000,36.799,66.1,27174.9,1,1.0088
D,1,42,100000,1.01,319,41,12300,15.701,71.0,63691.6,1,1.0088
D,1,42,100000,1.01,319,42,12600,14.541,73.6,68769.5,1,1.0088
D,1,42,100000,1.01,319,43,12900,12.751,43.8,78427.3,1,1.0088
D,1,42,100000,1.01,319,44,13200,13.862,47.3,72139.7,1,1.0088
D,1,42,100000,1.01,319,45,13500,13.323,46.5,75060.1,1,1.0088
D,1,42,100000,1.01,319,46,13800,14.526,49.6,68840.5,1,1.0088
D,1,42,100000,1.01,319,47,14100,13.66,41.8,73204.7,1,1.0088
D,1,42,100000,1.01,319,48,14400,12.577,42.6,79508.1,1,1.0088
D,1,42,100000,1.01,319,49,14700,14.553,49.2,68714.3,1,1.0088
D,1,42,100000,1.01,319,50,15000,22.372,64.9,44698.7,1,1.0088
D,1,42,100000,1.25,395,1,300,30.261,71.4,33046.2,1,1.2491
D,1,42,100000,1.25,395,2,600,9.673,51.7,103380.5,1,1.2491
D,1,42,100000,1.25,395,3,900,10.533,34.3,94942.7,1,1.2491
D,1,42,100000,1.25,395,4,1200,12.297,35.4,81322.9,1,1.2491
D,1,42,100000,1.25,395,5,1500,14.247,41.0,70191.9,1,1.2491
D,1,42,100000,1.25,395,6,1800,16.092,45.4,62141.4,1,1.2491
D,1,42,100000,1.25,395,7,2100,17.483,46.6,57197.3,1,1.2491
D,1,42,100000,1.25,395,8,2400,18.11,50.5,55219.1,1,1.2491
D,1,42,100000,1.25,395,9,2700,19.92,56.6,50200.8,1,1.2491
D,1,42,100000,1.25,395,10,3000,22.0,64.8,45454.5,1,1.2491
D,1,42,100000,1.25,395,11,3300,26.739,56.7,37399.0,1,1.2491
D,1,42,100000,1.25,395,12,3600,8.226,36.5,121570.7,1,1.2491
D,1,42,100000,1.25,395,13,3900,8.343,42.5,119865.8,1,1.2491
D,1,42,100000,1.25,395,14,4200,8.538,39.1,117128.0,1,1.2491
D,1,42,100000,1.25,395,15,4500,9.354,35.1,106902.3,1,1.2491
D,1,42,100000,1.25,395,16,4800,8.531,31.6,117224.1,1,1.2491
D,1,42,100000,1.25,395,17,5100,8.892,37.1,112464.9,1,1.2491
D,1,42,100000,1.25,395,18,5400,9.441,39.0,105921.0,1,1.2491
D,1,42,100000,1.25,395,19,5700,7.71,22.5,129696.1,1,1.2491
D,1,42,100000,1.25,395,20,6000,8.135,19.0,122925.6,1,1.2491
D,1,42,100000,1.25,395,21,6300,41.639,82.7,24015.8,1,1.2491
D,1,42,100000,1.25,395,22,6600,8.823,61.0,113340.2,1,1.2491
D,1,42,100000,1.25,395,23,6900,10.191,38.4,98122.6,1,1.2491
D,1,42,100000,1.25,395,24,7200,11.068,28.1,90347.8,1,1.2491
D,1,42,100000,1.25,395,25,7500,13.194,33.8,75790.1,1,1.2491
D,1,42,100000,1.25,395,26,7800,15.637,52.9,63950.9,1,1.2491
D,1,42,100000,1.25,395,27,8100,17.364,48.5,57591.5,1,1.2491
D,1,42,100000,1.25,395,28,8400,18.723,51.9,53409.3,1,1.2491
D,1,42,100000,1.25,395,29,8700,21.492,61.6,46529.7,1,1.2491
D,1,42,100000,1.25,395,30,9000,36.326,65.8,27528.2,1,1.2491
D,1,42,100000,1.25,395,31,9300,15.165,51.3,65939.9,1,1.2491
D,1,42,100000,1.25,395,32,9600,7.801,37.5,128183.2,1,1.2491
D,1,42,100000,1.25,395,33,9900,7.825,40.9,127801.0,1,1.2491
D,1,42,100000,1.25,395,34,10200,8.03,37.4,124527.8,1,1.2491
D,1,42,100000,1.25,395,35,10500,8.004,34.6,124937.6,1,1.2491
D,1,42,100000,1.25,395,36,10800,9.545,45.0,104770.5,1,1.2491
D,1,42,100000,1.25,395,37,11100,8.564,34.1,116772.4,1,1.2491
D,1,42,100000,1.25,395,38,11400,8.914,45.1,112178.9,1,1.2491
D,1,42,100000,1.25,395,39,11700,9.459,34.6,105715.7,1,1.2491
D,1,42,100000,1.25,395,40,12000,36.474,57.1,27416.8,1,1.2491
D,1,42,100000,1.25,395,41,12300,14.761,63.5,67746.1,1,1.2491
D,1,42,100000,1.25,395,42,12600,14.797,68.2,67581.3,1,1.2491
D,1,42,100000,1.25,395,43,12900,14.808,56.2,67532.6,1,1.2491
D,1,42,100000,1.25,395,44,13200,14.787,56.2,67627.0,1,1.2491
D,1,42,100000,1.25,395,45,13500,8.69,43.4,115070.4,1,1.2491
D,1,42,100000,1.25,395,46,13800,10.239,49.2,97662.6,1,1.2491
D,1,42,100000,1.25,395,47,14100,11.633,48.3,85964.8,1,1.2491
D,1,42,100000,1.25,395,48,14400,10.988,38.6,91005.6,1,1.2491
D,1,42,100000,1.25,395,49,14700,13.254,41.2,75448.9,1,1.2491
D,1,42,100000,1.25,395,50,15000,29.531,49.8,33863.1,1,1.2491
D,1,42,100000,1.5,474,1,300,38.512,57.4,25965.7,1,1.4989
D,1,42,100000,1.5,474,2,600,13.609,62.6,73482.6,1,1.4989
D,1,42,100000,1.5,474,3,900,14.516,59.2,68889.5,1,1.4989
D,1,42,100000,1.5,474,4,1200,10.181,48.5,98222.2,1,1.4989
D,1,42,100000,1.5,474,5,1500,7.696,47.1,129932.0,1,1.4989
D,1,42,100000,1.5,474,6,1800,8.409,40.0,118920.2,1,1.4989
D,1,42,100000,1.5,474,7,2100,9.17,37.4,109047.3,1,1.4989
D,1,42,100000,1.5,474,8,2400,10.92,39.1,91577.9,1,1.4989
D,1,42,100000,1.5,474,9,2700,12.92,46.1,77397.4,1,1.4989
D,1,42,100000,1.5,474,10,3000,13.869,52.8,72103.3,1,1.4989
D,1,42,100000,1.5,474,11,3300,27.665,46.3,36146.3,1,1.4989
D,1,42,100000,1.5,474,12,3600,16.466,53.0,60732.4,1,1.4989
D,1,42,100000,1.5,474,13,3900,17.075,48.2,58566.3,1,1.4989
D,1,42,100000,1.5,474,14,4200,18.208,54.6,54919.9,1,1.4989
D,1,42,100000,1.5,474,15,4500,18.275,55.3,54719.6,1,1.4989
D,1,42,100000,1.5,474,16,4800,19.4,64.7,51547.3,1,1.4989
D,1,42,100000,1.5,474,17,5100,21.139,67.9,47305.2,1,1.4989
D,1,42,100000,1.5,474,18,5400,22.148,73.0,45150.8,1,1.4989
D,1,42,100000,1.5,474,19,5700,24.991,94.9,40013.9,1,1.4989
D,1,42,100000,1.5,474,20,6000,24.181,87.4,41354.8,1,1.4989
D,1,42,100000,1.5,474,21,6300,37.755,65.6,26486.3,1,1.4989
D,1,42,100000,1.5,474,22,6600,10.503,53.5,95207.9,1,1.4989
D,1,42,100000,1.5,474,23,6900,10.863,52.9,92058.4,1,1.4989
D,1,42,100000,1.5,474,24,7200,13.308,65.7,75142.8,1,1.4989
D,1,42,100000,1.5,474,25,7500,11.416,48.6,87598.9,1,1.4989
D,1,42,100000,1.5,474,26,7800,11.867,47.4,84267.3,1,1.4989
D,1,42,100000,1.5,474,27,8100,12.209,48.2,81906.8,1,1.4989
D,1,42,100000,1.5,474,28,8400,12.232,54.0,81755.0,1,1.4989
D,1,42,100000,1.5,474,29,8700,13.086,46.2,76419.5,1,1.4989
D,1,42,100000,1.5,474,30,9000,25.744,42.6,38844.0,1,1.4989
D,1,42,100000,1.5,474,31,9300,14.484,51.2,69041.7,1,1.4989
D,1,42,100000,1.5,474,32,9600,13.293,50.1,75225.7,1,1.4989
D,1,42,100000,1.5,474,33,9900,13.443,47.9,74390.0,1,1.4989
D,1,42,100000,1.5,474,34,10200,13.231,43.9,75582.0,1,1.4989
D,1,42,100000,1.5,474,35,10500,13.63,49.3,73367.6,1,1.4989
D,1,42,100000,1.5,474,36,10800,13.793,48.6,72502.3,1,1.4989
D,1,42,100000,1.5,474,37,11100,14.258,46.8,70137.7,1,1.4989
D,1,42,100000,1.5,474,38,11400,16.164,57.4,61867.2,1,1.4989
D,1,42,100000,1.5,474,39,11700,17.0,85.3,58822.4,1,1.4989
D,1,42,100000,1.5,474,40,12000,36.642,66.7,27290.8,1,1.4989
D,1,42,100000,1.5,474,41,12300,12.745,62.9,78460.1,1,1.4989
D,1,42,100000,1.5,474,42,12600,11.9,58.3,84033.6,1,1.4989
D,1,42,100000,1.5,474,43,12900,12.148,67.5,82320.3,1,1.4989
D,1,42,100000,1.5,474,44,13200,14.359,63.3,69641.1,1,1.4989
D,1,42,100000,1.5,474,45,13500,12.179,54.9,82106.3,1,1.4989
D,1,42,100000,1.5,474,46,13800,12.43,54.2,80448.4,1,1.4989
D,1,42,100000,1.5,474,47,14100,14.38,64.1,69541.0,1,1.4989
D,1,42,100000,1.5,474,48,14400,11.105,55.0,90052.2,1,1.4989
D,1,42,100000,1.5,474,49,14700,13.262,53.1,75403.4,1,1.4989
D,1,42,100000,1.5,474,50,15000,30.366,63.5,32931.6,1,1.4989
D,1,42,100000,2.0,632,1,300,36.501,90.9,27396.5,3,1.9986
D,1,42,100000,2.0,632,2,600,10.789,60.1,92687.0,3,1.9986
D,1,42,100000,2.0,632,3,900,17.404,54.9,57459.2,3,1.9986
D,1,42,100000,2.0,632,4,1200,12.897,58.4,77539.4,3,1.9986
D,1,42,100000,2.0,632,5,1500,15.326,63.4,65248.6,3,1.9986
D,1,42,100000,2.0,632,6,1800,14.889,56.1,67165.2,3,1.9986
D,1,42,100000,2.0,632,7,2100,16.18,64.1,61804.7,3,1.9986
D,1,42,100000,2.0,632,8,2400,16.695,64.1,59897.0,3,1.9986
D,1,42,100000,2.0,632,9,2700,15.587,51.3,64154.7,3,1.9986
D,1,42,100000,2.0,632,10,3000,18.124,59.2,55175.5,3,1.9986
D,1,42,100000,2.0,632,11,3300,28.324,73.9,35305.7,3,1.9986
D,1,42,100000,2.0,632,12,3600,11.475,54.9,87143.4,3,1.9986
D,1,42,100000,2.0,632,13,3900,9.934,58.4,100664.4,3,1.9986
D,1,42,100000,2.0,632,14,4200,7.938,45.8,125981.6,3,1.9986
D,1,42,100000,2.0,632,15,4500,7.424,30.6,134692.2,3,1.9986
D,1,42,100000,2.0,632,16,4800,7.932,37.7,126066.3,3,1.9986
D,1,42,100000,2.0,632,17,5100,8.296,44.6,120544.9,3,1.9986
D,1,42,100000,2.0,632,18,5400,8.635,32.9,115803.3,3,1.9986
D,1,42,100000,2.0,632,19,5700,10.151,44.9,98512.5,3,1.9986
D,1,42,100000,2.0,632,20,6000,9.559,49.6,104613.5,3,1.9986
D,1,42,100000,2.0,632,21,6300,45.599,81.8,21930.3,3,1.9986
D,1,42,100000,2.0,632,22,6600,20.894,67.7,47860.6,3,1.9986
D,1,42,100000,2.0,632,23,6900,14.102,72.4,70910.2,3,1.9986
D,1,42,100000,2.0,632,24,7200,9.138,60.6,109429.1,3,1.9986
D,1,42,100000,2.0,632,25,7500,9.282,48.3,107731.5,3,1.9986
D,1,42,100000,2.0,632,26,7800,10.668,49.8,93741.2,3,1.9986
D,1,42,100000,2.0,632,27,8100,11.366,43.5,87981.7,3,1.9986
D,1,42,100000,2.0,632,28,8400,13.093,41.6,76378.6,3,1.9986
D,1,42,100000,2.0,632,29,8700,14.404,61.8,69426.8,3,1.9986
D,1,42,100000,2.0,632,30,9000,32.149,73.1,31104.8,3,1.9986
D,1,42,100000,2.0,632,31,9300,18.941,80.4,52795.5,3,1.9986
D,1,42,100000,2.0,632,32,9600,18.003,56.3,55547.3,3,1.9986
D,1,42,100000,2.0,632,33,9900,20.938,76.2,47759.3,3,1.9986
D,1,42,100000,2.0,632,34,10200,20.128,63.9,49682.9,3,1.9986
D,1,42,100000,2.0,632,35,10500,22.053,64.7,45345.3,3,1.9986
D,1,42,100000,2.0,632,36,10800,22.296,71.3,44851.1,3,1.9986
D,1,42,100000,2.0,632,37,11100,23.87,77.7,41893.6,3,1.9986
D,1,42,100000,2.0,632,38,11400,24.825,82.3,40281.4,3,1.9986
D,1,42,100000,2.0,632,39,11700,26.752,86.6,37380.9,3,1.9986
D,1,42,100000,2.0,632,40,12000,27.184,94.2,36786.8,3,1.9986
D,1,42,100000,2.0,632,41,12300,54.532,99.6,18338.0,3,1.9986
D,1,42,100000,2.0,632,42,12600,18.653,92.0,53610.7,3,1.9986
D,1,42,100000,2.0,632,43,12900,11.695,67.4,85504.2,3,1.9986
D,1,42,100000,2.0,632,44,13200,13.591,67.3,73579.9,3,1.9986
D,1,42,100000,2.0,632,45,13500,12.762,62.6,78357.6,3,1.9986
D,1,42,100000,2.0,632,46,13800,15.831,69.0,63168.5,3,1.9986
D,1,42,100000,2.0,632,47,14100,15.853,61.3,63078.2,3,1.9986
D,1,42,100000,2.0,632,48,14400,15.51,41.2,64474.5,3,1.9986
D,1,42,100000,2.0,632,49,14700,18.715,65.6,53434.0,3,1.9986
D,1,42,100000,2.0,632,50,15000,20.114,60.2,49717.4,3,1.9986
D,1,42,200000,0.5,223,1,300,58.237,180.8,17171.1,1,0.4986
D,1,42,200000,0.5,223,2,600,8.126,44.0,123061.8,1,0.4986
D,1,42,200000,0.5,223,3,900,8.471,45.0,118049.8,1,0.4986
D,1,42,200000,0.5,223,4,1200,12.054,58.5,82962.3,1,0.4986
D,1,42,200000,0.5,223,5,1500,17.584,69.5,56868.8,1,0.4986
D,1,42,200000,0.5,223,6,1800,10.904,50.9,91712.3,1,0.4986
D,1,42,200000,0.5,223,7,2100,12.51,48.7,79933.9,1,0.4986
D,1,42,200000,0.5,223,8,2400,10.777,46.9,92790.2,1,0.4986
D,1,42,200000,0.5,223,9,2700,8.957,30.7,111640.4,1,0.4986
D,1,42,200000,0.5,223,10,3000,10.734,40.7,93164.8,1,0.4986
D,1,42,200000,0.5,223,11,3300,42.606,194.1,23470.9,1,0.4986
D,1,42,200000,0.5,223,12,3600,13.126,40.4,76186.6,1,0.4986
D,1,42,200000,0.5,223,13,3900,13.699,40.8,72999.8,1,0.4986
D,1,42,200000,0.5,223,14,4200,16.184,51.5,61789.4,1,0.4986
D,1,42,200000,0.5,223,15,4500,15.809,44.1,63256.4,1,0.4986
D,1,42,200000,0.5,223,16,4800,17.728,43.6,56406.9,1,0.4986
D,1,42,200000,0.5,223,17,5100,18.969,49.2,52716.7,1,0.4986
D,1,42,200000,0.5,223,18,5400,19.396,47.6,51556.1,1,0.4986
D,1,42,200000,0.5,223,19,5700,20.597,53.4,48551.5,1,0.4986
D,1,42,200000,0.5,223,20,6000,21.969,55.1,45518.0,1,0.4986
D,1,42,200000,0.5,223,21,6300,64.065,186.1,15609.2,1,0.4986
D,1,42,200000,0.5,223,22,6600,14.68,75.6,68119.9,1,0.4986
D,1,42,200000,0.5,223,23,6900,15.318,66.6,65282.7,1,0.4986
D,1,42,200000,0.5,223,24,7200,14.531,57.9,68820.0,1,0.4986
D,1,42,200000,0.5,223,25,7500,13.733,62.4,72815.5,1,0.4986
D,1,42,200000,0.5,223,26,7800,12.606,65.3,79325.2,1,0.4986
D,1,42,200000,0.5,223,27,8100,12.306,47.1,81263.4,1,0.4986
D,1,42,200000,0.5,223,28,8400,12.938,44.8,77289.7,1,0.4986
D,1,42,200000,0.5,223,29,8700,10.75,50.7,93020.4,1,0.4986
D,1,42,200000,0.5,223,30,9000,9.861,35.1,101406.1,1,0.4986
D,1,42,200000,0.5,223,31,9300,37.2,45.2,26881.7,1,0.4986
D,1,42,200000,0.5,223,32,9600,12.342,48.1,81024.1,1,0.4986
D,1,42,200000,0.5,223,33,9900,12.853,41.6,77802.9,1,0.4986
D,1,42,200000,0.5,223,34,10200,13.223,45.3,75627.7,1,0.4986
D,1,42,200000,0.5,223,35,10500,14.043,49.0,71211.5,1,0.4986
D,1,42,200000,0.5,223,36,10800,16.333,52.4,61224.5,1,0.4986
D,1,42,200000,0.5,223,37,11100,16.571,55.2,60346.4,1,0.4986
D,1,42,200000,0.5,223,38,11400,17.659,56.4,56629.4,1,0.4986
D,1,42,200000,0.5,223,39,11700,18.932,62.2,52819.7,1,0.4986
D,1,42,200000,0.5,223,40,12000,19.322,64.3,51753.6,1,0.4986
D,1,42,200000,0.5,223,41,12300,72.277,205.8,13835.6,1,0.4986
D,1,42,200000,0.5,223,42,12600,22.378,172.5,44686.1,1,0.4986
D,1,42,200000,0.5,223,43,12900,9.878,47.0,101235.1,1,0.4986
D,1,42,200000,0.5,223,44,13200,10.554,51.4,94753.8,1,0.4986
D,1,42,200000,0.5,223,45,13500,10.579,49.5,94523.9,1,0.4986
D,1,42,200000,0.5,223,46,13800,11.154,44.7,89656.6,1,0.4986
D,1,42,200000,0.5,223,47,14100,11.302,37.4,88482.5,1,0.4986
D,1,42,200000,0.5,223,48,14400,13.475,58.4,74209.7,1,0.4986
D,1,42,200000,0.5,223,49,14700,13.226,37.2,75610.6,1,0.4986
D,1,42,200000,0.5,223,50,15000,10.128,36.3,98732.9,1,0.4986
D,1,42,200000,0.75,335,1,300,60.776,87.0,16454.0,3,0.7491
D,1,42,200000,0.75,335,2,600,12.85,67.4,77819.0,3,0.7491
D,1,42,200000,0.75,335,3,900,13.988,72.1,71489.8,3,0.7491
D,1,42,200000,0.75,335,4,1200,15.955,107.8,62675.0,3,0.7491
D,1,42,200000,0.75,335,5,1500,13.858,58.5,72158.8,3,0.7491
D,1,42,200000,0.75,335,6,1800,13.873,59.9,72082.5,3,0.7491
D,1,42,200000,0.75,335,7,2100,16.749,99.4,59703.9,3,0.7491
D,1,42,200000,0.75,335,8,2400,16.184,61.1,61788.1,3,0.7491
D,1,42,200000,0.75,335,9,2700,15.06,58.8,66402.5,3,0.7491
D,1,42,200000,0.75,335,10,3000,17.103,63.2,58468.1,3,0.7491
D,1,42,200000,0.75,335,11,3300,52.078,169.4,19202.0,3,0.7491
D,1,42,200000,0.75,335,12,3600,18.714,70.0,53436.9,3,0.7491
D,1,42,200000,0.75,335,13,3900,18.385,60.3,54393.2,3,0.7491
D,1,42,200000,0.75,335,14,4200,19.791,66.3,50527.2,3,0.7491
D,1,42,200000,0.75,335,15,4500,18.93,63.7,52826.2,3,0.7491
D,1,42,200000,0.75,335,16,4800,14.981,62.8,66749.7,3,0.7491
D,1,42,200000,0.75,335,17,5100,9.661,47.5,103505.4,3,0.7491
D,1,42,200000,0.75,335,18,5400,10.797,48.6,92621.2,3,0.7491
D,1,42,200000,0.75,335,19,5700,13.226,54.1,75606.7,3,0.7491
D,1,42,200000,0.75,335,20,6000,13.955,62.1,71660.6,3,0.7491
D,1,42,200000,0.75,335,21,6300,66.02,58.8,15147.0,3,0.7491
D,1,42,200000,0.75,335,22,6600,16.593,51.9,60266.4,3,0.7491
D,1,42,200000,0.75,335,23,6900,17.336,59.9,57684.5,3,0.7491
D,1,42,200000,0.75,335,24,7200,19.265,55.0,51906.7,3,0.7491
D,1,42,200000,0.75,335,25,7500,18.156,54.3,55077.2,3,0.7491
D,1,42,200000,0.75,335,26,7800,22.617,91.2,44213.9,3,0.7491
D,1,42,200000,0.75,335,27,8100,8.521,48.1,117357.1,3,0.7491
D,1,42,200000,0.75,335,28,8400,9.88,51.9,101218.0,3,0.7491
D,1,42,200000,0.75,335,29,8700,10.304,41.6,97046.5,3,0.7491
D,1,42,200000,0.75,335,30,9000,12.645,54.3,79084.7,3,0.7491
D,1,42,200000,0.75,335,31,9300,48.639,51.8,20559.8,3,0.7491
D,1,42,200000,0.75,335,32,9600,15.504,47.7,64499.5,3,0.7491
D,1,42,200000,0.75,335,33,9900,16.763,54.8,59656.4,3,0.7491
D,1,42,200000,0.75,335,34,10200,18.505,53.3,54038.5,3,0.7491
D,1,42,200000,0.75,335,35,10500,18.444,54.7,54219.2,3,0.7491
D,1,42,200000,0.75,335,36,10800,20.715,56.6,48275.0,3,0.7491
D,1,42,200000,0.75,335,37,11100,23.207,80.2,43089.8,3,0.7491
D,1,42,200000,0.75,335,38,11400,22.995,64.5,43487.7,3,0.7491
D,1,42,200000,0.75,335,39,11700,27.092,74.1,36911.7,3,0.7491
D,1,42,200000,0.75,335,40,12000,26.653,79.4,37519.7,3,0.7491
D,1,42,200000,0.75,335,41,12300,73.872,161.6,13537.0,3,0.7491
D,1,42,200000,0.75,335,42,12600,11.776,146.0,84918.5,3,0.7491
D,1,42,200000,0.75,335,43,12900,8.245,46.0,121280.7,3,0.7491
D,1,42,200000,0.75,335,44,13200,7.983,38.7,125261.0,3,0.7491
D,1,42,200000,0.75,335,45,13500,9.358,49.2,106864.3,3,0.7491
D,1,42,200000,0.75,335,46,13800,9.493,40.3,105337.1,3,0.7491
D,1,42,200000,0.75,335,47,14100,9.68,42.9,103302.2,3,0.7491
D,1,42,200000,0.75,335,48,14400,11.024,45.0,90708.4,3,0.7491
D,1,42,200000,0.75,335,49,14700,11.535,41.8,86690.2,3,0.7491
D,1,42,200000,0.75,335,50,15000,11.969,52.1,83551.5,3,0.7491
D,1,42,200000,1.0,447,1,300,60.536,45.8,16519.2,3,0.9995
D,1,42,200000,1.0,447,2,600,18.688,49.5,53511.2,3,0.9995
D,1,42,200000,1.0,447,3,900,18.505,51.7,54039.4,3,0.9995
D,1,42,200000,1.0,447,4,1200,20.336,61.1,49174.7,3,0.9995
D,1,42,200000,1.0,447,5,1500,21.306,63.1,46934.4,3,0.9995
D,1,42,200000,1.0,447,6,1800,23.694,67.4,42205.4,3,0.9995
D,1,42,200000,1.0,447,7,2100,26.21,97.4,38153.4,3,0.9995
D,1,42,200000,1.0,447,8,2400,25.975,83.0,38498.1,3,0.9995
D,1,42,200000,1.0,447,9,2700,28.158,85.7,35513.5,3,0.9995
D,1,42,200000,1.0,447,10,3000,30.756,91.5,32514.3,3,0.9995
D,1,42,200000,1.0,447,11,3300,62.514,123.5,15996.4,3,0.9995
D,1,42,200000,1.0,447,12,3600,30.108,100.8,33213.8,3,0.9995
D,1,42,200000,1.0,447,13,3900,34.015,109.7,29398.8,3,0.9995
D,1,42,200000,1.0,447,14,4200,36.908,114.9,27094.6,3,0.9995
D,1,42,200000,1.0,447,15,4500,35.654,122.2,28047.6,3,0.9995
D,1,42,200000,1.0,447,16,4800,36.439,125.1,27442.9,3,0.9995
D,1,42,200000,1.0,447,17,5100,41.043,136.1,24364.5,3,0.9995
D,1,42,200000,1.0,447,18,5400,40.289,137.9,24820.5,3,0.9995
D,1,42,200000,1.0,447,19,5700,44.129,149.4,22660.8,3,0.9995
D,1,42,200000,1.0,447,20,6000,43.141,148.5,23179.8,3,0.9995
D,1,42,200000,1.0,447,21,6300,80.414,150.5,12435.6,3,0.9995
D,1,42,200000,1.0,447,22,6600,14.929,98.3,66983.7,3,0.9995
D,1,42,200000,1.0,447,23,6900,16.827,107.9,59427.1,3,0.9995
D,1,42,200000,1.0,447,24,7200,12.34,81.2,81039.5,3,0.9995
D,1,42,200000,1.0,447,25,7500,7.69,49.9,130039.0,3,0.9995
D,1,42,200000,1.0,447,26,7800,8.469,51.5,118073.1,3,0.9995
D,1,42,200000,1.0,447,27,8100,10.029,52.6,99707.5,3,0.9995
D,1,42,200000,1.0,447,28,8400,9.524,25.7,104994.2,3,0.9995
D,1,42,200000,1.0,447,29,8700,10.421,44.7,95957.0,3,0.9995
D,1,42,200000,1.0,447,30,9000,11.27,38.1,88731.1,3,0.9995
D,1,42,200000,1.0,447,31,9300,46.788,78.5,21373.0,3,0.9995
D,1,42,200000,1.0,447,32,9600,12.673,43.6,78910.0,3,0.9995
D,1,42,200000,1.0,447,33,9900,14.917,55.2,67039.1,3,0.9995
D,1,42,200000,1.0,447,34,10200,15.006,84.5,66641.5,3,0.9995
D,1,42,200000,1.0,447,35,10500,16.577,72.0,60325.8,3,0.9995
D,1,42,200000,1.0,447,36,10800,17.977,62.5,55627.7,3,0.9995
D,1,42,200000,1.0,447,37,11100,18.074,48.7,55328.1,3,0.9995
D,1,42,200000,1.0,447,38,11400,17.857,76.3,56000.4,3,0.9995
D,1,42,200000,1.0,447,39,11700,18.731,71.4,53387.4,3,0.9995
D,1,42,200000,1.0,447,40,12000,18.951,58.7,52768.6,3,0.9995
D,1,42,200000,1.0,447,41,12300,87.313,95.3,11453.1,3,0.9995
D,1,42,200000,1.0,447,42,12600,23.676,91.5,42236.3,3,0.9995
D,1,42,200000,1.0,447,43,12900,12.44,91.2,80388.0,3,0.9995
D,1,42,200000,1.0,447,44,13200,8.332,39.4,120014.4,3,0.9995
D,1,42,200000,1.0,447,45,13500,9.457,45.9,105738.1,3,0.9995
D,1,42,200000,1.0,447,46,13800,10.608,48.0,94271.4,3,0.9995
D,1,42,200000,1.0,447,47,14100,11.202,50.5,89267.1,3,0.9995
D,1,42,200000,1.0,447,48,14400,12.799,51.8,78129.1,3,0.9995
D,1,42,200000,1.0,447,49,14700,12.308,38.1,81245.8,3,0.9995
D,1,42,200000,1.0,447,50,15000,14.102,65.2,70910.2,3,0.9995
D,1,42,200000,1.01,451,1,300,52.267,122.6,19132.7,3,1.0085
D,1,42,200000,1.01,451,2,600,13.355,75.2,74880.2,3,1.0085
D,1,42,200000,1.01,451,3,900,13.657,61.8,73222.5,3,1.0085
D,1,42,200000,1.01,451,4,1200,13.921,70.0,71832.2,3,1.0085
D,1,42,200000,1.01,451,5,1500,14.972,76.9,66789.9,3,1.0085
D,1,42,200000,1.01,451,6,1800,14.878,62.1,67214.8,3,1.0085
D,1,42,200000,1.01,451,7,2100,16.457,67.1,60763.2,3,1.0085
D,1,42,200000,1.01,451,8,2400,17.596,67.2,56830.0,3,1.0085
D,1,42,200000,1.01,451,9,2700,16.492,73.2,60636.7,3,1.0085
D,1,42,200000,1.01,451,10,3000,17.197,60.0,58149.7,3,1.0085
D,1,42,200000,1.01,451,11,3300,38.639,90.6,25880.8,3,1.0085
D,1,42,200000,1.01,451,12,3600,10.723,63.6,93257.5,3,1.0085
D,1,42,200000,1.01,451,13,3900,8.887,49.3,112528.1,3,1.0085
D,1,42,200000,1.01,451,14,4200,10.087,54.6,99140.8,3,1.0085
D,1,42,200000,1.01,451,15,4500,10.919,59.2,91586.3,3,1.0085
D,1,42,200000,1.01,451,16,4800,9.86,47.5,101416.4,3,1.0085
D,1,42,200000,1.01,451,17,5100,9.909,46.1,100921.8,3,1.0085
D,1,42,200000,1.01,451,18,5400,10.29,54.0,97181.7,3,1.0085
D,1,42,200000,1.01,451,19,5700,12.51,68.4,79936.1,3,1.0085
D,1,42,200000,1.01,451,20,6000,11.072,56.5,90317.9,3,1.0085
D,1,42,200000,1.01,451,21,6300,55.634,105.8,17974.5,3,1.0085
D,1,42,200000,1.01,451,22,6600,6.893,50.0,145067.7,3,1.0085
D,1,42,200000,1.01,451,23,6900,8.019,48.5,124709.0,3,1.0085
D,1,42,200000,1.01,451,24,7200,9.966,48.9,100341.2,3,1.0085
D,1,42,200000,1.01,451,25,7500,9.889,41.8,101119.0,3,1.0085
D,1,42,200000,1.01,451,26,7800,11.436,34.5,87443.2,3,1.0085
D,1,42,200000,1.01,451,27,8100,12.616,36.5,79264.4,3,1.0085
D,1,42,200000,1.01,451,28,8400,13.999,47.5,71435.4,3,1.0085
D,1,42,200000,1.01,451,29,8700,14.017,37.4,71341.9,3,1.0085
D,1,42,200000,1.01,451,30,9000,15.76,40.1,63453.1,3,1.0085
D,1,42,200000,1.01,451,31,9300,41.228,59.0,24255.2,3,1.0085
D,1,42,200000,1.01,451,32,9600,18.788,49.6,53224.5,3,1.0085
D,1,42,200000,1.01,451,33,9900,21.312,54.8,46921.2,3,1.0085
D,1,42,200000,1.01,451,34,10200,14.655,55.1,68236.1,3,1.0085
D,1,42,200000,1.01,451,35,10500,13.229,60.7,75591.5,3,1.0085
D,1,42,200000,1.01,451,36,10800,18.026,65.4,55476.4,3,1.0085
D,1,42,200000,1.01,451,37,11100,18.273,68.7,54724.6,3,1.0085
D,1,42,200000,1.01,451,38,11400,19.725,71.1,50696.2,3,1.0085
D,1,42,200000,1.01,451,39,11700,21.343,74.9,46854.5,3,1.0085
D,1,42,200000,1.01,451,40,12000,23.619,81.5,42339.4,3,1.0085
D,1,42,200000,1.01,451,41,12300,60.719,116.6,16469.3,3,1.0085
D,1,42,200000,1.01,451,42,12600,16.209,86.3,61692.9,3,1.0085
D,1,42,200000,1.01,451,43,12900,14.324,82.9,69811.3,3,1.0085
D,1,42,200000,1.01,451,44,13200,14.683,65.7,68106.0,3,1.0085
D,1,42,200000,1.01,451,45,13500,15.804,70.3,63273.8,3,1.0085
D,1,42,200000,1.01,451,46,13800,16.064,68.3,62251.0,3,1.0085
D,1,42,200000,1.01,451,47,14100,15.524,61.0,64416.4,3,1.0085
D,1,42,200000,1.01,451,48,14400,18.223,81.6,54875.7,3,1.0085
D,1,42,200000,1.01,451,49,14700,17.07,74.5,58581.2,3,1.0085
D,1,42,200000,1.01,451,50,15000,18.406,69.2,54329.1,3,1.0085
D,1,42,200000,1.25,559,1,300,68.22,108.4,14658.4,4,1.25
D,1,42,200000,1.25,559,2,600,18.091,87.2,55275.1,4,1.25
D,1,42,200000,1.25,559,3,900,17.94,82.5,55741.4,4,1.25
D,1,42,200000,1.25,559,4,1200,16.324,79.0,61260.8,4,1.25
D,1,42,200000,1.25,559,5,1500,16.308,70.7,61318.3,4,1.25
D,1,42,200000,1.25,559,6,1800,15.146,67.4,66022.6,4,1.25
D,1,42,200000,1.25,559,7,2100,15.744,75.9,63517.6,4,1.25
D,1,42,200000,1.25,559,8,2400,16.959,70.7,58965.7,4,1.25
D,1,42,200000,1.25,559,9,2700,13.568,66.5,73701.0,4,1.25
D,1,42,200000,1.25,559,10,3000,15.393,69.0,64963.2,4,1.25
D,1,42,200000,1.25,559,11,3300,52.447,85.2,19067.0,4,1.25
D,1,42,200000,1.25,559,12,3600,14.102,83.5,70911.9,4,1.25
D,1,42,200000,1.25,559,13,3900,7.023,49.3,142382.5,4,1.25
D,1,42,200000,1.25,559,14,4200,8.39,49.2,119189.5,4,1.25
D,1,42,200000,1.25,559,15,4500,9.561,57.7,104595.2,4,1.25
D,1,42,200000,1.25,559,16,4800,9.755,43.0,102508.0,4,1.25
D,1,42,200000,1.25,559,17,5100,11.802,57.3,84729.0,4,1.25
D,1,42,200000,1.25,559,18,5400,12.197,54.2,81985.2,4,1.25
D,1,42,200000,1.25,559,19,5700,14.085,62.4,70995.8,4,1.25
D,1,42,200000,1.25,559,20,6000,14.159,49.6,70626.5,4,1.25
D,1,42,200000,1.25,559,21,6300,72.474,99.3,13798.1,4,1.25
D,1,42,200000,1.25,559,22,6600,18.146,95.6,55108.6,4,1.25
D,1,42,200000,1.25,559,23,6900,19.127,104.9,52281.2,4,1.25
D,1,42,200000,1.25,559,24,7200,18.16,101.1,55067.1,4,1.25
D,1,42,200000,1.25,559,25,7500,17.311,77.5,57767.9,4,1.25
D,1,42,200000,1.25,559,26,7800,15.102,76.9,66216.4,4,1.25
D,1,42,200000,1.25,559,27,8100,16.143,64.9,61945.1,4,1.25
D,1,42,200000,1.25,559,28,8400,15.43,68.0,64808.8,4,1.25
D,1,42,200000,1.25,559,29,8700,18.325,79.3,54571.2,4,1.25
D,1,42,200000,1.25,559,30,9000,15.312,69.4,65309.7,4,1.25
D,1,42,200000,1.25,559,31,9300,58.285,95.7,17157.1,4,1.25
D,1,42,200000,1.25,559,32,9600,18.112,84.3,55211.0,4,1.25
D,1,42,200000,1.25,559,33,9900,16.472,75.4,60709.1,4,1.25
D,1,42,200000,1.25,559,34,10200,17.031,70.6,58717.6,4,1.25
D,1,42,200000,1.25,559,35,10500,17.739,78.1,56371.9,4,1.25
D,1,42,200000,1.25,559,36,10800,16.157,74.4,61894.0,4,1.25
D,1,42,200000,1.25,559,37,11100,14.979,70.3,66761.6,4,1.25
D,1,42,200000,1.25,559,38,11400,16.526,82.7,60511.9,4,1.25
D,1,42,200000,1.25,559,39,11700,18.149,86.8,55098.4,4,1.25
D,1,42,200000,1.25,559,40,12000,16.082,66.4,62182.6,4,1.25
D,1,42,200000,1.25,559,41,12300,76.342,107.9,13098.9,4,1.25
D,1,42,200000,1.25,559,42,12600,20.593,96.1,48561.0,4,1.25
D,1,42,200000,1.25,559,43,12900,19.286,95.6,51851.1,4,1.25
D,1,42,200000,1.25,559,44,13200,18.506,79.0,54035.5,4,1.25
D,1,42,200000,1.25,559,45,13500,18.283,75.4,54696.6,4,1.25
D,1,42,200000,1.25,559,46,13800,20.95,78.7,47732.7,4,1.25
D,1,42,200000,1.25,559,47,14100,16.452,66.3,60784.1,4,1.25
D,1,42,200000,1.25,559,48,14400,18.419,64.4,54291.8,4,1.25
D,1,42,200000,1.25,559,49,14700,18.292,72.6,54669.7,4,1.25
D,1,42,200000,1.25,559,50,15000,17.481,63.5,57203.9,4,1.25
D,1,42,200000,1.5,670,1,300,74.75,146.2,13377.9,3,1.4982
D,1,42,200000,1.5,670,2,600,10.408,79.5,96079.9,3,1.4982
D,1,42,200000,1.5,670,3,900,10.903,71.3,91717.9,3,1.4982
D,1,42,200000,1.5,670,4,1200,12.435,80.1,80420.3,3,1.4982
D,1,42,200000,1.5,670,5,1500,11.957,77.4,83633.0,3,1.4982
D,1,42,200000,1.5,670,6,1800,11.253,52.8,88862.5,3,1.4982
D,1,42,200000,1.5,670,7,2100,12.958,84.1,77172.4,3,1.4982
D,1,42,200000,1.5,670,8,2400,14.657,86.3,68228.3,3,1.4982
D,1,42,200000,1.5,670,9,2700,13.485,63.7,74158.3,3,1.4982
D,1,42,200000,1.5,670,10,3000,15.172,64.8,65912.3,3,1.4982
D,1,42,200000,1.5,670,11,3300,56.75,94.1,17621.2,3,1.4982
D,1,42,200000,1.5,670,12,3600,17.584,74.9,56871.0,3,1.4982
D,1,42,200000,1.5,670,13,3900,17.852,73.6,56015.1,3,1.4982
D,1,42,200000,1.5,670,14,4200,17.809,58.8,56150.3,3,1.4982
D,1,42,200000,1.5,670,15,4500,20.923,100.5,47795.1,3,1.4982
D,1,42,200000,1.5,670,16,4800,18.827,75.2,53116.2,3,1.4982
D,1,42,200000,1.5,670,17,5100,20.14,78.9,49651.6,3,1.4982
D,1,42,200000,1.5,670,18,5400,19.675,65.4,50825.1,3,1.4982
D,1,42,200000,1.5,670,19,5700,19.613,75.4,50987.5,3,1.4982
D,1,42,200000,1.5,670,20,6000,21.183,80.8,47206.9,3,1.4982
D,1,42,200000,1.5,670,21,6300,82.038,124.2,12189.4,3,1.4982
D,1,42,200000,1.5,670,22,6600,18.043,89.0,55424.2,3,1.4982
D,1,42,200000,1.5,670,23,6900,19.372,95.7,51620.0,3,1.4982
D,1,42,200000,1.5,670,24,7200,17.709,98.8,56469.5,3,1.4982
D,1,42,200000,1.5,670,25,7500,11.929,76.4,83829.3,3,1.4982
D,1,42,200000,1.5,670,26,7800,11.811,77.6,84664.4,3,1.4982
D,1,42,200000,1.5,670,27,8100,11.487,63.6,87054.9,3,1.4982
D,1,42,200000,1.5,670,28,8400,13.801,72.2,72458.5,3,1.4982
D,1,42,200000,1.5,670,29,8700,13.506,73.5,74039.3,3,1.4982
D,1,42,200000,1.5,670,30,9000,14.453,62.0,69191.4,3,1.4982
D,1,42,200000,1.5,670,31,9300,51.77,80.6,19316.1,3,1.4982
D,1,42,200000,1.5,670,32,9600,7.33,63.1,136431.9,3,1.4982
D,1,42,200000,1.5,670,33,9900,9.596,38.9,104213.7,3,1.4982
D,1,42,200000,1.5,670,34,10200,10.199,31.1,98048.8,3,1.4982
D,1,42,200000,1.5,670,35,10500,12.987,51.9,77000.1,3,1.4982
D,1,42,200000,1.5,670,36,10800,14.199,44.7,70427.5,3,1.4982
D,1,42,200000,1.5,670,37,11100,16.901,59.8,59168.1,3,1.4982
D,1,42,200000,1.5,670,38,11400,19.328,75.1,51738.4,3,1.4982
D,1,42,200000,1.5,670,39,11700,22.892,72.5,43684.0,3,1.4982
D,1,42,200000,1.5,670,40,12000,22.846,60.9,43772.0,3,1.4982
D,1,42,200000,1.5,670,41,12300,83.813,113.8,11931.4,3,1.4982
D,1,42,200000,1.5,670,42,12600,21.903,97.1,45655.8,3,1.4982
D,1,42,200000,1.5,670,43,12900,14.995,87.3,66688.9,3,1.4982
D,1,42,200000,1.5,670,44,13200,18.675,118.2,53546.6,3,1.4982
D,1,42,200000,1.5,670,45,13500,16.49,95.2,60641.6,3,1.4982
D,1,42,200000,1.5,670,46,13800,16.925,85.9,59085.4,3,1.4982
D,1,42,200000,1.5,670,47,14100,15.493,83.9,64545.3,3,1.4982
D,1,42,200000,1.5,670,48,14400,14.149,81.2,70674.7,3,1.4982
D,1,42,200000,1.5,670,49,14700,12.316,82.2,81197.4,3,1.4982
D,1,42,200000,1.5,670,50,15000,13.114,118.3,76256.3,3,1.4982
D,1,42,200000,2.0,894,1,300,78.143,148.3,12797.1,4,1.999
D,1,42,200000,2.0,894,2,600,18.995,109.0,52645.4,4,1.999
D,1,42,200000,2.0,894,3,900,21.335,116.9,46871.3,4,1.999
D,1,42,200000,2.0,894,4,1200,22.509,120.4,44426.0,4,1.999
D,1,42,200000,2.0,894,5,1500,22.933,116.8,43605.3,4,1.999
D,1,42,200000,2.0,894,6,1800,19.924,93.9,50189.9,4,1.999
D,1,42,200000,2.0,894,7,2100,18.006,113.3,55537.0,4,1.999
D,1,42,200000,2.0,894,8,2400,26.767,130.6,37359.9,4,1.999
D,1,42,200000,2.0,894,9,2700,18.892,86.0,52931.5,4,1.999
D,1,42,200000,2.0,894,10,3000,22.074,121.8,45301.5,4,1.999
D,1,42,200000,2.0,894,11,3300,54.916,106.1,18209.7,4,1.999
D,1,42,200000,2.0,894,12,3600,13.826,84.4,72327.5,4,1.999
D,1,42,200000,2.0,894,13,3900,13.3,90.1,75188.0,4,1.999
D,1,42,200000,2.0,894,14,4200,14.599,93.3,68497.8,4,1.999
D,1,42,200000,2.0,894,15,4500,17.042,117.1,58678.6,4,1.999
D,1,42,200000,2.0,894,16,4800,7.768,75.4,128738.7,4,1.999
D,1,42,200000,2.0,894,17,5100,9.194,57.2,108770.5,4,1.999
D,1,42,200000,2.0,894,18,5400,10.847,45.5,92191.4,4,1.999
D,1,42,200000,2.0,894,19,5700,14.163,80.3,70604.8,4,1.999
D,1,42,200000,2.0,894,20,6000,14.493,53.1,69000.4,4,1.999
D,1,42,200000,2.0,894,21,6300,71.292,123.8,14026.8,4,1.999
D,1,42,200000,2.0,894,22,6600,15.911,89.0,62849.6,4,1.999
D,1,42,200000,2.0,894,23,6900,17.968,101.1,55654.5,4,1.999
D,1,42,200000,2.0,894,24,7200,10.408,84.5,96083.0,4,1.999
D,1,42,200000,2.0,894,25,7500,8.471,88.8,118045.2,4,1.999
D,1,42,200000,2.0,894,26,7800,8.953,64.6,111698.6,4,1.999
D,1,42,200000,2.0,894,27,8100,9.478,51.5,105507.5,4,1.999
D,1,42,200000,2.0,894,28,8400,9.656,57.5,103559.0,4,1.999
D,1,42,200000,2.0,894,29,8700,11.956,72.2,83640.0,4,1.999
D,1,42,200000,2.0,894,30,9000,11.696,79.2,85501.8,4,1.999
D,1,42,200000,2.0,894,31,9300,49.569,90.9,20174.0,4,1.999
D,1,42,200000,2.0,894,32,9600,12.451,66.2,80312.7,4,1.999
D,1,42,200000,2.0,894,33,9900,12.775,52.8,78275.8,4,1.999
D,1,42,200000,2.0,894,34,10200,15.722,73.5,63605.1,4,1.999
D,1,42,200000,2.0,894,35,10500,16.095,83.2,62131.1,4,1.999
D,1,42,200000,2.0,894,36,10800,17.352,97.8,57631.4,4,1.999
D,1,42,200000,2.0,894,37,11100,18.31,78.7,54616.0,4,1.999
D,1,42,200000,2.0,894,38,11400,16.934,76.3,59051.6,4,1.999
D,1,42,200000,2.0,894,39,11700,17.359,71.4,57608.1,4,1.999
D,1,42,200000,2.0,894,40,12000,18.788,66.2,53225.5,4,1.999
D,1,42,200000,2.0,894,41,12300,80.596,148.4,12407.5,4,1.999
D,1,42,200000,2.0,894,42,12600,20.24,122.9,49407.9,4,1.999
D,1,42,200000,2.0,894,43,12900,19.058,128.9,52470.5,4,1.999
D,1,42,200000,2.0,894,44,13200,18.766,105.8,53287.9,4,1.999
D,1,42,200000,2.0,894,45,13500,17.003,92.7,58812.0,4,1.999
D,1,42,200000,2.0,894,46,13800,19.189,111.7,52113.2,4,1.999
D,1,42,200000,2.0,894,47,14100,18.354,109.6,54484.0,4,1.999
D,1,42,200000,2.0,894,48,14400,12.315,69.8,81199.6,4,1.999
D,1,42,200000,2.0,894,49,14700,9.99,69.1,100096.8,4,1.999
D,1,42,200000,2.0,894,50,15000,11.426,69.7,87519.7,4,1.999
D,2,43,5000,0.5,35,1,300,19.494,57.4,51297.8,1,0.495
D,2,43,5000,0.5,35,2,600,19.626,60.6,50952.0,1,0.495
D,2,43,5000,0.5,35,3,900,18.169,71.4,55039.8,1,0.495
D,2,43,5000,0.5,35,4,1200,5.122,9.9,195249.0,1,0.495
D,2,43,5000,0.5,35,5,1500,7.566,17.2,132176.1,1,0.495
D,2,43,5000,0.5,35,6,1800,9.243,26.3,108193.9,1,0.495
D,2,43,5000,0.5,35,7,2100,12.568,32.8,79565.0,1,0.495
D,2,43,5000,0.5,35,8,2400,13.676,39.8,73119.0,1,0.495
D,2,43,5000,0.5,35,9,2700,16.65,44.3,60061.3,1,0.495
D,2,43,5000,0.5,35,10,3000,20.578,55.5,48595.6,1,0.495
D,2,43,5000,0.5,35,11,3300,7.167,21.4,139528.4,1,0.495
D,2,43,5000,0.5,35,12,3600,5.112,15.1,195618.2,1,0.495
D,2,43,5000,0.5,35,13,3900,7.931,16.8,126082.2,1,0.495
D,2,43,5000,0.5,35,14,4200,9.706,22.0,103029.1,1,0.495
D,2,43,5000,0.5,35,15,4500,11.639,30.8,85915.6,1,0.495
D,2,43,5000,0.5,35,16,4800,14.154,39.9,70653.1,1,0.495
D,2,43,5000,0.5,35,17,5100,4.692,14.4,213143.9,1,0.495
D,2,43,5000,0.5,35,18,5400,6.938,15.6,144133.7,1,0.495
D,2,43,5000,0.5,35,19,5700,9.62,23.0,103950.1,1,0.495
D,2,43,5000,0.5,35,20,6000,13.021,32.1,76801.0,1,0.495
D,2,43,5000,0.5,35,21,6300,19.009,78.3,52605.7,1,0.495
D,2,43,5000,0.5,35,22,6600,17.967,45.9,55658.6,1,0.495
D,2,43,5000,0.5,35,23,6900,20.298,59.9,49265.9,1,0.495
D,2,43,5000,0.5,35,24,7200,20.914,56.2,47815.6,1,0.495
D,2,43,5000,0.5,35,25,7500,25.152,68.5,39757.7,1,0.495
D,2,43,5000,0.5,35,26,7800,27.477,70.6,36394.5,1,0.495
D,2,43,5000,0.5,35,27,8100,30.057,81.4,33269.8,1,0.495
D,2,43,5000,0.5,35,28,8400,29.81,84.5,33546.2,1,0.495
D,2,43,5000,0.5,35,29,8700,34.386,93.4,29081.9,1,0.495
D,2,43,5000,0.5,35,30,9000,37.825,106.6,26437.3,1,0.495
D,2,43,5000,0.5,35,31,9300,21.381,93.3,46770.5,1,0.495
D,2,43,5000,0.5,35,32,9600,9.859,42.3,101426.8,1,0.495
D,2,43,5000,0.5,35,33,9900,9.162,61.2,109146.5,1,0.495
D,2,43,5000,0.5,35,34,10200,12.275,67.3,81466.4,1,0.495
D,2,43,5000,0.5,35,35,10500,9.412,76.4,106243.5,1,0.495
D,2,43,5000,0.5,35,36,10800,14.004,80.6,71409.9,1,0.495
D,2,43,5000,0.5,35,37,11100,18.357,87.3,54475.1,1,0.495
D,2,43,5000,0.5,35,38,11400,13.833,59.3,72289.2,1,0.495
D,2,43,5000,0.5,35,39,11700,14.933,42.8,66967.3,1,0.495
D,2,43,5000,0.5,35,40,12000,17.306,60.2,57783.4,1,0.495
D,2,43,5000,0.5,35,41,12300,19.682,48.3,50807.0,1,0.495
D,2,43,5000,0.5,35,42,12600,21.373,79.2,46788.0,1,0.495
D,2,43,5000,0.5,35,43,12900,23.016,63.2,43448.7,1,0.495
D,2,43,5000,0.5,35,44,13200,24.941,69.9,40094.6,1,0.495
D,2,43,5000,0.5,35,45,13500,27.903,84.1,35838.4,1,0.495
D,2,43,5000,0.5,35,46,13800,29.742,84.1,33622.9,1,0.495
D,2,43,5000,0.5,35,47,14100,30.104,88.5,33217.8,1,0.495
D,2,43,5000,0.5,35,48,14400,32.431,98.6,30834.7,1,0.495
D,2,43,5000,0.5,35,49,14700,35.19,101.7,28417.4,1,0.495
D,2,43,5000,0.5,35,50,15000,7.638,64.3,130918.6,1,0.495
D,2,43,5000,0.75,53,1,300,10.59,30.3,94431.7,1,0.7495
D,2,43,5000,0.75,53,2,600,10.366,31.3,96466.1,1,0.7495
D,2,43,5000,0.75,53,3,900,12.74,40.0,78495.0,1,0.7495
D,2,43,5000,0.75,53,4,1200,12.299,39.4,81305.2,1,0.7495
D,2,43,5000,0.75,53,5,1500,12.803,40.1,78108.7,1,0.7495
D,2,43,5000,0.75,53,6,1800,14.045,43.8,71199.7,1,0.7495
D,2,43,5000,0.75,53,7,2100,15.427,46.6,64820.0,1,0.7495
D,2,43,5000,0.75,53,8,2400,17.064,51.3,58604.0,1,0.7495
D,2,43,5000,0.75,53,9,2700,17.464,53.9,57259.6,1,0.7495
D,2,43,5000,0.75,53,10,3000,20.219,62.0,49457.6,1,0.7495
D,2,43,5000,0.75,53,11,3300,12.051,30.1,82978.4,1,0.7495
D,2,43,5000,0.75,53,12,3600,6.559,16.9,152454.5,1,0.7495
D,2,43,5000,0.75,53,13,3900,6.445,15.6,155167.1,1,0.7495
D,2,43,5000,0.75,53,14,4200,7.223,18.9,138440.2,1,0.7495
D,2,43,5000,0.75,53,15,4500,7.828,16.3,127741.1,1,0.7495
D,2,43,5000,0.75,53,16,4800,8.385,17.4,119260.6,1,0.7495
D,2,43,5000,0.75,53,17,5100,5.888,16.6,169836.9,1,0.7495
D,2,43,5000,0.75,53,18,5400,6.989,18.8,143088.8,1,0.7495
D,2,43,5000,0.75,53,19,5700,7.67,22.9,130383.7,1,0.7495
D,2,43,5000,0.75,53,20,6000,8.742,34.3,114386.0,1,0.7495
D,2,43,5000,0.75,53,21,6300,8.884,31.0,112561.9,1,0.7495
D,2,43,5000,0.75,53,22,6600,13.07,30.2,76513.0,1,0.7495
D,2,43,5000,0.75,53,23,6900,11.903,30.8,84012.4,1,0.7495
D,2,43,5000,0.75,53,24,7200,13.871,48.2,72091.1,1,0.7495
D,2,43,5000,0.75,53,25,7500,15.816,41.7,63227.1,1,0.7495
D,2,43,5000,0.75,53,26,7800,16.095,38.3,62131.1,1,0.7495
D,2,43,5000,0.75,53,27,8100,17.721,43.4,56430.2,1,0.7495
D,2,43,5000,0.75,53,28,8400,17.628,46.0,56727.9,1,0.7495
D,2,43,5000,0.75,53,29,8700,20.32,48.8,49211.8,1,0.7495
D,2,43,5000,0.75,53,30,9000,21.614,55.9,46267.0,1,0.7495
D,2,43,5000,0.75,53,31,9300,15.586,47.2,64161.5,1,0.7495
D,2,43,5000,0.75,53,32,9600,10.087,19.2,99140.8,1,0.7495
D,2,43,5000,0.75,53,33,9900,9.746,22.9,102602.7,1,0.7495
D,2,43,5000,0.75,53,34,10200,7.983,32.3,125266.2,1,0.7495
D,2,43,5000,0.75,53,35,10500,5.83,19.3,171536.4,1,0.7495
D,2,43,5000,0.75,53,36,10800,8.203,40.5,121901.7,1,0.7495
D,2,43,5000,0.75,53,37,11100,5.287,18.4,189143.2,1,0.7495
D,2,43,5000,0.75,53,38,11400,5.86,19.8,170648.5,1,0.7495
D,2,43,5000,0.75,53,39,11700,5.826,18.8,171644.4,1,0.7495
D,2,43,5000,0.75,53,40,12000,8.651,43.8,115589.1,1,0.7495
D,2,43,5000,0.75,53,41,12300,6.384,25.0,156633.4,1,0.7495
D,2,43,5000,0.75,53,42,12600,5.634,37.6,177493.8,1,0.7495
D,2,43,5000,0.75,53,43,12900,6.981,18.3,143252.8,1,0.7495
D,2,43,5000,0.75,53,44,13200,9.241,24.0,108209.5,1,0.7495
D,2,43,5000,0.75,53,45,13500,11.744,39.9,85149.9,1,0.7495
D,2,43,5000,0.75,53,46,13800,14.679,36.1,68124.5,1,0.7495
D,2,43,5000,0.75,53,47,14100,16.297,43.8,61359.7,1,0.7495
D,2,43,5000,0.75,53,48,14400,17.865,47.9,55974.3,1,0.7495
D,2,43,5000,0.75,53,49,14700,21.118,62.3,47353.7,1,0.7495
D,2,43,5000,0.75,53,50,15000,21.993,59.9,45469.7,1,0.7495
D,2,43,5000,1.0,70,1,300,11.027,28.8,90686.5,1,0.9899
D,2,43,5000,1.0,70,2,600,11.013,31.4,90801.8,1,0.9899
D,2,43,5000,1.0,70,3,900,12.343,36.3,81017.6,1,0.9899
D,2,43,5000,1.0,70,4,1200,12.334,38.0,81074.5,1,0.9899
D,2,43,5000,1.0,70,5,1500,10.096,37.7,99045.9,1,0.9899
D,2,43,5000,1.0,70,6,1800,8.009,35.6,124854.3,1,0.9899
D,2,43,5000,1.0,70,7,2100,9.596,37.8,104206.5,1,0.9899
D,2,43,5000,1.0,70,8,2400,10.755,40.4,92980.0,1,0.9899
D,2,43,5000,1.0,70,9,2700,11.233,43.3,89026.1,1,0.9899
D,2,43,5000,1.0,70,10,3000,14.573,40.9,68618.5,1,0.9899
D,2,43,5000,1.0,70,11,3300,11.605,47.0,86167.3,1,0.9899
D,2,43,5000,1.0,70,12,3600,6.819,18.4,146656.3,1,0.9899
D,2,43,5000,1.0,70,13,3900,5.399,11.0,185219.5,1,0.9899
D,2,43,5000,1.0,70,14,4200,5.213,10.3,191840.4,1,0.9899
D,2,43,5000,1.0,70,15,4500,6.006,13.0,166509.4,1,0.9899
D,2,43,5000,1.0,70,16,4800,7.305,16.0,136892.5,1,0.9899
D,2,43,5000,1.0,70,17,5100,8.251,17.7,121192.6,1,0.9899
D,2,43,5000,1.0,70,18,5400,6.777,24.5,147557.9,1,0.9899
D,2,43,5000,1.0,70,19,5700,7.433,22.8,134535.2,1,0.9899
D,2,43,5000,1.0,70,20,6000,9.214,25.9,108526.6,1,0.9899
D,2,43,5000,1.0,70,21,6300,10.017,27.3,99826.9,1,0.9899
D,2,43,5000,1.0,70,22,6600,11.76,31.5,85036.4,1,0.9899
D,2,43,5000,1.0,70,23,6900,13.577,35.4,73654.0,1,0.9899
D,2,43,5000,1.0,70,24,7200,14.072,36.5,71063.1,1,0.9899
D,2,43,5000,1.0,70,25,7500,15.95,40.6,62694.6,1,0.9899
D,2,43,5000,1.0,70,26,7800,18.303,46.3,54636.9,1,0.9899
D,2,43,5000,1.0,70,27,8100,18.966,48.5,52726.9,1,0.9899
D,2,43,5000,1.0,70,28,8400,19.152,49.0,52213.9,1,0.9899
D,2,43,5000,1.0,70,29,8700,26.201,58.9,38167.0,1,0.9899
D,2,43,5000,1.0,70,30,9000,22.854,61.6,43755.4,1,0.9899
D,2,43,5000,1.0,70,31,9300,12.947,51.9,77238.0,1,0.9899
D,2,43,5000,1.0,70,32,9600,4.643,10.7,215362.5,1,0.9899
D,2,43,5000,1.0,70,33,9900,6.066,13.6,164862.3,1,0.9899
D,2,43,5000,1.0,70,34,10200,7.12,15.2,140449.5,1,0.9899
D,2,43,5000,1.0,70,35,10500,8.281,18.7,120753.5,1,0.9899
D,2,43,5000,1.0,70,36,10800,10.359,37.9,96534.4,1,0.9899
D,2,43,5000,1.0,70,37,11100,10.825,25.2,92381.6,1,0.9899
D,2,43,5000,1.0,70,38,11400,12.254,28.6,81603.8,1,0.9899
D,2,43,5000,1.0,70,39,11700,13.851,33.5,72197.0,1,0.9899
D,2,43,5000,1.0,70,40,12000,14.491,42.5,69006.8,1,0.9899
D,2,43,5000,1.0,70,41,12300,17.472,43.2,57234.4,1,0.9899
D,2,43,5000,1.0,70,42,12600,17.08,45.3,58549.2,1,0.9899
D,2,43,5000,1.0,70,43,12900,18.574,54.3,53837.7,1,0.9899
D,2,43,5000,1.0,70,44,13200,19.302,53.6,51808.1,1,0.9899
D,2,43,5000,1.0,70,45,13500,22.662,63.3,44126.1,1,0.9899
D,2,43,5000,1.0,70,46,13800,23.911,61.1,41821.2,1,0.9899
D,2,43,5000,1.0,70,47,14100,25.193,67.2,39693.0,1,0.9899
D,2,43,5000,1.0,70,48,14400,23.268,66.1,42977.5,1,0.9899
D,2,43,5000,1.0,70,49,14700,26.58,69.3,37622.7,1,0.9899
D,2,43,5000,1.0,70,50,15000,28.245,79.2,35404.1,1,0.9899
D,2,43,5000,1.01,71,1,300,19.741,59.7,50656.9,1,1.0041
D,2,43,5000,1.01,71,2,600,20.205,62.9,49491.9,1,1.0041
D,2,43,5000,1.01,71,3,900,20.586,68.6,48576.7,1,1.0041
D,2,43,5000,1.01,71,4,1200,24.415,81.4,40958.4,1,1.0041
D,2,43,5000,1.01,71,5,1500,25.925,79.3,38572.8,1,1.0041
D,2,43,5000,1.01,71,6,1800,25.734,83.5,38858.6,1,1.0041
D,2,43,5000,1.01,71,7,2100,30.201,98.0,33111.1,1,1.0041
D,2,43,5000,1.01,71,8,2400,29.975,104.1,33361.1,1,1.0041
D,2,43,5000,1.01,71,9,2700,13.156,104.0,76009.0,1,1.0041
D,2,43,5000,1.01,71,10,3000,7.592,24.7,131711.8,1,1.0041
D,2,43,5000,1.01,71,11,3300,8.456,38.1,118254.5,1,1.0041
D,2,43,5000,1.01,71,12,3600,5.785,24.7,172870.8,1,1.0041
D,2,43,5000,1.01,71,13,3900,6.764,25.5,147834.2,1,1.0041
D,2,43,5000,1.01,71,14,4200,7.638,24.7,130918.6,1,1.0041
D,2,43,5000,1.01,71,15,4500,7.784,24.9,128474.2,1,1.0041
D,2,43,5000,1.01,71,16,4800,9.147,29.5,109329.4,1,1.0041
D,2,43,5000,1.01,71,17,5100,9.541,26.2,104814.5,1,1.0041
D,2,43,5000,1.01,71,18,5400,10.21,32.4,97946.4,1,1.0041
D,2,43,5000,1.01,71,19,5700,11.704,36.8,85443.3,1,1.0041
D,2,43,5000,1.01,71,20,6000,11.668,37.0,85702.0,1,1.0041
D,2,43,5000,1.01,71,21,6300,8.538,27.0,117128.0,1,1.0041
D,2,43,5000,1.01,71,22,6600,8.595,25.1,116351.2,1,1.0041
D,2,43,5000,1.01,71,23,6900,11.436,26.4,87445.7,1,1.0041
D,2,43,5000,1.01,71,24,7200,9.087,19.0,110051.4,1,1.0041
D,2,43,5000,1.01,71,25,7500,9.399,25.6,106390.5,1,1.0041
D,2,43,5000,1.01,71,26,7800,11.266,50.3,88762.7,1,1.0041
D,2,43,5000,1.01,71,27,8100,10.177,25.2,98264.0,1,1.0041
D,2,43,5000,1.01,71,28,8400,10.933,25.0,91469.0,1,1.0041
D,2,43,5000,1.01,71,29,8700,10.999,25.6,90914.6,1,1.0041
D,2,43,5000,1.01,71,30,9000,12.386,44.7,80736.3,1,1.0041
D,2,43,5000,1.01,71,31,9300,13.316,25.3,75095.7,1,1.0041
D,2,43,5000,1.01,71,32,9600,8.044,15.2,124321.4,1,1.0041
D,2,43,5000,1.01,71,33,9900,7.543,15.5,132579.1,1,1.0041
D,2,43,5000,1.01,71,34,10200,6.402,17.0,156201.2,1,1.0041
D,2,43,5000,1.01,71,35,10500,5.433,21.0,184049.1,1,1.0041
D,2,43,5000,1.01,71,36,10800,7.51,22.0,133155.8,1,1.0041
D,2,43,5000,1.01,71,37,11100,8.886,20.9,112540.8,1,1.0041
D,2,43,5000,1.01,71,38,11400,11.645,28.3,85871.3,1,1.0041
D,2,43,5000,1.01,71,39,11700,14.717,35.9,67947.1,1,1.0041
D,2,43,5000,1.01,71,40,12000,17.288,45.9,57843.6,1,1.0041
D,2,43,5000,1.01,71,41,12300,20.5,51.9,48781.3,1,1.0041
D,2,43,5000,1.01,71,42,12600,21.766,58.1,45943.9,1,1.0041
D,2,43,5000,1.01,71,43,12900,24.083,66.7,41523.6,1,1.0041
D,2,43,5000,1.01,71,44,13200,25.413,69.6,39349.4,1,1.0041
D,2,43,5000,1.01,71,45,13500,28.919,78.6,34578.9,1,1.0041
D,2,43,5000,1.01,71,46,13800,31.826,88.2,31420.8,1,1.0041
D,2,43,5000,1.01,71,47,14100,33.093,95.9,30217.9,1,1.0041
D,2,43,5000,1.01,71,48,14400,6.78,74.5,147492.6,1,1.0041
D,2,43,5000,1.01,71,49,14700,7.331,36.2,136407.1,1,1.0041
D,2,43,5000,1.01,71,50,15000,5.624,42.3,177809.3,1,1.0041
D,2,43,5000,1.25,88,1,300,12.176,31.4,82128.8,1,1.2445
D,2,43,5000,1.25,88,2,600,12.24,35.4,81699.3,1,1.2445
D,2,43,5000,1.25,88,3,900,14.329,42.4,69790.2,1,1.2445
D,2,43,5000,1.25,88,4,1200,14.927,46.6,66994.2,1,1.2445
D,2,43,5000,1.25,88,5,1500,16.878,54.0,59247.6,1,1.2445
D,2,43,5000,1.25,88,6,1800,17.854,57.4,56008.8,1,1.2445
D,2,43,5000,1.25,88,7,2100,18.587,65.6,53800.1,1,1.2445
D,2,43,5000,1.25,88,8,2400,5.408,22.7,184911.3,1,1.2445
D,2,43,5000,1.25,88,9,2700,6.981,25.0,143239.1,1,1.2445
D,2,43,5000,1.25,88,10,3000,11.549,26.0,86585.1,1,1.2445
D,2,43,5000,1.25,88,11,3300,7.576,25.9,131989.9,1,1.2445
D,2,43,5000,1.25,88,12,3600,6.499,20.2,153869.8,1,1.2445
D,2,43,5000,1.25,88,13,3900,7.255,15.9,137836.0,1,1.2445
D,2,43,5000,1.25,88,14,4200,7.804,17.8,128139.4,1,1.2445
D,2,43,5000,1.25,88,15,4500,9.011,21.9,110975.5,1,1.2445
D,2,43,5000,1.25,88,16,4800,10.233,26.1,97719.9,1,1.2445
D,2,43,5000,1.25,88,17,5100,9.737,27.4,102701.0,1,1.2445
D,2,43,5000,1.25,88,18,5400,6.169,13.8,162100.8,1,1.2445
D,2,43,5000,1.25,88,19,5700,7.25,17.0,137931.1,1,1.2445
D,2,43,5000,1.25,88,20,6000,9.339,17.1,107077.8,1,1.2445
D,2,43,5000,1.25,88,21,6300,8.221,24.7,121634.8,1,1.2445
D,2,43,5000,1.25,88,22,6600,6.614,25.0,151186.8,1,1.2445
D,2,43,5000,1.25,88,23,6900,8.187,20.8,122139.9,1,1.2445
D,2,43,5000,1.25,88,24,7200,9.095,24.1,109946.5,1,1.2445
D,2,43,5000,1.25,88,25,7500,11.411,25.5,87632.2,1,1.2445
D,2,43,5000,1.25,88,26,7800,13.881,45.2,72039.2,1,1.2445
D,2,43,5000,1.25,88,27,8100,16.538,37.2,60468.0,1,1.2445
D,2,43,5000,1.25,88,28,8400,15.162,40.4,65954.4,1,1.2445
D,2,43,5000,1.25,88,29,8700,17.88,44.9,55928.4,1,1.2445
D,2,43,5000,1.25,88,30,9000,18.146,49.5,55107.6,1,1.2445
D,2,43,5000,1.25,88,31,9300,12.735,52.5,78521.7,1,1.2445
D,2,43,5000,1.25,88,32,9600,6.818,15.2,146663.4,1,1.2445
D,2,43,5000,1.25,88,33,9900,5.853,29.7,170862.3,1,1.2445
D,2,43,5000,1.25,88,34,10200,439.641,31.8,2274.6,1,1.2445
D,2,43,5000,1.25,88,35,10500,7.943,29.7,125891.7,1,1.2445
D,2,43,5000,1.25,88,36,10800,8.577,30.0,116586.4,1,1.2445
D,2,43,5000,1.25,88,37,11100,11.069,32.9,90339.7,1,1.2445
D,2,43,5000,1.25,88,38,11400,13.426,36.5,74482.3,1,1.2445
D,2,43,5000,1.25,88,39,11700,12.961,36.1,77152.6,1,1.2445
D,2,43,5000,1.25,88,40,12000,13.982,39.6,71518.8,1,1.2445
D,2,43,5000,1.25,88,41,12300,18.278,47.9,54710.6,1,1.2445
D,2,43,5000,1.25,88,42,12600,11.794,48.4,84786.5,1,1.2445
D,2,43,5000,1.25,88,43,12900,7.082,30.2,141209.7,1,1.2445
D,2,43,5000,1.25,88,44,13200,8.318,27.1,120226.0,1,1.2445
D,2,43,5000,1.25,88,45,13500,10.758,41.0,92954.1,1,1.2445
D,2,43,5000,1.25,88,46,13800,12.012,34.9,83247.7,1,1.2445
D,2,43,5000,1.25,88,47,14100,13.075,39.9,76483.8,1,1.2445
D,2,43,5000,1.25,88,48,14400,13.274,41.6,75337.1,1,1.2445
D,2,43,5000,1.25,88,49,14700,16.004,51.8,62485.7,1,1.2445
D,2,43,5000,1.25,88,50,15000,17.091,44.8,58510.3,1,1.2445
D,2,43,5000,1.5,106,1,300,10.024,32.6,99763.9,1,1.4991
D,2,43,5000,1.5,106,2,600,9.398,34.0,106405.6,1,1.4991
D,2,43,5000,1.5,106,3,900,11.659,60.9,85768.2,1,1.4991
D,2,43,5000,1.5,106,4,1200,11.106,42.6,90044.1,1,1.4991
D,2,43,5000,1.5,106,5,1500,11.341,43.2,88175.6,1,1.4991
D,2,43,5000,1.5,106,6,1800,11.71,47.0,85394.7,1,1.4991
D,2,43,5000,1.5,106,7,2100,13.408,51.3,74580.5,1,1.4991
D,2,43,5000,1.5,106,8,2400,14.416,53.8,69367.4,1,1.4991
D,2,43,5000,1.5,106,9,2700,13.866,57.6,72120.6,1,1.4991
D,2,43,5000,1.5,106,10,3000,17.098,60.0,58485.2,1,1.4991
D,2,43,5000,1.5,106,11,3300,7.63,16.5,131061.6,1,1.4991
D,2,43,5000,1.5,106,12,3600,6.093,13.5,164113.8,1,1.4991
D,2,43,5000,1.5,106,13,3900,6.851,13.4,145964.1,1,1.4991
D,2,43,5000,1.5,106,14,4200,7.885,17.3,126817.7,1,1.4991
D,2,43,5000,1.5,106,15,4500,9.162,21.9,109142.5,1,1.4991
D,2,43,5000,1.5,106,16,4800,11.371,35.7,87945.6,1,1.4991
D,2,43,5000,1.5,106,17,5100,10.551,29.7,94774.8,1,1.4991
D,2,43,5000,1.5,106,18,5400,5.099,15.2,196104.0,1,1.4991
D,2,43,5000,1.5,106,19,5700,5.401,14.6,185162.3,1,1.4991
D,2,43,5000,1.5,106,20,6000,8.462,18.2,118170.7,1,1.4991
D,2,43,5000,1.5,106,21,6300,9.777,29.4,102284.3,1,1.4991
D,2,43,5000,1.5,106,22,6600,11.804,29.2,84717.0,1,1.4991
D,2,43,5000,1.5,106,23,6900,12.611,34.2,79293.8,1,1.4991
D,2,43,5000,1.5,106,24,7200,14.693,40.2,68061.2,1,1.4991
D,2,43,5000,1.5,106,25,7500,19.458,47.1,51392.7,1,1.4991
D,2,43,5000,1.5,106,26,7800,18.49,52.9,54084.3,1,1.4991
D,2,43,5000,1.5,106,27,8100,22.821,73.8,43819.9,1,1.4991
D,2,43,5000,1.5,106,28,8400,20.784,66.4,48113.2,1,1.4991
D,2,43,5000,1.5,106,29,8700,23.418,72.8,42702.8,1,1.4991
D,2,43,5000,1.5,106,30,9000,26.515,80.2,37714.0,1,1.4991
D,2,43,5000,1.5,106,31,9300,16.73,68.4,59771.7,1,1.4991
D,2,43,5000,1.5,106,32,9600,8.93,33.6,111986.3,1,1.4991
D,2,43,5000,1.5,106,33,9900,8.757,21.4,114198.7,1,1.4991
D,2,43,5000,1.5,106,34,10200,8.126,16.5,123066.8,1,1.4991
D,2,43,5000,1.5,106,35,10500,8.289,17.2,120641.8,1,1.4991
D,2,43,5000,1.5,106,36,10800,8.086,17.0,123670.5,1,1.4991
D,2,43,5000,1.5,106,37,11100,7.029,15.5,142267.8,1,1.4991
D,2,43,5000,1.5,106,38,11400,7.48,20.2,133695.8,1,1.4991
D,2,43,5000,1.5,106,39,11700,7.827,19.0,127762.9,1,1.4991
D,2,43,5000,1.5,106,40,12000,7.862,19.5,127194.1,1,1.4991
D,2,43,5000,1.5,106,41,12300,8.15,17.9,122704.4,1,1.4991
D,2,43,5000,1.5,106,42,12600,6.396,15.4,156347.7,1,1.4991
D,2,43,5000,1.5,106,43,12900,7.406,15.6,135031.7,1,1.4991
D,2,43,5000,1.5,106,44,13200,8.639,30.7,115758.6,1,1.4991
D,2,43,5000,1.5,106,45,13500,9.382,23.3,106590.8,1,1.4991
D,2,43,5000,1.5,106,46,13800,9.902,26.7,100986.3,1,1.4991
D,2,43,5000,1.5,106,47,14100,11.964,33.4,83584.1,1,1.4991
D,2,43,5000,1.5,106,48,14400,12.4,36.5,80643.0,1,1.4991
D,2,43,5000,1.5,106,49,14700,14.24,42.3,70224.7,1,1.4991
D,2,43,5000,1.5,106,50,15000,16.255,47.8,61519.5,1,1.4991
D,2,43,5000,2.0,141,1,300,23.13,70.7,43234.5,1,1.994
D,2,43,5000,2.0,141,2,600,23.044,70.2,43395.2,1,1.994
D,2,43,5000,2.0,141,3,900,25.442,82.2,39305.6,1,1.994
D,2,43,5000,2.0,141,4,1200,25.86,101.1,38669.8,1,1.994
D,2,43,5000,2.0,141,5,1500,30.249,93.2,33059.3,1,1.994
D,2,43,5000,2.0,141,6,1800,29.366,92.5,34053.4,1,1.994
D,2,43,5000,2.0,141,7,2100,34.858,108.1,28687.5,1,1.994
D,2,43,5000,2.0,141,8,2400,33.795,111.7,29590.2,1,1.994
D,2,43,5000,2.0,141,9,2700,38.86,133.8,25733.6,1,1.994
D,2,43,5000,2.0,141,10,3000,39.095,141.1,25578.5,1,1.994
D,2,43,5000,2.0,141,11,3300,12.87,23.4,77702.1,1,1.994
D,2,43,5000,2.0,141,12,3600,7.577,16.1,131972.6,1,1.994
D,2,43,5000,2.0,141,13,3900,5.544,14.4,180364.4,1,1.994
D,2,43,5000,2.0,141,14,4200,5.002,13.0,199920.1,1,1.994
D,2,43,5000,2.0,141,15,4500,5.91,11.8,169204.7,1,1.994
D,2,43,5000,2.0,141,16,4800,7.647,16.2,130776.0,1,1.994
D,2,43,5000,2.0,141,17,5100,8.31,21.0,120336.9,1,1.994
D,2,43,5000,2.0,141,18,5400,9.995,25.4,100053.4,1,1.994
D,2,43,5000,2.0,141,19,5700,10.883,31.1,91886.4,1,1.994
D,2,43,5000,2.0,141,20,6000,13.836,39.2,72277.0,1,1.994
D,2,43,5000,2.0,141,21,6300,13.645,42.2,73288.7,1,1.994
D,2,43,5000,2.0,141,22,6600,15.034,45.8,66517.4,1,1.994
D,2,43,5000,2.0,141,23,6900,15.818,49.9,63217.8,1,1.994
D,2,43,5000,2.0,141,24,7200,15.898,55.7,62899.7,1,1.994
D,2,43,5000,2.0,141,25,7500,17.846,59.7,56033.9,1,1.994
D,2,43,5000,2.0,141,26,7800,20.108,68.7,49731.4,1,1.994
D,2,43,5000,2.0,141,27,8100,20.839,70.5,47986.2,1,1.994
D,2,43,5000,2.0,141,28,8400,20.48,72.1,48828.9,1,1.994
D,2,43,5000,2.0,141,29,8700,25.656,86.5,38977.2,1,1.994
D,2,43,5000,2.0,141,30,9000,22.33,81.4,44783.5,1,1.994
D,2,43,5000,2.0,141,31,9300,14.33,80.6,69782.0,1,1.994
D,2,43,5000,2.0,141,32,9600,4.821,8.5,207425.8,1,1.994
D,2,43,5000,2.0,141,33,9900,6.64,25.6,150602.4,1,1.994
D,2,43,5000,2.0,141,34,10200,7.547,16.3,132497.1,1,1.994
D,2,43,5000,2.0,141,35,10500,8.437,23.5,118520.9,1,1.994
D,2,43,5000,2.0,141,36,10800,9.749,27.8,102574.6,1,1.994
D,2,43,5000,2.0,141,37,11100,11.279,35.7,88657.7,1,1.994
D,2,43,5000,2.0,141,38,11400,13.432,37.1,74450.9,1,1.994
D,2,43,5000,2.0,141,39,11700,12.237,42.8,81719.4,1,1.994
D,2,43,5000,2.0,141,40,12000,6.654,25.3,150278.0,1,1.994
D,2,43,5000,2.0,141,41,12300,11.385,36.2,87832.3,1,1.994
D,2,43,5000,2.0,141,42,12600,9.401,26.5,106367.9,1,1.994
D,2,43,5000,2.0,141,43,12900,10.773,31.3,92827.5,1,1.994
D,2,43,5000,2.0,141,44,13200,11.904,29.4,84007.7,1,1.994
D,2,43,5000,2.0,141,45,13500,15.146,45.5,66024.0,1,1.994
D,2,43,5000,2.0,141,46,13800,15.211,36.5,65741.9,1,1.994
D,2,43,5000,2.0,141,47,14100,16.779,42.0,59597.1,1,1.994
D,2,43,5000,2.0,141,48,14400,16.953,49.4,58986.6,1,1.994
D,2,43,5000,2.0,141,49,14700,18.879,53.7,52968.0,1,1.994
D,2,43,5000,2.0,141,50,15000,20.723,57.5,48256.3,1,1.994
D,2,43,25000,0.5,79,1,300,22.504,64.0,44437.2,1,0.4996
D,2,43,25000,0.5,79,2,600,19.744,65.6,50649.2,1,0.4996
D,2,43,25000,0.5,79,3,900,22.862,75.6,43740.1,1,0.4996
D,2,43,25000,0.5,79,4,1200,20.773,78.1,48140.2,1,0.4996
D,2,43,25000,0.5,79,5,1500,24.093,87.5,41505.3,1,0.4996
D,2,43,25000,0.5,79,6,1800,26.102,91.4,38311.2,1,0.4996
D,2,43,25000,0.5,79,7,2100,24.27,86.2,41203.7,1,0.4996
D,2,43,25000,0.5,79,8,2400,27.865,100.4,35887.3,1,0.4996
D,2,43,25000,0.5,79,9,2700,28.302,103.7,35333.6,1,0.4996
D,2,43,25000,0.5,79,10,3000,29.759,112.9,33603.3,1,0.4996
D,2,43,25000,0.5,79,11,3300,13.133,82.5,76144.1,1,0.4996
D,2,43,25000,0.5,79,12,3600,7.322,19.2,136580.9,1,0.4996
D,2,43,25000,0.5,79,13,3900,9.342,19.7,107039.6,1,0.4996
D,2,43,25000,0.5,79,14,4200,10.837,27.6,92276.4,1,0.4996
D,2,43,25000,0.5,79,15,4500,13.324,35.9,75050.6,1,0.4996
D,2,43,25000,0.5,79,16,4800,14.856,43.0,67311.4,1,0.4996
D,2,43,25000,0.5,79,17,5100,17.138,49.3,58351.0,1,0.4996
D,2,43,25000,0.5,79,18,5400,18.453,53.6,54190.8,1,0.4996
D,2,43,25000,0.5,79,19,5700,20.253,61.4,49374.6,1,0.4996
D,2,43,25000,0.5,79,20,6000,21.959,66.5,45538.7,1,0.4996
D,2,43,25000,0.5,79,21,6300,13.367,63.0,74809.2,1,0.4996
D,2,43,25000,0.5,79,22,6600,8.345,17.5,119837.0,1,0.4996
D,2,43,25000,0.5,79,23,6900,8.084,16.8,123706.3,1,0.4996
D,2,43,25000,0.5,79,24,7200,8.392,16.4,119156.4,1,0.4996
D,2,43,25000,0.5,79,25,7500,9.167,18.7,109087.0,1,0.4996
D,2,43,25000,0.5,79,26,7800,13.381,35.7,74731.0,1,0.4996
D,2,43,25000,0.5,79,27,8100,9.814,20.2,101898.7,1,0.4996
D,2,43,25000,0.5,79,28,8400,9.918,20.9,100826.8,1,0.4996
D,2,43,25000,0.5,79,29,8700,10.372,22.9,96416.5,1,0.4996
D,2,43,25000,0.5,79,30,9000,11.25,24.9,88888.9,1,0.4996
D,2,43,25000,0.5,79,31,9300,16.013,31.0,62448.0,1,0.4996
D,2,43,25000,0.5,79,32,9600,6.589,17.2,151760.4,1,0.4996
D,2,43,25000,0.5,79,33,9900,6.077,17.8,164545.8,1,0.4996
D,2,43,25000,0.5,79,34,10200,5.791,12.0,172671.8,1,0.4996
D,2,43,25000,0.5,79,35,10500,8.326,24.4,120100.9,1,0.4996
D,2,43,25000,0.5,79,36,10800,11.613,42.0,86112.9,1,0.4996
D,2,43,25000,0.5,79,37,11100,13.853,34.3,72186.5,1,0.4996
D,2,43,25000,0.5,79,38,11400,16.627,43.6,60144.3,1,0.4996
D,2,43,25000,0.5,79,39,11700,8.219,46.9,121674.2,1,0.4996
D,2,43,25000,0.5,79,40,12000,7.61,58.5,131400.3,1,0.4996
D,2,43,25000,0.5,79,41,12300,13.081,59.4,76446.8,1,0.4996
D,2,43,25000,0.5,79,42,12600,12.42,30.3,80515.3,1,0.4996
D,2,43,25000,0.5,79,43,12900,14.165,35.4,70596.5,1,0.4996
D,2,43,25000,0.5,79,44,13200,18.618,46.8,53711.5,1,0.4996
D,2,43,25000,0.5,79,45,13500,20.047,58.4,49882.8,1,0.4996
D,2,43,25000,0.5,79,46,13800,22.922,60.3,43626.8,1,0.4996
D,2,43,25000,0.5,79,47,14100,25.83,67.3,38714.2,1,0.4996
D,2,43,25000,0.5,79,48,14400,28.193,77.9,35470.2,1,0.4996
D,2,43,25000,0.5,79,49,14700,12.935,77.1,77311.6,1,0.4996
D,2,43,25000,0.5,79,50,15000,5.964,14.9,167682.1,1,0.4996
D,2,43,25000,0.75,118,1,300,19.561,53.5,51123.0,1,0.7463
D,2,43,25000,0.75,118,2,600,17.516,55.0,57090.7,1,0.7463
D,2,43,25000,0.75,118,3,900,19.533,62.0,51194.5,1,0.7463
D,2,43,25000,0.75,118,4,1200,17.393,65.7,57495.5,1,0.7463
D,2,43,25000,0.75,118,5,1500,20.952,75.2,47727.4,1,0.7463
D,2,43,25000,0.75,118,6,1800,21.832,75.6,45803.6,1,0.7463
D,2,43,25000,0.75,118,7,2100,19.866,72.0,50338.1,1,0.7463
D,2,43,25000,0.75,118,8,2400,23.004,85.8,43470.1,1,0.7463
D,2,43,25000,0.75,118,9,2700,22.579,85.1,44288.9,1,0.7463
D,2,43,25000,0.75,118,10,3000,24.236,96.4,41260.4,1,0.7463
D,2,43,25000,0.75,118,11,3300,14.273,84.6,70062.3,1,0.7463
D,2,43,25000,0.75,118,12,3600,6.261,23.9,159710.4,1,0.7463
D,2,43,25000,0.75,118,13,3900,7.579,17.8,131949.3,1,0.7463
D,2,43,25000,0.75,118,14,4200,9.193,25.6,108778.4,1,0.7463
D,2,43,25000,0.75,118,15,4500,9.992,25.1,100083.4,1,0.7463
D,2,43,25000,0.75,118,16,4800,10.524,27.8,95020.9,1,0.7463
D,2,43,25000,0.75,118,17,5100,11.652,33.8,85819.7,1,0.7463
D,2,43,25000,0.75,118,18,5400,13.225,37.3,75612.5,1,0.7463
D,2,43,25000,0.75,118,19,5700,14.158,40.9,70631.4,1,0.7463
D,2,43,25000,0.75,118,20,6000,14.905,44.9,67093.1,1,0.7463
D,2,43,25000,0.75,118,21,6300,17.418,51.2,57411.9,1,0.7463
D,2,43,25000,0.75,118,22,6600,14.577,54.4,68601.2,1,0.7463
D,2,43,25000,0.75,118,23,6900,15.428,54.5,64815.8,1,0.7463
D,2,43,25000,0.75,118,24,7200,16.283,60.3,61415.0,1,0.7463
D,2,43,25000,0.75,118,25,7500,18.897,64.9,52917.5,1,0.7463
D,2,43,25000,0.75,118,26,7800,18.39,70.0,54378.4,1,0.7463
D,2,43,25000,0.75,118,27,8100,19.61,71.2,50994.4,1,0.7463
D,2,43,25000,0.75,118,28,8400,21.632,77.2,46228.5,1,0.7463
D,2,43,25000,0.75,118,29,8700,23.658,89.3,42269.0,1,0.7463
D,2,43,25000,0.75,118,30,9000,24.347,86.9,41072.8,1,0.7463
D,2,43,25000,0.75,118,31,9300,20.129,86.7,49679.6,1,0.7463
D,2,43,25000,0.75,118,32,9600,7.893,43.5,126689.2,1,0.7463
D,2,43,25000,0.75,118,33,9900,8.529,47.3,117247.0,1,0.7463
D,2,43,25000,0.75,118,34,10200,11.978,21.5,83488.7,1,0.7463
D,2,43,25000,0.75,118,35,10500,10.076,24.1,99245.7,1,0.7463
D,2,43,25000,0.75,118,36,10800,11.045,36.2,90536.0,1,0.7463
D,2,43,25000,0.75,118,37,11100,11.411,32.8,87637.3,1,0.7463
D,2,43,25000,0.75,118,38,11400,12.614,37.8,79277.0,1,0.7463
D,2,43,25000,0.75,118,39,11700,13.344,41.8,74940.1,1,0.7463
D,2,43,25000,0.75,118,40,12000,14.955,50.5,66865.8,1,0.7463
D,2,43,25000,0.75,118,41,12300,19.613,55.2,50986.6,1,0.7463
D,2,43,25000,0.75,118,42,12600,16.188,57.5,61775.4,1,0.7463
D,2,43,25000,0.75,118,43,12900,16.932,56.9,59060.9,1,0.7463
D,2,43,25000,0.75,118,44,13200,18.505,60.9,54039.5,1,0.7463
D,2,43,25000,0.75,118,45,13500,18.993,68.9,52651.0,1,0.7463
D,2,43,25000,0.75,118,46,13800,20.928,70.4,47783.6,1,0.7463
D,2,43,25000,0.75,118,47,14100,21.481,80.4,46552.8,1,0.7463
D,2,43,25000,0.75,118,48,14400,23.418,85.6,42702.2,1,0.7463
D,2,43,25000,0.75,118,49,14700,22.748,89.6,43959.9,1,0.7463
D,2,43,25000,0.75,118,50,15000,26.304,95.5,38016.6,1,0.7463
D,2,43,25000,1.0,158,1,300,16.822,45.9,59447.1,1,0.9993
D,2,43,25000,1.0,158,2,600,12.615,47.4,79268.6,1,0.9993
D,2,43,25000,1.0,158,3,900,14.421,49.8,69344.9,1,0.9993
D,2,43,25000,1.0,158,4,1200,12.497,53.8,80021.3,1,0.9993
D,2,43,25000,1.0,158,5,1500,14.125,56.8,70796.5,1,0.9993
D,2,43,25000,1.0,158,6,1800,17.442,74.8,57331.8,1,0.9993
D,2,43,25000,1.0,158,7,2100,14.845,59.4,67364.2,1,0.9993
D,2,43,25000,1.0,158,8,2400,15.823,66.2,63199.1,1,0.9993
D,2,43,25000,1.0,158,9,2700,16.409,70.3,60940.9,1,0.9993
D,2,43,25000,1.0,158,10,3000,16.585,77.0,60295.4,1,0.9993
D,2,43,25000,1.0,158,11,3300,18.729,44.6,53392.2,1,0.9993
D,2,43,25000,1.0,158,12,3600,10.82,26.6,92424.3,1,0.9993
D,2,43,25000,1.0,158,13,3900,10.165,26.5,98380.0,1,0.9993
D,2,43,25000,1.0,158,14,4200,9.911,24.5,100898.0,1,0.9993
D,2,43,25000,1.0,158,15,4500,6.095,21.3,164077.8,1,0.9993
D,2,43,25000,1.0,158,16,4800,7.613,18.4,131354.2,1,0.9993
D,2,43,25000,1.0,158,17,5100,8.424,18.7,118713.2,1,0.9993
D,2,43,25000,1.0,158,18,5400,10.715,32.6,93327.1,1,0.9993
D,2,43,25000,1.0,158,19,5700,11.408,29.3,87655.2,1,0.9993
D,2,43,25000,1.0,158,20,6000,9.157,30.6,109210.0,1,0.9993
D,2,43,25000,1.0,158,21,6300,10.444,18.4,95748.8,1,0.9993
D,2,43,25000,1.0,158,22,6600,8.395,23.6,119118.5,1,0.9993
D,2,43,25000,1.0,158,23,6900,10.256,27.5,97503.9,1,0.9993
D,2,43,25000,1.0,158,24,7200,11.224,28.0,89092.2,1,0.9993
D,2,43,25000,1.0,158,25,7500,13.002,31.6,76909.3,1,0.9993
D,2,43,25000,1.0,158,26,7800,13.63,37.8,73369.4,1,0.9993
D,2,43,25000,1.0,158,27,8100,18.564,43.7,53867.7,1,0.9993
D,2,43,25000,1.0,158,28,8400,17.918,50.5,55808.8,1,0.9993
D,2,43,25000,1.0,158,29,8700,16.361,56.0,61119.7,1,0.9993
D,2,43,25000,1.0,158,30,9000,5.325,15.3,187781.6,1,0.9993
D,2,43,25000,1.0,158,31,9300,19.009,49.5,52607.6,1,0.9993
D,2,43,25000,1.0,158,32,9600,10.398,45.9,96169.2,1,0.9993
D,2,43,25000,1.0,158,33,9900,11.196,51.6,89320.3,1,0.9993
D,2,43,25000,1.0,158,34,10200,10.453,26.5,95669.4,1,0.9993
D,2,43,25000,1.0,158,35,10500,10.284,25.7,97238.4,1,0.9993
D,2,43,25000,1.0,158,36,10800,10.56,27.2,94700.0,1,0.9993
D,2,43,25000,1.0,158,37,11100,8.293,23.9,120583.6,1,0.9993
D,2,43,25000,1.0,158,38,11400,9.146,28.9,109341.4,1,0.9993
D,2,43,25000,1.0,158,39,11700,5.96,19.4,167785.2,1,0.9993
D,2,43,25000,1.0,158,40,12000,5.873,15.4,170270.7,1,0.9993
D,2,43,25000,1.0,158,41,12300,10.754,47.3,92988.7,1,0.9993
D,2,43,25000,1.0,158,42,12600,8.382,17.5,119308.0,1,0.9993
D,2,43,25000,1.0,158,43,12900,10.277,25.2,97301.5,1,0.9993
D,2,43,25000,1.0,158,44,13200,8.719,27.0,114687.7,1,0.9993
D,2,43,25000,1.0,158,45,13500,5.95,19.5,168057.8,1,0.9993
D,2,43,25000,1.0,158,46,13800,7.53,18.0,132802.1,1,0.9993
D,2,43,25000,1.0,158,47,14100,9.839,24.0,101636.3,1,0.9993
D,2,43,25000,1.0,158,48,14400,11.289,30.9,88579.2,1,0.9993
D,2,43,25000,1.0,158,49,14700,13.029,36.6,76749.9,1,0.9993
D,2,43,25000,1.0,158,50,15000,14.247,44.1,70191.9,1,0.9993
D,2,43,25000,1.01,159,1,300,21.98,59.1,45496.6,1,1.0056
D,2,43,25000,1.01,159,2,600,20.922,61.7,47797.3,1,1.0056
D,2,43,25000,1.01,159,3,900,22.269,68.3,44906.1,1,1.0056
D,2,43,25000,1.01,159,4,1200,21.122,71.6,47344.0,1,1.0056
D,2,43,25000,1.01,159,5,1500,24.496,78.4,40822.4,1,1.0056
D,2,43,25000,1.01,159,6,1800,27.081,82.9,36926.7,1,1.0056
D,2,43,25000,1.01,159,7,2100,24.727,80.7,40441.6,1,1.0056
D,2,43,25000,1.01,159,8,2400,27.839,94.5,35921.3,1,1.0056
D,2,43,25000,1.01,159,9,2700,27.748,93.4,36039.1,1,1.0056
D,2,43,25000,1.01,159,10,3000,29.423,105.1,33987.0,1,1.0056
D,2,43,25000,1.01,159,11,3300,13.671,74.6,73149.3,1,1.0056
D,2,43,25000,1.01,159,12,3600,8.012,19.6,124807.6,1,1.0056
D,2,43,25000,1.01,159,13,3900,8.253,18.6,121163.1,1,1.0056
D,2,43,25000,1.01,159,14,4200,9.623,25.8,103917.7,1,1.0056
D,2,43,25000,1.01,159,15,4500,11.235,31.5,89004.9,1,1.0056
D,2,43,25000,1.01,159,16,4800,11.95,35.7,83682.0,1,1.0056
D,2,43,25000,1.01,159,17,5100,13.558,42.8,73757.2,1,1.0056
D,2,43,25000,1.01,159,18,5400,15.328,47.4,65238.7,1,1.0056
D,2,43,25000,1.01,159,19,5700,15.419,47.8,64853.6,1,1.0056
D,2,43,25000,1.01,159,20,6000,17.538,56.9,57019.1,1,1.0056
D,2,43,25000,1.01,159,21,6300,23.469,68.3,42609.4,1,1.0056
D,2,43,25000,1.01,159,22,6600,20.563,68.3,48630.2,1,1.0056
D,2,43,25000,1.01,159,23,6900,22.957,74.6,43559.7,1,1.0056
D,2,43,25000,1.01,159,24,7200,22.702,76.6,44048.3,1,1.0056
D,2,43,25000,1.01,159,25,7500,26.438,78.5,37823.9,1,1.0056
D,2,43,25000,1.01,159,26,7800,25.569,89.1,39109.4,1,1.0056
D,2,43,25000,1.01,159,27,8100,26.031,91.4,38415.7,1,1.0056
D,2,43,25000,1.01,159,28,8400,26.806,94.3,37304.6,1,1.0056
D,2,43,25000,1.01,159,29,8700,29.902,105.3,33442.9,1,1.0056
D,2,43,25000,1.01,159,30,9000,30.477,108.0,32811.3,1,1.0056
D,2,43,25000,1.01,159,31,9300,22.886,113.2,43694.8,1,1.0056
D,2,43,25000,1.01,159,32,9600,7.682,38.8,130174.4,1,1.0056
D,2,43,25000,1.01,159,33,9900,9.161,42.9,109162.4,1,1.0056
D,2,43,25000,1.01,159,34,10200,10.176,23.9,98270.4,1,1.0056
D,2,43,25000,1.01,159,35,10500,11.751,41.8,85096.7,1,1.0056
D,2,43,25000,1.01,159,36,10800,13.147,34.6,76061.1,1,1.0056
D,2,43,25000,1.01,159,37,11100,14.734,39.4,67868.7,1,1.0056
D,2,43,25000,1.01,159,38,11400,17.371,65.5,57566.1,1,1.0056
D,2,43,25000,1.01,159,39,11700,17.536,51.2,57024.5,1,1.0056
D,2,43,25000,1.01,159,40,12000,18.328,55.4,54562.3,1,1.0056
D,2,43,25000,1.01,159,41,12300,25.2,70.9,39682.5,1,1.0056
D,2,43,25000,1.01,159,42,12600,21.368,70.4,46799.7,1,1.0056
D,2,43,25000,1.01,159,43,12900,21.609,74.8,46277.7,1,1.0056
D,2,43,25000,1.01,159,44,13200,24.887,75.4,40181.6,1,1.0056
D,2,43,25000,1.01,159,45,13500,25.287,86.3,39545.5,1,1.0056
D,2,43,25000,1.01,159,46,13800,27.377,86.1,36527.5,1,1.0056
D,2,43,25000,1.01,159,47,14100,29.122,101.9,34338.7,1,1.0056
D,2,43,25000,1.01,159,48,14400,28.903,104.8,34598.9,1,1.0056
D,2,43,25000,1.01,159,49,14700,30.68,109.7,32594.2,1,1.0056
D,2,43,25000,1.01,159,50,15000,35.099,117.5,28490.8,1,1.0056
D,2,43,25000,1.25,197,1,300,23.838,90.8,41950.4,1,1.2459
D,2,43,25000,1.25,197,2,600,21.532,66.7,46442.5,1,1.2459
D,2,43,25000,1.25,197,3,900,25.019,73.8,39969.1,1,1.2459
D,2,43,25000,1.25,197,4,1200,23.058,81.1,43368.9,1,1.2459
D,2,43,25000,1.25,197,5,1500,31.052,157.4,32203.7,1,1.2459
D,2,43,25000,1.25,197,6,1800,31.402,94.9,31845.4,1,1.2459
D,2,43,25000,1.25,197,7,2100,27.65,91.9,36165.9,1,1.2459
D,2,43,25000,1.25,197,8,2400,30.873,105.7,32390.8,1,1.2459
D,2,43,25000,1.25,197,9,2700,31.119,105.2,32134.7,1,1.2459
D,2,43,25000,1.25,197,10,3000,33.536,117.7,29818.7,1,1.2459
D,2,43,25000,1.25,197,11,3300,16.156,87.9,61897.8,1,1.2459
D,2,43,25000,1.25,197,12,3600,7.768,28.0,128738.8,1,1.2459
D,2,43,25000,1.25,197,13,3900,10.806,36.3,92538.3,1,1.2459
D,2,43,25000,1.25,197,14,4200,11.81,30.3,84671.6,1,1.2459
D,2,43,25000,1.25,197,15,4500,14.479,37.7,69067.1,1,1.2459
D,2,43,25000,1.25,197,16,4800,15.435,40.6,64787.8,1,1.2459
D,2,43,25000,1.25,197,17,5100,18.625,51.6,53691.3,1,1.2459
D,2,43,25000,1.25,197,18,5400,19.615,55.9,50980.5,1,1.2459
D,2,43,25000,1.25,197,19,5700,21.113,63.2,47364.2,1,1.2459
D,2,43,25000,1.25,197,20,6000,22.967,69.2,43540.7,1,1.2459
D,2,43,25000,1.25,197,21,6300,29.807,93.1,33548.8,1,1.2459
D,2,43,25000,1.25,197,22,6600,27.294,84.1,36637.6,1,1.2459
D,2,43,25000,1.25,197,23,6900,31.542,109.3,31704.1,1,1.2459
D,2,43,25000,1.25,197,24,7200,30.442,94.0,32849.0,1,1.2459
D,2,43,25000,1.25,197,25,7500,35.191,102.5,28416.1,1,1.2459
D,2,43,25000,1.25,197,26,7800,34.403,108.2,29067.2,1,1.2459
D,2,43,25000,1.25,197,27,8100,35.458,112.0,28202.4,1,1.2459
D,2,43,25000,1.25,197,28,8400,39.914,119.0,25054.1,1,1.2459
D,2,43,25000,1.25,197,29,8700,59.469,198.6,16815.5,1,1.2459
D,2,43,25000,1.25,197,30,9000,52.202,211.7,19156.4,1,1.2459
D,2,43,25000,1.25,197,31,9300,33.376,136.5,29961.3,1,1.2459
D,2,43,25000,1.25,197,32,9600,6.906,27.8,144794.7,1,1.2459
D,2,43,25000,1.25,197,33,9900,7.721,30.2,129511.3,1,1.2459
D,2,43,25000,1.25,197,34,10200,10.157,34.3,98457.5,1,1.2459
D,2,43,25000,1.25,197,35,10500,10.384,25.2,96302.0,1,1.2459
D,2,43,25000,1.25,197,36,10800,11.999,30.9,83338.0,1,1.2459
D,2,43,25000,1.25,197,37,11100,13.612,36.1,73464.6,1,1.2459
D,2,43,25000,1.25,197,38,11400,16.408,43.6,60945.9,1,1.2459
D,2,43,25000,1.25,197,39,11700,16.856,46.1,59324.9,1,1.2459
D,2,43,25000,1.25,197,40,12000,18.093,53.8,55269.0,1,1.2459
D,2,43,25000,1.25,197,41,12300,25.567,91.3,39113.4,1,1.2459
D,2,43,25000,1.25,197,42,12600,21.124,67.1,47338.8,1,1.2459
D,2,43,25000,1.25,197,43,12900,21.073,67.4,47454.1,1,1.2459
D,2,43,25000,1.25,197,44,13200,24.372,71.9,41031.3,1,1.2459
D,2,43,25000,1.25,197,45,13500,24.442,82.7,40912.6,1,1.2459
D,2,43,25000,1.25,197,46,13800,27.07,83.3,36941.3,1,1.2459
D,2,43,25000,1.25,197,47,14100,30.238,98.5,33071.0,1,1.2459
D,2,43,25000,1.25,197,48,14400,30.268,111.5,33038.2,1,1.2459
D,2,43,25000,1.25,197,49,14700,30.182,106.7,33132.3,1,1.2459
D,2,43,25000,1.25,197,50,15000,34.556,112.6,28938.3,1,1.2459
D,2,43,25000,1.5,237,1,300,20.604,57.9,48534.3,1,1.4989
D,2,43,25000,1.5,237,2,600,19.476,60.3,51345.2,1,1.4989
D,2,43,25000,1.5,237,3,900,21.628,67.4,46237.1,1,1.4989
D,2,43,25000,1.5,237,4,1200,20.351,72.7,49137.6,1,1.4989
D,2,43,25000,1.5,237,5,1500,23.472,80.1,42604.0,1,1.4989
D,2,43,25000,1.5,237,6,1800,25.995,82.4,38468.4,1,1.4989
D,2,43,25000,1.5,237,7,2100,23.417,79.3,42704.6,1,1.4989
D,2,43,25000,1.5,237,8,2400,26.812,93.2,37296.3,1,1.4989
D,2,43,25000,1.5,237,9,2700,26.529,95.9,37694.1,1,1.4989
D,2,43,25000,1.5,237,10,3000,29.825,107.2,33528.5,1,1.4989
D,2,43,25000,1.5,237,11,3300,16.38,74.7,61048.8,1,1.4989
D,2,43,25000,1.5,237,12,3600,9.262,28.9,107971.9,1,1.4989
D,2,43,25000,1.5,237,13,3900,10.087,20.4,99137.5,1,1.4989
D,2,43,25000,1.5,237,14,4200,10.934,24.4,91460.6,1,1.4989
D,2,43,25000,1.5,237,15,4500,12.59,29.9,79428.1,1,1.4989
D,2,43,25000,1.5,237,16,4800,14.375,37.2,69565.2,1,1.4989
D,2,43,25000,1.5,237,17,5100,14.78,40.8,67659.0,1,1.4989
D,2,43,25000,1.5,237,18,5400,16.087,45.3,62162.0,1,1.4989
D,2,43,25000,1.5,237,19,5700,17.598,63.9,56824.6,1,1.4989
D,2,43,25000,1.5,237,20,6000,18.662,56.7,53584.8,1,1.4989
D,2,43,25000,1.5,237,21,6300,22.793,62.1,43873.8,1,1.4989
D,2,43,25000,1.5,237,22,6600,23.909,69.8,41825.3,1,1.4989
D,2,43,25000,1.5,237,23,6900,23.541,72.9,42479.7,1,1.4989
D,2,43,25000,1.5,237,24,7200,25.156,77.7,39751.4,1,1.4989
D,2,43,25000,1.5,237,25,7500,27.146,80.0,36838.3,1,1.4989
D,2,43,25000,1.5,237,26,7800,27.921,95.4,35815.3,1,1.4989
D,2,43,25000,1.5,237,27,8100,27.768,92.2,36013.1,1,1.4989
D,2,43,25000,1.5,237,28,8400,29.849,95.8,33502.3,1,1.4989
D,2,43,25000,1.5,237,29,8700,33.17,108.8,30148.0,1,1.4989
D,2,43,25000,1.5,237,30,9000,33.512,110.4,29839.8,1,1.4989
D,2,43,25000,1.5,237,31,9300,25.982,110.6,38488.7,1,1.4989
D,2,43,25000,1.5,237,32,9600,8.414,27.3,118849.5,1,1.4989
D,2,43,25000,1.5,237,33,9900,8.732,25.3,114521.3,1,1.4989
D,2,43,25000,1.5,237,34,10200,10.834,27.0,92299.2,1,1.4989
D,2,43,25000,1.5,237,35,10500,11.538,25.1,86672.6,1,1.4989
D,2,43,25000,1.5,237,36,10800,12.712,30.6,78667.9,1,1.4989
D,2,43,25000,1.5,237,37,11100,13.857,35.3,72165.7,1,1.4989
D,2,43,25000,1.5,237,38,11400,18.708,71.2,53453.1,1,1.4989
D,2,43,25000,1.5,237,39,11700,17.391,44.6,57502.1,1,1.4989
D,2,43,25000,1.5,237,40,12000,18.041,51.6,55430.3,1,1.4989
D,2,43,25000,1.5,237,41,12300,25.535,71.6,39161.4,1,1.4989
D,2,43,25000,1.5,237,42,12600,20.712,64.9,48282.0,1,1.4989
D,2,43,25000,1.5,237,43,12900,21.477,65.8,46560.7,1,1.4989
D,2,43,25000,1.5,237,44,13200,22.448,68.4,44546.7,1,1.4989
D,2,43,25000,1.5,237,45,13500,22.734,89.0,43987.0,1,1.4989
D,2,43,25000,1.5,237,46,13800,24.626,82.2,40608.0,1,1.4989
D,2,43,25000,1.5,237,47,14100,26.327,89.0,37983.8,1,1.4989
D,2,43,25000,1.5,237,48,14400,26.162,95.2,38223.9,1,1.4989
D,2,43,25000,1.5,237,49,14700,28.339,104.8,35287.5,1,1.4989
D,2,43,25000,1.5,237,50,15000,30.576,106.0,32705.0,1,1.4989
D,2,43,25000,2.0,316,1,300,16.01,42.1,62459.7,1,1.9986
D,2,43,25000,2.0,316,2,600,14.327,48.2,69799.9,1,1.9986
D,2,43,25000,2.0,316,3,900,5.539,22.7,180549.0,1,1.9986
D,2,43,25000,2.0,316,4,1200,7.025,21.7,142355.5,1,1.9986
D,2,43,25000,2.0,316,5,1500,8.151,21.7,122684.3,1,1.9986
D,2,43,25000,2.0,316,6,1800,9.005,23.5,111053.5,1,1.9986
D,2,43,25000,2.0,316,7,2100,11.301,29.9,88490.4,1,1.9986
D,2,43,25000,2.0,316,8,2400,13.731,40.0,72827.9,1,1.9986
D,2,43,25000,2.0,316,9,2700,13.728,40.5,72842.0,1,1.9986
D,2,43,25000,2.0,316,10,3000,14.883,46.9,67190.8,1,1.9986
D,2,43,25000,2.0,316,11,3300,16.143,41.0,61947.6,1,1.9986
D,2,43,25000,2.0,316,12,3600,6.726,25.1,148676.8,1,1.9986
D,2,43,25000,2.0,316,13,3900,7.582,24.8,131891.4,1,1.9986
D,2,43,25000,2.0,316,14,4200,7.984,20.2,125245.3,1,1.9986
D,2,43,25000,2.0,316,15,4500,8.795,24.4,113696.7,1,1.9986
D,2,43,25000,2.0,316,16,4800,9.623,27.1,103921.3,1,1.9986
D,2,43,25000,2.0,316,17,5100,9.817,31.1,101867.6,1,1.9986
D,2,43,25000,2.0,316,18,5400,10.6,33.8,94342.6,1,1.9986
D,2,43,25000,2.0,316,19,5700,10.522,33.3,95036.0,1,1.9986
D,2,43,25000,2.0,316,20,6000,12.078,41.6,82795.2,1,1.9986
D,2,43,25000,2.0,316,21,6300,12.164,39.8,82212.1,1,1.9986
D,2,43,25000,2.0,316,22,6600,7.339,25.0,136252.2,1,1.9986
D,2,43,25000,2.0,316,23,6900,7.194,24.6,138998.3,1,1.9986
D,2,43,25000,2.0,316,24,7200,7.381,23.9,135489.1,1,1.9986
D,2,43,25000,2.0,316,25,7500,7.617,21.5,131285.2,1,1.9986
D,2,43,25000,2.0,316,26,7800,7.959,25.8,125638.7,1,1.9986
D,2,43,25000,2.0,316,27,8100,7.609,20.5,131429.1,1,1.9986
D,2,43,25000,2.0,316,28,8400,7.741,24.7,129176.7,1,1.9986
D,2,43,25000,2.0,316,29,8700,8.37,22.1,119479.1,1,1.9986
D,2,43,25000,2.0,316,30,9000,8.21,22.8,121797.7,1,1.9986
D,2,43,25000,2.0,316,31,9300,17.015,42.6,58770.5,1,1.9986
D,2,43,25000,2.0,316,32,9600,7.384,28.9,135434.1,1,1.9986
D,2,43,25000,2.0,316,33,9900,5.6,26.6,178571.4,1,1.9986
D,2,43,25000,2.0,316,34,10200,6.851,21.5,145971.1,1,1.9986
D,2,43,25000,2.0,316,35,10500,12.405,25.3,80610.5,1,1.9986
D,2,43,25000,2.0,316,36,10800,10.236,29.1,97694.4,1,1.9986
D,2,43,25000,2.0,316,37,11100,11.443,31.1,87392.2,1,1.9986
D,2,43,25000,2.0,316,38,11400,13.107,38.7,76293.2,1,1.9986
D,2,43,25000,2.0,316,39,11700,15.452,44.0,64716.6,1,1.9986
D,2,43,25000,2.0,316,40,12000,15.927,48.3,62786.5,1,1.9986
D,2,43,25000,2.0,316,41,12300,21.69,55.2,46104.9,1,1.9986
D,2,43,25000,2.0,316,42,12600,22.069,62.3,45311.7,1,1.9986
D,2,43,25000,2.0,316,43,12900,20.966,65.7,47696.3,1,1.9986
D,2,43,25000,2.0,316,44,13200,23.856,70.3,41918.8,1,1.9986
D,2,43,25000,2.0,316,45,13500,24.248,82.8,41240.5,1,1.9986
D,2,43,25000,2.0,316,46,13800,26.454,82.9,37801.0,1,1.9986
D,2,43,25000,2.0,316,47,14100,27.769,87.3,36011.4,1,1.9986
D,2,43,25000,2.0,316,48,14400,27.741,91.1,36048.2,1,1.9986
D,2,43,25000,2.0,316,49,14700,28.263,96.9,35381.9,1,1.9986
D,2,43,25000,2.0,316,50,15000,32.466,105.2,30801.1,1,1.9986
D,2,43,100000,0.5,158,1,300,38.158,131.1,26206.6,1,0.4996
D,2,43,100000,0.5,158,2,600,12.95,122.9,77222.1,1,0.4996
D,2,43,100000,0.5,158,3,900,7.569,119.8,132123.7,1,0.4996
D,2,43,100000,0.5,158,4,1200,6.207,22.8,161099.8,1,0.4996
D,2,43,100000,0.5,158,5,1500,6.272,28.4,159430.3,1,0.4996
D,2,43,100000,0.5,158,6,1800,6.369,29.3,157010.5,1,0.4996
D,2,43,100000,0.5,158,7,2100,7.661,27.6,130536.9,1,0.4996
D,2,43,100000,0.5,158,8,2400,9.402,29.3,106356.6,1,0.4996
D,2,43,100000,0.5,158,9,2700,9.157,26.1,109206.1,1,0.4996
D,2,43,100000,0.5,158,10,3000,21.567,32.0,46367.9,1,0.4996
D,2,43,100000,0.5,158,11,3300,12.06,34.7,82921.0,1,0.4996
D,2,43,100000,0.5,158,12,3600,12.482,37.1,80113.2,1,0.4996
D,2,43,100000,0.5,158,13,3900,13.55,43.3,73798.9,1,0.4996
D,2,43,100000,0.5,158,14,4200,6.285,32.5,159100.6,1,0.4996
D,2,43,100000,0.5,158,15,4500,7.041,25.9,142018.6,1,0.4996
D,2,43,100000,0.5,158,16,4800,7.453,24.1,134174.1,1,0.4996
D,2,43,100000,0.5,158,17,5100,9.825,30.6,101777.7,1,0.4996
D,2,43,100000,0.5,158,18,5400,10.676,30.7,93668.0,1,0.4996
D,2,43,100000,0.5,158,19,5700,11.633,33.4,85964.8,1,0.4996
D,2,43,100000,0.5,158,20,6000,32.996,127.6,30306.7,1,0.4996
D,2,43,100000,0.5,158,21,6300,11.27,50.7,88733.7,1,0.4996
D,2,43,100000,0.5,158,22,6600,13.631,51.7,73364.0,1,0.4996
D,2,43,100000,0.5,158,23,6900,9.584,43.1,104337.0,1,0.4996
D,2,43,100000,0.5,158,24,7200,7.657,26.3,130593.7,1,0.4996
D,2,43,100000,0.5,158,25,7500,8.259,25.8,121075.1,1,0.4996
D,2,43,100000,0.5,158,26,7800,9.854,30.7,101478.2,1,0.4996
D,2,43,100000,0.5,158,27,8100,10.971,27.4,91152.1,1,0.4996
D,2,43,100000,0.5,158,28,8400,11.459,26.0,87270.2,1,0.4996
D,2,43,100000,0.5,158,29,8700,12.282,29.7,81417.7,1,0.4996
D,2,43,100000,0.5,158,30,9000,26.63,35.8,37552.1,1,0.4996
D,2,43,100000,0.5,158,31,9300,14.857,41.6,67308.4,1,0.4996
D,2,43,100000,0.5,158,32,9600,16.887,51.6,59218.3,1,0.4996
D,2,43,100000,0.5,158,33,9900,17.566,49.3,56927.1,1,0.4996
D,2,43,100000,0.5,158,34,10200,19.001,55.2,52627.9,1,0.4996
D,2,43,100000,0.5,158,35,10500,18.906,57.9,52892.3,1,0.4996
D,2,43,100000,0.5,158,36,10800,20.313,62.4,49228.7,1,0.4996
D,2,43,100000,0.5,158,37,11100,22.174,68.5,45097.9,1,0.4996
D,2,43,100000,0.5,158,38,11400,23.259,75.3,42994.1,1,0.4996
D,2,43,100000,0.5,158,39,11700,23.386,76.2,42760.6,1,0.4996
D,2,43,100000,0.5,158,40,12000,42.388,135.7,23591.8,1,0.4996
D,2,43,100000,0.5,158,41,12300,13.631,123.1,73362.2,1,0.4996
D,2,43,100000,0.5,158,42,12600,10.051,41.4,99495.9,1,0.4996
D,2,43,100000,0.5,158,43,12900,8.519,30.8,117384.7,1,0.4996
D,2,43,100000,0.5,158,44,13200,10.352,130.3,96602.8,1,0.4996
D,2,43,100000,0.5,158,45,13500,9.636,26.3,103781.1,1,0.4996
D,2,43,100000,0.5,158,46,13800,10.546,30.7,94825.7,1,0.4996
D,2,43,100000,0.5,158,47,14100,13.183,36.7,75853.4,1,0.4996
D,2,43,100000,0.5,158,48,14400,12.42,28.2,80513.1,1,0.4996
D,2,43,100000,0.5,158,49,14700,10.958,32.6,91254.8,1,0.4996
D,2,43,100000,0.5,158,50,15000,22.316,37.6,44810.2,1,0.4996
D,2,43,100000,0.75,237,1,300,31.167,37.7,32085.6,2,0.7495
D,2,43,100000,0.75,237,2,600,8.221,31.5,121644.7,2,0.7495
D,2,43,100000,0.75,237,3,900,11.761,37.1,85024.4,2,0.7495
D,2,43,100000,0.75,237,4,1200,11.698,33.6,85484.7,2,0.7495
D,2,43,100000,0.75,237,5,1500,15.085,36.8,66292.5,2,0.7495
D,2,43,100000,0.75,237,6,1800,16.827,44.1,59429.5,2,0.7495
D,2,43,100000,0.75,237,7,2100,19.114,50.9,52317.7,2,0.7495
D,2,43,100000,0.75,237,8,2400,21.008,53.8,47600.2,2,0.7495
D,2,43,100000,0.75,237,9,2700,23.311,64.9,42897.6,2,0.7495
D,2,43,100000,0.75,237,10,3000,40.332,71.1,24794.4,2,0.7495
D,2,43,100000,0.75,237,11,3300,28.947,80.2,34546.3,2,0.7495
D,2,43,100000,0.75,237,12,3600,29.746,85.6,33617.6,2,0.7495
D,2,43,100000,0.75,237,13,3900,29.31,89.8,34117.7,2,0.7495
D,2,43,100000,0.75,237,14,4200,34.758,106.3,28770.6,2,0.7495
D,2,43,100000,0.75,237,15,4500,35.831,106.7,27909.1,2,0.7495
D,2,43,100000,0.75,237,16,4800,39.131,118.2,25555.2,2,0.7495
D,2,43,100000,0.75,237,17,5100,40.945,121.8,24423.2,2,0.7495
D,2,43,100000,0.75,237,18,5400,29.863,120.0,33486.3,2,0.7495
D,2,43,100000,0.75,237,19,5700,5.702,33.0,175387.2,2,0.7495
D,2,43,100000,0.75,237,20,6000,34.917,67.0,28639.6,2,0.7495
D,2,43,100000,0.75,237,21,6300,13.338,60.6,74971.9,2,0.7495
D,2,43,100000,0.75,237,22,6600,13.246,49.8,75496.4,2,0.7495
D,2,43,100000,0.75,237,23,6900,15.388,59.6,64987.1,2,0.7495
D,2,43,100000,0.75,237,24,7200,12.748,45.1,78443.7,2,0.7495
D,2,43,100000,0.75,237,25,7500,13.296,43.5,75208.7,2,0.7495
D,2,43,100000,0.75,237,26,7800,12.758,44.2,78380.1,2,0.7495
D,2,43,100000,0.75,237,27,8100,12.195,42.6,81998.6,2,0.7495
D,2,43,100000,0.75,237,28,8400,12.873,42.8,77682.0,2,0.7495
D,2,43,100000,0.75,237,29,8700,6.783,32.5,147427.4,2,0.7495
D,2,43,100000,0.75,237,30,9000,24.023,38.6,41626.2,2,0.7495
D,2,43,100000,0.75,237,31,9300,10.071,31.4,99295.0,2,0.7495
D,2,43,100000,0.75,237,32,9600,12.331,32.3,81094.2,2,0.7495
D,2,43,100000,0.75,237,33,9900,13.934,37.3,71766.9,2,0.7495
D,2,43,100000,0.75,237,34,10200,16.872,53.4,59268.6,2,0.7495
D,2,43,100000,0.75,237,35,10500,16.048,46.8,62313.1,2,0.7495
D,2,43,100000,0.75,237,36,10800,19.116,54.1,52311.3,2,0.7495
D,2,43,100000,0.75,237,37,11100,19.634,57.2,50931.2,2,0.7495
D,2,43,100000,0.75,237,38,11400,21.622,66.2,46248.5,2,0.7495
D,2,43,100000,0.75,237,39,11700,24.804,73.3,40316.6,2,0.7495
D,2,43,100000,0.75,237,40,12000,46.458,108.0,21524.7,2,0.7495
D,2,43,100000,0.75,237,41,12300,14.066,56.4,71093.4,2,0.7495
D,2,43,100000,0.75,237,42,12600,10.801,49.7,92586.9,2,0.7495
D,2,43,100000,0.75,237,43,12900,12.782,54.9,78237.1,2,0.7495
D,2,43,100000,0.75,237,44,13200,12.215,115.7,81868.8,2,0.7495
D,2,43,100000,0.75,237,45,13500,11.616,31.3,86088.2,2,0.7495
D,2,43,100000,0.75,237,46,13800,13.812,35.4,72399.0,2,0.7495
D,2,43,100000,0.75,237,47,14100,17.387,82.3,57514.2,2,0.7495
D,2,43,100000,0.75,237,48,14400,16.686,44.8,59930.5,2,0.7495
D,2,43,100000,0.75,237,49,14700,17.944,52.3,55727.9,2,0.7495
D,2,43,100000,0.75,237,50,15000,38.432,81.2,26019.8,2,0.7495
D,2,43,100000,1.0,316,1,300,35.691,65.5,28018.0,2,0.9993
D,2,43,100000,1.0,316,2,600,9.839,60.3,101639.8,2,0.9993
D,2,43,100000,1.0,316,3,900,9.227,63.0,108381.5,2,0.9993
D,2,43,100000,1.0,316,4,1200,9.604,36.1,104119.6,2,0.9993
D,2,43,100000,1.0,316,5,1500,11.766,63.9,84990.6,2,0.9993
D,2,43,100000,1.0,316,6,1800,11.292,34.1,88558.3,2,0.9993
D,2,43,100000,1.0,316,7,2100,8.88,35.3,112612.6,2,0.9993
D,2,43,100000,1.0,316,8,2400,6.182,30.2,161768.7,2,0.9993
D,2,43,100000,1.0,316,9,2700,8.492,27.7,117753.3,2,0.9993
D,2,43,100000,1.0,316,10,3000,17.55,29.7,56979.0,2,0.9993
D,2,43,100000,1.0,316,11,3300,7.101,29.4,140831.9,2,0.9993
D,2,43,100000,1.0,316,12,3600,8.497,30.2,117684.0,2,0.9993
D,2,43,100000,1.0,316,13,3900,10.788,36.0,92692.7,2,0.9993
D,2,43,100000,1.0,316,14,4200,12.299,33.5,81307.4,2,0.9993
D,2,43,100000,1.0,316,15,4500,14.158,38.6,70629.8,2,0.9993
D,2,43,100000,1.0,316,16,4800,16.976,59.8,58907.9,2,0.9993
D,2,43,100000,1.0,316,17,5100,17.622,50.9,56747.3,2,0.9993
D,2,43,100000,1.0,316,18,5400,18.943,54.6,52790.9,2,0.9993
D,2,43,100000,1.0,316,19,5700,20.763,62.4,48162.6,2,0.9993
D,2,43,100000,1.0,316,20,6000,45.099,72.4,22173.3,2,0.9993
D,2,43,100000,1.0,316,21,6300,9.717,57.8,102912.4,2,0.9993
D,2,43,100000,1.0,316,22,6600,8.567,36.7,116727.0,2,0.9993
D,2,43,100000,1.0,316,23,6900,10.075,45.2,99252.3,2,0.9993
D,2,43,100000,1.0,316,24,7200,10.529,39.7,94975.8,2,0.9993
D,2,43,100000,1.0,316,25,7500,10.85,40.5,92165.9,2,0.9993
D,2,43,100000,1.0,316,26,7800,9.978,36.8,100220.5,2,0.9993
D,2,43,100000,1.0,316,27,8100,10.405,36.6,96110.7,2,0.9993
D,2,43,100000,1.0,316,28,8400,10.428,37.1,95895.7,2,0.9993
D,2,43,100000,1.0,316,29,8700,11.707,38.6,85416.5,2,0.9993
D,2,43,100000,1.0,316,30,9000,18.685,47.4,53519.8,2,0.9993
D,2,43,100000,1.0,316,31,9300,7.863,30.3,127172.5,2,0.9993
D,2,43,100000,1.0,316,32,9600,8.618,31.7,116036.2,2,0.9993
D,2,43,100000,1.0,316,33,9900,9.663,39.3,103487.5,2,0.9993
D,2,43,100000,1.0,316,34,10200,10.669,32.8,93726.6,2,0.9993
D,2,43,100000,1.0,316,35,10500,11.451,36.9,87328.6,2,0.9993
D,2,43,100000,1.0,316,36,10800,12.358,42.3,80921.4,2,0.9993
D,2,43,100000,1.0,316,37,11100,13.596,47.1,73549.2,2,0.9993
D,2,43,100000,1.0,316,38,11400,14.045,43.3,71198.0,2,0.9993
D,2,43,100000,1.0,316,39,11700,13.502,45.7,74064.9,2,0.9993
D,2,43,100000,1.0,316,40,12000,41.264,65.1,24234.0,2,0.9993
D,2,43,100000,1.0,316,41,12300,15.525,65.5,64410.9,2,0.9993
D,2,43,100000,1.0,316,42,12600,11.434,40.1,87455.9,2,0.9993
D,2,43,100000,1.0,316,43,12900,12.027,74.0,83148.6,2,0.9993
D,2,43,100000,1.0,316,44,13200,12.285,70.5,81400.1,2,0.9993
D,2,43,100000,1.0,316,45,13500,12.906,41.3,77483.3,2,0.9993
D,2,43,100000,1.0,316,46,13800,12.792,46.4,78171.8,2,0.9993
D,2,43,100000,1.0,316,47,14100,13.443,38.8,74386.3,2,0.9993
D,2,43,100000,1.0,316,48,14400,14.282,43.4,70016.6,2,0.9993
D,2,43,100000,1.0,316,49,14700,14.303,39.1,69915.4,2,0.9993
D,2,43,100000,1.0,316,50,15000,24.558,80.2,40720.5,2,0.9993
D,2,43,100000,1.01,319,1,300,35.163,38.0,28439.3,2,1.0088
D,2,43,100000,1.01,319,2,600,20.716,97.0,48272.6,2,1.0088
D,2,43,100000,1.01,319,3,900,18.661,49.8,53587.7,2,1.0088
D,2,43,100000,1.01,319,4,1200,20.499,58.8,48782.9,2,1.0088
D,2,43,100000,1.01,319,5,1500,23.093,64.3,43302.5,2,1.0088
D,2,43,100000,1.01,319,6,1800,23.565,70.5,42436.4,2,1.0088
D,2,43,100000,1.01,319,7,2100,25.235,73.0,39628.0,2,1.0088
D,2,43,100000,1.01,319,8,2400,29.7,83.2,33670.0,2,1.0088
D,2,43,100000,1.01,319,9,2700,29.384,87.8,34032.1,2,1.0088
D,2,43,100000,1.01,319,10,3000,50.801,110.6,19684.5,2,1.0088
D,2,43,100000,1.01,319,11,3300,36.151,111.5,27661.8,2,1.0088
D,2,43,100000,1.01,319,12,3600,33.793,108.9,29592.2,2,1.0088
D,2,43,100000,1.01,319,13,3900,37.338,115.6,26782.6,2,1.0088
D,2,43,100000,1.01,319,14,4200,38.733,119.0,25818.0,2,1.0088
D,2,43,100000,1.01,319,15,4500,41.53,130.2,24079.0,2,1.0088
D,2,43,100000,1.01,319,16,4800,46.418,136.4,21543.5,2,1.0088
D,2,43,100000,1.01,319,17,5100,46.404,140.2,21549.7,2,1.0088
D,2,43,100000,1.01,319,18,5400,49.134,143.7,20352.4,2,1.0088
D,2,43,100000,1.01,319,19,5700,46.214,151.9,21638.3,2,1.0088
D,2,43,100000,1.01,319,20,6000,70.394,162.3,14205.8,2,1.0088
D,2,43,100000,1.01,319,21,6300,7.029,62.2,142274.4,2,1.0088
D,2,43,100000,1.01,319,22,6600,7.267,32.6,137608.3,2,1.0088
D,2,43,100000,1.01,319,23,6900,7.476,24.9,133767.3,2,1.0088
D,2,43,100000,1.01,319,24,7200,9.589,36.7,104282.5,2,1.0088
D,2,43,100000,1.01,319,25,7500,9.69,30.3,103195.6,2,1.0088
D,2,43,100000,1.01,319,26,7800,10.722,32.7,93266.2,2,1.0088
D,2,43,100000,1.01,319,27,8100,12.033,33.9,83104.8,2,1.0088
D,2,43,100000,1.01,319,28,8400,13.853,38.4,72186.5,2,1.0088
D,2,43,100000,1.01,319,29,8700,14.089,46.2,70975.7,2,1.0088
D,2,43,100000,1.01,319,30,9000,32.377,58.4,30886.4,2,1.0088
D,2,43,100000,1.01,319,31,9300,16.5,54.0,60606.1,2,1.0088
D,2,43,100000,1.01,319,32,9600,17.35,58.4,57635.8,2,1.0088
D,2,43,100000,1.01,319,33,9900,19.78,65.7,50556.1,2,1.0088
D,2,43,100000,1.01,319,34,10200,20.291,67.8,49283.7,2,1.0088
D,2,43,100000,1.01,319,35,10500,20.221,72.6,49452.7,2,1.0088
D,2,43,100000,1.01,319,36,10800,23.08,82.9,43327.6,2,1.0088
D,2,43,100000,1.01,319,37,11100,24.148,83.5,41410.7,2,1.0088
D,2,43,100000,1.01,319,38,11400,23.421,88.6,42696.1,2,1.0088
D,2,43,100000,1.01,319,39,11700,24.556,92.4,40722.7,2,1.0088
D,2,43,100000,1.01,319,40,12000,47.719,100.3,20955.9,2,1.0088
D,2,43,100000,1.01,319,41,12300,12.386,87.7,80734.1,2,1.0088
D,2,43,100000,1.01,319,42,12600,11.954,57.0,83654.0,2,1.0088
D,2,43,100000,1.01,319,43,12900,11.909,88.0,83967.8,2,1.0088
D,2,43,100000,1.01,319,44,13200,12.2,88.6,81967.2,2,1.0088
D,2,43,100000,1.01,319,45,13500,13.366,60.3,74818.6,2,1.0088
D,2,43,100000,1.01,319,46,13800,12.184,47.4,82074.9,2,1.0088
D,2,43,100000,1.01,319,47,14100,13.671,43.1,73149.3,2,1.0088
D,2,43,100000,1.01,319,48,14400,13.859,44.2,72157.0,2,1.0088
D,2,43,100000,1.01,319,49,14700,14.604,45.1,68472.8,2,1.0088
D,2,43,100000,1.01,319,50,15000,28.159,61.2,35512.2,2,1.0088
D,2,43,100000,1.25,395,1,300,37.604,104.8,26592.9,3,1.2491
D,2,43,100000,1.25,395,2,600,14.623,62.2,68385.4,3,1.2491
D,2,43,100000,1.25,395,3,900,11.15,56.0,89686.1,3,1.2491
D,2,43,100000,1.25,395,4,1200,11.708,41.0,85414.1,3,1.2491
D,2,43,100000,1.25,395,5,1500,14.821,61.5,67471.8,3,1.2491
D,2,43,100000,1.25,395,6,1800,13.988,44.9,71489.8,3,1.2491
D,2,43,100000,1.25,395,7,2100,12.701,43.6,78731.9,3,1.2491
D,2,43,100000,1.25,395,8,2400,14.746,54.7,67813.5,3,1.2491
D,2,43,100000,1.25,395,9,2700,14.069,39.4,71079.9,3,1.2491
D,2,43,100000,1.25,395,10,3000,25.999,47.8,38462.5,3,1.2491
D,2,43,100000,1.25,395,11,3300,12.351,54.7,80967.3,3,1.2491
D,2,43,100000,1.25,395,12,3600,10.853,42.7,92137.6,3,1.2491
D,2,43,100000,1.25,395,13,3900,11.553,45.2,86557.6,3,1.2491
D,2,43,100000,1.25,395,14,4200,10.803,44.7,92569.7,3,1.2491
D,2,43,100000,1.25,395,15,4500,14.403,71.9,69430.0,3,1.2491
D,2,43,100000,1.25,395,16,4800,13.335,54.3,74988.7,3,1.2491
D,2,43,100000,1.25,395,17,5100,11.961,53.1,83602.7,3,1.2491
D,2,43,100000,1.25,395,18,5400,11.743,46.7,85154.7,3,1.2491
D,2,43,100000,1.25,395,19,5700,13.641,57.0,73310.2,3,1.2491
D,2,43,100000,1.25,395,20,6000,35.935,50.0,27827.8,3,1.2491
D,2,43,100000,1.25,395,21,6300,13.691,63.1,73038.9,3,1.2491
D,2,43,100000,1.25,395,22,6600,13.891,45.6,71990.8,3,1.2491
D,2,43,100000,1.25,395,23,6900,15.268,62.8,65496.5,3,1.2491
D,2,43,100000,1.25,395,24,7200,14.537,45.2,68791.6,3,1.2491
D,2,43,100000,1.25,395,25,7500,14.561,48.1,68678.2,3,1.2491
D,2,43,100000,1.25,395,26,7800,13.796,47.8,72484.8,3,1.2491
D,2,43,100000,1.25,395,27,8100,12.936,44.3,77303.6,3,1.2491
D,2,43,100000,1.25,395,28,8400,11.299,57.4,88506.0,3,1.2491
D,2,43,100000,1.25,395,29,8700,6.271,27.2,159472.7,3,1.2491
D,2,43,100000,1.25,395,30,9000,21.232,31.5,47098.7,3,1.2491
D,2,43,100000,1.25,395,31,9300,10.497,35.6,95265.3,3,1.2491
D,2,43,100000,1.25,395,32,9600,12.667,43.6,78943.2,3,1.2491
D,2,43,100000,1.25,395,33,9900,14.475,39.4,69083.0,3,1.2491
D,2,43,100000,1.25,395,34,10200,16.361,43.6,61121.0,3,1.2491
D,2,43,100000,1.25,395,35,10500,17.291,52.7,57834.7,3,1.2491
D,2,43,100000,1.25,395,36,10800,20.062,55.0,49844.7,3,1.2491
D,2,43,100000,1.25,395,37,11100,20.89,66.7,47869.0,3,1.2491
D,2,43,100000,1.25,395,38,11400,23.783,70.7,42047.4,3,1.2491
D,2,43,100000,1.25,395,39,11700,25.801,76.3,38757.7,3,1.2491
D,2,43,100000,1.25,395,40,12000,41.976,80.5,23822.9,3,1.2491
D,2,43,100000,1.25,395,41,12300,8.801,73.2,113627.8,3,1.2491
D,2,43,100000,1.25,395,42,12600,8.435,45.4,118553.6,3,1.2491
D,2,43,100000,1.25,395,43,12900,6.605,60.6,151400.5,3,1.2491
D,2,43,100000,1.25,395,44,13200,8.433,61.8,118586.4,3,1.2491
D,2,43,100000,1.25,395,45,13500,8.927,31.6,112023.9,3,1.2491
D,2,43,100000,1.25,395,46,13800,12.074,54.5,82822.6,3,1.2491
D,2,43,100000,1.25,395,47,14100,13.354,47.3,74882.1,3,1.2491
D,2,43,100000,1.25,395,48,14400,12.492,34.7,80049.1,3,1.2491
D,2,43,100000,1.25,395,49,14700,14.198,45.3,70430.8,3,1.2491
D,2,43,100000,1.25,395,50,15000,33.028,71.4,30277.6,3,1.2491
D,2,43,100000,1.5,474,1,300,29.223,57.9,34219.2,3,1.4989
D,2,43,100000,1.5,474,2,600,12.977,51.5,77061.4,3,1.4989
D,2,43,100000,1.5,474,3,900,12.543,54.1,79727.9,3,1.4989
D,2,43,100000,1.5,474,4,1200,12.477,50.6,80149.6,3,1.4989
D,2,43,100000,1.5,474,5,1500,11.919,45.9,83897.3,3,1.4989
D,2,43,100000,1.5,474,6,1800,13.947,51.0,71698.3,3,1.4989
D,2,43,100000,1.5,474,7,2100,8.542,50.5,117073.2,3,1.4989
D,2,43,100000,1.5,474,8,2400,5.829,21.4,171565.8,3,1.4989
D,2,43,100000,1.5,474,9,2700,8.094,33.0,123543.2,3,1.4989
D,2,43,100000,1.5,474,10,3000,23.595,46.8,42382.5,3,1.4989
D,2,43,100000,1.5,474,11,3300,14.391,36.6,69489.5,3,1.4989
D,2,43,100000,1.5,474,12,3600,14.952,41.6,66882.2,3,1.4989
D,2,43,100000,1.5,474,13,3900,18.162,50.7,55059.0,3,1.4989
D,2,43,100000,1.5,474,14,4200,20.592,57.3,48563.3,3,1.4989
D,2,43,100000,1.5,474,15,4500,23.191,64.7,43120.8,3,1.4989
D,2,43,100000,1.5,474,16,4800,24.936,68.0,40102.7,3,1.4989
D,2,43,100000,1.5,474,17,5100,27.477,76.4,36393.6,3,1.4989
D,2,43,100000,1.5,474,18,5400,29.753,87.8,33609.7,3,1.4989
D,2,43,100000,1.5,474,19,5700,32.568,97.6,30705.3,3,1.4989
D,2,43,100000,1.5,474,20,6000,58.246,99.0,17168.6,3,1.4989
D,2,43,100000,1.5,474,21,6300,10.588,65.4,94446.5,3,1.4989
D,2,43,100000,1.5,474,22,6600,9.602,51.9,104145.0,3,1.4989
D,2,43,100000,1.5,474,23,6900,10.67,58.7,93717.8,3,1.4989
D,2,43,100000,1.5,474,24,7200,11.223,52.7,89102.8,3,1.4989
D,2,43,100000,1.5,474,25,7500,6.322,21.6,158169.4,3,1.4989
D,2,43,100000,1.5,474,26,7800,6.562,15.7,152400.3,3,1.4989
D,2,43,100000,1.5,474,27,8100,7.847,28.6,127431.8,3,1.4989
D,2,43,100000,1.5,474,28,8400,8.327,27.8,120091.3,3,1.4989
D,2,43,100000,1.5,474,29,8700,9.463,32.7,105671.0,3,1.4989
D,2,43,100000,1.5,474,30,9000,24.022,44.1,41629.1,3,1.4989
D,2,43,100000,1.5,474,31,9300,11.089,30.4,90176.7,3,1.4989
D,2,43,100000,1.5,474,32,9600,11.356,45.7,88061.8,3,1.4989
D,2,43,100000,1.5,474,33,9900,12.126,41.2,82467.4,3,1.4989
D,2,43,100000,1.5,474,34,10200,12.259,47.2,81570.5,3,1.4989
D,2,43,100000,1.5,474,35,10500,13.154,40.3,76022.5,3,1.4989
D,2,43,100000,1.5,474,36,10800,14.952,47.1,66880.7,3,1.4989
D,2,43,100000,1.5,474,37,11100,14.899,47.1,67120.1,3,1.4989
D,2,43,100000,1.5,474,38,11400,15.961,50.2,62654.0,3,1.4989
D,2,43,100000,1.5,474,39,11700,16.618,55.5,60175.7,3,1.4989
D,2,43,100000,1.5,474,40,12000,41.821,74.9,23911.2,3,1.4989
D,2,43,100000,1.5,474,41,12300,19.079,80.5,52414.6,3,1.4989
D,2,43,100000,1.5,474,42,12600,12.697,63.2,78758.8,3,1.4989
D,2,43,100000,1.5,474,43,12900,11.651,54.7,85829.5,3,1.4989
D,2,43,100000,1.5,474,44,13200,13.406,60.9,74593.5,3,1.4989
D,2,43,100000,1.5,474,45,13500,15.608,64.6,64069.7,3,1.4989
D,2,43,100000,1.5,474,46,13800,11.997,56.0,83356.5,3,1.4989
D,2,43,100000,1.5,474,47,14100,13.568,58.5,73704.6,3,1.4989
D,2,43,100000,1.5,474,48,14400,13.742,64.5,72769.6,3,1.4989
D,2,43,100000,1.5,474,49,14700,8.75,37.4,114281.4,3,1.4989
D,2,43,100000,1.5,474,50,15000,25.058,48.4,39907.4,3,1.4989
D,2,43,100000,2.0,632,1,300,36.822,65.3,27157.7,4,1.9986
D,2,43,100000,2.0,632,2,600,12.929,70.0,77343.5,4,1.9986
D,2,43,100000,2.0,632,3,900,10.673,42.0,93697.3,4,1.9986
D,2,43,100000,2.0,632,4,1200,11.879,59.5,84179.8,4,1.9986
D,2,43,100000,2.0,632,5,1500,15.824,70.2,63196.5,4,1.9986
D,2,43,100000,2.0,632,6,1800,14.657,53.3,68226.8,4,1.9986
D,2,43,100000,2.0,632,7,2100,14.378,49.1,69550.7,4,1.9986
D,2,43,100000,2.0,632,8,2400,17.699,55.7,56501.4,4,1.9986
D,2,43,100000,2.0,632,9,2700,17.927,65.1,55780.7,4,1.9986
D,2,43,100000,2.0,632,10,3000,29.669,55.4,33704.8,4,1.9986
D,2,43,100000,2.0,632,11,3300,8.609,42.7,116153.0,4,1.9986
D,2,43,100000,2.0,632,12,3600,9.474,63.1,105552.0,4,1.9986
D,2,43,100000,2.0,632,13,3900,8.851,50.2,112981.6,4,1.9986
D,2,43,100000,2.0,632,14,4200,8.993,49.6,111201.7,4,1.9986
D,2,43,100000,2.0,632,15,4500,10.514,61.9,95111.3,4,1.9986
D,2,43,100000,2.0,632,16,4800,10.84,57.1,92250.9,4,1.9986
D,2,43,100000,2.0,632,17,5100,5.866,26.3,170483.5,4,1.9986
D,2,43,100000,2.0,632,18,5400,6.112,34.2,163612.6,4,1.9986
D,2,43,100000,2.0,632,19,5700,5.989,14.2,166963.5,4,1.9986
D,2,43,100000,2.0,632,20,6000,35.297,63.2,28331.3,4,1.9986
D,2,43,100000,2.0,632,21,6300,9.347,48.9,106990.0,4,1.9986
D,2,43,100000,2.0,632,22,6600,10.806,45.9,92544.0,4,1.9986
D,2,43,100000,2.0,632,23,6900,13.323,58.1,75058.2,4,1.9986
D,2,43,100000,2.0,632,24,7200,13.734,55.6,72810.2,4,1.9986
D,2,43,100000,2.0,632,25,7500,13.239,47.1,75532.5,4,1.9986
D,2,43,100000,2.0,632,26,7800,15.198,51.7,65798.1,4,1.9986
D,2,43,100000,2.0,632,27,8100,15.936,49.5,62751.0,4,1.9986
D,2,43,100000,2.0,632,28,8400,16.091,51.7,62147.8,4,1.9986
D,2,43,100000,2.0,632,29,8700,17.255,55.5,57953.1,4,1.9986
D,2,43,100000,2.0,632,30,9000,28.007,61.5,35704.9,4,1.9986
D,2,43,100000,2.0,632,31,9300,10.13,50.9,98716.7,4,1.9986
D,2,43,100000,2.0,632,32,9600,10.644,55.0,93952.6,4,1.9986
D,2,43,100000,2.0,632,33,9900,10.768,47.0,92864.9,4,1.9986
D,2,43,100000,2.0,632,34,10200,10.913,56.2,91633.8,4,1.9986
D,2,43,100000,2.0,632,35,10500,9.949,48.6,100512.6,4,1.9986
D,2,43,100000,2.0,632,36,10800,9.123,50.6,109609.1,4,1.9986
D,2,43,100000,2.0,632,37,11100,12.083,50.7,82760.9,4,1.9986
D,2,43,100000,2.0,632,38,11400,10.494,45.9,95289.5,4,1.9986
D,2,43,100000,2.0,632,39,11700,9.527,47.2,104968.5,4,1.9986
D,2,43,100000,2.0,632,40,12000,38.597,86.2,25909.0,4,1.9986
D,2,43,100000,2.0,632,41,12300,8.058,57.6,124105.4,4,1.9986
D,2,43,100000,2.0,632,42,12600,9.451,51.0,105805.2,4,1.9986
D,2,43,100000,2.0,632,43,12900,10.062,44.1,99380.5,4,1.9986
D,2,43,100000,2.0,632,44,13200,11.887,54.7,84125.5,4,1.9986
D,2,43,100000,2.0,632,45,13500,7.219,53.5,138516.9,4,1.9986
D,2,43,100000,2.0,632,46,13800,8.552,41.3,116927.2,4,1.9986
D,2,43,100000,2.0,632,47,14100,10.397,45.9,96184.7,4,1.9986
D,2,43,100000,2.0,632,48,14400,12.043,48.2,83035.8,4,1.9986
D,2,43,100000,2.0,632,49,14700,13.369,42.9,74798.1,4,1.9986
D,2,43,100000,2.0,632,50,15000,28.942,47.2,34551.5,4,1.9986
D,2,43,200000,0.5,223,1,300,82.285,150.9,12152.9,1,0.4986
D,2,43,200000,0.5,223,2,600,54.856,158.7,18229.4,1,0.4986
D,2,43,200000,0.5,223,3,900,60.328,169.2,16576.1,1,0.4986
D,2,43,200000,0.5,223,4,1200,57.547,172.5,17377.0,1,0.4986
D,2,43,200000,0.5,223,5,1500,64.067,177.5,15608.7,1,0.4986
D,2,43,200000,0.5,223,6,1800,67.218,183.7,14877.0,1,0.4986
D,2,43,200000,0.5,223,7,2100,64.717,190.9,15451.8,1,0.4986
D,2,43,200000,0.5,223,8,2400,62.636,194.9,15965.3,1,0.4986
D,2,43,200000,0.5,223,9,2700,75.348,211.5,13271.7,1,0.4986
D,2,43,200000,0.5,223,10,3000,68.69,216.8,14558.1,1,0.4986
D,2,43,200000,0.5,223,11,3300,110.368,228.6,9060.6,1,0.4986
D,2,43,200000,0.5,223,12,3600,75.36,223.2,13269.7,1,0.4986
D,2,43,200000,0.5,223,13,3900,88.536,242.8,11294.8,1,0.4986
D,2,43,200000,0.5,223,14,4200,81.027,232.5,12341.6,1,0.4986
D,2,43,200000,0.5,223,15,4500,88.469,244.8,11303.4,1,0.4986
D,2,43,200000,0.5,223,16,4800,84.635,259.6,11815.5,1,0.4986
D,2,43,200000,0.5,223,17,5100,88.295,261.9,11325.6,1,0.4986
D,2,43,200000,0.5,223,18,5400,92.063,271.4,10862.2,1,0.4986
D,2,43,200000,0.5,223,19,5700,97.173,281.4,10290.9,1,0.4986
D,2,43,200000,0.5,223,20,6000,98.369,289.9,10165.8,1,0.4986
D,2,43,200000,0.5,223,21,6300,101.239,299.1,9877.6,1,0.4986
D,2,43,200000,0.5,223,22,6600,51.628,209.6,19369.2,1,0.4986
D,2,43,200000,0.5,223,23,6900,9.868,26.7,101341.1,1,0.4986
D,2,43,200000,0.5,223,24,7200,11.898,28.9,84045.4,1,0.4986
D,2,43,200000,0.5,223,25,7500,15.531,35.9,64387.4,1,0.4986
D,2,43,200000,0.5,223,26,7800,16.816,42.4,59467.2,1,0.4986
D,2,43,200000,0.5,223,27,8100,18.377,48.7,54415.8,1,0.4986
D,2,43,200000,0.5,223,28,8400,22.715,59.2,44024.4,1,0.4986
D,2,43,200000,0.5,223,29,8700,23.163,63.8,43172.3,1,0.4986
D,2,43,200000,0.5,223,30,9000,25.884,70.2,38633.9,1,0.4986
D,2,43,200000,0.5,223,31,9300,48.061,81.5,20806.9,1,0.4986
D,2,43,200000,0.5,223,32,9600,6.884,17.6,145264.4,1,0.4986
D,2,43,200000,0.5,223,33,9900,7.759,26.4,128877.0,1,0.4986
D,2,43,200000,0.5,223,34,10200,7.723,21.3,129483.4,1,0.4986
D,2,43,200000,0.5,223,35,10500,8.48,28.5,117919.9,1,0.4986
D,2,43,200000,0.5,223,36,10800,8.971,26.1,111474.4,1,0.4986
D,2,43,200000,0.5,223,37,11100,8.484,22.4,117868.9,1,0.4986
D,2,43,200000,0.5,223,38,11400,9.245,23.9,108162.7,1,0.4986
D,2,43,200000,0.5,223,39,11700,9.025,24.8,110799.2,1,0.4986
D,2,43,200000,0.5,223,40,12000,10.054,24.6,99459.6,1,0.4986
D,2,43,200000,0.5,223,41,12300,47.359,65.4,21115.5,1,0.4986
D,2,43,200000,0.5,223,42,12600,18.212,70.1,54908.8,1,0.4986
D,2,43,200000,0.5,223,43,12900,17.751,61.3,56333.8,1,0.4986
D,2,43,200000,0.5,223,44,13200,18.642,59.5,53641.3,1,0.4986
D,2,43,200000,0.5,223,45,13500,17.591,64.9,56846.2,1,0.4986
D,2,43,200000,0.5,223,46,13800,7.486,58.7,133576.8,1,0.4986
D,2,43,200000,0.5,223,47,14100,7.526,28.5,132866.8,1,0.4986
D,2,43,200000,0.5,223,48,14400,8.865,24.9,112807.4,1,0.4986
D,2,43,200000,0.5,223,49,14700,11.23,42.2,89044.6,1,0.4986
D,2,43,200000,0.5,223,50,15000,17.037,36.3,58694.6,1,0.4986
D,2,43,200000,0.75,335,1,300,54.513,133.3,18344.4,2,0.7491
D,2,43,200000,0.75,335,2,600,13.372,70.0,74785.0,2,0.7491
D,2,43,200000,0.75,335,3,900,13.923,55.2,71821.9,2,0.7491
D,2,43,200000,0.75,335,4,1200,14.194,57.5,70450.6,2,0.7491
D,2,43,200000,0.75,335,5,1500,14.982,57.0,66748.2,2,0.7491
D,2,43,200000,0.75,335,6,1800,15.752,55.8,63484.0,2,0.7491
D,2,43,200000,0.75,335,7,2100,16.779,55.9,59597.1,2,0.7491
D,2,43,200000,0.75,335,8,2400,17.655,55.7,56642.2,2,0.7491
D,2,43,200000,0.75,335,9,2700,18.723,57.4,53410.2,2,0.7491
D,2,43,200000,0.75,335,10,3000,19.434,54.8,51456.2,2,0.7491
D,2,43,200000,0.75,335,11,3300,40.09,58.5,24943.9,2,0.7491
D,2,43,200000,0.75,335,12,3600,13.28,54.8,75301.2,2,0.7491
D,2,43,200000,0.75,335,13,3900,11.965,52.9,83579.4,2,0.7491
D,2,43,200000,0.75,335,14,4200,6.767,35.0,147768.7,2,0.7491
D,2,43,200000,0.75,335,15,4500,7.894,41.8,126678.5,2,0.7491
D,2,43,200000,0.75,335,16,4800,7.834,39.5,127648.7,2,0.7491
D,2,43,200000,0.75,335,17,5100,7.462,28.5,134006.4,2,0.7491
D,2,43,200000,0.75,335,18,5400,8.262,30.2,121041.0,2,0.7491
D,2,43,200000,0.75,335,19,5700,8.921,44.3,112099.2,2,0.7491
D,2,43,200000,0.75,335,20,6000,9.391,40.9,106484.9,2,0.7491
D,2,43,200000,0.75,335,21,6300,10.241,35.3,97643.5,2,0.7491
D,2,43,200000,0.75,335,22,6600,53.13,156.7,18821.9,2,0.7491
D,2,43,200000,0.75,335,23,6900,12.743,63.3,78472.4,2,0.7491
D,2,43,200000,0.75,335,24,7200,12.783,54.3,78228.9,2,0.7491
D,2,43,200000,0.75,335,25,7500,15.02,72.9,66577.9,2,0.7491
D,2,43,200000,0.75,335,26,7800,15.479,56.0,64605.0,2,0.7491
D,2,43,200000,0.75,335,27,8100,15.207,53.4,65759.2,2,0.7491
D,2,43,200000,0.75,335,28,8400,17.78,59.8,56244.0,2,0.7491
D,2,43,200000,0.75,335,29,8700,16.971,58.1,58922.9,2,0.7491
D,2,43,200000,0.75,335,30,9000,17.918,56.3,55810.8,2,0.7491
D,2,43,200000,0.75,335,31,9300,46.12,65.0,21682.6,2,0.7491
D,2,43,200000,0.75,335,32,9600,19.839,59.3,50405.8,2,0.7491
D,2,43,200000,0.75,335,33,9900,18.401,54.3,54345.9,2,0.7491
D,2,43,200000,0.75,335,34,10200,18.222,57.0,54879.7,2,0.7491
D,2,43,200000,0.75,335,35,10500,22.86,74.8,43745.2,2,0.7491
D,2,43,200000,0.75,335,36,10800,21.444,66.8,46633.8,2,0.7491
D,2,43,200000,0.75,335,37,11100,21.154,70.9,47271.6,2,0.7491
D,2,43,200000,0.75,335,38,11400,22.59,69.3,44267.4,2,0.7491
D,2,43,200000,0.75,335,39,11700,24.074,87.2,41538.6,2,0.7491
D,2,43,200000,0.75,335,40,12000,22.888,80.4,43691.0,2,0.7491
D,2,43,200000,0.75,335,41,12300,71.769,151.3,13933.5,2,0.7491
D,2,43,200000,0.75,335,42,12600,15.796,90.8,63305.8,2,0.7491
D,2,43,200000,0.75,335,43,12900,17.391,124.1,57499.9,2,0.7491
D,2,43,200000,0.75,335,44,13200,16.52,80.3,60532.7,2,0.7491
D,2,43,200000,0.75,335,45,13500,11.319,60.0,88349.6,2,0.7491
D,2,43,200000,0.75,335,46,13800,12.256,55.1,81592.7,2,0.7491
D,2,43,200000,0.75,335,47,14100,13.955,64.9,71657.2,2,0.7491
D,2,43,200000,0.75,335,48,14400,13.578,44.5,73646.7,2,0.7491
D,2,43,200000,0.75,335,49,14700,14.639,45.6,68312.2,2,0.7491
D,2,43,200000,0.75,335,50,15000,13.218,37.8,75654.4,2,0.7491
D,2,43,200000,1.0,447,1,300,55.854,56.7,17903.7,2,0.9995
D,2,43,200000,1.0,447,2,600,17.426,48.0,57384.4,2,0.9995
D,2,43,200000,1.0,447,3,900,18.69,51.4,53503.6,2,0.9995
D,2,43,200000,1.0,447,4,1200,21.655,60.9,46179.4,2,0.9995
D,2,43,200000,1.0,447,5,1500,24.771,65.1,40370.3,2,0.9995
D,2,43,200000,1.0,447,6,1800,23.969,72.4,41721.1,2,0.9995
D,2,43,200000,1.0,447,7,2100,26.023,76.6,38427.5,2,0.9995
D,2,43,200000,1.0,447,8,2400,27.553,80.8,36294.1,2,0.9995
D,2,43,200000,1.0,447,9,2700,31.462,88.6,31784.0,2,0.9995
D,2,43,200000,1.0,447,10,3000,32.079,96.8,31172.7,2,0.9995
D,2,43,200000,1.0,447,11,3300,62.835,115.3,15914.7,2,0.9995
D,2,43,200000,1.0,447,12,3600,34.88,103.0,28670.0,2,0.9995
D,2,43,200000,1.0,447,13,3900,39.44,116.3,25355.0,2,0.9995
D,2,43,200000,1.0,447,14,4200,40.532,119.1,24672.1,2,0.9995
D,2,43,200000,1.0,447,15,4500,41.555,115.3,24064.3,2,0.9995
D,2,43,200000,1.0,447,16,4800,44.325,131.7,22560.8,2,0.9995
D,2,43,200000,1.0,447,17,5100,44.633,134.3,22404.8,2,0.9995
D,2,43,200000,1.0,447,18,5400,47.136,141.0,21215.2,2,0.9995
D,2,43,200000,1.0,447,19,5700,53.263,160.0,18774.6,2,0.9995
D,2,43,200000,1.0,447,20,6000,50.47,160.5,19813.8,2,0.9995
D,2,43,200000,1.0,447,21,6300,50.998,163.3,19608.7,2,0.9995
D,2,43,200000,1.0,447,22,6600,66.125,116.8,15122.8,2,0.9995
D,2,43,200000,1.0,447,23,6900,22.077,101.5,45296.0,2,0.9995
D,2,43,200000,1.0,447,24,7200,20.011,83.3,49973.3,2,0.9995
D,2,43,200000,1.0,447,25,7500,19.417,79.4,51501.3,2,0.9995
D,2,43,200000,1.0,447,26,7800,19.213,76.2,52049.0,2,0.9995
D,2,43,200000,1.0,447,27,8100,12.019,62.3,83199.3,2,0.9995
D,2,43,200000,1.0,447,28,8400,10.534,70.2,94930.7,2,0.9995
D,2,43,200000,1.0,447,29,8700,11.487,67.5,87052.4,2,0.9995
D,2,43,200000,1.0,447,30,9000,12.443,57.3,80364.3,2,0.9995
D,2,43,200000,1.0,447,31,9300,40.483,78.4,24701.5,2,0.9995
D,2,43,200000,1.0,447,32,9600,13.716,58.9,72905.8,2,0.9995
D,2,43,200000,1.0,447,33,9900,14.86,55.2,67293.2,2,0.9995
D,2,43,200000,1.0,447,34,10200,16.275,64.3,61445.2,2,0.9995
D,2,43,200000,1.0,447,35,10500,17.616,46.4,56766.6,2,0.9995
D,2,43,200000,1.0,447,36,10800,18.742,57.7,53355.1,2,0.9995
D,2,43,200000,1.0,447,37,11100,19.345,56.9,51692.1,2,0.9995
D,2,43,200000,1.0,447,38,11400,21.351,61.0,46835.5,2,0.9995
D,2,43,200000,1.0,447,39,11700,20.533,70.9,48701.3,2,0.9995
D,2,43,200000,1.0,447,40,12000,22.697,72.3,44059.3,2,0.9995
D,2,43,200000,1.0,447,41,12300,66.09,116.7,15131.0,2,0.9995
D,2,43,200000,1.0,447,42,12600,20.249,82.1,49386.0,2,0.9995
D,2,43,200000,1.0,447,43,12900,20.893,93.1,47862.9,2,0.9995
D,2,43,200000,1.0,447,44,13200,19.886,96.8,50285.8,2,0.9995
D,2,43,200000,1.0,447,45,13500,18.697,85.3,53483.6,2,0.9995
D,2,43,200000,1.0,447,46,13800,18.827,72.9,53115.2,2,0.9995
D,2,43,200000,1.0,447,47,14100,17.275,64.9,57886.0,2,0.9995
D,2,43,200000,1.0,447,48,14400,17.786,60.1,56225.1,2,0.9995
D,2,43,200000,1.0,447,49,14700,18.345,78.2,54510.8,2,0.9995
D,2,43,200000,1.0,447,50,15000,17.422,61.0,57398.7,2,0.9995
D,2,43,200000,1.01,451,1,300,68.77,109.4,14541.3,2,1.0085
D,2,43,200000,1.01,451,2,600,16.936,90.6,59047.0,2,1.0085
D,2,43,200000,1.01,451,3,900,16.12,66.9,62033.5,2,1.0085
D,2,43,200000,1.01,451,4,1200,18.471,77.7,54139.9,2,1.0085
D,2,43,200000,1.01,451,5,1500,16.538,64.0,60468.0,2,1.0085
D,2,43,200000,1.01,451,6,1800,13.255,62.2,75441.3,2,1.0085
D,2,43,200000,1.01,451,7,2100,14.098,70.2,70930.4,2,1.0085
D,2,43,200000,1.01,451,8,2400,13.849,63.9,72205.6,2,1.0085
D,2,43,200000,1.01,451,9,2700,12.932,62.2,77325.6,2,1.0085
D,2,43,200000,1.01,451,10,3000,14.794,61.6,67593.4,2,1.0085
D,2,43,200000,1.01,451,11,3300,40.645,71.5,24603.1,2,1.0085
D,2,43,200000,1.01,451,12,3600,16.664,73.3,60009.6,2,1.0085
D,2,43,200000,1.01,451,13,3900,13.793,60.5,72498.8,2,1.0085
D,2,43,200000,1.01,451,14,4200,13.814,61.4,72392.1,2,1.0085
D,2,43,200000,1.01,451,15,4500,14.508,62.1,68925.9,2,1.0085
D,2,43,200000,1.01,451,16,4800,16.389,64.5,61017.8,2,1.0085
D,2,43,200000,1.01,451,17,5100,15.371,56.6,65056.2,2,1.0085
D,2,43,200000,1.01,451,18,5400,16.734,58.2,59757.4,2,1.0085
D,2,43,200000,1.01,451,19,5700,14.372,62.2,69578.1,2,1.0085
D,2,43,200000,1.01,451,20,6000,8.086,47.6,123670.5,2,1.0085
D,2,43,200000,1.01,451,21,6300,8.65,38.1,115606.9,2,1.0085
D,2,43,200000,1.01,451,22,6600,70.752,132.0,14133.9,2,1.0085
D,2,43,200000,1.01,451,23,6900,17.903,73.9,55856.6,2,1.0085
D,2,43,200000,1.01,451,24,7200,16.851,58.9,59343.7,2,1.0085
D,2,43,200000,1.01,451,25,7500,11.707,86.1,85421.4,2,1.0085
D,2,43,200000,1.01,451,26,7800,11.255,62.2,88852.0,2,1.0085
D,2,43,200000,1.01,451,27,8100,11.872,65.1,84229.5,2,1.0085
D,2,43,200000,1.01,451,28,8400,12.678,59.1,78874.7,2,1.0085
D,2,43,200000,1.01,451,29,8700,13.879,77.5,72049.6,2,1.0085
D,2,43,200000,1.01,451,30,9000,13.946,59.2,71706.9,2,1.0085
D,2,43,200000,1.01,451,31,9300,43.858,63.0,22801.0,2,1.0085
D,2,43,200000,1.01,451,32,9600,14.729,59.5,67893.3,2,1.0085
D,2,43,200000,1.01,451,33,9900,10.045,53.3,99548.7,2,1.0085
D,2,43,200000,1.01,451,34,10200,10.498,56.3,95253.2,2,1.0085
D,2,43,200000,1.01,451,35,10500,12.576,57.8,79514.4,2,1.0085
D,2,43,200000,1.01,451,36,10800,12.556,60.1,79645.3,2,1.0085
D,2,43,200000,1.01,451,37,11100,12.681,52.8,78860.2,2,1.0085
D,2,43,200000,1.01,451,38,11400,8.219,39.9,121664.4,2,1.0085
D,2,43,200000,1.01,451,39,11700,8.915,50.1,112174.7,2,1.0085
D,2,43,200000,1.01,451,40,12000,9.974,36.4,100257.3,2,1.0085
D,2,43,200000,1.01,451,41,12300,64.96,97.8,15394.0,2,1.0085
D,2,43,200000,1.01,451,42,12600,21.722,101.1,46037.0,2,1.0085
D,2,43,200000,1.01,451,43,12900,21.082,101.9,47434.6,2,1.0085
D,2,43,200000,1.01,451,44,13200,18.219,74.1,54887.8,2,1.0085
D,2,43,200000,1.01,451,45,13500,18.772,82.2,53271.8,2,1.0085
D,2,43,200000,1.01,451,46,13800,16.552,65.3,60416.9,2,1.0085
D,2,43,200000,1.01,451,47,14100,17.15,63.2,58309.0,2,1.0085
D,2,43,200000,1.01,451,48,14400,17.794,69.6,56197.7,2,1.0085
D,2,43,200000,1.01,451,49,14700,17.638,71.8,56696.8,2,1.0085
D,2,43,200000,1.01,451,50,15000,16.913,62.3,59127.3,2,1.0085
D,2,43,200000,1.25,559,1,300,75.006,136.5,13332.3,3,1.25
D,2,43,200000,1.25,559,2,600,14.573,97.4,68618.5,3,1.25
D,2,43,200000,1.25,559,3,900,14.45,91.2,69205.8,3,1.25
D,2,43,200000,1.25,559,4,1200,20.03,77.5,49924.3,3,1.25
D,2,43,200000,1.25,559,5,1500,14.118,85.8,70829.9,3,1.25
D,2,43,200000,1.25,559,6,1800,14.451,75.2,69199.4,3,1.25
D,2,43,200000,1.25,559,7,2100,14.889,67.0,67165.2,3,1.25
D,2,43,200000,1.25,559,8,2400,16.837,85.5,59391.8,3,1.25
D,2,43,200000,1.25,559,9,2700,14.922,75.2,67015.1,3,1.25
D,2,43,200000,1.25,559,10,3000,17.509,94.5,57112.4,3,1.25
D,2,43,200000,1.25,559,11,3300,49.724,90.7,20111.0,3,1.25
D,2,43,200000,1.25,559,12,3600,10.643,73.2,93955.5,3,1.25
D,2,43,200000,1.25,559,13,3900,9.693,44.2,103163.7,3,1.25
D,2,43,200000,1.25,559,14,4200,9.181,45.9,108916.6,3,1.25
D,2,43,200000,1.25,559,15,4500,11.126,54.1,89876.9,3,1.25
D,2,43,200000,1.25,559,16,4800,11.592,65.6,86263.9,3,1.25
D,2,43,200000,1.25,559,17,5100,10.572,51.1,94592.5,3,1.25
D,2,43,200000,1.25,559,18,5400,12.474,51.2,80166.7,3,1.25
D,2,43,200000,1.25,559,19,5700,14.355,73.8,69660.5,3,1.25
D,2,43,200000,1.25,559,20,6000,13.688,57.9,73056.7,3,1.25
D,2,43,200000,1.25,559,21,6300,14.548,54.7,68736.4,3,1.25
D,2,43,200000,1.25,559,22,6600,77.095,122.4,12971.0,3,1.25
D,2,43,200000,1.25,559,23,6900,8.021,67.8,124672.7,3,1.25
D,2,43,200000,1.25,559,24,7200,9.4,86.7,106386.8,3,1.25
D,2,43,200000,1.25,559,25,7500,11.083,65.8,90225.5,3,1.25
D,2,43,200000,1.25,559,26,7800,11.848,56.5,84404.8,3,1.25
D,2,43,200000,1.25,559,27,8100,12.044,56.0,83026.6,3,1.25
D,2,43,200000,1.25,559,28,8400,13.29,55.4,75242.7,3,1.25
D,2,43,200000,1.25,559,29,8700,15.514,82.4,64459.3,3,1.25
D,2,43,200000,1.25,559,30,9000,16.271,70.1,61459.0,3,1.25
D,2,43,200000,1.25,559,31,9300,52.797,62.3,18940.6,3,1.25
D,2,43,200000,1.25,559,32,9600,18.104,50.4,55236.4,3,1.25
D,2,43,200000,1.25,559,33,9900,19.804,75.7,50494.9,3,1.25
D,2,43,200000,1.25,559,34,10200,21.467,63.1,46583.8,3,1.25
D,2,43,200000,1.25,559,35,10500,21.354,69.4,46828.9,3,1.25
D,2,43,200000,1.25,559,36,10800,23.856,75.0,41918.2,3,1.25
D,2,43,200000,1.25,559,37,11100,24.716,74.1,40459.6,3,1.25
D,2,43,200000,1.25,559,38,11400,26.182,89.6,38194.2,3,1.25
D,2,43,200000,1.25,559,39,11700,24.109,82.2,41478.3,3,1.25
D,2,43,200000,1.25,559,40,12000,31.2,100.0,32051.3,3,1.25
D,2,43,200000,1.25,559,41,12300,81.577,131.2,12258.3,3,1.25
D,2,43,200000,1.25,559,42,12600,17.484,103.8,57194.1,3,1.25
D,2,43,200000,1.25,559,43,12900,16.906,97.6,59149.4,3,1.25
D,2,43,200000,1.25,559,44,13200,16.675,99.7,59971.2,3,1.25
D,2,43,200000,1.25,559,45,13500,14.458,87.8,69164.3,3,1.25
D,2,43,200000,1.25,559,46,13800,14.983,97.6,66740.8,3,1.25
D,2,43,200000,1.25,559,47,14100,11.565,73.0,86465.3,3,1.25
D,2,43,200000,1.25,559,48,14400,11.274,70.5,88697.0,3,1.25
D,2,43,200000,1.25,559,49,14700,11.345,83.8,88147.1,3,1.25
D,2,43,200000,1.25,559,50,15000,10.855,54.5,92123.5,3,1.25
D,2,43,200000,1.5,670,1,300,60.276,147.2,16590.4,4,1.4982
D,2,43,200000,1.5,670,2,600,8.977,64.8,111399.9,4,1.4982
D,2,43,200000,1.5,670,3,900,9.786,54.2,102183.3,4,1.4982
D,2,43,200000,1.5,670,4,1200,10.418,34.5,95990.8,4,1.4982
D,2,43,200000,1.5,670,5,1500,11.954,54.4,83651.7,4,1.4982
D,2,43,200000,1.5,670,6,1800,14.2,61.9,70422.5,4,1.4982
D,2,43,200000,1.5,670,7,2100,13.02,40.9,76803.0,4,1.4982
D,2,43,200000,1.5,670,8,2400,13.886,49.5,72013.2,4,1.4982
D,2,43,200000,1.5,670,9,2700,17.185,55.5,58190.3,4,1.4982
D,2,43,200000,1.5,670,10,3000,15.714,56.9,63636.2,4,1.4982
D,2,43,200000,1.5,670,11,3300,46.191,77.2,21649.4,4,1.4982
D,2,43,200000,1.5,670,12,3600,7.705,39.9,129785.8,4,1.4982
D,2,43,200000,1.5,670,13,3900,7.914,48.2,126353.0,4,1.4982
D,2,43,200000,1.5,670,14,4200,7.892,18.3,126705.3,4,1.4982
D,2,43,200000,1.5,670,15,4500,8.741,37.6,114403.4,4,1.4982
D,2,43,200000,1.5,670,16,4800,9.283,39.5,107727.6,4,1.4982
D,2,43,200000,1.5,670,17,5100,8.297,32.0,120520.7,4,1.4982
D,2,43,200000,1.5,670,18,5400,9.23,47.6,108342.4,4,1.4982
D,2,43,200000,1.5,670,19,5700,9.45,36.8,105823.9,4,1.4982
D,2,43,200000,1.5,670,20,6000,9.446,37.6,105861.2,4,1.4982
D,2,43,200000,1.5,670,21,6300,8.986,24.5,111288.3,4,1.4982
D,2,43,200000,1.5,670,22,6600,68.193,106.6,14664.3,4,1.4982
D,2,43,200000,1.5,670,23,6900,18.024,103.6,55481.6,4,1.4982
D,2,43,200000,1.5,670,24,7200,18.711,123.2,53444.5,4,1.4982
D,2,43,200000,1.5,670,25,7500,15.991,81.0,62536.5,4,1.4982
D,2,43,200000,1.5,670,26,7800,20.027,98.9,49932.6,4,1.4982
D,2,43,200000,1.5,670,27,8100,19.064,97.3,52455.8,4,1.4982
D,2,43,200000,1.5,670,28,8400,19.815,101.5,50467.7,4,1.4982
D,2,43,200000,1.5,670,29,8700,20.576,107.4,48600.3,4,1.4982
D,2,43,200000,1.5,670,30,9000,18.253,94.8,54786.5,4,1.4982
D,2,43,200000,1.5,670,31,9300,54.446,100.6,18366.7,4,1.4982
D,2,43,200000,1.5,670,32,9600,19.49,98.7,51309.2,4,1.4982
D,2,43,200000,1.5,670,33,9900,19.575,100.3,51085.6,4,1.4982
D,2,43,200000,1.5,670,34,10200,17.02,93.8,58753.3,4,1.4982
D,2,43,200000,1.5,670,35,10500,15.123,89.2,66125.9,4,1.4982
D,2,43,200000,1.5,670,36,10800,13.519,82.2,73971.8,4,1.4982
D,2,43,200000,1.5,670,37,11100,11.063,68.0,90391.4,4,1.4982
D,2,43,200000,1.5,670,38,11400,13.498,87.2,74083.2,4,1.4982
D,2,43,200000,1.5,670,39,11700,14.282,85.5,70016.6,4,1.4982
D,2,43,200000,1.5,670,40,12000,14.512,94.4,68910.1,4,1.4982
D,2,43,200000,1.5,670,41,12300,73.19,115.8,13663.1,4,1.4982
D,2,43,200000,1.5,670,42,12600,23.272,112.1,42970.1,4,1.4982
D,2,43,200000,1.5,670,43,12900,22.786,109.5,43886.0,4,1.4982
D,2,43,200000,1.5,670,44,13200,22.537,107.6,44370.8,4,1.4982
D,2,43,200000,1.5,670,45,13500,19.941,95.3,50147.1,4,1.4982
D,2,43,200000,1.5,670,46,13800,21.605,117.4,46286.3,4,1.4982
D,2,43,200000,1.5,670,47,14100,20.548,95.0,48665.8,4,1.4982
D,2,43,200000,1.5,670,48,14400,19.652,93.9,50884.5,4,1.4982
D,2,43,200000,1.5,670,49,14700,18.775,108.3,53263.3,4,1.4982
D,2,43,200000,1.5,670,50,15000,13.595,78.3,73558.3,4,1.4982
D,2,43,200000,2.0,894,1,300,68.582,167.4,14581.2,2,1.999
D,2,43,200000,2.0,894,2,600,6.816,55.7,146720.8,2,1.999
D,2,43,200000,2.0,894,3,900,8.117,23.2,123193.2,2,1.999
D,2,43,200000,2.0,894,4,1200,7.973,26.8,125418.0,2,1.999
D,2,43,200000,2.0,894,5,1500,9.377,53.7,106640.1,2,1.999
D,2,43,200000,2.0,894,6,1800,10.548,56.8,94804.7,2,1.999
D,2,43,200000,2.0,894,7,2100,10.646,28.7,93934.9,2,1.999
D,2,43,200000,2.0,894,8,2400,10.308,30.4,97008.9,2,1.999
D,2,43,200000,2.0,894,9,2700,12.31,37.2,81232.6,2,1.999
D,2,43,200000,2.0,894,10,3000,11.705,38.3,85436.0,2,1.999
D,2,43,200000,2.0,894,11,3300,41.883,36.6,23876.0,2,1.999
D,2,43,200000,2.0,894,12,3600,13.538,38.8,73868.0,2,1.999
D,2,43,200000,2.0,894,13,3900,16.017,49.4,62435.0,2,1.999
D,2,43,200000,2.0,894,14,4200,15.283,44.8,65433.6,2,1.999
D,2,43,200000,2.0,894,15,4500,15.264,47.0,65513.6,2,1.999
D,2,43,200000,2.0,894,16,4800,17.857,62.0,56000.4,2,1.999
D,2,43,200000,2.0,894,17,5100,17.648,53.1,56664.7,2,1.999
D,2,43,200000,2.0,894,18,5400,17.608,57.3,56793.4,2,1.999
D,2,43,200000,2.0,894,19,5700,19.98,68.0,50050.1,2,1.999
D,2,43,200000,2.0,894,20,6000,19.671,62.0,50835.4,2,1.999
D,2,43,200000,2.0,894,21,6300,23.229,66.1,43049.0,2,1.999
D,2,43,200000,2.0,894,22,6600,71.241,72.9,14036.9,2,1.999
D,2,43,200000,2.0,894,23,6900,25.614,71.7,39040.6,2,1.999
D,2,43,200000,2.0,894,24,7200,23.61,80.3,42355.5,2,1.999
D,2,43,200000,2.0,894,25,7500,25.39,79.9,39386.1,2,1.999
D,2,43,200000,2.0,894,26,7800,25.169,86.8,39730.9,2,1.999
D,2,43,200000,2.0,894,27,8100,30.824,92.1,32442.3,2,1.999
D,2,43,200000,2.0,894,28,8400,27.602,94.7,36229.7,2,1.999
D,2,43,200000,2.0,894,29,8700,28.203,97.1,35457.2,2,1.999
D,2,43,200000,2.0,894,30,9000,27.915,97.4,35823.0,2,1.999
D,2,43,200000,2.0,894,31,9300,60.619,102.1,16496.5,2,1.999
D,2,43,200000,2.0,894,32,9600,32.499,96.6,30770.2,2,1.999
D,2,43,200000,2.0,894,33,9900,32.789,124.2,30497.7,2,1.999
D,2,43,200000,2.0,894,34,10200,32.493,108.5,30775.5,2,1.999
D,2,43,200000,2.0,894,35,10500,34.431,115.6,29043.3,2,1.999
D,2,43,200000,2.0,894,36,10800,38.786,127.4,25782.3,2,1.999
D,2,43,200000,2.0,894,37,11100,34.609,110.6,28894.5,2,1.999
D,2,43,200000,2.0,894,38,11400,37.033,133.7,27003.2,2,1.999
D,2,43,200000,2.0,894,39,11700,39.457,131.0,25343.8,2,1.999
D,2,43,200000,2.0,894,40,12000,40.642,148.2,24605.1,2,1.999
D,2,43,200000,2.0,894,41,12300,87.062,138.0,11486.0,2,1.999
D,2,43,200000,2.0,894,42,12600,10.037,57.5,99631.4,2,1.999
D,2,43,200000,2.0,894,43,12900,10.452,49.7,95675.5,2,1.999
D,2,43,200000,2.0,894,44,13200,12.557,53.8,79636.8,2,1.999
D,2,43,200000,2.0,894,45,13500,14.123,62.5,70804.8,2,1.999
D,2,43,200000,2.0,894,46,13800,15.789,40.7,63333.9,2,1.999
D,2,43,200000,2.0,894,47,14100,17.806,56.6,56159.8,2,1.999
D,2,43,200000,2.0,894,48,14400,19.132,51.6,52267.5,2,1.999
D,2,43,200000,2.0,894,49,14700,20.861,62.6,47937.1,2,1.999
D,2,43,200000,2.0,894,50,15000,21.642,62.4,46205.7,2,1.999
D,3,44,5000,0.5,35,1,300,12.522,34.9,79861.6,1,0.495
D,3,44,5000,0.5,35,2,600,13.699,71.0,72999.8,1,0.495
D,3,44,5000,0.5,35,3,900,13.749,41.3,72730.8,1,0.495
D,3,44,5000,0.5,35,4,1200,13.831,45.9,72299.6,1,0.495
D,3,44,5000,0.5,35,5,1500,16.187,49.6,61778.0,1,0.495
D,3,44,5000,0.5,35,6,1800,14.587,46.1,68554.2,1,0.495
D,3,44,5000,0.5,35,7,2100,15.798,53.3,63297.8,1,0.495
D,3,44,5000,0.5,35,8,2400,16.606,56.4,60219.2,1,0.495
D,3,44,5000,0.5,35,9,2700,19.73,64.4,50684.2,1,0.495
D,3,44,5000,0.5,35,10,3000,18.05,65.6,55402.7,1,0.495
D,3,44,5000,0.5,35,11,3300,19.4,62.7,51545.5,1,0.495
D,3,44,5000,0.5,35,12,3600,13.739,44.1,72783.7,1,0.495
D,3,44,5000,0.5,35,13,3900,4.78,44.5,209219.5,1,0.495
D,3,44,5000,0.5,35,14,4200,5.79,43.4,172711.5,1,0.495
D,3,44,5000,0.5,35,15,4500,6.668,14.1,149962.5,1,0.495
D,3,44,5000,0.5,35,16,4800,7.395,45.1,135226.5,1,0.495
D,3,44,5000,0.5,35,17,5100,7.237,24.6,138178.8,1,0.495
D,3,44,5000,0.5,35,18,5400,7.695,23.0,129954.5,1,0.495
D,3,44,5000,0.5,35,19,5700,9.375,25.0,106666.7,1,0.495
D,3,44,5000,0.5,35,20,6000,12.364,27.1,80877.8,1,0.495
D,3,44,5000,0.5,35,21,6300,12.917,36.0,77417.4,1,0.495
D,3,44,5000,0.5,35,22,6600,13.78,36.5,72570.7,1,0.495
D,3,44,5000,0.5,35,23,6900,14.989,41.1,66714.1,1,0.495
D,3,44,5000,0.5,35,24,7200,16.287,41.8,61398.7,1,0.495
D,3,44,5000,0.5,35,25,7500,20.116,59.0,49710.9,1,0.495
D,3,44,5000,0.5,35,26,7800,19.349,50.3,51681.4,1,0.495
D,3,44,5000,0.5,35,27,8100,23.665,73.9,42257.1,1,0.495
D,3,44,5000,0.5,35,28,8400,23.934,61.2,41782.1,1,0.495
D,3,44,5000,0.5,35,29,8700,25.475,67.8,39254.2,1,0.495
D,3,44,5000,0.5,35,30,9000,25.17,62.8,39729.8,1,0.495
D,3,44,5000,0.5,35,31,9300,20.835,73.4,47996.9,1,0.495
D,3,44,5000,0.5,35,32,9600,6.435,19.4,155400.1,1,0.495
D,3,44,5000,0.5,35,33,9900,5.613,57.5,178157.8,1,0.495
D,3,44,5000,0.5,35,34,10200,7.361,62.3,135851.1,1,0.495
D,3,44,5000,0.5,35,35,10500,7.894,19.6,126673.1,1,0.495
D,3,44,5000,0.5,35,36,10800,8.858,23.1,112892.3,1,0.495
D,3,44,5000,0.5,35,37,11100,11.072,34.1,90315.2,1,0.495
D,3,44,5000,0.5,35,38,11400,12.297,61.2,81320.6,1,0.495
D,3,44,5000,0.5,35,39,11700,11.966,31.9,83567.8,1,0.495
D,3,44,5000,0.5,35,40,12000,14.009,39.5,71381.0,1,0.495
D,3,44,5000,0.5,35,41,12300,9.239,37.2,108240.7,1,0.495
D,3,44,5000,0.5,35,42,12600,10.226,37.5,97786.8,1,0.495
D,3,44,5000,0.5,35,43,12900,12.239,45.1,81706.0,1,0.495
D,3,44,5000,0.5,35,44,13200,13.14,46.6,76105.4,1,0.495
D,3,44,5000,0.5,35,45,13500,14.681,69.4,68116.8,1,0.495
D,3,44,5000,0.5,35,46,13800,16.202,61.9,61720.8,1,0.495
D,3,44,5000,0.5,35,47,14100,16.723,56.6,59799.1,1,0.495
D,3,44,5000,0.5,35,48,14400,19.111,57.3,52325.0,1,0.495
D,3,44,5000,0.5,35,49,14700,20.077,65.7,49807.4,1,0.495
D,3,44,5000,0.5,35,50,15000,16.48,66.0,60680.8,1,0.495
D,3,44,5000,0.75,53,1,300,11.096,29.6,90119.9,1,0.7495
D,3,44,5000,0.75,53,2,600,10.618,30.1,94182.6,1,0.7495
D,3,44,5000,0.75,53,3,900,11.484,34.5,87077.7,1,0.7495
D,3,44,5000,0.75,53,4,1200,12.133,37.4,82422.1,1,0.7495
D,3,44,5000,0.75,53,5,1500,13.92,41.2,71837.4,1,0.7495
D,3,44,5000,0.75,53,6,1800,13.482,40.8,74174.8,1,0.7495
D,3,44,5000,0.75,53,7,2100,14.461,43.7,69151.5,1,0.7495
D,3,44,5000,0.75,53,8,2400,15.025,45.4,66554.3,1,0.7495
D,3,44,5000,0.75,53,9,2700,16.739,51.2,59739.5,1,0.7495
D,3,44,5000,0.75,53,10,3000,18.903,54.0,52901.7,1,0.7495
D,3,44,5000,0.75,53,11,3300,9.104,48.2,109845.9,1,0.7495
D,3,44,5000,0.75,53,12,3600,5.938,32.1,168397.4,1,0.7495
D,3,44,5000,0.75,53,13,3900,6.511,13.6,153594.1,1,0.7495
D,3,44,5000,0.75,53,14,4200,8.164,21.9,122489.0,1,0.7495
D,3,44,5000,0.75,53,15,4500,8.747,25.3,114329.3,1,0.7495
D,3,44,5000,0.75,53,16,4800,10.188,25.9,98157.9,1,0.7495
D,3,44,5000,0.75,53,17,5100,13.435,34.0,74434.3,1,0.7495
D,3,44,5000,0.75,53,18,5400,15.164,60.9,65947.1,1,0.7495
D,3,44,5000,0.75,53,19,5700,15.515,45.5,64452.4,1,0.7495
D,3,44,5000,0.75,53,20,6000,17.462,50.1,57266.1,1,0.7495
D,3,44,5000,0.75,53,21,6300,19.788,58.0,50536.5,1,0.7495
D,3,44,5000,0.75,53,22,6600,19.066,63.0,52448.5,1,0.7495
D,3,44,5000,0.75,53,23,6900,20.514,66.8,48748.0,1,0.7495
D,3,44,5000,0.75,53,24,7200,24.061,84.4,41561.6,1,0.7495
D,3,44,5000,0.75,53,25,7500,28.164,80.2,35506.3,1,0.7495
D,3,44,5000,0.75,53,26,7800,26.344,85.5,37959.8,1,0.7495
D,3,44,5000,0.75,53,27,8100,28.764,98.4,34766.1,1,0.7495
D,3,44,5000,0.75,53,28,8400,31.05,96.5,32206.1,1,0.7495
D,3,44,5000,0.75,53,29,8700,31.496,103.1,31750.1,1,0.7495
D,3,44,5000,0.75,53,30,9000,31.603,106.1,31642.6,1,0.7495
D,3,44,5000,0.75,53,31,9300,24.307,109.6,41139.8,1,0.7495
D,3,44,5000,0.75,53,32,9600,5.313,22.2,188229.4,1,0.7495
D,3,44,5000,0.75,53,33,9900,6.312,40.9,158436.7,1,0.7495
D,3,44,5000,0.75,53,34,10200,8.108,41.8,123335.0,1,0.7495
D,3,44,5000,0.75,53,35,10500,9.134,26.9,109485.1,1,0.7495
D,3,44,5000,0.75,53,36,10800,10.711,28.6,93362.0,1,0.7495
D,3,44,5000,0.75,53,37,11100,10.901,28.6,91731.9,1,0.7495
D,3,44,5000,0.75,53,38,11400,13.649,43.5,73267.2,1,0.7495
D,3,44,5000,0.75,53,39,11700,15.462,60.5,64674.7,1,0.7495
D,3,44,5000,0.75,53,40,12000,17.463,49.2,57263.9,1,0.7495
D,3,44,5000,0.75,53,41,12300,20.285,55.5,49296.7,1,0.7495
D,3,44,5000,0.75,53,42,12600,20.989,61.2,47643.2,1,0.7495
D,3,44,5000,0.75,53,43,12900,22.093,63.2,45262.5,1,0.7495
D,3,44,5000,0.75,53,44,13200,22.474,71.9,44496.5,1,0.7495
D,3,44,5000,0.75,53,45,13500,23.186,73.0,43128.9,1,0.7495
D,3,44,5000,0.75,53,46,13800,25.851,81.0,38682.7,1,0.7495
D,3,44,5000,0.75,53,47,14100,28.389,89.4,35225.3,1,0.7495
D,3,44,5000,0.75,53,48,14400,30.092,96.1,33231.8,1,0.7495
D,3,44,5000,0.75,53,49,14700,27.587,98.4,36249.4,1,0.7495
D,3,44,5000,0.75,53,50,15000,31.79,103.3,31456.8,1,0.7495
D,3,44,5000,1.0,70,1,300,11.493,34.8,87009.5,1,0.9899
D,3,44,5000,1.0,70,2,600,11.504,35.8,86926.3,1,0.9899
D,3,44,5000,1.0,70,3,900,12.029,40.8,83134.7,1,0.9899
D,3,44,5000,1.0,70,4,1200,13.2,45.3,75757.6,1,0.9899
D,3,44,5000,1.0,70,5,1500,13.898,49.3,71952.8,1,0.9899
D,3,44,5000,1.0,70,6,1800,12.896,45.8,77545.4,1,0.9899
D,3,44,5000,1.0,70,7,2100,14.248,52.6,70186.9,1,0.9899
D,3,44,5000,1.0,70,8,2400,15.975,56.9,62597.8,1,0.9899
D,3,44,5000,1.0,70,9,2700,16.614,61.5,60190.2,1,0.9899
D,3,44,5000,1.0,70,10,3000,16.265,67.3,61480.5,1,0.9899
D,3,44,5000,1.0,70,11,3300,14.067,35.0,71088.4,1,0.9899
D,3,44,5000,1.0,70,12,3600,9.134,17.9,109481.0,1,0.9899
D,3,44,5000,1.0,70,13,3900,6.517,17.2,153452.7,1,0.9899
D,3,44,5000,1.0,70,14,4200,8.096,16.9,123522.9,1,0.9899
D,3,44,5000,1.0,70,15,4500,9.519,17.5,105056.7,1,0.9899
D,3,44,5000,1.0,70,16,4800,16.633,35.2,60120.2,1,0.9899
D,3,44,5000,1.0,70,17,5100,12.167,29.7,82189.5,1,0.9899
D,3,44,5000,1.0,70,18,5400,12.408,33.0,80593.2,1,0.9899
D,3,44,5000,1.0,70,19,5700,14.791,38.0,67610.2,1,0.9899
D,3,44,5000,1.0,70,20,6000,15.052,40.4,66436.4,1,0.9899
D,3,44,5000,1.0,70,21,6300,18.381,51.1,54404.0,1,0.9899
D,3,44,5000,1.0,70,22,6600,18.505,54.2,54038.5,1,0.9899
D,3,44,5000,1.0,70,23,6900,19.874,60.8,50317.0,1,0.9899
D,3,44,5000,1.0,70,24,7200,20.559,62.2,48640.5,1,0.9899
D,3,44,5000,1.0,70,25,7500,16.83,79.1,59416.5,1,0.9899
D,3,44,5000,1.0,70,26,7800,7.109,17.6,140666.8,1,0.9899
D,3,44,5000,1.0,70,27,8100,8.542,18.4,117068.6,1,0.9899
D,3,44,5000,1.0,70,28,8400,10.017,24.0,99833.6,1,0.9899
D,3,44,5000,1.0,70,29,8700,11.49,31.6,87034.7,1,0.9899
D,3,44,5000,1.0,70,30,9000,13.028,33.4,76755.8,1,0.9899
D,3,44,5000,1.0,70,31,9300,14.695,43.5,68051.9,1,0.9899
D,3,44,5000,1.0,70,32,9600,8.232,18.3,121482.1,1,0.9899
D,3,44,5000,1.0,70,33,9900,9.889,44.8,101125.8,1,0.9899
D,3,44,5000,1.0,70,34,10200,7.39,39.8,135311.9,1,0.9899
D,3,44,5000,1.0,70,35,10500,7.285,19.8,137274.6,1,0.9899
D,3,44,5000,1.0,70,36,10800,6.447,23.5,155118.9,1,0.9899
D,3,44,5000,1.0,70,37,11100,7.267,21.6,137608.4,1,0.9899
D,3,44,5000,1.0,70,38,11400,8.708,42.2,114841.3,1,0.9899
D,3,44,5000,1.0,70,39,11700,9.93,27.8,100704.9,1,0.9899
D,3,44,5000,1.0,70,40,12000,11.569,24.8,86437.9,1,0.9899
D,3,44,5000,1.0,70,41,12300,13.518,31.8,73975.4,1,0.9899
D,3,44,5000,1.0,70,42,12600,13.183,36.0,75857.2,1,0.9899
D,3,44,5000,1.0,70,43,12900,7.603,36.3,131527.1,1,0.9899
D,3,44,5000,1.0,70,44,13200,6.903,25.5,144857.6,1,0.9899
D,3,44,5000,1.0,70,45,13500,6.332,23.3,157936.3,1,0.9899
D,3,44,5000,1.0,70,46,13800,6.778,41.6,147528.9,1,0.9899
D,3,44,5000,1.0,70,47,14100,7.639,22.3,130912.9,1,0.9899
D,3,44,5000,1.0,70,48,14400,9.238,24.2,108244.6,1,0.9899
D,3,44,5000,1.0,70,49,14700,10.547,28.3,94813.7,1,0.9899
D,3,44,5000,1.0,70,50,15000,11.668,30.6,85704.5,1,0.9899
D,3,44,5000,1.01,71,1,300,7.308,24.5,136830.1,1,1.0041
D,3,44,5000,1.01,71,2,600,8.529,25.0,117242.4,1,1.0041
D,3,44,5000,1.01,71,3,900,11.662,38.5,85748.6,1,1.0041
D,3,44,5000,1.01,71,4,1200,11.633,31.3,85962.3,1,1.0041
D,3,44,5000,1.01,71,5,1500,13.291,38.1,75238.9,1,1.0041
D,3,44,5000,1.01,71,6,1800,15.928,43.6,62781.2,1,1.0041
D,3,44,5000,1.01,71,7,2100,17.998,52.8,55560.7,1,1.0041
D,3,44,5000,1.01,71,8,2400,19.428,60.0,51471.2,1,1.0041
D,3,44,5000,1.01,71,9,2700,21.048,76.9,47509.7,1,1.0041
D,3,44,5000,1.01,71,10,3000,25.208,72.3,39669.9,1,1.0041
D,3,44,5000,1.01,71,11,3300,14.981,64.6,66749.7,1,1.0041
D,3,44,5000,1.01,71,12,3600,8.392,39.9,119156.3,1,1.0041
D,3,44,5000,1.01,71,13,3900,5.313,12.1,188229.5,1,1.0041
D,3,44,5000,1.01,71,14,4200,4.714,11.6,212119.0,1,1.0041
D,3,44,5000,1.01,71,15,4500,8.646,12.0,115656.0,1,1.0041
D,3,44,5000,1.01,71,16,4800,7.138,14.5,140088.7,1,1.0041
D,3,44,5000,1.01,71,17,5100,9.322,21.4,107269.3,1,1.0041
D,3,44,5000,1.01,71,18,5400,10.766,29.1,92887.9,1,1.0041
D,3,44,5000,1.01,71,19,5700,11.642,31.6,85893.4,1,1.0041
D,3,44,5000,1.01,71,20,6000,13.221,36.2,75639.2,1,1.0041
D,3,44,5000,1.01,71,21,6300,15.486,50.4,64574.5,1,1.0041
D,3,44,5000,1.01,71,22,6600,15.269,49.6,65493.6,1,1.0041
D,3,44,5000,1.01,71,23,6900,16.405,52.8,60957.0,1,1.0041
D,3,44,5000,1.01,71,24,7200,18.985,60.5,52672.2,1,1.0041
D,3,44,5000,1.01,71,25,7500,19.724,62.7,50699.7,1,1.0041
D,3,44,5000,1.01,71,26,7800,21.925,70.6,45610.7,1,1.0041
D,3,44,5000,1.01,71,27,8100,24.098,74.2,41497.8,1,1.0041
D,3,44,5000,1.01,71,28,8400,25.541,77.5,39153.2,1,1.0041
D,3,44,5000,1.01,71,29,8700,26.885,84.7,37195.5,1,1.0041
D,3,44,5000,1.01,71,30,9000,26.114,90.4,38293.1,1,1.0041
D,3,44,5000,1.01,71,31,9300,23.168,105.4,43163.6,1,1.0041
D,3,44,5000,1.01,71,32,9600,7.28,18.1,137368.9,1,1.0041
D,3,44,5000,1.01,71,33,9900,6.2,33.1,161290.4,1,1.0041
D,3,44,5000,1.01,71,34,10200,5.887,32.7,169856.2,1,1.0041
D,3,44,5000,1.01,71,35,10500,8.368,35.8,119502.9,1,1.0041
D,3,44,5000,1.01,71,36,10800,10.627,30.2,94102.9,1,1.0041
D,3,44,5000,1.01,71,37,11100,12.94,34.9,77279.8,1,1.0041
D,3,44,5000,1.01,71,38,11400,14.974,40.6,66780.9,1,1.0041
D,3,44,5000,1.01,71,39,11700,17.482,51.0,57201.7,1,1.0041
D,3,44,5000,1.01,71,40,12000,20.185,55.2,49542.6,1,1.0041
D,3,44,5000,1.01,71,41,12300,24.253,95.1,41231.4,1,1.0041
D,3,44,5000,1.01,71,42,12600,26.622,73.3,37562.4,1,1.0041
D,3,44,5000,1.01,71,43,12900,29.733,81.3,33632.7,1,1.0041
D,3,44,5000,1.01,71,44,13200,29.234,86.8,34207.1,1,1.0041
D,3,44,5000,1.01,71,45,13500,33.551,100.5,29805.7,1,1.0041
D,3,44,5000,1.01,71,46,13800,34.332,103.4,29127.6,1,1.0041
D,3,44,5000,1.01,71,47,14100,39.256,104.2,25473.6,1,1.0041
D,3,44,5000,1.01,71,48,14400,41.665,117.5,24001.0,1,1.0041
D,3,44,5000,1.01,71,49,14700,40.605,122.3,24627.7,1,1.0041
D,3,44,5000,1.01,71,50,15000,44.693,133.7,22374.7,1,1.0041
D,3,44,5000,1.25,88,1,300,18.034,51.3,55449.8,1,1.2445
D,3,44,5000,1.25,88,2,600,19.349,57.0,51681.4,1,1.2445
D,3,44,5000,1.25,88,3,900,22.258,63.1,44928.3,1,1.2445
D,3,44,5000,1.25,88,4,1200,21.393,66.5,46744.3,1,1.2445
D,3,44,5000,1.25,88,5,1500,6.008,34.1,166444.8,1,1.2445
D,3,44,5000,1.25,88,6,1800,6.755,24.3,148031.2,1,1.2445
D,3,44,5000,1.25,88,7,2100,9.674,31.0,103369.9,1,1.2445
D,3,44,5000,1.25,88,8,2400,11.036,28.0,90612.5,1,1.2445
D,3,44,5000,1.25,88,9,2700,12.342,32.7,81024.1,1,1.2445
D,3,44,5000,1.25,88,10,3000,16.098,40.1,62118.2,1,1.2445
D,3,44,5000,1.25,88,11,3300,11.039,36.5,90585.2,1,1.2445
D,3,44,5000,1.25,88,12,3600,6.955,29.0,143781.4,1,1.2445
D,3,44,5000,1.25,88,13,3900,6.417,13.8,155844.1,1,1.2445
D,3,44,5000,1.25,88,14,4200,6.843,14.0,146141.9,1,1.2445
D,3,44,5000,1.25,88,15,4500,6.812,14.2,146792.6,1,1.2445
D,3,44,5000,1.25,88,16,4800,5.768,15.5,173360.3,1,1.2445
D,3,44,5000,1.25,88,17,5100,6.695,29.9,149365.2,1,1.2445
D,3,44,5000,1.25,88,18,5400,7.34,29.3,136233.6,1,1.2445
D,3,44,5000,1.25,88,19,5700,8.229,20.2,121521.4,1,1.2445
D,3,44,5000,1.25,88,20,6000,9.069,29.9,110269.8,1,1.2445
D,3,44,5000,1.25,88,21,6300,11.242,30.6,88952.1,1,1.2445
D,3,44,5000,1.25,88,22,6600,11.325,30.3,88300.2,1,1.2445
D,3,44,5000,1.25,88,23,6900,12.498,35.0,80010.7,1,1.2445
D,3,44,5000,1.25,88,24,7200,13.814,38.9,72388.6,1,1.2445
D,3,44,5000,1.25,88,25,7500,16.341,46.3,61195.8,1,1.2445
D,3,44,5000,1.25,88,26,7800,16.715,50.1,59827.7,1,1.2445
D,3,44,5000,1.25,88,27,8100,18.125,54.0,55172.4,1,1.2445
D,3,44,5000,1.25,88,28,8400,21.017,64.7,47580.5,1,1.2445
D,3,44,5000,1.25,88,29,8700,19.98,65.9,50050.0,1,1.2445
D,3,44,5000,1.25,88,30,9000,21.307,68.3,46932.2,1,1.2445
D,3,44,5000,1.25,88,31,9300,18.468,72.7,54147.7,1,1.2445
D,3,44,5000,1.25,88,32,9600,7.101,16.1,140818.6,1,1.2445
D,3,44,5000,1.25,88,33,9900,8.299,35.1,120501.3,1,1.2445
D,3,44,5000,1.25,88,34,10200,7.333,31.5,136369.8,1,1.2445
D,3,44,5000,1.25,88,35,10500,7.471,25.9,133850.9,1,1.2445
D,3,44,5000,1.25,88,36,10800,7.885,23.1,126817.7,1,1.2445
D,3,44,5000,1.25,88,37,11100,9.098,23.4,109910.2,1,1.2445
D,3,44,5000,1.25,88,38,11400,9.996,32.4,100043.4,1,1.2445
D,3,44,5000,1.25,88,39,11700,10.371,31.4,96425.8,1,1.2445
D,3,44,5000,1.25,88,40,12000,12.342,35.5,81024.1,1,1.2445
D,3,44,5000,1.25,88,41,12300,13.437,36.1,74419.5,1,1.2445
D,3,44,5000,1.25,88,42,12600,13.638,36.5,73324.5,1,1.2445
D,3,44,5000,1.25,88,43,12900,14.788,43.5,67622.4,1,1.2445
D,3,44,5000,1.25,88,44,13200,16.183,48.2,61794.5,1,1.2445
D,3,44,5000,1.25,88,45,13500,15.915,49.5,62835.1,1,1.2445
D,3,44,5000,1.25,88,46,13800,17.716,52.4,56447.2,1,1.2445
D,3,44,5000,1.25,88,47,14100,18.375,56.9,54422.8,1,1.2445
D,3,44,5000,1.25,88,48,14400,19.197,53.9,52091.5,1,1.2445
D,3,44,5000,1.25,88,49,14700,21.229,63.7,47106.1,1,1.2445
D,3,44,5000,1.25,88,50,15000,21.315,63.0,46916.1,1,1.2445
D,3,44,5000,1.5,106,1,300,12.333,34.7,81081.1,1,1.4991
D,3,44,5000,1.5,106,2,600,6.767,37.3,147776.0,1,1.4991
D,3,44,5000,1.5,106,3,900,5.795,14.5,172552.7,1,1.4991
D,3,44,5000,1.5,106,4,1200,8.072,30.5,123885.0,1,1.4991
D,3,44,5000,1.5,106,5,1500,8.777,21.2,113938.5,1,1.4991
D,3,44,5000,1.5,106,6,1800,10.073,26.1,99272.0,1,1.4991
D,3,44,5000,1.5,106,7,2100,11.676,34.4,85645.8,1,1.4991
D,3,44,5000,1.5,106,8,2400,13.135,42.1,76130.6,1,1.4991
D,3,44,5000,1.5,106,9,2700,14.073,43.9,71058.1,1,1.4991
D,3,44,5000,1.5,106,10,3000,16.977,52.3,58902.1,1,1.4991
D,3,44,5000,1.5,106,11,3300,12.966,52.8,77124.8,1,1.4991
D,3,44,5000,1.5,106,12,3600,9.355,20.0,106890.9,1,1.4991
D,3,44,5000,1.5,106,13,3900,8.812,16.5,113477.3,1,1.4991
D,3,44,5000,1.5,106,14,4200,6.44,14.9,155287.5,1,1.4991
D,3,44,5000,1.5,106,15,4500,7.1,14.3,140845.1,1,1.4991
D,3,44,5000,1.5,106,16,4800,8.372,17.7,119441.0,1,1.4991
D,3,44,5000,1.5,106,17,5100,10.707,30.2,93399.7,1,1.4991
D,3,44,5000,1.5,106,18,5400,11.224,28.1,89097.4,1,1.4991
D,3,44,5000,1.5,106,19,5700,9.246,31.9,108158.8,1,1.4991
D,3,44,5000,1.5,106,20,6000,6.898,14.0,144976.5,1,1.4991
D,3,44,5000,1.5,106,21,6300,7.101,16.0,140831.9,1,1.4991
D,3,44,5000,1.5,106,22,6600,6.527,16.1,153217.6,1,1.4991
D,3,44,5000,1.5,106,23,6900,6.197,23.3,161368.4,1,1.4991
D,3,44,5000,1.5,106,24,7200,8.246,18.8,121266.0,1,1.4991
D,3,44,5000,1.5,106,25,7500,9.896,23.5,101054.3,1,1.4991
D,3,44,5000,1.5,106,26,7800,12.3,30.2,81303.0,1,1.4991
D,3,44,5000,1.5,106,27,8100,15.441,42.3,64761.3,1,1.4991
D,3,44,5000,1.5,106,28,8400,16.937,46.3,59041.2,1,1.4991
D,3,44,5000,1.5,106,29,8700,15.999,48.7,62505.2,1,1.4991
D,3,44,5000,1.5,106,30,9000,4.832,10.0,206953.7,1,1.4991
D,3,44,5000,1.5,106,31,9300,12.095,113.6,82681.1,1,1.4991
D,3,44,5000,1.5,106,32,9600,5.837,16.3,171311.1,1,1.4991
D,3,44,5000,1.5,106,33,9900,7.412,17.7,134922.4,1,1.4991
D,3,44,5000,1.5,106,34,10200,9.269,18.7,107882.6,1,1.4991
D,3,44,5000,1.5,106,35,10500,7.082,20.9,141196.4,1,1.4991
D,3,44,5000,1.5,106,36,10800,6.341,18.7,157695.5,1,1.4991
D,3,44,5000,1.5,106,37,11100,8.686,19.7,115127.8,1,1.4991
D,3,44,5000,1.5,106,38,11400,9.116,23.0,109697.3,1,1.4991
D,3,44,5000,1.5,106,39,11700,5.063,9.8,197524.3,1,1.4991
D,3,44,5000,1.5,106,40,12000,7.706,18.4,129774.6,1,1.4991
D,3,44,5000,1.5,106,41,12300,11.179,27.1,89450.8,1,1.4991
D,3,44,5000,1.5,106,42,12600,14.119,34.7,70826.5,1,1.4991
D,3,44,5000,1.5,106,43,12900,15.011,39.6,66619.3,1,1.4991
D,3,44,5000,1.5,106,44,13200,17.231,49.3,58033.8,1,1.4991
D,3,44,5000,1.5,106,45,13500,19.697,50.8,50768.3,1,1.4991
D,3,44,5000,1.5,106,46,13800,21.789,63.0,45895.4,1,1.4991
D,3,44,5000,1.5,106,47,14100,25.958,72.9,38523.8,1,1.4991
D,3,44,5000,1.5,106,48,14400,27.953,73.2,35773.9,1,1.4991
D,3,44,5000,1.5,106,49,14700,29.412,82.5,34000.1,1,1.4991
D,3,44,5000,1.5,106,50,15000,31.064,90.8,32192.0,1,1.4991
D,3,44,5000,2.0,141,1,300,8.631,20.6,115865.9,1,1.994
D,3,44,5000,2.0,141,2,600,8.394,20.9,119128.0,1,1.994
D,3,44,5000,2.0,141,3,900,8.802,23.1,113610.5,1,1.994
D,3,44,5000,2.0,141,4,1200,9.379,25.8,106624.9,1,1.994
D,3,44,5000,2.0,141,5,1500,10.365,29.9,96478.5,1,1.994
D,3,44,5000,2.0,141,6,1800,9.154,24.2,109241.9,1,1.994
D,3,44,5000,2.0,141,7,2100,10.094,29.1,99072.0,1,1.994
D,3,44,5000,2.0,141,8,2400,10.458,31.1,95620.6,1,1.994
D,3,44,5000,2.0,141,9,2700,11.597,41.5,86226.7,1,1.994
D,3,44,5000,2.0,141,10,3000,10.933,37.6,91463.4,1,1.994
D,3,44,5000,2.0,141,11,3300,10.814,21.9,92469.9,1,1.994
D,3,44,5000,2.0,141,12,3600,8.915,17.9,112170.5,1,1.994
D,3,44,5000,2.0,141,13,3900,8.934,17.5,111931.9,1,1.994
D,3,44,5000,2.0,141,14,4200,9.129,23.5,109541.0,1,1.994
D,3,44,5000,2.0,141,15,4500,5.075,15.4,197031.3,1,1.994
D,3,44,5000,2.0,141,16,4800,7.239,16.8,138134.3,1,1.994
D,3,44,5000,2.0,141,17,5100,10.295,26.4,97137.7,1,1.994
D,3,44,5000,2.0,141,18,5400,11.74,29.6,85181.3,1,1.994
D,3,44,5000,2.0,141,19,5700,15.351,42.2,65140.9,1,1.994
D,3,44,5000,2.0,141,20,6000,16.347,42.3,61173.3,1,1.994
D,3,44,5000,2.0,141,21,6300,19.034,52.1,52537.6,1,1.994
D,3,44,5000,2.0,141,22,6600,20.974,58.0,47678.1,1,1.994
D,3,44,5000,2.0,141,23,6900,23.064,67.0,43358.2,1,1.994
D,3,44,5000,2.0,141,24,7200,26.096,72.0,38320.0,1,1.994
D,3,44,5000,2.0,141,25,7500,27.285,78.7,36649.7,1,1.994
D,3,44,5000,2.0,141,26,7800,29.107,82.7,34356.0,1,1.994
D,3,44,5000,2.0,141,27,8100,34.935,96.7,28624.3,1,1.994
D,3,44,5000,2.0,141,28,8400,36.461,109.5,27426.3,1,1.994
D,3,44,5000,2.0,141,29,8700,37.913,108.6,26375.9,1,1.994
D,3,44,5000,2.0,141,30,9000,39.699,121.5,25189.3,1,1.994
D,3,44,5000,2.0,141,31,9300,24.092,121.8,41507.6,1,1.994
D,3,44,5000,2.0,141,32,9600,9.441,23.8,105917.3,1,1.994
D,3,44,5000,2.0,141,33,9900,9.78,18.3,102249.5,1,1.994
D,3,44,5000,2.0,141,34,10200,8.968,18.1,111511.7,1,1.994
D,3,44,5000,2.0,141,35,10500,8.612,18.7,116117.0,1,1.994
D,3,44,5000,2.0,141,36,10800,8.958,18.5,111632.1,1,1.994
D,3,44,5000,2.0,141,37,11100,9.624,23.2,103910.5,1,1.994
D,3,44,5000,2.0,141,38,11400,9.161,19.6,109162.4,1,1.994
D,3,44,5000,2.0,141,39,11700,8.084,18.1,123701.1,1,1.994
D,3,44,5000,2.0,141,40,12000,7.362,16.5,135832.7,1,1.994
D,3,44,5000,2.0,141,41,12300,9.482,17.6,105459.3,1,1.994
D,3,44,5000,2.0,141,42,12600,10.543,30.3,94849.7,1,1.994
D,3,44,5000,2.0,141,43,12900,10.452,21.7,95672.4,1,1.994
D,3,44,5000,2.0,141,44,13200,9.576,21.7,104427.7,1,1.994
D,3,44,5000,2.0,141,45,13500,6.063,16.8,164925.8,1,1.994
D,3,44,5000,2.0,141,46,13800,6.195,16.5,161420.5,1,1.994
D,3,44,5000,2.0,141,47,14100,5.906,15.9,169319.4,1,1.994
D,3,44,5000,2.0,141,48,14400,8.557,25.5,116863.4,1,1.994
D,3,44,5000,2.0,141,49,14700,6.419,20.6,155779.4,1,1.994
D,3,44,5000,2.0,141,50,15000,6.421,15.2,155730.9,1,1.994
D,3,44,25000,0.5,79,1,300,27.536,72.3,36316.5,1,0.4996
D,3,44,25000,0.5,79,2,600,29.789,94.6,33569.8,1,0.4996
D,3,44,25000,0.5,79,3,900,38.942,129.1,25679.4,1,0.4996
D,3,44,25000,0.5,79,4,1200,31.727,95.4,31518.9,1,0.4996
D,3,44,25000,0.5,79,5,1500,36.679,110.6,27263.8,1,0.4996
D,3,44,25000,0.5,79,6,1800,34.7,107.4,28818.2,1,0.4996
D,3,44,25000,0.5,79,7,2100,41.938,116.9,23844.9,1,0.4996
D,3,44,25000,0.5,79,8,2400,40.181,119.9,24887.4,1,0.4996
D,3,44,25000,0.5,79,9,2700,38.73,125.6,25820.0,1,0.4996
D,3,44,25000,0.5,79,10,3000,44.701,134.3,22371.0,1,0.4996
D,3,44,25000,0.5,79,11,3300,37.197,136.4,26884.1,1,0.4996
D,3,44,25000,0.5,79,12,3600,6.601,19.1,151499.9,1,0.4996
D,3,44,25000,0.5,79,13,3900,7.901,17.9,126571.6,1,0.4996
D,3,44,25000,0.5,79,14,4200,7.334,72.0,136351.3,1,0.4996
D,3,44,25000,0.5,79,15,4500,6.432,15.9,155464.6,1,0.4996
D,3,44,25000,0.5,79,16,4800,8.585,28.6,116486.8,1,0.4996
D,3,44,25000,0.5,79,17,5100,9.851,24.3,101516.0,1,0.4996
D,3,44,25000,0.5,79,18,5400,6.955,25.1,143774.6,1,0.4996
D,3,44,25000,0.5,79,19,5700,6.717,38.9,148883.4,1,0.4996
D,3,44,25000,0.5,79,20,6000,8.191,20.6,122080.3,1,0.4996
D,3,44,25000,0.5,79,21,6300,14.861,27.3,67290.2,1,0.4996
D,3,44,25000,0.5,79,22,6600,13.585,78.0,73608.8,1,0.4996
D,3,44,25000,0.5,79,23,6900,15.542,41.7,64343.2,1,0.4996
D,3,44,25000,0.5,79,24,7200,17.216,51.3,58085.5,1,0.4996
D,3,44,25000,0.5,79,25,7500,19.691,52.7,50783.8,1,0.4996
D,3,44,25000,0.5,79,26,7800,20.111,59.2,49724.0,1,0.4996
D,3,44,25000,0.5,79,27,8100,23.351,74.6,42824.1,1,0.4996
D,3,44,25000,0.5,79,28,8400,27.028,70.9,36999.1,1,0.4996
D,3,44,25000,0.5,79,29,8700,29.388,84.9,34027.9,1,0.4996
D,3,44,25000,0.5,79,30,9000,28.751,86.2,34781.4,1,0.4996
D,3,44,25000,0.5,79,31,9300,31.93,90.9,31318.2,1,0.4996
D,3,44,25000,0.5,79,32,9600,21.484,88.9,46547.0,1,0.4996
D,3,44,25000,0.5,79,33,9900,12.752,86.6,78417.0,1,0.4996
D,3,44,25000,0.5,79,34,10200,8.023,25.9,124636.5,1,0.4996
D,3,44,25000,0.5,79,35,10500,7.223,20.2,138453.0,1,0.4996
D,3,44,25000,0.5,79,36,10800,7.258,19.1,137785.3,1,0.4996
D,3,44,25000,0.5,79,37,11100,8.58,26.1,116545.6,1,0.4996
D,3,44,25000,0.5,79,38,11400,6.047,16.5,165380.3,1,0.4996
D,3,44,25000,0.5,79,39,11700,5.424,13.8,184377.1,1,0.4996
D,3,44,25000,0.5,79,40,12000,5.414,14.5,184717.7,1,0.4996
D,3,44,25000,0.5,79,41,12300,5.719,15.4,174866.0,1,0.4996
D,3,44,25000,0.5,79,42,12600,9.595,14.1,104224.6,1,0.4996
D,3,44,25000,0.5,79,43,12900,7.807,17.3,128084.7,1,0.4996
D,3,44,25000,0.5,79,44,13200,9.496,24.6,105311.2,1,0.4996
D,3,44,25000,0.5,79,45,13500,10.577,25.4,94544.8,1,0.4996
D,3,44,25000,0.5,79,46,13800,12.322,30.0,81157.9,1,0.4996
D,3,44,25000,0.5,79,47,14100,13.572,44.3,73679.3,1,0.4996
D,3,44,25000,0.5,79,48,14400,16.278,61.5,61431.4,1,0.4996
D,3,44,25000,0.5,79,49,14700,16.824,47.4,59438.9,1,0.4996
D,3,44,25000,0.5,79,50,15000,18.491,53.0,54080.4,1,0.4996
D,3,44,25000,0.75,118,1,300,22.642,82.0,44166.4,1,0.7463
D,3,44,25000,0.75,118,2,600,20.386,71.2,49054.1,1,0.7463
D,3,44,25000,0.75,118,3,900,24.158,78.4,41394.2,1,0.7463
D,3,44,25000,0.75,118,4,1200,26.046,81.3,38393.6,1,0.7463
D,3,44,25000,0.75,118,5,1500,27.527,95.6,36327.5,1,0.7463
D,3,44,25000,0.75,118,6,1800,26.764,93.9,37363.2,1,0.7463
D,3,44,25000,0.75,118,7,2100,32.219,95.7,31037.9,1,0.7463
D,3,44,25000,0.75,118,8,2400,31.675,112.7,31571.0,1,0.7463
D,3,44,25000,0.75,118,9,2700,30.144,108.5,33173.7,1,0.7463
D,3,44,25000,0.75,118,10,3000,32.923,117.2,30373.6,1,0.7463
D,3,44,25000,0.75,118,11,3300,28.059,116.0,35638.8,1,0.7463
D,3,44,25000,0.75,118,12,3600,5.522,10.7,181093.8,1,0.7463
D,3,44,25000,0.75,118,13,3900,7.746,22.2,129093.3,1,0.7463
D,3,44,25000,0.75,118,14,4200,10.192,46.0,98113.0,1,0.7463
D,3,44,25000,0.75,118,15,4500,11.479,32.1,87115.6,1,0.7463
D,3,44,25000,0.75,118,16,4800,13.71,38.3,72939.5,1,0.7463
D,3,44,25000,0.75,118,17,5100,16.717,49.5,59819.3,1,0.7463
D,3,44,25000,0.75,118,18,5400,17.357,48.5,57612.5,1,0.7463
D,3,44,25000,0.75,118,19,5700,20.232,55.0,49426.6,1,0.7463
D,3,44,25000,0.75,118,20,6000,20.799,62.7,48079.2,1,0.7463
D,3,44,25000,0.75,118,21,6300,26.804,72.0,37307.4,1,0.7463
D,3,44,25000,0.75,118,22,6600,27.414,73.0,36478.2,1,0.7463
D,3,44,25000,0.75,118,23,6900,29.706,84.6,33662.9,1,0.7463
D,3,44,25000,0.75,118,24,7200,30.775,90.7,32493.6,1,0.7463
D,3,44,25000,0.75,118,25,7500,33.982,99.0,29427.3,1,0.7463
D,3,44,25000,0.75,118,26,7800,35.441,112.2,28215.9,1,0.7463
D,3,44,25000,0.75,118,27,8100,36.677,109.4,27265.0,1,0.7463
D,3,44,25000,0.75,118,28,8400,40.35,116.1,24783.1,1,0.7463
D,3,44,25000,0.75,118,29,8700,39.789,113.1,25132.6,1,0.7463
D,3,44,25000,0.75,118,30,9000,43.186,129.9,23155.5,1,0.7463
D,3,44,25000,0.75,118,31,9300,44.491,131.4,22476.3,1,0.7463
D,3,44,25000,0.75,118,32,9600,17.646,79.5,56670.1,1,0.7463
D,3,44,25000,0.75,118,33,9900,7.311,47.1,136773.9,1,0.7463
D,3,44,25000,0.75,118,34,10200,7.993,19.1,125104.2,1,0.7463
D,3,44,25000,0.75,118,35,10500,10.013,26.0,99873.5,1,0.7463
D,3,44,25000,0.75,118,36,10800,11.071,47.3,90326.1,1,0.7463
D,3,44,25000,0.75,118,37,11100,12.234,34.7,81741.6,1,0.7463
D,3,44,25000,0.75,118,38,11400,13.366,39.6,74818.6,1,0.7463
D,3,44,25000,0.75,118,39,11700,15.801,51.9,63287.1,1,0.7463
D,3,44,25000,0.75,118,40,12000,16.95,50.3,58995.9,1,0.7463
D,3,44,25000,0.75,118,41,12300,17.534,56.2,57033.1,1,0.7463
D,3,44,25000,0.75,118,42,12600,21.938,62.3,45582.3,1,0.7463
D,3,44,25000,0.75,118,43,12900,21.405,68.6,46718.8,1,0.7463
D,3,44,25000,0.75,118,44,13200,22.005,76.6,45444.9,1,0.7463
D,3,44,25000,0.75,118,45,13500,24.919,79.9,40130.0,1,0.7463
D,3,44,25000,0.75,118,46,13800,24.418,88.3,40952.8,1,0.7463
D,3,44,25000,0.75,118,47,14100,24.115,85.6,41467.4,1,0.7463
D,3,44,25000,0.75,118,48,14400,29.536,94.9,33856.6,1,0.7463
D,3,44,25000,0.75,118,49,14700,29.005,101.9,34477.2,1,0.7463
D,3,44,25000,0.75,118,50,15000,32.766,128.6,30519.1,1,0.7463
D,3,44,25000,1.0,158,1,300,20.341,46.1,49161.0,1,0.9993
D,3,44,25000,1.0,158,2,600,16.977,50.6,58904.4,1,0.9993
D,3,44,25000,1.0,158,3,900,19.801,65.9,50503.4,1,0.9993
D,3,44,25000,1.0,158,4,1200,10.357,45.3,96550.0,1,0.9993
D,3,44,25000,1.0,158,5,1500,7.901,29.3,126571.6,1,0.9993
D,3,44,25000,1.0,158,6,1800,9.806,34.4,101981.8,1,0.9993
D,3,44,25000,1.0,158,7,2100,12.473,58.5,80171.0,1,0.9993
D,3,44,25000,1.0,158,8,2400,12.714,39.2,78655.5,1,0.9993
D,3,44,25000,1.0,158,9,2700,13.983,40.1,71517.1,1,0.9993
D,3,44,25000,1.0,158,10,3000,16.103,40.0,62100.2,1,0.9993
D,3,44,25000,1.0,158,11,3300,22.972,51.6,43531.3,1,0.9993
D,3,44,25000,1.0,158,12,3600,7.296,22.9,137061.4,1,0.9993
D,3,44,25000,1.0,158,13,3900,7.917,25.8,126305.2,1,0.9993
D,3,44,25000,1.0,158,14,4200,7.913,49.7,126379.7,1,0.9993
D,3,44,25000,1.0,158,15,4500,6.487,16.4,154162.4,1,0.9993
D,3,44,25000,1.0,158,16,4800,7.073,18.7,141382.7,1,0.9993
D,3,44,25000,1.0,158,17,5100,7.794,19.8,128298.3,1,0.9993
D,3,44,25000,1.0,158,18,5400,8.564,21.8,116767.9,1,0.9993
D,3,44,25000,1.0,158,19,5700,9.828,23.7,101753.6,1,0.9993
D,3,44,25000,1.0,158,20,6000,11.282,43.0,88639.4,1,0.9993
D,3,44,25000,1.0,158,21,6300,16.272,33.1,61456.5,1,0.9993
D,3,44,25000,1.0,158,22,6600,12.486,49.6,80087.5,1,0.9993
D,3,44,25000,1.0,158,23,6900,13.925,49.5,71811.6,1,0.9993
D,3,44,25000,1.0,158,24,7200,14.024,38.5,71306.3,1,0.9993
D,3,44,25000,1.0,158,25,7500,14.643,41.4,68290.5,1,0.9993
D,3,44,25000,1.0,158,26,7800,16.536,44.7,60472.9,1,0.9993
D,3,44,25000,1.0,158,27,8100,18.43,69.7,54259.4,1,0.9993
D,3,44,25000,1.0,158,28,8400,16.436,48.5,60843.3,1,0.9993
D,3,44,25000,1.0,158,29,8700,17.822,60.9,56111.5,1,0.9993
D,3,44,25000,1.0,158,30,9000,19.422,55.6,51488.9,1,0.9993
D,3,44,25000,1.0,158,31,9300,18.908,54.4,52886.7,1,0.9993
D,3,44,25000,1.0,158,32,9600,18.811,59.7,53160.4,1,0.9993
D,3,44,25000,1.0,158,33,9900,7.399,52.9,135159.5,1,0.9993
D,3,44,25000,1.0,158,34,10200,5.923,18.4,168823.8,1,0.9993
D,3,44,25000,1.0,158,35,10500,6.807,25.8,146907.6,1,0.9993
D,3,44,25000,1.0,158,36,10800,5.692,15.8,175685.2,1,0.9993
D,3,44,25000,1.0,158,37,11100,6.699,15.4,149268.6,1,0.9993
D,3,44,25000,1.0,158,38,11400,8.403,17.9,119005.1,1,0.9993
D,3,44,25000,1.0,158,39,11700,10.073,24.3,99275.3,1,0.9993
D,3,44,25000,1.0,158,40,12000,10.629,26.9,94079.3,1,0.9993
D,3,44,25000,1.0,158,41,12300,11.716,30.1,85355.8,1,0.9993
D,3,44,25000,1.0,158,42,12600,18.876,41.8,52976.4,1,0.9993
D,3,44,25000,1.0,158,43,12900,15.509,42.9,64478.7,1,0.9993
D,3,44,25000,1.0,158,44,13200,17.374,48.6,57556.2,1,0.9993
D,3,44,25000,1.0,158,45,13500,19.249,59.4,51949.9,1,0.9993
D,3,44,25000,1.0,158,46,13800,20.438,59.1,48928.5,1,0.9993
D,3,44,25000,1.0,158,47,14100,6.665,32.7,150030.0,1,0.9993
D,3,44,25000,1.0,158,48,14400,9.233,35.8,108311.1,1,0.9993
D,3,44,25000,1.0,158,49,14700,10.468,38.9,95532.3,1,0.9993
D,3,44,25000,1.0,158,50,15000,11.442,40.1,87397.3,1,0.9993
D,3,44,25000,1.01,159,1,300,11.082,17.2,90236.4,1,1.0056
D,3,44,25000,1.01,159,2,600,10.076,29.9,99245.7,1,1.0056
D,3,44,25000,1.01,159,3,900,11.561,30.2,86495.2,1,1.0056
D,3,44,25000,1.01,159,4,1200,14.442,37.4,69244.1,1,1.0056
D,3,44,25000,1.01,159,5,1500,16.828,43.1,59425.9,1,1.0056
D,3,44,25000,1.01,159,6,1800,21.974,56.5,45508.3,1,1.0056
D,3,44,25000,1.01,159,7,2100,22.243,57.7,44958.6,1,1.0056
D,3,44,25000,1.01,159,8,2400,22.691,64.1,44071.0,1,1.0056
D,3,44,25000,1.01,159,9,2700,23.283,70.6,42950.4,1,1.0056
D,3,44,25000,1.01,159,10,3000,27.342,81.7,36573.8,1,1.0056
D,3,44,25000,1.01,159,11,3300,27.159,84.1,36820.2,1,1.0056
D,3,44,25000,1.01,159,12,3600,7.989,19.8,125177.3,1,1.0056
D,3,44,25000,1.01,159,13,3900,9.179,51.8,108940.4,1,1.0056
D,3,44,25000,1.01,159,14,4200,7.431,45.3,134577.4,1,1.0056
D,3,44,25000,1.01,159,15,4500,5.93,16.5,168624.6,1,1.0056
D,3,44,25000,1.01,159,16,4800,6.985,17.4,143170.8,1,1.0056
D,3,44,25000,1.01,159,17,5100,8.137,18.3,122895.4,1,1.0056
D,3,44,25000,1.01,159,18,5400,9.941,24.4,100596.9,1,1.0056
D,3,44,25000,1.01,159,19,5700,10.85,29.8,92168.7,1,1.0056
D,3,44,25000,1.01,159,20,6000,11.869,34.2,84253.1,1,1.0056
D,3,44,25000,1.01,159,21,6300,17.388,41.2,57509.8,1,1.0056
D,3,44,25000,1.01,159,22,6600,15.752,53.5,63484.0,1,1.0056
D,3,44,25000,1.01,159,23,6900,16.095,50.9,62129.8,1,1.0056
D,3,44,25000,1.01,159,24,7200,16.192,54.1,61760.2,1,1.0056
D,3,44,25000,1.01,159,25,7500,19.809,60.1,50481.3,1,1.0056
D,3,44,25000,1.01,159,26,7800,19.183,65.2,52128.6,1,1.0056
D,3,44,25000,1.01,159,27,8100,20.355,71.1,49128.8,1,1.0056
D,3,44,25000,1.01,159,28,8400,23.852,71.7,41924.6,1,1.0056
D,3,44,25000,1.01,159,29,8700,23.428,78.2,42684.6,1,1.0056
D,3,44,25000,1.01,159,30,9000,24.314,84.8,41128.6,1,1.0056
D,3,44,25000,1.01,159,31,9300,24.133,89.1,41437.0,1,1.0056
D,3,44,25000,1.01,159,32,9600,16.267,55.3,61475.4,1,1.0056
D,3,44,25000,1.01,159,33,9900,6.758,49.3,147972.8,1,1.0056
D,3,44,25000,1.01,159,34,10200,7.355,17.7,135968.1,1,1.0056
D,3,44,25000,1.01,159,35,10500,9.708,49.0,103011.4,1,1.0056
D,3,44,25000,1.01,159,36,10800,10.491,50.2,95322.8,1,1.0056
D,3,44,25000,1.01,159,37,11100,11.768,29.7,84973.8,1,1.0056
D,3,44,25000,1.01,159,38,11400,12.889,34.5,77585.5,1,1.0056
D,3,44,25000,1.01,159,39,11700,14.035,41.1,71252.1,1,1.0056
D,3,44,25000,1.01,159,40,12000,16.292,48.0,61379.8,1,1.0056
D,3,44,25000,1.01,159,41,12300,15.864,52.8,63037.1,1,1.0056
D,3,44,25000,1.01,159,42,12600,22.561,59.9,44324.9,1,1.0056
D,3,44,25000,1.01,159,43,12900,20.81,80.8,48053.8,1,1.0056
D,3,44,25000,1.01,159,44,13200,19.913,65.4,50219.3,1,1.0056
D,3,44,25000,1.01,159,45,13500,22.096,71.6,45257.1,1,1.0056
D,3,44,25000,1.01,159,46,13800,23.032,79.7,43418.5,1,1.0056
D,3,44,25000,1.01,159,47,14100,24.533,82.8,40760.9,1,1.0056
D,3,44,25000,1.01,159,48,14400,28.385,89.4,35229.9,1,1.0056
D,3,44,25000,1.01,159,49,14700,29.351,95.2,34070.8,1,1.0056
D,3,44,25000,1.01,159,50,15000,31.643,102.7,31602.9,1,1.0056
D,3,44,25000,1.25,197,1,300,11.01,35.9,90826.5,1,1.2459
D,3,44,25000,1.25,197,2,600,9.611,37.6,104051.1,1,1.2459
D,3,44,25000,1.25,197,3,900,11.363,38.6,88002.3,1,1.2459
D,3,44,25000,1.25,197,4,1200,12.607,35.7,79318.9,1,1.2459
D,3,44,25000,1.25,197,5,1500,14.212,37.3,70363.1,1,1.2459
D,3,44,25000,1.25,197,6,1800,16.325,54.5,61254.5,1,1.2459
D,3,44,25000,1.25,197,7,2100,18.022,47.8,55487.7,1,1.2459
D,3,44,25000,1.25,197,8,2400,18.788,52.2,53225.5,1,1.2459
D,3,44,25000,1.25,197,9,2700,21.025,60.8,47561.7,1,1.2459
D,3,44,25000,1.25,197,10,3000,22.109,64.2,45230.5,1,1.2459
D,3,44,25000,1.25,197,11,3300,25.374,71.1,39410.4,1,1.2459
D,3,44,25000,1.25,197,12,3600,9.041,30.4,110607.3,1,1.2459
D,3,44,25000,1.25,197,13,3900,7.731,25.6,129355.0,1,1.2459
D,3,44,25000,1.25,197,14,4200,8.837,37.3,113160.6,1,1.2459
D,3,44,25000,1.25,197,15,4500,10.318,42.8,96918.0,1,1.2459
D,3,44,25000,1.25,197,16,4800,8.392,25.7,119161.1,1,1.2459
D,3,44,25000,1.25,197,17,5100,6.186,22.6,161664.1,1,1.2459
D,3,44,25000,1.25,197,18,5400,6.774,20.1,147630.5,1,1.2459
D,3,44,25000,1.25,197,19,5700,8.164,20.4,122493.9,1,1.2459
D,3,44,25000,1.25,197,20,6000,9.719,21.9,102891.2,1,1.2459
D,3,44,25000,1.25,197,21,6300,15.469,33.7,64646.8,1,1.2459
D,3,44,25000,1.25,197,22,6600,12.815,37.8,78031.5,1,1.2459
D,3,44,25000,1.25,197,23,6900,15.251,42.0,65568.0,1,1.2459
D,3,44,25000,1.25,197,24,7200,16.283,50.8,61412.5,1,1.2459
D,3,44,25000,1.25,197,25,7500,18.467,53.8,54150.6,1,1.2459
D,3,44,25000,1.25,197,26,7800,18.454,56.4,54188.8,1,1.2459
D,3,44,25000,1.25,197,27,8100,21.88,66.2,45704.5,1,1.2459
D,3,44,25000,1.25,197,28,8400,24.053,67.0,41575.4,1,1.2459
D,3,44,25000,1.25,197,29,8700,26.233,83.1,38119.4,1,1.2459
D,3,44,25000,1.25,197,30,9000,25.444,82.0,39302.5,1,1.2459
D,3,44,25000,1.25,197,31,9300,27.793,87.9,35980.3,1,1.2459
D,3,44,25000,1.25,197,32,9600,21.198,43.1,47173.5,1,1.2459
D,3,44,25000,1.25,197,33,9900,11.108,42.1,90022.5,1,1.2459
D,3,44,25000,1.25,197,34,10200,8.897,25.3,112401.6,1,1.2459
D,3,44,25000,1.25,197,35,10500,9.854,26.2,101485.1,1,1.2459
D,3,44,25000,1.25,197,36,10800,9.554,28.7,104664.5,1,1.2459
D,3,44,25000,1.25,197,37,11100,9.635,24.9,103788.3,1,1.2459
D,3,44,25000,1.25,197,38,11400,10.689,26.7,93557.0,1,1.2459
D,3,44,25000,1.25,197,39,11700,9.796,24.6,102086.0,1,1.2459
D,3,44,25000,1.25,197,40,12000,10.316,24.2,96933.7,1,1.2459
D,3,44,25000,1.25,197,41,12300,8.185,25.4,122169.7,1,1.2459
D,3,44,25000,1.25,197,42,12600,11.713,43.5,85372.8,1,1.2459
D,3,44,25000,1.25,197,43,12900,8.37,25.2,119479.1,1,1.2459
D,3,44,25000,1.25,197,44,13200,9.363,27.8,106807.2,1,1.2459
D,3,44,25000,1.25,197,45,13500,9.93,27.6,100704.9,1,1.2459
D,3,44,25000,1.25,197,46,13800,10.596,31.9,94372.3,1,1.2459
D,3,44,25000,1.25,197,47,14100,12.105,29.9,82612.8,1,1.2459
D,3,44,25000,1.25,197,48,14400,12.46,33.0,80254.7,1,1.2459
D,3,44,25000,1.25,197,49,14700,13.113,37.9,76258.3,1,1.2459
D,3,44,25000,1.25,197,50,15000,13.715,37.6,72912.9,1,1.2459
D,3,44,25000,1.5,237,1,300,12.218,32.6,81846.5,1,1.4989
D,3,44,25000,1.5,237,2,600,10.675,36.6,93679.7,1,1.4989
D,3,44,25000,1.5,237,3,900,11.424,38.5,87535.0,1,1.4989
D,3,44,25000,1.5,237,4,1200,12.126,40.0,82469.7,1,1.4989
D,3,44,25000,1.5,237,5,1500,12.505,39.7,79970.1,1,1.4989
D,3,44,25000,1.5,237,6,1800,13.653,45.7,73242.2,1,1.4989
D,3,44,25000,1.5,237,7,2100,14.055,42.2,71149.1,1,1.4989
D,3,44,25000,1.5,237,8,2400,14.67,51.9,68164.8,1,1.4989
D,3,44,25000,1.5,237,9,2700,14.891,49.1,67154.6,1,1.4989
D,3,44,25000,1.5,237,10,3000,15.432,48.0,64799.0,1,1.4989
D,3,44,25000,1.5,237,11,3300,21.157,54.3,47265.7,1,1.4989
D,3,44,25000,1.5,237,12,3600,8.478,31.9,117947.7,1,1.4989
D,3,44,25000,1.5,237,13,3900,9.102,26.8,109861.9,1,1.4989
D,3,44,25000,1.5,237,14,4200,9.491,29.9,105366.7,1,1.4989
D,3,44,25000,1.5,237,15,4500,10.127,31.3,98745.9,1,1.4989
D,3,44,25000,1.5,237,16,4800,10.306,25.3,97027.7,1,1.4989
D,3,44,25000,1.5,237,17,5100,10.364,25.7,96487.9,1,1.4989
D,3,44,25000,1.5,237,18,5400,9.029,25.6,110750.1,1,1.4989
D,3,44,25000,1.5,237,19,5700,9.599,25.9,104177.5,1,1.4989
D,3,44,25000,1.5,237,20,6000,9.777,29.7,102277.4,1,1.4989
D,3,44,25000,1.5,237,21,6300,14.083,32.0,71009.3,1,1.4989
D,3,44,25000,1.5,237,22,6600,12.954,34.4,77198.2,1,1.4989
D,3,44,25000,1.5,237,23,6900,12.396,38.2,80669.0,1,1.4989
D,3,44,25000,1.5,237,24,7200,12.751,41.5,78427.3,1,1.4989
D,3,44,25000,1.5,237,25,7500,13.269,45.7,75361.7,1,1.4989
D,3,44,25000,1.5,237,26,7800,14.297,48.2,69943.1,1,1.4989
D,3,44,25000,1.5,237,27,8100,12.423,45.6,80493.7,1,1.4989
D,3,44,25000,1.5,237,28,8400,11.281,50.8,88644.6,1,1.4989
D,3,44,25000,1.5,237,29,8700,12.844,54.6,77855.3,1,1.4989
D,3,44,25000,1.5,237,30,9000,14.277,57.1,70041.1,1,1.4989
D,3,44,25000,1.5,237,31,9300,13.976,54.7,71552.9,1,1.4989
D,3,44,25000,1.5,237,32,9600,18.962,38.7,52737.0,1,1.4989
D,3,44,25000,1.5,237,33,9900,9.559,32.9,104617.1,1,1.4989
D,3,44,25000,1.5,237,34,10200,9.21,24.9,108577.6,1,1.4989
D,3,44,25000,1.5,237,35,10500,10.59,27.4,94425.7,1,1.4989
D,3,44,25000,1.5,237,36,10800,10.096,25.7,99052.4,1,1.4989
D,3,44,25000,1.5,237,37,11100,11.994,33.9,83372.7,1,1.4989
D,3,44,25000,1.5,237,38,11400,8.654,24.8,115553.5,1,1.4989
D,3,44,25000,1.5,237,39,11700,8.12,27.8,123157.8,1,1.4989
D,3,44,25000,1.5,237,40,12000,9.411,29.8,106258.6,1,1.4989
D,3,44,25000,1.5,237,41,12300,10.324,34.5,96858.5,1,1.4989
D,3,44,25000,1.5,237,42,12600,15.131,43.1,66089.5,1,1.4989
D,3,44,25000,1.5,237,43,12900,12.089,38.7,82722.1,1,1.4989
D,3,44,25000,1.5,237,44,13200,9.496,43.8,105307.5,1,1.4989
D,3,44,25000,1.5,237,45,13500,11.753,44.7,85084.7,1,1.4989
D,3,44,25000,1.5,237,46,13800,12.059,49.3,82927.9,1,1.4989
D,3,44,25000,1.5,237,47,14100,12.188,45.2,82045.7,1,1.4989
D,3,44,25000,1.5,237,48,14400,14.542,50.9,68767.9,1,1.4989
D,3,44,25000,1.5,237,49,14700,16.8,56.1,59522.6,1,1.4989
D,3,44,25000,1.5,237,50,15000,17.564,57.5,56933.6,1,1.4989
D,3,44,25000,2.0,316,1,300,16.758,47.1,59673.0,1,1.9986
D,3,44,25000,2.0,316,2,600,15.204,52.8,65770.7,1,1.9986
D,3,44,25000,2.0,316,3,900,16.557,56.5,60397.4,1,1.9986
D,3,44,25000,2.0,316,4,1200,18.274,84.7,54723.6,1,1.9986
D,3,44,25000,2.0,316,5,1500,15.665,62.1,63835.2,1,1.9986
D,3,44,25000,2.0,316,6,1800,15.619,68.4,64023.2,1,1.9986
D,3,44,25000,2.0,316,7,2100,20.365,82.0,49103.9,1,1.9986
D,3,44,25000,2.0,316,8,2400,18.552,77.8,53902.5,1,1.9986
D,3,44,25000,2.0,316,9,2700,17.417,76.0,57414.1,1,1.9986
D,3,44,25000,2.0,316,10,3000,18.838,83.5,53085.1,1,1.9986
D,3,44,25000,2.0,316,11,3300,22.96,79.7,43554.6,1,1.9986
D,3,44,25000,2.0,316,12,3600,7.423,29.7,134716.4,1,1.9986
D,3,44,25000,2.0,316,13,3900,8.848,26.1,113019.9,1,1.9986
D,3,44,25000,2.0,316,14,4200,10.022,25.9,99780.5,1,1.9986
D,3,44,25000,2.0,316,15,4500,10.4,29.1,96153.8,1,1.9986
D,3,44,25000,2.0,316,16,4800,11.339,27.5,88188.6,1,1.9986
D,3,44,25000,2.0,316,17,5100,13.048,30.6,76638.1,1,1.9986
D,3,44,25000,2.0,316,18,5400,13.095,34.9,76365.0,1,1.9986
D,3,44,25000,2.0,316,19,5700,13.972,36.8,71571.7,1,1.9986
D,3,44,25000,2.0,316,20,6000,14.415,42.2,69370.6,1,1.9986
D,3,44,25000,2.0,316,21,6300,19.648,48.9,50896.6,1,1.9986
D,3,44,25000,2.0,316,22,6600,17.013,46.9,58777.4,1,1.9986
D,3,44,25000,2.0,316,23,6900,19.301,62.5,51811.7,1,1.9986
D,3,44,25000,2.0,316,24,7200,19.988,63.3,50030.9,1,1.9986
D,3,44,25000,2.0,316,25,7500,19.56,67.6,51125.6,1,1.9986
D,3,44,25000,2.0,316,26,7800,22.623,72.3,44202.8,1,1.9986
D,3,44,25000,2.0,316,27,8100,22.83,73.5,43802.0,1,1.9986
D,3,44,25000,2.0,316,28,8400,24.402,84.2,40980.8,1,1.9986
D,3,44,25000,2.0,316,29,8700,22.143,73.2,45161.7,1,1.9986
D,3,44,25000,2.0,316,30,9000,25.064,92.7,39897.9,1,1.9986
D,3,44,25000,2.0,316,31,9300,24.86,88.6,40224.7,1,1.9986
D,3,44,25000,2.0,316,32,9600,17.827,56.8,56095.7,1,1.9986
D,3,44,25000,2.0,316,33,9900,7.675,24.8,130287.5,1,1.9986
D,3,44,25000,2.0,316,34,10200,7.785,22.7,128452.2,1,1.9986
D,3,44,25000,2.0,316,35,10500,9.633,23.0,103813.4,1,1.9986
D,3,44,25000,2.0,316,36,10800,9.656,25.8,103566.1,1,1.9986
D,3,44,25000,2.0,316,37,11100,11.425,30.5,87527.4,1,1.9986
D,3,44,25000,2.0,316,38,11400,11.544,33.4,86625.1,1,1.9986
D,3,44,25000,2.0,316,39,11700,12.934,39.6,77317.6,1,1.9986
D,3,44,25000,2.0,316,40,12000,14.478,41.9,69070.3,1,1.9986
D,3,44,25000,2.0,316,41,12300,15.197,49.9,65802.5,1,1.9986
D,3,44,25000,2.0,316,42,12600,17.931,50.9,55770.4,1,1.9986
D,3,44,25000,2.0,316,43,12900,17.062,55.2,58608.6,1,1.9986
D,3,44,25000,2.0,316,44,13200,19.205,64.3,52068.9,1,1.9986
D,3,44,25000,2.0,316,45,13500,20.375,65.9,49079.8,1,1.9986
D,3,44,25000,2.0,316,46,13800,19.494,72.1,51297.8,1,1.9986
D,3,44,25000,2.0,316,47,14100,22.743,71.1,43968.9,1,1.9986
D,3,44,25000,2.0,316,48,14400,22.967,77.3,43541.4,1,1.9986
D,3,44,25000,2.0,316,49,14700,22.788,83.9,43882.7,1,1.9986
D,3,44,25000,2.0,316,50,15000,24.104,89.7,41486.3,1,1.9986
D,3,44,100000,0.5,158,1,300,25.967,105.9,38509.9,1,0.4996
D,3,44,100000,0.5,158,2,600,10.244,102.4,97614.9,1,0.4996
D,3,44,100000,0.5,158,3,900,11.392,102.4,87780.9,1,0.4996
D,3,44,100000,0.5,158,4,1200,11.473,32.0,87163.7,1,0.4996
D,3,44,100000,0.5,158,5,1500,14.48,44.9,69062.4,1,0.4996
D,3,44,100000,0.5,158,6,1800,15.293,34.4,65390.8,1,0.4996
D,3,44,100000,0.5,158,7,2100,15.994,38.8,62523.4,1,0.4996
D,3,44,100000,0.5,158,8,2400,16.322,44.4,61265.7,1,0.4996
D,3,44,100000,0.5,158,9,2700,17.944,47.4,55727.9,1,0.4996
D,3,44,100000,0.5,158,10,3000,19.269,53.1,51895.9,1,0.4996
D,3,44,100000,0.5,158,11,3300,27.877,59.4,35872.3,1,0.4996
D,3,44,100000,0.5,158,12,3600,21.158,62.6,47262.7,1,0.4996
D,3,44,100000,0.5,158,13,3900,22.588,68.6,44272.0,1,0.4996
D,3,44,100000,0.5,158,14,4200,22.784,72.6,43889.8,1,0.4996
D,3,44,100000,0.5,158,15,4500,26.248,99.0,38098.1,1,0.4996
D,3,44,100000,0.5,158,16,4800,26.872,86.0,37213.0,1,0.4996
D,3,44,100000,0.5,158,17,5100,27.787,102.1,35988.5,1,0.4996
D,3,44,100000,0.5,158,18,5400,31.12,97.0,32133.3,1,0.4996
D,3,44,100000,0.5,158,19,5700,30.32,100.9,32981.5,1,0.4996
D,3,44,100000,0.5,158,20,6000,31.558,103.1,31687.7,1,0.4996
D,3,44,100000,0.5,158,21,6300,29.753,116.1,33609.7,1,0.4996
D,3,44,100000,0.5,158,22,6600,10.219,43.4,97856.9,1,0.4996
D,3,44,100000,0.5,158,23,6900,10.459,40.6,95614.5,1,0.4996
D,3,44,100000,0.5,158,24,7200,11.372,36.8,87935.3,1,0.4996
D,3,44,100000,0.5,158,25,7500,10.68,29.0,93632.9,1,0.4996
D,3,44,100000,0.5,158,26,7800,13.353,39.9,74887.7,1,0.4996
D,3,44,100000,0.5,158,27,8100,13.483,32.9,74165.6,1,0.4996
D,3,44,100000,0.5,158,28,8400,13.21,38.1,75702.1,1,0.4996
D,3,44,100000,0.5,158,29,8700,15.244,50.1,65598.1,1,0.4996
D,3,44,100000,0.5,158,30,9000,16.625,48.9,60149.2,1,0.4996
D,3,44,100000,0.5,158,31,9300,29.171,55.5,34281.0,1,0.4996
D,3,44,100000,0.5,158,32,9600,20.367,62.8,49099.0,1,0.4996
D,3,44,100000,0.5,158,33,9900,21.278,64.1,46997.6,1,0.4996
D,3,44,100000,0.5,158,34,10200,21.382,80.6,46767.6,1,0.4996
D,3,44,100000,0.5,158,35,10500,27.209,75.6,36753.0,1,0.4996
D,3,44,100000,0.5,158,36,10800,25.441,82.8,39306.6,1,0.4996
D,3,44,100000,0.5,158,37,11100,25.1,84.3,39841.2,1,0.4996
D,3,44,100000,0.5,158,38,11400,27.244,91.7,36704.9,1,0.4996
D,3,44,100000,0.5,158,39,11700,28.389,93.8,35224.9,1,0.4996
D,3,44,100000,0.5,158,40,12000,28.597,97.6,34969.1,1,0.4996
D,3,44,100000,0.5,158,41,12300,42.148,105.4,23725.7,1,0.4996
D,3,44,100000,0.5,158,42,12600,17.719,109.0,56435.5,1,0.4996
D,3,44,100000,0.5,158,43,12900,9.063,35.5,110338.8,1,0.4996
D,3,44,100000,0.5,158,44,13200,11.651,110.1,85829.6,1,0.4996
D,3,44,100000,0.5,158,45,13500,8.339,22.6,119913.7,1,0.4996
D,3,44,100000,0.5,158,46,13800,11.18,24.3,89442.8,1,0.4996
D,3,44,100000,0.5,158,47,14100,12.755,29.2,78398.6,1,0.4996
D,3,44,100000,0.5,158,48,14400,15.684,40.9,63757.9,1,0.4996
D,3,44,100000,0.5,158,49,14700,16.126,40.2,62010.4,1,0.4996
D,3,44,100000,0.5,158,50,15000,17.671,45.4,56589.9,1,0.4996
D,3,44,100000,0.75,237,1,300,29.54,81.6,33852.8,2,0.7495
D,3,44,100000,0.75,237,2,600,10.564,84.3,94661.1,2,0.7495
D,3,44,100000,0.75,237,3,900,8.743,86.3,114381.6,2,0.7495
D,3,44,100000,0.75,237,4,1200,8.775,26.9,113960.1,2,0.7495
D,3,44,100000,0.75,237,5,1500,9.554,24.9,104668.2,2,0.7495
D,3,44,100000,0.75,237,6,1800,11.739,27.9,85183.7,2,0.7495
D,3,44,100000,0.75,237,7,2100,12.718,33.6,78628.7,2,0.7495
D,3,44,100000,0.75,237,8,2400,14.413,45.1,69380.2,2,0.7495
D,3,44,100000,0.75,237,9,2700,15.78,43.6,63371.4,2,0.7495
D,3,44,100000,0.75,237,10,3000,16.983,47.5,58881.3,2,0.7495
D,3,44,100000,0.75,237,11,3300,27.063,48.0,36950.4,2,0.7495
D,3,44,100000,0.75,237,12,3600,18.825,55.9,53119.9,2,0.7495
D,3,44,100000,0.75,237,13,3900,20.52,64.1,48733.7,2,0.7495
D,3,44,100000,0.75,237,14,4200,21.292,65.3,46966.0,2,0.7495
D,3,44,100000,0.75,237,15,4500,23.856,87.9,41918.8,2,0.7495
D,3,44,100000,0.75,237,16,4800,24.288,75.4,41173.2,2,0.7495
D,3,44,100000,0.75,237,17,5100,25.077,94.0,39876.6,2,0.7495
D,3,44,100000,0.75,237,18,5400,27.371,82.3,36535.5,2,0.7495
D,3,44,100000,0.75,237,19,5700,28.005,91.3,35707.5,2,0.7495
D,3,44,100000,0.75,237,20,6000,27.931,90.3,35802.9,2,0.7495
D,3,44,100000,0.75,237,21,6300,33.954,90.8,29451.6,2,0.7495
D,3,44,100000,0.75,237,22,6600,9.739,34.5,102680.0,2,0.7495
D,3,44,100000,0.75,237,23,6900,10.061,29.9,99393.7,2,0.7495
D,3,44,100000,0.75,237,24,7200,11.556,34.5,86537.6,2,0.7495
D,3,44,100000,0.75,237,25,7500,12.176,35.3,82126.5,2,0.7495
D,3,44,100000,0.75,237,26,7800,13.216,31.1,75665.9,2,0.7495
D,3,44,100000,0.75,237,27,8100,14.643,40.2,68290.5,2,0.7495
D,3,44,100000,0.75,237,28,8400,15.503,48.6,64502.3,2,0.7495
D,3,44,100000,0.75,237,29,8700,14.561,47.1,68675.0,2,0.7495
D,3,44,100000,0.75,237,30,9000,15.302,50.0,65350.9,2,0.7495
D,3,44,100000,0.75,237,31,9300,29.641,58.4,33736.7,2,0.7495
D,3,44,100000,0.75,237,32,9600,19.023,62.5,52567.9,2,0.7495
D,3,44,100000,0.75,237,33,9900,20.558,67.3,48642.9,2,0.7495
D,3,44,100000,0.75,237,34,10200,19.053,72.5,52486.1,2,0.7495
D,3,44,100000,0.75,237,35,10500,23.214,76.6,43078.1,2,0.7495
D,3,44,100000,0.75,237,36,10800,28.035,83.6,35670.1,2,0.7495
D,3,44,100000,0.75,237,37,11100,24.426,85.8,40939.4,2,0.7495
D,3,44,100000,0.75,237,38,11400,25.297,90.7,39530.4,2,0.7495
D,3,44,100000,0.75,237,39,11700,27.513,97.7,36346.0,2,0.7495
D,3,44,100000,0.75,237,40,12000,26.038,94.6,38405.4,2,0.7495
D,3,44,100000,0.75,237,41,12300,42.404,99.7,23582.7,2,0.7495
D,3,44,100000,0.75,237,42,12600,12.887,88.1,77595.6,2,0.7495
D,3,44,100000,0.75,237,43,12900,12.622,66.2,79228.8,2,0.7495
D,3,44,100000,0.75,237,44,13200,12.247,36.1,81650.4,2,0.7495
D,3,44,100000,0.75,237,45,13500,12.655,34.0,79018.1,2,0.7495
D,3,44,100000,0.75,237,46,13800,14.81,39.6,67523.5,2,0.7495
D,3,44,100000,0.75,237,47,14100,15.424,39.2,64832.6,2,0.7495
D,3,44,100000,0.75,237,48,14400,16.576,44.5,60328.2,2,0.7495
D,3,44,100000,0.75,237,49,14700,17.587,49.8,56860.2,2,0.7495
D,3,44,100000,0.75,237,50,15000,19.578,55.2,51077.7,2,0.7495
D,3,44,100000,1.0,316,1,300,27.171,76.2,36803.5,1,0.9993
D,3,44,100000,1.0,316,2,600,7.751,65.6,129010.1,1,0.9993
D,3,44,100000,1.0,316,3,900,9.155,65.9,109233.9,1,0.9993
D,3,44,100000,1.0,316,4,1200,10.063,29.5,99373.9,1,0.9993
D,3,44,100000,1.0,316,5,1500,11.826,30.2,84557.0,1,0.9993
D,3,44,100000,1.0,316,6,1800,12.992,33.1,76972.4,1,0.9993
D,3,44,100000,1.0,316,7,2100,14.131,39.9,70764.7,1,0.9993
D,3,44,100000,1.0,316,8,2400,16.516,53.0,60546.1,1,0.9993
D,3,44,100000,1.0,316,9,2700,17.444,48.5,57326.3,1,0.9993
D,3,44,100000,1.0,316,10,3000,18.293,58.1,54665.7,1,0.9993
D,3,44,100000,1.0,316,11,3300,23.919,51.3,41807.2,1,0.9993
D,3,44,100000,1.0,316,12,3600,7.23,23.2,138312.6,1,0.9993
D,3,44,100000,1.0,316,13,3900,7.666,28.5,130440.4,1,0.9993
D,3,44,100000,1.0,316,14,4200,7.982,31.0,125281.9,1,0.9993
D,3,44,100000,1.0,316,15,4500,9.379,75.4,106621.2,1,0.9993
D,3,44,100000,1.0,316,16,4800,8.546,21.3,117013.8,1,0.9993
D,3,44,100000,1.0,316,17,5100,8.564,27.5,116767.9,1,0.9993
D,3,44,100000,1.0,316,18,5400,8.141,20.7,122830.0,1,0.9993
D,3,44,100000,1.0,316,19,5700,9.022,22.1,110840.2,1,0.9993
D,3,44,100000,1.0,316,20,6000,9.778,45.4,102270.4,1,0.9993
D,3,44,100000,1.0,316,21,6300,33.302,52.2,30028.2,1,0.9993
D,3,44,100000,1.0,316,22,6600,11.901,49.2,84028.9,1,0.9993
D,3,44,100000,1.0,316,23,6900,10.883,43.7,91883.6,1,0.9993
D,3,44,100000,1.0,316,24,7200,4.968,21.5,201274.7,1,0.9993
D,3,44,100000,1.0,316,25,7500,6.843,14.0,146141.9,1,0.9993
D,3,44,100000,1.0,316,26,7800,8.299,20.6,120491.6,1,0.9993
D,3,44,100000,1.0,316,27,8100,10.128,25.8,98732.9,1,0.9993
D,3,44,100000,1.0,316,28,8400,12.195,36.2,82003.1,1,0.9993
D,3,44,100000,1.0,316,29,8700,14.287,40.4,69993.7,1,0.9993
D,3,44,100000,1.0,316,30,9000,15.916,46.8,62829.8,1,0.9993
D,3,44,100000,1.0,316,31,9300,29.73,70.2,33635.7,1,0.9993
D,3,44,100000,1.0,316,32,9600,21.858,60.4,45749.8,1,0.9993
D,3,44,100000,1.0,316,33,9900,22.073,67.8,45304.2,1,0.9993
D,3,44,100000,1.0,316,34,10200,23.909,73.9,41825.8,1,0.9993
D,3,44,100000,1.0,316,35,10500,28.791,82.8,34732.7,1,0.9993
D,3,44,100000,1.0,316,36,10800,25.895,86.5,38618.0,1,0.9993
D,3,44,100000,1.0,316,37,11100,29.716,92.6,33651.9,1,0.9993
D,3,44,100000,1.0,316,38,11400,30.808,101.8,32459.1,1,0.9993
D,3,44,100000,1.0,316,39,11700,32.465,105.2,30802.1,1,0.9993
D,3,44,100000,1.0,316,40,12000,36.238,117.0,27595.1,1,0.9993
D,3,44,100000,1.0,316,41,12300,44.983,116.3,22230.8,1,0.9993
D,3,44,100000,1.0,316,42,12600,12.752,72.6,78417.0,1,0.9993
D,3,44,100000,1.0,316,43,12900,11.215,43.7,89163.7,1,0.9993
D,3,44,100000,1.0,316,44,13200,10.854,37.6,92134.8,1,0.9993
D,3,44,100000,1.0,316,45,13500,11.42,45.8,87568.2,1,0.9993
D,3,44,100000,1.0,316,46,13800,11.763,40.2,85014.7,1,0.9993
D,3,44,100000,1.0,316,47,14100,11.279,39.4,88657.7,1,0.9993
D,3,44,100000,1.0,316,48,14400,11.29,36.4,88576.6,1,0.9993
D,3,44,100000,1.0,316,49,14700,12.519,59.3,79880.7,1,0.9993
D,3,44,100000,1.0,316,50,15000,11.424,39.0,87537.6,1,0.9993
D,3,44,100000,1.01,319,1,300,37.31,94.3,26802.2,1,1.0088
D,3,44,100000,1.01,319,2,600,9.122,78.4,109629.1,1,1.0088
D,3,44,100000,1.01,319,3,900,7.24,76.4,138121.6,1,1.0088
D,3,44,100000,1.01,319,4,1200,8.196,27.1,122010.7,1,1.0088
D,3,44,100000,1.01,319,5,1500,10.2,25.7,98036.0,1,1.0088
D,3,44,100000,1.01,319,6,1800,11.237,30.4,88989.1,1,1.0088
D,3,44,100000,1.01,319,7,2100,12.258,37.3,81579.4,1,1.0088
D,3,44,100000,1.01,319,8,2400,15.264,45.8,65513.6,1,1.0088
D,3,44,100000,1.01,319,9,2700,18.057,50.3,55379.2,1,1.0088
D,3,44,100000,1.01,319,10,3000,17.137,54.5,58352.1,1,1.0088
D,3,44,100000,1.01,319,11,3300,34.251,62.6,29195.9,1,1.0088
D,3,44,100000,1.01,319,12,3600,20.831,67.0,48005.4,1,1.0088
D,3,44,100000,1.01,319,13,3900,22.738,75.6,43979.2,1,1.0088
D,3,44,100000,1.01,319,14,4200,25.638,76.5,39004.6,1,1.0088
D,3,44,100000,1.01,319,15,4500,28.51,83.8,35075.0,1,1.0088
D,3,44,100000,1.01,319,16,4800,27.141,93.1,36844.6,1,1.0088
D,3,44,100000,1.01,319,17,5100,28.926,98.7,34571.4,1,1.0088
D,3,44,100000,1.01,319,18,5400,32.553,108.1,30718.8,1,1.0088
D,3,44,100000,1.01,319,19,5700,31.046,104.9,32209.9,1,1.0088
D,3,44,100000,1.01,319,20,6000,34.973,115.8,28593.2,1,1.0088
D,3,44,100000,1.01,319,21,6300,41.654,95.1,24007.5,1,1.0088
D,3,44,100000,1.01,319,22,6600,11.272,50.5,88712.8,1,1.0088
D,3,44,100000,1.01,319,23,6900,10.669,43.6,93726.6,1,1.0088
D,3,44,100000,1.01,319,24,7200,11.349,43.3,88113.5,1,1.0088
D,3,44,100000,1.01,319,25,7500,12.29,48.2,81369.2,1,1.0088
D,3,44,100000,1.01,319,26,7800,12.673,41.3,78910.0,1,1.0088
D,3,44,100000,1.01,319,27,8100,17.89,89.5,55897.1,1,1.0088
D,3,44,100000,1.01,319,28,8400,14.085,48.3,70997.5,1,1.0088
D,3,44,100000,1.01,319,29,8700,13.326,49.6,75043.2,1,1.0088
D,3,44,100000,1.01,319,30,9000,13.529,44.1,73913.5,1,1.0088
D,3,44,100000,1.01,319,31,9300,31.6,54.6,31645.2,1,1.0088
D,3,44,100000,1.01,319,32,9600,10.321,45.0,96886.7,1,1.0088
D,3,44,100000,1.01,319,33,9900,11.38,39.5,87873.5,1,1.0088
D,3,44,100000,1.01,319,34,10200,12.268,77.5,81510.7,1,1.0088
D,3,44,100000,1.01,319,35,10500,11.049,38.4,90505.9,1,1.0088
D,3,44,100000,1.01,319,36,10800,11.244,40.1,88939.0,1,1.0088
D,3,44,100000,1.01,319,37,11100,11.489,40.6,87037.3,1,1.0088
D,3,44,100000,1.01,319,38,11400,11.972,44.6,83528.2,1,1.0088
D,3,44,100000,1.01,319,39,11700,10.463,40.3,95577.9,1,1.0088
D,3,44,100000,1.01,319,40,12000,7.003,37.0,142789.2,1,1.0088
D,3,44,100000,1.01,319,41,12300,41.98,71.8,23820.9,1,1.0088
D,3,44,100000,1.01,319,42,12600,17.673,82.4,56584.6,1,1.0088
D,3,44,100000,1.01,319,43,12900,11.031,38.4,90653.6,1,1.0088
D,3,44,100000,1.01,319,44,13200,12.045,49.0,83024.3,1,1.0088
D,3,44,100000,1.01,319,45,13500,10.82,37.2,92418.6,1,1.0088
D,3,44,100000,1.01,319,46,13800,13.2,39.0,75759.5,1,1.0088
D,3,44,100000,1.01,319,47,14100,13.599,43.1,73534.8,1,1.0088
D,3,44,100000,1.01,319,48,14400,13.577,38.6,73655.8,1,1.0088
D,3,44,100000,1.01,319,49,14700,13.834,43.8,72285.7,1,1.0088
D,3,44,100000,1.01,319,50,15000,14.007,37.7,71394.6,1,1.0088
D,3,44,100000,1.25,395,1,300,36.378,94.3,27489.4,1,1.2491
D,3,44,100000,1.25,395,2,600,13.939,63.6,71742.9,1,1.2491
D,3,44,100000,1.25,395,3,900,13.233,62.4,75570.6,1,1.2491
D,3,44,100000,1.25,395,4,1200,12.371,45.7,80832.0,1,1.2491
D,3,44,100000,1.25,395,5,1500,7.806,37.9,128112.1,1,1.2491
D,3,44,100000,1.25,395,6,1800,8.393,30.8,119142.2,1,1.2491
D,3,44,100000,1.25,395,7,2100,9.68,34.2,103309.3,1,1.2491
D,3,44,100000,1.25,395,8,2400,11.13,38.3,89844.6,1,1.2491
D,3,44,100000,1.25,395,9,2700,12.286,33.0,81395.7,1,1.2491
D,3,44,100000,1.25,395,10,3000,12.981,61.4,77035.7,1,1.2491
D,3,44,100000,1.25,395,11,3300,26.102,39.5,38311.2,1,1.2491
D,3,44,100000,1.25,395,12,3600,14.509,40.5,68922.7,1,1.2491
D,3,44,100000,1.25,395,13,3900,15.645,43.6,63919.5,1,1.2491
D,3,44,100000,1.25,395,14,4200,18.234,73.9,54842.6,1,1.2491
D,3,44,100000,1.25,395,15,4500,18.001,55.4,55553.5,1,1.2491
D,3,44,100000,1.25,395,16,4800,10.731,50.0,93188.0,1,1.2491
D,3,44,100000,1.25,395,17,5100,9.029,31.4,110754.2,1,1.2491
D,3,44,100000,1.25,395,18,5400,10.703,37.4,93428.8,1,1.2491
D,3,44,100000,1.25,395,19,5700,10.963,32.3,91213.2,1,1.2491
D,3,44,100000,1.25,395,20,6000,11.902,31.3,84019.5,1,1.2491
D,3,44,100000,1.25,395,21,6300,38.344,74.1,26079.5,1,1.2491
D,3,44,100000,1.25,395,22,6600,13.246,53.3,75494.5,1,1.2491
D,3,44,100000,1.25,395,23,6900,13.008,46.7,76877.7,1,1.2491
D,3,44,100000,1.25,395,24,7200,13.924,47.9,71820.2,1,1.2491
D,3,44,100000,1.25,395,25,7500,13.079,44.4,76460.4,1,1.2491
D,3,44,100000,1.25,395,26,7800,10.936,42.1,91443.9,1,1.2491
D,3,44,100000,1.25,395,27,8100,9.102,53.1,109861.9,1,1.2491
D,3,44,100000,1.25,395,28,8400,7.305,27.2,136886.3,1,1.2491
D,3,44,100000,1.25,395,29,8700,8.739,32.5,114429.6,1,1.2491
D,3,44,100000,1.25,395,30,9000,9.687,24.6,103234.7,1,1.2491
D,3,44,100000,1.25,395,31,9300,24.612,47.1,40630.6,1,1.2491
D,3,44,100000,1.25,395,32,9600,13.341,34.2,74958.8,1,1.2491
D,3,44,100000,1.25,395,33,9900,13.517,32.1,73980.9,1,1.2491
D,3,44,100000,1.25,395,34,10200,15.599,36.0,64106.7,1,1.2491
D,3,44,100000,1.25,395,35,10500,17.439,41.2,57343.8,1,1.2491
D,3,44,100000,1.25,395,36,10800,17.168,46.4,58249.0,1,1.2491
D,3,44,100000,1.25,395,37,11100,17.368,46.6,57577.2,1,1.2491
D,3,44,100000,1.25,395,38,11400,21.024,54.7,47565.4,1,1.2491
D,3,44,100000,1.25,395,39,11700,21.282,60.1,46987.3,1,1.2491
D,3,44,100000,1.25,395,40,12000,21.973,62.7,45511.1,1,1.2491
D,3,44,100000,1.25,395,41,12300,42.083,84.0,23762.6,1,1.2491
D,3,44,100000,1.25,395,42,12600,15.12,63.9,66136.1,1,1.2491
D,3,44,100000,1.25,395,43,12900,12.349,43.1,80980.4,1,1.2491
D,3,44,100000,1.25,395,44,13200,12.025,43.1,83157.8,1,1.2491
D,3,44,100000,1.25,395,45,13500,11.762,44.1,85022.0,1,1.2491
D,3,44,100000,1.25,395,46,13800,13.408,47.1,74582.3,1,1.2491
D,3,44,100000,1.25,395,47,14100,11.821,37.1,84597.6,1,1.2491
D,3,44,100000,1.25,395,48,14400,11.623,46.4,86036.3,1,1.2491
D,3,44,100000,1.25,395,49,14700,11.448,43.5,87351.5,1,1.2491
D,3,44,100000,1.25,395,50,15000,8.613,34.9,116099.1,1,1.2491
D,3,44,100000,1.5,474,1,300,34.036,57.6,29380.7,3,1.4989
D,3,44,100000,1.5,474,2,600,12.864,54.6,77734.3,3,1.4989
D,3,44,100000,1.5,474,3,900,9.194,49.2,108762.6,3,1.4989
D,3,44,100000,1.5,474,4,1200,9.046,35.4,110550.2,3,1.4989
D,3,44,100000,1.5,474,5,1500,11.329,44.2,88269.0,3,1.4989
D,3,44,100000,1.5,474,6,1800,10.413,42.6,96030.7,3,1.4989
D,3,44,100000,1.5,474,7,2100,10.551,35.1,94774.8,3,1.4989
D,3,44,100000,1.5,474,8,2400,11.271,38.1,88725.9,3,1.4989
D,3,44,100000,1.5,474,9,2700,13.688,50.4,73058.5,3,1.4989
D,3,44,100000,1.5,474,10,3000,13.786,48.6,72539.1,3,1.4989
D,3,44,100000,1.5,474,11,3300,17.425,35.4,57387.7,3,1.4989
D,3,44,100000,1.5,474,12,3600,8.824,31.5,113331.6,3,1.4989
D,3,44,100000,1.5,474,13,3900,9.855,28.3,101471.3,3,1.4989
D,3,44,100000,1.5,474,14,4200,11.59,35.8,86283.8,3,1.4989
D,3,44,100000,1.5,474,15,4500,13.315,51.3,75101.4,3,1.4989
D,3,44,100000,1.5,474,16,4800,14.811,39.3,67515.9,3,1.4989
D,3,44,100000,1.5,474,17,5100,15.235,42.2,65636.9,3,1.4989
D,3,44,100000,1.5,474,18,5400,17.027,47.5,58731.4,3,1.4989
D,3,44,100000,1.5,474,19,5700,18.881,50.5,52964.2,3,1.4989
D,3,44,100000,1.5,474,20,6000,20.052,53.8,49870.3,3,1.4989
D,3,44,100000,1.5,474,21,6300,30.748,64.0,32522.1,3,1.4989
D,3,44,100000,1.5,474,22,6600,7.16,29.0,139671.3,3,1.4989
D,3,44,100000,1.5,474,23,6900,7.73,39.8,129371.7,3,1.4989
D,3,44,100000,1.5,474,24,7200,8.567,33.7,116722.4,3,1.4989
D,3,44,100000,1.5,474,25,7500,9.212,34.1,108558.0,3,1.4989
D,3,44,100000,1.5,474,26,7800,10.308,46.5,97012.0,3,1.4989
D,3,44,100000,1.5,474,27,8100,10.628,39.5,94091.1,3,1.4989
D,3,44,100000,1.5,474,28,8400,10.429,33.0,95886.5,3,1.4989
D,3,44,100000,1.5,474,29,8700,11.588,36.6,86293.7,3,1.4989
D,3,44,100000,1.5,474,30,9000,13.068,52.2,76520.9,3,1.4989
D,3,44,100000,1.5,474,31,9300,23.052,61.8,43380.2,3,1.4989
D,3,44,100000,1.5,474,32,9600,7.624,31.3,131159.0,3,1.4989
D,3,44,100000,1.5,474,33,9900,7.732,30.3,129327.0,3,1.4989
D,3,44,100000,1.5,474,34,10200,9.256,48.8,108034.1,3,1.4989
D,3,44,100000,1.5,474,35,10500,8.422,36.9,118736.6,3,1.4989
D,3,44,100000,1.5,474,36,10800,8.138,27.8,122875.3,3,1.4989
D,3,44,100000,1.5,474,37,11100,8.49,33.8,117790.2,3,1.4989
D,3,44,100000,1.5,474,38,11400,8.693,31.0,115030.7,3,1.4989
D,3,44,100000,1.5,474,39,11700,8.503,28.7,117600.9,3,1.4989
D,3,44,100000,1.5,474,40,12000,9.404,35.1,106341.5,3,1.4989
D,3,44,100000,1.5,474,41,12300,34.027,68.3,29388.1,3,1.4989
D,3,44,100000,1.5,474,42,12600,7.219,45.0,138517.0,3,1.4989
D,3,44,100000,1.5,474,43,12900,9.293,50.7,107607.9,3,1.4989
D,3,44,100000,1.5,474,44,13200,9.566,46.3,104540.5,3,1.4989
D,3,44,100000,1.5,474,45,13500,9.546,40.8,104759.6,3,1.4989
D,3,44,100000,1.5,474,46,13800,11.847,44.2,84409.5,3,1.4989
D,3,44,100000,1.5,474,47,14100,12.844,53.6,77859.4,3,1.4989
D,3,44,100000,1.5,474,48,14400,13.292,41.4,75235.1,3,1.4989
D,3,44,100000,1.5,474,49,14700,13.853,42.8,72184.8,3,1.4989
D,3,44,100000,1.5,474,50,15000,15.561,48.2,64263.2,3,1.4989
D,3,44,100000,2.0,632,1,300,47.286,70.6,21148.1,2,1.9986
D,3,44,100000,2.0,632,2,600,7.428,45.7,134631.8,2,1.9986
D,3,44,100000,2.0,632,3,900,10.019,48.1,99810.4,2,1.9986
D,3,44,100000,2.0,632,4,1200,10.829,48.4,92341.8,2,1.9986
D,3,44,100000,2.0,632,5,1500,11.645,35.2,85873.8,2,1.9986
D,3,44,100000,2.0,632,6,1800,13.96,44.6,71631.5,2,1.9986
D,3,44,100000,2.0,632,7,2100,15.116,42.8,66156.5,2,1.9986
D,3,44,100000,2.0,632,8,2400,17.103,51.0,58468.1,2,1.9986
D,3,44,100000,2.0,632,9,2700,18.118,47.8,55192.7,2,1.9986
D,3,44,100000,2.0,632,10,3000,19.213,50.5,52049.0,2,1.9986
D,3,44,100000,2.0,632,11,3300,31.804,54.0,31442.3,2,1.9986
D,3,44,100000,2.0,632,12,3600,9.282,48.3,107739.3,2,1.9986
D,3,44,100000,2.0,632,13,3900,11.29,49.4,88576.6,2,1.9986
D,3,44,100000,2.0,632,14,4200,12.164,50.6,82209.8,2,1.9986
D,3,44,100000,2.0,632,15,4500,13.533,51.8,73893.4,2,1.9986
D,3,44,100000,2.0,632,16,4800,15.555,75.5,64286.6,2,1.9986
D,3,44,100000,2.0,632,17,5100,15.447,52.3,64736.1,2,1.9986
D,3,44,100000,2.0,632,18,5400,16.922,50.9,59095.8,2,1.9986
D,3,44,100000,2.0,632,19,5700,19.664,60.1,50855.2,2,1.9986
D,3,44,100000,2.0,632,20,6000,12.395,52.8,80675.5,2,1.9986
D,3,44,100000,2.0,632,21,6300,43.272,87.2,23109.6,2,1.9986
D,3,44,100000,2.0,632,22,6600,10.851,53.5,92157.4,2,1.9986
D,3,44,100000,2.0,632,23,6900,10.471,59.4,95498.8,2,1.9986
D,3,44,100000,2.0,632,24,7200,10.2,48.1,98036.0,2,1.9986
D,3,44,100000,2.0,632,25,7500,11.837,62.4,84480.9,2,1.9986
D,3,44,100000,2.0,632,26,7800,15.469,54.3,64645.4,2,1.9986
D,3,44,100000,2.0,632,27,8100,12.682,55.5,78851.9,2,1.9986
D,3,44,100000,2.0,632,28,8400,12.431,54.3,80444.0,2,1.9986
D,3,44,100000,2.0,632,29,8700,13.764,55.3,72651.5,2,1.9986
D,3,44,100000,2.0,632,30,9000,13.896,47.4,71964.9,2,1.9986
D,3,44,100000,2.0,632,31,9300,30.138,73.4,33181.1,2,1.9986
D,3,44,100000,2.0,632,32,9600,15.078,55.4,66321.8,2,1.9986
D,3,44,100000,2.0,632,33,9900,15.994,56.0,62524.7,2,1.9986
D,3,44,100000,2.0,632,34,10200,17.255,64.1,57953.1,2,1.9986
D,3,44,100000,2.0,632,35,10500,14.705,54.9,68005.6,2,1.9986
D,3,44,100000,2.0,632,36,10800,10.621,43.9,94153.1,2,1.9986
D,3,44,100000,2.0,632,37,11100,11.935,45.6,83787.2,2,1.9986
D,3,44,100000,2.0,632,38,11400,13.572,52.4,73681.1,2,1.9986
D,3,44,100000,2.0,632,39,11700,14.195,48.5,70449.0,2,1.9986
D,3,44,100000,2.0,632,40,12000,15.039,47.7,66493.8,2,1.9986
D,3,44,100000,2.0,632,41,12300,44.724,67.4,22359.2,2,1.9986
D,3,44,100000,2.0,632,42,12600,16.062,68.0,62258.8,2,1.9986
D,3,44,100000,2.0,632,43,12900,14.668,60.6,68175.6,2,1.9986
D,3,44,100000,2.0,632,44,13200,14.525,59.8,68845.2,2,1.9986
D,3,44,100000,2.0,632,45,13500,15.671,74.3,63810.8,2,1.9986
D,3,44,100000,2.0,632,46,13800,14.767,67.8,67717.0,2,1.9986
D,3,44,100000,2.0,632,47,14100,14.275,59.8,70054.2,2,1.9986
D,3,44,100000,2.0,632,48,14400,13.987,57.3,71495.0,2,1.9986
D,3,44,100000,2.0,632,49,14700,15.558,62.1,64275.6,2,1.9986
D,3,44,100000,2.0,632,50,15000,14.569,55.5,68637.3,2,1.9986
D,3,44,200000,0.5,223,1,300,58.621,221.9,17058.7,2,0.4986
D,3,44,200000,0.5,223,2,600,10.643,55.7,93958.5,2,0.4986
D,3,44,200000,0.5,223,3,900,9.686,36.9,103241.8,2,0.4986
D,3,44,200000,0.5,223,4,1200,11.142,49.1,89747.8,2,0.4986
D,3,44,200000,0.5,223,5,1500,10.647,30.0,93920.2,2,0.4986
D,3,44,200000,0.5,223,6,1800,11.798,36.5,84757.7,2,0.4986
D,3,44,200000,0.5,223,7,2100,14.22,38.9,70323.5,2,0.4986
D,3,44,200000,0.5,223,8,2400,14.004,48.1,71408.2,2,0.4986
D,3,44,200000,0.5,223,9,2700,17.047,54.1,58660.2,2,0.4986
D,3,44,200000,0.5,223,10,3000,45.148,58.2,22149.2,2,0.4986
D,3,44,200000,0.5,223,11,3300,16.827,56.8,59429.5,2,0.4986
D,3,44,200000,0.5,223,12,3600,18.088,66.0,55285.3,2,0.4986
D,3,44,200000,0.5,223,13,3900,21.854,76.3,45758.9,2,0.4986
D,3,44,200000,0.5,223,14,4200,27.446,81.0,36435.6,2,0.4986
D,3,44,200000,0.5,223,15,4500,24.908,82.5,40147.2,2,0.4986
D,3,44,200000,0.5,223,16,4800,26.219,87.4,38140.8,2,0.4986
D,3,44,200000,0.5,223,17,5100,23.717,84.7,42163.9,2,0.4986
D,3,44,200000,0.5,223,18,5400,26.024,98.7,38425.6,2,0.4986
D,3,44,200000,0.5,223,19,5700,29.817,101.1,33537.9,2,0.4986
D,3,44,200000,0.5,223,20,6000,30.155,105.5,33162.4,2,0.4986
D,3,44,200000,0.5,223,21,6300,66.218,213.1,15101.6,2,0.4986
D,3,44,200000,0.5,223,22,6600,9.281,38.5,107747.0,2,0.4986
D,3,44,200000,0.5,223,23,6900,13.237,202.8,75545.8,2,0.4986
D,3,44,200000,0.5,223,24,7200,14.159,37.0,70626.5,2,0.4986
D,3,44,200000,0.5,223,25,7500,17.234,200.5,58024.8,2,0.4986
D,3,44,200000,0.5,223,26,7800,18.46,207.7,54172.2,2,0.4986
D,3,44,200000,0.5,223,27,8100,20.045,74.9,49886.9,2,0.4986
D,3,44,200000,0.5,223,28,8400,20.704,52.9,48299.1,2,0.4986
D,3,44,200000,0.5,223,29,8700,27.184,208.0,36786.3,2,0.4986
D,3,44,200000,0.5,223,30,9000,25.14,71.2,39777.8,2,0.4986
D,3,44,200000,0.5,223,31,9300,53.876,214.9,18561.3,2,0.4986
D,3,44,200000,0.5,223,32,9600,7.235,16.2,138217.0,2,0.4986
D,3,44,200000,0.5,223,33,9900,7.395,18.3,135226.5,2,0.4986
D,3,44,200000,0.5,223,34,10200,9.068,45.0,110277.9,2,0.4986
D,3,44,200000,0.5,223,35,10500,8.011,20.8,124823.2,2,0.4986
D,3,44,200000,0.5,223,36,10800,8.796,23.9,113692.3,2,0.4986
D,3,44,200000,0.5,223,37,11100,8.702,23.5,114916.1,2,0.4986
D,3,44,200000,0.5,223,38,11400,9.185,24.8,108873.1,2,0.4986
D,3,44,200000,0.5,223,39,11700,10.895,39.0,91782.4,2,0.4986
D,3,44,200000,0.5,223,40,12000,9.385,26.3,106553.0,2,0.4986
D,3,44,200000,0.5,223,41,12300,10.176,40.9,98267.2,2,0.4986
D,3,44,200000,0.5,223,42,12600,63.825,92.2,15667.8,2,0.4986
D,3,44,200000,0.5,223,43,12900,14.054,78.2,71152.4,2,0.4986
D,3,44,200000,0.5,223,44,13200,9.638,55.6,103752.4,2,0.4986
D,3,44,200000,0.5,223,45,13500,11.256,50.6,88838.9,2,0.4986
D,3,44,200000,0.5,223,46,13800,14.797,66.2,67579.8,2,0.4986
D,3,44,200000,0.5,223,47,14100,13.59,59.3,73583.5,2,0.4986
D,3,44,200000,0.5,223,48,14400,14.795,56.8,67590.4,2,0.4986
D,3,44,200000,0.5,223,49,14700,15.489,55.2,64563.3,2,0.4986
D,3,44,200000,0.5,223,50,15000,17.423,59.5,57394.3,2,0.4986
D,3,44,200000,0.75,335,1,300,56.939,142.0,17562.8,2,0.7491
D,3,44,200000,0.75,335,2,600,12.332,101.8,81089.9,2,0.7491
D,3,44,200000,0.75,335,3,900,9.259,47.4,107999.1,2,0.7491
D,3,44,200000,0.75,335,4,1200,9.301,48.3,107519.1,2,0.7491
D,3,44,200000,0.75,335,5,1500,8.058,30.3,124100.2,2,0.7491
D,3,44,200000,0.75,335,6,1800,9.097,46.7,109930.4,2,0.7491
D,3,44,200000,0.75,335,7,2100,10.096,53.9,99049.1,2,0.7491
D,3,44,200000,0.75,335,8,2400,9.943,41.6,100576.6,2,0.7491
D,3,44,200000,0.75,335,9,2700,10.648,37.1,93914.3,2,0.7491
D,3,44,200000,0.75,335,10,3000,35.246,36.8,28372.3,2,0.7491
D,3,44,200000,0.75,335,11,3300,10.566,42.1,94646.2,2,0.7491
D,3,44,200000,0.75,335,12,3600,11.629,39.9,85989.4,2,0.7491
D,3,44,200000,0.75,335,13,3900,12.676,44.9,78887.2,2,0.7491
D,3,44,200000,0.75,335,14,4200,14.306,51.2,69900.7,2,0.7491
D,3,44,200000,0.75,335,15,4500,13.509,47.5,74026.6,2,0.7491
D,3,44,200000,0.75,335,16,4800,14.414,51.7,69375.4,2,0.7491
D,3,44,200000,0.75,335,17,5100,13.831,49.8,72303.1,2,0.7491
D,3,44,200000,0.75,335,18,5400,14.429,57.4,69306.5,2,0.7491
D,3,44,200000,0.75,335,19,5700,14.832,53.3,67421.8,2,0.7491
D,3,44,200000,0.75,335,20,6000,14.508,56.1,68929.1,2,0.7491
D,3,44,200000,0.75,335,21,6300,66.462,72.7,15046.2,2,0.7491
D,3,44,200000,0.75,335,22,6600,16.046,60.8,62319.5,2,0.7491
D,3,44,200000,0.75,335,23,6900,16.981,69.3,58888.2,2,0.7491
D,3,44,200000,0.75,335,24,7200,19.435,71.4,51453.6,2,0.7491
D,3,44,200000,0.75,335,25,7500,17.67,75.1,56593.1,2,0.7491
D,3,44,200000,0.75,335,26,7800,19.204,72.4,52073.4,2,0.7491
D,3,44,200000,0.75,335,27,8100,18.812,78.4,53158.5,2,0.7491
D,3,44,200000,0.75,335,28,8400,18.837,66.3,53087.0,2,0.7491
D,3,44,200000,0.75,335,29,8700,231.873,106.3,4312.7,2,0.7491
D,3,44,200000,0.75,335,30,9000,21.651,88.2,46187.2,2,0.7491
D,3,44,200000,0.75,335,31,9300,49.009,96.0,20404.3,2,0.7491
D,3,44,200000,0.75,335,32,9600,22.114,90.0,45220.2,2,0.7491
D,3,44,200000,0.75,335,33,9900,22.673,83.4,44105.3,2,0.7491
D,3,44,200000,0.75,335,34,10200,24.091,98.5,41509.9,2,0.7491
D,3,44,200000,0.75,335,35,10500,23.472,94.7,42604.6,2,0.7491
D,3,44,200000,0.75,335,36,10800,24.019,107.7,41633.1,2,0.7491
D,3,44,200000,0.75,335,37,11100,25.007,105.1,39988.8,2,0.7491
D,3,44,200000,0.75,335,38,11400,24.827,111.1,40278.2,2,0.7491
D,3,44,200000,0.75,335,39,11700,27.021,118.1,37007.8,2,0.7491
D,3,44,200000,0.75,335,40,12000,23.267,111.2,42979.9,2,0.7491
D,3,44,200000,0.75,335,41,12300,27.292,121.5,36640.3,2,0.7491
D,3,44,200000,0.75,335,42,12600,81.484,149.4,12272.4,2,0.7491
D,3,44,200000,0.75,335,43,12900,15.509,137.3,64480.1,2,0.7491
D,3,44,200000,0.75,335,44,13200,13.785,71.3,72544.4,2,0.7491
D,3,44,200000,0.75,335,45,13500,14.208,58.8,70384.5,2,0.7491
D,3,44,200000,0.75,335,46,13800,18.113,79.0,55209.0,2,0.7491
D,3,44,200000,0.75,335,47,14100,13.916,58.6,71858.0,2,0.7491
D,3,44,200000,0.75,335,48,14400,15.86,73.9,63051.7,2,0.7491
D,3,44,200000,0.75,335,49,14700,15.08,57.3,66314.5,2,0.7491
D,3,44,200000,0.75,335,50,15000,10.966,39.2,91191.0,2,0.7491
D,3,44,200000,1.0,447,1,300,63.567,140.1,15731.4,1,0.9995
D,3,44,200000,1.0,447,2,600,13.122,82.3,76207.9,1,0.9995
D,3,44,200000,1.0,447,3,900,10.643,70.5,93961.4,1,0.9995
D,3,44,200000,1.0,447,4,1200,11.783,64.8,84865.6,1,0.9995
D,3,44,200000,1.0,447,5,1500,12.938,59.0,77293.7,1,0.9995
D,3,44,200000,1.0,447,6,1800,12.453,53.8,80301.9,1,0.9995
D,3,44,200000,1.0,447,7,2100,13.458,62.0,74303.4,1,0.9995
D,3,44,200000,1.0,447,8,2400,14.293,60.0,69965.9,1,0.9995
D,3,44,200000,1.0,447,9,2700,13.948,56.3,71694.9,1,0.9995
D,3,44,200000,1.0,447,10,3000,43.3,61.0,23094.5,1,0.9995
D,3,44,200000,1.0,447,11,3300,14.491,71.9,69006.8,1,0.9995
D,3,44,200000,1.0,447,12,3600,15.343,69.2,65174.9,1,0.9995
D,3,44,200000,1.0,447,13,3900,16.474,56.5,60700.5,1,0.9995
D,3,44,200000,1.0,447,14,4200,19.915,100.1,50212.6,1,0.9995
D,3,44,200000,1.0,447,15,4500,17.241,59.1,58000.2,1,0.9995
D,3,44,200000,1.0,447,16,4800,18.618,60.4,53712.4,1,0.9995
D,3,44,200000,1.0,447,17,5100,17.35,74.5,57635.8,1,0.9995
D,3,44,200000,1.0,447,18,5400,17.605,63.9,56801.0,1,0.9995
D,3,44,200000,1.0,447,19,5700,18.199,63.9,54947.1,1,0.9995
D,3,44,200000,1.0,447,20,6000,18.388,66.3,54384.3,1,0.9995
D,3,44,200000,1.0,447,21,6300,67.672,118.9,14777.2,1,0.9995
D,3,44,200000,1.0,447,22,6600,10.217,52.5,97876.1,1,0.9995
D,3,44,200000,1.0,447,23,6900,14.019,111.3,71333.4,1,0.9995
D,3,44,200000,1.0,447,24,7200,13.586,66.5,73603.4,1,0.9995
D,3,44,200000,1.0,447,25,7500,14.804,107.1,67547.8,1,0.9995
D,3,44,200000,1.0,447,26,7800,17.604,109.4,56805.3,1,0.9995
D,3,44,200000,1.0,447,27,8100,16.034,51.9,62367.5,1,0.9995
D,3,44,200000,1.0,447,28,8400,18.403,52.4,54340.0,1,0.9995
D,3,44,200000,1.0,447,29,8700,21.174,112.1,47227.0,1,0.9995
D,3,44,200000,1.0,447,30,9000,21.839,62.2,45790.3,1,0.9995
D,3,44,200000,1.0,447,31,9300,52.025,122.8,19221.7,1,0.9995
D,3,44,200000,1.0,447,32,9600,26.237,78.5,38113.6,1,0.9995
D,3,44,200000,1.0,447,33,9900,26.157,75.2,38230.7,1,0.9995
D,3,44,200000,1.0,447,34,10200,25.886,80.2,38631.4,1,0.9995
D,3,44,200000,1.0,447,35,10500,28.679,121.1,34868.7,1,0.9995
D,3,44,200000,1.0,447,36,10800,16.331,115.0,61234.5,1,0.9995
D,3,44,200000,1.0,447,37,11100,8.939,55.4,111873.5,1,0.9995
D,3,44,200000,1.0,447,38,11400,10.071,23.8,99291.7,1,0.9995
D,3,44,200000,1.0,447,39,11700,12.071,105.8,82843.2,1,0.9995
D,3,44,200000,1.0,447,40,12000,12.088,30.9,82729.0,1,0.9995
D,3,44,200000,1.0,447,41,12300,13.967,38.1,71595.6,1,0.9995
D,3,44,200000,1.0,447,42,12600,66.598,93.5,15015.4,1,0.9995
D,3,44,200000,1.0,447,43,12900,13.62,72.8,73421.4,1,0.9995
D,3,44,200000,1.0,447,44,13200,13.307,73.6,75148.4,1,0.9995
D,3,44,200000,1.0,447,45,13500,11.224,64.5,89097.4,1,0.9995
D,3,44,200000,1.0,447,46,13800,9.068,67.3,110282.0,1,0.9995
D,3,44,200000,1.0,447,47,14100,6.429,37.9,155545.2,1,0.9995
D,3,44,200000,1.0,447,48,14400,7.158,31.6,139703.8,1,0.9995
D,3,44,200000,1.0,447,49,14700,8.176,38.6,122304.2,1,0.9995
D,3,44,200000,1.0,447,50,15000,8.882,40.7,112587.3,1,0.9995
D,3,44,200000,1.01,451,1,300,58.017,129.6,17236.2,2,1.0085
D,3,44,200000,1.01,451,2,600,7.777,49.4,128589.8,2,1.0085
D,3,44,200000,1.01,451,3,900,7.247,19.2,137994.5,2,1.0085
D,3,44,200000,1.01,451,4,1200,7.814,21.2,127975.4,2,1.0085
D,3,44,200000,1.01,451,5,1500,9.456,25.7,105753.0,2,1.0085
D,3,44,200000,1.01,451,6,1800,9.824,29.6,101795.0,2,1.0085
D,3,44,200000,1.01,451,7,2100,11.277,48.0,88673.5,2,1.0085
D,3,44,200000,1.01,451,8,2400,11.267,38.1,88757.4,2,1.0085
D,3,44,200000,1.01,451,9,2700,12.303,46.2,81281.0,2,1.0085
D,3,44,200000,1.01,451,10,3000,41.499,44.7,24097.0,2,1.0085
D,3,44,200000,1.01,451,11,3300,7.042,15.2,141998.4,2,1.0085
D,3,44,200000,1.01,451,12,3600,7.423,28.2,134716.4,2,1.0085
D,3,44,200000,1.01,451,13,3900,8.25,44.1,121207.2,2,1.0085
D,3,44,200000,1.01,451,14,4200,8.817,47.2,113421.6,2,1.0085
D,3,44,200000,1.01,451,15,4500,7.665,16.1,130463.2,2,1.0085
D,3,44,200000,1.01,451,16,4800,7.969,21.3,125481.0,2,1.0085
D,3,44,200000,1.01,451,17,5100,7.967,16.0,125512.5,2,1.0085
D,3,44,200000,1.01,451,18,5400,8.292,29.8,120603.0,2,1.0085
D,3,44,200000,1.01,451,19,5700,9.098,30.1,109918.3,2,1.0085
D,3,44,200000,1.01,451,20,6000,8.709,25.3,114828.1,2,1.0085
D,3,44,200000,1.01,451,21,6300,68.778,83.9,14539.6,2,1.0085
D,3,44,200000,1.01,451,22,6600,18.288,71.4,54679.7,2,1.0085
D,3,44,200000,1.01,451,23,6900,17.754,75.4,56325.3,2,1.0085
D,3,44,200000,1.01,451,24,7200,18.457,70.3,54180.0,2,1.0085
D,3,44,200000,1.01,451,25,7500,18.592,77.9,53787.5,2,1.0085
D,3,44,200000,1.01,451,26,7800,18.49,68.0,54082.3,2,1.0085
D,3,44,200000,1.01,451,27,8100,16.542,69.7,60453.4,2,1.0085
D,3,44,200000,1.01,451,28,8400,16.026,79.2,62398.6,2,1.0085
D,3,44,200000,1.01,451,29,8700,16.979,77.2,58896.3,2,1.0085
D,3,44,200000,1.01,451,30,9000,16.744,71.2,59722.9,2,1.0085
D,3,44,200000,1.01,451,31,9300,52.07,94.0,19204.9,2,1.0085
D,3,44,200000,1.01,451,32,9600,21.648,95.9,46192.9,2,1.0085
D,3,44,200000,1.01,451,33,9900,16.142,78.0,61951.5,2,1.0085
D,3,44,200000,1.01,451,34,10200,15.735,70.5,63553.9,2,1.0085
D,3,44,200000,1.01,451,35,10500,17.78,69.4,56244.0,2,1.0085
D,3,44,200000,1.01,451,36,10800,16.022,67.0,62414.2,2,1.0085
D,3,44,200000,1.01,451,37,11100,18.262,72.6,54759.5,2,1.0085
D,3,44,200000,1.01,451,38,11400,17.314,72.1,57755.6,2,1.0085
D,3,44,200000,1.01,451,39,11700,15.51,61.5,64475.9,2,1.0085
D,3,44,200000,1.01,451,40,12000,15.016,74.2,66595.6,2,1.0085
D,3,44,200000,1.01,451,41,12300,10.309,69.2,96999.5,2,1.0085
D,3,44,200000,1.01,451,42,12600,72.161,121.4,13857.8,2,1.0085
D,3,44,200000,1.01,451,43,12900,11.932,110.6,83805.9,2,1.0085
D,3,44,200000,1.01,451,44,13200,12.643,78.0,79095.2,2,1.0085
D,3,44,200000,1.01,451,45,13500,14.003,71.9,71413.3,2,1.0085
D,3,44,200000,1.01,451,46,13800,15.766,120.1,63426.3,2,1.0085
D,3,44,200000,1.01,451,47,14100,15.444,96.9,64748.7,2,1.0085
D,3,44,200000,1.01,451,48,14400,16.68,60.0,59950.8,2,1.0085
D,3,44,200000,1.01,451,49,14700,16.387,50.2,61024.0,2,1.0085
D,3,44,200000,1.01,451,50,15000,19.376,61.4,51610.2,2,1.0085
D,3,44,200000,1.25,559,1,300,74.648,128.2,13396.3,1,1.25
D,3,44,200000,1.25,559,2,600,19.346,102.6,51689.4,1,1.25
D,3,44,200000,1.25,559,3,900,18.902,92.4,52904.5,1,1.25
D,3,44,200000,1.25,559,4,1200,16.062,78.6,62258.7,1,1.25
D,3,44,200000,1.25,559,5,1500,17.626,75.7,56734.4,1,1.25
D,3,44,200000,1.25,559,6,1800,13.964,81.7,71611.0,1,1.25
D,3,44,200000,1.25,559,7,2100,11.381,100.7,87863.2,1,1.25
D,3,44,200000,1.25,559,8,2400,10.472,59.6,95489.7,1,1.25
D,3,44,200000,1.25,559,9,2700,11.2,57.2,89285.7,1,1.25
D,3,44,200000,1.25,559,10,3000,41.837,61.0,23902.1,1,1.25
D,3,44,200000,1.25,559,11,3300,9.492,73.5,105351.9,1,1.25
D,3,44,200000,1.25,559,12,3600,12.757,69.9,78386.3,1,1.25
D,3,44,200000,1.25,559,13,3900,12.842,77.1,77869.5,1,1.25
D,3,44,200000,1.25,559,14,4200,8.181,50.4,122229.5,1,1.25
D,3,44,200000,1.25,559,15,4500,6.214,15.2,160935.6,1,1.25
D,3,44,200000,1.25,559,16,4800,7.816,18.7,127942.7,1,1.25
D,3,44,200000,1.25,559,17,5100,9.57,25.0,104493.2,1,1.25
D,3,44,200000,1.25,559,18,5400,12.068,31.1,82861.5,1,1.25
D,3,44,200000,1.25,559,19,5700,13.94,38.7,71736.0,1,1.25
D,3,44,200000,1.25,559,20,6000,16.468,43.2,60723.8,1,1.25
D,3,44,200000,1.25,559,21,6300,72.888,51.2,13719.6,1,1.25
D,3,44,200000,1.25,559,22,6600,18.832,56.2,53102.0,1,1.25
D,3,44,200000,1.25,559,23,6900,21.218,63.6,47130.5,1,1.25
D,3,44,200000,1.25,559,24,7200,23.809,70.0,42000.9,1,1.25
D,3,44,200000,1.25,559,25,7500,26.736,75.7,37403.2,1,1.25
D,3,44,200000,1.25,559,26,7800,28.288,84.0,35350.7,1,1.25
D,3,44,200000,1.25,559,27,8100,32.38,92.6,30882.9,1,1.25
D,3,44,200000,1.25,559,28,8400,31.534,95.1,31712.1,1,1.25
D,3,44,200000,1.25,559,29,8700,36.579,122.5,27338.1,1,1.25
D,3,44,200000,1.25,559,30,9000,35.361,106.4,28280.0,1,1.25
D,3,44,200000,1.25,559,31,9300,71.418,113.6,14002.1,1,1.25
D,3,44,200000,1.25,559,32,9600,39.885,129.5,25071.9,1,1.25
D,3,44,200000,1.25,559,33,9900,42.265,131.5,23660.1,1,1.25
D,3,44,200000,1.25,559,34,10200,44.369,133.8,22538.3,1,1.25
D,3,44,200000,1.25,559,35,10500,44.266,143.5,22590.9,1,1.25
D,3,44,200000,1.25,559,36,10800,47.942,147.5,20858.7,1,1.25
D,3,44,200000,1.25,559,37,11100,48.506,147.9,20616.0,1,1.25
D,3,44,200000,1.25,559,38,11400,52.537,163.8,19034.3,1,1.25
D,3,44,200000,1.25,559,39,11700,55.976,168.4,17864.9,1,1.25
D,3,44,200000,1.25,559,40,12000,53.073,177.3,18842.1,1,1.25
D,3,44,200000,1.25,559,41,12300,57.213,182.8,17478.5,1,1.25
D,3,44,200000,1.25,559,42,12600,87.31,120.3,11453.4,1,1.25
D,3,44,200000,1.25,559,43,12900,22.217,104.5,45009.9,1,1.25
D,3,44,200000,1.25,559,44,13200,17.847,89.0,56032.9,1,1.25
D,3,44,200000,1.25,559,45,13500,20.468,94.1,48857.5,1,1.25
D,3,44,200000,1.25,559,46,13800,20.375,83.8,49080.6,1,1.25
D,3,44,200000,1.25,559,47,14100,18.064,74.4,55359.7,1,1.25
D,3,44,200000,1.25,559,48,14400,20.836,95.1,47993.9,1,1.25
D,3,44,200000,1.25,559,49,14700,15.364,83.7,65085.8,1,1.25
D,3,44,200000,1.25,559,50,15000,14.223,79.2,70308.7,1,1.25
D,3,44,200000,1.5,670,1,300,81.517,134.8,12267.4,5,1.4982
D,3,44,200000,1.5,670,2,600,13.592,96.2,73574.5,5,1.4982
D,3,44,200000,1.5,670,3,900,10.317,61.0,96927.4,5,1.4982
D,3,44,200000,1.5,670,4,1200,11.526,60.0,86760.4,5,1.4982
D,3,44,200000,1.5,670,5,1500,13.594,65.9,73560.1,5,1.4982
D,3,44,200000,1.5,670,6,1800,18.067,115.0,55348.5,5,1.4982
D,3,44,200000,1.5,670,7,2100,16.982,96.5,58887.0,5,1.4982
D,3,44,200000,1.5,670,8,2400,17.018,83.4,58760.2,5,1.4982
D,3,44,200000,1.5,670,9,2700,17.327,80.6,57713.4,5,1.4982
D,3,44,200000,1.5,670,10,3000,55.069,72.1,18159.1,5,1.4982
D,3,44,200000,1.5,670,11,3300,12.046,92.0,83012.8,5,1.4982
D,3,44,200000,1.5,670,12,3600,12.099,96.7,82651.5,5,1.4982
D,3,44,200000,1.5,670,13,3900,12.269,90.3,81504.0,5,1.4982
D,3,44,200000,1.5,670,14,4200,11.901,83.1,84024.2,5,1.4982
D,3,44,200000,1.5,670,15,4500,11.182,86.7,89426.8,5,1.4982
D,3,44,200000,1.5,670,16,4800,11.651,60.9,85829.5,5,1.4982
D,3,44,200000,1.5,670,17,5100,12.146,70.9,82331.6,5,1.4982
D,3,44,200000,1.5,670,18,5400,10.537,52.4,94903.7,5,1.4982
D,3,44,200000,1.5,670,19,5700,11.824,68.1,84571.4,5,1.4982
D,3,44,200000,1.5,670,20,6000,10.93,66.7,91488.5,5,1.4982
D,3,44,200000,1.5,670,21,6300,75.265,108.7,13286.4,5,1.4982
D,3,44,200000,1.5,670,22,6600,18.77,106.1,53276.5,5,1.4982
D,3,44,200000,1.5,670,23,6900,17.88,99.7,55929.5,5,1.4982
D,3,44,200000,1.5,670,24,7200,15.099,92.8,66229.6,5,1.4982
D,3,44,200000,1.5,670,25,7500,12.974,73.5,77075.2,5,1.4982
D,3,44,200000,1.5,670,26,7800,13.541,77.0,73848.0,5,1.4982
D,3,44,200000,1.5,670,27,8100,14.653,90.1,68247.0,5,1.4982
D,3,44,200000,1.5,670,28,8400,13.733,73.9,72819.1,5,1.4982
D,3,44,200000,1.5,670,29,8700,13.703,83.2,72976.7,5,1.4982
D,3,44,200000,1.5,670,30,9000,14.857,70.7,67308.3,5,1.4982
D,3,44,200000,1.5,670,31,9300,51.601,88.6,19379.6,5,1.4982
D,3,44,200000,1.5,670,32,9600,16.256,74.9,61515.7,5,1.4982
D,3,44,200000,1.5,670,33,9900,17.082,88.8,58540.0,5,1.4982
D,3,44,200000,1.5,670,34,10200,10.721,72.2,93272.0,5,1.4982
D,3,44,200000,1.5,670,35,10500,5.835,13.1,171379.6,5,1.4982
D,3,44,200000,1.5,670,36,10800,8.032,18.3,124507.2,5,1.4982
D,3,44,200000,1.5,670,37,11100,9.822,25.7,101812.3,5,1.4982
D,3,44,200000,1.5,670,38,11400,11.697,30.5,85492.0,5,1.4982
D,3,44,200000,1.5,670,39,11700,14.675,38.7,68141.5,5,1.4982
D,3,44,200000,1.5,670,40,12000,14.651,42.6,68254.7,5,1.4982
D,3,44,200000,1.5,670,41,12300,17.145,50.6,58326.0,5,1.4982
D,3,44,200000,1.5,670,42,12600,76.916,63.4,13001.3,5,1.4982
D,3,44,200000,1.5,670,43,12900,21.182,63.0,47210.6,5,1.4982
D,3,44,200000,1.5,670,44,13200,26.365,102.4,37928.6,5,1.4982
D,3,44,200000,1.5,670,45,13500,25.879,77.3,38641.9,5,1.4982
D,3,44,200000,1.5,670,46,13800,28.761,85.5,34768.9,5,1.4982
D,3,44,200000,1.5,670,47,14100,32.338,89.2,30923.1,5,1.4982
D,3,44,200000,1.5,670,48,14400,31.016,98.0,32241.8,5,1.4982
D,3,44,200000,1.5,670,49,14700,34.371,104.1,29094.6,5,1.4982
D,3,44,200000,1.5,670,50,15000,36.475,112.6,27416.0,5,1.4982
D,3,44,200000,2.0,894,1,300,72.27,109.5,13837.0,3,1.999
D,3,44,200000,2.0,894,2,600,16.167,119.1,61854.4,3,1.999
D,3,44,200000,2.0,894,3,900,15.47,93.9,64639.9,3,1.999
D,3,44,200000,2.0,894,4,1200,14.797,103.0,67582.8,3,1.999
D,3,44,200000,2.0,894,5,1500,17.066,99.5,58594.9,3,1.999
D,3,44,200000,2.0,894,6,1800,17.738,108.6,56376.1,3,1.999
D,3,44,200000,2.0,894,7,2100,18.713,122.6,53437.8,3,1.999
D,3,44,200000,2.0,894,8,2400,18.802,112.2,53185.8,3,1.999
D,3,44,200000,2.0,894,9,2700,17.562,91.1,56942.2,3,1.999
D,3,44,200000,2.0,894,10,3000,51.553,113.7,19397.6,3,1.999
D,3,44,200000,2.0,894,11,3300,22.498,143.0,44449.1,3,1.999
D,3,44,200000,2.0,894,12,3600,20.481,94.7,48824.9,3,1.999
D,3,44,200000,2.0,894,13,3900,22.109,94.2,45229.8,3,1.999
D,3,44,200000,2.0,894,14,4200,21.582,94.6,46334.9,3,1.999
D,3,44,200000,2.0,894,15,4500,21.627,96.4,46237.8,3,1.999
D,3,44,200000,2.0,894,16,4800,26.004,117.6,38455.1,3,1.999
D,3,44,200000,2.0,894,17,5100,22.043,82.5,45365.2,3,1.999
D,3,44,200000,2.0,894,18,5400,25.687,105.9,38930.7,3,1.999
D,3,44,200000,2.0,894,19,5700,23.191,102.4,43120.2,3,1.999
D,3,44,200000,2.0,894,20,6000,23.464,106.2,42617.9,3,1.999
D,3,44,200000,2.0,894,21,6300,81.208,140.9,12314.1,3,1.999
D,3,44,200000,2.0,894,22,6600,19.766,110.0,50592.8,3,1.999
D,3,44,200000,2.0,894,23,6900,18.27,102.2,54735.5,3,1.999
D,3,44,200000,2.0,894,24,7200,20.889,120.4,47871.3,3,1.999
D,3,44,200000,2.0,894,25,7500,20.083,90.3,49793.4,3,1.999
D,3,44,200000,2.0,894,26,7800,20.458,89.9,48880.6,3,1.999
D,3,44,200000,2.0,894,27,8100,19.966,96.0,50085.1,3,1.999
D,3,44,200000,2.0,894,28,8400,18.079,87.5,55312.8,3,1.999
D,3,44,200000,2.0,894,29,8700,20.154,89.3,49617.1,3,1.999
D,3,44,200000,2.0,894,30,9000,20.821,99.9,48029.2,3,1.999
D,3,44,200000,2.0,894,31,9300,52.828,105.9,18929.5,3,1.999
D,3,44,200000,2.0,894,32,9600,22.542,96.4,44362.3,3,1.999
D,3,44,200000,2.0,894,33,9900,23.66,116.9,42265.4,3,1.999
D,3,44,200000,2.0,894,34,10200,22.803,105.1,43854.5,3,1.999
D,3,44,200000,2.0,894,35,10500,26.139,105.2,38256.5,3,1.999
D,3,44,200000,2.0,894,36,10800,25.13,97.4,39792.5,3,1.999
D,3,44,200000,2.0,894,37,11100,27.353,107.5,36558.6,3,1.999
D,3,44,200000,2.0,894,38,11400,26.271,102.4,38064.8,3,1.999
D,3,44,200000,2.0,894,39,11700,25.663,103.4,38966.1,3,1.999
D,3,44,200000,2.0,894,40,12000,26.033,94.3,38412.3,3,1.999
D,3,44,200000,2.0,894,41,12300,27.773,90.9,36006.6,3,1.999
D,3,44,200000,2.0,894,42,12600,80.949,178.0,12353.5,3,1.999
D,3,44,200000,2.0,894,43,12900,19.732,108.4,50679.9,3,1.999
D,3,44,200000,2.0,894,44,13200,17.521,99.7,57074.4,3,1.999
D,3,44,200000,2.0,894,45,13500,16.27,118.2,61464.1,3,1.999
D,3,44,200000,2.0,894,46,13800,14.97,107.0,66801.8,3,1.999
D,3,44,200000,2.0,894,47,14100,13.185,88.5,75841.8,3,1.999
D,3,44,200000,2.0,894,48,14400,14.961,86.9,66841.9,3,1.999
D,3,44,200000,2.0,894,49,14700,14.301,81.1,69925.2,3,1.999
D,3,44,200000,2.0,894,50,15000,16.558,89.2,60392.6,3,1.999
D,4,45,5000,0.5,35,1,300,20.198,48.8,49510.7,1,0.495
D,4,45,5000,0.5,35,2,600,21.672,62.5,46142.5,1,0.495
D,4,45,5000,0.5,35,3,900,23.573,66.2,42422.0,1,0.495
D,4,45,5000,0.5,35,4,1200,27.117,76.0,36876.8,1,0.495
D,4,45,5000,0.5,35,5,1500,24.936,77.7,40102.1,1,0.495
D,4,45,5000,0.5,35,6,1800,4.632,9.1,215889.5,1,0.495
D,4,45,5000,0.5,35,7,2100,7.903,48.1,126534.2,1,0.495
D,4,45,5000,0.5,35,8,2400,4.889,42.7,204554.7,1,0.495
D,4,45,5000,0.5,35,9,2700,6.851,15.0,145971.2,1,0.495
D,4,45,5000,0.5,35,10,3000,11.177,46.4,89466.8,1,0.495
D,4,45,5000,0.5,35,11,3300,9.95,33.4,100505.9,1,0.495
D,4,45,5000,0.5,35,12,3600,8.31,40.6,120341.8,1,0.495
D,4,45,5000,0.5,35,13,3900,4.669,13.9,214163.4,1,0.495
D,4,45,5000,0.5,35,14,4200,5.935,13.1,168492.0,1,0.495
D,4,45,5000,0.5,35,15,4500,7.796,19.6,128276.4,1,0.495
D,4,45,5000,0.5,35,16,4800,9.859,27.0,101430.2,1,0.495
D,4,45,5000,0.5,35,17,5100,11.196,30.2,89315.0,1,0.495
D,4,45,5000,0.5,35,18,5400,13.294,38.5,75221.9,1,0.495
D,4,45,5000,0.5,35,19,5700,13.901,43.1,71935.5,1,0.495
D,4,45,5000,0.5,35,20,6000,15.079,47.2,66317.4,1,0.495
D,4,45,5000,0.5,35,21,6300,18.422,62.6,54281.9,1,0.495
D,4,45,5000,0.5,35,22,6600,18.616,57.6,53716.3,1,0.495
D,4,45,5000,0.5,35,23,6900,20.858,66.6,47943.2,1,0.495
D,4,45,5000,0.5,35,24,7200,22.829,72.7,43803.3,1,0.495
D,4,45,5000,0.5,35,25,7500,22.558,76.1,44330.8,1,0.495
D,4,45,5000,0.5,35,26,7800,26.018,93.3,38434.9,1,0.495
D,4,45,5000,0.5,35,27,8100,5.457,18.1,183250.9,1,0.495
D,4,45,5000,0.5,35,28,8400,7.891,49.2,126726.6,1,0.495
D,4,45,5000,0.5,35,29,8700,9.126,47.6,109577.0,1,0.495
D,4,45,5000,0.5,35,30,9000,11.55,32.6,86582.6,1,0.495
D,4,45,5000,0.5,35,31,9300,14.214,36.3,70353.2,1,0.495
D,4,45,5000,0.5,35,32,9600,11.194,34.7,89333.6,1,0.495
D,4,45,5000,0.5,35,33,9900,11.513,35.0,86855.8,1,0.495
D,4,45,5000,0.5,35,34,10200,12.269,62.1,81508.4,1,0.495
D,4,45,5000,0.5,35,35,10500,13.197,40.2,75776.7,1,0.495
D,4,45,5000,0.5,35,36,10800,10.894,36.9,91796.5,1,0.495
D,4,45,5000,0.5,35,37,11100,8.057,57.5,124120.8,1,0.495
D,4,45,5000,0.5,35,38,11400,7.854,37.0,127323.7,1,0.495
D,4,45,5000,0.5,35,39,11700,10.462,49.0,95587.1,1,0.495
D,4,45,5000,0.5,35,40,12000,10.655,37.2,93855.6,1,0.495
D,4,45,5000,0.5,35,41,12300,13.408,60.5,74584.2,1,0.495
D,4,45,5000,0.5,35,42,12600,12.251,60.8,81626.0,1,0.495
D,4,45,5000,0.5,35,43,12900,14.495,37.8,68989.3,1,0.495
D,4,45,5000,0.5,35,44,13200,14.671,61.0,68161.7,1,0.495
D,4,45,5000,0.5,35,45,13500,14.842,49.1,67377.9,1,0.495
D,4,45,5000,0.5,35,46,13800,17.844,49.7,56040.2,1,0.495
D,4,45,5000,0.5,35,47,14100,18.127,63.1,55167.3,1,0.495
D,4,45,5000,0.5,35,48,14400,20.363,75.7,49108.7,1,0.495
D,4,45,5000,0.5,35,49,14700,20.889,69.4,47872.8,1,0.495
D,4,45,5000,0.5,35,50,15000,22.121,68.7,45205.9,1,0.495
D,4,45,5000,0.75,53,1,300,19.662,55.6,50860.4,1,0.7495
D,4,45,5000,0.75,53,2,600,18.057,57.3,55380.2,1,0.7495
D,4,45,5000,0.75,53,3,900,19.083,66.2,52403.6,1,0.7495
D,4,45,5000,0.75,53,4,1200,19.788,66.0,50536.5,1,0.7495
D,4,45,5000,0.75,53,5,1500,21.847,74.9,45772.2,1,0.7495
D,4,45,5000,0.75,53,6,1800,23.166,77.5,43166.1,1,0.7495
D,4,45,5000,0.75,53,7,2100,25.682,83.0,38937.8,1,0.7495
D,4,45,5000,0.75,53,8,2400,32.422,95.9,30842.9,1,0.7495
D,4,45,5000,0.75,53,9,2700,39.017,153.0,25629.6,1,0.7495
D,4,45,5000,0.75,53,10,3000,28.496,99.9,35092.6,1,0.7495
D,4,45,5000,0.75,53,11,3300,8.704,36.5,114894.1,1,0.7495
D,4,45,5000,0.75,53,12,3600,5.995,34.5,166814.9,1,0.7495
D,4,45,5000,0.75,53,13,3900,6.578,15.8,152029.6,1,0.7495
D,4,45,5000,0.75,53,14,4200,7.748,16.0,129060.0,1,0.7495
D,4,45,5000,0.75,53,15,4500,397.835,28.9,2513.6,1,0.7495
D,4,45,5000,0.75,53,16,4800,10.55,26.1,94783.7,1,0.7495
D,4,45,5000,0.75,53,17,5100,12.057,30.6,82937.1,1,0.7495
D,4,45,5000,0.75,53,18,5400,12.646,33.6,79078.5,1,0.7495
D,4,45,5000,0.75,53,19,5700,14.692,46.1,68065.8,1,0.7495
D,4,45,5000,0.75,53,20,6000,14.951,43.8,66885.2,1,0.7495
D,4,45,5000,0.75,53,21,6300,17.778,45.6,56250.3,1,0.7495
D,4,45,5000,0.75,53,22,6600,18.903,54.3,52900.7,1,0.7495
D,4,45,5000,0.75,53,23,6900,19.87,52.3,50327.1,1,0.7495
D,4,45,5000,0.75,53,24,7200,21.946,59.2,45566.4,1,0.7495
D,4,45,5000,0.75,53,25,7500,21.992,65.8,45470.4,1,0.7495
D,4,45,5000,0.75,53,26,7800,24.423,78.5,40945.0,1,0.7495
D,4,45,5000,0.75,53,27,8100,24.472,75.0,40863.6,1,0.7495
D,4,45,5000,0.75,53,28,8400,26.657,80.7,37513.1,1,0.7495
D,4,45,5000,0.75,53,29,8700,25.274,84.4,39566.4,1,0.7495
D,4,45,5000,0.75,53,30,9000,22.774,85.9,43909.1,1,0.7495
D,4,45,5000,0.75,53,31,9300,12.153,38.4,82284.2,1,0.7495
D,4,45,5000,0.75,53,32,9600,6.435,27.2,155392.2,1,0.7495
D,4,45,5000,0.75,53,33,9900,5.526,16.1,180962.8,1,0.7495
D,4,45,5000,0.75,53,34,10200,6.374,15.8,156879.2,1,0.7495
D,4,45,5000,0.75,53,35,10500,8.102,18.7,123426.3,1,0.7495
D,4,45,5000,0.75,53,36,10800,9.549,30.5,104723.0,1,0.7495
D,4,45,5000,0.75,53,37,11100,10.791,37.0,92672.7,1,0.7495
D,4,45,5000,0.75,53,38,11400,11.231,29.8,89036.6,1,0.7495
D,4,45,5000,0.75,53,39,11700,13.64,33.3,73313.8,1,0.7495
D,4,45,5000,0.75,53,40,12000,15.057,39.9,66415.8,1,0.7495
D,4,45,5000,0.75,53,41,12300,16.709,42.5,59846.8,1,0.7495
D,4,45,5000,0.75,53,42,12600,16.779,47.4,59599.5,1,0.7495
D,4,45,5000,0.75,53,43,12900,18.899,52.1,52913.8,1,0.7495
D,4,45,5000,0.75,53,44,13200,13.363,51.8,74833.5,1,0.7495
D,4,45,5000,0.75,53,45,13500,8.835,33.4,113181.9,1,0.7495
D,4,45,5000,0.75,53,46,13800,10.211,39.2,97930.4,1,0.7495
D,4,45,5000,0.75,53,47,14100,12.224,42.4,81808.5,1,0.7495
D,4,45,5000,0.75,53,48,14400,13.938,44.6,71746.3,1,0.7495
D,4,45,5000,0.75,53,49,14700,14.63,45.3,68351.1,1,0.7495
D,4,45,5000,0.75,53,50,15000,17.619,49.9,56755.8,1,0.7495
D,4,45,5000,1.0,70,1,300,13.773,37.8,72605.8,1,0.9899
D,4,45,5000,1.0,70,2,600,5.243,23.7,190718.4,1,0.9899
D,4,45,5000,1.0,70,3,900,6.402,22.8,156201.2,1,0.9899
D,4,45,5000,1.0,70,4,1200,8.783,22.9,113856.3,1,0.9899
D,4,45,5000,1.0,70,5,1500,11.961,33.8,83602.7,1,0.9899
D,4,45,5000,1.0,70,6,1800,11.949,34.1,83689.0,1,0.9899
D,4,45,5000,1.0,70,7,2100,14.226,38.6,70293.8,1,0.9899
D,4,45,5000,1.0,70,8,2400,16.508,51.8,60576.7,1,0.9899
D,4,45,5000,1.0,70,9,2700,17.458,52.8,57280.3,1,0.9899
D,4,45,5000,1.0,70,10,3000,19.218,60.0,52034.6,1,0.9899
D,4,45,5000,1.0,70,11,3300,5.981,21.1,167186.8,1,0.9899
D,4,45,5000,1.0,70,12,3600,6.381,22.6,156715.3,1,0.9899
D,4,45,5000,1.0,70,13,3900,6.109,15.5,163692.9,1,0.9899
D,4,45,5000,1.0,70,14,4200,5.732,25.3,174459.2,1,0.9899
D,4,45,5000,1.0,70,15,4500,5.388,26.5,185586.2,1,0.9899
D,4,45,5000,1.0,70,16,4800,6.387,26.1,156568.0,1,0.9899
D,4,45,5000,1.0,70,17,5100,8.154,26.8,122644.2,1,0.9899
D,4,45,5000,1.0,70,18,5400,12.891,38.7,77571.5,1,0.9899
D,4,45,5000,1.0,70,19,5700,5.46,27.6,183161.3,1,0.9899
D,4,45,5000,1.0,70,20,6000,7.456,27.3,134114.2,1,0.9899
D,4,45,5000,1.0,70,21,6300,10.467,27.4,95535.3,1,0.9899
D,4,45,5000,1.0,70,22,6600,12.388,30.9,80723.3,1,0.9899
D,4,45,5000,1.0,70,23,6900,15.777,42.7,63384.7,1,0.9899
D,4,45,5000,1.0,70,24,7200,18.655,47.7,53604.0,1,0.9899
D,4,45,5000,1.0,70,25,7500,19.574,51.6,51089.1,1,0.9899
D,4,45,5000,1.0,70,26,7800,23.323,60.9,42876.1,1,0.9899
D,4,45,5000,1.0,70,27,8100,24.486,69.8,40839.7,1,0.9899
D,4,45,5000,1.0,70,28,8400,36.533,122.5,27372.8,1,0.9899
D,4,45,5000,1.0,70,29,8700,40.957,137.1,24415.8,1,0.9899
D,4,45,5000,1.0,70,30,9000,46.394,145.2,21554.4,1,0.9899
D,4,45,5000,1.0,70,31,9300,16.162,78.6,61874.8,1,0.9899
D,4,45,5000,1.0,70,32,9600,7.671,29.4,130361.1,1,0.9899
D,4,45,5000,1.0,70,33,9900,6.523,24.6,153303.7,1,0.9899
D,4,45,5000,1.0,70,34,10200,8.861,25.9,112858.3,1,0.9899
D,4,45,5000,1.0,70,35,10500,10.375,29.0,96388.6,1,0.9899
D,4,45,5000,1.0,70,36,10800,11.419,27.2,87575.9,1,0.9899
D,4,45,5000,1.0,70,37,11100,13.35,34.3,74906.4,1,0.9899
D,4,45,5000,1.0,70,38,11400,15.527,40.4,64402.6,1,0.9899
D,4,45,5000,1.0,70,39,11700,18.533,45.9,53956.8,1,0.9899
D,4,45,5000,1.0,70,40,12000,18.511,52.2,54021.0,1,0.9899
D,4,45,5000,1.0,70,41,12300,10.057,75.6,99436.5,1,0.9899
D,4,45,5000,1.0,70,42,12600,7.484,34.7,133624.3,1,0.9899
D,4,45,5000,1.0,70,43,12900,6.697,34.6,149320.6,1,0.9899
D,4,45,5000,1.0,70,44,13200,4.836,10.7,206796.8,1,0.9899
D,4,45,5000,1.0,70,45,13500,7.661,18.5,130537.0,1,0.9899
D,4,45,5000,1.0,70,46,13800,9.726,33.4,102813.7,1,0.9899
D,4,45,5000,1.0,70,47,14100,13.536,33.7,73875.3,1,0.9899
D,4,45,5000,1.0,70,48,14400,15.389,41.2,64982.9,1,0.9899
D,4,45,5000,1.0,70,49,14700,17.327,44.9,57712.3,1,0.9899
D,4,45,5000,1.0,70,50,15000,20.268,75.7,49338.0,1,0.9899
D,4,45,5000,1.01,71,1,300,25.866,76.2,38660.8,1,1.0041
D,4,45,5000,1.01,71,2,600,26.945,82.5,37112.6,1,1.0041
D,4,45,5000,1.01,71,3,900,28.271,86.0,35371.5,1,1.0041
D,4,45,5000,1.01,71,4,1200,32.596,99.3,30678.3,1,1.0041
D,4,45,5000,1.01,71,5,1500,39.149,102.2,25543.4,1,1.0041
D,4,45,5000,1.01,71,6,1800,34.266,108.3,29183.7,1,1.0041
D,4,45,5000,1.01,71,7,2100,39.167,119.0,25531.9,1,1.0041
D,4,45,5000,1.01,71,8,2400,39.417,121.8,25369.6,1,1.0041
D,4,45,5000,1.01,71,9,2700,44.734,133.9,22354.4,1,1.0041
D,4,45,5000,1.01,71,10,3000,41.924,137.4,23852.5,1,1.0041
D,4,45,5000,1.01,71,11,3300,10.157,41.7,98457.5,1,1.0041
D,4,45,5000,1.01,71,12,3600,9.262,40.2,107968.0,1,1.0041
D,4,45,5000,1.01,71,13,3900,6.701,14.5,149224.0,1,1.0041
D,4,45,5000,1.01,71,14,4200,6.538,13.6,152944.2,1,1.0041
D,4,45,5000,1.01,71,15,4500,7.408,14.8,134995.3,1,1.0041
D,4,45,5000,1.01,71,16,4800,8.275,15.8,120850.8,1,1.0041
D,4,45,5000,1.01,71,17,5100,7.795,26.4,128287.4,1,1.0041
D,4,45,5000,1.01,71,18,5400,7.132,17.0,140219.7,1,1.0041
D,4,45,5000,1.01,71,19,5700,7.829,14.8,127730.2,1,1.0041
D,4,45,5000,1.01,71,20,6000,5.255,24.2,190307.0,1,1.0041
D,4,45,5000,1.01,71,21,6300,9.21,24.3,108581.6,1,1.0041
D,4,45,5000,1.01,71,22,6600,8.432,23.5,118600.5,1,1.0041
D,4,45,5000,1.01,71,23,6900,5.431,23.1,184139.4,1,1.0041
D,4,45,5000,1.01,71,24,7200,7.011,15.4,142639.8,1,1.0041
D,4,45,5000,1.01,71,25,7500,9.321,41.5,107280.8,1,1.0041
D,4,45,5000,1.01,71,26,7800,11.555,39.8,86542.6,1,1.0041
D,4,45,5000,1.01,71,27,8100,13.307,39.1,75150.3,1,1.0041
D,4,45,5000,1.01,71,28,8400,15.751,51.4,63488.0,1,1.0041
D,4,45,5000,1.01,71,29,8700,16.506,47.0,60585.2,1,1.0041
D,4,45,5000,1.01,71,30,9000,19.849,54.4,50380.4,1,1.0041
D,4,45,5000,1.01,71,31,9300,15.245,49.1,65595.3,1,1.0041
D,4,45,5000,1.01,71,32,9600,6.284,24.2,159142.8,1,1.0041
D,4,45,5000,1.01,71,33,9900,6.034,13.6,165727.5,1,1.0041
D,4,45,5000,1.01,71,34,10200,6.573,12.5,152145.2,1,1.0041
D,4,45,5000,1.01,71,35,10500,6.583,15.8,151914.1,1,1.0041
D,4,45,5000,1.01,71,36,10800,6.637,18.0,150670.5,1,1.0041
D,4,45,5000,1.01,71,37,11100,7.03,45.7,142254.2,1,1.0041
D,4,45,5000,1.01,71,38,11400,6.698,14.9,149298.3,1,1.0041
D,4,45,5000,1.01,71,39,11700,5.929,45.8,168653.1,1,1.0041
D,4,45,5000,1.01,71,40,12000,7.378,44.0,135538.1,1,1.0041
D,4,45,5000,1.01,71,41,12300,10.602,45.9,94321.8,1,1.0041
D,4,45,5000,1.01,71,42,12600,11.205,50.6,89248.5,1,1.0041
D,4,45,5000,1.01,71,43,12900,11.389,32.0,87806.6,1,1.0041
D,4,45,5000,1.01,71,44,13200,12.843,46.5,77865.4,1,1.0041
D,4,45,5000,1.01,71,45,13500,14.616,43.7,68418.2,1,1.0041
D,4,45,5000,1.01,71,46,13800,17.447,58.8,57317.5,1,1.0041
D,4,45,5000,1.01,71,47,14100,18.383,54.8,54399.1,1,1.0041
D,4,45,5000,1.01,71,48,14400,21.715,63.4,46050.4,1,1.0041
D,4,45,5000,1.01,71,49,14700,21.506,63.6,46499.4,1,1.0041
D,4,45,5000,1.01,71,50,15000,24.139,71.6,41427.3,1,1.0041
D,4,45,5000,1.25,88,1,300,19.855,57.0,50366.0,1,1.2445
D,4,45,5000,1.25,88,2,600,21.772,66.6,45929.9,1,1.2445
D,4,45,5000,1.25,88,3,900,22.888,67.7,43690.4,1,1.2445
D,4,45,5000,1.25,88,4,1200,27.493,77.5,36372.9,1,1.2445
D,4,45,5000,1.25,88,5,1500,29.842,87.3,33509.4,1,1.2445
D,4,45,5000,1.25,88,6,1800,30.238,91.4,33071.0,1,1.2445
D,4,45,5000,1.25,88,7,2100,32.586,103.6,30688.0,1,1.2445
D,4,45,5000,1.25,88,8,2400,34.418,105.8,29054.6,1,1.2445
D,4,45,5000,1.25,88,9,2700,36.99,114.8,27034.6,1,1.2445
D,4,45,5000,1.25,88,10,3000,33.726,120.2,29650.4,1,1.2445
D,4,45,5000,1.25,88,11,3300,6.462,28.2,154750.8,1,1.2445
D,4,45,5000,1.25,88,12,3600,5.909,28.5,169242.9,1,1.2445
D,4,45,5000,1.25,88,13,3900,7.022,16.5,142409.6,1,1.2445
D,4,45,5000,1.25,88,14,4200,8.713,25.9,114766.7,1,1.2445
D,4,45,5000,1.25,88,15,4500,11.472,40.9,87171.3,1,1.2445
D,4,45,5000,1.25,88,16,4800,11.818,33.7,84619.1,1,1.2445
D,4,45,5000,1.25,88,17,5100,7.643,29.9,130838.7,1,1.2445
D,4,45,5000,1.25,88,18,5400,5.914,13.0,169080.8,1,1.2445
D,4,45,5000,1.25,88,19,5700,7.459,15.9,134066.3,1,1.2445
D,4,45,5000,1.25,88,20,6000,8.808,22.0,113528.9,1,1.2445
D,4,45,5000,1.25,88,21,6300,12.577,32.5,79510.2,1,1.2445
D,4,45,5000,1.25,88,22,6600,11.911,30.9,83956.0,1,1.2445
D,4,45,5000,1.25,88,23,6900,13.789,38.4,72519.8,1,1.2445
D,4,45,5000,1.25,88,24,7200,16.586,50.0,60293.0,1,1.2445
D,4,45,5000,1.25,88,25,7500,16.361,47.4,61122.2,1,1.2445
D,4,45,5000,1.25,88,26,7800,19.277,54.6,51876.2,1,1.2445
D,4,45,5000,1.25,88,27,8100,20.926,63.4,47786.7,1,1.2445
D,4,45,5000,1.25,88,28,8400,8.376,60.3,119384.0,1,1.2445
D,4,45,5000,1.25,88,29,8700,6.78,22.7,147485.4,1,1.2445
D,4,45,5000,1.25,88,30,9000,8.721,20.9,114661.4,1,1.2445
D,4,45,5000,1.25,88,31,9300,11.052,29.8,90484.1,1,1.2445
D,4,45,5000,1.25,88,32,9600,6.227,19.7,160591.0,1,1.2445
D,4,45,5000,1.25,88,33,9900,5.834,13.2,171409.0,1,1.2445
D,4,45,5000,1.25,88,34,10200,6.245,12.9,160119.6,1,1.2445
D,4,45,5000,1.25,88,35,10500,6.612,31.2,151240.2,1,1.2445
D,4,45,5000,1.25,88,36,10800,6.555,17.3,152547.5,1,1.2445
D,4,45,5000,1.25,88,37,11100,8.073,29.1,123864.6,1,1.2445
D,4,45,5000,1.25,88,38,11400,8.482,24.7,117901.4,1,1.2445
D,4,45,5000,1.25,88,39,11700,9.35,28.3,106951.9,1,1.2445
D,4,45,5000,1.25,88,40,12000,9.68,32.0,103305.8,1,1.2445
D,4,45,5000,1.25,88,41,12300,12.514,34.3,79908.4,1,1.2445
D,4,45,5000,1.25,88,42,12600,11.617,40.8,86078.3,1,1.2445
D,4,45,5000,1.25,88,43,12900,12.949,45.9,77224.1,1,1.2445
D,4,45,5000,1.25,88,44,13200,12.278,42.4,81444.3,1,1.2445
D,4,45,5000,1.25,88,45,13500,13.627,44.9,73383.7,1,1.2445
D,4,45,5000,1.25,88,46,13800,15.578,57.2,64193.1,1,1.2445
D,4,45,5000,1.25,88,47,14100,14.423,52.4,69332.1,1,1.2445
D,4,45,5000,1.25,88,48,14400,16.002,59.3,62490.9,1,1.2445
D,4,45,5000,1.25,88,49,14700,17.93,62.6,55771.4,1,1.2445
D,4,45,5000,1.25,88,50,15000,18.65,65.4,53620.3,1,1.2445
D,4,45,5000,1.5,106,1,300,10.75,41.7,93020.4,1,1.4991
D,4,45,5000,1.5,106,2,600,12.038,46.4,83070.3,1,1.4991
D,4,45,5000,1.5,106,3,900,15.623,49.3,64009.6,1,1.4991
D,4,45,5000,1.5,106,4,1200,13.131,53.2,76153.7,1,1.4991
D,4,45,5000,1.5,106,5,1500,14.786,57.7,67630.0,1,1.4991
D,4,45,5000,1.5,106,6,1800,16.646,71.0,60073.3,1,1.4991
D,4,45,5000,1.5,106,7,2100,17.219,67.8,58076.5,1,1.4991
D,4,45,5000,1.5,106,8,2400,16.97,68.8,58928.7,1,1.4991
D,4,45,5000,1.5,106,9,2700,19.132,71.9,52269.4,1,1.4991
D,4,45,5000,1.5,106,10,3000,20.614,79.9,48511.5,1,1.4991
D,4,45,5000,1.5,106,11,3300,17.357,80.7,57612.5,1,1.4991
D,4,45,5000,1.5,106,12,3600,20.355,83.7,49128.8,1,1.4991
D,4,45,5000,1.5,106,13,3900,20.911,87.1,47822.5,1,1.4991
D,4,45,5000,1.5,106,14,4200,22.466,91.2,44511.0,1,1.4991
D,4,45,5000,1.5,106,15,4500,20.769,99.2,48148.7,1,1.4991
D,4,45,5000,1.5,106,16,4800,22.719,102.1,44016.7,1,1.4991
D,4,45,5000,1.5,106,17,5100,22.035,99.2,45382.3,1,1.4991
D,4,45,5000,1.5,106,18,5400,20.568,110.5,48618.4,1,1.4991
D,4,45,5000,1.5,106,19,5700,27.462,112.8,36414.0,1,1.4991
D,4,45,5000,1.5,106,20,6000,26.878,117.2,37205.6,1,1.4991
D,4,45,5000,1.5,106,21,6300,27.185,122.8,36785.0,1,1.4991
D,4,45,5000,1.5,106,22,6600,26.608,126.9,37583.2,1,1.4991
D,4,45,5000,1.5,106,23,6900,28.462,130.9,35134.2,1,1.4991
D,4,45,5000,1.5,106,24,7200,31.525,126.9,31720.9,1,1.4991
D,4,45,5000,1.5,106,25,7500,27.324,119.1,36598.3,1,1.4991
D,4,45,5000,1.5,106,26,7800,31.041,139.4,32215.5,1,1.4991
D,4,45,5000,1.5,106,27,8100,29.575,135.0,33812.7,1,1.4991
D,4,45,5000,1.5,106,28,8400,32.602,135.4,30672.6,1,1.4991
D,4,45,5000,1.5,106,29,8700,30.225,137.7,33085.2,1,1.4991
D,4,45,5000,1.5,106,30,9000,32.105,140.2,31148.1,1,1.4991
D,4,45,5000,1.5,106,31,9300,11.098,63.0,90109.0,1,1.4991
D,4,45,5000,1.5,106,32,9600,7.004,18.6,142775.5,1,1.4991
D,4,45,5000,1.5,106,33,9900,9.097,19.4,109922.3,1,1.4991
D,4,45,5000,1.5,106,34,10200,6.879,21.4,145370.0,1,1.4991
D,4,45,5000,1.5,106,35,10500,6.43,18.5,155529.1,1,1.4991
D,4,45,5000,1.5,106,36,10800,8.775,19.0,113960.1,1,1.4991
D,4,45,5000,1.5,106,37,11100,12.174,28.9,82140.0,1,1.4991
D,4,45,5000,1.5,106,38,11400,13.533,33.1,73895.3,1,1.4991
D,4,45,5000,1.5,106,39,11700,16.82,38.8,59453.0,1,1.4991
D,4,45,5000,1.5,106,40,12000,19.452,49.7,51407.7,1,1.4991
D,4,45,5000,1.5,106,41,12300,22.535,56.2,44374.8,1,1.4991
D,4,45,5000,1.5,106,42,12600,7.881,51.6,126892.8,1,1.4991
D,4,45,5000,1.5,106,43,12900,6.345,15.1,157604.4,1,1.4991
D,4,45,5000,1.5,106,44,13200,9.164,33.2,109118.7,1,1.4991
D,4,45,5000,1.5,106,45,13500,11.618,29.1,86073.3,1,1.4991
D,4,45,5000,1.5,106,46,13800,13.34,35.9,74960.6,1,1.4991
D,4,45,5000,1.5,106,47,14100,17.227,45.9,58048.4,1,1.4991
D,4,45,5000,1.5,106,48,14400,20.247,52.5,49390.0,1,1.4991
D,4,45,5000,1.5,106,49,14700,22.487,58.9,44470.8,1,1.4991
D,4,45,5000,1.5,106,50,15000,24.857,68.4,40230.7,1,1.4991
D,4,45,5000,2.0,141,1,300,15.157,29.6,65976.1,1,1.994
D,4,45,5000,2.0,141,2,600,11.742,34.8,85166.8,1,1.994
D,4,45,5000,2.0,141,3,900,13.153,39.8,76028.3,1,1.994
D,4,45,5000,2.0,141,4,1200,14.964,50.7,66827.0,1,1.994
D,4,45,5000,2.0,141,5,1500,17.14,53.1,58343.1,1,1.994
D,4,45,5000,2.0,141,6,1800,16.824,54.5,59437.7,1,1.994
D,4,45,5000,2.0,141,7,2100,13.776,59.3,72588.3,1,1.994
D,4,45,5000,2.0,141,8,2400,5.865,15.8,170502.9,1,1.994
D,4,45,5000,2.0,141,9,2700,7.263,14.7,137677.9,1,1.994
D,4,45,5000,2.0,141,10,3000,10.728,23.9,93211.1,1,1.994
D,4,45,5000,2.0,141,11,3300,5.624,14.4,177798.9,1,1.994
D,4,45,5000,2.0,141,12,3600,5.385,15.8,185712.5,1,1.994
D,4,45,5000,2.0,141,13,3900,6.135,19.0,162990.3,1,1.994
D,4,45,5000,2.0,141,14,4200,6.776,19.5,147587.0,1,1.994
D,4,45,5000,2.0,141,15,4500,7.469,22.9,133892.7,1,1.994
D,4,45,5000,2.0,141,16,4800,7.911,25.0,126401.0,1,1.994
D,4,45,5000,2.0,141,17,5100,8.251,27.3,121202.3,1,1.994
D,4,45,5000,2.0,141,18,5400,8.568,32.0,116708.8,1,1.994
D,4,45,5000,2.0,141,19,5700,10.35,35.5,96621.5,1,1.994
D,4,45,5000,2.0,141,20,6000,10.517,38.3,95087.2,1,1.994
D,4,45,5000,2.0,141,21,6300,11.322,43.1,88326.2,1,1.994
D,4,45,5000,2.0,141,22,6600,11.229,43.9,89052.5,1,1.994
D,4,45,5000,2.0,141,23,6900,13.096,56.1,76361.1,1,1.994
D,4,45,5000,2.0,141,24,7200,13.33,50.0,75018.8,1,1.994
D,4,45,5000,2.0,141,25,7500,12.633,49.5,79157.8,1,1.994
D,4,45,5000,2.0,141,26,7800,14.102,58.6,70910.2,1,1.994
D,4,45,5000,2.0,141,27,8100,14.576,62.6,68605.9,1,1.994
D,4,45,5000,2.0,141,28,8400,15.504,60.2,64499.5,1,1.994
D,4,45,5000,2.0,141,29,8700,14.788,65.7,67620.9,1,1.994
D,4,45,5000,2.0,141,30,9000,17.231,72.7,58034.9,1,1.994
D,4,45,5000,2.0,141,31,9300,7.515,27.8,133061.3,1,1.994
D,4,45,5000,2.0,141,32,9600,7.756,16.2,128938.0,1,1.994
D,4,45,5000,2.0,141,33,9900,10.439,22.2,95791.5,1,1.994
D,4,45,5000,2.0,141,34,10200,11.704,28.8,85440.9,1,1.994
D,4,45,5000,2.0,141,35,10500,14.459,36.8,69161.1,1,1.994
D,4,45,5000,2.0,141,36,10800,15.472,39.0,64631.5,1,1.994
D,4,45,5000,2.0,141,37,11100,18.186,47.1,54988.4,1,1.994
D,4,45,5000,2.0,141,38,11400,19.552,54.1,51146.5,1,1.994
D,4,45,5000,2.0,141,39,11700,23.642,59.6,42297.6,1,1.994
D,4,45,5000,2.0,141,40,12000,25.323,79.8,39490.3,1,1.994
D,4,45,5000,2.0,141,41,12300,15.861,69.6,63047.7,1,1.994
D,4,45,5000,2.0,141,42,12600,8.119,17.3,123172.9,1,1.994
D,4,45,5000,2.0,141,43,12900,9.243,26.2,108193.9,1,1.994
D,4,45,5000,2.0,141,44,13200,8.791,18.8,113757.0,1,1.994
D,4,45,5000,2.0,141,45,13500,8.851,20.1,112977.3,1,1.994
D,4,45,5000,2.0,141,46,13800,9.202,20.9,108676.0,1,1.994
D,4,45,5000,2.0,141,47,14100,9.316,22.9,107338.4,1,1.994
D,4,45,5000,2.0,141,48,14400,10.309,34.9,97005.7,1,1.994
D,4,45,5000,2.0,141,49,14700,10.59,25.7,94431.7,1,1.994
D,4,45,5000,2.0,141,50,15000,11.217,27.2,89147.7,1,1.994
D,4,45,25000,0.5,79,1,300,19.623,54.1,50959.7,1,0.4996
D,4,45,25000,0.5,79,2,600,16.496,56.1,60620.8,1,0.4996
D,4,45,25000,0.5,79,3,900,18.206,60.0,54926.9,1,0.4996
D,4,45,25000,0.5,79,4,1200,20.118,67.1,49706.7,1,0.4996
D,4,45,25000,0.5,79,5,1500,22.505,82.8,44435.2,1,0.4996
D,4,45,25000,0.5,79,6,1800,23.686,76.1,42219.0,1,0.4996
D,4,45,25000,0.5,79,7,2100,22.882,84.4,43701.8,1,0.4996
D,4,45,25000,0.5,79,8,2400,24.506,85.1,40805.8,1,0.4996
D,4,45,25000,0.5,79,9,2700,25.187,92.4,39702.5,1,0.4996
D,4,45,25000,0.5,79,10,3000,23.391,92.3,42752.1,1,0.4996
D,4,45,25000,0.5,79,11,3300,24.774,91.5,40365.4,1,0.4996
D,4,45,25000,0.5,79,12,3600,7.574,18.5,132024.8,1,0.4996
D,4,45,25000,0.5,79,13,3900,8.578,19.3,116581.8,1,0.4996
D,4,45,25000,0.5,79,14,4200,9.055,19.2,110436.2,1,0.4996
D,4,45,25000,0.5,79,15,4500,10.059,22.8,99410.2,1,0.4996
D,4,45,25000,0.5,79,16,4800,12.06,30.1,82918.7,1,0.4996
D,4,45,25000,0.5,79,17,5100,12.705,32.8,78711.2,1,0.4996
D,4,45,25000,0.5,79,18,5400,14.535,39.6,68797.9,1,0.4996
D,4,45,25000,0.5,79,19,5700,14.147,43.5,70684.7,1,0.4996
D,4,45,25000,0.5,79,20,6000,17.077,54.8,58558.3,1,0.4996
D,4,45,25000,0.5,79,21,6300,19.926,55.0,50185.7,1,0.4996
D,4,45,25000,0.5,79,22,6600,19.585,61.3,51059.5,1,0.4996
D,4,45,25000,0.5,79,23,6900,19.236,65.3,51985.0,1,0.4996
D,4,45,25000,0.5,79,24,7200,19.733,70.1,50677.4,1,0.4996
D,4,45,25000,0.5,79,25,7500,21.065,77.0,47472.9,1,0.4996
D,4,45,25000,0.5,79,26,7800,20.156,78.7,49612.2,1,0.4996
D,4,45,25000,0.5,79,27,8100,23.343,86.9,42840.0,1,0.4996
D,4,45,25000,0.5,79,28,8400,21.574,84.1,46352.8,1,0.4996
D,4,45,25000,0.5,79,29,8700,24.989,93.3,40017.1,1,0.4996
D,4,45,25000,0.5,79,30,9000,27.363,99.4,36545.3,1,0.4996
D,4,45,25000,0.5,79,31,9300,30.96,105.5,32299.4,1,0.4996
D,4,45,25000,0.5,79,32,9600,11.418,82.9,87583.6,1,0.4996
D,4,45,25000,0.5,79,33,9900,9.443,82.4,105902.3,1,0.4996
D,4,45,25000,0.5,79,34,10200,9.747,82.9,102599.2,1,0.4996
D,4,45,25000,0.5,79,35,10500,10.551,31.7,94780.7,1,0.4996
D,4,45,25000,0.5,79,36,10800,9.761,21.7,102448.5,1,0.4996
D,4,45,25000,0.5,79,37,11100,8.99,26.4,111238.8,1,0.4996
D,4,45,25000,0.5,79,38,11400,10.311,29.7,96983.8,1,0.4996
D,4,45,25000,0.5,79,39,11700,12.174,38.7,82142.3,1,0.4996
D,4,45,25000,0.5,79,40,12000,12.133,38.3,82419.8,1,0.4996
D,4,45,25000,0.5,79,41,12300,13.152,44.3,76032.1,1,0.4996
D,4,45,25000,0.5,79,42,12600,19.894,48.7,50267.3,1,0.4996
D,4,45,25000,0.5,79,43,12900,18.324,79.2,54573.2,1,0.4996
D,4,45,25000,0.5,79,44,13200,17.113,55.2,58434.0,1,0.4996
D,4,45,25000,0.5,79,45,13500,20.48,65.6,48827.3,1,0.4996
D,4,45,25000,0.5,79,46,13800,22.491,68.2,44462.9,1,0.4996
D,4,45,25000,0.5,79,47,14100,21.085,73.1,47427.8,1,0.4996
D,4,45,25000,0.5,79,48,14400,23.369,76.6,42792.3,1,0.4996
D,4,45,25000,0.5,79,49,14700,24.848,82.7,40245.2,1,0.4996
D,4,45,25000,0.5,79,50,15000,26.137,81.9,38259.4,1,0.4996
D,4,45,25000,0.75,118,1,300,16.707,50.9,59854.0,1,0.7463
D,4,45,25000,0.75,118,2,600,13.954,52.1,71664.1,1,0.7463
D,4,45,25000,0.75,118,3,900,15.682,54.2,63767.4,1,0.7463
D,4,45,25000,0.75,118,4,1200,18.939,64.0,52802.0,1,0.7463
D,4,45,25000,0.75,118,5,1500,19.152,68.6,52213.9,1,0.7463
D,4,45,25000,0.75,118,6,1800,26.418,92.8,37853.5,1,0.7463
D,4,45,25000,0.75,118,7,2100,20.986,78.3,47651.6,1,0.7463
D,4,45,25000,0.75,118,8,2400,23.039,81.8,43404.0,1,0.7463
D,4,45,25000,0.75,118,9,2700,23.168,85.2,43163.6,1,0.7463
D,4,45,25000,0.75,118,10,3000,24.564,88.2,40710.5,1,0.7463
D,4,45,25000,0.75,118,11,3300,21.185,83.2,47202.5,1,0.7463
D,4,45,25000,0.75,118,12,3600,7.355,20.3,135955.8,1,0.7463
D,4,45,25000,0.75,118,13,3900,8.466,21.1,118124.2,1,0.7463
D,4,45,25000,0.75,118,14,4200,8.774,19.7,113973.1,1,0.7463
D,4,45,25000,0.75,118,15,4500,10.248,30.8,97580.0,1,0.7463
D,4,45,25000,0.75,118,16,4800,10.192,27.8,98119.4,1,0.7463
D,4,45,25000,0.75,118,17,5100,12.194,32.1,82005.3,1,0.7463
D,4,45,25000,0.75,118,18,5400,13.376,38.4,74758.9,1,0.7463
D,4,45,25000,0.75,118,19,5700,13.768,43.5,72632.2,1,0.7463
D,4,45,25000,0.75,118,20,6000,15.231,46.7,65654.1,1,0.7463
D,4,45,25000,0.75,118,21,6300,16.241,53.7,61573.8,1,0.7463
D,4,45,25000,0.75,118,22,6600,17.334,68.6,57690.1,1,0.7463
D,4,45,25000,0.75,118,23,6900,16.844,60.4,59368.3,1,0.7463
D,4,45,25000,0.75,118,24,7200,18.128,64.4,55164.3,1,0.7463
D,4,45,25000,0.75,118,25,7500,19.784,73.1,50545.9,1,0.7463
D,4,45,25000,0.75,118,26,7800,20.332,73.7,49184.4,1,0.7463
D,4,45,25000,0.75,118,27,8100,24.189,79.9,41341.1,1,0.7463
D,4,45,25000,0.75,118,28,8400,22.083,80.6,45284.4,1,0.7463
D,4,45,25000,0.75,118,29,8700,24.089,92.4,41512.7,1,0.7463
D,4,45,25000,0.75,118,30,9000,26.542,95.7,37675.7,1,0.7463
D,4,45,25000,0.75,118,31,9300,25.101,99.5,39838.5,1,0.7463
D,4,45,25000,0.75,118,32,9600,8.514,42.2,117453.6,1,0.7463
D,4,45,25000,0.75,118,33,9900,8.47,42.5,118068.4,1,0.7463
D,4,45,25000,0.75,118,34,10200,8.624,43.6,115951.0,1,0.7463
D,4,45,25000,0.75,118,35,10500,8.903,22.2,112317.5,1,0.7463
D,4,45,25000,0.75,118,36,10800,11.318,36.7,88354.8,1,0.7463
D,4,45,25000,0.75,118,37,11100,9.177,29.7,108972.0,1,0.7463
D,4,45,25000,0.75,118,38,11400,11.116,39.8,89957.7,1,0.7463
D,4,45,25000,0.75,118,39,11700,12.148,38.4,82318.1,1,0.7463
D,4,45,25000,0.75,118,40,12000,14.502,54.0,68954.4,1,0.7463
D,4,45,25000,0.75,118,41,12300,14.551,48.0,68723.8,1,0.7463
D,4,45,25000,0.75,118,42,12600,20.083,53.1,49792.5,1,0.7463
D,4,45,25000,0.75,118,43,12900,20.073,58.4,49817.3,1,0.7463
D,4,45,25000,0.75,118,44,13200,17.999,59.1,55557.6,1,0.7463
D,4,45,25000,0.75,118,45,13500,21.865,70.0,45735.9,1,0.7463
D,4,45,25000,0.75,118,46,13800,23.581,73.6,42406.4,1,0.7463
D,4,45,25000,0.75,118,47,14100,23.02,79.0,43440.5,1,0.7463
D,4,45,25000,0.75,118,48,14400,24.167,80.0,41378.2,1,0.7463
D,4,45,25000,0.75,118,49,14700,27.727,88.6,36066.4,1,0.7463
D,4,45,25000,0.75,118,50,15000,27.245,88.6,36704.0,1,0.7463
D,4,45,25000,1.0,158,1,300,9.851,18.6,101509.1,1,0.9993
D,4,45,25000,1.0,158,2,600,6.567,16.0,152268.7,1,0.9993
D,4,45,25000,1.0,158,3,900,6.397,14.4,156331.5,1,0.9993
D,4,45,25000,1.0,158,4,1200,7.029,16.4,142267.8,1,0.9993
D,4,45,25000,1.0,158,5,1500,7.036,16.7,142132.9,1,0.9993
D,4,45,25000,1.0,158,6,1800,7.915,18.2,126337.1,1,0.9993
D,4,45,25000,1.0,158,7,2100,7.981,19.4,125292.3,1,0.9993
D,4,45,25000,1.0,158,8,2400,8.956,31.0,111652.8,1,0.9993
D,4,45,25000,1.0,158,9,2700,8.661,20.4,115464.5,1,0.9993
D,4,45,25000,1.0,158,10,3000,8.766,21.5,114081.5,1,0.9993
D,4,45,25000,1.0,158,11,3300,15.214,50.4,65727.5,1,0.9993
D,4,45,25000,1.0,158,12,3600,10.308,23.8,97015.2,1,0.9993
D,4,45,25000,1.0,158,13,3900,9.891,25.8,101102.0,1,0.9993
D,4,45,25000,1.0,158,14,4200,9.944,25.8,100566.5,1,0.9993
D,4,45,25000,1.0,158,15,4500,10.491,25.0,95322.8,1,0.9993
D,4,45,25000,1.0,158,16,4800,10.741,26.3,93104.1,1,0.9993
D,4,45,25000,1.0,158,17,5100,11.958,30.5,83628.3,1,0.9993
D,4,45,25000,1.0,158,18,5400,12.106,48.8,82605.9,1,0.9993
D,4,45,25000,1.0,158,19,5700,11.49,30.6,87032.2,1,0.9993
D,4,45,25000,1.0,158,20,6000,12.494,31.8,80036.3,1,0.9993
D,4,45,25000,1.0,158,21,6300,16.739,35.9,59741.9,1,0.9993
D,4,45,25000,1.0,158,22,6600,13.206,33.3,75721.3,1,0.9993
D,4,45,25000,1.0,158,23,6900,13.302,35.1,75178.5,1,0.9993
D,4,45,25000,1.0,158,24,7200,14.373,52.0,69576.5,1,0.9993
D,4,45,25000,1.0,158,25,7500,13.96,37.9,71634.9,1,0.9993
D,4,45,25000,1.0,158,26,7800,14.013,36.1,71364.0,1,0.9993
D,4,45,25000,1.0,158,27,8100,15.277,41.6,65457.9,1,0.9993
D,4,45,25000,1.0,158,28,8400,15.851,43.7,63087.5,1,0.9993
D,4,45,25000,1.0,158,29,8700,15.437,43.0,64780.8,1,0.9993
D,4,45,25000,1.0,158,30,9000,16.65,43.2,60060.1,1,0.9993
D,4,45,25000,1.0,158,31,9300,19.424,49.9,51483.6,1,0.9993
D,4,45,25000,1.0,158,32,9600,8.351,44.2,119750.9,1,0.9993
D,4,45,25000,1.0,158,33,9900,9.06,43.0,110371.2,1,0.9993
D,4,45,25000,1.0,158,34,10200,8.437,42.8,118525.6,1,0.9993
D,4,45,25000,1.0,158,35,10500,10.053,31.9,99476.1,1,0.9993
D,4,45,25000,1.0,158,36,10800,9.383,31.0,106575.7,1,0.9993
D,4,45,25000,1.0,158,37,11100,11.491,35.1,87022.1,1,0.9993
D,4,45,25000,1.0,158,38,11400,13.305,38.6,75159.7,1,0.9993
D,4,45,25000,1.0,158,39,11700,15.648,53.1,63907.3,1,0.9993
D,4,45,25000,1.0,158,40,12000,16.031,50.6,62377.8,1,0.9993
D,4,45,25000,1.0,158,41,12300,17.634,56.7,56708.6,1,0.9993
D,4,45,25000,1.0,158,42,12600,24.553,65.8,40728.8,1,0.9993
D,4,45,25000,1.0,158,43,12900,22.92,66.2,43629.4,1,0.9993
D,4,45,25000,1.0,158,44,13200,21.649,71.1,46192.2,1,0.9993
D,4,45,25000,1.0,158,45,13500,25.74,77.6,38850.5,1,0.9993
D,4,45,25000,1.0,158,46,13800,29.157,87.7,34297.1,1,0.9993
D,4,45,25000,1.0,158,47,14100,28.015,93.4,35695.2,1,0.9993
D,4,45,25000,1.0,158,48,14400,31.542,101.7,31703.4,1,0.9993
D,4,45,25000,1.0,158,49,14700,32.434,103.7,30831.5,1,0.9993
D,4,45,25000,1.0,158,50,15000,33.542,102.1,29813.7,1,0.9993
D,4,45,25000,1.01,159,1,300,17.969,47.7,55652.4,1,1.0056
D,4,45,25000,1.01,159,2,600,14.398,50.1,69454.1,1,1.0056
D,4,45,25000,1.01,159,3,900,16.182,55.5,61797.1,1,1.0056
D,4,45,25000,1.01,159,4,1200,18.157,59.1,55074.2,1,1.0056
D,4,45,25000,1.01,159,5,1500,18.818,65.3,53140.6,1,1.0056
D,4,45,25000,1.01,159,6,1800,21.412,81.2,46702.8,1,1.0056
D,4,45,25000,1.01,159,7,2100,20.074,74.0,49815.7,1,1.0056
D,4,45,25000,1.01,159,8,2400,22.51,81.6,44425.4,1,1.0056
D,4,45,25000,1.01,159,9,2700,22.948,81.5,43576.2,1,1.0056
D,4,45,25000,1.01,159,10,3000,22.861,84.5,43742.6,1,1.0056
D,4,45,25000,1.01,159,11,3300,23.44,94.7,42662.7,1,1.0056
D,4,45,25000,1.01,159,12,3600,8.235,27.8,121437.8,1,1.0056
D,4,45,25000,1.01,159,13,3900,8.82,20.7,113374.4,1,1.0056
D,4,45,25000,1.01,159,14,4200,8.19,22.3,122100.1,1,1.0056
D,4,45,25000,1.01,159,15,4500,7.333,19.6,136376.0,1,1.0056
D,4,45,25000,1.01,159,16,4800,8.166,22.7,122459.0,1,1.0056
D,4,45,25000,1.01,159,17,5100,10.023,26.3,99770.5,1,1.0056
D,4,45,25000,1.01,159,18,5400,12.036,45.6,83084.1,1,1.0056
D,4,45,25000,1.01,159,19,5700,13.001,39.3,76915.2,1,1.0056
D,4,45,25000,1.01,159,20,6000,13.601,38.4,73525.8,1,1.0056
D,4,45,25000,1.01,159,21,6300,18.001,44.7,55552.5,1,1.0056
D,4,45,25000,1.01,159,22,6600,16.973,50.3,58917.1,1,1.0056
D,4,45,25000,1.01,159,23,6900,17.516,50.6,57091.8,1,1.0056
D,4,45,25000,1.01,159,24,7200,18.551,53.4,53906.4,1,1.0056
D,4,45,25000,1.01,159,25,7500,19.868,61.0,50332.2,1,1.0056
D,4,45,25000,1.01,159,26,7800,20.192,61.1,49525.4,1,1.0056
D,4,45,25000,1.01,159,27,8100,16.844,64.1,59368.3,1,1.0056
D,4,45,25000,1.01,159,28,8400,15.234,70.0,65642.6,1,1.0056
D,4,45,25000,1.01,159,29,8700,16.75,73.3,59701.5,1,1.0056
D,4,45,25000,1.01,159,30,9000,20.353,87.1,49133.6,1,1.0056
D,4,45,25000,1.01,159,31,9300,24.372,83.0,41030.1,1,1.0056
D,4,45,25000,1.01,159,32,9600,14.879,46.1,67207.3,1,1.0056
D,4,45,25000,1.01,159,33,9900,12.97,47.0,77103.0,1,1.0056
D,4,45,25000,1.01,159,34,10200,8.708,43.7,114841.3,1,1.0056
D,4,45,25000,1.01,159,35,10500,8.576,22.7,116604.5,1,1.0056
D,4,45,25000,1.01,159,36,10800,8.494,20.2,117725.5,1,1.0056
D,4,45,25000,1.01,159,37,11100,7.651,20.7,130696.2,1,1.0056
D,4,45,25000,1.01,159,38,11400,9.635,27.8,103788.3,1,1.0056
D,4,45,25000,1.01,159,39,11700,9.625,21.8,103896.1,1,1.0056
D,4,45,25000,1.01,159,40,12000,12.412,25.1,80567.2,1,1.0056
D,4,45,25000,1.01,159,41,12300,10.7,28.7,93458.0,1,1.0056
D,4,45,25000,1.01,159,42,12600,15.988,38.0,62546.9,1,1.0056
D,4,45,25000,1.01,159,43,12900,12.558,34.0,79632.6,1,1.0056
D,4,45,25000,1.01,159,44,13200,11.874,36.2,84215.3,1,1.0056
D,4,45,25000,1.01,159,45,13500,13.883,39.5,72032.3,1,1.0056
D,4,45,25000,1.01,159,46,13800,16.134,45.9,61982.2,1,1.0056
D,4,45,25000,1.01,159,47,14100,15.762,49.9,63443.7,1,1.0056
D,4,45,25000,1.01,159,48,14400,15.799,48.1,63296.5,1,1.0056
D,4,45,25000,1.01,159,49,14700,17.571,59.8,56913.0,1,1.0056
D,4,45,25000,1.01,159,50,15000,17.732,52.1,56395.2,1,1.0056
D,4,45,25000,1.25,197,1,300,25.142,71.4,39773.6,1,1.2459
D,4,45,25000,1.25,197,2,600,25.25,76.9,39604.0,1,1.2459
D,4,45,25000,1.25,197,3,900,25.515,78.4,39192.1,1,1.2459
D,4,45,25000,1.25,197,4,1200,30.459,91.6,32831.4,1,1.2459
D,4,45,25000,1.25,197,5,1500,30.889,96.4,32374.0,1,1.2459
D,4,45,25000,1.25,197,6,1800,35.366,102.3,28275.7,1,1.2459
D,4,45,25000,1.25,197,7,2100,35.356,122.8,28283.7,1,1.2459
D,4,45,25000,1.25,197,8,2400,60.487,197.4,16532.4,1,1.2459
D,4,45,25000,1.25,197,9,2700,37.463,121.6,26693.0,1,1.2459
D,4,45,25000,1.25,197,10,3000,38.812,124.0,25765.2,1,1.2459
D,4,45,25000,1.25,197,11,3300,25.201,120.4,39681.5,1,1.2459
D,4,45,25000,1.25,197,12,3600,7.844,23.4,127486.0,1,1.2459
D,4,45,25000,1.25,197,13,3900,9.698,21.0,103117.6,1,1.2459
D,4,45,25000,1.25,197,14,4200,10.992,26.3,90975.3,1,1.2459
D,4,45,25000,1.25,197,15,4500,14.262,33.4,70116.4,1,1.2459
D,4,45,25000,1.25,197,16,4800,14.247,40.2,70191.9,1,1.2459
D,4,45,25000,1.25,197,17,5100,18.432,55.6,54254.5,1,1.2459
D,4,45,25000,1.25,197,18,5400,19.931,51.8,50172.3,1,1.2459
D,4,45,25000,1.25,197,19,5700,20.721,60.5,48260.2,1,1.2459
D,4,45,25000,1.25,197,20,6000,24.235,72.8,41262.1,1,1.2459
D,4,45,25000,1.25,197,21,6300,13.977,59.8,71546.1,1,1.2459
D,4,45,25000,1.25,197,22,6600,7.544,22.2,132561.5,1,1.2459
D,4,45,25000,1.25,197,23,6900,7.424,20.1,134698.3,1,1.2459
D,4,45,25000,1.25,197,24,7200,8.926,22.5,112032.3,1,1.2459
D,4,45,25000,1.25,197,25,7500,8.492,21.3,117762.5,1,1.2459
D,4,45,25000,1.25,197,26,7800,8.562,21.8,116795.2,1,1.2459
D,4,45,25000,1.25,197,27,8100,8.611,22.2,116126.1,1,1.2459
D,4,45,25000,1.25,197,28,8400,9.212,23.3,108558.0,1,1.2459
D,4,45,25000,1.25,197,29,8700,10.066,26.8,99347.6,1,1.2459
D,4,45,25000,1.25,197,30,9000,10.1,25.8,99013.2,1,1.2459
D,4,45,25000,1.25,197,31,9300,14.381,34.1,69537.8,1,1.2459
D,4,45,25000,1.25,197,32,9600,6.312,16.5,158428.4,1,1.2459
D,4,45,25000,1.25,197,33,9900,5.401,25.3,185162.4,1,1.2459
D,4,45,25000,1.25,197,34,10200,6.468,27.2,154599.3,1,1.2459
D,4,45,25000,1.25,197,35,10500,8.068,21.8,123941.3,1,1.2459
D,4,45,25000,1.25,197,36,10800,9.728,24.3,102796.0,1,1.2459
D,4,45,25000,1.25,197,37,11100,13.06,33.8,76569.7,1,1.2459
D,4,45,25000,1.25,197,38,11400,14.545,37.4,68753.7,1,1.2459
D,4,45,25000,1.25,197,39,11700,16.735,44.7,59753.8,1,1.2459
D,4,45,25000,1.25,197,40,12000,18.325,50.0,54571.3,1,1.2459
D,4,45,25000,1.25,197,41,12300,21.642,64.3,46206.4,1,1.2459
D,4,45,25000,1.25,197,42,12600,26.007,64.2,38450.7,1,1.2459
D,4,45,25000,1.25,197,43,12900,28.154,85.3,35518.9,1,1.2459
D,4,45,25000,1.25,197,44,13200,27.184,75.7,36786.3,1,1.2459
D,4,45,25000,1.25,197,45,13500,33.002,87.5,30301.2,1,1.2459
D,4,45,25000,1.25,197,46,13800,34.58,101.4,28918.2,1,1.2459
D,4,45,25000,1.25,197,47,14100,34.58,102.5,28918.7,1,1.2459
D,4,45,25000,1.25,197,48,14400,39.515,107.3,25306.6,1,1.2459
D,4,45,25000,1.25,197,49,14700,39.942,125.4,25036.3,1,1.2459
D,4,45,25000,1.25,197,50,15000,46.234,126.9,21629.1,1,1.2459
D,4,45,25000,1.5,237,1,300,23.177,69.9,43145.6,1,1.4989
D,4,45,25000,1.5,237,2,600,21.19,69.9,47192.8,1,1.4989
D,4,45,25000,1.5,237,3,900,22.38,74.4,44682.8,1,1.4989
D,4,45,25000,1.5,237,4,1200,26.443,85.7,37816.7,1,1.4989
D,4,45,25000,1.5,237,5,1500,27.531,91.2,36322.7,1,1.4989
D,4,45,25000,1.5,237,6,1800,31.337,94.3,31911.2,1,1.4989
D,4,45,25000,1.5,237,7,2100,29.234,102.3,34206.4,1,1.4989
D,4,45,25000,1.5,237,8,2400,32.603,105.2,30672.3,1,1.4989
D,4,45,25000,1.5,237,9,2700,35.115,121.9,28477.6,1,1.4989
D,4,45,25000,1.5,237,10,3000,35.629,117.2,28067.3,1,1.4989
D,4,45,25000,1.5,237,11,3300,44.825,129.9,22309.0,1,1.4989
D,4,45,25000,1.5,237,12,3600,39.063,129.2,25599.7,1,1.4989
D,4,45,25000,1.5,237,13,3900,38.599,135.5,25907.4,1,1.4989
D,4,45,25000,1.5,237,14,4200,39.828,136.1,25108.2,1,1.4989
D,4,45,25000,1.5,237,15,4500,41.993,146.3,23813.7,1,1.4989
D,4,45,25000,1.5,237,16,4800,39.717,153.4,25177.9,1,1.4989
D,4,45,25000,1.5,237,17,5100,49.044,153.0,20389.7,1,1.4989
D,4,45,25000,1.5,237,18,5400,48.711,159.6,20529.1,1,1.4989
D,4,45,25000,1.5,237,19,5700,48.213,171.0,20741.4,1,1.4989
D,4,45,25000,1.5,237,20,6000,52.141,173.8,19178.8,1,1.4989
D,4,45,25000,1.5,237,21,6300,55.139,193.0,18136.1,1,1.4989
D,4,45,25000,1.5,237,22,6600,57.242,200.8,17469.6,1,1.4989
D,4,45,25000,1.5,237,23,6900,57.678,195.5,17337.7,1,1.4989
D,4,45,25000,1.5,237,24,7200,57.885,204.4,17275.5,1,1.4989
D,4,45,25000,1.5,237,25,7500,60.703,208.5,16473.7,1,1.4989
D,4,45,25000,1.5,237,26,7800,60.822,213.5,16441.4,1,1.4989
D,4,45,25000,1.5,237,27,8100,68.205,215.1,14661.7,1,1.4989
D,4,45,25000,1.5,237,28,8400,63.063,214.0,15857.1,1,1.4989
D,4,45,25000,1.5,237,29,8700,68.277,226.6,14646.2,1,1.4989
D,4,45,25000,1.5,237,30,9000,74.908,235.5,13349.6,1,1.4989
D,4,45,25000,1.5,237,31,9300,48.617,241.0,20568.8,1,1.4989
D,4,45,25000,1.5,237,32,9600,8.874,34.5,112684.5,1,1.4989
D,4,45,25000,1.5,237,33,9900,9.941,27.9,100590.1,1,1.4989
D,4,45,25000,1.5,237,34,10200,11.161,28.2,89597.7,1,1.4989
D,4,45,25000,1.5,237,35,10500,12.921,31.1,77393.4,1,1.4989
D,4,45,25000,1.5,237,36,10800,15.273,48.9,65476.4,1,1.4989
D,4,45,25000,1.5,237,37,11100,15.396,44.4,64953.3,1,1.4989
D,4,45,25000,1.5,237,38,11400,16.83,45.7,59417.7,1,1.4989
D,4,45,25000,1.5,237,39,11700,19.225,54.7,52015.6,1,1.4989
D,4,45,25000,1.5,237,40,12000,19.25,59.2,51949.0,1,1.4989
D,4,45,25000,1.5,237,41,12300,21.585,72.6,46328.5,1,1.4989
D,4,45,25000,1.5,237,42,12600,27.814,71.4,35953.1,1,1.4989
D,4,45,25000,1.5,237,43,12900,27.444,78.1,36438.3,1,1.4989
D,4,45,25000,1.5,237,44,13200,24.448,80.8,40902.6,1,1.4989
D,4,45,25000,1.5,237,45,13500,31.382,88.6,31865.7,1,1.4989
D,4,45,25000,1.5,237,46,13800,32.42,97.7,30844.8,1,1.4989
D,4,45,25000,1.5,237,47,14100,32.859,106.2,30433.4,1,1.4989
D,4,45,25000,1.5,237,48,14400,34.61,107.4,28893.4,1,1.4989
D,4,45,25000,1.5,237,49,14700,36.484,117.3,27409.0,1,1.4989
D,4,45,25000,1.5,237,50,15000,38.371,122.6,26061.1,1,1.4989
D,4,45,25000,2.0,316,1,300,22.07,62.0,45309.7,1,1.9986
D,4,45,25000,2.0,316,2,600,18.184,56.1,54993.4,1,1.9986
D,4,45,25000,2.0,316,3,900,20.632,59.1,48468.4,1,1.9986
D,4,45,25000,2.0,316,4,1200,22.81,67.0,43841.1,1,1.9986
D,4,45,25000,2.0,316,5,1500,24.131,76.0,41440.5,1,1.9986
D,4,45,25000,2.0,316,6,1800,25.691,80.9,38923.6,1,1.9986
D,4,45,25000,2.0,316,7,2100,25.398,88.6,39372.7,1,1.9986
D,4,45,25000,2.0,316,8,2400,26.91,84.2,37161.4,1,1.9986
D,4,45,25000,2.0,316,9,2700,27.995,94.5,35721.1,1,1.9986
D,4,45,25000,2.0,316,10,3000,29.323,91.7,34102.5,1,1.9986
D,4,45,25000,2.0,316,11,3300,24.27,84.6,41203.1,1,1.9986
D,4,45,25000,2.0,316,12,3600,7.232,24.9,138274.3,1,1.9986
D,4,45,25000,2.0,316,13,3900,8.859,24.4,112875.3,1,1.9986
D,4,45,25000,2.0,316,14,4200,9.772,24.3,102336.7,1,1.9986
D,4,45,25000,2.0,316,15,4500,11.937,30.0,83775.5,1,1.9986
D,4,45,25000,2.0,316,16,4800,12.575,35.3,79525.0,1,1.9986
D,4,45,25000,2.0,316,17,5100,14.924,40.2,67006.2,1,1.9986
D,4,45,25000,2.0,316,18,5400,16.172,44.7,61836.5,1,1.9986
D,4,45,25000,2.0,316,19,5700,17.277,54.6,57879.3,1,1.9986
D,4,45,25000,2.0,316,20,6000,19.358,61.0,51658.2,1,1.9986
D,4,45,25000,2.0,316,21,6300,24.234,106.1,41264.9,1,1.9986
D,4,45,25000,2.0,316,22,6600,22.864,70.4,43736.9,1,1.9986
D,4,45,25000,2.0,316,23,6900,24.353,79.9,41062.1,1,1.9986
D,4,45,25000,2.0,316,24,7200,25.16,82.1,39745.1,1,1.9986
D,4,45,25000,2.0,316,25,7500,27.509,89.2,36351.7,1,1.9986
D,4,45,25000,2.0,316,26,7800,27.785,92.9,35990.2,1,1.9986
D,4,45,25000,2.0,316,27,8100,32.491,100.4,30777.8,1,1.9986
D,4,45,25000,2.0,316,28,8400,31.228,102.8,32022.2,1,1.9986
D,4,45,25000,2.0,316,29,8700,32.897,112.1,30398.2,1,1.9986
D,4,45,25000,2.0,316,30,9000,37.897,121.4,26387.1,1,1.9986
D,4,45,25000,2.0,316,31,9300,31.965,127.7,31284.5,1,1.9986
D,4,45,25000,2.0,316,32,9600,8.3,30.1,120486.8,1,1.9986
D,4,45,25000,2.0,316,33,9900,8.587,31.4,116450.6,1,1.9986
D,4,45,25000,2.0,316,34,10200,9.267,26.9,107909.8,1,1.9986
D,4,45,25000,2.0,316,35,10500,10.045,28.9,99555.3,1,1.9986
D,4,45,25000,2.0,316,36,10800,11.393,31.6,87773.2,1,1.9986
D,4,45,25000,2.0,316,37,11100,9.91,29.5,100908.2,1,1.9986
D,4,45,25000,2.0,316,38,11400,14.522,34.6,68861.0,1,1.9986
D,4,45,25000,2.0,316,39,11700,12.158,37.1,82248.1,1,1.9986
D,4,45,25000,2.0,316,40,12000,13.469,44.7,74246.4,1,1.9986
D,4,45,25000,2.0,316,41,12300,13.994,47.8,71457.5,1,1.9986
D,4,45,25000,2.0,316,42,12600,20.006,52.6,49985.0,1,1.9986
D,4,45,25000,2.0,316,43,12900,19.274,55.7,51884.3,1,1.9986
D,4,45,25000,2.0,316,44,13200,17.685,58.3,56546.2,1,1.9986
D,4,45,25000,2.0,316,45,13500,21.6,64.6,46297.0,1,1.9986
D,4,45,25000,2.0,316,46,13800,23.403,71.6,42730.2,1,1.9986
D,4,45,25000,2.0,316,47,14100,22.263,76.8,44916.9,1,1.9986
D,4,45,25000,2.0,316,48,14400,24.784,79.4,40348.1,1,1.9986
D,4,45,25000,2.0,316,49,14700,26.441,86.8,37819.6,1,1.9986
D,4,45,25000,2.0,316,50,15000,27.164,83.4,36813.9,1,1.9986
D,4,45,100000,0.5,158,1,300,36.791,168.5,27180.6,1,0.4996
D,4,45,100000,0.5,158,2,600,12.455,126.2,80291.2,1,0.4996
D,4,45,100000,0.5,158,3,900,9.834,34.8,101688.0,1,0.4996
D,4,45,100000,0.5,158,4,1200,11.453,35.1,87313.4,1,0.4996
D,4,45,100000,0.5,158,5,1500,12.277,39.9,81450.9,1,0.4996
D,4,45,100000,0.5,158,6,1800,12.856,35.0,77784.7,1,0.4996
D,4,45,100000,0.5,158,7,2100,12.641,33.9,79105.6,1,0.4996
D,4,45,100000,0.5,158,8,2400,15.262,66.8,65520.8,1,0.4996
D,4,45,100000,0.5,158,9,2700,14.224,41.4,70302.1,1,0.4996
D,4,45,100000,0.5,158,10,3000,27.137,45.0,36849.6,1,0.4996
D,4,45,100000,0.5,158,11,3300,16.221,49.8,61649.7,1,0.4996
D,4,45,100000,0.5,158,12,3600,15.038,52.2,66496.7,1,0.4996
D,4,45,100000,0.5,158,13,3900,15.303,55.4,65348.1,1,0.4996
D,4,45,100000,0.5,158,14,4200,17.136,60.9,58356.7,1,0.4996
D,4,45,100000,0.5,158,15,4500,16.815,63.4,59470.7,1,0.4996
D,4,45,100000,0.5,158,16,4800,19.314,69.3,51775.9,1,0.4996
D,4,45,100000,0.5,158,17,5100,21.2,75.3,47170.6,1,0.4996
D,4,45,100000,0.5,158,18,5400,22.59,76.8,44266.7,1,0.4996
D,4,45,100000,0.5,158,19,5700,20.928,89.0,47782.1,1,0.4996
D,4,45,100000,0.5,158,20,6000,25.028,84.8,39955.3,1,0.4996
D,4,45,100000,0.5,158,21,6300,30.057,135.8,33270.5,1,0.4996
D,4,45,100000,0.5,158,22,6600,9.379,36.1,106625.0,1,0.4996
D,4,45,100000,0.5,158,23,6900,11.842,65.3,84445.2,1,0.4996
D,4,45,100000,0.5,158,24,7200,20.535,124.8,48698.1,1,0.4996
D,4,45,100000,0.5,158,25,7500,8.053,125.7,124177.3,1,0.4996
D,4,45,100000,0.5,158,26,7800,9.115,19.5,109705.3,1,0.4996
D,4,45,100000,0.5,158,27,8100,11.297,24.7,88521.7,1,0.4996
D,4,45,100000,0.5,158,28,8400,13.701,31.5,72989.2,1,0.4996
D,4,45,100000,0.5,158,29,8700,14.709,37.2,67987.1,1,0.4996
D,4,45,100000,0.5,158,30,9000,16.318,44.7,61283.3,1,0.4996
D,4,45,100000,0.5,158,31,9300,20.615,44.3,48507.6,1,0.4996
D,4,45,100000,0.5,158,32,9600,7.36,20.8,135869.6,1,0.4996
D,4,45,100000,0.5,158,33,9900,7.713,21.5,129656.9,1,0.4996
D,4,45,100000,0.5,158,34,10200,8.307,25.3,120375.6,1,0.4996
D,4,45,100000,0.5,158,35,10500,8.437,22.3,118530.2,1,0.4996
D,4,45,100000,0.5,158,36,10800,9.716,33.2,102919.5,1,0.4996
D,4,45,100000,0.5,158,37,11100,9.654,22.7,103584.0,1,0.4996
D,4,45,100000,0.5,158,38,11400,10.194,24.7,98096.9,1,0.4996
D,4,45,100000,0.5,158,39,11700,10.052,23.2,99479.4,1,0.4996
D,4,45,100000,0.5,158,40,12000,29.425,24.3,33984.7,1,0.4996
D,4,45,100000,0.5,158,41,12300,6.877,31.6,145405.2,1,0.4996
D,4,45,100000,0.5,158,42,12600,6.055,25.9,165143.7,1,0.4996
D,4,45,100000,0.5,158,43,12900,7.349,27.9,136072.9,1,0.4996
D,4,45,100000,0.5,158,44,13200,10.581,42.9,94512.0,1,0.4996
D,4,45,100000,0.5,158,45,13500,12.765,28.3,78341.3,1,0.4996
D,4,45,100000,0.5,158,46,13800,13.602,32.3,73520.4,1,0.4996
D,4,45,100000,0.5,158,47,14100,15.746,40.5,63506.9,1,0.4996
D,4,45,100000,0.5,158,48,14400,19.426,47.1,51476.5,1,0.4996
D,4,45,100000,0.5,158,49,14700,20.233,52.0,49424.2,1,0.4996
D,4,45,100000,0.5,158,50,15000,14.838,57.6,67393.0,1,0.4996
D,4,45,100000,0.75,237,1,300,29.546,89.0,33845.9,1,0.7495
D,4,45,100000,0.75,237,2,600,10.781,80.9,92752.9,1,0.7495
D,4,45,100000,0.75,237,3,900,11.285,27.3,88610.6,1,0.7495
D,4,45,100000,0.75,237,4,1200,13.678,34.4,73108.3,1,0.7495
D,4,45,100000,0.75,237,5,1500,16.199,40.6,61733.5,1,0.7495
D,4,45,100000,0.75,237,6,1800,17.131,42.4,58372.6,1,0.7495
D,4,45,100000,0.75,237,7,2100,19.033,51.9,52539.4,1,0.7495
D,4,45,100000,0.75,237,8,2400,23.571,59.9,42425.0,1,0.7495
D,4,45,100000,0.75,237,9,2700,24.217,65.4,41293.3,1,0.7495
D,4,45,100000,0.75,237,10,3000,43.315,72.9,23086.7,1,0.7495
D,4,45,100000,0.75,237,11,3300,7.132,25.5,140219.7,1,0.7495
D,4,45,100000,0.75,237,12,3600,8.501,30.2,117637.8,1,0.7495
D,4,45,100000,0.75,237,13,3900,7.561,21.2,132251.8,1,0.7495
D,4,45,100000,0.75,237,14,4200,7.551,24.0,132426.9,1,0.7495
D,4,45,100000,0.75,237,15,4500,7.96,25.6,125633.4,1,0.7495
D,4,45,100000,0.75,237,16,4800,10.465,89.6,95556.6,1,0.7495
D,4,45,100000,0.75,237,17,5100,144.424,81.3,6924.0,1,0.7495
D,4,45,100000,0.75,237,18,5400,11.112,84.0,89990.1,1,0.7495
D,4,45,100000,0.75,237,19,5700,12.585,35.5,79461.8,1,0.7495
D,4,45,100000,0.75,237,20,6000,15.621,37.3,64017.8,1,0.7495
D,4,45,100000,0.75,237,21,6300,30.285,60.6,33020.0,1,0.7495
D,4,45,100000,0.75,237,22,6600,9.827,75.2,101760.5,1,0.7495
D,4,45,100000,0.75,237,23,6900,9.947,48.6,100532.8,1,0.7495
D,4,45,100000,0.75,237,24,7200,10.149,39.0,98531.9,1,0.7495
D,4,45,100000,0.75,237,25,7500,10.514,37.8,95114.3,1,0.7495
D,4,45,100000,0.75,237,26,7800,11.371,45.3,87945.6,1,0.7495
D,4,45,100000,0.75,237,27,8100,11.146,41.5,89718.3,1,0.7495
D,4,45,100000,0.75,237,28,8400,9.813,40.4,101909.1,1,0.7495
D,4,45,100000,0.75,237,29,8700,10.192,38.0,98112.9,1,0.7495
D,4,45,100000,0.75,237,30,9000,10.076,38.4,99249.0,1,0.7495
D,4,45,100000,0.75,237,31,9300,21.57,41.9,46361.4,1,0.7495
D,4,45,100000,0.75,237,32,9600,7.75,33.0,129032.3,1,0.7495
D,4,45,100000,0.75,237,33,9900,9.119,37.5,109657.1,1,0.7495
D,4,45,100000,0.75,237,34,10200,8.957,35.1,111644.5,1,0.7495
D,4,45,100000,0.75,237,35,10500,8.992,43.4,111214.1,1,0.7495
D,4,45,100000,0.75,237,36,10800,7.947,35.4,125833.6,1,0.7495
D,4,45,100000,0.75,237,37,11100,9.939,34.4,100613.7,1,0.7495
D,4,45,100000,0.75,237,38,11400,10.91,36.4,91659.0,1,0.7495
D,4,45,100000,0.75,237,39,11700,12.498,35.2,80010.7,1,0.7495
D,4,45,100000,0.75,237,40,12000,34.257,44.3,29190.8,1,0.7495
D,4,45,100000,0.75,237,41,12300,15.212,76.8,65737.6,1,0.7495
D,4,45,100000,0.75,237,42,12600,13.583,42.7,73623.3,1,0.7495
D,4,45,100000,0.75,237,43,12900,13.292,42.2,75231.3,1,0.7495
D,4,45,100000,0.75,237,44,13200,8.675,36.4,115278.2,1,0.7495
D,4,45,100000,0.75,237,45,13500,5.854,18.9,170813.6,1,0.7495
D,4,45,100000,0.75,237,46,13800,7.237,20.6,138185.2,1,0.7495
D,4,45,100000,0.75,237,47,14100,8.619,23.0,116027.2,1,0.7495
D,4,45,100000,0.75,237,48,14400,10.402,24.8,96132.3,1,0.7495
D,4,45,100000,0.75,237,49,14700,11.57,31.7,86427.9,1,0.7495
D,4,45,100000,0.75,237,50,15000,14.127,37.8,70786.4,1,0.7495
D,4,45,100000,1.0,316,1,300,30.464,56.2,32826.0,1,0.9993
D,4,45,100000,1.0,316,2,600,14.443,38.5,69237.7,1,0.9993
D,4,45,100000,1.0,316,3,900,15.731,46.0,63568.8,1,0.9993
D,4,45,100000,1.0,316,4,1200,18.346,58.7,54506.8,1,0.9993
D,4,45,100000,1.0,316,5,1500,18.589,58.0,53795.3,1,0.9993
D,4,45,100000,1.0,316,6,1800,19.502,59.7,51277.7,1,0.9993
D,4,45,100000,1.0,316,7,2100,22.859,73.9,43745.8,1,0.9993
D,4,45,100000,1.0,316,8,2400,24.772,72.2,40368.2,1,0.9993
D,4,45,100000,1.0,316,9,2700,24.86,77.9,40225.3,1,0.9993
D,4,45,100000,1.0,316,10,3000,37.806,89.8,26450.6,1,0.9993
D,4,45,100000,1.0,316,11,3300,26.846,87.3,37249.0,1,0.9993
D,4,45,100000,1.0,316,12,3600,29.033,96.8,34443.6,1,0.9993
D,4,45,100000,1.0,316,13,3900,29.923,97.6,33418.7,1,0.9993
D,4,45,100000,1.0,316,14,4200,33.202,106.5,30119.0,1,0.9993
D,4,45,100000,1.0,316,15,4500,34.886,110.8,28665.1,1,0.9993
D,4,45,100000,1.0,316,16,4800,35.238,120.7,28378.2,1,0.9993
D,4,45,100000,1.0,316,17,5100,32.925,110.9,30372.1,1,0.9993
D,4,45,100000,1.0,316,18,5400,37.168,131.2,26905.1,1,0.9993
D,4,45,100000,1.0,316,19,5700,38.51,121.8,25967.3,1,0.9993
D,4,45,100000,1.0,316,20,6000,43.027,145.1,23241.0,1,0.9993
D,4,45,100000,1.0,316,21,6300,38.381,80.5,26054.6,1,0.9993
D,4,45,100000,1.0,316,22,6600,15.862,65.4,63045.1,1,0.9993
D,4,45,100000,1.0,316,23,6900,12.758,44.7,78380.1,1,0.9993
D,4,45,100000,1.0,316,24,7200,9.482,42.0,105466.7,1,0.9993
D,4,45,100000,1.0,316,25,7500,11.962,42.3,83600.4,1,0.9993
D,4,45,100000,1.0,316,26,7800,11.35,35.2,88108.3,1,0.9993
D,4,45,100000,1.0,316,27,8100,12.778,68.7,78259.5,1,0.9993
D,4,45,100000,1.0,316,28,8400,12.446,41.5,80349.2,1,0.9993
D,4,45,100000,1.0,316,29,8700,13.423,43.1,74500.8,1,0.9993
D,4,45,100000,1.0,316,30,9000,13.547,40.8,73818.9,1,0.9993
D,4,45,100000,1.0,316,31,9300,29.478,49.9,33924.0,1,0.9993
D,4,45,100000,1.0,316,32,9600,14.75,40.5,67798.1,1,0.9993
D,4,45,100000,1.0,316,33,9900,10.2,38.4,98042.4,1,0.9993
D,4,45,100000,1.0,316,34,10200,6.781,31.6,147470.9,1,0.9993
D,4,45,100000,1.0,316,35,10500,8.931,31.1,111973.7,1,0.9993
D,4,45,100000,1.0,316,36,10800,10.781,23.8,92755.8,1,0.9993
D,4,45,100000,1.0,316,37,11100,12.751,32.0,78423.2,1,0.9993
D,4,45,100000,1.0,316,38,11400,15.537,43.7,64363.9,1,0.9993
D,4,45,100000,1.0,316,39,11700,17.094,45.4,58498.9,1,0.9993
D,4,45,100000,1.0,316,40,12000,44.767,61.8,22338.0,1,0.9993
D,4,45,100000,1.0,316,41,12300,10.078,70.2,99222.8,1,0.9993
D,4,45,100000,1.0,316,42,12600,7.451,38.6,134216.2,1,0.9993
D,4,45,100000,1.0,316,43,12900,7.047,35.3,141904.4,1,0.9993
D,4,45,100000,1.0,316,44,13200,7.77,36.3,128694.6,1,0.9993
D,4,45,100000,1.0,316,45,13500,8.115,38.3,123233.6,1,0.9993
D,4,45,100000,1.0,316,46,13800,7.887,32.5,126790.9,1,0.9993
D,4,45,100000,1.0,316,47,14100,8.34,28.8,119899.3,1,0.9993
D,4,45,100000,1.0,316,48,14400,7.595,28.9,131665.5,1,0.9993
D,4,45,100000,1.0,316,49,14700,9.088,36.8,110031.2,1,0.9993
D,4,45,100000,1.0,316,50,15000,10.123,41.6,98781.7,1,0.9993
D,4,45,100000,1.01,319,1,300,31.953,84.6,31296.3,1,1.0088
D,4,45,100000,1.01,319,2,600,9.393,71.6,106458.5,1,1.0088
D,4,45,100000,1.01,319,3,900,8.68,35.6,115202.9,1,1.0088
D,4,45,100000,1.01,319,4,1200,9.916,32.7,100843.7,1,1.0088
D,4,45,100000,1.01,319,5,1500,10.553,27.1,94759.8,1,1.0088
D,4,45,100000,1.01,319,6,1800,11.881,37.4,84170.4,1,1.0088
D,4,45,100000,1.01,319,7,2100,12.083,35.3,82763.2,1,1.0088
D,4,45,100000,1.01,319,8,2400,13.71,69.2,72937.7,1,1.0088
D,4,45,100000,1.01,319,9,2700,11.841,41.8,84454.7,1,1.0088
D,4,45,100000,1.01,319,10,3000,28.085,89.9,35606.6,1,1.0088
D,4,45,100000,1.01,319,11,3300,14.383,50.9,69526.5,1,1.0088
D,4,45,100000,1.01,319,12,3600,17.056,79.0,58631.5,1,1.0088
D,4,45,100000,1.01,319,13,3900,16.958,57.4,58968.1,1,1.0088
D,4,45,100000,1.01,319,14,4200,17.953,62.9,55702.0,1,1.0088
D,4,45,100000,1.01,319,15,4500,18.931,66.3,52823.4,1,1.0088
D,4,45,100000,1.01,319,16,4800,20.378,71.6,49073.3,1,1.0088
D,4,45,100000,1.01,319,17,5100,23.492,81.9,42567.7,1,1.0088
D,4,45,100000,1.01,319,18,5400,24.828,81.7,40277.6,1,1.0088
D,4,45,100000,1.01,319,19,5700,23.205,117.5,43093.5,1,1.0088
D,4,45,100000,1.01,319,20,6000,27.573,91.3,36266.9,1,1.0088
D,4,45,100000,1.01,319,21,6300,34.177,88.4,29259.4,1,1.0088
D,4,45,100000,1.01,319,22,6600,8.178,74.5,122274.3,1,1.0088
D,4,45,100000,1.01,319,23,6900,8.65,22.2,115611.4,1,1.0088
D,4,45,100000,1.01,319,24,7200,11.17,26.9,89528.2,1,1.0088
D,4,45,100000,1.01,319,25,7500,12.699,79.0,78744.3,1,1.0088
D,4,45,100000,1.01,319,26,7800,14.31,40.5,69882.8,1,1.0088
D,4,45,100000,1.01,319,27,8100,15.308,46.8,65325.3,1,1.0088
D,4,45,100000,1.01,319,28,8400,18.663,58.3,53581.9,1,1.0088
D,4,45,100000,1.01,319,29,8700,19.104,79.1,52346.0,1,1.0088
D,4,45,100000,1.01,319,30,9000,20.222,64.3,49451.9,1,1.0088
D,4,45,100000,1.01,319,31,9300,22.615,63.2,44218.4,1,1.0088
D,4,45,100000,1.01,319,32,9600,7.116,15.8,140535.0,1,1.0088
D,4,45,100000,1.01,319,33,9900,6.948,13.3,143919.4,1,1.0088
D,4,45,100000,1.01,319,34,10200,8.299,83.5,120496.5,1,1.0088
D,4,45,100000,1.01,319,35,10500,8.491,46.5,117767.1,1,1.0088
D,4,45,100000,1.01,319,36,10800,7.837,14.9,127594.4,1,1.0088
D,4,45,100000,1.01,319,37,11100,8.267,17.1,120958.0,1,1.0088
D,4,45,100000,1.01,319,38,11400,8.887,65.0,112528.1,1,1.0088
D,4,45,100000,1.01,319,39,11700,8.751,20.3,114272.6,1,1.0088
D,4,45,100000,1.01,319,40,12000,33.393,52.8,29946.4,1,1.0088
D,4,45,100000,1.01,319,41,12300,15.962,55.8,62647.5,1,1.0088
D,4,45,100000,1.01,319,42,12600,14.428,51.0,69309.7,1,1.0088
D,4,45,100000,1.01,319,43,12900,14.526,46.4,68840.5,1,1.0088
D,4,45,100000,1.01,319,44,13200,13.164,42.1,75964.7,1,1.0088
D,4,45,100000,1.01,319,45,13500,12.825,44.3,77972.7,1,1.0088
D,4,45,100000,1.01,319,46,13800,13.554,48.6,73780.8,1,1.0088
D,4,45,100000,1.01,319,47,14100,13.352,38.4,74897.0,1,1.0088
D,4,45,100000,1.01,319,48,14400,12.552,38.6,79668.6,1,1.0088
D,4,45,100000,1.01,319,49,14700,13.784,43.9,72549.6,1,1.0088
D,4,45,100000,1.01,319,50,15000,14.253,44.4,70160.7,1,1.0088
D,4,45,100000,1.25,395,1,300,36.362,80.6,27501.0,1,1.2491
D,4,45,100000,1.25,395,2,600,10.567,65.7,94634.2,1,1.2491
D,4,45,100000,1.25,395,3,900,10.445,47.7,95739.6,1,1.2491
D,4,45,100000,1.25,395,4,1200,12.349,44.9,80980.4,1,1.2491
D,4,45,100000,1.25,395,5,1500,13.619,44.8,73425.0,1,1.2491
D,4,45,100000,1.25,395,6,1800,14.057,44.1,71140.6,1,1.2491
D,4,45,100000,1.25,395,7,2100,14.325,40.1,69809.7,1,1.2491
D,4,45,100000,1.25,395,8,2400,15.851,52.6,63086.2,1,1.2491
D,4,45,100000,1.25,395,9,2700,16.06,43.7,62266.5,1,1.2491
D,4,45,100000,1.25,395,10,3000,30.652,48.1,32624.7,1,1.2491
D,4,45,100000,1.25,395,11,3300,7.934,46.0,126039.8,1,1.2491
D,4,45,100000,1.25,395,12,3600,4.881,8.3,204862.1,1,1.2491
D,4,45,100000,1.25,395,13,3900,5.472,9.8,182748.5,1,1.2491
D,4,45,100000,1.25,395,14,4200,6.265,14.6,159625.4,1,1.2491
D,4,45,100000,1.25,395,15,4500,6.652,15.9,150330.7,1,1.2491
D,4,45,100000,1.25,395,16,4800,7.059,17.8,141656.4,1,1.2491
D,4,45,100000,1.25,395,17,5100,8.384,23.5,119274.8,1,1.2491
D,4,45,100000,1.25,395,18,5400,8.026,26.0,124600.2,1,1.2491
D,4,45,100000,1.25,395,19,5700,8.321,28.6,120177.9,1,1.2491
D,4,45,100000,1.25,395,20,6000,8.672,30.1,115313.6,1,1.2491
D,4,45,100000,1.25,395,21,6300,35.735,36.6,27984.0,1,1.2491
D,4,45,100000,1.25,395,22,6600,9.975,35.8,100247.3,1,1.2491
D,4,45,100000,1.25,395,23,6900,11.943,42.0,83733.4,1,1.2491
D,4,45,100000,1.25,395,24,7200,11.866,41.1,84276.8,1,1.2491
D,4,45,100000,1.25,395,25,7500,14.045,48.6,71199.7,1,1.2491
D,4,45,100000,1.25,395,26,7800,12.105,48.1,82608.2,1,1.2491
D,4,45,100000,1.25,395,27,8100,13.387,49.8,74699.3,1,1.2491
D,4,45,100000,1.25,395,28,8400,14.112,57.8,70861.7,1,1.2491
D,4,45,100000,1.25,395,29,8700,14.871,60.6,67246.5,1,1.2491
D,4,45,100000,1.25,395,30,9000,13.525,59.2,73937.1,1,1.2491
D,4,45,100000,1.25,395,31,9300,29.342,67.7,34080.5,1,1.2491
D,4,45,100000,1.25,395,32,9600,15.538,67.6,64357.0,1,1.2491
D,4,45,100000,1.25,395,33,9900,15.961,70.9,62652.7,1,1.2491
D,4,45,100000,1.25,395,34,10200,17.305,74.6,57785.7,1,1.2491
D,4,45,100000,1.25,395,35,10500,15.732,69.5,63563.4,1,1.2491
D,4,45,100000,1.25,395,36,10800,19.947,79.7,50133.7,1,1.2491
D,4,45,100000,1.25,395,37,11100,17.734,83.0,56389.9,1,1.2491
D,4,45,100000,1.25,395,38,11400,17.95,85.3,55711.3,1,1.2491
D,4,45,100000,1.25,395,39,11700,19.465,88.1,51375.1,1,1.2491
D,4,45,100000,1.25,395,40,12000,44.566,92.6,22438.8,1,1.2491
D,4,45,100000,1.25,395,41,12300,12.75,71.5,78431.4,1,1.2491
D,4,45,100000,1.25,395,42,12600,7.965,43.1,125549.3,1,1.2491
D,4,45,100000,1.25,395,43,12900,8.311,39.0,120317.7,1,1.2491
D,4,45,100000,1.25,395,44,13200,9.059,36.1,110391.5,1,1.2491
D,4,45,100000,1.25,395,45,13500,10.439,48.4,95794.6,1,1.2491
D,4,45,100000,1.25,395,46,13800,7.332,35.4,136388.5,1,1.2491
D,4,45,100000,1.25,395,47,14100,7.781,28.1,128523.7,1,1.2491
D,4,45,100000,1.25,395,48,14400,9.076,29.8,110184.8,1,1.2491
D,4,45,100000,1.25,395,49,14700,9.601,25.4,104159.4,1,1.2491
D,4,45,100000,1.25,395,50,15000,16.51,31.0,60568.1,1,1.2491
D,4,45,100000,1.5,474,1,300,36.478,69.5,27413.8,2,1.4989
D,4,45,100000,1.5,474,2,600,10.065,52.1,99354.2,2,1.4989
D,4,45,100000,1.5,474,3,900,10.397,42.1,96178.5,2,1.4989
D,4,45,100000,1.5,474,4,1200,12.855,39.3,77788.7,2,1.4989
D,4,45,100000,1.5,474,5,1500,13.528,36.9,73920.8,2,1.4989
D,4,45,100000,1.5,474,6,1800,16.82,54.6,59451.9,2,1.4989
D,4,45,100000,1.5,474,7,2100,15.945,44.7,62714.3,2,1.4989
D,4,45,100000,1.5,474,8,2400,18.796,62.7,53201.9,2,1.4989
D,4,45,100000,1.5,474,9,2700,19.023,52.2,52567.0,2,1.4989
D,4,45,100000,1.5,474,10,3000,34.218,56.8,29224.1,2,1.4989
D,4,45,100000,1.5,474,11,3300,20.794,58.2,48090.8,2,1.4989
D,4,45,100000,1.5,474,12,3600,23.691,67.8,42209.5,2,1.4989
D,4,45,100000,1.5,474,13,3900,24.985,91.7,40024.6,2,1.4989
D,4,45,100000,1.5,474,14,4200,25.427,79.6,39328.8,2,1.4989
D,4,45,100000,1.5,474,15,4500,25.183,78.6,39708.8,2,1.4989
D,4,45,100000,1.5,474,16,4800,23.192,87.3,43118.3,2,1.4989
D,4,45,100000,1.5,474,17,5100,9.546,49.9,104752.3,2,1.4989
D,4,45,100000,1.5,474,18,5400,10.88,43.9,91914.5,2,1.4989
D,4,45,100000,1.5,474,19,5700,11.668,33.5,85706.9,2,1.4989
D,4,45,100000,1.5,474,20,6000,13.754,34.3,72706.1,2,1.4989
D,4,45,100000,1.5,474,21,6300,34.983,57.0,28585.0,2,1.4989
D,4,45,100000,1.5,474,22,6600,10.546,53.2,94822.7,2,1.4989
D,4,45,100000,1.5,474,23,6900,11.112,55.9,89990.1,2,1.4989
D,4,45,100000,1.5,474,24,7200,10.62,49.4,94164.9,2,1.4989
D,4,45,100000,1.5,474,25,7500,12.59,48.3,79428.1,2,1.4989
D,4,45,100000,1.5,474,26,7800,11.498,48.6,86974.2,2,1.4989
D,4,45,100000,1.5,474,27,8100,12.285,47.6,81402.3,2,1.4989
D,4,45,100000,1.5,474,28,8400,11.066,46.7,90369.6,2,1.4989
D,4,45,100000,1.5,474,29,8700,10.967,42.3,91185.4,2,1.4989
D,4,45,100000,1.5,474,30,9000,11.746,45.9,85135.4,2,1.4989
D,4,45,100000,1.5,474,31,9300,23.542,45.0,42477.3,2,1.4989
D,4,45,100000,1.5,474,32,9600,11.277,47.4,88678.7,2,1.4989
D,4,45,100000,1.5,474,33,9900,7.099,39.9,140871.5,2,1.4989
D,4,45,100000,1.5,474,34,10200,7.743,35.2,129148.9,2,1.4989
D,4,45,100000,1.5,474,35,10500,10.328,47.3,96824.2,2,1.4989
D,4,45,100000,1.5,474,36,10800,10.407,30.8,96092.2,2,1.4989
D,4,45,100000,1.5,474,37,11100,11.612,41.9,86117.8,2,1.4989
D,4,45,100000,1.5,474,38,11400,13.275,35.8,75329.6,2,1.4989
D,4,45,100000,1.5,474,39,11700,15.711,47.9,63649.7,2,1.4989
D,4,45,100000,1.5,474,40,12000,38.69,48.4,25846.7,2,1.4989
D,4,45,100000,1.5,474,41,12300,13.854,69.4,72183.1,2,1.4989
D,4,45,100000,1.5,474,42,12600,10.518,47.4,95075.1,2,1.4989
D,4,45,100000,1.5,474,43,12900,10.037,42.9,99631.4,2,1.4989
D,4,45,100000,1.5,474,44,13200,10.55,42.5,94783.7,2,1.4989
D,4,45,100000,1.5,474,45,13500,7.487,35.9,133564.9,2,1.4989
D,4,45,100000,1.5,474,46,13800,6.498,18.9,153893.5,2,1.4989
D,4,45,100000,1.5,474,47,14100,7.831,28.5,127697.6,2,1.4989
D,4,45,100000,1.5,474,48,14400,8.005,24.4,124921.9,2,1.4989
D,4,45,100000,1.5,474,49,14700,8.488,22.7,117808.7,2,1.4989
D,4,45,100000,1.5,474,50,15000,9.182,35.9,108908.7,2,1.4989
D,4,45,100000,2.0,632,1,300,40.428,89.8,24735.1,3,1.9986
D,4,45,100000,2.0,632,2,600,15.269,90.6,65493.6,3,1.9986
D,4,45,100000,2.0,632,3,900,13.195,72.9,75788.2,3,1.9986
D,4,45,100000,2.0,632,4,1200,13.324,69.2,75050.7,3,1.9986
D,4,45,100000,2.0,632,5,1500,12.495,69.0,80029.9,3,1.9986
D,4,45,100000,2.0,632,6,1800,15.411,84.6,64890.1,3,1.9986
D,4,45,100000,2.0,632,7,2100,14.483,60.1,69048.0,3,1.9986
D,4,45,100000,2.0,632,8,2400,9.342,56.8,107043.5,3,1.9986
D,4,45,100000,2.0,632,9,2700,7.851,43.2,127372.3,3,1.9986
D,4,45,100000,2.0,632,10,3000,25.879,62.2,38641.4,3,1.9986
D,4,45,100000,2.0,632,11,3300,8.962,45.4,111578.1,3,1.9986
D,4,45,100000,2.0,632,12,3600,10.01,54.5,99900.1,3,1.9986
D,4,45,100000,2.0,632,13,3900,12.787,73.0,78204.4,3,1.9986
D,4,45,100000,2.0,632,14,4200,12.702,55.0,78725.7,3,1.9986
D,4,45,100000,2.0,632,15,4500,17.304,52.4,57790.1,3,1.9986
D,4,45,100000,2.0,632,16,4800,12.267,45.9,81519.5,3,1.9986
D,4,45,100000,2.0,632,17,5100,13.112,59.2,76266.0,3,1.9986
D,4,45,100000,2.0,632,18,5400,12.998,40.1,76932.9,3,1.9986
D,4,45,100000,2.0,632,19,5700,15.274,46.6,65469.3,3,1.9986
D,4,45,100000,2.0,632,20,6000,12.581,54.8,79482.8,3,1.9986
D,4,45,100000,2.0,632,21,6300,39.746,108.3,25160.0,3,1.9986
D,4,45,100000,2.0,632,22,6600,13.315,67.6,75103.3,3,1.9986
D,4,45,100000,2.0,632,23,6900,11.355,50.5,88064.3,3,1.9986
D,4,45,100000,2.0,632,24,7200,11.294,47.8,88545.2,3,1.9986
D,4,45,100000,2.0,632,25,7500,13.805,57.1,72439.3,3,1.9986
D,4,45,100000,2.0,632,26,7800,13.061,63.7,76561.9,3,1.9986
D,4,45,100000,2.0,632,27,8100,13.564,62.9,73724.6,3,1.9986
D,4,45,100000,2.0,632,28,8400,11.706,49.1,85426.3,3,1.9986
D,4,45,100000,2.0,632,29,8700,14.774,67.1,67686.5,3,1.9986
D,4,45,100000,2.0,632,30,9000,13.983,59.6,71517.1,3,1.9986
D,4,45,100000,2.0,632,31,9300,28.577,57.1,34993.2,3,1.9986
D,4,45,100000,2.0,632,32,9600,11.993,54.2,83382.0,3,1.9986
D,4,45,100000,2.0,632,33,9900,9.434,49.9,106003.3,3,1.9986
D,4,45,100000,2.0,632,34,10200,11.131,57.7,89839.2,3,1.9986
D,4,45,100000,2.0,632,35,10500,9.603,45.5,104134.1,3,1.9986
D,4,45,100000,2.0,632,36,10800,9.921,50.1,100796.3,3,1.9986
D,4,45,100000,2.0,632,37,11100,9.827,44.2,101760.5,3,1.9986
D,4,45,100000,2.0,632,38,11400,10.121,54.4,98807.7,3,1.9986
D,4,45,100000,2.0,632,39,11700,10.253,49.7,97529.3,3,1.9986
D,4,45,100000,2.0,632,40,12000,10.749,53.0,93029.0,3,1.9986
D,4,45,100000,2.0,632,41,12300,38.145,65.8,26215.8,3,1.9986
D,4,45,100000,2.0,632,42,12600,11.572,50.8,86418.0,3,1.9986
D,4,45,100000,2.0,632,43,12900,11.463,53.5,87234.7,3,1.9986
D,4,45,100000,2.0,632,44,13200,11.897,56.6,84052.4,3,1.9986
D,4,45,100000,2.0,632,45,13500,12.071,52.3,82843.2,3,1.9986
D,4,45,100000,2.0,632,46,13800,11.787,43.5,84836.8,3,1.9986
D,4,45,100000,2.0,632,47,14100,13.75,48.4,72725.5,3,1.9986
D,4,45,100000,2.0,632,48,14400,13.661,55.2,73201.1,3,1.9986
D,4,45,100000,2.0,632,49,14700,12.075,44.5,82815.7,3,1.9986
D,4,45,100000,2.0,632,50,15000,13.418,51.6,74524.9,3,1.9986
D,4,45,200000,0.5,223,1,300,52.676,190.2,18984.1,1,0.4986
D,4,45,200000,0.5,223,2,600,9.582,39.6,104358.7,1,0.4986
D,4,45,200000,0.5,223,3,900,11.109,39.6,90019.8,1,0.4986
D,4,45,200000,0.5,223,4,1200,13.8,41.0,72465.5,1,0.4986
D,4,45,200000,0.5,223,5,1500,12.979,41.3,77047.5,1,0.4986
D,4,45,200000,0.5,223,6,1800,13.186,36.2,75838.0,1,0.4986
D,4,45,200000,0.5,223,7,2100,15.681,47.8,63771.4,1,0.4986
D,4,45,200000,0.5,223,8,2400,18.139,51.0,55129.8,1,0.4986
D,4,45,200000,0.5,223,9,2700,18.009,54.9,55527.8,1,0.4986
D,4,45,200000,0.5,223,10,3000,21.071,64.6,47458.6,1,0.4986
D,4,45,200000,0.5,223,11,3300,47.907,74.4,20873.6,1,0.4986
D,4,45,200000,0.5,223,12,3600,28.031,139.0,35675.2,1,0.4986
D,4,45,200000,0.5,223,13,3900,28.235,86.3,35417.5,1,0.4986
D,4,45,200000,0.5,223,14,4200,27.552,91.5,36294.6,1,0.4986
D,4,45,200000,0.5,223,15,4500,31.666,102.8,31579.9,1,0.4986
D,4,45,200000,0.5,223,16,4800,33.515,100.7,29837.7,1,0.4986
D,4,45,200000,0.5,223,17,5100,34.731,112.4,28793.0,1,0.4986
D,4,45,200000,0.5,223,18,5400,36.739,123.3,27219.3,1,0.4986
D,4,45,200000,0.5,223,19,5700,41.813,121.6,23916.0,1,0.4986
D,4,45,200000,0.5,223,20,6000,42.774,129.7,23378.7,1,0.4986
D,4,45,200000,0.5,223,21,6300,81.488,142.8,12271.7,1,0.4986
D,4,45,200000,0.5,223,22,6600,44.651,146.3,22395.9,1,0.4986
D,4,45,200000,0.5,223,23,6900,44.981,159.1,22231.8,1,0.4986
D,4,45,200000,0.5,223,24,7200,54.179,159.4,18457.4,1,0.4986
D,4,45,200000,0.5,223,25,7500,46.981,164.1,21285.2,1,0.4986
D,4,45,200000,0.5,223,26,7800,53.304,170.8,18760.3,1,0.4986
D,4,45,200000,0.5,223,27,8100,53.22,174.9,18790.0,1,0.4986
D,4,45,200000,0.5,223,28,8400,56.059,185.5,17838.2,1,0.4986
D,4,45,200000,0.5,223,29,8700,57.561,192.3,17372.9,1,0.4986
D,4,45,200000,0.5,223,30,9000,53.929,189.6,18542.9,1,0.4986
D,4,45,200000,0.5,223,31,9300,94.051,205.3,10632.6,1,0.4986
D,4,45,200000,0.5,223,32,9600,62.391,210.5,16027.9,1,0.4986
D,4,45,200000,0.5,223,33,9900,66.032,213.8,15144.2,1,0.4986
D,4,45,200000,0.5,223,34,10200,71.885,219.0,13911.2,1,0.4986
D,4,45,200000,0.5,223,35,10500,84.147,347.0,11884.0,1,0.4986
D,4,45,200000,0.5,223,36,10800,87.259,366.7,11460.1,1,0.4986
D,4,45,200000,0.5,223,37,11100,69.724,240.9,14342.3,1,0.4986
D,4,45,200000,0.5,223,38,11400,78.407,235.8,12754.0,1,0.4986
D,4,45,200000,0.5,223,39,11700,74.455,256.5,13431.0,1,0.4986
D,4,45,200000,0.5,223,40,12000,83.431,259.8,11985.9,1,0.4986
D,4,45,200000,0.5,223,41,12300,126.176,273.1,7925.5,1,0.4986
D,4,45,200000,0.5,223,42,12600,12.128,177.2,82456.1,1,0.4986
D,4,45,200000,0.5,223,43,12900,10.199,40.4,98052.0,1,0.4986
D,4,45,200000,0.5,223,44,13200,11.308,42.6,88430.4,1,0.4986
D,4,45,200000,0.5,223,45,13500,13.3,39.5,75186.1,1,0.4986
D,4,45,200000,0.5,223,46,13800,15.812,56.1,63244.4,1,0.4986
D,4,45,200000,0.5,223,47,14100,14.458,41.2,69165.9,1,0.4986
D,4,45,200000,0.5,223,48,14400,17.519,52.4,57082.0,1,0.4986
D,4,45,200000,0.5,223,49,14700,19.408,54.6,51524.3,1,0.4986
D,4,45,200000,0.5,223,50,15000,20.675,58.0,48368.4,1,0.4986
D,4,45,200000,0.75,335,1,300,53.074,117.0,18841.7,1,0.7491
D,4,45,200000,0.75,335,2,600,13.155,66.6,76016.7,1,0.7491
D,4,45,200000,0.75,335,3,900,13.152,58.1,76034.1,1,0.7491
D,4,45,200000,0.75,335,4,1200,15.822,112.3,63204.5,1,0.7491
D,4,45,200000,0.75,335,5,1500,15.333,49.6,65220.2,1,0.7491
D,4,45,200000,0.75,335,6,1800,17.325,62.8,57721.2,1,0.7491
D,4,45,200000,0.75,335,7,2100,18.836,59.3,53090.8,1,0.7491
D,4,45,200000,0.75,335,8,2400,20.125,65.2,49688.6,1,0.7491
D,4,45,200000,0.75,335,9,2700,20.678,53.7,48359.8,1,0.7491
D,4,45,200000,0.75,335,10,3000,21.727,63.1,46025.7,1,0.7491
D,4,45,200000,0.75,335,11,3300,50.808,91.6,19681.9,1,0.7491
D,4,45,200000,0.75,335,12,3600,25.823,124.3,38725.7,1,0.7491
D,4,45,200000,0.75,335,13,3900,28.37,81.8,35248.5,1,0.7491
D,4,45,200000,0.75,335,14,4200,26.13,80.3,38269.7,1,0.7491
D,4,45,200000,0.75,335,15,4500,30.694,91.1,32579.7,1,0.7491
D,4,45,200000,0.75,335,16,4800,31.621,96.1,31624.2,1,0.7491
D,4,45,200000,0.75,335,17,5100,32.732,97.5,30551.5,1,0.7491
D,4,45,200000,0.75,335,18,5400,33.626,108.3,29738.6,1,0.7491
D,4,45,200000,0.75,335,19,5700,36.771,111.1,27195.3,1,0.7491
D,4,45,200000,0.75,335,20,6000,39.162,127.2,25535.2,1,0.7491
D,4,45,200000,0.75,335,21,6300,60.97,118.0,16401.4,1,0.7491
D,4,45,200000,0.75,335,22,6600,11.416,59.6,87593.8,1,0.7491
D,4,45,200000,0.75,335,23,6900,12.538,115.5,79759.7,1,0.7491
D,4,45,200000,0.75,335,24,7200,14.613,114.1,68432.2,1,0.7491
D,4,45,200000,0.75,335,25,7500,13.242,51.5,75519.2,1,0.7491
D,4,45,200000,0.75,335,26,7800,16.305,47.5,61329.6,1,0.7491
D,4,45,200000,0.75,335,27,8100,16.99,52.1,58859.3,1,0.7491
D,4,45,200000,0.75,335,28,8400,18.545,47.9,53921.9,1,0.7491
D,4,45,200000,0.75,335,29,8700,20.455,55.6,48887.8,1,0.7491
D,4,45,200000,0.75,335,30,9000,20.336,58.0,49174.7,1,0.7491
D,4,45,200000,0.75,335,31,9300,49.199,72.0,20325.6,1,0.7491
D,4,45,200000,0.75,335,32,9600,24.597,78.5,40654.8,1,0.7491
D,4,45,200000,0.75,335,33,9900,25.986,72.5,38482.3,1,0.7491
D,4,45,200000,0.75,335,34,10200,28.774,82.8,34753.6,1,0.7491
D,4,45,200000,0.75,335,35,10500,27.972,87.0,35749.6,1,0.7491
D,4,45,200000,0.75,335,36,10800,33.857,94.2,29536.3,1,0.7491
D,4,45,200000,0.75,335,37,11100,32.174,102.7,31081.0,1,0.7491
D,4,45,200000,0.75,335,38,11400,33.305,99.8,30025.2,1,0.7491
D,4,45,200000,0.75,335,39,11700,34.894,112.6,28657.9,1,0.7491
D,4,45,200000,0.75,335,40,12000,40.327,123.1,24797.5,1,0.7491
D,4,45,200000,0.75,335,41,12300,38.229,123.9,26158.2,1,0.7491
D,4,45,200000,0.75,335,42,12600,56.72,137.9,17630.6,1,0.7491
D,4,45,200000,0.75,335,43,12900,11.062,61.9,90396.8,1,0.7491
D,4,45,200000,0.75,335,44,13200,12.454,92.8,80297.6,1,0.7491
D,4,45,200000,0.75,335,45,13500,14.338,120.9,69743.1,1,0.7491
D,4,45,200000,0.75,335,46,13800,14.73,56.8,67887.1,1,0.7491
D,4,45,200000,0.75,335,47,14100,15.657,51.1,63869.2,1,0.7491
D,4,45,200000,0.75,335,48,14400,17.926,55.1,55783.9,1,0.7491
D,4,45,200000,0.75,335,49,14700,19.319,66.1,51761.6,1,0.7491
D,4,45,200000,0.75,335,50,15000,19.829,51.7,50430.3,1,0.7491
D,4,45,200000,1.0,447,1,300,53.455,90.3,18707.2,2,0.9995
D,4,45,200000,1.0,447,2,600,12.074,78.0,82822.6,2,0.9995
D,4,45,200000,1.0,447,3,900,12.282,64.9,81420.0,2,0.9995
D,4,45,200000,1.0,447,4,1200,13.561,62.8,73739.1,2,0.9995
D,4,45,200000,1.0,447,5,1500,14.263,48.9,70109.8,2,0.9995
D,4,45,200000,1.0,447,6,1800,17.077,78.1,58558.3,2,0.9995
D,4,45,200000,1.0,447,7,2100,17.974,47.9,55636.9,2,0.9995
D,4,45,200000,1.0,447,8,2400,19.915,60.5,50212.6,2,0.9995
D,4,45,200000,1.0,447,9,2700,20.929,54.5,47780.6,2,0.9995
D,4,45,200000,1.0,447,10,3000,22.875,61.5,43716.5,2,0.9995
D,4,45,200000,1.0,447,11,3300,33.201,79.8,30119.9,2,0.9995
D,4,45,200000,1.0,447,12,3600,10.361,74.5,96512.7,2,0.9995
D,4,45,200000,1.0,447,13,3900,10.434,59.0,95843.6,2,0.9995
D,4,45,200000,1.0,447,14,4200,10.009,47.6,99913.4,2,0.9995
D,4,45,200000,1.0,447,15,4500,9.021,44.3,110856.6,2,0.9995
D,4,45,200000,1.0,447,16,4800,9.537,41.2,104851.1,2,0.9995
D,4,45,200000,1.0,447,17,5100,9.578,43.5,104402.3,2,0.9995
D,4,45,200000,1.0,447,18,5400,10.614,49.5,94218.2,2,0.9995
D,4,45,200000,1.0,447,19,5700,10.018,47.0,99820.3,2,0.9995
D,4,45,200000,1.0,447,20,6000,10.654,52.1,93864.4,2,0.9995
D,4,45,200000,1.0,447,21,6300,56.328,88.9,17753.3,2,0.9995
D,4,45,200000,1.0,447,22,6600,17.618,70.4,56761.2,2,0.9995
D,4,45,200000,1.0,447,23,6900,17.827,70.1,56094.7,2,0.9995
D,4,45,200000,1.0,447,24,7200,16.488,63.5,60651.4,2,0.9995
D,4,45,200000,1.0,447,25,7500,17.287,79.8,57845.8,2,0.9995
D,4,45,200000,1.0,447,26,7800,16.973,69.6,58918.3,2,0.9995
D,4,45,200000,1.0,447,27,8100,16.928,61.7,59073.7,2,0.9995
D,4,45,200000,1.0,447,28,8400,16.297,61.9,61359.7,2,0.9995
D,4,45,200000,1.0,447,29,8700,16.552,57.8,60414.4,2,0.9995
D,4,45,200000,1.0,447,30,9000,17.015,60.5,58772.8,2,0.9995
D,4,45,200000,1.0,447,31,9300,39.028,69.5,25622.4,2,0.9995
D,4,45,200000,1.0,447,32,9600,15.359,57.8,65108.4,2,0.9995
D,4,45,200000,1.0,447,33,9900,17.101,66.7,58475.0,2,0.9995
D,4,45,200000,1.0,447,34,10200,16.227,64.1,61625.7,2,0.9995
D,4,45,200000,1.0,447,35,10500,15.812,57.4,63244.4,2,0.9995
D,4,45,200000,1.0,447,36,10800,17.335,77.0,57686.8,2,0.9995
D,4,45,200000,1.0,447,37,11100,17.718,71.9,56439.8,2,0.9995
D,4,45,200000,1.0,447,38,11400,16.234,57.7,61597.8,2,0.9995
D,4,45,200000,1.0,447,39,11700,17.524,66.5,57064.6,2,0.9995
D,4,45,200000,1.0,447,40,12000,9.713,65.2,102954.8,2,0.9995
D,4,45,200000,1.0,447,41,12300,7.933,80.4,126061.0,2,0.9995
D,4,45,200000,1.0,447,42,12600,61.761,86.5,16191.4,2,0.9995
D,4,45,200000,1.0,447,43,12900,18.538,79.6,53944.2,2,0.9995
D,4,45,200000,1.0,447,44,13200,16.25,55.4,61538.5,2,0.9995
D,4,45,200000,1.0,447,45,13500,17.183,62.5,58197.1,2,0.9995
D,4,45,200000,1.0,447,46,13800,18.487,73.7,54091.1,2,0.9995
D,4,45,200000,1.0,447,47,14100,18.816,63.6,53146.3,2,0.9995
D,4,45,200000,1.0,447,48,14400,18.84,74.4,53079.5,2,0.9995
D,4,45,200000,1.0,447,49,14700,17.71,66.2,56465.3,2,0.9995
D,4,45,200000,1.0,447,50,15000,18.198,66.6,54951.1,2,0.9995
D,4,45,200000,1.01,451,1,300,69.012,129.2,14490.3,3,1.0085
D,4,45,200000,1.01,451,2,600,14.434,82.5,69280.9,3,1.0085
D,4,45,200000,1.01,451,3,900,15.439,79.2,64772.4,3,1.0085
D,4,45,200000,1.01,451,4,1200,14.352,60.1,69675.1,3,1.0085
D,4,45,200000,1.01,451,5,1500,12.406,65.9,80608.3,3,1.0085
D,4,45,200000,1.01,451,6,1800,11.097,55.9,90117.2,3,1.0085
D,4,45,200000,1.01,451,7,2100,12.624,51.3,79212.1,3,1.0085
D,4,45,200000,1.01,451,8,2400,12.708,52.9,78690.6,3,1.0085
D,4,45,200000,1.01,451,9,2700,13.62,57.3,73421.4,3,1.0085
D,4,45,200000,1.01,451,10,3000,14.498,50.9,68975.0,3,1.0085
D,4,45,200000,1.01,451,11,3300,44.203,63.9,22622.9,3,1.0085
D,4,45,200000,1.01,451,12,3600,16.837,78.7,59394.2,3,1.0085
D,4,45,200000,1.01,451,13,3900,15.552,74.6,64301.8,3,1.0085
D,4,45,200000,1.01,451,14,4200,13.11,49.0,76279.6,3,1.0085
D,4,45,200000,1.01,451,15,4500,14.89,56.5,67160.7,3,1.0085
D,4,45,200000,1.01,451,16,4800,15.644,58.5,63920.9,3,1.0085
D,4,45,200000,1.01,451,17,5100,15.818,57.7,63220.5,3,1.0085
D,4,45,200000,1.01,451,18,5400,16.676,65.8,59966.4,3,1.0085
D,4,45,200000,1.01,451,19,5700,17.018,66.9,58762.5,3,1.0085
D,4,45,200000,1.01,451,20,6000,16.921,71.7,59098.2,3,1.0085
D,4,45,200000,1.01,451,21,6300,72.278,130.4,13835.5,3,1.0085
D,4,45,200000,1.01,451,22,6600,13.657,82.5,73224.3,3,1.0085
D,4,45,200000,1.01,451,23,6900,15.984,109.2,62561.3,3,1.0085
D,4,45,200000,1.01,451,24,7200,11.529,100.5,86735.3,3,1.0085
D,4,45,200000,1.01,451,25,7500,9.132,42.8,109505.1,3,1.0085
D,4,45,200000,1.01,451,26,7800,10.882,42.9,91894.9,3,1.0085
D,4,45,200000,1.01,451,27,8100,11.722,43.1,85312.1,3,1.0085
D,4,45,200000,1.01,451,28,8400,13.65,45.5,73261.9,3,1.0085
D,4,45,200000,1.01,451,29,8700,13.974,39.3,71561.5,3,1.0085
D,4,45,200000,1.01,451,30,9000,14.841,56.3,67379.4,3,1.0085
D,4,45,200000,1.01,451,31,9300,47.016,49.3,21269.4,3,1.0085
D,4,45,200000,1.01,451,32,9600,16.456,54.9,60769.3,3,1.0085
D,4,45,200000,1.01,451,33,9900,19.091,74.5,52381.6,3,1.0085
D,4,45,200000,1.01,451,34,10200,19.617,59.4,50977.1,3,1.0085
D,4,45,200000,1.01,451,35,10500,20.831,66.2,48006.1,3,1.0085
D,4,45,200000,1.01,451,36,10800,23.391,65.4,42752.1,3,1.0085
D,4,45,200000,1.01,451,37,11100,23.062,69.7,43361.4,3,1.0085
D,4,45,200000,1.01,451,38,11400,22.707,70.8,44039.9,3,1.0085
D,4,45,200000,1.01,451,39,11700,23.142,74.6,43210.9,3,1.0085
D,4,45,200000,1.01,451,40,12000,26.116,78.3,38291.2,3,1.0085
D,4,45,200000,1.01,451,41,12300,26.871,89.0,37215.3,3,1.0085
D,4,45,200000,1.01,451,42,12600,70.049,124.3,14275.7,3,1.0085
D,4,45,200000,1.01,451,43,12900,8.894,42.8,112435.3,3,1.0085
D,4,45,200000,1.01,451,44,13200,10.075,106.3,99252.3,3,1.0085
D,4,45,200000,1.01,451,45,13500,11.748,111.1,85123.3,3,1.0085
D,4,45,200000,1.01,451,46,13800,11.825,44.3,84564.2,3,1.0085
D,4,45,200000,1.01,451,47,14100,12.231,52.1,81757.2,3,1.0085
D,4,45,200000,1.01,451,48,14400,14.333,58.4,69769.1,3,1.0085
D,4,45,200000,1.01,451,49,14700,14.325,55.6,69806.4,3,1.0085
D,4,45,200000,1.01,451,50,15000,15.446,46.1,64741.7,3,1.0085
D,4,45,200000,1.25,559,1,300,62.96,132.0,15883.0,3,1.25
D,4,45,200000,1.25,559,2,600,7.457,70.2,134096.2,3,1.25
D,4,45,200000,1.25,559,3,900,7.879,72.2,126914.3,3,1.25
D,4,45,200000,1.25,559,4,1200,9.234,57.6,108295.4,3,1.25
D,4,45,200000,1.25,559,5,1500,8.209,44.0,121812.6,3,1.25
D,4,45,200000,1.25,559,6,1800,8.822,62.2,113348.7,3,1.25
D,4,45,200000,1.25,559,7,2100,8.664,40.8,115415.7,3,1.25
D,4,45,200000,1.25,559,8,2400,9.637,44.7,103766.7,3,1.25
D,4,45,200000,1.25,559,9,2700,11.054,56.1,90467.7,3,1.25
D,4,45,200000,1.25,559,10,3000,10.715,46.7,93330.0,3,1.25
D,4,45,200000,1.25,559,11,3300,42.519,64.5,23518.9,3,1.25
D,4,45,200000,1.25,559,12,3600,12.337,54.0,81054.8,3,1.25
D,4,45,200000,1.25,559,13,3900,12.536,64.6,79772.4,3,1.25
D,4,45,200000,1.25,559,14,4200,13.176,49.2,75893.7,3,1.25
D,4,45,200000,1.25,559,15,4500,13.039,48.1,76691.0,3,1.25
D,4,45,200000,1.25,559,16,4800,12.74,41.6,78495.0,3,1.25
D,4,45,200000,1.25,559,17,5100,13.14,53.9,76101.6,3,1.25
D,4,45,200000,1.25,559,18,5400,14.897,69.6,67129.1,3,1.25
D,4,45,200000,1.25,559,19,5700,16.173,58.7,61832.7,3,1.25
D,4,45,200000,1.25,559,20,6000,14.799,51.0,67572.1,3,1.25
D,4,45,200000,1.25,559,21,6300,77.303,137.5,12936.2,3,1.25
D,4,45,200000,1.25,559,22,6600,10.382,95.1,96317.5,3,1.25
D,4,45,200000,1.25,559,23,6900,12.381,94.9,80768.9,3,1.25
D,4,45,200000,1.25,559,24,7200,13.433,94.0,74441.7,3,1.25
D,4,45,200000,1.25,559,25,7500,12.544,65.6,79717.3,3,1.25
D,4,45,200000,1.25,559,26,7800,13.589,55.3,73587.1,3,1.25
D,4,45,200000,1.25,559,27,8100,14.744,65.0,67822.7,3,1.25
D,4,45,200000,1.25,559,28,8400,19.348,114.1,51685.8,3,1.25
D,4,45,200000,1.25,559,29,8700,8.588,30.4,116446.1,3,1.25
D,4,45,200000,1.25,559,30,9000,9.692,23.1,103174.3,3,1.25
D,4,45,200000,1.25,559,31,9300,45.722,24.9,21871.3,3,1.25
D,4,45,200000,1.25,559,32,9600,6.976,37.3,143341.8,3,1.25
D,4,45,200000,1.25,559,33,9900,7.419,20.0,134783.0,3,1.25
D,4,45,200000,1.25,559,34,10200,8.514,27.8,117449.0,3,1.25
D,4,45,200000,1.25,559,35,10500,8.151,21.0,122689.3,3,1.25
D,4,45,200000,1.25,559,36,10800,9.288,47.8,107669.7,3,1.25
D,4,45,200000,1.25,559,37,11100,9.213,21.9,108546.2,3,1.25
D,4,45,200000,1.25,559,38,11400,9.383,23.0,106575.7,3,1.25
D,4,45,200000,1.25,559,39,11700,11.152,37.0,89672.7,3,1.25
D,4,45,200000,1.25,559,40,12000,10.584,26.4,94485.2,3,1.25
D,4,45,200000,1.25,559,41,12300,10.815,27.8,92467.0,3,1.25
D,4,45,200000,1.25,559,42,12600,71.679,117.7,13951.1,3,1.25
D,4,45,200000,1.25,559,43,12900,15.352,96.3,65138.1,3,1.25
D,4,45,200000,1.25,559,44,13200,16.016,79.7,62437.6,3,1.25
D,4,45,200000,1.25,559,45,13500,9.998,74.8,100020.0,3,1.25
D,4,45,200000,1.25,559,46,13800,11.868,76.4,84257.8,3,1.25
D,4,45,200000,1.25,559,47,14100,11.908,70.3,83977.2,3,1.25
D,4,45,200000,1.25,559,48,14400,12.095,70.0,82681.1,3,1.25
D,4,45,200000,1.25,559,49,14700,13.246,65.3,75494.5,3,1.25
D,4,45,200000,1.25,559,50,15000,15.336,75.1,65206.1,3,1.25
D,4,45,200000,1.5,670,1,300,60.359,154.0,16567.6,5,1.4982
D,4,45,200000,1.5,670,2,600,9.067,67.8,110290.0,5,1.4982
D,4,45,200000,1.5,670,3,900,9.376,56.0,106659.1,5,1.4982
D,4,45,200000,1.5,670,4,1200,11.505,58.7,86921.3,5,1.4982
D,4,45,200000,1.5,670,5,1500,11.947,44.2,83700.7,5,1.4982
D,4,45,200000,1.5,670,6,1800,12.646,68.5,79074.3,5,1.4982
D,4,45,200000,1.5,670,7,2100,13.694,40.8,73022.9,5,1.4982
D,4,45,200000,1.5,670,8,2400,14.65,49.9,68257.8,5,1.4982
D,4,45,200000,1.5,670,9,2700,16.609,67.7,60209.5,5,1.4982
D,4,45,200000,1.5,670,10,3000,17.597,54.5,56826.8,5,1.4982
D,4,45,200000,1.5,670,11,3300,52.038,75.9,19216.9,5,1.4982
D,4,45,200000,1.5,670,12,3600,21.139,84.8,47305.9,5,1.4982
D,4,45,200000,1.5,670,13,3900,21.226,73.8,47112.0,5,1.4982
D,4,45,200000,1.5,670,14,4200,20.541,67.5,48683.1,5,1.4982
D,4,45,200000,1.5,670,15,4500,24.191,84.0,41337.7,5,1.4982
D,4,45,200000,1.5,670,16,4800,25.4,81.6,39370.1,5,1.4982
D,4,45,200000,1.5,670,17,5100,26.426,87.9,37841.5,5,1.4982
D,4,45,200000,1.5,670,18,5400,24.688,92.0,40505.0,5,1.4982
D,4,45,200000,1.5,670,19,5700,28.121,102.1,35560.6,5,1.4982
D,4,45,200000,1.5,670,20,6000,28.385,100.8,35229.5,5,1.4982
D,4,45,200000,1.5,670,21,6300,78.818,141.4,12687.5,5,1.4982
D,4,45,200000,1.5,670,22,6600,10.562,77.3,94682.0,5,1.4982
D,4,45,200000,1.5,670,23,6900,13.731,78.1,72826.1,5,1.4982
D,4,45,200000,1.5,670,24,7200,14.027,84.9,71291.1,5,1.4982
D,4,45,200000,1.5,670,25,7500,14.521,84.7,68865.8,5,1.4982
D,4,45,200000,1.5,670,26,7800,15.577,60.7,64195.8,5,1.4982
D,4,45,200000,1.5,670,27,8100,23.207,64.3,43089.8,5,1.4982
D,4,45,200000,1.5,670,28,8400,17.534,62.8,57032.1,5,1.4982
D,4,45,200000,1.5,670,29,8700,19.363,81.2,51644.9,5,1.4982
D,4,45,200000,1.5,670,30,9000,19.165,68.0,52177.5,5,1.4982
D,4,45,200000,1.5,670,31,9300,49.156,62.3,20343.3,5,1.4982
D,4,45,200000,1.5,670,32,9600,8.686,63.5,115132.2,5,1.4982
D,4,45,200000,1.5,670,33,9900,9.065,59.4,110310.3,5,1.4982
D,4,45,200000,1.5,670,34,10200,10.254,73.7,97522.9,5,1.4982
D,4,45,200000,1.5,670,35,10500,9.295,66.3,107584.7,5,1.4982
D,4,45,200000,1.5,670,36,10800,9.677,54.9,103337.8,5,1.4982
D,4,45,200000,1.5,670,37,11100,10.777,64.9,92787.3,5,1.4982
D,4,45,200000,1.5,670,38,11400,11.481,83.6,87103.0,5,1.4982
D,4,45,200000,1.5,670,39,11700,10.852,72.1,92148.9,5,1.4982
D,4,45,200000,1.5,670,40,12000,9.935,68.2,100650.9,5,1.4982
D,4,45,200000,1.5,670,41,12300,11.359,71.8,88033.3,5,1.4982
D,4,45,200000,1.5,670,42,12600,68.359,129.8,14628.6,5,1.4982
D,4,45,200000,1.5,670,43,12900,15.233,101.5,65646.9,5,1.4982
D,4,45,200000,1.5,670,44,13200,16.687,90.9,59926.9,5,1.4982
D,4,45,200000,1.5,670,45,13500,14.497,84.7,68978.2,5,1.4982
D,4,45,200000,1.5,670,46,13800,15.806,79.2,63265.8,5,1.4982
D,4,45,200000,1.5,670,47,14100,14.643,80.9,68293.6,5,1.4982
D,4,45,200000,1.5,670,48,14400,15.573,76.5,64213.7,5,1.4982
D,4,45,200000,1.5,670,49,14700,15.815,88.2,63231.1,5,1.4982
D,4,45,200000,1.5,670,50,15000,15.387,79.7,64989.9,5,1.4982
D,4,45,200000,2.0,894,1,300,76.297,111.3,13106.7,5,1.999
D,4,45,200000,2.0,894,2,600,12.505,94.3,79970.2,5,1.999
D,4,45,200000,2.0,894,3,900,14.828,94.6,67438.5,5,1.999
D,4,45,200000,2.0,894,4,1200,15.044,114.3,66471.7,5,1.999
D,4,45,200000,2.0,894,5,1500,15.377,68.7,65033.6,5,1.999
D,4,45,200000,2.0,894,6,1800,17.251,72.2,57966.5,5,1.999
D,4,45,200000,2.0,894,7,2100,19.692,77.6,50781.2,5,1.999
D,4,45,200000,2.0,894,8,2400,19.574,99.3,51087.3,5,1.999
D,4,45,200000,2.0,894,9,2700,23.938,100.2,41774.6,5,1.999
D,4,45,200000,2.0,894,10,3000,21.929,73.4,45601.7,5,1.999
D,4,45,200000,2.0,894,11,3300,67.119,124.1,14899.0,5,1.999
D,4,45,200000,2.0,894,12,3600,24.91,93.6,40145.1,5,1.999
D,4,45,200000,2.0,894,13,3900,28.074,117.5,35620.1,5,1.999
D,4,45,200000,2.0,894,14,4200,26.582,82.7,37619.9,5,1.999
D,4,45,200000,2.0,894,15,4500,30.881,101.9,32382.0,5,1.999
D,4,45,200000,2.0,894,16,4800,31.308,93.2,31940.7,5,1.999
D,4,45,200000,2.0,894,17,5100,34.519,123.7,28969.6,5,1.999
D,4,45,200000,2.0,894,18,5400,32.887,99.8,30407.2,5,1.999
D,4,45,200000,2.0,894,19,5700,37.506,105.9,26662.4,5,1.999
D,4,45,200000,2.0,894,20,6000,37.141,102.5,26924.4,5,1.999
D,4,45,200000,2.0,894,21,6300,89.847,125.0,11130.0,5,1.999
D,4,45,200000,2.0,894,22,6600,14.985,114.0,66733.4,5,1.999
D,4,45,200000,2.0,894,23,6900,15.256,123.7,65549.4,5,1.999
D,4,45,200000,2.0,894,24,7200,13.838,90.5,72263.0,5,1.999
D,4,45,200000,2.0,894,25,7500,14.061,94.2,71118.7,5,1.999
D,4,45,200000,2.0,894,26,7800,13.533,73.7,73895.3,5,1.999
D,4,45,200000,2.0,894,27,8100,15.72,86.4,63611.9,5,1.999
D,4,45,200000,2.0,894,28,8400,14.71,81.6,67979.4,5,1.999
D,4,45,200000,2.0,894,29,8700,15.378,81.3,65026.6,5,1.999
D,4,45,200000,2.0,894,30,9000,16.621,103.9,60166.1,5,1.999
D,4,45,200000,2.0,894,31,9300,58.494,113.8,17095.8,5,1.999
D,4,45,200000,2.0,894,32,9600,14.33,77.1,69782.0,5,1.999
D,4,45,200000,2.0,894,33,9900,15.708,100.2,63660.5,5,1.999
D,4,45,200000,2.0,894,34,10200,14.74,90.0,67841.1,5,1.999
D,4,45,200000,2.0,894,35,10500,15.02,93.3,66576.4,5,1.999
D,4,45,200000,2.0,894,36,10800,14.909,70.0,67073.6,5,1.999
D,4,45,200000,2.0,894,37,11100,17.413,100.0,57428.4,5,1.999
D,4,45,200000,2.0,894,38,11400,14.847,77.3,67353.7,5,1.999
D,4,45,200000,2.0,894,39,11700,15.222,79.9,65692.9,5,1.999
D,4,45,200000,2.0,894,40,12000,16.571,91.8,60346.4,5,1.999
D,4,45,200000,2.0,894,41,12300,18.115,101.0,55201.9,5,1.999
D,4,45,200000,2.0,894,42,12600,86.25,206.1,11594.2,5,1.999
D,4,45,200000,2.0,894,43,12900,19.817,148.6,50460.9,5,1.999
D,4,45,200000,2.0,894,44,13200,21.027,117.1,47557.9,5,1.999
D,4,45,200000,2.0,894,45,13500,19.113,102.8,52320.4,5,1.999
D,4,45,200000,2.0,894,46,13800,17.396,123.9,57484.5,5,1.999
D,4,45,200000,2.0,894,47,14100,14.902,106.4,67106.6,5,1.999
D,4,45,200000,2.0,894,48,14400,15.226,125.8,65677.1,5,1.999
D,4,45,200000,2.0,894,49,14700,18.179,88.9,55009.5,5,1.999
D,4,45,200000,2.0,894,50,15000,14.085,82.7,70999.2,5,1.999