bench,run,seed,workload,search_p,insert_p,snapshot,ops_in_window,executed_ops,avg_search_hops,max_search_hops,min_search_hops,rolling_max_hops,rolling_mean_hops,avg_us,p99_us,throughput,maint_per_mutation,ceiling_slope
C,1,42,Read-only,0.99,0.005,1,300,300,170.715,707,3,170.715,170.715,29.586,70.1,33799.8,0.5,0.0
C,1,42,Read-only,0.99,0.005,2,300,600,32.291,96,3,170.715,101.503,12.884,41.8,77617.6,0.0,0.0
C,1,42,Read-only,0.99,0.005,3,300,900,33.418,97,2,170.715,78.808,12.878,40.9,77651.8,0.0,0.0
C,1,42,Read-only,0.99,0.005,4,300,1200,30.523,97,4,170.715,66.737,11.986,41.2,83428.3,0.0,0.0
C,1,42,Read-only,0.99,0.005,5,300,1500,33.05,96,4,170.715,59.999,13.993,52.7,71466.0,0.0,0.0
C,1,42,Read-only,0.99,0.005,6,300,1800,30.119,96,3,170.715,55.019,11.943,41.3,83731.1,0.0,0.0
C,1,42,Read-only,0.99,0.005,7,300,2100,32.446,97,2,170.715,51.795,12.875,41.3,77671.9,0.0,0.0
C,1,42,Read-only,0.99,0.005,8,300,2400,32.226,99,2,170.715,49.349,12.416,40.8,80541.2,0.0,0.0
C,1,42,Read-only,0.99,0.005,9,300,2700,31.517,95,3,170.715,47.367,13.301,48.1,75182.3,0.0,0.0
C,1,42,Read-only,0.99,0.005,10,300,3000,32.669,97,2,170.715,45.897,13.07,41.0,76509.1,0.0,0.0
C,1,42,Read-only,0.99,0.005,11,300,3300,33.254,97,2,170.715,44.748,13.333,40.8,75001.9,0.0,0.0
C,1,42,Read-only,0.99,0.005,12,300,3600,33.367,97,2,170.715,43.8,14.049,42.1,71177.8,0.0,0.0
C,1,42,Read-only,0.99,0.005,13,300,3900,30.367,96,3,170.715,42.766,11.5,40.5,86954.0,0.0,0.0
C,1,42,Read-only,0.99,0.005,14,300,4200,33.182,96,2,170.715,42.082,12.726,41.2,78581.4,0.0,0.0
C,1,42,Read-only,0.99,0.005,15,300,4500,33.889,99,2,170.715,41.536,13.468,40.6,74250.1,0.0,0.0
C,1,42,Read-only,0.99,0.005,16,300,4800,33.182,98,2,170.715,41.013,13.14,43.5,76101.6,0.0,0.0
C,1,42,Read-only,0.99,0.005,17,300,5100,34.532,99,2,170.715,40.632,12.874,41.6,77673.9,0.0,0.0
C,1,42,Read-only,0.99,0.005,18,300,5400,26.906,96,2,170.715,39.87,10.174,41.2,98293.0,0.0,0.0
C,1,42,Read-only,0.99,0.005,19,300,5700,27.22,87,2,170.715,39.204,10.413,41.8,96033.8,0.0,0.0
C,1,42,Read-only,0.99,0.005,20,300,6000,25.589,87,2,170.715,38.523,10.173,41.2,98299.4,0.0,0.0
C,1,42,Read-only,0.99,0.005,21,300,6300,27.866,87,2,170.715,38.016,10.214,41.0,97908.0,0.0,0.0
C,1,42,Read-only,0.99,0.005,22,300,6600,24.544,87,2,170.715,37.403,9.428,41.2,106070.8,0.0,0.0
C,1,42,Read-only,0.99,0.005,23,300,6900,26.182,87,2,170.715,36.915,9.579,41.4,104395.0,0.0,0.0
C,1,42,Read-only,0.99,0.005,24,300,7200,28.431,87,2,170.715,36.562,11.024,43.2,90713.9,0.0,0.0
C,1,42,Read-only,0.99,0.005,25,300,7500,28.183,87,3,170.715,36.227,10.399,41.7,96160.0,0.0,0.0
C,1,42,Read-only,0.99,0.005,26,300,7800,26.198,87,2,170.715,35.841,9.607,41.1,104090.8,0.0,0.0
C,1,42,Read-only,0.99,0.005,27,300,8100,29.104,87,3,170.715,35.592,10.814,40.7,92469.9,0.0,0.0
C,1,42,Read-only,0.99,0.005,28,300,8400,25.417,87,2,170.715,35.228,10.05,42.4,99505.8,0.0,0.0
C,1,42,Read-only,0.99,0.005,29,300,8700,25.195,87,2,170.715,34.882,9.404,41.2,106337.7,0.0,0.0
C,1,42,Read-only,0.99,0.005,30,300,9000,29.15,87,4,170.715,34.691,10.996,41.5,90939.4,0.0,0.0
C,1,42,Read-only,0.99,0.005,31,300,9300,22.86,87,3,170.715,34.309,9.229,42.0,108358.0,0.0,0.0
C,1,42,Read-only,0.99,0.005,32,300,9600,27.241,87,2,170.715,34.089,10.661,42.4,93796.9,0.0,0.0
C,1,42,Read-only,0.99,0.005,33,300,9900,26.13,87,2,170.715,33.847,10.256,41.1,97507.1,0.0,0.0
C,1,42,Read-only,0.99,0.005,34,300,10200,28.372,87,2,170.715,33.686,10.762,41.2,92922.4,0.0,0.0
C,1,42,Read-only,0.99,0.005,35,300,10500,28.054,87,2,170.715,33.525,10.433,41.2,95849.7,0.0,0.0
C,1,42,Read-only,0.99,0.005,36,300,10800,27.017,87,2,170.715,33.345,9.766,40.9,102399.5,0.0,0.0
C,1,42,Read-only,0.99,0.005,37,300,11100,29.401,87,2,170.715,33.238,12.082,48.3,82765.5,0.0,0.0
C,1,42,Read-only,0.99,0.005,38,300,11400,26.044,87,4,170.715,33.049,9.529,42.8,104946.4,0.0,0.0
C,1,42,Read-only,0.99,0.005,39,300,11700,24.678,68,2,170.715,32.834,8.955,19.6,111669.4,0.0,0.0
C,1,42,Read-only,0.99,0.005,40,300,12000,29.241,87,2,170.715,32.744,10.306,40.7,97034.0,0.0,0.0
C,1,42,Read-only,0.99,0.005,41,300,12300,24.886,87,4,170.715,32.553,9.611,29.9,104043.8,0.0,0.0
C,1,42,Read-only,0.99,0.005,42,300,12600,24.162,87,3,170.715,32.353,9.913,24.0,100877.6,0.0,0.0
C,1,42,Read-only,0.99,0.005,43,300,12900,24.088,87,3,170.715,32.161,9.014,28.0,110938.6,0.0,0.0
C,1,42,Read-only,0.99,0.005,44,300,13200,23.669,87,3,170.715,31.968,8.708,41.3,114841.3,0.0,0.0
C,1,42,Read-only,0.99,0.005,45,300,13500,24.85,87,3,170.715,31.809,9.304,41.3,107484.5,0.0,0.0
C,1,42,Read-only,0.99,0.005,46,300,13800,25.424,87,1,170.715,31.671,9.382,28.5,106587.1,0.0,0.0
C,1,42,Read-only,0.99,0.005,47,300,14100,24.294,87,2,170.715,31.514,8.857,20.4,112905.0,0.0,0.0
C,1,42,Read-only,0.99,0.005,48,300,14400,25.433,87,3,170.715,31.387,8.993,41.8,111201.7,0.0,0.0
C,1,42,Read-only,0.99,0.005,49,300,14700,25.865,87,2,170.715,31.274,9.139,40.8,109417.2,0.0,0.0
C,1,42,Read-only,0.99,0.005,50,300,15000,23.503,63,2,170.715,31.119,8.833,19.9,113211.8,0.0,0.0
C,1,42,Read-only,0.99,0.005,51,300,15300,24.943,87,3,170.715,30.998,8.769,22.4,114042.5,0.0,0.0
C,1,42,Read-only,0.99,0.005,52,300,15600,27.572,73,2,170.715,30.932,9.28,20.8,107758.6,0.0,0.0
C,1,42,Read-only,0.99,0.005,53,300,15900,22.368,87,1,170.715,30.77,8.361,41.9,119607.7,0.0,0.0
C,1,42,Read-only,0.99,0.005,54,300,16200,9.064,87,1,170.715,30.368,4.35,12.8,229885.0,0.0,0.0
C,1,42,Read-only,0.99,0.005,55,300,16500,7.678,45,2,170.715,29.956,3.696,11.3,270587.2,0.0,0.0
C,1,42,Read-only,0.99,0.005,56,300,16800,10.464,87,2,170.715,29.608,4.609,16.2,216982.5,0.0,0.0
C,1,42,Read-only,0.99,0.005,57,300,17100,10.326,87,2,170.715,29.269,4.604,40.8,217202.6,0.0,0.0
C,1,42,Read-only,0.99,0.005,58,300,17400,9.236,87,2,170.715,28.924,4.429,40.9,225784.6,0.0,0.0
C,1,42,Read-only,0.99,0.005,59,300,17700,9.49,52,2,170.715,28.595,4.068,12.4,245821.2,0.0,0.0
C,1,42,Read-only,0.99,0.005,60,300,18000,10.698,87,2,170.715,28.296,3.994,13.0,250396.4,0.0,0.0
C,1,42,Read-only,0.99,0.005,61,300,18300,10.707,52,2,170.715,28.008,4.177,11.6,239425.5,0.0,0.0
C,1,42,Read-only,0.99,0.005,62,300,18600,12.682,52,2,170.715,27.761,4.484,12.2,223031.8,0.0,0.0
C,1,42,Read-only,0.99,0.005,63,300,18900,13.181,87,2,170.715,27.529,4.674,36.6,213934.3,0.0,0.0
C,1,42,Read-only,0.99,0.005,64,300,19200,13.584,87,2,170.715,27.312,4.863,19.3,205648.5,0.0,0.0
C,1,42,Read-only,0.99,0.005,65,300,19500,12.658,87,2,170.715,27.086,7.246,35.5,138013.5,0.0,0.0
C,1,42,Read-only,0.99,0.005,66,300,19800,12.856,89,2,170.715,26.87,10.065,108.3,99357.5,0.0,0.0
C,1,42,Read-only,0.99,0.005,67,300,20100,13.788,87,2,170.715,26.675,8.066,34.4,123977.2,0.0,0.0
C,1,42,Read-only,0.99,0.005,68,300,20400,14.16,51,2,170.715,26.491,5.145,17.1,194363.4,0.0,0.0
C,1,42,Read-only,0.99,0.005,69,300,20700,15.236,87,2,170.715,26.328,4.826,19.3,207211.0,0.0,0.0
C,1,42,Read-only,0.99,0.005,70,300,21000,15.436,87,2,170.715,26.172,5.629,24.5,177651.4,0.0,0.0
C,1,42,Read-only,0.99,0.005,71,300,21300,15.338,87,2,170.715,26.02,5.076,17.7,197005.6,0.0,0.0
C,1,42,Read-only,0.99,0.005,72,300,21600,16.29,123,2,170.715,25.885,5.109,41.5,195745.7,0.0,0.0
C,1,42,Read-only,0.99,0.005,73,300,21900,15.993,87,2,170.715,25.749,4.938,17.2,202511.2,0.0,0.0
C,1,42,Read-only,0.99,0.005,74,300,22200,15.993,87,2,170.715,25.617,4.685,14.9,213432.0,0.0,0.0
C,1,42,Read-only,0.99,0.005,75,300,22500,17.249,87,2,170.715,25.506,5.148,15.6,194250.1,0.0,0.0
C,1,42,Read-only,0.99,0.005,76,300,22800,17.54,87,2,170.715,25.401,5.319,16.3,188005.2,0.0,0.0
C,1,42,Read-only,0.99,0.005,77,300,23100,16.848,87,2,170.715,25.29,5.04,16.9,198412.8,0.0,0.0
C,1,42,Read-only,0.99,0.005,78,300,23400,16.786,57,2,170.715,25.181,5.304,19.0,188525.1,0.0,0.0
C,1,42,Read-only,0.99,0.005,79,300,23700,17.956,87,2,170.715,25.089,5.559,41.8,179877.7,0.0,0.0
C,1,42,Read-only,0.99,0.005,80,300,24000,15.007,40,2,170.715,24.963,4.268,8.6,234283.5,0.0,0.0
C,1,42,Read-only,0.99,0.005,81,300,24300,17.235,53,2,170.715,24.868,5.157,14.8,193923.7,0.0,0.0
C,1,42,Read-only,0.99,0.005,82,300,24600,17.885,50,2,170.715,24.783,8.516,23.3,117426.0,0.0,0.0
C,1,42,Read-only,0.99,0.005,83,300,24900,18.525,50,2,170.715,24.707,4.975,14.8,200991.5,0.0,0.0
C,1,42,Read-only,0.99,0.005,84,100,25000,20.469,51,2,170.715,24.657,5.137,16.9,194666.3,0.0,0.0
C,1,42,Search-heavy,0.8,0.15,1,300,300,26.03,389,1,26.03,26.03,17.471,43.1,57236.6,0.015152,3.099813
C,1,42,Search-heavy,0.8,0.15,2,300,600,21.707,87,2,26.03,23.868,6.219,42.4,160797.5,0.0,3.099813
C,1,42,Search-heavy,0.8,0.15,3,300,900,30.38,74,3,30.38,26.039,6.183,14.1,161725.1,0.0,3.099813
C,1,42,Search-heavy,0.8,0.15,4,300,1200,42.226,106,3,42.226,30.085,7.277,19.9,137425.5,0.0,3.099813
C,1,42,Search-heavy,0.8,0.15,5,300,1500,55.076,134,2,55.076,35.084,9.162,42.1,109146.4,0.0,3.099813
C,1,42,Search-heavy,0.8,0.15,6,300,1800,66.81,172,4,66.81,40.371,9.85,40.9,101522.8,0.0,3.099813
C,1,42,Search-heavy,0.8,0.15,7,300,2100,75.788,192,4,75.788,45.431,10.143,21.1,98590.1,0.0,3.099813
C,1,42,Search-heavy,0.8,0.15,8,300,2400,87.396,213,2,87.396,50.676,11.162,41.3,89587.0,0.0,3.099813
C,1,42,Search-heavy,0.8,0.15,9,300,2700,88.45,243,3,88.45,54.874,11.207,29.2,89227.3,0.0,3.099813
C,1,42,Search-heavy,0.8,0.15,10,300,3000,98.82,282,3,98.82,59.268,11.909,26.6,83972.5,0.0,3.099813
C,1,42,Search-heavy,0.8,0.15,11,300,3300,120.465,307,4,120.465,64.832,13.473,30.2,74224.4,0.0,3.099813
C,1,42,Search-heavy,0.8,0.15,12,300,3600,139.641,329,3,139.641,71.066,14.923,32.4,67010.7,0.0,3.099813
C,1,42,Search-heavy,0.8,0.15,13,300,3900,142.142,341,5,142.142,76.533,15.395,34.1,64957.6,0.0,3.099813
C,1,42,Search-heavy,0.8,0.15,14,300,4200,141.987,386,1,142.142,81.208,15.764,39.0,63435.7,0.0,3.099813
C,1,42,Search-heavy,0.8,0.15,15,300,4500,136.074,410,4,142.142,84.866,16.605,44.9,60224.0,0.0,3.099813
C,1,42,Search-heavy,0.8,0.15,16,300,4800,167.412,441,3,167.412,90.025,17.711,43.5,56462.1,0.0,3.099813
C,1,42,Search-heavy,0.8,0.15,17,300,5100,173.365,473,3,173.365,94.928,19.374,71.6,51616.5,0.0,3.099813
C,1,42,Search-heavy,0.8,0.15,18,300,5400,181.396,479,2,181.396,99.731,19.055,46.0,52480.6,0.0,3.099813
C,1,42,Search-heavy,0.8,0.15,19,300,5700,192.568,512,2,192.568,104.617,20.244,52.5,49397.3,0.0,3.099813
C,1,42,Search-heavy,0.8,0.15,20,300,6000,175.184,549,2,192.568,108.146,19.043,53.0,52513.7,0.0,3.099813
C,1,42,Search-heavy,0.8,0.15,21,300,6300,205.839,579,2,205.839,112.798,21.876,65.3,45712.2,0.0,3.099813
C,1,42,Search-heavy,0.8,0.15,22,300,6600,218.822,598,3,218.822,117.617,22.415,60.3,44613.6,0.0,3.099813
C,1,42,Search-heavy,0.8,0.15,23,300,6900,224.374,628,6,224.374,122.259,28.213,72.7,35445.1,0.0,3.099813
C,1,42,Search-heavy,0.8,0.15,24,300,7200,242.049,673,3,242.049,127.25,24.164,67.6,41383.9,0.0,3.099813
C,1,42,Search-heavy,0.8,0.15,25,300,7500,242.154,697,4,242.154,131.846,24.698,69.1,40489.1,0.0,3.099813
C,1,42,Search-heavy,0.8,0.15,26,300,7800,268.016,701,3,268.016,137.083,26.957,70.2,37095.7,0.0,3.099813
C,1,42,Search-heavy,0.8,0.15,27,300,8100,284.937,760,3,284.937,142.559,28.307,76.0,35326.5,0.0,3.099813
C,1,42,Search-heavy,0.8,0.15,28,300,8400,272.979,756,4,284.937,147.217,27.686,78.4,36119.3,0.0,3.099813
C,1,42,Search-heavy,0.8,0.15,29,300,8700,285.793,819,4,285.793,151.996,28.631,81.5,34926.8,0.0,3.099813
C,1,42,Search-heavy,0.8,0.15,30,300,9000,295.467,842,4,295.467,156.778,29.954,92.3,33384.5,0.0,3.099813
C,1,42,Search-heavy,0.8,0.15,31,300,9300,310.021,861,3,310.021,161.721,31.073,101.7,32181.9,0.0,3.099813
C,1,42,Search-heavy,0.8,0.15,32,300,9600,41.922,632,1,310.021,157.978,7.197,44.9,138953.2,0.0,3.099813
C,1,42,Search-heavy,0.8,0.15,33,300,9900,44.642,254,2,310.021,154.543,7.007,25.4,142714.4,0.0,3.099813
C,1,42,Search-heavy,0.8,0.15,34,300,10200,58.633,263,3,310.021,151.722,8.23,25.4,121506.7,0.0,3.099813
C,1,42,Search-heavy,0.8,0.15,35,300,10500,71.562,269,3,310.021,149.432,9.431,27.9,106029.5,0.0,3.099813
C,1,42,Search-heavy,0.8,0.15,36,300,10800,73.085,273,3,310.021,147.311,9.332,27.4,107158.1,0.0,3.099813
C,1,42,Search-heavy,0.8,0.15,37,300,11100,91.255,294,2,310.021,145.796,10.481,28.3,95410.8,0.0,3.099813
C,1,42,Search-heavy,0.8,0.15,38,300,11400,112.273,296,3,310.021,144.914,12.226,28.8,81792.9,0.0,3.099813
C,1,42,Search-heavy,0.8,0.15,39,300,11700,106.68,302,3,310.021,143.934,12.562,29.9,79603.0,0.0,3.099813
C,1,42,Search-heavy,0.8,0.15,40,300,12000,126.925,315,3,310.021,143.509,13.517,29.6,73980.9,0.0,3.099813
C,1,42,Search-heavy,0.8,0.15,41,300,12300,138.283,307,3,310.021,143.381,14.465,29.9,69130.8,0.0,3.099813
C,1,42,Search-heavy,0.8,0.15,42,300,12600,146.47,329,6,310.021,143.455,15.596,41.0,64120.4,0.0,3.099813
C,1,42,Search-heavy,0.8,0.15,43,300,12900,177.215,359,2,310.021,144.24,17.606,34.8,56797.7,0.0,3.099813
C,1,42,Search-heavy,0.8,0.15,44,300,13200,167.772,384,2,310.021,144.775,17.369,47.2,57573.8,0.0,3.099813
C,1,42,Search-heavy,0.8,0.15,45,300,13500,91.521,391,1,310.021,143.591,10.446,38.1,95730.4,0.0,3.099813
C,1,42,Search-heavy,0.8,0.15,46,300,13800,28.612,349,2,310.021,141.092,17.721,44.3,56430.2,0.017241,3.099813
C,1,42,Search-heavy,0.8,0.15,47,300,14100,25.268,88,2,310.021,138.627,11.099,42.5,90095.5,0.0,3.099813
C,1,42,Search-heavy,0.8,0.15,48,300,14400,26.277,88,1,310.021,136.287,10.449,43.3,95702.9,0.0,3.099813
C,1,42,Search-heavy,0.8,0.15,49,300,14700,27.681,88,2,310.021,134.07,10.155,42.7,98473.7,0.0,3.099813
C,1,42,Search-heavy,0.8,0.15,50,300,15000,27.186,88,2,310.021,131.933,9.727,24.8,102806.6,0.0,3.099813
C,1,42,Search-heavy,0.8,0.15,51,300,15300,28.012,88,4,310.021,129.895,11.813,43.0,84650.1,0.0,3.099813
C,1,42,Search-heavy,0.8,0.15,52,300,15600,28.384,88,3,310.021,127.943,9.919,29.5,100813.2,0.0,3.099813
C,1,42,Search-heavy,0.8,0.15,53,300,15900,32.9,88,2,310.021,126.149,11.684,42.2,85584.7,0.0,3.099813
C,1,42,Search-heavy,0.8,0.15,54,300,16200,28.856,88,1,310.021,124.348,9.897,42.3,101040.7,0.0,3.099813
C,1,42,Search-heavy,0.8,0.15,55,300,16500,28.215,98,2,310.021,122.6,9.881,41.0,101200.9,0.0,3.099813
C,1,42,Search-heavy,0.8,0.15,56,300,16800,30.822,88,2,310.021,120.961,8.699,21.7,114955.7,0.0,3.099813
C,1,42,Search-heavy,0.8,0.15,57,300,17100,19.885,88,1,310.021,119.188,6.082,18.1,164419.7,0.0,3.099813
C,1,42,Search-heavy,0.8,0.15,58,300,17400,29.039,88,2,310.021,117.633,6.317,17.8,158302.9,0.0,3.099813
C,1,42,Search-heavy,0.8,0.15,59,300,17700,41.855,102,2,310.021,116.349,7.955,41.4,125707.1,0.0,3.099813
C,1,42,Search-heavy,0.8,0.15,60,300,18000,45.143,114,1,310.021,115.162,7.428,17.5,134625.7,0.0,3.099813
C,1,42,Search-heavy,0.8,0.15,61,300,18300,21.922,114,2,310.021,113.634,4.748,13.3,210600.2,0.0,3.099813
C,1,42,Search-heavy,0.8,0.15,62,300,18600,37.697,119,2,310.021,112.409,5.883,13.3,169971.6,0.0,3.099813
C,1,42,Search-heavy,0.8,0.15,63,300,18900,50.53,126,2,310.021,111.427,7.043,13.9,141985.0,0.0,3.099813
C,1,42,Search-heavy,0.8,0.15,64,300,19200,68.343,160,2,310.021,110.754,8.334,16.6,119985.6,0.0,3.099813
C,1,42,Search-heavy,0.8,0.15,65,300,19500,83.708,193,3,310.021,110.337,10.533,26.7,94939.7,0.0,3.099813
C,1,42,Search-heavy,0.8,0.15,66,300,19800,105.991,230,2,310.021,110.272,11.311,22.5,88412.1,0.0,3.099813
C,1,42,Search-heavy,0.8,0.15,67,300,20100,108.636,268,2,310.021,110.247,15.907,26.4,62864.1,0.0,3.099813
C,1,42,Search-heavy,0.8,0.15,68,300,20400,132.791,308,3,310.021,110.579,14.012,45.0,71367.4,0.0,3.099813
C,1,42,Search-heavy,0.8,0.15,69,300,20700,131.809,349,2,310.021,110.886,13.939,35.0,71742.9,0.0,3.099813
C,1,42,Search-heavy,0.8,0.15,70,300,21000,167.808,397,2,310.021,111.7,16.832,40.0,59409.5,0.0,3.099813
C,1,42,Search-heavy,0.8,0.15,71,300,21300,158.033,425,2,310.021,112.352,16.981,48.5,58889.4,0.0,3.099813
C,1,42,Search-heavy,0.8,0.15,72,300,21600,209.794,457,3,310.021,113.706,20.255,45.6,49369.7,0.0,3.099813
C,1,42,Search-heavy,0.8,0.15,73,300,21900,204.992,487,3,310.021,114.956,21.717,55.0,46046.2,0.0,3.099813
C,1,42,Search-heavy,0.8,0.15,74,300,22200,209.157,521,3,310.021,116.229,20.474,51.7,48842.4,0.0,3.099813
C,1,42,Search-heavy,0.8,0.15,75,300,22500,251.2,559,3,310.021,118.029,31.352,87.7,31895.9,0.0,3.099813
C,1,42,Search-heavy,0.8,0.15,76,300,22800,243.502,587,2,310.021,119.68,28.671,93.9,34878.4,0.0,3.099813
C,1,42,Search-heavy,0.8,0.15,77,300,23100,260.849,631,3,310.021,121.513,24.871,62.2,40206.9,0.0,3.099813
C,1,42,Search-heavy,0.8,0.15,78,300,23400,287.973,674,2,310.021,123.647,27.082,67.5,36924.4,0.0,3.099813
C,1,42,Search-heavy,0.8,0.15,79,300,23700,291.979,708,5,310.021,125.778,28.298,71.0,35338.6,0.0,3.099813
C,1,42,Search-heavy,0.8,0.15,80,300,24000,321.394,758,6,321.394,128.223,30.205,75.0,33107.1,0.0,3.099813
C,1,42,Search-heavy,0.8,0.15,81,300,24300,324.351,782,2,324.351,130.644,30.889,80.5,32373.6,0.0,3.099813
C,1,42,Search-heavy,0.8,0.15,82,300,24600,354.643,828,3,354.643,133.376,33.335,82.9,29998.8,0.0,3.099813
C,1,42,Search-heavy,0.8,0.15,83,300,24900,376.628,860,3,376.628,136.307,36.076,87.4,27719.5,0.0,3.099813
C,1,42,Search-heavy,0.8,0.15,84,100,25000,375.962,855,2,376.628,139.16,34.509,95.6,28977.9,0.0,3.099813
C,1,42,Balanced,0.34,0.33,1,300,300,26.266,87,3,26.266,26.266,19.022,64.4,52571.6,0.004854,3.932081
C,1,42,Balanced,0.34,0.33,2,300,600,27.279,63,3,27.279,26.772,10.385,25.4,96289.6,0.0,3.932081
C,1,42,Balanced,0.34,0.33,3,300,900,29.486,77,2,29.486,27.677,11.003,33.0,90887.0,0.0,3.932081
C,1,42,Balanced,0.34,0.33,4,300,1200,25.14,77,1,29.486,27.043,9.417,26.2,106190.9,0.0,3.932081
C,1,42,Balanced,0.34,0.33,5,300,1500,29.621,87,2,29.621,27.558,8.84,26.3,113126.4,0.0,3.932081
C,1,42,Balanced,0.34,0.33,6,300,1800,20.057,98,1,29.621,26.308,5.992,21.0,166879.9,0.0,3.932081
C,1,42,Balanced,0.34,0.33,7,300,2100,36.968,108,2,36.968,27.831,5.615,16.2,178083.7,0.0,3.932081
C,1,42,Balanced,0.34,0.33,8,300,2400,61.405,155,2,61.405,32.028,7.33,16.1,136425.6,0.0,3.932081
C,1,42,Balanced,0.34,0.33,9,300,2700,82.604,213,3,82.604,37.647,8.562,23.7,116795.1,0.0,3.932081
C,1,42,Balanced,0.34,0.33,10,300,3000,135.983,309,3,135.983,47.481,15.266,31.1,65506.5,0.0,3.932081
C,1,42,Balanced,0.34,0.33,11,300,3300,167.968,394,2,167.968,58.434,13.675,46.8,73126.1,0.0,3.932081
C,1,42,Balanced,0.34,0.33,12,300,3600,198.362,462,4,198.362,70.095,14.986,44.8,66730.4,0.0,3.932081
C,1,42,Balanced,0.34,0.33,13,300,3900,246.227,546,3,246.227,83.644,17.519,54.4,57082.0,0.0,3.932081
C,1,42,Balanced,0.34,0.33,14,300,4200,259.626,645,6,259.626,96.214,20.443,67.7,48915.7,0.0,3.932081
C,1,42,Balanced,0.34,0.33,15,300,4500,273.556,715,9,273.556,108.037,19.75,68.8,50632.1,0.0,3.932081
C,1,42,Balanced,0.34,0.33,16,300,4800,361.163,760,9,361.163,123.857,23.424,76.2,42690.6,0.0,3.932081
C,1,42,Balanced,0.34,0.33,17,300,5100,371.053,837,8,371.053,138.398,25.929,83.7,38567.4,0.0,3.932081
C,1,42,Balanced,0.34,0.33,18,300,5400,416.262,894,4,416.262,153.835,29.433,88.0,33975.1,0.0,3.932081
C,1,42,Balanced,0.34,0.33,19,300,5700,461.697,975,4,461.697,170.038,31.043,96.4,32213.7,0.0,3.932081
C,1,42,Balanced,0.34,0.33,20,300,6000,456.77,1070,8,461.697,184.375,40.485,109.9,24700.5,0.005,3.932081
C,1,42,Balanced,0.34,0.33,21,300,6300,27.223,72,2,461.697,176.891,12.055,33.5,82950.8,0.0,3.932081
C,1,42,Balanced,0.34,0.33,22,300,6600,26.97,68,1,461.697,170.077,11.146,32.1,89715.6,0.0,3.932081
C,1,42,Balanced,0.34,0.33,23,300,6900,30.125,90,2,461.697,163.992,8.381,45.6,119312.7,0.0,3.932081
C,1,42,Balanced,0.34,0.33,24,300,7200,43.327,124,2,461.697,158.964,8.152,23.7,122674.3,0.0,3.932081
C,1,42,Balanced,0.34,0.33,25,300,7500,32.212,117,1,461.697,153.894,6.536,18.7,152998.7,0.0,3.932081
C,1,42,Balanced,0.34,0.33,26,300,7800,39.27,105,2,461.697,149.485,6.773,21.0,147645.1,0.0,3.932081
C,1,42,Balanced,0.34,0.33,27,300,8100,69.577,188,4,461.697,146.526,8.249,18.3,121221.9,0.0,3.932081
C,1,42,Balanced,0.34,0.33,28,300,8400,103.991,257,2,461.697,145.007,9.918,25.4,100826.8,0.0,3.932081
C,1,42,Balanced,0.34,0.33,29,300,8700,125.663,329,4,461.697,144.34,11.605,32.3,86169.7,0.0,3.932081
C,1,42,Balanced,0.34,0.33,30,300,9000,164.244,403,3,461.697,145.003,17.282,40.2,57864.8,0.0,3.932081
C,1,42,Balanced,0.34,0.33,31,300,9300,195.204,481,3,461.697,146.623,15.643,48.0,63927.7,0.0,3.932081
C,1,42,Balanced,0.34,0.33,32,300,9600,91.918,479,2,461.697,144.913,9.462,44.0,105689.6,0.0,3.932081
C,1,42,Balanced,0.34,0.33,33,300,9900,56.945,146,2,461.697,142.247,6.692,14.9,149439.5,0.0,3.932081
C,1,42,Balanced,0.34,0.33,34,300,10200,77.505,197,3,461.697,140.343,7.947,19.4,125828.4,0.0,3.932081
C,1,42,Balanced,0.34,0.33,35,300,10500,108.783,266,2,461.697,139.441,10.875,30.6,91951.2,0.0,3.932081
C,1,42,Balanced,0.34,0.33,36,300,10800,153.32,355,3,461.697,139.827,12.899,35.1,77527.4,0.0,3.932081
C,1,42,Balanced,0.34,0.33,37,300,11100,172.322,448,2,461.697,140.705,14.189,42.3,70478.8,0.0,3.932081
C,1,42,Balanced,0.34,0.33,38,300,11400,221.98,526,2,461.697,142.844,17.198,51.2,58145.2,0.0,3.932081
C,1,42,Balanced,0.34,0.33,39,300,11700,224.562,600,2,461.697,144.939,17.987,59.4,55595.7,0.0,3.932081
C,1,42,Balanced,0.34,0.33,40,300,12000,294.032,685,7,461.697,148.667,20.373,64.8,49083.8,0.0,3.932081
C,1,42,Balanced,0.34,0.33,41,300,12300,94.794,663,4,461.697,147.353,22.581,57.7,44285.7,0.005051,3.932081
C,1,42,Balanced,0.34,0.33,42,300,12600,23.272,84,2,461.697,144.398,7.073,39.8,141382.8,0.0,3.932081
C,1,42,Balanced,0.34,0.33,43,300,12900,28.394,108,1,461.697,141.701,6.931,45.0,144279.3,0.0,3.932081
C,1,42,Balanced,0.34,0.33,44,300,13200,32.667,124,2,461.697,139.223,7.368,45.0,135728.2,0.0,3.932081
C,1,42,Balanced,0.34,0.33,45,300,13500,44.558,145,2,461.697,137.119,7.315,21.0,136705.4,0.0,3.932081
C,1,42,Balanced,0.34,0.33,46,300,13800,53.854,147,2,461.697,135.309,12.264,21.8,81539.4,0.0,3.932081
C,1,42,Balanced,0.34,0.33,47,300,14100,71.429,198,2,461.697,133.95,8.956,43.5,111652.8,0.0,3.932081
C,1,42,Balanced,0.34,0.33,48,300,14400,44.165,218,2,461.697,132.079,8.213,45.7,121753.2,0.0,3.932081
C,1,42,Balanced,0.34,0.33,49,300,14700,48.509,233,4,461.697,130.374,7.509,21.3,133167.5,0.0,3.932081
C,1,42,Balanced,0.34,0.33,50,300,15000,63.693,249,3,461.697,129.04,8.664,21.5,115420.1,0.0,3.932081
C,1,42,Balanced,0.34,0.33,51,300,15300,59.893,270,3,461.697,127.684,13.442,48.9,74395.5,0.005319,3.932081
C,1,42,Balanced,0.34,0.33,52,300,15600,90.076,296,2,461.697,126.961,9.76,27.4,102459.0,0.0,3.932081
C,1,42,Balanced,0.34,0.33,53,300,15900,95.133,294,5,461.697,126.36,10.56,29.6,94697.0,0.0,3.932081
C,1,42,Balanced,0.34,0.33,54,300,16200,109.396,329,5,461.697,126.046,11.668,33.2,85702.0,0.0,3.932081
C,1,42,Balanced,0.34,0.33,55,300,16500,135.901,354,4,461.697,126.225,12.526,36.6,79831.8,0.0,3.932081
C,1,42,Balanced,0.34,0.33,56,300,16800,139.533,376,4,461.697,126.463,13.547,42.6,73817.1,0.0,3.932081
C,1,42,Balanced,0.34,0.33,57,300,17100,144.843,378,3,461.697,126.785,13.622,38.1,73410.6,0.0,3.932081
C,1,42,Balanced,0.34,0.33,58,300,17400,159.743,436,6,461.697,127.354,14.166,43.0,70591.5,0.0,3.932081
C,1,42,Balanced,0.34,0.33,59,300,17700,148.378,452,4,461.697,127.71,14.937,45.8,66947.9,0.0,3.932081
C,1,42,Balanced,0.34,0.33,60,300,18000,115.824,465,2,461.697,127.512,11.539,45.7,86665.1,0.0,3.932081
C,1,42,Balanced,0.34,0.33,61,300,18300,55.733,430,3,461.697,126.335,24.16,80.0,41390.2,0.005128,3.932081
C,1,42,Balanced,0.34,0.33,62,300,18600,30.818,74,2,461.697,124.795,15.335,58.4,65210.3,0.0,3.932081
C,1,42,Balanced,0.34,0.33,63,300,18900,33.551,117,4,461.697,123.346,11.125,52.6,89887.6,0.0,3.932081
C,1,42,Balanced,0.34,0.33,64,300,19200,45.472,122,1,461.697,122.13,11.117,46.5,89952.3,0.0,3.932081
C,1,42,Balanced,0.34,0.33,65,300,19500,42.182,185,1,461.697,120.9,8.656,23.5,115526.9,0.0,3.932081
C,1,42,Balanced,0.34,0.33,66,300,19800,50.813,205,3,461.697,119.838,9.885,30.5,101163.3,0.0,3.932081
C,1,42,Balanced,0.34,0.33,67,300,20100,50.657,216,2,461.697,118.805,10.189,23.0,98148.3,0.0,3.932081
C,1,42,Balanced,0.34,0.33,68,300,20400,66.352,259,2,461.697,118.034,10.763,26.5,92910.9,0.0,3.932081
C,1,42,Balanced,0.34,0.33,69,300,20700,64.348,281,4,461.697,117.256,10.733,29.9,93167.7,0.0,3.932081
C,1,42,Balanced,0.34,0.33,70,300,21000,75.143,331,3,461.697,116.654,11.247,33.0,88910.0,0.0,3.932081
C,1,42,Balanced,0.34,0.33,71,300,21300,83.717,374,4,461.697,116.19,16.977,39.8,58904.4,0.005155,3.932081
C,1,42,Balanced,0.34,0.33,72,300,21600,96.073,397,3,461.697,115.911,11.957,39.9,83635.3,0.0,3.932081
C,1,42,Balanced,0.34,0.33,73,300,21900,102.535,422,3,461.697,115.728,12.453,42.6,80299.8,0.0,3.932081
C,1,42,Balanced,0.34,0.33,74,300,22200,95.707,444,1,461.697,115.457,12.363,44.6,80888.7,0.0,3.932081
C,1,42,Balanced,0.34,0.33,75,300,22500,89.792,505,1,461.697,115.115,11.191,49.4,89354.8,0.0,3.932081
C,1,42,Balanced,0.34,0.33,76,300,22800,151.151,526,2,461.697,115.589,11.531,53.4,86725.2,0.0,3.932081
C,1,42,Balanced,0.34,0.33,77,300,23100,145.789,539,3,461.697,115.981,12.958,52.5,77170.4,0.0,3.932081
C,1,42,Balanced,0.34,0.33,78,300,23400,152.074,561,2,461.697,116.444,13.37,51.7,74796.2,0.0,3.932081
C,1,42,Balanced,0.34,0.33,79,300,23700,197.573,586,3,461.697,117.471,14.662,57.8,68203.5,0.0,3.932081
C,1,42,Balanced,0.34,0.33,80,300,24000,212.101,666,8,461.697,118.654,15.849,65.1,63094.1,0.0,3.932081
C,1,42,Balanced,0.34,0.33,81,300,24300,136.842,665,4,461.697,118.878,26.387,76.5,37897.0,0.005376,3.932081
C,1,42,Balanced,0.34,0.33,82,300,24600,24.771,103,3,461.697,117.731,10.763,48.7,92908.0,0.0,3.932081
C,1,42,Balanced,0.34,0.33,83,300,24900,29.68,80,2,461.697,116.67,10.911,28.9,91653.4,0.0,3.932081
C,1,42,Balanced,0.34,0.33,84,100,25000,26.286,63,6,461.697,115.594,10.085,28.1,99157.2,0.0,3.932081
C,1,42,Insert-heavy,0.15,0.7,1,300,300,30.081,123,3,30.081,30.081,17.578,43.0,56888.2,0.003802,6.448757
C,1,42,Insert-heavy,0.15,0.7,2,300,600,22,59,1,30.081,26.041,7.445,30.6,134318.4,0.0,6.448757
C,1,42,Insert-heavy,0.15,0.7,3,300,900,75.569,195,4,75.569,42.55,7.435,21.4,134505.0,0.0,6.448757
C,1,42,Insert-heavy,0.15,0.7,4,300,1200,134.771,361,14,134.771,65.605,10.98,35.3,91072.0,0.0,6.448757
C,1,42,Insert-heavy,0.15,0.7,5,300,1500,216.977,503,8,216.977,95.88,18.505,46.5,54038.5,0.0,6.448757
C,1,42,Insert-heavy,0.15,0.7,6,300,1800,318.073,634,12,318.073,132.912,18.336,58.2,54536.5,0.0,6.448757
C,1,42,Insert-heavy,0.15,0.7,7,300,2100,417.263,886,14,417.263,173.533,23.416,82.0,42705.8,0.0,6.448757
C,1,42,Insert-heavy,0.15,0.7,8,300,2400,403.627,987,13,417.263,202.295,27.17,90.6,36805.8,0.0,6.448757
C,1,42,Insert-heavy,0.15,0.7,9,300,2700,492.744,1111,7,492.744,234.567,29.102,112.0,34361.5,0.0,6.448757
C,1,42,Insert-heavy,0.15,0.7,10,300,3000,416.474,1273,3,492.744,252.758,33.926,126.0,29475.6,0.003817,6.448757
C,1,42,Insert-heavy,0.15,0.7,11,300,3300,32.537,88,1,492.744,232.738,7.501,46.0,133321.4,0.0,6.448757
C,1,42,Insert-heavy,0.15,0.7,12,300,3600,62.38,175,2,492.744,218.541,6.837,17.1,146255.7,0.0,6.448757
C,1,42,Insert-heavy,0.15,0.7,13,300,3900,88.333,222,2,492.744,208.525,7.918,21.8,126299.8,0.0,6.448757
C,1,42,Insert-heavy,0.15,0.7,14,300,4200,140.605,286,3,492.744,203.674,10.729,29.4,93208.2,0.0,6.448757
C,1,42,Insert-heavy,0.15,0.7,15,300,4500,189.452,354,5,492.744,202.726,17.178,53.7,58212.9,0.0,6.448757
C,1,42,Insert-heavy,0.15,0.7,16,300,4800,222.316,448,14,492.744,203.95,15.328,42.6,65241.5,0.0,6.448757
C,1,42,Insert-heavy,0.15,0.7,17,300,5100,260.267,624,4,492.744,207.263,17.437,52.4,57350.4,0.0,6.448757
C,1,42,Insert-heavy,0.15,0.7,18,300,5400,314.158,770,10,492.744,213.202,21.002,77.2,47613.8,0.0,6.448757
C,1,42,Insert-heavy,0.15,0.7,19,300,5700,364.308,817,10,492.744,221.154,22.155,73.0,45135.9,0.0,6.448757
C,1,42,Insert-heavy,0.15,0.7,20,300,6000,124.766,867,3,492.744,216.335,21.49,80.7,46532.5,0.003953,6.448757
C,1,42,Insert-heavy,0.15,0.7,21,300,6300,72.513,202,1,492.744,209.486,9.295,26.7,107588.5,0.0,6.448757
C,1,42,Insert-heavy,0.15,0.7,22,300,6600,71.304,246,2,492.744,203.205,8.751,23.5,114277.0,0.0,6.448757
C,1,42,Insert-heavy,0.15,0.7,23,300,6900,126.927,387,2,492.744,199.889,10.872,46.7,91982.2,0.0,6.448757
C,1,42,Insert-heavy,0.15,0.7,24,300,7200,189.452,454,12,492.744,199.454,17.168,43.8,58247.9,0.0,6.448757
C,1,42,Insert-heavy,0.15,0.7,25,300,7500,183.049,481,7,492.744,198.798,14.544,50.6,68755.3,0.0,6.448757
C,1,42,Insert-heavy,0.15,0.7,26,300,7800,211.786,604,15,492.744,199.297,16.358,51.4,61132.2,0.0,6.448757
C,1,42,Insert-heavy,0.15,0.7,27,300,8100,343.143,738,13,492.744,204.625,19.446,70.8,51423.6,0.0,6.448757
C,1,42,Insert-heavy,0.15,0.7,28,300,8400,376.778,824,5,492.744,210.773,22.583,81.9,44281.8,0.0,6.448757
C,1,42,Insert-heavy,0.15,0.7,29,300,8700,194.514,889,4,492.744,210.213,25.947,88.0,38539.6,0.003802,6.448757
C,1,42,Insert-heavy,0.15,0.7,30,300,9000,37.13,94,5,492.744,204.443,11.003,29.4,90884.3,0.0,6.448757
C,1,42,Insert-heavy,0.15,0.7,31,300,9300,40.326,133,2,492.744,199.149,7.542,25.1,132584.9,0.0,6.448757
C,1,42,Insert-heavy,0.15,0.7,32,300,9600,88.812,173,2,492.744,195.701,8.445,20.3,118408.6,0.0,6.448757
C,1,42,Insert-heavy,0.15,0.7,33,300,9900,147.65,331,29,492.744,194.245,10.723,32.1,93254.6,0.0,6.448757
C,1,42,Insert-heavy,0.15,0.7,34,300,10200,185.341,432,2,492.744,193.983,18.6,43.4,53763.4,0.0,6.448757
C,1,42,Insert-heavy,0.15,0.7,35,300,10500,309.311,618,2,492.744,197.278,17.329,58.1,57707.8,0.0,6.448757
C,1,42,Insert-heavy,0.15,0.7,36,300,10800,257.279,637,2,492.744,198.945,22.487,63.0,44469.5,0.0,6.448757
C,1,42,Insert-heavy,0.15,0.7,37,300,11100,330.917,784,12,492.744,202.512,22.115,74.1,45217.5,0.0,6.448757
C,1,42,Insert-heavy,0.15,0.7,38,300,11400,445.185,959,10,492.744,208.898,26.513,92.6,37716.9,0.0,6.448757
C,1,42,Insert-heavy,0.15,0.7,39,300,11700,45,847,3,492.744,204.695,21.145,88.7,47291.8,0.003922,6.448757
C,1,42,Insert-heavy,0.15,0.7,40,300,12000,80.227,209,12,492.744,201.584,7.163,21.1,139612.8,0.0,6.448757
C,1,42,Insert-heavy,0.15,0.7,41,300,12300,153.298,405,2,492.744,200.406,11.752,39.1,85094.3,0.0,6.448757
C,1,42,Insert-heavy,0.15,0.7,42,300,12600,234.16,571,7,492.744,201.21,18.108,56.6,55223.2,0.0,6.448757
C,1,42,Insert-heavy,0.15,0.7,43,300,12900,349.082,739,9,492.744,204.648,25.857,71.6,38673.7,0.0,6.448757
C,1,42,Insert-heavy,0.15,0.7,44,300,13200,391.37,851,10,492.744,208.892,25.481,81.8,39244.4,0.0,6.448757
C,1,42,Insert-heavy,0.15,0.7,45,300,13500,605.786,1103,4,605.786,217.712,32.011,108.9,31238.9,0.0,6.448757
C,1,42,Insert-heavy,0.15,0.7,46,300,13800,654.264,1251,35,654.264,227.202,45.414,184.2,22019.8,0.0,6.448757
C,1,42,Insert-heavy,0.15,0.7,47,300,14100,752.956,1531,5,752.956,238.389,39.864,140.4,25085.5,0.0,6.448757
C,1,42,Insert-heavy,0.15,0.7,48,300,14400,566.052,1619,6,752.956,245.215,47.626,179.6,20997.1,0.004132,6.448757
C,1,42,Insert-heavy,0.15,0.7,49,300,14700,29.375,74,3,752.956,240.81,12.746,60.6,78456.0,0.0,6.448757
C,1,42,Insert-heavy,0.15,0.7,50,300,15000,29.659,106,4,752.956,236.587,11.655,54.7,85797.6,0.0,6.448757
C,1,42,Insert-heavy,0.15,0.7,51,300,15300,32.143,104,6,752.956,232.578,10.876,28.0,91945.6,0.0,6.448757
C,1,42,Insert-heavy,0.15,0.7,52,300,15600,36.447,159,4,752.956,228.806,12.641,32.1,79109.7,0.0,6.448757
C,1,42,Insert-heavy,0.15,0.7,53,300,15900,46.327,179,3,752.956,225.363,17.301,27.1,57799.0,0.003984,6.448757
C,1,42,Insert-heavy,0.15,0.7,54,300,16200,32.806,113,4,752.956,221.798,11.657,55.0,85787.9,0.0,6.448757
C,1,42,Insert-heavy,0.15,0.7,55,300,16500,39.154,119,2,752.956,218.477,7.03,19.1,142254.3,0.0,6.448757
C,1,42,Insert-heavy,0.15,0.7,56,300,16800,105.366,274,4,752.956,216.457,9.392,25.2,106469.8,0.0,6.448757
C,1,42,Insert-heavy,0.15,0.7,57,300,17100,143.74,378,2,752.956,215.181,11.932,34.3,83808.2,0.0,6.448757
C,1,42,Insert-heavy,0.15,0.7,58,300,17400,44.023,401,2,752.956,212.23,20.137,58.6,49659.8,0.003906,6.448757
C,1,42,Insert-heavy,0.15,0.7,59,300,17700,30.982,87,5,752.956,209.158,10.214,56.4,97908.0,0.0,6.448757
C,1,42,Insert-heavy,0.15,0.7,60,300,18000,42.923,153,3,752.956,206.388,7.284,57.1,137287.3,0.0,6.448757
C,1,42,Insert-heavy,0.15,0.7,61,300,18300,112.592,253,2,752.956,204.85,9.524,57.3,104994.2,0.0,6.448757
C,1,42,Insert-heavy,0.15,0.7,62,300,18600,153.158,359,3,752.956,204.016,11.827,58.1,84552.3,0.0,6.448757
C,1,42,Insert-heavy,0.15,0.7,63,300,18900,228.7,556,19,752.956,204.408,20.018,55.1,49955.0,0.0,6.448757
C,1,42,Insert-heavy,0.15,0.7,64,300,19200,271.151,647,3,752.956,205.451,18.012,65.5,55517.5,0.0,6.448757
C,1,42,Insert-heavy,0.15,0.7,65,300,19500,317,747,3,752.956,207.167,20.978,68.2,47669.7,0.0,6.448757
C,1,42,Insert-heavy,0.15,0.7,66,300,19800,382.722,1009,5,752.956,209.827,24.675,88.6,40526.3,0.0,6.448757
C,1,42,Insert-heavy,0.15,0.7,67,300,20100,405.159,1105,4,752.956,212.742,27.258,104.4,36686.0,0.0,6.448757
C,1,42,Insert-heavy,0.15,0.7,68,300,20400,62.488,593,2,752.956,210.533,20.254,60.1,49373.0,0.003891,6.448757
C,1,42,Insert-heavy,0.15,0.7,69,300,20700,61.83,163,3,752.956,208.378,9.485,59.0,105429.6,0.0,6.448757
C,1,42,Insert-heavy,0.15,0.7,70,300,21000,84.549,249,3,752.956,206.609,8.226,24.4,121570.7,0.0,6.448757
C,1,42,Insert-heavy,0.15,0.7,71,300,21300,107.154,320,3,752.956,205.208,9.138,29.9,109429.2,0.0,6.448757
C,1,42,Insert-heavy,0.15,0.7,72,300,21600,119.42,371,7,752.956,204.016,17.312,67.2,57764.5,0.0,6.448757
C,1,42,Insert-heavy,0.15,0.7,73,300,21900,159.959,439,4,752.956,203.413,12.434,36.3,80424.6,0.0,6.448757
C,1,42,Insert-heavy,0.15,0.7,74,300,22200,152.333,461,3,752.956,202.723,11.85,45.7,84388.2,0.0,6.448757
C,1,42,Insert-heavy,0.15,0.7,75,300,22500,158.59,475,3,752.956,202.134,11.105,48.7,90046.8,0.0,6.448757
C,1,42,Insert-heavy,0.15,0.7,76,300,22800,253.372,649,19,752.956,202.808,14.606,64.7,68465.0,0.0,6.448757
C,1,42,Insert-heavy,0.15,0.7,77,300,23100,219.38,700,5,752.956,203.024,24.693,69.4,40497.9,0.004,6.448757
C,1,42,Insert-heavy,0.15,0.7,78,300,23400,64.975,139,5,752.956,201.254,9.024,59.6,110819.7,0.0,6.448757
C,1,42,Insert-heavy,0.15,0.7,79,300,23700,113.2,283,4,752.956,200.139,10.49,29.2,95328.9,0.0,6.448757
C,1,42,Insert-heavy,0.15,0.7,80,300,24000,132.37,386,10,752.956,199.292,12.322,39.3,81157.8,0.0,6.448757
C,1,42,Insert-heavy,0.15,0.7,81,300,24300,156.87,476,2,752.956,198.768,14.413,46.2,69383.4,0.0,6.448757
C,1,42,Insert-heavy,0.15,0.7,82,300,24600,180.106,614,12,752.956,198.541,20.542,57.9,48680.0,0.0,6.448757
C,1,42,Insert-heavy,0.15,0.7,83,300,24900,173.103,724,6,752.956,198.234,16.279,57.2,61430.1,0.0,6.448757
C,1,42,Insert-heavy,0.15,0.7,84,100,25000,304.235,776,8,752.956,199.496,19.436,102.2,51450.9,0.0,6.448757
C,1,42,Write-heavy,0.1,0.5,1,300,300,20.815,67,2,20.815,20.815,14.66,53.5,68211.3,0.003663,3.533976
C,1,42,Write-heavy,0.1,0.5,2,300,600,65.286,152,4,65.286,43.05,7.189,41.7,139107.7,0.0,3.533976
C,1,42,Write-heavy,0.1,0.5,3,300,900,100.605,280,4,100.605,62.235,9.239,24.3,108236.9,0.0,3.533976
C,1,42,Write-heavy,0.1,0.5,4,300,1200,147.636,376,6,147.636,83.586,12.045,38.5,83022.0,0.0,3.533976
C,1,42,Write-heavy,0.1,0.5,5,300,1500,173.591,463,10,173.591,101.587,13.314,39.2,75107.0,0.0,3.533976
C,1,42,Write-heavy,0.1,0.5,6,300,1800,173.947,491,6,173.947,113.647,15.728,40.7,63580.9,0.0,3.533976
C,1,42,Write-heavy,0.1,0.5,7,300,2100,47.593,126,3,173.947,104.21,9.775,33.3,102301.8,0.0,3.533976
C,1,42,Write-heavy,0.1,0.5,8,300,2400,71.625,175,4,173.947,100.137,8.343,41.8,119860.9,0.0,3.533976
C,1,42,Write-heavy,0.1,0.5,9,300,2700,168.583,315,5,173.947,107.742,11.128,41.1,89866.1,0.0,3.533976
C,1,42,Write-heavy,0.1,0.5,10,300,3000,220.703,455,3,220.703,119.038,13.344,43.1,74938.2,0.0,3.533976
C,1,42,Write-heavy,0.1,0.5,11,300,3300,234.906,591,7,234.906,129.572,17.314,59.0,57757.8,0.0,3.533976
C,1,42,Write-heavy,0.1,0.5,12,300,3600,271.906,726,4,271.906,141.433,18.779,63.2,53251.9,0.0,3.533976
C,1,42,Write-heavy,0.1,0.5,13,300,3900,485.519,833,101,485.519,167.901,23.282,81.2,42951.6,0.0,3.533976
C,1,42,Write-heavy,0.1,0.5,14,300,4200,111.545,813,4,485.519,163.876,23.514,64.5,42528.5,0.003745,3.533976
C,1,42,Write-heavy,0.1,0.5,15,300,4500,33.296,74,6,485.519,155.17,9.986,30.8,100140.2,0.0,3.533976
C,1,42,Write-heavy,0.1,0.5,16,300,4800,31.786,95,2,485.519,147.459,8.041,43.5,124367.8,0.0,3.533976
C,1,42,Write-heavy,0.1,0.5,17,300,5100,41.387,148,4,485.519,141.219,7.561,25.2,132251.8,0.0,3.533976
C,1,42,Write-heavy,0.1,0.5,18,300,5400,66,168,13,485.519,137.041,9.009,24.9,111004.2,0.0,3.533976
C,1,42,Write-heavy,0.1,0.5,19,300,5700,71.375,212,6,485.519,133.584,9.268,22.9,107898.2,0.0,3.533976
C,1,42,Write-heavy,0.1,0.5,20,300,6000,91.452,225,11,485.519,131.478,9.789,21.3,102155.5,0.0,3.533976
C,1,42,Write-heavy,0.1,0.5,21,300,6300,89.909,294,8,485.519,129.498,13.896,29.3,71961.4,0.0,3.533976
C,1,42,Write-heavy,0.1,0.5,22,300,6600,104.882,347,2,485.519,128.379,10.531,30.1,94957.8,0.0,3.533976
C,1,42,Write-heavy,0.1,0.5,23,300,6900,85.034,396,7,485.519,126.495,8.217,38.0,121703.9,0.0,3.533976
C,1,42,Write-heavy,0.1,0.5,24,300,7200,115.029,367,2,485.519,126.017,9.344,31.8,107024.3,0.0,3.533976
C,1,42,Write-heavy,0.1,0.5,25,300,7500,111.548,369,2,485.519,125.438,10.345,37.8,96668.2,0.0,3.533976
C,1,42,Write-heavy,0.1,0.5,26,300,7800,157.585,510,2,485.519,126.675,12.4,50.7,80645.2,0.0,3.533976
C,1,42,Write-heavy,0.1,0.5,27,300,8100,161.484,482,8,485.519,127.964,22.912,72.0,43645.9,0.003717,3.533976
C,1,42,Write-heavy,0.1,0.5,28,300,8400,27.652,62,2,485.519,124.381,9.955,46.3,100455.4,0.0,3.533976
C,1,42,Write-heavy,0.1,0.5,29,300,8700,40.714,117,2,485.519,121.496,9.03,24.2,110746.0,0.0,3.533976
C,1,42,Write-heavy,0.1,0.5,30,300,9000,37.2,136,3,485.519,118.686,6.63,24.0,150829.7,0.0,3.533976
C,1,42,Write-heavy,0.1,0.5,31,300,9300,73.036,148,2,485.519,117.214,7.034,15.4,142173.4,0.0,3.533976
C,1,42,Write-heavy,0.1,0.5,32,300,9600,112.382,225,2,485.519,117.063,9.734,47.0,102729.2,0.0,3.533976
C,1,42,Write-heavy,0.1,0.5,33,300,9900,174,355,9,485.519,118.788,12.238,39.6,81712.7,0.0,3.533976
C,1,42,Write-heavy,0.1,0.5,34,300,10200,176.926,422,10,485.519,120.498,17.478,42.0,57215.9,0.0,3.533976
C,1,42,Write-heavy,0.1,0.5,35,300,10500,236.929,550,4,485.519,123.825,15.277,49.7,65459.3,0.0,3.533976
C,1,42,Write-heavy,0.1,0.5,36,300,10800,321.556,671,6,485.519,129.317,18.173,60.3,55027.7,0.0,3.533976
C,1,42,Write-heavy,0.1,0.5,37,300,11100,315.84,736,24,485.519,134.358,19.999,73.8,50002.5,0.0,3.533976
C,1,42,Write-heavy,0.1,0.5,38,300,11400,309.586,871,12,485.519,138.97,22.278,77.7,44888.0,0.0,3.533976
C,1,42,Write-heavy,0.1,0.5,39,300,11700,416.882,997,9,485.519,146.096,23.773,96.6,42064.5,0.0,3.533976
C,1,42,Write-heavy,0.1,0.5,40,300,12000,521.615,1056,5,521.615,155.484,36.904,107.1,27097.6,0.003831,3.533976
C,1,42,Write-heavy,0.1,0.5,41,300,12300,41.152,102,2,521.615,152.695,11.038,53.8,90598.8,0.0,3.533976
C,1,42,Write-heavy,0.1,0.5,42,300,12600,54.821,135,3,521.615,150.365,10.131,47.1,98703.7,0.0,3.533976
C,1,42,Write-heavy,0.1,0.5,43,300,12900,43.481,130,9,521.615,147.879,9.784,28.2,102211.2,0.0,3.533976
C,1,42,Write-heavy,0.1,0.5,44,300,13200,40.722,156,2,521.615,145.444,8.599,22.5,116288.1,0.0,3.533976
C,1,42,Write-heavy,0.1,0.5,45,300,13500,67,220,3,521.615,143.701,8.173,21.5,122359.1,0.0,3.533976
C,1,42,Write-heavy,0.1,0.5,46,300,13800,77.226,256,6,521.615,142.255,8.904,22.6,112304.8,0.0,3.533976
C,1,42,Write-heavy,0.1,0.5,47,300,14100,112.25,371,6,521.615,141.617,15.777,37.9,63382.1,0.0,3.533976
C,1,42,Write-heavy,0.1,0.5,48,300,14400,93.135,289,6,521.615,140.607,11.361,27.5,88020.4,0.0,3.533976
C,1,42,Write-heavy,0.1,0.5,49,300,14700,105.636,297,5,521.615,139.893,12.79,30.3,78186.1,0.0,3.533976
C,1,42,Write-heavy,0.1,0.5,50,300,15000,204,515,17,521.615,141.175,13.302,38.5,75176.6,0.0,3.533976
C,1,42,Write-heavy,0.1,0.5,51,300,15300,214.7,518,2,521.615,142.617,14.423,54.1,69335.3,0.0,3.533976
C,1,42,Write-heavy,0.1,0.5,52,300,15600,188.621,593,6,521.615,143.502,15.819,53.0,63215.1,0.0,3.533976
C,1,42,Write-heavy,0.1,0.5,53,300,15900,279.107,642,12,521.615,146.06,24.016,88.1,41639.5,0.0,3.533976
C,1,42,Write-heavy,0.1,0.5,54,300,16200,211.8,604,6,521.615,147.278,26.447,61.7,37811.9,0.003704,3.533976
C,1,42,Write-heavy,0.1,0.5,55,300,16500,21.619,74,2,521.615,144.993,8.343,49.3,119865.8,0.0,3.533976
C,1,42,Write-heavy,0.1,0.5,56,300,16800,57.5,121,2,521.615,143.431,6.171,13.6,162057.1,0.0,3.533976
C,1,42,Write-heavy,0.1,0.5,57,300,17100,101.526,220,2,521.615,142.696,8.029,22.5,124543.3,0.0,3.533976
C,1,42,Write-heavy,0.1,0.5,58,300,17400,134.864,283,9,521.615,142.56,9.936,25.5,100644.1,0.0,3.533976
C,1,42,Write-heavy,0.1,0.5,59,300,17700,169.243,412,6,521.615,143.013,12.973,51.5,77085.2,0.0,3.533976
C,1,42,Write-heavy,0.1,0.5,60,300,18000,197.828,491,12,521.615,143.926,13.804,47.1,72441.0,0.0,3.533976
C,1,42,Write-heavy,0.1,0.5,61,300,18300,250,616,10,521.615,145.665,21.054,57.2,47497.7,0.0,3.533976
C,1,42,Write-heavy,0.1,0.5,62,300,18600,250.923,705,6,521.615,147.363,17.737,50.2,56378.3,0.0,3.533976
C,1,42,Write-heavy,0.1,0.5,63,300,18900,307.677,770,15,521.615,149.908,18.877,65.3,52975.5,0.0,3.533976
C,1,42,Write-heavy,0.1,0.5,64,300,19200,322.296,869,12,521.615,152.601,21.181,74.7,47211.4,0.0,3.533976
C,1,42,Write-heavy,0.1,0.5,65,300,19500,127.679,972,2,521.615,152.218,11.54,66.8,86652.6,0.0,3.533976
C,1,42,Write-heavy,0.1,0.5,66,300,19800,108.857,458,4,521.615,151.561,9.021,37.5,110852.5,0.0,3.533976
C,1,42,Write-heavy,0.1,0.5,67,300,20100,87.793,404,5,521.615,150.609,18.236,50.6,54836.6,0.00369,3.533976
C,1,42,Write-heavy,0.1,0.5,68,300,20400,61.655,137,4,521.615,149.301,6.822,50.3,146591.8,0.0,3.533976
C,1,42,Write-heavy,0.1,0.5,69,300,20700,80.4,223,4,521.615,148.302,8.356,22.8,119674.5,0.0,3.533976
C,1,42,Write-heavy,0.1,0.5,70,300,21000,115.069,335,6,521.615,147.828,10.498,50.7,95253.2,0.0,3.533976
C,1,42,Write-heavy,0.1,0.5,71,300,21300,247.577,399,17,521.615,149.232,13.591,46.5,73579.9,0.0,3.533976
C,1,42,Write-heavy,0.1,0.5,72,300,21600,259.542,563,19,521.615,150.765,14.386,57.3,69510.4,0.0,3.533976
C,1,42,Write-heavy,0.1,0.5,73,300,21900,256.812,642,11,521.615,152.217,15.766,60.5,63426.3,0.0,3.533976
C,1,42,Write-heavy,0.1,0.5,74,300,22200,145.639,474,6,521.615,152.128,18.801,54.8,53187.7,0.003788,3.533976
C,1,42,Write-heavy,0.1,0.5,75,300,22500,132.394,341,4,521.615,151.865,12.857,69.1,77776.6,0.0,3.533976
C,1,42,Write-heavy,0.1,0.5,76,300,22800,168.692,382,16,521.615,152.087,13.663,52.7,73192.1,0.0,3.533976
C,1,42,Write-heavy,0.1,0.5,77,300,23100,157.065,429,16,521.615,152.151,14.72,50.0,67936.3,0.0,3.533976
C,1,42,Write-heavy,0.1,0.5,78,300,23400,203.333,458,7,521.615,152.807,15.365,51.1,65081.6,0.0,3.533976
C,1,42,Write-heavy,0.1,0.5,79,300,23700,212.314,432,19,521.615,153.561,16.888,54.1,59214.8,0.0,3.533976
C,1,42,Write-heavy,0.1,0.5,80,300,24000,203.364,530,6,521.615,154.183,23.942,53.7,41767.6,0.003597,3.533976
C,1,42,Write-heavy,0.1,0.5,81,300,24300,15.609,37,3,521.615,152.472,8.42,31.1,118769.5,0.0,3.533976
C,1,42,Write-heavy,0.1,0.5,82,300,24600,44.036,111,3,521.615,151.15,6.08,20.2,164482.6,0.0,3.533976
C,1,42,Write-heavy,0.1,0.5,83,300,24900,56.926,166,1,521.615,150.015,10.085,28.7,99157.2,0.0,3.533976
C,1,42,Write-heavy,0.1,0.5,84,100,25000,33,73,7,521.615,148.622,5.09,9.0,196463.7,0.0,3.533976
C,1,42,Insert-flood,0.02,0.97,1,300,300,45.5,87,8,45.5,45.5,18.79,57.9,53218.8,0.003378,7.300121
C,1,42,Insert-flood,0.02,0.97,2,300,600,35.4,50,14,45.5,40.45,10.794,42.7,92646.9,0.0,7.300121
C,1,42,Insert-flood,0.02,0.97,3,300,900,35.5,55,9,45.5,38.8,11.114,39.2,89979.3,0.0,7.300121
C,1,42,Insert-flood,0.02,0.97,4,300,1200,29.6,120,1,45.5,36.5,10.437,24.5,95813.0,0.0,7.300121
C,1,42,Insert-flood,0.02,0.97,5,300,1500,118,118,118,118,52.8,7.947,14.7,125839.0,0.0,7.300121
C,1,42,Insert-flood,0.02,0.97,6,300,1800,48.5,110,15,118,52.083,8.232,18.8,121482.0,0.0,7.300121
C,1,42,Insert-flood,0.02,0.97,7,300,2100,179,282,53,179,70.214,18.155,30.2,55082.3,0.003378,7.300121
C,1,42,Insert-flood,0.02,0.97,8,300,2400,18.75,47,7,179,63.781,13.558,43.2,73757.2,0.0,7.300121
C,1,42,Insert-flood,0.02,0.97,9,300,2700,59.667,150,4,179,63.324,10.643,25.6,93955.5,0.0,7.300121
C,1,42,Insert-flood,0.02,0.97,10,300,3000,49.6,137,5,179,61.952,6.99,23.7,143061.5,0.0,7.300121
C,1,42,Insert-flood,0.02,0.97,11,300,3300,167,260,60,179,71.502,139.006,43.5,7193.9,0.0,7.300121
C,1,42,Insert-flood,0.02,0.97,12,300,3600,169.429,482,4,179,79.662,15.883,39.6,62959.1,0.0,7.300121
C,1,42,Insert-flood,0.02,0.97,13,300,3900,377.091,679,22,377.091,102.541,21.997,66.0,45460.1,0.0,7.300121
C,1,42,Insert-flood,0.02,0.97,14,300,4200,576.375,921,322,576.375,136.387,34.14,99.5,29291.4,0.003425,7.300121
C,1,42,Insert-flood,0.02,0.97,15,300,4500,26,97,3,576.375,129.027,8.444,46.3,118422.6,0.0,7.300121
C,1,42,Insert-flood,0.02,0.97,16,300,4800,62.333,150,21,576.375,124.859,7.365,24.0,135783.5,0.0,7.300121
C,1,42,Insert-flood,0.02,0.97,17,300,5100,91.857,191,32,576.375,122.918,9.284,47.5,107708.3,0.0,7.300121
C,1,42,Insert-flood,0.02,0.97,18,300,5400,122.4,207,26,576.375,122.889,15.172,24.4,65912.3,0.0,7.300121
C,1,42,Insert-flood,0.02,0.97,19,300,5700,94.833,404,6,576.375,121.412,10.894,32.7,91790.8,0.0,7.300121
C,1,42,Insert-flood,0.02,0.97,20,300,6000,33.5,80,12,576.375,117.017,7.047,18.8,141897.6,0.0,7.300121
C,1,42,Insert-flood,0.02,0.97,21,300,6300,105.333,242,15,576.375,116.46,16.992,39.2,58851.2,0.003401,7.300121
C,1,42,Insert-flood,0.02,0.97,22,300,6600,100.25,203,13,576.375,115.724,8.053,21.3,124182.5,0.0,7.300121
C,1,42,Insert-flood,0.02,0.97,23,300,6900,124.833,302,35,576.375,116.12,11.271,27.9,88725.9,0.0,7.300121
C,1,42,Insert-flood,0.02,0.97,24,300,7200,212.143,415,41,576.375,120.121,14.202,49.2,70414.3,0.0,7.300121
C,1,42,Insert-flood,0.02,0.97,25,300,7500,146.9,698,2,576.375,121.192,17.69,34.5,56528.0,0.003448,7.300121
C,1,42,Insert-flood,0.02,0.97,26,300,7800,217.111,308,60,576.375,124.881,12.483,31.0,80106.8,0.0,7.300121
C,1,42,Insert-flood,0.02,0.97,27,300,8100,50.667,121,4,576.375,122.132,14.559,58.8,68684.5,0.0,7.300121
C,1,42,Insert-flood,0.02,0.97,28,300,8400,109.8,448,3,576.375,121.692,22.955,36.6,43562.9,0.00339,7.300121
C,1,42,Insert-flood,0.02,0.97,29,300,8700,24.462,75,4,576.375,118.339,12.572,35.2,79541.9,0.0,7.300121
C,1,42,Insert-flood,0.02,0.97,30,300,9000,44.8,76,16,576.375,115.888,9.262,27.6,107964.2,0.0,7.300121
C,1,42,Insert-flood,0.02,0.97,31,300,9300,32.636,109,2,576.375,113.202,6.639,24.4,150625.0,0.0,7.300121
C,1,42,Insert-flood,0.02,0.97,32,300,9600,179.5,376,12,576.375,115.274,15.551,37.8,64305.9,0.0,7.300121
C,1,42,Insert-flood,0.02,0.97,33,300,9900,307.5,560,36,576.375,121.099,15.39,44.5,64975.9,0.0,7.300121
C,1,42,Insert-flood,0.02,0.97,34,300,10200,291.5,599,100,576.375,126.111,20.78,58.8,48122.4,0.0,7.300121
C,1,42,Insert-flood,0.02,0.97,35,300,10500,278.875,1044,4,576.375,130.476,32.171,96.1,31083.6,0.003425,7.300121
C,1,42,Insert-flood,0.02,0.97,36,300,10800,23.2,42,9,576.375,127.496,10.71,52.3,93367.8,0.0,7.300121
C,1,42,Insert-flood,0.02,0.97,37,300,11100,108.4,245,2,576.375,126.98,8.067,16.6,123956.8,0.0,7.300121
C,1,42,Insert-flood,0.02,0.97,38,300,11400,143.833,355,10,576.375,127.423,12.281,35.2,81424.4,0.0,7.300121
C,1,42,Insert-flood,0.02,0.97,39,300,11700,242.857,539,58,576.375,130.383,21.232,54.6,47098.7,0.0,7.300121
C,1,42,Insert-flood,0.02,0.97,40,300,12000,243.857,722,5,576.375,133.22,19.574,52.0,51089.1,0.0,7.300121
C,1,42,Insert-flood,0.02,0.97,41,300,12300,453.333,916,39,576.375,141.027,27.797,84.7,35975.1,0.0,7.300121
C,1,42,Insert-flood,0.02,0.97,42,300,12600,183.6,804,4,576.375,142.041,21.48,58.3,46554.2,0.00339,7.300121
C,1,42,Insert-flood,0.02,0.97,43,300,12900,22.333,58,6,576.375,139.257,7.657,54.6,130593.8,0.0,7.300121
C,1,42,Insert-flood,0.02,0.97,44,300,13200,173,311,50,576.375,140.024,9.708,40.6,103004.3,0.0,7.300121
C,1,42,Insert-flood,0.02,0.97,45,300,13500,113.2,319,18,576.375,139.428,13.566,30.4,73713.7,0.0,7.300121
C,1,42,Insert-flood,0.02,0.97,46,300,13800,479.286,770,23,576.375,146.816,24.528,76.1,40770.3,0.0,7.300121
C,1,42,Insert-flood,0.02,0.97,47,300,14100,633.333,905,141,633.333,157.168,30.788,85.5,32480.5,0.0,7.300121
C,1,42,Insert-flood,0.02,0.97,48,300,14400,451.25,802,24,633.333,163.294,28.352,80.4,35270.5,0.0,7.300121
C,1,42,Insert-flood,0.02,0.97,49,300,14700,300.2,824,42,633.333,166.088,37.517,69.3,26654.6,0.00339,7.300121
C,1,42,Insert-flood,0.02,0.97,50,300,15000,30.5,61,10,633.333,163.377,7.761,59.0,128849.3,0.0,7.300121
C,1,42,Insert-flood,0.02,0.97,51,300,15300,66.6,143,31,633.333,161.479,7.536,24.8,132690.5,0.0,7.300121
C,1,42,Insert-flood,0.02,0.97,52,300,15600,107.2,266,17,633.333,160.435,9.805,24.1,101988.8,0.0,7.300121
C,1,42,Insert-flood,0.02,0.97,53,300,15900,80.444,208,5,633.333,158.926,14.58,22.0,68585.5,0.0,7.300121
C,1,42,Insert-flood,0.02,0.97,54,300,16200,148.857,277,22,633.333,158.739,10.093,27.9,99078.6,0.0,7.300121
C,1,42,Insert-flood,0.02,0.97,55,300,16500,146.2,341,29,633.333,158.511,12.982,32.9,77031.7,0.0,7.300121
C,1,42,Insert-flood,0.02,0.97,56,300,16800,475,475,475,633.333,164.163,22.004,60.1,45445.6,0.003344,7.300121
C,1,42,Insert-flood,0.02,0.97,57,300,17100,59,136,3,633.333,162.318,8.008,21.9,124880.4,0.0,7.300121
C,1,42,Insert-flood,0.02,0.97,58,300,17400,70.222,203,13,633.333,160.73,9.915,27.9,100857.3,0.0,7.300121
C,1,42,Insert-flood,0.02,0.97,59,300,17700,81.25,207,17,633.333,159.383,11.451,24.6,87326.1,0.0,7.300121
C,1,42,Insert-flood,0.02,0.97,60,300,18000,58.857,140,5,633.333,157.708,17.868,60.8,55967.0,0.0,7.300121
C,1,42,Insert-flood,0.02,0.97,61,300,18300,73.75,220,10,633.333,156.331,13.849,35.2,72207.4,0.0,7.300121
C,1,42,Insert-flood,0.02,0.97,62,300,18600,403.667,471,353,633.333,160.321,16.057,42.5,62279.4,0.0,7.300121
C,1,42,Insert-flood,0.02,0.97,63,300,18900,455,913,7,633.333,164.998,25.661,85.9,38969.1,0.00339,7.300121
C,1,42,Insert-flood,0.02,0.97,64,300,19200,549.556,1057,9,633.333,171.007,17.948,92.8,55717.6,0.0,7.300121
C,1,42,Insert-flood,0.02,0.97,65,300,19500,140.75,294,10,633.333,170.541,21.068,61.7,47465.4,0.0,7.300121
C,1,42,Insert-flood,0.02,0.97,66,300,19800,286.333,466,119,633.333,172.296,20.822,66.6,48026.1,0.0,7.300121
C,1,42,Insert-flood,0.02,0.97,67,300,20100,814,1380,248,814,181.873,30.01,86.7,33322.6,0.0,7.300121
C,1,42,Insert-flood,0.02,0.97,68,300,20400,64.5,148,6,814,180.147,24.731,83.7,40434.5,0.0,7.300121
C,1,42,Insert-flood,0.02,0.97,69,300,20700,579,1179,54,814,185.928,26.95,89.6,37105.3,0.0,7.300121
C,1,42,Insert-flood,0.02,0.97,70,300,21000,205.571,1326,2,814,186.208,31.832,89.1,31415.3,0.003413,7.300121
C,1,42,Insert-flood,0.02,0.97,71,300,21300,58.286,112,9,814,184.407,11.435,64.9,87450.8,0.0,7.300121
C,1,42,Insert-flood,0.02,0.97,72,300,21600,60,191,2,814,182.679,10.063,28.2,99377.2,0.0,7.300121
C,1,42,Insert-flood,0.02,0.97,73,300,21900,104.333,254,3,814,181.606,12.5,27.3,80000.0,0.0,7.300121
C,1,42,Insert-flood,0.02,0.97,74,300,22200,349.667,619,85,814,183.877,20.202,55.1,49500.9,0.0,7.300121
C,1,42,Insert-flood,0.02,0.97,75,300,22500,242.667,432,12,814,184.661,16.331,39.7,61233.3,0.0,7.300121
C,1,42,Insert-flood,0.02,0.97,76,300,22800,461,861,59,814,188.297,21.032,84.6,47547.3,0.0,7.300121
C,1,42,Insert-flood,0.02,0.97,77,300,23100,168,670,26,814,188.033,28.416,67.9,35191.4,0.00339,7.300121
C,1,42,Insert-flood,0.02,0.97,78,300,23400,36,82,6,814,186.084,7.474,65.1,133791.2,0.0,7.300121
C,1,42,Insert-flood,0.02,0.97,79,300,23700,82.333,144,13,814,184.771,9.166,19.6,109102.8,0.0,7.300121
C,1,42,Insert-flood,0.02,0.97,80,300,24000,52.333,110,9,814,183.115,11.57,21.6,86433.0,0.0,7.300121
C,1,42,Insert-flood,0.02,0.97,81,300,24300,174,460,10,814,183.003,20.652,67.2,48420.7,0.0,7.300121
C,1,42,Insert-flood,0.02,0.97,82,300,24600,398.25,560,165,814,185.628,17.246,48.7,57984.4,0.0,7.300121
C,1,42,Insert-flood,0.02,0.97,83,300,24900,211.778,568,9,814,185.943,19.915,59.9,50212.6,0.0,7.300121
C,1,42,Insert-flood,0.02,0.97,84,100,25000,160.25,349,32,814,185.637,19.894,37.3,50266.4,0.0,7.300121
C,1,42,Delete-flood,0.02,0.05,1,300,300,19.5,62,1,19.5,19.5,20.439,54.7,48926.9,0.003401,0.902846
C,1,42,Delete-flood,0.02,0.05,2,300,600,45,83,2,45,32.25,12.349,40.3,80978.2,0.0,0.902846
C,1,42,Delete-flood,0.02,0.05,3,300,900,44.714,91,4,45,36.405,13.563,41.0,73728.2,0.0,0.902846
C,1,42,Delete-flood,0.02,0.05,4,300,1200,38.333,61,14,45,36.887,13.128,40.7,76171.1,0.0,0.902846
C,1,42,Delete-flood,0.02,0.05,5,300,1500,34.8,45,24,45,36.47,14.058,40.7,71135.6,0.0,0.902846
C,1,42,Delete-flood,0.02,0.05,6,300,1800,32.625,71,4,45,35.829,10.272,39.8,97355.2,0.0,0.902846
C,1,42,Delete-flood,0.02,0.05,7,300,2100,21.333,28,14,45,33.758,8.72,40.2,114683.3,0.0,0.902846
C,1,42,Delete-flood,0.02,0.05,8,300,2400,30.444,87,4,45,33.344,9.358,40.4,106860.4,0.0,0.902846
C,1,42,Delete-flood,0.02,0.05,9,300,2700,15.2,22,7,45,31.328,8.948,41.3,111752.7,0.0,0.902846
C,1,42,Delete-flood,0.02,0.05,10,300,3000,22.167,43,11,45,30.412,9.413,40.1,106239.8,0.0,0.902846
C,1,42,Delete-flood,0.02,0.05,11,300,3300,28.667,42,19,45,30.253,10.285,40.7,97225.8,0.0,0.902846
C,1,42,Delete-flood,0.02,0.05,12,300,3600,30.2,60,9,45,30.249,8.809,25.3,113515.9,0.0,0.902846
C,1,42,Delete-flood,0.02,0.05,13,300,3900,28.75,44,16,45,30.133,8.527,31.1,117270.0,0.0,0.902846
C,1,42,Delete-flood,0.02,0.05,14,300,4200,26.2,39,13,45,29.852,8.755,26.1,114216.1,0.0,0.902846
C,1,42,Delete-flood,0.02,0.05,15,300,4500,26,55,10,45,29.596,8.766,28.3,114077.1,0.0,0.902846
C,1,42,Delete-flood,0.02,0.05,16,300,4800,23.833,52,6,45,29.235,9.077,32.1,110168.6,0.0,0.902846
C,1,42,Delete-flood,0.02,0.05,17,300,5100,19.889,33,5,45,28.686,8.359,28.7,119631.5,0.0,0.902846
C,1,42,Delete-flood,0.02,0.05,18,300,5400,18.5,19,18,45,28.12,9.053,24.3,110464.7,0.0,0.902846
C,1,42,Delete-flood,0.02,0.05,19,300,5700,32.875,64,21,45,28.37,9.377,34.5,106640.1,0.0,0.902846
C,1,42,Delete-flood,0.02,0.05,20,300,6000,28.714,53,17,45,28.387,8.786,30.6,113821.8,0.0,0.902846
C,1,42,Delete-flood,0.02,0.05,21,300,6300,30,51,9,45,28.464,8.784,26.2,113847.6,0.0,0.902846
C,1,42,Delete-flood,0.02,0.05,22,300,6600,23.667,60,5,45,28.246,9.363,37.5,106807.2,0.0,0.902846
C,1,42,Delete-flood,0.02,0.05,23,300,6900,25.6,42,10,45,28.131,8.664,27.7,115420.2,0.0,0.902846
C,1,42,Delete-flood,0.02,0.05,24,300,7200,33.3,56,9,45,28.346,9.343,23.8,107028.2,0.0,0.902846
C,1,42,Delete-flood,0.02,0.05,25,300,7500,26.2,43,11,45,28.26,9.944,27.7,100563.2,0.0,0.902846
C,1,42,Delete-flood,0.02,0.05,26,300,7800,20.375,40,7,45,27.957,8.986,25.3,111288.4,0.0,0.902846
C,1,42,Delete-flood,0.02,0.05,27,300,8100,26.4,47,2,45,27.9,8.482,24.7,117901.3,0.0,0.902846
C,1,42,Delete-flood,0.02,0.05,28,300,8400,37.9,52,27,45,28.257,9.152,27.2,109269.7,0.0,0.902846
C,1,42,Delete-flood,0.02,0.05,29,300,8700,34.8,49,21,45,28.482,8.987,25.0,111271.8,0.0,0.902846
C,1,42,Delete-flood,0.02,0.05,30,300,9000,44.6,68,18,45,29.02,8.38,24.4,119327.1,0.0,0.902846
C,1,42,Delete-flood,0.02,0.05,31,300,9300,32.375,49,12,45,29.128,9.282,39.5,107731.6,0.0,0.902846
C,1,42,Delete-flood,0.02,0.05,32,300,9600,32.3,67,10,45,29.227,9.244,27.3,108182.2,0.0,0.902846
C,1,42,Delete-flood,0.02,0.05,33,300,9900,27.333,48,5,45,29.17,8.925,31.9,112049.0,0.0,0.902846
C,1,42,Delete-flood,0.02,0.05,34,300,10200,40.778,71,14,45,29.511,9.672,27.8,103391.3,0.0,0.902846
C,1,42,Delete-flood,0.02,0.05,35,300,10500,41.333,69,14,45,29.849,9.415,23.3,106209.8,0.0,0.902846
C,1,42,Delete-flood,0.02,0.05,36,300,10800,50.429,75,27,50.429,30.42,9.218,27.2,108487.3,0.0,0.902846
C,1,42,Delete-flood,0.02,0.05,37,300,11100,29,67,8,50.429,30.382,9.119,27.3,109657.1,0.0,0.902846
C,1,42,Delete-flood,0.02,0.05,38,300,11400,49,80,15,50.429,30.872,9.645,26.6,103684.2,0.0,0.902846
C,1,42,Delete-flood,0.02,0.05,39,300,11700,43.5,94,9,50.429,31.196,9.767,27.8,102385.6,0.0,0.902846
C,1,42,Delete-flood,0.02,0.05,40,300,12000,37.778,77,14,50.429,31.36,9.668,27.7,103434.0,0.0,0.902846
C,1,42,Delete-flood,0.02,0.05,41,300,12300,41.833,80,21,50.429,31.616,9.056,25.8,110419.9,0.0,0.902846
C,1,42,Delete-flood,0.02,0.05,42,300,12600,45.333,82,25,50.429,31.942,9.66,33.8,103523.2,0.0,0.902846
C,1,42,Delete-flood,0.02,0.05,43,300,12900,33.25,68,14,50.429,31.973,8.807,24.9,113546.1,0.0,0.902846
C,1,42,Delete-flood,0.02,0.05,44,300,13200,37,92,6,50.429,32.087,9.194,26.4,108762.6,0.0,0.902846
C,1,42,Delete-flood,0.02,0.05,45,300,13500,30.714,57,8,50.429,32.057,9.902,27.3,100993.1,0.0,0.902846
C,1,42,Delete-flood,0.02,0.05,46,300,13800,48.571,120,5,50.429,32.416,10.035,27.3,99654.6,0.0,0.902846
C,1,42,Delete-flood,0.02,0.05,47,300,14100,38,61,15,50.429,32.534,9.813,28.3,101902.1,0.0,0.902846
C,1,42,Delete-flood,0.02,0.05,48,300,14400,60.125,127,7,60.125,33.109,10.213,26.5,97911.3,0.0,0.902846
C,1,42,Delete-flood,0.02,0.05,49,300,14700,34.667,51,18,60.125,33.141,9.723,27.6,102848.9,0.0,0.902846
C,1,42,Delete-flood,0.02,0.05,50,300,15000,35.5,49,19,60.125,33.188,9.59,27.8,104278.9,0.0,0.902846
C,1,42,Delete-flood,0.02,0.05,51,300,15300,43.75,120,10,60.125,33.395,9.738,26.5,102687.0,0.0,0.902846
C,1,42,Delete-flood,0.02,0.05,52,300,15600,49.625,104,9,60.125,33.707,13.67,29.9,73151.1,0.0,0.902846
C,1,42,Delete-flood,0.02,0.05,53,300,15900,51.333,124,9,60.125,34.04,9.351,28.2,106936.6,0.0,0.902846
C,1,42,Delete-flood,0.02,0.05,54,300,16200,41.667,135,5,60.125,34.181,9.913,26.0,100874.3,0.0,0.902846
C,1,42,Delete-flood,0.02,0.05,55,300,16500,31.6,67,3,60.125,34.134,9.857,26.0,101447.4,0.0,0.902846
C,1,42,Delete-flood,0.02,0.05,56,300,16800,45,56,34,60.125,34.328,9.509,26.1,105167.2,0.0,0.902846
C,1,42,Delete-flood,0.02,0.05,57,300,17100,48.2,78,12,60.125,34.572,9.776,27.0,102291.3,0.0,0.902846
C,1,42,Delete-flood,0.02,0.05,58,300,17400,53.75,140,11,60.125,34.902,10.412,28.7,96039.9,0.0,0.902846
C,1,42,Delete-flood,0.02,0.05,59,300,17700,39.4,65,14,60.125,34.979,9.84,26.3,101629.4,0.0,0.902846
C,1,42,Delete-flood,0.02,0.05,60,300,18000,56.333,143,13,60.125,35.334,9.942,28.8,100583.4,0.0,0.902846
C,1,42,Delete-flood,0.02,0.05,61,300,18300,55.833,151,4,60.125,35.67,9.442,28.1,105913.5,0.0,0.902846
C,1,42,Delete-flood,0.02,0.05,62,300,18600,56.5,113,2,60.125,36.006,9.666,23.9,103451.8,0.0,0.902846
C,1,42,Delete-flood,0.02,0.05,63,300,18900,72,160,22,72,36.578,9.849,24.0,101529.7,0.0,0.902846
C,1,42,Delete-flood,0.02,0.05,64,300,19200,53.857,103,3,72,36.848,10.374,28.1,96394.8,0.0,0.902846
C,1,42,Delete-flood,0.02,0.05,65,300,19500,38.364,120,4,72,36.871,10.201,38.8,98032.8,0.0,0.902846
C,1,42,Delete-flood,0.02,0.05,66,300,19800,52.7,132,16,72,37.111,9.867,28.7,101351.3,0.0,0.902846
C,1,42,Delete-flood,0.02,0.05,67,300,20100,46.75,75,31,72,37.255,10.149,27.4,98528.6,0.0,0.902846
C,1,42,Delete-flood,0.02,0.05,68,300,20400,48,76,3,72,37.413,9.84,28.0,101629.5,0.0,0.902846
C,1,42,Delete-flood,0.02,0.05,69,300,20700,30.7,70,4,72,37.315,9.72,25.9,102877.1,0.0,0.902846
C,1,42,Delete-flood,0.02,0.05,70,300,21000,58.143,168,17,72,37.613,10.618,28.3,94176.7,0.0,0.902846
C,1,42,Delete-flood,0.02,0.05,71,300,21300,31.5,43,20,72,37.527,10.109,28.4,98918.5,0.0,0.902846
C,1,42,Delete-flood,0.02,0.05,72,300,21600,68.6,197,22,72,37.959,10.502,26.6,95223.0,0.0,0.902846
C,1,42,Delete-flood,0.02,0.05,73,300,21900,26.25,41,9,72,37.798,10.992,38.2,90975.3,0.0,0.902846
C,1,42,Delete-flood,0.02,0.05,74,300,22200,50,155,12,72,37.963,11.515,38.5,86843.2,0.0,0.902846
C,1,42,Delete-flood,0.02,0.05,75,300,22500,67,108,41,72,38.35,11.003,34.5,90884.3,0.0,0.902846
C,1,42,Delete-flood,0.02,0.05,76,300,22800,53,156,7,72,38.543,11.166,32.5,89560.3,0.0,0.902846
C,1,42,Delete-flood,0.02,0.05,77,300,23100,145.5,155,136,145.5,39.932,10.87,28.1,91996.3,0.0,0.902846
C,1,42,Delete-flood,0.02,0.05,78,300,23400,39.429,86,8,145.5,39.926,10.803,29.0,92566.9,0.0,0.902846
C,1,42,Delete-flood,0.02,0.05,79,300,23700,81.182,180,18,145.5,40.448,11.023,28.8,90716.6,0.0,0.902846
C,1,42,Delete-flood,0.02,0.05,80,300,24000,55.333,145,9,145.5,40.634,10.515,27.5,95099.2,0.0,0.902846
C,1,42,Delete-flood,0.02,0.05,81,300,24300,53,145,16,145.5,40.786,10.17,26.6,98331.6,0.0,0.902846
C,1,42,Delete-flood,0.02,0.05,82,300,24600,58,120,22,145.5,40.996,10.08,27.4,99206.3,0.0,0.902846
C,1,42,Delete-flood,0.02,0.05,83,300,24900,75.875,159,21,145.5,41.417,10.195,32.2,98084.0,0.0,0.902846
C,1,42,Delete-flood,0.02,0.05,84,100,25000,116.5,207,26,145.5,42.31,11.461,43.1,87252.4,0.0,0.902846
C,2,43,Read-only,0.99,0.005,1,300,300,315.264,2653,2,315.264,315.264,45.727,301.8,21869.1,0.2,0.0
C,2,43,Read-only,0.99,0.005,2,300,600,33.863,88,2,315.264,174.564,13.689,40.9,73053.1,0.0,0.0
C,2,43,Read-only,0.99,0.005,3,300,900,36.987,98,2,315.264,128.705,14.478,33.6,69068.7,0.0,0.0
C,2,43,Read-only,0.99,0.005,4,300,1200,30.697,91,3,315.264,104.203,11.507,28.4,86906.2,0.0,0.0
C,2,43,Read-only,0.99,0.005,5,300,1500,29.841,86,3,315.264,89.33,11.067,33.2,90361.4,0.0,0.0
C,2,43,Read-only,0.99,0.005,6,300,1800,44.485,92,3,315.264,81.856,17.795,42.3,56195.6,0.0,0.0
C,2,43,Read-only,0.99,0.005,7,300,2100,39.044,99,4,315.264,75.74,15.028,32.6,66542.5,0.0,0.0
C,2,43,Read-only,0.99,0.005,8,300,2400,33.441,87,5,315.264,70.453,12.532,33.1,79797.8,0.0,0.0
C,2,43,Read-only,0.99,0.005,9,300,2700,28.142,83,2,315.264,65.752,11.333,33.9,88237.9,0.0,0.0
C,2,43,Read-only,0.99,0.005,10,300,3000,26.631,79,2,315.264,61.839,9.817,32.4,101867.6,0.0,0.0
C,2,43,Read-only,0.99,0.005,11,300,3300,25.833,72,3,315.264,58.566,9.623,20.0,103921.3,0.0,0.0
C,2,43,Read-only,0.99,0.005,12,300,3600,27.78,84,2,315.264,56.001,10.422,32.8,95947.8,0.0,0.0
C,2,43,Read-only,0.99,0.005,13,300,3900,29.714,84,4,315.264,53.979,12.31,42.3,81232.6,0.0,0.0
C,2,43,Read-only,0.99,0.005,14,300,4200,28.468,90,2,315.264,52.156,11.061,33.7,90410.5,0.0,0.0
C,2,43,Read-only,0.99,0.005,15,300,4500,29.483,73,3,315.264,50.645,10.757,33.2,92965.6,0.0,0.0
C,2,43,Read-only,0.99,0.005,16,300,4800,32.329,84,3,315.264,49.5,11.677,26.1,85640.9,0.0,0.0
C,2,43,Read-only,0.99,0.005,17,300,5100,40.242,89,2,315.264,48.955,17.412,46.6,57430.5,0.0,0.0
C,2,43,Read-only,0.99,0.005,18,300,5400,27.739,76,2,315.264,47.777,10.765,26.9,92890.8,0.0,0.0
C,2,43,Read-only,0.99,0.005,19,300,5700,27.498,70,2,315.264,46.709,10.652,28.3,93879.1,0.0,0.0
C,2,43,Read-only,0.99,0.005,20,300,6000,30.478,84,2,315.264,45.898,11.733,33.5,85227.3,0.0,0.0
C,2,43,Read-only,0.99,0.005,21,300,6300,28.327,79,2,315.264,45.061,11.527,40.2,86750.3,0.0,0.0
C,2,43,Read-only,0.99,0.005,22,300,6600,41.047,96,2,315.264,44.879,16.153,29.7,61909.3,0.0,0.0
C,2,43,Read-only,0.99,0.005,23,300,6900,25.661,74,3,315.264,44.043,9.835,29.8,101677.7,0.0,0.0
C,2,43,Read-only,0.99,0.005,24,300,7200,29.111,75,2,315.264,43.421,11.745,34.7,85142.6,0.0,0.0
C,2,43,Read-only,0.99,0.005,25,300,7500,24.838,81,3,315.264,42.678,9.643,27.2,103702.1,0.0,0.0
C,2,43,Read-only,0.99,0.005,26,300,7800,38.542,85,4,315.264,42.519,14.918,33.8,67031.6,0.0,0.0
C,2,43,Read-only,0.99,0.005,27,300,8100,34.607,99,3,315.264,42.226,12.895,33.4,77549.4,0.0,0.0
C,2,43,Read-only,0.99,0.005,28,300,8400,40.657,92,3,315.264,42.17,16.44,45.4,60826.0,0.0,0.0
C,2,43,Read-only,0.99,0.005,29,300,8700,31.735,85,2,315.264,41.81,11.972,32.7,83530.5,0.0,0.0
C,2,43,Read-only,0.99,0.005,30,300,9000,27.104,83,3,315.264,41.32,10.016,27.2,99843.6,0.0,0.0
C,2,43,Read-only,0.99,0.005,31,300,9300,35.778,93,2,315.264,41.141,13.734,37.1,72810.2,0.0,0.0
C,2,43,Read-only,0.99,0.005,32,300,9600,31.256,87,2,315.264,40.832,12.018,27.1,83208.5,0.0,0.0
C,2,43,Read-only,0.99,0.005,33,300,9900,26.264,75,3,315.264,40.39,9.457,33.5,105745.5,0.0,0.0
C,2,43,Read-only,0.99,0.005,34,300,10200,28.231,83,2,315.264,40.033,10.536,24.5,94909.7,0.0,0.0
C,2,43,Read-only,0.99,0.005,35,300,10500,26.658,79,2,315.264,39.651,10.382,33.6,96323.6,0.0,0.0
C,2,43,Read-only,0.99,0.005,36,300,10800,26.118,75,3,315.264,39.275,10.331,33.5,96792.9,0.0,0.0
C,2,43,Read-only,0.99,0.005,37,300,11100,26.41,72,2,315.264,38.927,10.045,24.4,99555.3,0.0,0.0
C,2,43,Read-only,0.99,0.005,38,300,11400,28.428,92,2,315.264,38.651,11.276,32.4,88686.6,0.0,0.0
C,2,43,Read-only,0.99,0.005,39,300,11700,31.138,86,3,315.264,38.458,11.631,32.9,85977.1,0.0,0.0
C,2,43,Read-only,0.99,0.005,40,300,12000,27.848,83,2,315.264,38.193,11.15,33.4,89686.1,0.0,0.0
C,2,43,Read-only,0.99,0.005,41,300,12300,30.373,85,2,315.264,38.002,11.62,33.5,86056.0,0.0,0.0
C,2,43,Read-only,0.99,0.005,42,300,12600,30.111,77,3,315.264,37.814,11.198,32.9,89304.3,0.0,0.0
C,2,43,Read-only,0.99,0.005,43,300,12900,30.758,78,3,315.264,37.65,12.371,40.0,80834.2,0.0,0.0
C,2,43,Read-only,0.99,0.005,44,300,13200,30.446,90,2,315.264,37.486,11.881,33.4,84170.3,0.0,0.0
C,2,43,Read-only,0.99,0.005,45,300,13500,29.164,82,3,315.264,37.301,10.991,32.0,90980.8,0.0,0.0
C,2,43,Read-only,0.99,0.005,46,300,13800,27.464,86,2,315.264,37.088,10.446,27.0,95733.5,0.0,0.0
C,2,43,Read-only,0.99,0.005,47,300,14100,34.054,83,2,315.264,37.023,12.92,32.9,77399.4,0.0,0.0
C,2,43,Read-only,0.99,0.005,48,300,14400,40.502,91,3,315.264,37.096,15.309,28.3,65322.5,0.0,0.0
C,2,43,Read-only,0.99,0.005,49,300,14700,34.092,91,3,315.264,37.034,12.763,31.4,78351.5,0.0,0.0
C,2,43,Read-only,0.99,0.005,50,300,15000,25.858,74,3,315.264,36.811,10.075,32.5,99258.9,0.0,0.0
C,2,43,Read-only,0.99,0.005,51,300,15300,39.305,95,2,315.264,36.86,15.765,51.5,63430.3,0.0,0.0
C,2,43,Read-only,0.99,0.005,52,300,15600,39.707,90,2,315.264,36.914,15.809,33.0,63253.8,0.0,0.0
C,2,43,Read-only,0.99,0.005,53,300,15900,30.134,85,3,315.264,36.786,11.457,32.7,87285.4,0.0,0.0
C,2,43,Read-only,0.99,0.005,54,300,16200,31.502,89,2,315.264,36.689,12.424,36.7,80487.2,0.0,0.0
C,2,43,Read-only,0.99,0.005,55,300,16500,33.552,93,3,315.264,36.632,12.88,32.3,77641.8,0.0,0.0
C,2,43,Read-only,0.99,0.005,56,300,16800,41.584,94,2,315.264,36.72,15.308,30.3,65325.3,0.0,0.0
C,2,43,Read-only,0.99,0.005,57,300,17100,28.669,87,4,315.264,36.579,11.047,28.7,90525.0,0.0,0.0
C,2,43,Read-only,0.99,0.005,58,300,17400,26.478,89,4,315.264,36.405,10.333,33.1,96774.2,0.0,0.0
C,2,43,Read-only,0.99,0.005,59,300,17700,35.074,90,2,315.264,36.382,13.05,32.5,76630.3,0.0,0.0
C,2,43,Read-only,0.99,0.005,60,300,18000,32.071,91,2,315.264,36.31,12.683,33.2,78847.8,0.0,0.0
C,2,43,Read-only,0.99,0.005,61,300,18300,37.803,93,2,315.264,36.335,14.297,33.5,69943.1,0.0,0.0
C,2,43,Read-only,0.99,0.005,62,300,18600,28.747,76,3,315.264,36.212,10.922,33.2,91555.5,0.0,0.0
C,2,43,Read-only,0.99,0.005,63,300,18900,37.669,97,3,315.264,36.235,14.397,32.6,69457.3,0.0,0.0
C,2,43,Read-only,0.99,0.005,64,300,19200,26.242,75,4,315.264,36.079,10.032,33.4,99681.0,0.0,0.0
C,2,43,Read-only,0.99,0.005,65,300,19500,29.312,80,2,315.264,35.975,16.462,50.8,60744.7,0.0,0.0
C,2,43,Read-only,0.99,0.005,66,300,19800,25.333,80,2,315.264,35.814,17.124,58.6,58398.7,0.0,0.0
C,2,43,Read-only,0.99,0.005,67,300,20100,37.42,87,2,315.264,35.838,19.071,61.6,52435.6,0.0,0.0
C,2,43,Read-only,0.99,0.005,68,300,20400,38.819,73,3,315.264,35.882,8.637,22.2,115785.4,0.0,0.0
C,2,43,Read-only,0.99,0.005,69,300,20700,41.462,49,2,315.264,35.963,7.425,13.9,134680.2,0.0,0.0
C,2,43,Read-only,0.99,0.005,70,300,21000,41.176,51,3,315.264,36.037,7.379,14.7,135513.6,0.0,0.0
C,2,43,Read-only,0.99,0.005,71,300,21300,40.863,69,4,315.264,36.105,7.449,16.6,134252.2,0.0,0.0
C,2,43,Read-only,0.99,0.005,72,300,21600,44.253,69,5,315.264,36.218,8.149,29.2,122714.4,0.0,0.0
C,2,43,Read-only,0.99,0.005,73,300,21900,42.111,69,4,315.264,36.299,7.681,18.9,130197.0,0.0,0.0
C,2,43,Read-only,0.99,0.005,74,300,22200,42.161,58,4,315.264,36.378,7.642,14.5,130855.8,0.0,0.0
C,2,43,Read-only,0.99,0.005,75,300,22500,40.461,69,2,315.264,36.433,7.744,29.9,129137.8,0.0,0.0
C,2,43,Read-only,0.99,0.005,76,300,22800,41.395,63,3,315.264,36.498,7.381,15.4,135476.9,0.0,0.0
C,2,43,Read-only,0.99,0.005,77,300,23100,43.04,69,4,315.264,36.583,7.65,15.3,130724.6,0.0,0.0
C,2,43,Read-only,0.99,0.005,78,300,23400,40.711,57,3,315.264,36.636,7.836,15.8,127616.1,0.0,0.0
C,2,43,Read-only,0.99,0.005,79,300,23700,44.003,69,4,315.264,36.729,7.772,15.2,128667.0,0.0,0.0
C,2,43,Read-only,0.99,0.005,80,300,24000,47.03,62,3,315.264,36.858,7.759,15.4,128882.6,0.0,0.0
C,2,43,Read-only,0.99,0.005,81,300,24300,45.973,69,3,315.264,36.97,8.073,32.9,123874.8,0.0,0.0
C,2,43,Read-only,0.99,0.005,82,300,24600,45.461,63,3,315.264,37.074,7.619,12.8,131256.6,0.0,0.0
C,2,43,Read-only,0.99,0.005,83,300,24900,45.49,64,4,315.264,37.175,8.311,25.9,120322.5,0.0,0.0
C,2,43,Read-only,0.99,0.005,84,100,25000,45.54,65,2,315.264,37.275,7.972,16.1,125439.1,0.0,0.0
C,2,43,Search-heavy,0.8,0.15,1,300,300,124.012,2578,3,124.012,124.012,25.713,260.6,38891.3,0.021277,6.745201
C,2,43,Search-heavy,0.8,0.15,2,300,600,46.613,91,3,124.012,85.312,11.257,34.0,88833.6,0.0,6.745201
C,2,43,Search-heavy,0.8,0.15,3,300,900,54.55,93,2,124.012,75.058,8.767,17.8,114068.5,0.0,6.745201
C,2,43,Search-heavy,0.8,0.15,4,300,1200,66.527,126,3,124.012,72.925,9.969,24.6,100307.6,0.0,6.745201
C,2,43,Search-heavy,0.8,0.15,5,300,1500,79.703,153,4,124.012,74.281,10.743,20.0,93083.8,0.0,6.745201
C,2,43,Search-heavy,0.8,0.15,6,300,1800,87.5,178,3,124.012,76.484,11.838,22.6,84476.1,0.0,6.745201
C,2,43,Search-heavy,0.8,0.15,7,300,2100,100.137,206,4,124.012,79.863,12.208,22.2,81915.7,0.0,6.745201
C,2,43,Search-heavy,0.8,0.15,8,300,2400,106.515,232,2,124.012,83.195,13.117,34.5,76238.9,0.0,6.745201
C,2,43,Search-heavy,0.8,0.15,9,300,2700,121.124,270,4,124.012,87.409,14.008,26.2,71386.1,0.0,6.745201
C,2,43,Search-heavy,0.8,0.15,10,300,3000,118.095,297,1,124.012,90.478,13.046,34.4,76649.9,0.0,6.745201
C,2,43,Search-heavy,0.8,0.15,11,300,3300,140.067,328,3,140.067,94.986,15.325,43.3,65252.9,0.0,6.745201
C,2,43,Search-heavy,0.8,0.15,12,300,3600,144.868,365,2,144.868,99.143,15.288,36.0,65412.2,0.0,6.745201
C,2,43,Search-heavy,0.8,0.15,13,300,3900,150.268,383,2,150.268,103.075,15.647,38.2,63910.0,0.0,6.745201
C,2,43,Search-heavy,0.8,0.15,14,300,4200,169.296,403,4,169.296,107.805,17.726,41.6,56414.3,0.0,6.745201
C,2,43,Search-heavy,0.8,0.15,15,300,4500,181.115,429,2,181.115,112.693,18.324,41.4,54573.2,0.0,6.745201
C,2,43,Search-heavy,0.8,0.15,16,300,4800,209.118,472,2,209.118,118.719,21.145,54.1,47293.2,0.0,6.745201
C,2,43,Search-heavy,0.8,0.15,17,300,5100,208.449,497,4,209.118,123.997,20.524,50.6,48723.4,0.0,6.745201
C,2,43,Search-heavy,0.8,0.15,18,300,5400,207.376,539,2,209.118,128.63,21.101,53.5,47391.9,0.0,6.745201
C,2,43,Search-heavy,0.8,0.15,19,300,5700,211.444,541,4,211.444,132.988,21.201,53.3,47166.8,0.0,6.745201
C,2,43,Search-heavy,0.8,0.15,20,300,6000,237.832,578,2,237.832,138.23,23.16,61.0,43177.9,0.0,6.745201
C,2,43,Search-heavy,0.8,0.15,21,300,6300,249.725,618,2,249.725,143.54,24.268,61.2,41207.1,0.0,6.745201
C,2,43,Search-heavy,0.8,0.15,22,300,6600,282.538,672,3,282.538,149.858,26.977,69.2,37068.6,0.0,6.745201
C,2,43,Search-heavy,0.8,0.15,23,300,6900,292.046,697,2,292.046,156.04,27.948,71.0,35781.2,0.0,6.745201
C,2,43,Search-heavy,0.8,0.15,24,300,7200,280.112,723,3,292.046,161.21,30.742,71.7,32529.1,0.0,6.745201
C,2,43,Search-heavy,0.8,0.15,25,300,7500,293.459,746,2,293.459,166.5,28.628,74.2,34930.8,0.0,6.745201
C,2,43,Search-heavy,0.8,0.15,26,300,7800,303.197,777,4,303.197,171.757,29.389,90.9,34026.7,0.0,6.745201
C,2,43,Search-heavy,0.8,0.15,27,300,8100,342.279,803,2,342.279,178.073,32.305,79.9,30954.6,0.0,6.745201
C,2,43,Search-heavy,0.8,0.15,28,300,8400,349.249,837,3,349.249,184.186,33.291,83.5,30037.8,0.0,6.745201
C,2,43,Search-heavy,0.8,0.15,29,300,8700,350.485,865,3,350.485,189.921,33.252,85.4,30073.4,0.0,6.745201
C,2,43,Search-heavy,0.8,0.15,30,300,9000,361.141,890,2,361.141,195.628,34.783,89.6,28750.0,0.0,6.745201
C,2,43,Search-heavy,0.8,0.15,31,300,9300,379.401,922,2,379.401,201.556,34.941,93.8,28619.9,0.0,6.745201
C,2,43,Search-heavy,0.8,0.15,32,300,9600,348.004,949,2,379.401,206.133,35.376,107.3,28267.8,0.0,6.745201
C,2,43,Search-heavy,0.8,0.15,33,300,9900,388.908,992,4,388.908,211.671,36.939,99.9,27071.4,0.0,6.745201
C,2,43,Search-heavy,0.8,0.15,34,300,10200,423.531,1010,2,423.531,217.902,40.07,101.5,24956.3,0.0,6.745201
C,2,43,Search-heavy,0.8,0.15,35,300,10500,395.173,1037,3,423.531,222.967,38.014,104.7,26305.9,0.0,6.745201
C,2,43,Search-heavy,0.8,0.15,36,300,10800,417.191,1085,2,423.531,228.362,39.643,135.5,25224.9,0.0,6.745201
C,2,43,Search-heavy,0.8,0.15,37,300,11100,428.195,1099,2,428.195,233.763,41.856,120.7,23891.2,0.0,6.745201
C,2,43,Search-heavy,0.8,0.15,38,300,11400,432.365,1137,3,432.365,238.99,41.295,115.5,24216.0,0.0,6.745201
C,2,43,Search-heavy,0.8,0.15,39,300,11700,460.5,1178,2,460.5,244.669,43.158,120.4,23170.9,0.0,6.745201
C,2,43,Search-heavy,0.8,0.15,40,300,12000,492.717,1214,5,492.717,250.871,45.266,122.3,22091.5,0.0,6.745201
C,2,43,Search-heavy,0.8,0.15,41,300,12300,454.148,1231,4,492.717,255.829,43.722,131.9,22871.8,0.0,6.745201
C,2,43,Search-heavy,0.8,0.15,42,300,12600,522.481,1297,3,522.481,262.177,47.995,134.0,20835.4,0.0,6.745201
C,2,43,Search-heavy,0.8,0.15,43,300,12900,503.983,1311,2,522.481,267.801,47.68,134.5,20973.2,0.0,6.745201
C,2,43,Search-heavy,0.8,0.15,44,300,13200,563.412,1363,6,563.412,274.519,52.022,140.8,19222.8,0.0,6.745201
C,2,43,Search-heavy,0.8,0.15,45,300,13500,578.414,1399,2,578.414,281.272,59.546,147.0,16793.7,0.013699,6.745201
C,2,43,Search-heavy,0.8,0.15,46,300,13800,31.769,82,2,578.414,275.848,15.14,36.8,66051.7,0.0,6.745201
C,2,43,Search-heavy,0.8,0.15,47,300,14100,32.245,90,4,578.414,270.665,13.869,32.8,72103.3,0.0,6.745201
C,2,43,Search-heavy,0.8,0.15,48,300,14400,42.013,82,2,578.414,265.902,9.644,34.9,103695.0,0.0,6.745201
C,2,43,Search-heavy,0.8,0.15,49,300,14700,54.083,109,5,578.414,261.579,9.382,32.8,106590.8,0.0,6.745201
C,2,43,Search-heavy,0.8,0.15,50,300,15000,63.208,145,1,578.414,257.612,9.63,16.5,103838.6,0.0,6.745201
C,2,43,Search-heavy,0.8,0.15,51,300,15300,77.498,177,2,578.414,254.08,9.558,17.8,104628.1,0.0,6.745201
C,2,43,Search-heavy,0.8,0.15,52,300,15600,85.266,206,3,578.414,250.833,10.353,21.1,96590.4,0.0,6.745201
C,2,43,Search-heavy,0.8,0.15,53,300,15900,91.097,233,2,578.414,247.82,11.453,35.2,87315.9,0.0,6.745201
C,2,43,Search-heavy,0.8,0.15,54,300,16200,110.787,266,3,578.414,245.282,12.285,25.9,81400.1,0.0,6.745201
C,2,43,Search-heavy,0.8,0.15,55,300,16500,111.797,294,3,578.414,242.855,12.633,28.8,79155.7,0.0,6.745201
C,2,43,Search-heavy,0.8,0.15,56,300,16800,139.637,319,3,578.414,241.012,15.06,44.9,66399.6,0.0,6.745201
C,2,43,Search-heavy,0.8,0.15,57,300,17100,145.584,355,4,578.414,239.338,15.21,36.1,65746.2,0.0,6.745201
C,2,43,Search-heavy,0.8,0.15,58,300,17400,167.071,389,2,578.414,238.092,16.777,37.7,59605.4,0.0,6.745201
C,2,43,Search-heavy,0.8,0.15,59,300,17700,186.214,434,5,578.414,237.212,18.731,43.5,53388.4,0.0,6.745201
C,2,43,Search-heavy,0.8,0.15,60,300,18000,199.024,459,3,578.414,236.576,20.07,44.4,49825.6,0.0,6.745201
C,2,43,Search-heavy,0.8,0.15,61,300,18300,188.483,489,2,578.414,235.787,19.502,51.1,51275.9,0.0,6.745201
C,2,43,Search-heavy,0.8,0.15,62,300,18600,211.175,515,3,578.414,235.39,20.941,50.0,47753.2,0.0,6.745201
C,2,43,Search-heavy,0.8,0.15,63,300,18900,204.579,540,3,578.414,234.901,22.365,67.1,44712.1,0.0,6.745201
C,2,43,Search-heavy,0.8,0.15,64,300,19200,203.087,568,4,578.414,234.404,20.649,56.8,48429.3,0.0,6.745201
C,2,43,Search-heavy,0.8,0.15,65,300,19500,213.967,604,2,578.414,234.09,22.095,75.4,45259.8,0.0,6.745201
C,2,43,Search-heavy,0.8,0.15,66,300,19800,223.184,643,2,578.414,233.925,21.44,64.0,46641.1,0.0,6.745201
C,2,43,Search-heavy,0.8,0.15,67,300,20100,239.891,654,3,578.414,234.014,23.338,65.7,42849.2,0.0,6.745201
C,2,43,Search-heavy,0.8,0.15,68,300,20400,262.979,700,3,578.414,234.44,29.189,69.8,34259.5,0.0,6.745201
C,2,43,Search-heavy,0.8,0.15,69,300,20700,276.718,721,3,578.414,235.052,26.873,78.9,37212.5,0.0,6.745201
C,2,43,Search-heavy,0.8,0.15,70,300,21000,303.097,781,5,578.414,236.024,28.832,76.1,34683.7,0.0,6.745201
C,2,43,Search-heavy,0.8,0.15,71,300,21300,292.596,790,3,578.414,236.821,27.463,77.3,36412.2,0.0,6.745201
C,2,43,Search-heavy,0.8,0.15,72,300,21600,323.335,813,3,578.414,238.023,30.194,80.3,33119.2,0.0,6.745201
C,2,43,Search-heavy,0.8,0.15,73,300,21900,332.615,867,5,578.414,239.319,32.248,88.0,31009.7,0.0,6.745201
C,2,43,Search-heavy,0.8,0.15,74,300,22200,322.182,888,3,578.414,240.438,31.027,88.6,32229.6,0.0,6.745201
C,2,43,Search-heavy,0.8,0.15,75,300,22500,335.825,931,2,578.414,241.71,32.946,94.3,30352.7,0.0,6.745201
C,2,43,Search-heavy,0.8,0.15,76,300,22800,356.431,963,2,578.414,243.22,34.833,96.2,28708.7,0.0,6.745201
C,2,43,Search-heavy,0.8,0.15,77,300,23100,361.866,1003,2,578.414,244.761,35.366,105.4,28275.7,0.0,6.745201
C,2,43,Search-heavy,0.8,0.15,78,300,23400,395.429,1023,4,578.414,246.692,38.321,108.1,26095.6,0.0,6.745201
C,2,43,Search-heavy,0.8,0.15,79,300,23700,430.689,1046,2,578.414,249.021,39.179,104.3,25523.9,0.0,6.745201
C,2,43,Search-heavy,0.8,0.15,80,300,24000,414.45,1083,4,578.414,251.089,38.924,108.5,25691.1,0.0,6.745201
C,2,43,Search-heavy,0.8,0.15,81,300,24300,475.529,1117,3,578.414,253.86,47.885,118.1,20883.5,0.0,6.745201
C,2,43,Search-heavy,0.8,0.15,82,300,24600,430.901,1131,3,578.414,256.019,40.079,122.5,24950.7,0.0,6.745201
C,2,43,Search-heavy,0.8,0.15,83,300,24900,442.241,1203,4,578.414,258.263,41.807,125.2,23919.4,0.0,6.745201
C,2,43,Search-heavy,0.8,0.15,84,100,25000,403.342,1146,3,578.414,259.99,39.772,187.6,25143.3,0.0,6.745201
C,2,43,Balanced,0.34,0.33,1,300,300,50.72,1782,4,50.72,50.72,20.234,43.6,49421.0,0.005181,12.854201
C,2,43,Balanced,0.34,0.33,2,300,600,56.781,118,4,56.781,53.75,8.666,23.1,115393.5,0.0,12.854201
C,2,43,Balanced,0.34,0.33,3,300,900,77.34,177,4,77.34,61.614,9.744,34.3,102627.3,0.0,12.854201
C,2,43,Balanced,0.34,0.33,4,300,1200,100.136,237,4,100.136,71.244,10.952,24.7,91304.7,0.0,12.854201
C,2,43,Balanced,0.34,0.33,5,300,1500,122.351,291,7,122.351,81.466,11.981,29.3,83463.2,0.0,12.854201
C,2,43,Balanced,0.34,0.33,6,300,1800,135.14,372,2,135.14,90.411,12.199,35.6,81976.2,0.0,12.854201
C,2,43,Balanced,0.34,0.33,7,300,2100,146.088,419,2,146.088,98.365,12.96,41.7,77158.5,0.0,12.854201
C,2,43,Balanced,0.34,0.33,8,300,2400,163.802,461,2,163.802,106.545,13.828,45.0,72318.8,0.0,12.854201
C,2,43,Balanced,0.34,0.33,9,300,2700,205.268,530,3,205.268,117.514,17.044,54.1,58672.8,0.0,12.854201
C,2,43,Balanced,0.34,0.33,10,300,3000,249.765,617,3,249.765,130.739,18.495,61.1,54067.7,0.0,12.854201
C,2,43,Balanced,0.34,0.33,11,300,3300,269.736,693,3,269.736,143.375,24.005,65.7,41657.4,0.0,12.854201
C,2,43,Balanced,0.34,0.33,12,300,3600,291.912,755,2,291.912,155.753,21.846,80.6,45774.3,0.0,12.854201
C,2,43,Balanced,0.34,0.33,13,300,3900,321.233,833,4,321.233,168.482,23.343,77.7,42839.4,0.0,12.854201
C,2,43,Balanced,0.34,0.33,14,300,4200,296.151,907,1,321.233,177.602,23.374,90.5,42782.6,0.0,12.854201
C,2,43,Balanced,0.34,0.33,15,300,4500,365.67,943,4,365.67,190.14,27.973,111.1,35749.2,0.0,12.854201
C,2,43,Balanced,0.34,0.33,16,300,4800,327.63,1057,2,365.67,198.733,26.197,102.6,38172.3,0.0,12.854201
C,2,43,Balanced,0.34,0.33,17,300,5100,455.234,1118,2,455.234,213.821,29.405,113.2,34007.8,0.0,12.854201
C,2,43,Balanced,0.34,0.33,18,300,5400,393.99,1177,5,455.234,223.83,30.123,118.2,33196.9,0.0,12.854201
C,2,43,Balanced,0.34,0.33,19,300,5700,448.743,1223,2,455.234,235.668,33.666,122.3,29703.6,0.0,12.854201
C,2,43,Balanced,0.34,0.33,20,300,6000,543.847,1329,3,543.847,251.077,48.079,175.3,20799.0,0.00495,12.854201
C,2,43,Balanced,0.34,0.33,21,300,6300,506.804,1410,4,543.847,263.254,46.09,204.3,21696.8,0.0,12.854201
C,2,43,Balanced,0.34,0.33,22,300,6600,504.026,1384,5,543.847,274.198,37.967,142.2,26338.9,0.0,12.854201
C,2,43,Balanced,0.34,0.33,23,300,6900,557.426,1497,3,557.426,286.513,40.671,147.1,24587.7,0.0,12.854201
C,2,43,Balanced,0.34,0.33,24,300,7200,612.231,1547,8,612.231,300.084,44.431,160.6,22507.0,0.0,12.854201
C,2,43,Balanced,0.34,0.33,25,300,7500,664.791,1629,9,664.791,314.673,45.035,164.9,22204.8,0.0,12.854201
C,2,43,Balanced,0.34,0.33,26,300,7800,614.99,1767,2,664.791,326.223,44.794,180.2,22324.3,0.0,12.854201
C,2,43,Balanced,0.34,0.33,27,300,8100,727.01,1806,18,727.01,341.067,46.225,181.2,21633.5,0.0,12.854201
C,2,43,Balanced,0.34,0.33,28,300,8400,733.139,1899,10,733.139,355.07,51.614,185.6,19374.5,0.0,12.854201
C,2,43,Balanced,0.34,0.33,29,300,8700,851.948,1938,4,851.948,372.204,54.778,197.3,18255.5,0.0,12.854201
C,2,43,Balanced,0.34,0.33,30,300,9000,696.737,1979,4,851.948,383.021,53.348,200.6,18744.8,0.0,12.854201
C,2,43,Balanced,0.34,0.33,31,300,9300,813.592,2115,2,851.948,396.911,56.598,206.0,17668.6,0.0,12.854201
C,2,43,Balanced,0.34,0.33,32,300,9600,853.731,2148,7,853.731,411.186,57.46,218.8,17403.5,0.0,12.854201
C,2,43,Balanced,0.34,0.33,33,300,9900,923.947,2179,7,923.947,426.725,59.317,222.7,16858.5,0.0,12.854201
C,2,43,Balanced,0.34,0.33,34,300,10200,923.213,2263,8,923.947,441.327,62.636,237.5,15965.3,0.0,12.854201
C,2,43,Balanced,0.34,0.33,35,300,10500,958.293,2357,12,958.293,456.098,64.529,239.5,15496.8,0.0,12.854201
C,2,43,Balanced,0.34,0.33,36,300,10800,913.486,2425,10,958.293,468.803,63.653,248.5,15710.3,0.0,12.854201
C,2,43,Balanced,0.34,0.33,37,300,11100,1091.949,2547,7,1091.949,485.645,68.689,259.4,14558.4,0.0,12.854201
C,2,43,Balanced,0.34,0.33,38,300,11400,835.51,2517,3,1091.949,494.852,60.119,252.4,16633.8,0.0,12.854201
C,2,43,Balanced,0.34,0.33,39,300,11700,994.134,2670,7,1091.949,507.654,70.971,270.8,14090.3,0.0,12.854201
C,2,43,Balanced,0.34,0.33,40,300,12000,861.755,2703,5,1091.949,516.506,70.268,277.0,14231.2,0.005051,12.854201
C,2,43,Balanced,0.34,0.33,41,300,12300,36.452,90,4,1091.949,504.798,14.32,56.3,69832.4,0.0,12.854201
C,2,43,Balanced,0.34,0.33,42,300,12600,58.49,116,2,1091.949,494.171,10.113,36.9,98885.9,0.0,12.854201
C,2,43,Balanced,0.34,0.33,43,300,12900,61.113,169,3,1091.949,484.1,7.89,36.3,126737.3,0.0,12.854201
C,2,43,Balanced,0.34,0.33,44,300,13200,114.629,267,2,1091.949,475.703,10.579,36.2,94529.9,0.0,12.854201
C,2,43,Balanced,0.34,0.33,45,300,13500,135.612,322,11,1091.949,468.145,11.802,38.2,84731.4,0.0,12.854201
C,2,43,Balanced,0.34,0.33,46,300,13800,142.591,349,2,1091.949,461.068,11.713,34.2,85377.7,0.0,12.854201
C,2,43,Balanced,0.34,0.33,47,300,14100,152.604,432,3,1091.949,454.505,13.562,43.7,73733.6,0.0,12.854201
C,2,43,Balanced,0.34,0.33,48,300,14400,204.724,513,3,1091.949,449.301,15.439,51.6,64772.4,0.0,12.854201
C,2,43,Balanced,0.34,0.33,49,300,14700,226.973,585,3,1091.949,444.764,17.73,58.3,56400.5,0.0,12.854201
C,2,43,Balanced,0.34,0.33,50,300,15000,204.705,639,2,1091.949,439.963,20.596,61.6,48553.9,0.0,12.854201
C,2,43,Balanced,0.34,0.33,51,300,15300,277.031,707,2,1091.949,436.768,19.905,70.2,50239.5,0.0,12.854201
C,2,43,Balanced,0.34,0.33,52,300,15600,306.815,792,3,1091.949,434.269,22.464,80.1,44515.7,0.0,12.854201
C,2,43,Balanced,0.34,0.33,53,300,15900,294.161,790,1,1091.949,431.625,21.584,79.4,46331.3,0.0,12.854201
C,2,43,Balanced,0.34,0.33,54,300,16200,277.352,916,2,1091.949,428.769,22.038,91.8,45376.9,0.0,12.854201
C,2,43,Balanced,0.34,0.33,55,300,16500,334.99,974,4,1091.949,427.064,24.955,96.7,40072.7,0.0,12.854201
C,2,43,Balanced,0.34,0.33,56,300,16800,428.92,1048,3,1091.949,427.097,29.62,105.8,33761.4,0.0,12.854201
C,2,43,Balanced,0.34,0.33,57,300,17100,372.485,1091,7,1091.949,426.139,28.401,117.1,35210.4,0.0,12.854201
C,2,43,Balanced,0.34,0.33,58,300,17400,463.576,1114,2,1091.949,426.784,29.831,108.9,33522.6,0.0,12.854201
C,2,43,Balanced,0.34,0.33,59,300,17700,502.49,1181,3,1091.949,428.067,33.042,123.7,30264.2,0.0,12.854201
C,2,43,Balanced,0.34,0.33,60,300,18000,447.928,1254,3,1091.949,428.398,40.074,127.3,24953.8,0.004926,12.854201
C,2,43,Balanced,0.34,0.33,61,300,18300,40.566,92,4,1091.949,422.04,12.733,36.5,78538.1,0.0,12.854201
C,2,43,Balanced,0.34,0.33,62,300,18600,74.748,144,3,1091.949,416.439,9.285,34.6,107696.7,0.0,12.854201
C,2,43,Balanced,0.34,0.33,63,300,18900,96.989,229,2,1091.949,411.368,9.636,23.3,103773.9,0.0,12.854201
C,2,43,Balanced,0.34,0.33,64,300,19200,123.99,285,3,1091.949,406.878,11.445,36.1,87376.9,0.0,12.854201
C,2,43,Balanced,0.34,0.33,65,300,19500,148.255,376,4,1091.949,402.899,14.212,52.3,70361.4,0.0,12.854201
C,2,43,Balanced,0.34,0.33,66,300,19800,195.441,442,3,1091.949,399.756,15.153,41.9,65995.0,0.0,12.854201
C,2,43,Balanced,0.34,0.33,67,300,20100,199.782,491,2,1091.949,396.771,16.564,49.1,60373.1,0.0,12.854201
C,2,43,Balanced,0.34,0.33,68,300,20400,251.954,583,4,1091.949,394.641,19.197,57.1,52092.4,0.0,12.854201
C,2,43,Balanced,0.34,0.33,69,300,20700,285.178,654,10,1091.949,393.055,21.464,61.3,46588.9,0.0,12.854201
C,2,43,Balanced,0.34,0.33,70,300,21000,330.661,733,9,1091.949,392.164,23.433,74.9,42674.9,0.0,12.854201
C,2,43,Balanced,0.34,0.33,71,300,21300,159.085,725,6,1091.949,388.881,18.603,72.6,53754.8,0.005155,12.854201
C,2,43,Balanced,0.34,0.33,72,300,21600,129.745,314,2,1091.949,385.282,12.9,37.4,77519.4,0.0,12.854201
C,2,43,Balanced,0.34,0.33,73,300,21900,114.257,349,3,1091.949,381.569,11.789,34.4,84822.4,0.0,12.854201
C,2,43,Balanced,0.34,0.33,74,300,22200,163.211,353,3,1091.949,378.618,13.861,35.3,72144.9,0.0,12.854201
C,2,43,Balanced,0.34,0.33,75,300,22500,150.358,397,3,1091.949,375.575,14.71,40.2,67979.4,0.0,12.854201
C,2,43,Balanced,0.34,0.33,76,300,22800,173.713,423,4,1091.949,372.919,15.423,39.0,64839.6,0.0,12.854201
C,2,43,Balanced,0.34,0.33,77,300,23100,182.372,459,14,1091.949,370.444,16.239,43.6,61578.9,0.0,12.854201
C,2,43,Balanced,0.34,0.33,78,300,23400,207.25,492,2,1091.949,368.352,17.592,49.0,56845.1,0.0,12.854201
C,2,43,Balanced,0.34,0.33,79,300,23700,202.168,526,3,1091.949,366.248,18.987,60.2,52666.7,0.0,12.854201
C,2,43,Balanced,0.34,0.33,80,300,24000,213.756,546,6,1091.949,364.342,18.813,52.1,53155.7,0.0,12.854201
C,2,43,Balanced,0.34,0.33,81,300,24300,32.423,307,5,1091.949,360.244,19.069,35.5,52441.1,0.005102,12.854201
C,2,43,Balanced,0.34,0.33,82,300,24600,26.673,68,1,1091.949,356.176,10.369,26.9,96441.3,0.0,12.854201
C,2,43,Balanced,0.34,0.33,83,300,24900,21.934,62,2,1091.949,352.149,9.458,24.6,105730.6,0.0,12.854201
C,2,43,Balanced,0.34,0.33,84,100,25000,20.821,57,4,1091.949,348.205,9.59,25.3,104275.2,0.0,12.854201
C,2,43,Insert-heavy,0.15,0.7,1,300,300,50.152,108,5,50.152,50.152,17.468,35.6,57247.5,0.003937,12.536121
C,2,43,Insert-heavy,0.15,0.7,2,300,600,83.659,233,3,83.659,66.906,13.533,43.0,73891.6,0.0,12.536121
C,2,43,Insert-heavy,0.15,0.7,3,300,900,164.93,358,3,164.93,99.58,12.947,34.7,77238.0,0.0,12.536121
C,2,43,Insert-heavy,0.15,0.7,4,300,1200,153.317,463,8,164.93,113.015,15.221,61.7,65697.3,0.0,12.536121
C,2,43,Insert-heavy,0.15,0.7,5,300,1500,293.14,665,3,293.14,149.04,21.209,59.4,47149.8,0.0,12.536121
C,2,43,Insert-heavy,0.15,0.7,6,300,1800,332.082,807,10,332.082,179.547,21.862,79.7,45741.5,0.0,12.536121
C,2,43,Insert-heavy,0.15,0.7,7,300,2100,332.023,894,5,332.082,201.329,24.023,89.4,41626.8,0.0,12.536121
C,2,43,Insert-heavy,0.15,0.7,8,300,2400,445.174,989,7,445.174,231.81,27.418,99.6,36472.8,0.0,12.536121
C,2,43,Insert-heavy,0.15,0.7,9,300,2700,419.706,1220,13,445.174,252.687,29.815,114.5,33540.5,0.0,12.536121
C,2,43,Insert-heavy,0.15,0.7,10,300,3000,256.722,1333,7,445.174,253.09,29.118,111.0,34342.6,0.003788,12.536121
C,2,43,Insert-heavy,0.15,0.7,11,300,3300,44.765,131,4,445.174,234.152,9.81,38.3,101936.8,0.0,12.536121
C,2,43,Insert-heavy,0.15,0.7,12,300,3600,117.15,269,4,445.174,224.402,11.167,28.1,89549.6,0.0,12.536121
C,2,43,Insert-heavy,0.15,0.7,13,300,3900,171.731,403,9,445.174,220.35,14.224,38.9,70302.1,0.0,12.536121
C,2,43,Insert-heavy,0.15,0.7,14,300,4200,227.488,574,6,445.174,220.86,17.03,58.1,58718.8,0.0,12.536121
C,2,43,Insert-heavy,0.15,0.7,15,300,4500,116.31,500,15,445.174,213.89,14.737,49.3,67856.4,0.003876,12.536121
C,2,43,Insert-heavy,0.15,0.7,16,300,4800,82.606,221,5,445.174,205.685,10.679,21.9,93638.8,0.0,12.536121
C,2,43,Insert-heavy,0.15,0.7,17,300,5100,92,289,3,445.174,198.997,10.957,29.0,91268.6,0.0,12.536121
C,2,43,Insert-heavy,0.15,0.7,18,300,5400,101.66,341,9,445.174,193.59,11.496,34.2,86989.3,0.0,12.536121
C,2,43,Insert-heavy,0.15,0.7,19,300,5700,124.372,367,3,445.174,189.947,12.577,33.3,79512.3,0.0,12.536121
C,2,43,Insert-heavy,0.15,0.7,20,300,6000,48.439,200,4,445.174,182.871,17.62,50.1,56752.6,0.003861,12.536121
C,2,43,Insert-heavy,0.15,0.7,21,300,6300,98.019,247,10,445.174,178.831,10.805,22.2,92552.6,0.0,12.536121
C,2,43,Insert-heavy,0.15,0.7,22,300,6600,198.14,408,7,445.174,179.708,14.563,41.0,68667.2,0.0,12.536121
C,2,43,Insert-heavy,0.15,0.7,23,300,6900,209.92,512,2,445.174,181.022,15.067,48.6,66370.2,0.0,12.536121
C,2,43,Insert-heavy,0.15,0.7,24,300,7200,255.5,645,7,445.174,184.125,21.387,65.6,46757.4,0.0,12.536121
C,2,43,Insert-heavy,0.15,0.7,25,300,7500,348.356,859,4,445.174,190.694,20.621,74.3,48494.3,0.0,12.536121
C,2,43,Insert-heavy,0.15,0.7,26,300,7800,485.707,988,8,485.707,202.041,25.068,96.4,39891.5,0.0,12.536121
C,2,43,Insert-heavy,0.15,0.7,27,300,8100,415.977,1103,3,485.707,209.965,28.021,110.4,35687.5,0.0,12.536121
C,2,43,Insert-heavy,0.15,0.7,28,300,8400,515,1306,4,515,220.859,31.863,132.9,31384.0,0.0,12.536121
C,2,43,Insert-heavy,0.15,0.7,29,300,8700,611.889,1367,15,611.889,234.342,51.138,175.2,19554.9,0.003788,12.536121
C,2,43,Insert-heavy,0.15,0.7,30,300,9000,593.382,1676,18,611.889,246.31,39.348,152.1,25414.0,0.0,12.536121
C,2,43,Insert-heavy,0.15,0.7,31,300,9300,773.463,1832,9,773.463,263.315,41.968,178.0,23827.5,0.0,12.536121
C,2,43,Insert-heavy,0.15,0.7,32,300,9600,672,1994,3,773.463,276.087,43.766,180.4,22848.8,0.0,12.536121
C,2,43,Insert-heavy,0.15,0.7,33,300,9900,784.837,2057,3,784.837,291.503,47.75,206.4,20942.3,0.0,12.536121
C,2,43,Insert-heavy,0.15,0.7,34,300,10200,823.049,2204,14,823.049,307.137,53.46,224.9,18705.7,0.003861,12.536121
C,2,43,Insert-heavy,0.15,0.7,35,300,10500,829.441,2323,10,829.441,322.06,49.874,241.9,20050.5,0.0,12.536121
C,2,43,Insert-heavy,0.15,0.7,36,300,10800,773.205,2529,5,829.441,334.592,52.394,245.0,19086.2,0.0,12.536121
C,2,43,Insert-heavy,0.15,0.7,37,300,11100,1114.206,2655,32,1114.206,355.663,60.381,237.9,16561.5,0.0,12.536121
C,2,43,Insert-heavy,0.15,0.7,38,300,11400,1079.308,2862,3,1114.206,374.706,62.651,297.0,15961.4,0.003831,12.536121
C,2,43,Insert-heavy,0.15,0.7,39,300,11700,48.953,106,6,1114.206,366.353,12.901,46.2,77515.4,0.0,12.536121
C,2,43,Insert-heavy,0.15,0.7,40,300,12000,105.78,233,15,1114.206,359.839,10.545,25.0,94834.7,0.0,12.536121
C,2,43,Insert-heavy,0.15,0.7,41,300,12300,138.424,355,12,1114.206,354.439,13.872,37.7,72087.7,0.0,12.536121
C,2,43,Insert-heavy,0.15,0.7,42,300,12600,207.24,596,4,1114.206,350.934,16.802,52.6,59515.5,0.0,12.536121
C,2,43,Insert-heavy,0.15,0.7,43,300,12900,211.977,635,10,1114.206,347.702,21.807,66.5,45856.1,0.007812,12.536121
C,2,43,Insert-heavy,0.15,0.7,44,300,13200,73.179,216,8,1114.206,341.463,10.976,23.5,91105.1,0.0,12.536121
C,2,43,Insert-heavy,0.15,0.7,45,300,13500,107.8,276,2,1114.206,336.271,13.579,30.1,73641.3,0.0,12.536121
C,2,43,Insert-heavy,0.15,0.7,46,300,13800,96.561,317,4,1114.206,331.06,11.913,30.3,83944.3,0.0,12.536121
C,2,43,Insert-heavy,0.15,0.7,47,300,14100,123,301,4,1114.206,326.633,12.362,30.8,80890.9,0.0,12.536121
C,2,43,Insert-heavy,0.15,0.7,48,300,14400,74.395,408,9,1114.206,321.378,18.007,47.1,55535.0,0.003817,12.536121
C,2,43,Insert-heavy,0.15,0.7,49,300,14700,74.327,203,8,1114.206,316.336,10.286,26.0,97216.4,0.0,12.536121
C,2,43,Insert-heavy,0.15,0.7,50,300,15000,114.829,317,11,1114.206,312.306,12.333,29.9,81083.3,0.0,12.536121
C,2,43,Insert-heavy,0.15,0.7,51,300,15300,176.604,457,3,1114.206,309.645,13.387,42.2,74699.3,0.0,12.536121
C,2,43,Insert-heavy,0.15,0.7,52,300,15600,179.048,567,3,1114.206,307.133,16.257,57.8,61512.0,0.0,12.536121
C,2,43,Insert-heavy,0.15,0.7,53,300,15900,335.258,782,5,1114.206,307.664,24.229,75.6,41272.3,0.0,12.536121
C,2,43,Insert-heavy,0.15,0.7,54,300,16200,290,963,5,1114.206,307.337,23.715,90.4,42166.8,0.0,12.536121
C,2,43,Insert-heavy,0.15,0.7,55,300,16500,471.394,1112,11,1114.206,310.32,26.037,106.0,38406.9,0.0,12.536121
C,2,43,Insert-heavy,0.15,0.7,56,300,16800,568.578,1252,2,1114.206,314.932,31.238,124.4,32011.9,0.0,12.536121
C,2,43,Insert-heavy,0.15,0.7,57,300,17100,499.37,1383,3,1114.206,318.167,39.589,142.7,25259.8,0.004065,12.536121
C,2,43,Insert-heavy,0.15,0.7,58,300,17400,35.175,72,4,1114.206,313.288,13.609,42.6,73479.0,0.0,12.536121
C,2,43,Insert-heavy,0.15,0.7,59,300,17700,78.39,232,3,1114.206,309.307,9.943,29.0,100576.6,0.0,12.536121
C,2,43,Insert-heavy,0.15,0.7,60,300,18000,162.636,357,4,1114.206,306.862,13.559,43.3,73749.9,0.0,12.536121
C,2,43,Insert-heavy,0.15,0.7,61,300,18300,168.667,518,10,1114.206,304.597,15.929,52.7,62778.6,0.0,12.536121
C,2,43,Insert-heavy,0.15,0.7,62,300,18600,193.093,640,10,1114.206,302.798,20.213,65.5,49473.1,0.003891,12.536121
C,2,43,Insert-heavy,0.15,0.7,63,300,18900,76.722,235,8,1114.206,299.21,10.455,24.2,95651.1,0.0,12.536121
C,2,43,Insert-heavy,0.15,0.7,64,300,19200,91.705,267,4,1114.206,295.968,11.653,36.2,85814.8,0.0,12.536121
C,2,43,Insert-heavy,0.15,0.7,65,300,19500,110.184,294,8,1114.206,293.109,11.828,28.6,84545.2,0.0,12.536121
C,2,43,Insert-heavy,0.15,0.7,66,300,19800,117.574,344,11,1114.206,290.45,13.076,32.1,76476.0,0.0,12.536121
C,2,43,Insert-heavy,0.15,0.7,67,300,20100,101.184,395,2,1114.206,287.625,21.004,44.8,47609.2,0.003984,12.536121
C,2,43,Insert-heavy,0.15,0.7,68,300,20400,59.048,186,5,1114.206,284.263,9.71,31.0,102983.1,0.0,12.536121
C,2,43,Insert-heavy,0.15,0.7,69,300,20700,106.022,314,4,1114.206,281.68,11.743,25.9,85157.1,0.0,12.536121
C,2,43,Insert-heavy,0.15,0.7,70,300,21000,161.933,468,6,1114.206,279.97,14.071,41.7,71066.5,0.0,12.536121
C,2,43,Insert-heavy,0.15,0.7,71,300,21300,247.795,592,2,1114.206,279.516,17.868,54.3,55964.9,0.0,12.536121
C,2,43,Insert-heavy,0.15,0.7,72,300,21600,292.762,793,8,1114.206,279.7,22.895,71.3,43677.7,0.0,12.536121
C,2,43,Insert-heavy,0.15,0.7,73,300,21900,318.575,900,9,1114.206,280.233,23.511,91.1,42532.7,0.0,12.536121
C,2,43,Insert-heavy,0.15,0.7,74,300,22200,378.513,1134,3,1114.206,281.561,26.206,93.6,38158.7,0.0,12.536121
C,2,43,Insert-heavy,0.15,0.7,75,300,22500,510.918,1262,8,1114.206,284.619,30.621,127.2,32657.7,0.0,12.536121
C,2,43,Insert-heavy,0.15,0.7,76,300,22800,543.543,1315,3,1114.206,288.026,33.996,124.4,29415.5,0.0,12.536121
C,2,43,Insert-heavy,0.15,0.7,77,300,23100,149.279,1117,4,1114.206,286.224,26.448,99.3,37810.5,0.003891,12.536121
C,2,43,Insert-heavy,0.15,0.7,78,300,23400,68.875,201,10,1114.206,283.438,9.54,24.9,104821.8,0.0,12.536121
C,2,43,Insert-heavy,0.15,0.7,79,300,23700,102.646,307,1,1114.206,281.149,12.096,32.0,82672.0,0.0,12.536121
C,2,43,Insert-heavy,0.15,0.7,80,300,24000,196.882,481,2,1114.206,280.096,14.767,46.6,67717.0,0.0,12.536121
C,2,43,Insert-heavy,0.15,0.7,81,300,24300,183.237,608,4,1114.206,278.9,19.701,82.4,50758.8,0.0,12.536121
C,2,43,Insert-heavy,0.15,0.7,82,300,24600,313,759,19,1114.206,279.316,19.444,76.7,51428.9,0.0,12.536121
C,2,43,Insert-heavy,0.15,0.7,83,300,24900,458.385,993,8,1114.206,281.473,25.682,92.2,38937.3,0.0,12.536121
C,2,43,Insert-heavy,0.15,0.7,84,100,25000,485,1037,24,1114.206,283.896,27.814,117.0,35953.1,0.0,12.536121
C,2,43,Write-heavy,0.1,0.5,1,300,300,47.364,94,2,47.364,47.364,16.581,36.2,60308.8,0.003745,6.18989
C,2,43,Write-heavy,0.1,0.5,2,300,600,89.031,192,4,89.031,68.197,8.317,23.5,120230.8,0.0,6.18989
C,2,43,Write-heavy,0.1,0.5,3,300,900,111.069,251,9,111.069,82.488,10.192,34.2,98116.1,0.0,6.18989
C,2,43,Write-heavy,0.1,0.5,4,300,1200,162.167,365,3,162.167,102.408,11.682,37.0,85599.3,0.0,6.18989
C,2,43,Write-heavy,0.1,0.5,5,300,1500,199.615,484,9,199.615,121.849,13.098,46.8,76347.6,0.0,6.18989
C,2,43,Write-heavy,0.1,0.5,6,300,1800,272.188,567,17,272.188,146.906,16.548,54.0,60430.2,0.0,6.18989
C,2,43,Write-heavy,0.1,0.5,7,300,2100,198.273,628,7,272.188,154.244,20.1,62.3,49752.1,0.0,6.18989
C,2,43,Write-heavy,0.1,0.5,8,300,2400,299.714,794,20,299.714,172.428,20.563,70.0,48631.8,0.0,6.18989
C,2,43,Write-heavy,0.1,0.5,9,300,2700,348.333,898,9,348.333,191.973,21.961,88.3,45535.3,0.0,6.18989
C,2,43,Write-heavy,0.1,0.5,10,300,3000,303.185,968,4,348.333,203.094,23.129,75.8,43235.8,0.0,6.18989
C,2,43,Write-heavy,0.1,0.5,11,300,3300,476.172,1032,13,476.172,227.919,25.079,106.7,39874.0,0.0,6.18989
C,2,43,Write-heavy,0.1,0.5,12,300,3600,282.692,1132,12,476.172,232.484,24.011,73.2,41647.6,0.0,6.18989
C,2,43,Write-heavy,0.1,0.5,13,300,3900,589.029,1270,21,589.029,259.91,31.55,126.0,31695.7,0.0,6.18989
C,2,43,Write-heavy,0.1,0.5,14,300,4200,135.435,1080,4,589.029,251.019,16.096,62.8,62128.5,0.00361,6.18989
C,2,43,Write-heavy,0.1,0.5,15,300,4500,96.694,215,6,589.029,240.731,8.706,21.1,114867.8,0.0,6.18989
C,2,43,Write-heavy,0.1,0.5,16,300,4800,112,300,3,589.029,232.685,10.788,22.6,92698.4,0.0,6.18989
C,2,43,Write-heavy,0.1,0.5,17,300,5100,249.774,435,12,589.029,233.69,14.461,43.5,69151.5,0.0,6.18989
C,2,43,Write-heavy,0.1,0.5,18,300,5400,232.808,523,12,589.029,233.641,16.267,52.9,61472.9,0.0,6.18989
C,2,43,Write-heavy,0.1,0.5,19,300,5700,309.778,706,3,589.029,237.648,19.533,60.9,51196.3,0.0,6.18989
C,2,43,Write-heavy,0.1,0.5,20,300,6000,354.886,877,4,589.029,243.51,25.187,85.1,39703.6,0.0,6.18989
C,2,43,Write-heavy,0.1,0.5,21,300,6300,402.96,955,8,589.029,251.103,25.667,88.9,38961.0,0.0,6.18989
C,2,43,Write-heavy,0.1,0.5,22,300,6600,466.273,1134,23,589.029,260.884,27.875,106.1,35874.0,0.0,6.18989
C,2,43,Write-heavy,0.1,0.5,23,300,6900,481.333,1254,5,589.029,270.468,30.158,114.7,33158.7,0.0,6.18989
C,2,43,Write-heavy,0.1,0.5,24,300,7200,489.25,1328,15,589.029,279.584,32.353,119.3,30908.7,0.0,6.18989
C,2,43,Write-heavy,0.1,0.5,25,300,7500,544.741,1339,18,589.029,290.191,32.402,127.6,30862.6,0.0,6.18989
C,2,43,Write-heavy,0.1,0.5,26,300,7800,608.462,1472,15,608.462,302.432,51.632,148.0,19368.0,0.00365,6.18989
C,2,43,Write-heavy,0.1,0.5,27,300,8100,27.758,87,4,608.462,292.259,9.563,40.2,104566.0,0.0,6.18989
C,2,43,Write-heavy,0.1,0.5,28,300,8400,78.296,211,4,608.462,284.617,7.921,18.8,126241.4,0.0,6.18989
C,2,43,Write-heavy,0.1,0.5,29,300,8700,138.75,316,5,608.462,279.587,10.644,28.6,93946.7,0.0,6.18989
C,2,43,Write-heavy,0.1,0.5,30,300,9000,211.519,401,5,608.462,277.318,13.507,40.7,74037.5,0.0,6.18989
C,2,43,Write-heavy,0.1,0.5,31,300,9300,244.517,561,5,608.462,276.26,15.9,52.6,62891.8,0.0,6.18989
C,2,43,Write-heavy,0.1,0.5,32,300,9600,326.714,644,6,608.462,277.837,18.586,62.2,53803.0,0.0,6.18989
C,2,43,Write-heavy,0.1,0.5,33,300,9900,364,827,5,608.462,280.448,23.186,81.4,43128.8,0.0,6.18989
C,2,43,Write-heavy,0.1,0.5,34,300,10200,346.222,957,8,608.462,282.382,22.007,86.4,45440.1,0.0,6.18989
C,2,43,Write-heavy,0.1,0.5,35,300,10500,490,1120,12,608.462,288.314,26.395,93.0,37886.0,0.0,6.18989
C,2,43,Write-heavy,0.1,0.5,36,300,10800,515.074,1190,7,608.462,294.613,27.987,108.5,35731.3,0.0,6.18989
C,2,43,Write-heavy,0.1,0.5,37,300,11100,401.312,1156,5,608.462,297.497,29.571,108.9,33816.9,0.0,6.18989
C,2,43,Write-heavy,0.1,0.5,38,300,11400,498.091,1410,23,608.462,302.776,32.135,98.0,31118.7,0.0,6.18989
C,2,43,Write-heavy,0.1,0.5,39,300,11700,772.115,1583,5,772.115,314.81,38.113,129.5,26238.0,0.0,6.18989
C,2,43,Write-heavy,0.1,0.5,40,300,12000,210.939,1336,3,772.115,312.213,18.175,122.9,55019.6,0.003745,6.18989
C,2,43,Write-heavy,0.1,0.5,41,300,12300,66.522,154,4,772.115,306.221,8.519,35.8,117389.3,0.0,6.18989
C,2,43,Write-heavy,0.1,0.5,42,300,12600,121.75,319,4,772.115,301.829,10.875,30.7,91954.0,0.0,6.18989
C,2,43,Write-heavy,0.1,0.5,43,300,12900,140.963,433,16,772.115,298.088,12.38,38.4,80777.6,0.0,6.18989
C,2,43,Write-heavy,0.1,0.5,44,300,13200,253.92,520,3,772.115,297.084,15.935,47.3,62753.6,0.0,6.18989
C,2,43,Write-heavy,0.1,0.5,45,300,13500,225.143,620,8,772.115,295.485,16.639,59.0,60098.6,0.0,6.18989
C,2,43,Write-heavy,0.1,0.5,46,300,13800,263.033,674,8,772.115,294.78,19.863,57.2,50344.9,0.003704,6.18989
C,2,43,Write-heavy,0.1,0.5,47,300,14100,72.294,234,8,772.115,290.046,9.946,24.5,100542.9,0.0,6.18989
C,2,43,Write-heavy,0.1,0.5,48,300,14400,77.769,238,3,772.115,285.623,10.342,24.0,96696.2,0.0,6.18989
C,2,43,Write-heavy,0.1,0.5,49,300,14700,109.84,291,12,772.115,282.036,11.989,41.8,83409.8,0.0,6.18989
C,2,43,Write-heavy,0.1,0.5,50,300,15000,115.96,323,7,772.115,278.715,12.099,33.4,82653.7,0.0,6.18989
C,2,43,Write-heavy,0.1,0.5,51,300,15300,135.385,348,2,772.115,275.904,11.289,36.5,88579.2,0.0,6.18989
C,2,43,Write-heavy,0.1,0.5,52,300,15600,121.697,408,3,772.115,272.939,11.772,34.5,84944.9,0.0,6.18989
C,2,43,Write-heavy,0.1,0.5,53,300,15900,48.571,386,11,772.115,268.705,17.342,59.3,57663.5,0.003676,6.18989
C,2,43,Write-heavy,0.1,0.5,54,300,16200,59.645,157,9,772.115,264.834,8.258,26.5,121099.5,0.0,6.18989
C,2,43,Write-heavy,0.1,0.5,55,300,16500,105.417,243,8,772.115,261.935,10.446,22.7,95727.3,0.0,6.18989
C,2,43,Write-heavy,0.1,0.5,56,300,16800,199.879,348,7,772.115,260.827,13.556,33.6,73769.9,0.0,6.18989
C,2,43,Write-heavy,0.1,0.5,57,300,17100,208,520,19,772.115,259.9,15.069,47.3,66361.4,0.0,6.18989
C,2,43,Write-heavy,0.1,0.5,58,300,17400,179,469,4,772.115,258.506,18.048,50.9,55406.8,0.0,6.18989
C,2,43,Write-heavy,0.1,0.5,59,300,17700,308.806,697,8,772.115,259.358,21.891,69.6,45681.6,0.003788,6.18989
C,2,43,Write-heavy,0.1,0.5,60,300,18000,83.516,201,6,772.115,256.427,10.035,21.1,99647.9,0.0,6.18989
C,2,43,Write-heavy,0.1,0.5,61,300,18300,31.6,134,8,772.115,252.742,15.68,36.4,63775.5,0.0,6.18989
C,2,43,Write-heavy,0.1,0.5,62,300,18600,34.4,80,5,772.115,249.22,15.495,38.0,64537.0,0.0,6.18989
C,2,43,Write-heavy,0.1,0.5,63,300,18900,80.08,137,20,772.115,246.535,9.478,38.4,105511.2,0.0,6.18989
C,2,43,Write-heavy,0.1,0.5,64,300,19200,70.061,234,6,772.115,243.778,12.824,37.1,77980.8,0.0,6.18989
C,2,43,Write-heavy,0.1,0.5,65,300,19500,87.216,178,6,772.115,241.369,8.592,18.8,116382.9,0.0,6.18989
C,2,43,Write-heavy,0.1,0.5,66,300,19800,109.619,257,2,772.115,239.373,17.285,39.9,57853.6,0.003584,6.18989
C,2,43,Write-heavy,0.1,0.5,67,300,20100,25.4,61,2,772.115,236.179,7.834,32.8,127648.7,0.0,6.18989
C,2,43,Write-heavy,0.1,0.5,68,300,20400,51.154,125,4,772.115,233.458,8.536,42.1,117155.5,0.0,6.18989
C,2,43,Write-heavy,0.1,0.5,69,300,20700,88.25,252,2,772.115,231.354,10.331,27.2,96799.1,0.0,6.18989
C,2,43,Write-heavy,0.1,0.5,70,300,21000,124.154,362,2,772.115,229.823,11.71,36.0,85397.1,0.0,6.18989
C,2,43,Write-heavy,0.1,0.5,71,300,21300,41.538,393,9,772.115,227.171,7.738,35.6,129226.8,0.0,6.18989
C,2,43,Write-heavy,0.1,0.5,72,300,21600,49.964,161,2,772.115,224.709,7.976,24.9,125376.1,0.0,6.18989
C,2,43,Write-heavy,0.1,0.5,73,300,21900,23.625,81,2,772.115,221.955,9.869,40.4,101324.0,0.003731,6.18989
C,2,43,Write-heavy,0.1,0.5,74,300,22200,46.727,131,3,772.115,219.587,5.547,14.7,180288.4,0.0,6.18989
C,2,43,Write-heavy,0.1,0.5,75,300,22500,122.871,269,3,772.115,218.297,8.911,23.7,112220.8,0.0,6.18989
C,2,43,Write-heavy,0.1,0.5,76,300,22800,217.308,364,9,772.115,218.284,11.987,34.2,83423.7,0.0,6.18989
C,2,43,Write-heavy,0.1,0.5,77,300,23100,325.417,544,8,772.115,219.676,16.908,54.2,59144.8,0.0,6.18989
C,2,43,Write-heavy,0.1,0.5,78,300,23400,244.864,583,29,772.115,219.999,18.486,49.5,54096.0,0.0,6.18989
C,2,43,Write-heavy,0.1,0.5,79,300,23700,275.75,748,10,772.115,220.704,25.57,74.9,39108.8,0.003676,6.18989
C,2,43,Write-heavy,0.1,0.5,80,300,24000,35.172,96,3,772.115,218.385,7.79,43.7,128375.2,0.0,6.18989
C,2,43,Write-heavy,0.1,0.5,81,300,24300,44.529,120,3,772.115,216.239,6.242,17.0,160213.7,0.0,6.18989
C,2,43,Write-heavy,0.1,0.5,82,300,24600,58.517,144,4,772.115,214.315,6.612,16.1,151232.5,0.0,6.18989
C,2,43,Write-heavy,0.1,0.5,83,300,24900,80.586,192,3,772.115,212.704,7.875,20.6,126984.1,0.0,6.18989
C,2,43,Write-heavy,0.1,0.5,84,100,25000,123.25,174,61,772.115,211.639,7.449,19.4,134246.2,0.0,6.18989
C,2,43,Insert-flood,0.02,0.97,1,300,300,70.429,148,9,70.429,70.429,14.616,36.4,68416.6,0.003413,3.739542
C,2,43,Insert-flood,0.02,0.97,2,300,600,78.333,216,9,78.333,74.381,11.674,29.6,85657.9,0.0,3.739542
C,2,43,Insert-flood,0.02,0.97,3,300,900,372.333,481,270,372.333,173.698,14.748,34.7,67804.3,0.0,3.739542
C,2,43,Insert-flood,0.02,0.97,4,300,1200,43.5,74,13,372.333,141.149,18.272,58.2,54728.5,0.003356,3.739542
C,2,43,Insert-flood,0.02,0.97,5,300,1500,152,291,25,372.333,143.319,11.538,24.1,86672.6,0.0,3.739542
C,2,43,Insert-flood,0.02,0.97,6,300,1800,195,350,82,372.333,151.933,12.773,31.4,78290.1,0.0,3.739542
C,2,43,Insert-flood,0.02,0.97,7,300,2100,127.444,400,17,372.333,148.434,19.68,40.7,50812.1,0.003436,3.739542
C,2,43,Insert-flood,0.02,0.97,8,300,2400,26,36,14,372.333,133.13,8.178,25.1,122284.3,0.0,3.739542
C,2,43,Insert-flood,0.02,0.97,9,300,2700,119.857,210,77,372.333,131.655,11.589,21.4,86288.7,0.0,3.739542
C,2,43,Insert-flood,0.02,0.97,10,300,3000,107.6,227,16,372.333,129.25,11.849,45.6,84397.7,0.0,3.739542
C,2,43,Insert-flood,0.02,0.97,11,300,3300,99.875,208,24,372.333,126.579,12.245,21.7,81663.8,0.0,3.739542
C,2,43,Insert-flood,0.02,0.97,12,300,3600,294.5,520,69,372.333,140.573,13.73,31.1,72831.4,0.0,3.739542
C,2,43,Insert-flood,0.02,0.97,13,300,3900,361.111,759,40,372.333,157.537,23.018,57.5,43443.6,0.0,3.739542
C,2,43,Insert-flood,0.02,0.97,14,300,4200,153.444,700,7,372.333,157.245,29.742,53.5,33622.1,0.003436,3.739542
C,2,43,Insert-flood,0.02,0.97,15,300,4500,30.667,68,10,372.333,148.806,9.177,35.7,108968.0,0.0,3.739542
C,2,43,Insert-flood,0.02,0.97,16,300,4800,56.8,147,13,372.333,143.056,9.285,34.2,107704.4,0.0,3.739542
C,2,43,Insert-flood,0.02,0.97,17,300,5100,108,259,17,372.333,140.994,12.275,50.8,81464.2,0.0,3.739542
C,2,43,Insert-flood,0.02,0.97,18,300,5400,168.25,406,28,372.333,142.508,19.856,49.6,50363.5,0.0,3.739542
C,2,43,Insert-flood,0.02,0.97,19,300,5700,310.833,703,79,372.333,151.367,19.231,49.6,51999.4,0.0,3.739542
C,2,43,Insert-flood,0.02,0.97,20,300,6000,631.833,938,3,631.833,175.391,23.576,79.4,42416.6,0.0,3.739542
C,2,43,Insert-flood,0.02,0.97,21,300,6300,0.0,0.0,0.0,631.833,167.039,30.609,60.2,32670.1,0.003333,3.739542
C,2,43,Insert-flood,0.02,0.97,22,300,6600,44.333,88,7,631.833,161.461,9.967,60.4,100334.4,0.0,3.739542
C,2,43,Insert-flood,0.02,0.97,23,300,6900,106.714,242,20,631.833,159.081,12.191,35.6,82029.9,0.0,3.739542
C,2,43,Insert-flood,0.02,0.97,24,300,7200,181.636,429,5,631.833,160.021,12.196,40.0,81994.1,0.0,3.739542
C,2,43,Insert-flood,0.02,0.97,25,300,7500,59,78,47,631.833,155.98,12.053,49.1,82969.2,0.0,3.739542
C,2,43,Insert-flood,0.02,0.97,26,300,7800,117,212,59,631.833,154.481,8.804,45.3,113580.4,0.0,3.739542
C,2,43,Insert-flood,0.02,0.97,27,300,8100,198.667,336,97,631.833,156.117,12.626,46.5,79199.5,0.0,3.739542
C,2,43,Insert-flood,0.02,0.97,28,300,8400,310.667,542,116,631.833,161.637,23.89,55.0,41858.5,0.003367,3.739542
C,2,43,Insert-flood,0.02,0.97,29,300,8700,33.857,63,5,631.833,157.231,8.429,35.0,118638.0,0.0,3.739542
C,2,43,Insert-flood,0.02,0.97,30,300,9000,36.75,76,12,631.833,153.215,7.435,15.9,134505.0,0.0,3.739542
C,2,43,Insert-flood,0.02,0.97,31,300,9300,205.444,391,31,631.833,154.899,10.277,30.1,97307.8,0.0,3.739542
C,2,43,Insert-flood,0.02,0.97,32,300,9600,179.5,318,69,631.833,155.668,18.656,31.9,53602.1,0.0,3.739542
C,2,43,Insert-flood,0.02,0.97,33,300,9900,234,669,8,631.833,158.042,13.66,43.3,73206.5,0.0,3.739542
C,2,43,Insert-flood,0.02,0.97,34,300,10200,303.429,708,21,631.833,162.318,15.458,49.8,64691.4,0.0,3.739542
C,2,43,Insert-flood,0.02,0.97,35,300,10500,259.778,721,2,631.833,165.102,26.149,68.4,38242.4,0.003436,3.739542
C,2,43,Insert-flood,0.02,0.97,36,300,10800,60,121,9,631.833,162.183,8.41,49.8,118910.7,0.0,3.739542
C,2,43,Insert-flood,0.02,0.97,37,300,11100,126,232,20,631.833,161.205,12.682,46.9,78854.0,0.0,3.739542
C,2,43,Insert-flood,0.02,0.97,38,300,11400,141.8,278,8,631.833,160.694,14.858,54.4,67302.3,0.0,3.739542
C,2,43,Insert-flood,0.02,0.97,39,300,11700,102.625,201,5,631.833,159.205,13.303,48.5,75172.9,0.0,3.739542
C,2,43,Insert-flood,0.02,0.97,40,300,12000,137.333,272,19,631.833,158.659,13.343,45.6,74945.7,0.0,3.739542
C,2,43,Insert-flood,0.02,0.97,41,300,12300,266.833,675,30,631.833,161.297,17.19,49.9,58173.3,0.0,3.739542
C,2,43,Insert-flood,0.02,0.97,42,300,12600,426,455,397,631.833,167.599,26.742,46.2,37393.9,0.003356,3.739542
C,2,43,Insert-flood,0.02,0.97,43,300,12900,26.556,67,2,631.833,164.319,15.429,41.1,64814.4,0.0,3.739542
C,2,43,Insert-flood,0.02,0.97,44,300,13200,44.5,77,12,631.833,161.596,8.77,35.2,114029.4,0.0,3.739542
C,2,43,Insert-flood,0.02,0.97,45,300,13500,101,224,27,631.833,160.25,8.034,19.2,124471.0,0.0,3.739542
C,2,43,Insert-flood,0.02,0.97,46,300,13800,102.857,273,11,631.833,159.002,15.784,27.8,63355.3,0.0,3.739542
C,2,43,Insert-flood,0.02,0.97,47,300,14100,237,508,16,631.833,160.661,13.599,43.2,73533.0,0.0,3.739542
C,2,43,Insert-flood,0.02,0.97,48,300,14400,306.727,705,79,631.833,163.705,15.531,53.6,64387.3,0.0,3.739542
C,2,43,Insert-flood,0.02,0.97,49,300,14700,166.333,798,15,631.833,163.758,26.137,59.3,38259.4,0.003401,3.739542
C,2,43,Insert-flood,0.02,0.97,50,300,15000,0.0,0.0,0.0,631.833,160.483,11.235,47.1,89007.6,0.0,3.739542
C,2,43,Insert-flood,0.02,0.97,51,300,15300,42.6,82,7,631.833,158.172,7.308,46.3,136836.4,0.0,3.739542
C,2,43,Insert-flood,0.02,0.97,52,300,15600,199.8,362,44,631.833,158.972,10.053,32.8,99469.5,0.0,3.739542
C,2,43,Insert-flood,0.02,0.97,53,300,15900,174.667,427,49,631.833,159.268,20.537,49.3,48692.6,0.0,3.739542
C,2,43,Insert-flood,0.02,0.97,54,300,16200,197.75,672,5,631.833,159.981,19.619,67.3,50971.0,0.0,3.739542
C,2,43,Insert-flood,0.02,0.97,55,300,16500,220.286,523,19,631.833,161.077,22.595,57.9,44258.2,0.0,3.739542
C,2,43,Insert-flood,0.02,0.97,56,300,16800,381.5,899,23,631.833,165.013,28.737,71.9,34797.9,0.003378,3.739542
C,2,43,Insert-flood,0.02,0.97,57,300,17100,43.667,104,6,631.833,162.885,8.114,36.3,123238.7,0.0,3.739542
C,2,43,Insert-flood,0.02,0.97,58,300,17400,148.8,319,54,631.833,162.642,12.076,57.8,82811.2,0.0,3.739542
C,2,43,Insert-flood,0.02,0.97,59,300,17700,435.8,633,209,631.833,167.272,16.562,61.3,60378.0,0.0,3.739542
C,2,43,Insert-flood,0.02,0.97,60,300,18000,371.429,710,29,631.833,170.674,26.845,70.5,37250.4,0.0,3.739542
C,2,43,Insert-flood,0.02,0.97,61,300,18300,585,926,258,631.833,177.466,26.97,61.2,37078.2,0.0,3.739542
C,2,43,Insert-flood,0.02,0.97,62,300,18600,85,108,62,631.833,175.975,7.265,55.6,137646.3,0.0,3.739542
C,2,43,Insert-flood,0.02,0.97,63,300,18900,137.5,298,20,631.833,175.364,21.447,57.4,46627.3,0.003401,3.739542
C,2,43,Insert-flood,0.02,0.97,64,300,19200,42.75,90,11,631.833,173.292,9.351,38.5,106944.2,0.0,3.739542
C,2,43,Insert-flood,0.02,0.97,65,300,19500,73.727,162,8,631.833,171.76,9.535,49.1,104880.4,0.0,3.739542
C,2,43,Insert-flood,0.02,0.97,66,300,19800,86.833,204,8,631.833,170.474,12.452,21.7,80308.4,0.0,3.739542
C,2,43,Insert-flood,0.02,0.97,67,300,20100,144.286,277,41,631.833,170.083,8.74,19.1,114412.1,0.0,3.739542
C,2,43,Insert-flood,0.02,0.97,68,300,20400,212.571,390,28,631.833,170.708,11.055,24.3,90454.1,0.0,3.739542
C,2,43,Insert-flood,0.02,0.97,69,300,20700,125.667,287,39,631.833,170.055,12.382,25.1,80762.4,0.0,3.739542
C,2,43,Insert-flood,0.02,0.97,70,300,21000,39.5,71,8,631.833,168.19,25.59,48.3,39077.3,0.003356,3.739542
C,2,43,Insert-flood,0.02,0.97,71,300,21300,37.2,74,6,631.833,166.345,18.662,50.9,53585.8,0.0,3.739542
C,2,43,Insert-flood,0.02,0.97,72,300,21600,46,76,25,631.833,164.673,18.372,40.4,54430.7,0.0,3.739542
C,2,43,Insert-flood,0.02,0.97,73,300,21900,31,79,3,631.833,162.842,22.457,51.3,44530.2,0.0,3.739542
C,2,43,Insert-flood,0.02,0.97,74,300,22200,70.6,135,38,631.833,161.596,15.334,67.6,65213.1,0.0,3.739542
C,2,43,Insert-flood,0.02,0.97,75,300,22500,52.571,93,27,631.833,160.142,12.627,44.9,79197.5,0.0,3.739542
C,2,43,Insert-flood,0.02,0.97,76,300,22800,58,94,22,631.833,158.798,17.244,74.2,57991.2,0.0,3.739542
C,2,43,Insert-flood,0.02,0.97,77,300,23100,42.167,104,13,631.833,157.283,49.265,52.6,20298.5,0.003401,3.739542
C,2,43,Insert-flood,0.02,0.97,78,300,23400,26.833,74,8,631.833,155.611,17.208,63.6,58113.6,0.0,3.739542
C,2,43,Insert-flood,0.02,0.97,79,300,23700,40,59,23,631.833,154.148,15.926,40.9,62789.1,0.0,3.739542
C,2,43,Insert-flood,0.02,0.97,80,300,24000,103.667,129,63,631.833,153.517,20.843,75.5,47977.7,0.003367,3.739542
C,2,43,Insert-flood,0.02,0.97,81,300,24300,120.875,299,24,631.833,153.114,15.933,50.6,62762.8,0.0,3.739542
C,2,43,Insert-flood,0.02,0.97,82,300,24600,65.667,139,15,631.833,152.047,16.744,50.6,59722.9,0.0,3.739542
C,2,43,Insert-flood,0.02,0.97,83,300,24900,359,574,29,631.833,154.541,17.889,58.9,55899.2,0.0,3.739542
C,2,43,Insert-flood,0.02,0.97,84,100,25000,26,26,26,631.833,153.01,19.022,49.7,52570.7,0.0,3.739542
C,2,43,Delete-flood,0.02,0.05,1,300,300,31.5,50,12,31.5,31.5,21.53,104.6,46446.1,0.003378,4.885437
C,2,43,Delete-flood,0.02,0.05,2,300,600,40.154,70,17,40.154,35.827,15.003,37.1,66651.9,0.0,4.885437
C,2,43,Delete-flood,0.02,0.05,3,300,900,42.4,75,21,42.4,38.018,15.496,44.5,64532.8,0.0,4.885437
C,2,43,Delete-flood,0.02,0.05,4,300,1200,30.286,64,4,42.4,36.085,14.318,31.8,69840.5,0.0,4.885437
C,2,43,Delete-flood,0.02,0.05,5,300,1500,23.75,49,8,42.4,33.618,11.519,36.7,86815.5,0.0,4.885437
C,2,43,Delete-flood,0.02,0.05,6,300,1800,50.583,69,19,50.583,36.445,7.044,35.3,141964.8,0.0,4.885437
C,2,43,Delete-flood,0.02,0.05,7,300,2100,35,60,10,50.583,36.239,6.902,33.3,144892.6,0.0,4.885437
C,2,43,Delete-flood,0.02,0.05,8,300,2400,61.25,76,21,61.25,39.365,6.948,23.9,143926.2,0.0,4.885437
C,2,43,Delete-flood,0.02,0.05,9,300,2700,46.222,81,10,61.25,40.127,7.839,36.2,127572.7,0.0,4.885437
C,2,43,Delete-flood,0.02,0.05,10,300,3000,57.222,77,17,61.25,41.837,7.435,27.7,134498.9,0.0,4.885437
C,2,43,Delete-flood,0.02,0.05,11,300,3300,64.273,108,5,64.273,43.876,7.502,33.0,133297.7,0.0,4.885437
C,2,43,Delete-flood,0.02,0.05,12,300,3600,79,80,77,79,46.803,7.484,32.0,133612.3,0.0,4.885437
C,2,43,Delete-flood,0.02,0.05,13,300,3900,101,124,53,101,50.972,7.583,21.6,131873.8,0.0,4.885437
C,2,43,Delete-flood,0.02,0.05,14,300,4200,68.444,126,24,101,52.22,7.651,21.2,130696.2,0.0,4.885437
C,2,43,Delete-flood,0.02,0.05,15,300,4500,69,118,25,101,53.339,7.481,20.1,133677.8,0.0,4.885437
C,2,43,Delete-flood,0.02,0.05,16,300,4800,65.375,112,29,101,54.091,7.965,26.7,125544.0,0.0,4.885437
C,2,43,Delete-flood,0.02,0.05,17,300,5100,92.571,148,29,101,56.355,8.202,18.9,121916.6,0.0,4.885437
C,2,43,Delete-flood,0.02,0.05,18,300,5400,89.2,171,54,101,58.179,8.421,33.8,118750.7,0.0,4.885437
C,2,43,Delete-flood,0.02,0.05,19,300,5700,111.8,171,17,111.8,61.002,8.542,23.3,117068.6,0.0,4.885437
C,2,43,Delete-flood,0.02,0.05,20,300,6000,100.8,122,85,111.8,62.992,8.32,20.0,120197.1,0.0,4.885437
C,2,43,Delete-flood,0.02,0.05,21,300,6300,86.4,194,13,111.8,64.106,8.634,23.2,115825.6,0.0,4.885437
C,2,43,Delete-flood,0.02,0.05,22,300,6600,93.5,198,26,111.8,65.442,8.591,29.1,116400.9,0.0,4.885437
C,2,43,Delete-flood,0.02,0.05,23,300,6900,127,192,32,127,68.119,8.733,19.9,114508.2,0.0,4.885437
C,2,43,Delete-flood,0.02,0.05,24,300,7200,83.571,204,5,127,68.763,9.513,26.4,105123.0,0.0,4.885437
C,2,43,Delete-flood,0.02,0.05,25,300,7500,122.833,207,45,127,70.925,9.208,33.3,108597.2,0.0,4.885437
C,2,43,Delete-flood,0.02,0.05,26,300,7800,65.667,160,23,127,70.723,9.511,25.8,105145.1,0.0,4.885437
C,2,43,Delete-flood,0.02,0.05,27,300,8100,86,172,3,127,71.289,9.602,31.1,104148.6,0.0,4.885437
C,2,43,Delete-flood,0.02,0.05,28,300,8400,115.889,256,2,127,72.882,8.318,33.6,120226.0,0.0,4.885437
C,2,43,Delete-flood,0.02,0.05,29,300,8700,52.167,154,3,127,72.168,8.622,33.6,115977.9,0.0,4.885437
C,2,43,Delete-flood,0.02,0.05,30,300,9000,64.778,228,3,127,71.921,9.077,36.6,110164.5,0.0,4.885437
C,2,43,Delete-flood,0.02,0.05,31,300,9300,111.714,212,12,127,73.205,8.755,33.7,114220.5,0.0,4.885437
C,2,43,Delete-flood,0.02,0.05,32,300,9600,59,96,16,127,72.761,8.63,22.2,115870.4,0.0,4.885437
C,2,43,Delete-flood,0.02,0.05,33,300,9900,64.667,161,3,127,72.516,9.091,34.0,110002.9,0.0,4.885437
C,2,43,Delete-flood,0.02,0.05,34,300,10200,119.286,324,2,127,73.891,9.292,33.7,107615.5,0.0,4.885437
C,2,43,Delete-flood,0.02,0.05,35,300,10500,112.833,295,24,127,75.004,9.734,34.2,102732.7,0.0,4.885437
C,2,43,Delete-flood,0.02,0.05,36,300,10800,183.889,344,12,183.889,78.028,9.96,34.4,100405.0,0.0,4.885437
C,2,43,Delete-flood,0.02,0.05,37,300,11100,176.8,350,68,183.889,80.698,10.345,35.9,96668.1,0.0,4.885437
C,2,43,Delete-flood,0.02,0.05,38,300,11400,52,109,15,183.889,79.943,10.415,35.6,96015.3,0.0,4.885437
C,2,43,Delete-flood,0.02,0.05,39,300,11700,128.667,307,10,183.889,81.192,9.819,20.4,101843.3,0.0,4.885437
C,2,43,Delete-flood,0.02,0.05,40,300,12000,112.375,383,13,183.889,81.972,10.847,37.7,92194.2,0.0,4.885437
C,2,43,Delete-flood,0.02,0.05,41,300,12300,106.636,333,4,183.889,82.573,10.562,35.0,94679.0,0.0,4.885437
C,2,43,Delete-flood,0.02,0.05,42,300,12600,63,107,37,183.889,82.107,10.817,34.7,92444.2,0.0,4.885437
C,2,43,Delete-flood,0.02,0.05,43,300,12900,185.5,432,5,185.5,84.512,10.907,33.7,91681.4,0.0,4.885437
C,2,43,Delete-flood,0.02,0.05,44,300,13200,198.75,370,68,198.75,87.108,10.986,36.8,91027.7,0.0,4.885437
C,2,43,Delete-flood,0.02,0.05,45,300,13500,197.308,443,26,198.75,89.557,11.584,42.2,86326.0,0.0,4.885437
C,2,43,Delete-flood,0.02,0.05,46,300,13800,144.333,225,5,198.75,90.748,11.233,23.1,89026.1,0.0,4.885437
C,2,43,Delete-flood,0.02,0.05,47,300,14100,273,410,181,273,94.625,11.537,40.3,86680.2,0.0,4.885437
C,2,43,Delete-flood,0.02,0.05,48,300,14400,145.5,422,2,273,95.685,11.663,37.5,85743.7,0.0,4.885437
C,2,43,Delete-flood,0.02,0.05,49,300,14700,264.667,432,84,273,99.134,12.536,44.3,79772.4,0.0,4.885437
C,2,43,Delete-flood,0.02,0.05,50,300,15000,250.167,450,13,273,102.155,12.006,34.9,83291.7,0.0,4.885437
C,2,43,Delete-flood,0.02,0.05,51,300,15300,260,476,16,273,105.25,12.668,48.7,78937.0,0.0,4.885437
C,2,43,Delete-flood,0.02,0.05,52,300,15600,217.5,459,13,273,107.408,13.118,36.4,76233.1,0.0,4.885437
C,2,43,Delete-flood,0.02,0.05,53,300,15900,151,266,35,273,108.231,13.295,28.0,75218.1,0.0,4.885437
C,2,43,Delete-flood,0.02,0.05,54,300,16200,75.333,120,14,273,107.621,12.362,36.7,80890.9,0.0,4.885437
C,2,43,Delete-flood,0.02,0.05,55,300,16500,164.833,494,6,273,108.662,12.884,34.7,77617.6,0.0,4.885437
C,2,43,Delete-flood,0.02,0.05,56,300,16800,239,491,14,273,110.989,13.454,47.3,74329.2,0.0,4.885437
C,2,43,Delete-flood,0.02,0.05,57,300,17100,170.375,554,8,273,112.031,13.442,32.0,74391.9,0.0,4.885437
C,2,43,Delete-flood,0.02,0.05,58,300,17400,107.25,208,22,273,111.949,12.753,28.1,78410.9,0.0,4.885437
C,2,43,Delete-flood,0.02,0.05,59,300,17700,234.857,578,18,273,114.032,18.1,51.7,55247.6,0.0,4.885437
C,2,43,Delete-flood,0.02,0.05,60,300,18000,231.25,595,15,273,115.985,14.384,52.9,69521.7,0.0,4.885437
C,2,43,Delete-flood,0.02,0.05,61,300,18300,268.6,488,77,273,118.487,13.45,38.3,74349.4,0.0,4.885437
C,2,43,Delete-flood,0.02,0.05,62,300,18600,303,609,30,303,121.463,14.489,56.7,69019.5,0.0,4.885437
C,2,43,Delete-flood,0.02,0.05,63,300,18900,198.5,370,27,303,122.686,14.942,39.6,66925.5,0.0,4.885437
C,2,43,Delete-flood,0.02,0.05,64,300,19200,304,502,75,304,125.519,13.946,34.8,71706.9,0.0,4.885437
C,2,43,Delete-flood,0.02,0.05,65,300,19500,242.5,606,71,304,127.319,14.306,40.4,69899.1,0.0,4.885437
C,2,43,Delete-flood,0.02,0.05,66,300,19800,276.25,588,18,304,129.575,14.954,37.0,66873.2,0.0,4.885437
C,2,43,Delete-flood,0.02,0.05,67,300,20100,151.286,429,8,304,129.899,15.956,38.8,62673.7,0.0,4.885437
C,2,43,Delete-flood,0.02,0.05,68,300,20400,161.5,333,57,304,130.364,14.106,34.2,70890.1,0.0,4.885437
C,2,43,Delete-flood,0.02,0.05,69,300,20700,226.167,450,14,304,131.753,15.472,35.6,64631.5,0.0,4.885437
C,2,43,Delete-flood,0.02,0.05,70,300,21000,216.2,495,14,304,132.959,14.564,36.3,68660.9,0.0,4.885437
C,2,43,Delete-flood,0.02,0.05,71,300,21300,260.25,605,8,304,134.752,15.268,43.0,65497.9,0.0,4.885437
C,2,43,Delete-flood,0.02,0.05,72,300,21600,252.25,550,53,304,136.384,15.526,34.7,64408.1,0.0,4.885437
C,2,43,Delete-flood,0.02,0.05,73,300,21900,430,671,119,430,140.406,15.75,51.3,63490.7,0.0,4.885437
C,2,43,Delete-flood,0.02,0.05,74,300,22200,349.5,526,94,430,143.231,16.977,43.6,58904.4,0.0,4.885437
C,2,43,Delete-flood,0.02,0.05,75,300,22500,191.25,400,111,430,143.872,15.324,34.7,65258.5,0.0,4.885437
C,2,43,Delete-flood,0.02,0.05,76,300,22800,233.857,443,72,430,145.056,16.219,42.5,61657.3,0.0,4.885437
C,2,43,Delete-flood,0.02,0.05,77,300,23100,344.875,684,69,430,147.651,16.683,51.4,59941.3,0.0,4.885437
C,2,43,Delete-flood,0.02,0.05,78,300,23400,344,716,35,430,150.168,16.747,49.4,59711.0,0.0,4.885437
C,2,43,Delete-flood,0.02,0.05,79,300,23700,158.2,269,56,430,150.27,16.1,57.5,62110.5,0.0,4.885437
C,2,43,Delete-flood,0.02,0.05,80,300,24000,210.455,545,22,430,151.022,15.777,47.1,63382.1,0.0,4.885437
C,2,43,Delete-flood,0.02,0.05,81,300,24300,298.909,687,52,430,152.848,17.14,53.7,58341.9,0.0,4.885437
C,2,43,Delete-flood,0.02,0.05,82,300,24600,337.833,715,97,430,155.104,17.579,68.1,56885.0,0.0,4.885437
C,2,43,Delete-flood,0.02,0.05,83,300,24900,311.833,716,30,430,156.992,16.805,40.9,59507.3,0.0,4.885437
C,2,43,Delete-flood,0.02,0.05,84,100,25000,410,572,248,430,160.004,18.544,59.4,53925.8,0.0,4.885437
C,3,44,Read-only,0.99,0.005,1,300,300,104.138,913,2,104.138,104.138,24.706,92.0,40476.0,0.5,0.0
C,3,44,Read-only,0.99,0.005,2,300,600,25.332,92,3,104.138,64.735,9.302,43.5,107499.9,0.0,0.0
C,3,44,Read-only,0.99,0.005,3,300,900,31.707,92,3,104.138,53.726,12.728,46.4,78566.9,0.0,0.0
C,3,44,Read-only,0.99,0.005,4,300,1200,35.104,92,3,104.138,49.07,13.153,42.9,76026.4,0.0,0.0
C,3,44,Read-only,0.99,0.005,5,300,1500,28.99,92,2,104.138,45.054,10.529,43.5,94972.8,0.0,0.0
C,3,44,Read-only,0.99,0.005,6,300,1800,28.986,92,2,104.138,42.376,10.865,44.1,92035.8,0.0,0.0
C,3,44,Read-only,0.99,0.005,7,300,2100,29.223,92,2,104.138,40.497,11.568,43.6,86445.4,0.0,0.0
C,3,44,Read-only,0.99,0.005,8,300,2400,35.071,92,3,104.138,39.819,10.474,44.4,95474.5,0.0,0.0
C,3,44,Read-only,0.99,0.005,9,300,2700,37.22,92,4,104.138,39.53,8.591,43.4,116396.4,0.0,0.0
C,3,44,Read-only,0.99,0.005,10,300,3000,38.117,92,2,104.138,39.389,7.43,42.6,134589.5,0.0,0.0
C,3,44,Read-only,0.99,0.005,11,300,3300,37.085,92,2,104.138,39.179,7.813,43.4,127997.3,0.0,0.0
C,3,44,Read-only,0.99,0.005,12,300,3600,37.953,92,2,104.138,39.077,8.293,50.2,120578.8,0.0,0.0
C,3,44,Read-only,0.99,0.005,13,300,3900,36.088,92,3,104.138,38.847,8.347,43.3,119803.5,0.0,0.0
C,3,44,Read-only,0.99,0.005,14,300,4200,37.635,92,3,104.138,38.761,8.371,44.4,119460.0,0.0,0.0
C,3,44,Read-only,0.99,0.005,15,300,4500,38.45,92,2,104.138,38.74,8.334,42.5,119990.4,0.0,0.0
C,3,44,Read-only,0.99,0.005,16,300,4800,38.091,92,3,104.138,38.699,7.978,43.3,125344.7,0.0,0.0
C,3,44,Read-only,0.99,0.005,17,300,5100,39.811,92,2,104.138,38.765,9.026,45.4,110795.1,0.0,0.0
C,3,44,Read-only,0.99,0.005,18,300,5400,37.128,92,2,104.138,38.674,8.148,43.1,122734.5,0.0,0.0
C,3,44,Read-only,0.99,0.005,19,300,5700,37.249,92,3,104.138,38.599,7.83,43.0,127708.5,0.0,0.0
C,3,44,Read-only,0.99,0.005,20,300,6000,39.642,92,3,104.138,38.651,8.381,43.2,119317.5,0.0,0.0
C,3,44,Read-only,0.99,0.005,21,300,6300,38.443,92,2,104.138,38.641,8.519,43.6,117384.7,0.0,0.0
C,3,44,Read-only,0.99,0.005,22,300,6600,38.459,92,2,104.138,38.633,8.56,45.6,116817.9,0.0,0.0
C,3,44,Read-only,0.99,0.005,23,300,6900,40.253,92,3,104.138,38.703,9.079,43.2,110140.2,0.0,0.0
C,3,44,Read-only,0.99,0.005,24,300,7200,39.42,92,2,104.138,38.733,8.027,43.8,124574.4,0.0,0.0
C,3,44,Read-only,0.99,0.005,25,300,7500,38.744,92,2,104.138,38.734,8.086,43.2,123670.5,0.0,0.0
C,3,44,Read-only,0.99,0.005,26,300,7800,37.732,92,2,104.138,38.695,7.571,45.2,132077.1,0.0,0.0
C,3,44,Read-only,0.99,0.005,27,300,8100,39.66,92,2,104.138,38.731,7.359,43.3,135888.1,0.0,0.0
C,3,44,Read-only,0.99,0.005,28,300,8400,38.49,92,2,104.138,38.722,8.741,49.3,114407.7,0.0,0.0
C,3,44,Read-only,0.99,0.005,29,300,8700,41.007,92,3,104.138,38.801,8.024,43.7,124626.1,0.0,0.0
C,3,44,Read-only,0.99,0.005,30,300,9000,41.334,92,2,104.138,38.885,7.512,41.6,133120.4,0.0,0.0
C,3,44,Read-only,0.99,0.005,31,300,9300,39.417,92,2,104.138,38.903,7.904,43.7,126523.5,0.0,0.0
C,3,44,Read-only,0.99,0.005,32,300,9600,39.406,92,2,104.138,38.918,7.366,13.5,135765.1,0.0,0.0
C,3,44,Read-only,0.99,0.005,33,300,9900,39.095,92,2,104.138,38.924,8.417,44.4,118807.1,0.0,0.0
C,3,44,Read-only,0.99,0.005,34,300,10200,38.86,92,2,104.138,38.922,7.913,44.7,126379.6,0.0,0.0
C,3,44,Read-only,0.99,0.005,35,300,10500,43.182,92,2,104.138,39.044,8.161,42.5,122539.0,0.0,0.0
C,3,44,Read-only,0.99,0.005,36,300,10800,42.441,92,3,104.138,39.138,8.295,43.8,120559.4,0.0,0.0
C,3,44,Read-only,0.99,0.005,37,300,11100,41.641,92,2,104.138,39.206,7.815,42.2,127953.6,0.0,0.0
C,3,44,Read-only,0.99,0.005,38,300,11400,43.236,92,2,104.138,39.312,8.493,46.0,117739.4,0.0,0.0
C,3,44,Read-only,0.99,0.005,39,300,11700,44.084,92,2,104.138,39.434,8.088,44.0,123634.9,0.0,0.0
C,3,44,Read-only,0.99,0.005,40,300,12000,44.064,92,2,104.138,39.55,7.899,42.9,126603.7,0.0,0.0
C,3,44,Read-only,0.99,0.005,41,300,12300,43.067,92,2,104.138,39.636,8.094,43.3,123543.3,0.0,0.0
C,3,44,Read-only,0.99,0.005,42,300,12600,43.69,92,3,104.138,39.732,7.723,42.9,129477.8,0.0,0.0
C,3,44,Read-only,0.99,0.005,43,300,12900,41.473,92,2,104.138,39.773,7.788,44.5,128402.7,0.0,0.0
C,3,44,Read-only,0.99,0.005,44,300,13200,39.801,92,3,104.138,39.773,8.015,42.5,124771.2,0.0,0.0
C,3,44,Read-only,0.99,0.005,45,300,13500,44.731,92,4,104.138,39.883,7.827,11.8,127762.9,0.0,0.0
C,3,44,Read-only,0.99,0.005,46,300,13800,44.121,92,2,104.138,39.975,7.676,14.6,130276.2,0.0,0.0
C,3,44,Read-only,0.99,0.005,47,300,14100,44.377,92,3,104.138,40.069,8.006,42.3,124901.2,0.0,0.0
C,3,44,Read-only,0.99,0.005,48,300,14400,43.03,92,3,104.138,40.131,7.609,11.8,131417.5,0.0,0.0
C,3,44,Read-only,0.99,0.005,49,300,14700,43.777,92,2,104.138,40.205,8.175,26.2,122319.2,0.0,0.0
C,3,44,Read-only,0.99,0.005,50,300,15000,41.973,92,1,104.138,40.241,7.918,19.9,126289.2,0.0,0.0
C,3,44,Read-only,0.99,0.005,51,300,15300,45.132,92,3,104.138,40.336,7.746,15.4,129104.5,0.0,0.0
C,3,44,Read-only,0.99,0.005,52,300,15600,42.334,92,4,104.138,40.375,7.842,43.0,127513.1,0.0,0.0
C,3,44,Read-only,0.99,0.005,53,300,15900,45.323,92,2,104.138,40.468,7.574,13.8,132030.6,0.0,0.0
C,3,44,Read-only,0.99,0.005,54,300,16200,44.405,92,2,104.138,40.541,8.357,48.8,119660.2,0.0,0.0
C,3,44,Read-only,0.99,0.005,55,300,16500,45.943,92,2,104.138,40.639,7.955,12.9,125701.8,0.0,0.0
C,3,44,Read-only,0.99,0.005,56,300,16800,44.381,92,2,104.138,40.706,7.584,43.9,131856.5,0.0,0.0
C,3,44,Read-only,0.99,0.005,57,300,17100,47.265,92,3,104.138,40.821,8.141,43.1,122840.0,0.0,0.0
C,3,44,Read-only,0.99,0.005,58,300,17400,46.537,92,3,104.138,40.92,8.069,14.2,123936.2,0.0,0.0
C,3,44,Read-only,0.99,0.005,59,300,17700,47.647,92,2,104.138,41.034,8.317,23.8,120240.5,0.0,0.0
C,3,44,Read-only,0.99,0.005,60,300,18000,47.33,92,2,104.138,41.139,8.015,20.0,124760.9,0.0,0.0
C,3,44,Read-only,0.99,0.005,61,300,18300,47.871,92,3,104.138,41.249,8.301,43.9,120472.2,0.0,0.0
C,3,44,Read-only,0.99,0.005,62,300,18600,49.825,92,2,104.138,41.387,8.772,42.6,113994.7,0.0,0.0
C,3,44,Read-only,0.99,0.005,63,300,18900,49.034,92,2,104.138,41.509,8.135,12.5,122930.6,0.0,0.0
C,3,44,Read-only,0.99,0.005,64,300,19200,46.154,92,2,104.138,41.581,8.571,43.9,116668.0,0.0,0.0
C,3,44,Read-only,0.99,0.005,65,300,19500,45.337,92,3,104.138,41.639,8.917,21.3,112141.2,0.0,0.0
C,3,44,Read-only,0.99,0.005,66,300,19800,45.877,92,2,104.138,41.703,8.284,43.6,120719.5,0.0,0.0
C,3,44,Read-only,0.99,0.005,67,300,20100,45.723,92,2,104.138,41.763,8.508,44.6,117541.0,0.0,0.0
C,3,44,Read-only,0.99,0.005,68,300,20400,44.99,92,2,104.138,41.811,7.75,41.4,129032.3,0.0,0.0
C,3,44,Read-only,0.99,0.005,69,300,20700,45.405,92,2,104.138,41.863,7.671,12.4,130366.8,0.0,0.0
C,3,44,Read-only,0.99,0.005,70,300,21000,44.562,92,2,104.138,41.902,7.919,16.9,126278.6,0.0,0.0
C,3,44,Read-only,0.99,0.005,71,300,21300,47.446,92,2,104.138,41.98,8.204,16.2,121891.8,0.0,0.0
C,3,44,Read-only,0.99,0.005,72,300,21600,50.446,92,2,104.138,42.097,8.775,43.0,113964.5,0.0,0.0
C,3,44,Read-only,0.99,0.005,73,300,21900,48.338,92,2,104.138,42.183,7.936,17.8,126013.4,0.0,0.0
C,3,44,Read-only,0.99,0.005,74,300,22200,50.463,92,2,104.138,42.295,8.195,18.0,122030.6,0.0,0.0
C,3,44,Read-only,0.99,0.005,75,300,22500,45.545,92,2,104.138,42.338,8.2,16.8,121951.2,0.0,0.0
C,3,44,Read-only,0.99,0.005,76,300,22800,48.144,93,2,104.138,42.414,8.316,41.8,120255.0,0.0,0.0
C,3,44,Read-only,0.99,0.005,77,300,23100,50.093,94,2,104.138,42.514,8.561,41.8,116808.8,0.0,0.0
C,3,44,Read-only,0.99,0.005,78,300,23400,51.475,93,3,104.138,42.629,8.339,14.1,119913.6,0.0,0.0
C,3,44,Read-only,0.99,0.005,79,300,23700,49.308,94,2,104.138,42.713,8.609,43.0,116162.0,0.0,0.0
C,3,44,Read-only,0.99,0.005,80,300,24000,51.983,96,2,104.138,42.829,9.146,43.6,109341.4,0.0,0.0
C,3,44,Read-only,0.99,0.005,81,300,24300,50.532,97,3,104.138,42.924,8.422,42.6,118736.6,0.0,0.0
C,3,44,Read-only,0.99,0.005,82,300,24600,52.03,100,3,104.138,43.035,8.836,43.1,113169.1,0.0,0.0
C,3,44,Read-only,0.99,0.005,83,300,24900,51.862,98,3,104.138,43.142,8.907,42.8,112275.5,0.0,0.0
C,3,44,Read-only,0.99,0.005,84,100,25000,50.32,96,2,104.138,43.227,8.552,45.3,116931.7,0.0,0.0
C,3,44,Search-heavy,0.8,0.15,1,300,300,42.653,831,2,42.653,42.653,15.137,60.6,66064.7,0.015625,4.948037
C,3,44,Search-heavy,0.8,0.15,2,300,600,44.462,92,2,44.462,43.557,8.245,45.5,121290.5,0.0,4.948037
C,3,44,Search-heavy,0.8,0.15,3,300,900,50.514,112,4,50.514,45.876,8.688,17.5,115096.9,0.0,4.948037
C,3,44,Search-heavy,0.8,0.15,4,300,1200,54.469,123,2,54.469,48.024,8.679,16.9,115220.7,0.0,4.948037
C,3,44,Search-heavy,0.8,0.15,5,300,1500,61.324,147,2,61.324,50.684,9.293,16.1,107604.0,0.0,4.948037
C,3,44,Search-heavy,0.8,0.15,6,300,1800,67.349,180,3,67.349,53.462,9.887,20.6,101146.3,0.0,4.948037
C,3,44,Search-heavy,0.8,0.15,7,300,2100,72.316,195,2,72.316,56.155,10.763,30.6,92908.0,0.0,4.948037
C,3,44,Search-heavy,0.8,0.15,8,300,2400,82.966,223,3,82.966,59.507,11.036,21.8,90612.5,0.0,4.948037
C,3,44,Search-heavy,0.8,0.15,9,300,2700,85.131,240,4,85.131,62.354,11.339,24.1,88193.8,0.0,4.948037
C,3,44,Search-heavy,0.8,0.15,10,300,3000,97.729,277,4,97.729,65.891,12.27,27.3,81501.8,0.0,4.948037
C,3,44,Search-heavy,0.8,0.15,11,300,3300,101.333,292,4,101.333,69.113,13.468,45.2,74251.9,0.0,4.948037
C,3,44,Search-heavy,0.8,0.15,12,300,3600,116.282,314,2,116.282,73.044,13.705,31.7,72966.1,0.0,4.948037
C,3,44,Search-heavy,0.8,0.15,13,300,3900,123.459,344,3,123.459,76.922,14.519,34.0,68875.3,0.0,4.948037
C,3,44,Search-heavy,0.8,0.15,14,300,4200,123.974,370,4,123.974,80.283,15.187,39.5,65847.2,0.0,4.948037
C,3,44,Search-heavy,0.8,0.15,15,300,4500,144.458,404,3,144.458,84.561,16.208,40.1,61699.2,0.0,4.948037
C,3,44,Search-heavy,0.8,0.15,16,300,4800,131.347,421,2,144.458,87.485,15.947,47.9,62707.7,0.0,4.948037
C,3,44,Search-heavy,0.8,0.15,17,300,5100,139.356,453,2,144.458,90.537,16.049,44.1,62309.2,0.0,4.948037
C,3,44,Search-heavy,0.8,0.15,18,300,5400,166.541,463,4,166.541,94.759,17.978,46.4,55623.6,0.0,4.948037
C,3,44,Search-heavy,0.8,0.15,19,300,5700,160.047,505,4,166.541,98.195,19.18,50.3,52136.7,0.0,4.948037
C,3,44,Search-heavy,0.8,0.15,20,300,6000,181.724,526,4,181.724,102.372,19.126,56.5,52285.8,0.0,4.948037
C,3,44,Search-heavy,0.8,0.15,21,300,6300,177.665,560,4,181.724,105.957,19.142,59.4,52242.1,0.0,4.948037
C,3,44,Search-heavy,0.8,0.15,22,300,6600,198.692,591,3,198.692,110.172,20.595,57.8,48554.7,0.0,4.948037
C,3,44,Search-heavy,0.8,0.15,23,300,6900,189.556,610,3,198.692,113.624,20.236,66.3,49416.1,0.0,4.948037
C,3,44,Search-heavy,0.8,0.15,24,300,7200,68.506,232,3,198.692,111.744,14.982,22.1,66745.3,0.035088,4.948037
C,3,44,Search-heavy,0.8,0.15,25,300,7500,77.315,235,4,198.692,110.367,10.823,23.0,92395.8,0.0,4.948037
C,3,44,Search-heavy,0.8,0.15,26,300,7800,73.898,234,4,198.692,108.964,11.01,34.4,90823.8,0.0,4.948037
C,3,44,Search-heavy,0.8,0.15,27,300,8100,74.457,255,4,198.692,107.686,10.709,24.7,93376.5,0.0,4.948037
C,3,44,Search-heavy,0.8,0.15,28,300,8400,79.526,254,3,198.692,106.68,10.99,25.2,90991.8,0.0,4.948037
C,3,44,Search-heavy,0.8,0.15,29,300,8700,80.373,267,2,198.692,105.773,11.093,26.4,90149.6,0.0,4.948037
C,3,44,Search-heavy,0.8,0.15,30,300,9000,91.066,271,4,198.692,105.283,11.789,27.2,84824.8,0.0,4.948037
C,3,44,Search-heavy,0.8,0.15,31,300,9300,87.331,288,5,198.692,104.704,11.463,27.9,87237.2,0.0,4.948037
C,3,44,Search-heavy,0.8,0.15,32,300,9600,90.021,295,3,198.692,104.245,12.276,29.9,81459.8,0.0,4.948037
C,3,44,Search-heavy,0.8,0.15,33,300,9900,97.517,312,2,198.692,104.041,12.836,37.7,77905.9,0.0,4.948037
C,3,44,Search-heavy,0.8,0.15,34,300,10200,97.915,332,3,198.692,103.861,12.862,32.2,77750.4,0.0,4.948037
C,3,44,Search-heavy,0.8,0.15,35,300,10500,98.49,325,3,198.692,103.707,12.522,32.1,79861.6,0.0,4.948037
C,3,44,Search-heavy,0.8,0.15,36,300,10800,85.275,345,2,198.692,103.195,13.767,72.7,72635.7,0.0,4.948037
C,3,44,Search-heavy,0.8,0.15,37,300,11100,82.412,138,2,198.692,102.634,10.674,44.5,93682.7,0.0,4.948037
C,3,44,Search-heavy,0.8,0.15,38,300,11400,93.747,164,2,198.692,102.4,11.577,44.5,86375.7,0.0,4.948037
C,3,44,Search-heavy,0.8,0.15,39,300,11700,101.364,194,3,198.692,102.373,12.288,44.0,81382.4,0.0,4.948037
C,3,44,Search-heavy,0.8,0.15,40,300,12000,111.64,220,3,198.692,102.605,12.619,21.5,79243.5,0.0,4.948037
C,3,44,Search-heavy,0.8,0.15,41,300,12300,131.089,259,2,198.692,103.3,14.024,25.1,71306.3,0.0,4.948037
C,3,44,Search-heavy,0.8,0.15,42,300,12600,139.597,293,4,198.692,104.164,14.784,30.0,67642.2,0.0,4.948037
C,3,44,Search-heavy,0.8,0.15,43,300,12900,143.785,340,4,198.692,105.085,15.424,33.0,64832.6,0.0,4.948037
C,3,44,Search-heavy,0.8,0.15,44,300,13200,175.776,365,4,198.692,106.692,17.714,35.6,56452.5,0.0,4.948037
C,3,44,Search-heavy,0.8,0.15,45,300,13500,110.727,368,3,198.692,106.782,23.09,48.4,43309.4,0.018182,4.948037
C,3,44,Search-heavy,0.8,0.15,46,300,13800,28.358,96,2,198.692,105.077,10.705,46.9,93414.3,0.0,4.948037
C,3,44,Search-heavy,0.8,0.15,47,300,14100,33.581,96,2,198.692,103.556,6.686,44.9,149566.3,0.0,4.948037
C,3,44,Search-heavy,0.8,0.15,48,300,14400,47.532,102,5,198.692,102.388,7.845,20.1,127469.7,0.0,4.948037
C,3,44,Search-heavy,0.8,0.15,49,300,14700,65.52,155,4,198.692,101.636,8.813,16.4,113468.7,0.0,4.948037
C,3,44,Search-heavy,0.8,0.15,50,300,15000,88.962,192,6,198.692,101.383,10.959,45.2,91252.0,0.0,4.948037
C,3,44,Search-heavy,0.8,0.15,51,300,15300,104.283,231,6,198.692,101.439,12.215,23.3,81864.3,0.0,4.948037
C,3,44,Search-heavy,0.8,0.15,52,300,15600,123.887,274,2,198.692,101.871,13.969,34.8,71588.8,0.0,4.948037
C,3,44,Search-heavy,0.8,0.15,53,300,15900,131.934,303,7,198.692,102.438,14.073,29.3,71059.7,0.0,4.948037
C,3,44,Search-heavy,0.8,0.15,54,300,16200,171.079,350,5,198.692,103.709,17.041,34.0,58683.1,0.0,4.948037
C,3,44,Search-heavy,0.8,0.15,55,300,16500,167.514,382,3,198.692,104.87,17.681,41.8,56557.9,0.0,4.948037
C,3,44,Search-heavy,0.8,0.15,56,300,16800,189.752,427,2,198.692,106.385,18.479,42.0,54114.5,0.0,4.948037
C,3,44,Search-heavy,0.8,0.15,57,300,17100,207.93,460,5,207.93,108.167,21.32,52.2,46905.0,0.0,4.948037
C,3,44,Search-heavy,0.8,0.15,58,300,17400,221.727,501,2,221.727,110.125,22.019,49.0,45416.0,0.0,4.948037
C,3,44,Search-heavy,0.8,0.15,59,300,17700,248.42,537,2,248.42,112.469,24.308,53.7,41138.2,0.0,4.948037
C,3,44,Search-heavy,0.8,0.15,60,300,18000,236.717,569,2,248.42,114.539,23.682,55.9,42225.6,0.0,4.948037
C,3,44,Search-heavy,0.8,0.15,61,300,18300,256.474,578,3,256.474,116.866,25.644,58.9,38996.0,0.0,4.948037
C,3,44,Search-heavy,0.8,0.15,62,300,18600,254.159,636,3,256.474,119.081,25.665,68.3,38964.1,0.0,4.948037
C,3,44,Search-heavy,0.8,0.15,63,300,18900,279.464,676,3,279.464,121.626,27.935,71.7,35797.0,0.0,4.948037
C,3,44,Search-heavy,0.8,0.15,64,300,19200,299.866,717,3,299.866,124.411,29.353,78.6,34068.5,0.0,4.948037
C,3,44,Search-heavy,0.8,0.15,65,300,19500,342.275,761,4,342.275,127.763,32.924,107.6,30373.3,0.0,4.948037
C,3,44,Search-heavy,0.8,0.15,66,300,19800,361.803,818,6,361.803,131.309,34.11,81.5,29317.2,0.0,4.948037
C,3,44,Search-heavy,0.8,0.15,67,300,20100,381.771,855,3,381.771,135.047,42.436,85.8,23564.7,0.0,4.948037
C,3,44,Search-heavy,0.8,0.15,68,300,20400,378.931,863,2,381.771,138.634,35.631,90.8,28065.2,0.0,4.948037
C,3,44,Search-heavy,0.8,0.15,69,300,20700,415.781,925,6,415.781,142.651,37.716,93.6,26513.7,0.0,4.948037
C,3,44,Search-heavy,0.8,0.15,70,300,21000,399.946,962,3,415.781,146.326,37.868,96.7,26407.3,0.0,4.948037
C,3,44,Search-heavy,0.8,0.15,71,300,21300,447.052,1004,2,447.052,150.562,40.79,102.7,24515.8,0.0,4.948037
C,3,44,Search-heavy,0.8,0.15,72,300,21600,476.726,1041,6,476.726,155.092,45.062,104.0,22191.6,0.0,4.948037
C,3,44,Search-heavy,0.8,0.15,73,300,21900,492.122,1086,8,492.122,159.709,43.8,111.4,22830.9,0.0,4.948037
C,3,44,Search-heavy,0.8,0.15,74,300,22200,205.498,1114,3,492.122,160.328,21.355,109.0,46826.7,0.0,4.948037
C,3,44,Search-heavy,0.8,0.15,75,300,22500,89.63,130,4,492.122,159.385,10.698,21.5,93475.4,0.0,4.948037
C,3,44,Search-heavy,0.8,0.15,76,300,22800,116.606,177,4,492.122,158.822,12.367,18.5,80862.5,0.0,4.948037
C,3,44,Search-heavy,0.8,0.15,77,300,23100,134.885,213,4,492.122,158.511,13.766,21.0,72644.5,0.0,4.948037
C,3,44,Search-heavy,0.8,0.15,78,300,23400,154.412,247,5,492.122,158.459,15.845,46.5,63110.1,0.0,4.948037
C,3,44,Search-heavy,0.8,0.15,79,300,23700,164.711,293,3,492.122,158.538,16.434,28.6,60849.5,0.0,4.948037
C,3,44,Search-heavy,0.8,0.15,80,300,24000,187.881,322,6,492.122,158.905,18.412,32.1,54311.4,0.0,4.948037
C,3,44,Search-heavy,0.8,0.15,81,300,24300,224.966,378,5,492.122,159.72,21.087,40.5,47421.8,0.0,4.948037
C,3,44,Search-heavy,0.8,0.15,82,300,24600,229.215,420,6,492.122,160.568,22.442,49.6,44558.6,0.0,4.948037
C,3,44,Search-heavy,0.8,0.15,83,300,24900,240.278,461,4,492.122,161.528,22.895,47.7,43678.3,0.0,4.948037
C,3,44,Search-heavy,0.8,0.15,84,100,25000,257.929,461,4,492.122,162.676,24.762,51.1,40384.5,0.0,4.948037
C,3,44,Balanced,0.34,0.33,1,300,300,54.382,485,3,54.382,54.382,15.474,46.3,64625.9,0.005051,6.23376
C,3,44,Balanced,0.34,0.33,2,300,600,64.133,146,4,64.133,59.258,9.195,43.3,108754.8,0.0,6.23376
C,3,44,Balanced,0.34,0.33,3,300,900,76.825,217,2,76.825,65.113,10.352,44.5,96602.8,0.0,6.23376
C,3,44,Balanced,0.34,0.33,4,300,1200,91.307,255,7,91.307,71.662,11.031,43.3,90656.4,0.0,6.23376
C,3,44,Balanced,0.34,0.33,5,300,1500,103.179,310,3,103.179,77.965,11.553,31.1,86557.6,0.0,6.23376
C,3,44,Balanced,0.34,0.33,6,300,1800,98.913,341,2,103.179,81.456,12.454,45.2,80297.7,0.0,6.23376
C,3,44,Balanced,0.34,0.33,7,300,2100,135.469,428,3,135.469,89.172,13.332,41.4,75007.5,0.0,6.23376
C,3,44,Balanced,0.34,0.33,8,300,2400,156.139,483,6,156.139,97.543,14.896,49.0,67130.6,0.0,6.23376
C,3,44,Balanced,0.34,0.33,9,300,2700,150.124,519,4,156.139,103.386,15.052,51.1,66434.9,0.0,6.23376
C,3,44,Balanced,0.34,0.33,10,300,3000,152.909,563,6,156.139,108.338,18.895,55.8,52925.0,0.00995,6.23376
C,3,44,Balanced,0.34,0.33,11,300,3300,73.78,227,3,156.139,105.196,10.317,23.0,96927.4,0.0,6.23376
C,3,44,Balanced,0.34,0.33,12,300,3600,90.642,242,7,156.139,103.983,10.865,24.8,92035.8,0.0,6.23376
C,3,44,Balanced,0.34,0.33,13,300,3900,91.09,261,1,156.139,102.992,10.62,29.6,94164.9,0.0,6.23376
C,3,44,Balanced,0.34,0.33,14,300,4200,71.924,273,3,156.139,100.772,9.097,26.6,109930.3,0.0,6.23376
C,3,44,Balanced,0.34,0.33,15,300,4500,99.292,296,3,156.139,100.674,9.883,30.3,101187.3,0.0,6.23376
C,3,44,Balanced,0.34,0.33,16,300,4800,109.934,323,3,156.139,101.252,11.182,32.2,89426.8,0.0,6.23376
C,3,44,Balanced,0.34,0.33,17,300,5100,122.022,344,3,156.139,102.474,11.161,32.7,89597.7,0.0,6.23376
C,3,44,Balanced,0.34,0.33,18,300,5400,126.364,383,4,156.139,103.801,13.111,48.4,76273.8,0.0,6.23376
C,3,44,Balanced,0.34,0.33,19,300,5700,146.531,394,7,156.139,106.05,12.75,36.6,78429.3,0.0,6.23376
C,3,44,Balanced,0.34,0.33,20,300,6000,117.391,415,3,156.139,106.617,12.458,37.7,80271.9,0.0,6.23376
C,3,44,Balanced,0.34,0.33,21,300,6300,31.64,411,1,156.139,103.047,16.068,47.4,62235.5,0.005291,6.23376
C,3,44,Balanced,0.34,0.33,22,300,6600,42.851,120,3,156.139,100.311,7.041,45.4,142032.0,0.0,6.23376
C,3,44,Balanced,0.34,0.33,23,300,6900,68.38,172,2,156.139,98.923,7.571,17.7,132077.2,0.0,6.23376
C,3,44,Balanced,0.34,0.33,24,300,7200,79.921,233,3,156.139,98.131,8.283,26.1,120734.1,0.0,6.23376
C,3,44,Balanced,0.34,0.33,25,300,7500,102.945,305,2,156.139,98.323,9.642,30.0,103716.5,0.0,6.23376
C,3,44,Balanced,0.34,0.33,26,300,7800,131.882,362,3,156.139,99.614,10.962,34.8,91224.2,0.0,6.23376
C,3,44,Balanced,0.34,0.33,27,300,8100,168.019,417,2,168.019,102.148,13.343,39.6,74943.8,0.0,6.23376
C,3,44,Balanced,0.34,0.33,28,300,8400,215.131,521,4,215.131,106.183,15.75,50.7,63490.7,0.0,6.23376
C,3,44,Balanced,0.34,0.33,29,300,8700,205.433,540,4,215.131,109.605,15.936,57.5,62749.7,0.0,6.23376
C,3,44,Balanced,0.34,0.33,30,300,9000,238.744,612,8,238.744,113.91,18.298,56.4,54651.8,0.0,6.23376
C,3,44,Balanced,0.34,0.33,31,300,9300,250,685,3,250,118.3,22.882,78.9,43703.1,0.004975,6.23376
C,3,44,Balanced,0.34,0.33,32,300,9600,314.129,720,8,314.129,124.419,22.819,76.1,43822.5,0.0,6.23376
C,3,44,Balanced,0.34,0.33,33,300,9900,355.95,770,10,355.95,131.436,24.549,76.9,40734.9,0.0,6.23376
C,3,44,Balanced,0.34,0.33,34,300,10200,322.591,861,3,355.95,137.058,24.55,86.1,40732.6,0.0,6.23376
C,3,44,Balanced,0.34,0.33,35,300,10500,399.082,921,4,399.082,144.544,27.586,89.1,36250.3,0.0,6.23376
C,3,44,Balanced,0.34,0.33,36,300,10800,361.103,997,3,399.082,150.56,26.125,93.6,38277.0,0.0,6.23376
C,3,44,Balanced,0.34,0.33,37,300,11100,374.414,989,10,399.082,156.61,28.56,99.5,35013.6,0.0,6.23376
C,3,44,Balanced,0.34,0.33,38,300,11400,492.623,1135,4,492.623,165.452,34.503,115.0,28982.7,0.0,6.23376
C,3,44,Balanced,0.34,0.33,39,300,11700,428.865,1198,11,492.623,172.206,30.688,119.2,32585.7,0.0,6.23376
C,3,44,Balanced,0.34,0.33,40,300,12000,505.149,1249,2,505.149,180.53,35.265,126.9,28356.7,0.0,6.23376
C,3,44,Balanced,0.34,0.33,41,300,12300,318.505,1288,3,505.149,183.895,32.954,117.8,30345.0,0.005076,6.23376
C,3,44,Balanced,0.34,0.33,42,300,12600,57.73,130,6,505.149,180.891,8.79,47.9,113765.6,0.0,6.23376
C,3,44,Balanced,0.34,0.33,43,300,12900,79.935,188,6,505.149,178.543,9.93,27.7,100708.4,0.0,6.23376
C,3,44,Balanced,0.34,0.33,44,300,13200,125.558,277,3,505.149,177.339,12.536,28.7,79770.3,0.0,6.23376
C,3,44,Balanced,0.34,0.33,45,300,13500,128.913,343,5,505.149,176.263,13.11,46.3,76275.7,0.0,6.23376
C,3,44,Balanced,0.34,0.33,46,300,13800,137.214,386,4,505.149,175.414,13.618,38.6,73432.2,0.0,6.23376
C,3,44,Balanced,0.34,0.33,47,300,14100,158.186,448,7,505.149,175.048,14.53,41.6,68823.1,0.0,6.23376
C,3,44,Balanced,0.34,0.33,48,300,14400,186.118,507,3,505.149,175.278,17.614,68.7,56773.0,0.0,6.23376
C,3,44,Balanced,0.34,0.33,49,300,14700,203.786,556,4,505.149,175.86,25.224,79.0,39644.3,0.0,6.23376
C,3,44,Balanced,0.34,0.33,50,300,15000,239.071,632,3,505.149,177.124,20.935,62.5,47766.9,0.0,6.23376
C,3,44,Balanced,0.34,0.33,51,300,15300,278.564,718,6,505.149,179.113,22.006,71.0,45441.5,0.0,6.23376
C,3,44,Balanced,0.34,0.33,52,300,15600,93.031,578,6,505.149,177.458,17.651,34.4,56652.9,0.00495,6.23376
C,3,44,Balanced,0.34,0.33,53,300,15900,85.297,269,3,505.149,175.719,15.325,31.5,65251.4,0.0,6.23376
C,3,44,Balanced,0.34,0.33,54,300,16200,95.268,294,3,505.149,174.229,11.156,30.1,89640.5,0.0,6.23376
C,3,44,Balanced,0.34,0.33,55,300,16500,92.258,319,3,505.149,172.739,12.028,30.7,83139.4,0.0,6.23376
C,3,44,Balanced,0.34,0.33,56,300,16800,131.064,331,8,505.149,171.995,13.873,33.6,72084.2,0.0,6.23376
C,3,44,Balanced,0.34,0.33,57,300,17100,126.22,357,8,505.149,171.192,13.663,35.2,73188.6,0.0,6.23376
C,3,44,Balanced,0.34,0.33,58,300,17400,124.01,377,4,505.149,170.378,14.29,48.1,69979.0,0.0,6.23376
C,3,44,Balanced,0.34,0.33,59,300,17700,105.657,399,3,505.149,169.281,13.624,38.2,73398.1,0.0,6.23376
C,3,44,Balanced,0.34,0.33,60,300,18000,136.429,405,6,505.149,168.734,14.857,42.1,67306.8,0.0,6.23376
C,3,44,Balanced,0.34,0.33,61,300,18300,113,433,3,505.149,167.82,14.648,44.7,68267.1,0.0,6.23376
C,3,44,Balanced,0.34,0.33,62,300,18600,74.152,469,4,505.149,166.309,21.818,43.0,45834.4,0.004975,6.23376
C,3,44,Balanced,0.34,0.33,63,300,18900,24.679,56,3,505.149,164.061,10.815,23.5,92464.2,0.0,6.23376
C,3,44,Balanced,0.34,0.33,64,300,19200,24.349,54,3,505.149,161.878,11.149,29.3,89691.4,0.0,6.23376
C,3,44,Balanced,0.34,0.33,65,300,19500,25.556,70,3,505.149,159.781,10.425,24.4,95926.3,0.0,6.23376
C,3,44,Balanced,0.34,0.33,66,300,19800,22.117,56,2,505.149,157.695,8.11,24.3,123299.5,0.0,6.23376
C,3,44,Balanced,0.34,0.33,67,300,20100,45.342,98,2,505.149,156.018,7.171,18.9,139444.1,0.0,6.23376
C,3,44,Balanced,0.34,0.33,68,300,20400,77.875,180,3,505.149,154.869,8.87,19.7,112739.5,0.0,6.23376
C,3,44,Balanced,0.34,0.33,69,300,20700,92.794,244,4,505.149,153.969,9.522,21.3,105020.0,0.0,6.23376
C,3,44,Balanced,0.34,0.33,70,300,21000,145.439,340,7,505.149,153.847,13.229,35.8,75589.6,0.0,6.23376
C,3,44,Balanced,0.34,0.33,71,300,21300,150.01,423,2,505.149,153.793,13.677,37.2,73117.2,0.0,6.23376
C,3,44,Balanced,0.34,0.33,72,300,21600,195.165,500,2,505.149,154.368,21.717,50.1,46046.2,0.0,6.23376
C,3,44,Balanced,0.34,0.33,73,300,21900,234.176,580,3,505.149,155.461,18.651,57.3,53617.4,0.0,6.23376
C,3,44,Balanced,0.34,0.33,74,300,22200,168.348,622,1,505.149,155.635,13.176,62.3,75893.6,0.0,6.23376
C,3,44,Balanced,0.34,0.33,75,300,22500,45.009,113,2,505.149,154.16,6.613,18.3,151224.9,0.0,6.23376
C,3,44,Balanced,0.34,0.33,76,300,22800,84.923,197,6,505.149,153.249,8.756,18.9,114207.4,0.0,6.23376
C,3,44,Balanced,0.34,0.33,77,300,23100,116.854,281,5,505.149,152.777,10.874,24.3,91959.6,0.0,6.23376
C,3,44,Balanced,0.34,0.33,78,300,23400,150.957,344,3,505.149,152.753,13.893,34.5,71977.0,0.0,6.23376
C,3,44,Balanced,0.34,0.33,79,300,23700,180.654,445,2,505.149,153.106,14.828,43.6,67438.4,0.0,6.23376
C,3,44,Balanced,0.34,0.33,80,300,24000,256.272,521,2,505.149,154.396,19.445,50.4,51427.1,0.0,6.23376
C,3,44,Balanced,0.34,0.33,81,300,24300,285.944,599,5,505.149,156.02,22.737,61.0,43980.5,0.0,6.23376
C,3,44,Balanced,0.34,0.33,82,300,24600,203.21,635,4,505.149,156.596,27.996,64.0,35719.8,0.005,6.23376
C,3,44,Balanced,0.34,0.33,83,300,24900,28.248,114,2,505.149,155.049,13.425,58.5,74487.9,0.0,6.23376
C,3,44,Balanced,0.34,0.33,84,100,25000,26.472,114,2,505.149,153.519,11.515,55.7,86843.2,0.0,6.23376
C,3,44,Insert-heavy,0.15,0.7,1,300,300,40.959,146,3,40.959,40.959,15.28,45.0,65443.6,0.003984,5.701812
C,3,44,Insert-heavy,0.15,0.7,2,300,600,62.282,238,5,62.282,51.621,9.253,18.6,108077.0,0.0,5.701812
C,3,44,Insert-heavy,0.15,0.7,3,300,900,158.465,379,9,158.465,87.235,11.986,36.8,83430.6,0.0,5.701812
C,3,44,Insert-heavy,0.15,0.7,4,300,1200,184.093,508,3,184.093,111.45,13.618,50.3,73432.2,0.0,5.701812
C,3,44,Insert-heavy,0.15,0.7,5,300,1500,192.511,554,5,192.511,127.662,16.392,54.9,61006.6,0.003953,5.701812
C,3,44,Insert-heavy,0.15,0.7,6,300,1800,257.818,675,7,257.818,149.355,16.366,65.0,61101.0,0.0,5.701812
C,3,44,Insert-heavy,0.15,0.7,7,300,2100,291.609,852,6,291.609,169.677,18.852,79.6,53044.8,0.0,5.701812
C,3,44,Insert-heavy,0.15,0.7,8,300,2400,389.34,1011,5,389.34,197.135,23.286,96.1,42944.9,0.0,5.701812
C,3,44,Insert-heavy,0.15,0.7,9,300,2700,458.766,1106,6,458.766,226.205,23.816,107.2,41989.2,0.0,5.701812
C,3,44,Insert-heavy,0.15,0.7,10,300,3000,197.349,1062,10,458.766,223.319,25.47,107.9,39261.9,0.003891,5.701812
C,3,44,Insert-heavy,0.15,0.7,11,300,3300,67.93,181,8,458.766,209.193,10.109,21.6,98921.8,0.0,5.701812
C,3,44,Insert-heavy,0.15,0.7,12,300,3600,99.055,308,2,458.766,200.015,10.113,28.4,98879.3,0.0,5.701812
C,3,44,Insert-heavy,0.15,0.7,13,300,3900,124.765,433,4,458.766,194.226,10.8,40.7,92592.6,0.0,5.701812
C,3,44,Insert-heavy,0.15,0.7,14,300,4200,209.394,549,6,458.766,195.31,13.987,57.0,71496.7,0.0,5.701812
C,3,44,Insert-heavy,0.15,0.7,15,300,4500,255.565,586,2,458.766,199.327,19.876,58.1,50311.1,0.003937,5.701812
C,3,44,Insert-heavy,0.15,0.7,16,300,4800,261.346,762,7,458.766,203.203,18.144,74.7,55114.6,0.0,5.701812
C,3,44,Insert-heavy,0.15,0.7,17,300,5100,322.881,830,2,458.766,210.243,20.938,78.5,47760.8,0.0,5.701812
C,3,44,Insert-heavy,0.15,0.7,18,300,5400,247.449,961,15,458.766,212.31,22.787,78.2,43884.0,0.0,5.701812
C,3,44,Insert-heavy,0.15,0.7,19,300,5700,345.74,1119,8,458.766,219.332,25.741,98.5,38849.0,0.0,5.701812
C,3,44,Insert-heavy,0.15,0.7,20,300,6000,79.359,473,5,458.766,212.334,18.637,57.0,53657.7,0.003831,5.701812
C,3,44,Insert-heavy,0.15,0.7,21,300,6300,110.553,292,4,458.766,207.487,11.014,41.8,90790.8,0.0,5.701812
C,3,44,Insert-heavy,0.15,0.7,22,300,6600,202.488,457,2,458.766,207.26,14.494,44.7,68994.1,0.0,5.701812
C,3,44,Insert-heavy,0.15,0.7,23,300,6900,220.174,600,9,458.766,207.821,17.136,60.0,58355.5,0.0,5.701812
C,3,44,Insert-heavy,0.15,0.7,24,300,7200,256.86,709,3,458.766,209.865,23.5,65.4,42553.2,0.00823,5.701812
C,3,44,Insert-heavy,0.15,0.7,25,300,7500,89.549,310,9,458.766,205.052,10.87,23.0,91999.1,0.0,5.701812
C,3,44,Insert-heavy,0.15,0.7,26,300,7800,122.705,358,5,458.766,201.885,12.416,31.8,80539.1,0.0,5.701812
C,3,44,Insert-heavy,0.15,0.7,27,300,8100,171.973,401,12,458.766,200.777,16.243,39.1,61563.7,0.0,5.701812
C,3,44,Insert-heavy,0.15,0.7,28,300,8400,141.271,453,3,458.766,198.652,13.776,38.7,72591.8,0.0,5.701812
C,3,44,Insert-heavy,0.15,0.7,29,300,8700,132.396,417,2,458.766,196.367,21.959,63.7,45539.4,0.003968,5.701812
C,3,44,Insert-heavy,0.15,0.7,30,300,9000,47.386,165,6,458.766,191.401,7.223,24.7,138440.2,0.0,5.701812
C,3,44,Insert-heavy,0.15,0.7,31,300,9300,129.523,309,4,458.766,189.405,11.59,32.0,86281.3,0.0,5.701812
C,3,44,Insert-heavy,0.15,0.7,32,300,9600,159.884,469,4,458.766,188.482,13.91,38.4,71890.8,0.0,5.701812
C,3,44,Insert-heavy,0.15,0.7,33,300,9900,263.729,628,3,458.766,190.763,16.828,63.1,59425.9,0.0,5.701812
C,3,44,Insert-heavy,0.15,0.7,34,300,10200,335.976,835,4,458.766,195.034,25.729,84.2,38866.1,0.0,5.701812
C,3,44,Insert-heavy,0.15,0.7,35,300,10500,359.053,895,18,458.766,199.72,24.263,85.2,41214.5,0.0,5.701812
C,3,44,Insert-heavy,0.15,0.7,36,300,10800,558.17,1124,4,558.17,209.677,30.529,107.3,32755.4,0.0,5.701812
C,3,44,Insert-heavy,0.15,0.7,37,300,11100,643.756,1341,7,643.756,221.409,34.122,133.3,29306.3,0.0,5.701812
C,3,44,Insert-heavy,0.15,0.7,38,300,11400,690.814,1524,3,690.814,233.761,39.424,141.4,25365.3,0.0,5.701812
C,3,44,Insert-heavy,0.15,0.7,39,300,11700,265.209,1439,8,690.814,234.568,27.677,143.0,36130.6,0.003891,5.701812
C,3,44,Insert-heavy,0.15,0.7,40,300,12000,75.209,230,9,690.814,230.584,12.074,36.0,82822.6,0.0,5.701812
C,3,44,Insert-heavy,0.15,0.7,41,300,12300,103.35,363,11,690.814,227.481,16.559,41.8,60390.1,0.0,5.701812
C,3,44,Insert-heavy,0.15,0.7,42,300,12600,210.974,535,2,690.814,227.088,15.468,52.3,64648.2,0.0,5.701812
C,3,44,Insert-heavy,0.15,0.7,43,300,12900,294.681,678,2,690.814,228.659,17.68,60.3,56561.1,0.0,5.701812
C,3,44,Insert-heavy,0.15,0.7,44,300,13200,228.204,757,5,690.814,228.649,23.313,76.4,42895.1,0.0,5.701812
C,3,44,Insert-heavy,0.15,0.7,45,300,13500,249.275,857,2,690.814,229.107,20.229,65.6,49433.2,0.0,5.701812
C,3,44,Insert-heavy,0.15,0.7,46,300,13800,354.78,974,5,690.814,231.839,31.764,108.7,31482.5,0.0,5.701812
C,3,44,Insert-heavy,0.15,0.7,47,300,14100,399.244,1206,8,690.814,235.401,32.745,135.6,30539.3,0.0,5.701812
C,3,44,Insert-heavy,0.15,0.7,48,300,14400,459.929,1347,4,690.814,240.079,32.424,124.3,30841.4,0.0,5.701812
C,3,44,Insert-heavy,0.15,0.7,49,300,14700,74.135,614,3,690.814,236.692,20.933,63.3,47771.5,0.003802,5.701812
C,3,44,Insert-heavy,0.15,0.7,50,300,15000,122.638,283,3,690.814,234.411,11.695,28.2,85506.6,0.0,5.701812
C,3,44,Insert-heavy,0.15,0.7,51,300,15300,180.341,420,3,690.814,233.351,14.486,41.1,69033.7,0.0,5.701812
C,3,44,Insert-heavy,0.15,0.7,52,300,15600,235.5,579,8,690.814,233.392,17.923,56.7,55794.2,0.0,5.701812
C,3,44,Insert-heavy,0.15,0.7,53,300,15900,169.4,673,4,690.814,232.185,25.258,68.9,39591.9,0.004,5.701812
C,3,44,Insert-heavy,0.15,0.7,54,300,16200,88.787,242,9,690.814,229.529,10.885,23.9,91869.5,0.0,5.701812
C,3,44,Insert-heavy,0.15,0.7,55,300,16500,123.184,322,7,690.814,227.596,12.146,32.7,82329.3,0.0,5.701812
C,3,44,Insert-heavy,0.15,0.7,56,300,16800,110.088,339,5,690.814,225.498,12.58,26.2,79491.3,0.0,5.701812
C,3,44,Insert-heavy,0.15,0.7,57,300,17100,121.553,391,2,690.814,223.674,12.686,40.1,78825.0,0.0,5.701812
C,3,44,Insert-heavy,0.15,0.7,58,300,17400,102.614,412,2,690.814,221.587,21.002,52.4,47615.3,0.003906,5.701812
C,3,44,Insert-heavy,0.15,0.7,59,300,17700,67.784,185,3,690.814,218.98,7.555,20.1,132368.5,0.0,5.701812
C,3,44,Insert-heavy,0.15,0.7,60,300,18000,116.846,350,3,690.814,217.278,11.477,49.8,87128.2,0.0,5.701812
C,3,44,Insert-heavy,0.15,0.7,61,300,18300,235.167,508,4,690.814,217.571,15.002,47.3,66657.8,0.0,5.701812
C,3,44,Insert-heavy,0.15,0.7,62,300,18600,198.068,649,3,690.814,217.256,15.537,56.7,64362.5,0.0,5.701812
C,3,44,Insert-heavy,0.15,0.7,63,300,18900,303.915,720,10,690.814,218.632,25.192,72.5,39695.1,0.0,5.701812
C,3,44,Insert-heavy,0.15,0.7,64,300,19200,386.267,940,2,690.814,221.251,23.942,88.4,41768.2,0.0,5.701812
C,3,44,Insert-heavy,0.15,0.7,65,300,19500,528.94,1134,21,690.814,225.985,27.543,109.2,36306.4,0.0,5.701812
C,3,44,Insert-heavy,0.15,0.7,66,300,19800,475.204,1243,8,690.814,229.761,30.067,111.5,33259.4,0.0,5.701812
C,3,44,Insert-heavy,0.15,0.7,67,300,20100,608.974,1319,43,690.814,235.421,32.67,123.4,30609.4,0.0,5.701812
C,3,44,Insert-heavy,0.15,0.7,68,300,20400,287.629,1431,5,690.814,236.189,23.613,139.3,42349.0,0.003774,5.701812
C,3,44,Insert-heavy,0.15,0.7,69,300,20700,148.457,306,11,690.814,234.917,11.747,49.7,85128.1,0.0,5.701812
C,3,44,Insert-heavy,0.15,0.7,70,300,21000,232.271,470,4,690.814,234.879,16.204,53.9,61713.2,0.0,5.701812
C,3,44,Insert-heavy,0.15,0.7,71,300,21300,310.744,733,3,690.814,235.948,19.944,61.6,50141.2,0.0,5.701812
C,3,44,Insert-heavy,0.15,0.7,72,300,21600,391.659,742,2,690.814,238.11,31.054,75.2,32202.0,0.003861,5.701812
C,3,44,Insert-heavy,0.15,0.7,73,300,21900,114.13,312,16,690.814,236.412,12.801,46.6,78118.9,0.0,5.701812
C,3,44,Insert-heavy,0.15,0.7,74,300,22200,146.707,373,8,690.814,235.2,13.188,32.8,75826.5,0.0,5.701812
C,3,44,Insert-heavy,0.15,0.7,75,300,22500,162.077,430,5,690.814,234.225,15.448,44.2,64734.7,0.0,5.701812
C,3,44,Insert-heavy,0.15,0.7,76,300,22800,211.674,491,3,690.814,233.928,17.96,72.4,55679.3,0.0,5.701812
C,3,44,Insert-heavy,0.15,0.7,77,300,23100,185.912,589,1,690.814,233.305,26.736,59.6,37403.2,0.004115,5.701812
C,3,44,Insert-heavy,0.15,0.7,78,300,23400,23.171,61,3,690.814,230.611,11.146,29.1,89721.0,0.0,5.701812
C,3,44,Insert-heavy,0.15,0.7,79,300,23700,22.173,53,1,690.814,227.972,8.892,24.4,112464.8,0.0,5.701812
C,3,44,Insert-heavy,0.15,0.7,80,300,24000,33.289,94,2,690.814,225.539,6.923,19.5,144452.9,0.0,5.701812
C,3,44,Insert-heavy,0.15,0.7,81,300,24300,83.5,255,9,690.814,223.785,9.124,23.0,109605.0,0.0,5.701812
C,3,44,Insert-heavy,0.15,0.7,82,300,24600,163.479,414,6,690.814,223.05,18.137,41.5,55134.9,0.0,5.701812
C,3,44,Insert-heavy,0.15,0.7,83,300,24900,194.233,540,8,690.814,222.702,16.486,51.5,60658.7,0.0,5.701812
C,3,44,Insert-heavy,0.15,0.7,84,100,25000,336.333,620,31,690.814,224.055,18.724,61.8,53407.4,0.0,5.701812
C,3,44,Write-heavy,0.1,0.5,1,300,300,42.833,92,6,42.833,42.833,13.803,44.0,72449.7,0.003704,2.794048
C,3,44,Write-heavy,0.1,0.5,2,300,600,71.375,201,11,71.375,57.104,10.24,45.0,97656.3,0.0,2.794048
C,3,44,Write-heavy,0.1,0.5,3,300,900,108.676,293,4,108.676,74.295,10.433,27.2,95852.7,0.0,2.794048
C,3,44,Write-heavy,0.1,0.5,4,300,1200,131.04,350,19,131.04,88.481,11.235,30.9,89004.9,0.0,2.794048
C,3,44,Write-heavy,0.1,0.5,5,300,1500,180,426,4,180,106.785,12.474,42.4,80168.9,0.0,2.794048
C,3,44,Write-heavy,0.1,0.5,6,300,1800,197.667,512,2,197.667,121.932,12.111,49.0,82567.3,0.0,2.794048
C,3,44,Write-heavy,0.1,0.5,7,300,2100,179.737,648,11,197.667,130.19,18.001,61.2,55552.5,0.003559,2.794048
C,3,44,Write-heavy,0.1,0.5,8,300,2400,224.4,660,13,224.4,141.966,15.292,57.9,65392.2,0.0,2.794048
C,3,44,Write-heavy,0.1,0.5,9,300,2700,237.409,703,23,237.409,152.571,15.608,69.2,64069.7,0.0,2.794048
C,3,44,Write-heavy,0.1,0.5,10,300,3000,299.423,850,6,299.423,167.256,18.142,78.6,55120.7,0.0,2.794048
C,3,44,Write-heavy,0.1,0.5,11,300,3300,350.697,872,6,350.697,183.932,21.296,86.5,46956.4,0.0,2.794048
C,3,44,Write-heavy,0.1,0.5,12,300,3600,368.52,986,10,368.52,199.315,20.839,94.5,47986.9,0.0,2.794048
C,3,44,Write-heavy,0.1,0.5,13,300,3900,357.1,1189,19,368.52,211.452,22.685,71.5,44081.3,0.0,2.794048
C,3,44,Write-heavy,0.1,0.5,14,300,4200,122.938,946,5,368.52,205.13,18.432,95.6,54253.5,0.003731,2.794048
C,3,44,Write-heavy,0.1,0.5,15,300,4500,75.409,178,5,368.52,196.482,8.997,46.0,111148.2,0.0,2.794048
C,3,44,Write-heavy,0.1,0.5,16,300,4800,93.156,243,3,368.52,190.024,11.539,40.3,86660.1,0.0,2.794048
C,3,44,Write-heavy,0.1,0.5,17,300,5100,134.69,311,3,368.52,186.769,12.32,31.7,81168.9,0.0,2.794048
C,3,44,Write-heavy,0.1,0.5,18,300,5400,133.2,445,4,368.52,183.793,13.395,40.2,74652.9,0.0,2.794048
C,3,44,Write-heavy,0.1,0.5,19,300,5700,258.429,490,18,368.52,187.721,16.211,47.1,61686.5,0.0,2.794048
C,3,44,Write-heavy,0.1,0.5,20,300,6000,148.4,571,13,368.52,185.755,18.414,40.8,54306.5,0.007018,2.794048
C,3,44,Write-heavy,0.1,0.5,21,300,6300,60.613,181,2,368.52,179.796,8.505,19.4,117582.5,0.0,2.794048
C,3,44,Write-heavy,0.1,0.5,22,300,6600,61.379,187,3,368.52,174.413,8.783,35.0,113852.0,0.0,2.794048
C,3,44,Write-heavy,0.1,0.5,23,300,6900,75.903,212,11,368.52,170.13,8.668,20.5,115371.3,0.0,2.794048
C,3,44,Write-heavy,0.1,0.5,24,300,7200,68.935,184,5,368.52,165.914,9.254,24.3,108061.4,0.0,2.794048
C,3,44,Write-heavy,0.1,0.5,25,300,7500,85.625,233,7,368.52,162.702,10.6,24.8,94342.5,0.0,2.794048
C,3,44,Write-heavy,0.1,0.5,26,300,7800,86.217,274,9,368.52,159.76,10.716,26.4,93321.3,0.0,2.794048
C,3,44,Write-heavy,0.1,0.5,27,300,8100,70.793,372,4,368.52,156.465,17.631,51.5,56718.3,0.00369,2.794048
C,3,44,Write-heavy,0.1,0.5,28,300,8400,53.808,120,5,368.52,152.799,8.757,20.7,114198.7,0.0,2.794048
C,3,44,Write-heavy,0.1,0.5,29,300,8700,110.517,233,9,368.52,151.341,10.598,25.7,94360.4,0.0,2.794048
C,3,44,Write-heavy,0.1,0.5,30,300,9000,102.469,339,6,368.52,149.712,12.447,35.1,80338.5,0.0,2.794048
C,3,44,Write-heavy,0.1,0.5,31,300,9300,144.552,398,6,368.52,149.545,12.64,46.2,79111.8,0.0,2.794048
C,3,44,Write-heavy,0.1,0.5,32,300,9600,200.781,501,7,368.52,151.147,15.199,50.4,65792.4,0.0,2.794048
C,3,44,Write-heavy,0.1,0.5,33,300,9900,160.941,558,2,368.52,151.443,18.251,58.2,54792.5,0.003759,2.794048
C,3,44,Write-heavy,0.1,0.5,34,300,10200,255.519,607,25,368.52,154.504,16.158,59.8,61890.1,0.0,2.794048
C,3,44,Write-heavy,0.1,0.5,35,300,10500,234,679,15,368.52,156.776,16.007,62.8,62471.4,0.0,2.794048
C,3,44,Write-heavy,0.1,0.5,36,300,10800,215.086,752,11,368.52,158.395,16.598,55.6,60248.2,0.0,2.794048
C,3,44,Write-heavy,0.1,0.5,37,300,11100,320.576,902,6,368.52,162.779,19.801,84.0,50501.7,0.0,2.794048
C,3,44,Write-heavy,0.1,0.5,38,300,11400,324.625,872,11,368.52,167.038,20.763,78.9,48163.4,0.0,2.794048
C,3,44,Write-heavy,0.1,0.5,39,300,11700,438.868,1060,9,438.868,174.008,24.433,102.4,40928.8,0.0,2.794048
C,3,44,Write-heavy,0.1,0.5,40,300,12000,170.886,1099,4,438.868,173.93,25.52,94.4,39185.5,0.003774,2.794048
C,3,44,Write-heavy,0.1,0.5,41,300,12300,41.107,105,7,438.868,170.69,9.247,49.7,108139.3,0.0,2.794048
C,3,44,Write-heavy,0.1,0.5,42,300,12600,44.481,130,2,438.868,167.685,8.839,21.5,113130.7,0.0,2.794048
C,3,44,Write-heavy,0.1,0.5,43,300,12900,74.828,203,2,438.868,165.526,9.421,27.8,106145.8,0.0,2.794048
C,3,44,Write-heavy,0.1,0.5,44,300,13200,88.121,268,2,438.868,163.767,11.129,28.2,89858.0,0.0,2.794048
C,3,44,Write-heavy,0.1,0.5,45,300,13500,77.04,313,7,438.868,161.839,11.681,28.4,85606.7,0.0,2.794048
C,3,44,Write-heavy,0.1,0.5,46,300,13800,69.545,402,4,438.868,159.833,9.565,31.5,104544.2,0.0,2.794048
C,3,44,Write-heavy,0.1,0.5,47,300,14100,143.304,471,3,438.868,159.481,17.843,48.4,56044.4,0.00361,2.794048
C,3,44,Write-heavy,0.1,0.5,48,300,14400,130,523,5,438.868,158.867,11.751,52.0,85096.7,0.0,2.794048
C,3,44,Write-heavy,0.1,0.5,49,300,14700,198.649,629,7,438.868,159.679,13.601,62.4,73522.2,0.0,2.794048
C,3,44,Write-heavy,0.1,0.5,50,300,15000,283.639,696,22,438.868,162.158,15.854,67.8,63076.9,0.0,2.794048
C,3,44,Write-heavy,0.1,0.5,51,300,15300,201.963,676,18,438.868,162.939,14.496,68.3,68984.5,0.0,2.794048
C,3,44,Write-heavy,0.1,0.5,52,300,15600,265.893,798,5,438.868,164.919,18.976,65.4,52697.2,0.0,2.794048
C,3,44,Write-heavy,0.1,0.5,53,300,15900,180.421,806,17,438.868,165.211,26.55,77.6,37664.3,0.003559,2.794048
C,3,44,Write-heavy,0.1,0.5,54,300,16200,26.6,109,5,438.868,162.644,10.314,50.8,96955.6,0.0,2.794048
C,3,44,Write-heavy,0.1,0.5,55,300,16500,33.5,109,2,438.868,160.296,10.339,27.4,96721.2,0.0,2.794048
C,3,44,Write-heavy,0.1,0.5,56,300,16800,31.167,141,4,438.868,157.99,11.703,51.4,85450.6,0.0,2.794048
C,3,44,Write-heavy,0.1,0.5,57,300,17100,28.033,78,2,438.868,155.71,10.056,51.6,99443.1,0.0,2.794048
C,3,44,Write-heavy,0.1,0.5,58,300,17400,51.69,117,5,438.868,153.917,6.319,18.2,158244.6,0.0,2.794048
C,3,44,Write-heavy,0.1,0.5,59,300,17700,61.406,200,2,438.868,152.349,7.844,19.0,127491.4,0.0,2.794048
C,3,44,Write-heavy,0.1,0.5,60,300,18000,119.412,243,6,438.868,151.8,19.987,62.0,50031.7,0.003759,2.794048
C,3,44,Write-heavy,0.1,0.5,61,300,18300,130.387,288,2,438.868,151.449,11.311,29.1,88406.9,0.0,2.794048
C,3,44,Write-heavy,0.1,0.5,62,300,18600,124.455,350,7,438.868,151.013,12.438,35.5,80396.6,0.0,2.794048
C,3,44,Write-heavy,0.1,0.5,63,300,18900,248.367,471,10,438.868,152.559,13.781,41.3,72563.7,0.0,2.794048
C,3,44,Write-heavy,0.1,0.5,64,300,19200,93.207,460,2,438.868,151.631,8.517,39.6,117412.2,0.0,2.794048
C,3,44,Write-heavy,0.1,0.5,65,300,19500,112.216,489,8,438.868,151.025,9.28,44.0,107762.5,0.0,2.794048
C,3,44,Write-heavy,0.1,0.5,66,300,19800,191.636,499,8,438.868,151.64,12.013,49.6,83240.8,0.0,2.794048
C,3,44,Write-heavy,0.1,0.5,67,300,20100,47.87,506,3,438.868,150.091,19.342,62.2,51701.0,0.00361,2.794048
C,3,44,Write-heavy,0.1,0.5,68,300,20400,17.542,63,2,438.868,148.142,6.826,21.5,146505.8,0.0,2.794048
C,3,44,Write-heavy,0.1,0.5,69,300,20700,36.154,90,2,438.868,146.519,6.506,17.1,153704.2,0.0,2.794048
C,3,44,Write-heavy,0.1,0.5,70,300,21000,53.488,146,4,438.868,145.19,8.299,23.4,120501.2,0.0,2.794048
C,3,44,Write-heavy,0.1,0.5,71,300,21300,85.341,213,2,438.868,144.347,9.639,22.7,103748.8,0.0,2.794048
C,3,44,Write-heavy,0.1,0.5,72,300,21600,136.051,325,4,438.868,144.232,10.632,31.7,94052.8,0.0,2.794048
C,3,44,Write-heavy,0.1,0.5,73,300,21900,146.759,407,10,438.868,144.267,12.443,36.4,80366.5,0.0,2.794048
C,3,44,Write-heavy,0.1,0.5,74,300,22200,181.079,465,12,438.868,144.764,18.977,53.5,52695.4,0.0,2.794048
C,3,44,Write-heavy,0.1,0.5,75,300,22500,246.368,516,10,438.868,146.119,16.04,49.9,62345.4,0.0,2.794048
C,3,44,Write-heavy,0.1,0.5,76,300,22800,283.571,503,13,438.868,147.927,16.396,50.2,60991.7,0.0,2.794048
C,3,44,Write-heavy,0.1,0.5,77,300,23100,297.885,618,4,438.868,149.875,17.98,58.7,55618.4,0.0,2.794048
C,3,44,Write-heavy,0.1,0.5,78,300,23400,282.5,724,20,438.868,151.575,19.315,64.1,51772.3,0.0,2.794048
C,3,44,Write-heavy,0.1,0.5,79,300,23700,159,673,1,438.868,151.669,13.175,64.0,75903.2,0.0,2.794048
C,3,44,Write-heavy,0.1,0.5,80,300,24000,149.2,617,2,438.868,151.638,19.63,60.5,50941.6,0.003774,2.794048
C,3,44,Write-heavy,0.1,0.5,81,300,24300,33.276,92,3,438.868,150.177,7.176,22.6,139359.8,0.0,2.794048
C,3,44,Write-heavy,0.1,0.5,82,300,24600,59.333,133,7,438.868,149.069,7.751,20.2,129015.5,0.0,2.794048
C,3,44,Write-heavy,0.1,0.5,83,300,24900,70.556,168,5,438.868,148.123,9.326,20.3,107231.0,0.0,2.794048
C,3,44,Write-heavy,0.1,0.5,84,100,25000,80.286,198,3,438.868,147.316,10.187,21.3,98164.3,0.0,2.794048
C,3,44,Insert-flood,0.02,0.97,1,300,300,68.545,179,9,68.545,68.545,15.227,44.8,65672.8,0.00346,4.361531
C,3,44,Insert-flood,0.02,0.97,2,300,600,142,314,19,142,105.273,9.734,21.3,102729.2,0.0,4.361531
C,3,44,Insert-flood,0.02,0.97,3,300,900,75.75,162,13,142,95.432,12.643,32.6,79093.1,0.0,4.361531
C,3,44,Insert-flood,0.02,0.97,4,300,1200,122.667,346,2,142,102.241,17.824,45.2,56104.1,0.003401,4.361531
C,3,44,Insert-flood,0.02,0.97,5,300,1500,312,717,46,312,144.192,16.653,46.8,60050.5,0.0,4.361531
C,3,44,Insert-flood,0.02,0.97,6,300,1800,193.714,907,22,312,152.446,17.763,74.8,56296.8,0.0,4.361531
C,3,44,Insert-flood,0.02,0.97,7,300,2100,474.333,1040,23,474.333,198.43,27.438,105.7,36446.2,0.003401,4.361531
C,3,44,Insert-flood,0.02,0.97,8,300,2400,104.833,199,28,474.333,186.73,8.991,46.0,111226.4,0.0,4.361531
C,3,44,Insert-flood,0.02,0.97,9,300,2700,94.2,214,5,474.333,176.449,11.691,31.4,85535.9,0.0,4.361531
C,3,44,Insert-flood,0.02,0.97,10,300,3000,164.667,444,14,474.333,175.271,14.767,31.2,67720.1,0.0,4.361531
C,3,44,Insert-flood,0.02,0.97,11,300,3300,136.333,497,3,474.333,171.731,18.079,51.1,55313.8,0.006803,4.361531
C,3,44,Insert-flood,0.02,0.97,12,300,3600,74.25,104,27,474.333,163.608,11.28,23.8,88649.8,0.0,4.361531
C,3,44,Insert-flood,0.02,0.97,13,300,3900,171,312,68,474.333,164.176,12.453,28.9,80299.8,0.0,4.361531
C,3,44,Insert-flood,0.02,0.97,14,300,4200,45.375,178,8,474.333,155.691,21.693,35.9,46097.8,0.003425,4.361531
C,3,44,Insert-flood,0.02,0.97,15,300,4500,41.25,57,29,474.333,148.061,8.12,25.8,123147.6,0.0,4.361531
C,3,44,Insert-flood,0.02,0.97,16,300,4800,32.444,182,7,474.333,140.835,10.392,19.6,96231.0,0.0,4.361531
C,3,44,Insert-flood,0.02,0.97,17,300,5100,89,320,4,474.333,137.786,12.599,31.8,79373.5,0.0,4.361531
C,3,44,Insert-flood,0.02,0.97,18,300,5400,85.75,277,3,474.333,134.895,15.391,29.4,64971.6,0.003425,4.361531
C,3,44,Insert-flood,0.02,0.97,19,300,5700,84.167,135,15,474.333,132.225,8.994,17.7,111181.1,0.0,4.361531
C,3,44,Insert-flood,0.02,0.97,20,300,6000,88.5,315,7,474.333,130.039,8.263,26.3,121021.5,0.0,4.361531
C,3,44,Insert-flood,0.02,0.97,21,300,6300,87.889,192,8,474.333,128.032,17.064,28.5,58602.9,0.003436,4.361531
C,3,44,Insert-flood,0.02,0.97,22,300,6600,55,103,11,474.333,124.712,136.733,52.2,7313.5,0.0,4.361531
C,3,44,Insert-flood,0.02,0.97,23,300,6900,61.5,136,10,474.333,121.964,10.669,38.4,93726.6,0.0,4.361531
C,3,44,Insert-flood,0.02,0.97,24,300,7200,53,127,24,474.333,119.09,13.023,45.1,76787.2,0.0,4.361531
C,3,44,Insert-flood,0.02,0.97,25,300,7500,68.75,146,7,474.333,117.077,14.815,23.8,67499.2,0.003378,4.361531
C,3,44,Insert-flood,0.02,0.97,26,300,7800,133.25,308,20,474.333,117.699,9.657,54.9,103551.9,0.0,4.361531
C,3,44,Insert-flood,0.02,0.97,27,300,8100,177.857,382,10,474.333,119.927,10.214,23.1,97904.8,0.0,4.361531
C,3,44,Insert-flood,0.02,0.97,28,300,8400,230.667,412,1,474.333,123.882,20.043,53.6,49892.7,0.003367,4.361531
C,3,44,Insert-flood,0.02,0.97,29,300,8700,37.4,91,15,474.333,120.9,7.474,24.2,133791.1,0.0,4.361531
C,3,44,Insert-flood,0.02,0.97,30,300,9000,63,109,17,474.333,118.97,8.893,22.4,112443.9,0.0,4.361531
C,3,44,Insert-flood,0.02,0.97,31,300,9300,106.8,320,17,474.333,118.577,10.699,27.1,93463.8,0.0,4.361531
C,3,44,Insert-flood,0.02,0.97,32,300,9600,101.6,271,27,474.333,118.047,17.977,57.4,55627.7,0.00339,4.361531
C,3,44,Insert-flood,0.02,0.97,33,300,9900,250.6,435,9,474.333,122.063,14.617,42.2,68415.1,0.0,4.361531
C,3,44,Insert-flood,0.02,0.97,34,300,10200,231,441,23,474.333,125.267,16.264,55.0,61486.8,0.0,4.361531
C,3,44,Insert-flood,0.02,0.97,35,300,10500,123.778,450,3,474.333,125.225,23.62,46.4,42337.6,0.003436,4.361531
C,3,44,Insert-flood,0.02,0.97,36,300,10800,27.571,59,7,474.333,122.512,12.528,47.2,79821.2,0.0,4.361531
C,3,44,Insert-flood,0.02,0.97,37,300,11100,30.6,53,13,474.333,120.028,14.652,51.2,68248.5,0.0,4.361531
C,3,44,Insert-flood,0.02,0.97,38,300,11400,29,44,7,474.333,117.633,10.101,32.7,99003.3,0.0,4.361531
C,3,44,Insert-flood,0.02,0.97,39,300,11700,91.143,262,5,474.333,116.953,15.072,32.4,66346.7,0.0,4.361531
C,3,44,Insert-flood,0.02,0.97,40,300,12000,102.75,237,12,474.333,116.598,9.803,24.7,102013.0,0.0,4.361531
C,3,44,Insert-flood,0.02,0.97,41,300,12300,209.444,489,45,474.333,118.863,12.591,33.0,79423.9,0.0,4.361531
C,3,44,Insert-flood,0.02,0.97,42,300,12600,65.75,127,8,474.333,117.598,23.044,60.3,43395.3,0.003378,4.361531
C,3,44,Insert-flood,0.02,0.97,43,300,12900,44.857,102,17,474.333,115.907,9.764,23.7,102420.5,0.0,4.361531
C,3,44,Insert-flood,0.02,0.97,44,300,13200,73.4,182,9,474.333,114.941,10.619,25.2,94170.8,0.0,4.361531
C,3,44,Insert-flood,0.02,0.97,45,300,13500,61.286,177,7,474.333,113.748,11.8,33.8,84743.4,0.0,4.361531
C,3,44,Insert-flood,0.02,0.97,46,300,13800,149.5,491,17,474.333,114.525,21.978,86.8,45500.0,0.0,4.361531
C,3,44,Insert-flood,0.02,0.97,47,300,14100,112.2,385,11,474.333,114.476,13.346,30.7,74927.0,0.0,4.361531
C,3,44,Insert-flood,0.02,0.97,48,300,14400,180.333,516,3,474.333,115.848,14.84,59.4,67386.9,0.0,4.361531
C,3,44,Insert-flood,0.02,0.97,49,300,14700,59,200,5,474.333,114.688,24.212,59.5,41301.8,0.003436,4.361531
C,3,44,Insert-flood,0.02,0.97,50,300,15000,56.4,113,29,474.333,113.522,8.349,31.0,119774.8,0.0,4.361531
C,3,44,Insert-flood,0.02,0.97,51,300,15300,83,218,3,474.333,112.924,8.987,20.6,111276.1,0.0,4.361531
C,3,44,Insert-flood,0.02,0.97,52,300,15600,302,433,73,474.333,116.56,12.243,41.2,81679.3,0.0,4.361531
C,3,44,Insert-flood,0.02,0.97,53,300,15900,186.5,505,7,474.333,117.879,20.626,51.6,48482.5,0.003448,4.361531
C,3,44,Insert-flood,0.02,0.97,54,300,16200,164.571,560,10,474.333,118.744,15.861,39.1,63049.1,0.0,4.361531
C,3,44,Insert-flood,0.02,0.97,55,300,16500,378,498,256,474.333,123.458,21.074,55.9,47451.1,0.0,4.361531
C,3,44,Insert-flood,0.02,0.97,56,300,16800,122.167,422,38,474.333,123.435,26.003,72.4,38457.6,0.003401,4.361531
C,3,44,Insert-flood,0.02,0.97,57,300,17100,53,118,18,474.333,122.199,8.017,17.1,124734.9,0.0,4.361531
C,3,44,Insert-flood,0.02,0.97,58,300,17400,287,421,166,474.333,125.04,13.895,66.2,71966.6,0.0,4.361531
C,3,44,Insert-flood,0.02,0.97,59,300,17700,404.667,621,75,474.333,129.78,14.787,51.1,67627.0,0.0,4.361531
C,3,44,Insert-flood,0.02,0.97,60,300,18000,319,521,117,474.333,132.933,25.376,53.4,39407.3,0.0,4.361531
C,3,44,Insert-flood,0.02,0.97,61,300,18300,276.25,625,47,474.333,135.283,22.98,62.5,43515.5,0.0,4.361531
C,3,44,Insert-flood,0.02,0.97,62,300,18600,663,888,262,663,143.795,25.719,78.5,38881.3,0.0,4.361531
C,3,44,Insert-flood,0.02,0.97,63,300,18900,174,649,16,663,144.274,26.817,69.3,37289.8,0.003425,4.361531
C,3,44,Insert-flood,0.02,0.97,64,300,19200,94.667,125,57,663,143.499,10.631,21.0,94064.5,0.0,4.361531
C,3,44,Insert-flood,0.02,0.97,65,300,19500,212.571,452,9,663,144.561,14.825,46.1,67452.1,0.0,4.361531
C,3,44,Insert-flood,0.02,0.97,66,300,19800,290.7,629,14,663,146.776,25.103,62.2,39835.3,0.003448,4.361531
C,3,44,Insert-flood,0.02,0.97,67,300,20100,81.5,228,16,663,145.801,11.355,56.8,88064.3,0.0,4.361531
C,3,44,Insert-flood,0.02,0.97,68,300,20400,104.375,285,11,663,145.192,12.233,29.0,81748.3,0.0,4.361531
C,3,44,Insert-flood,0.02,0.97,69,300,20700,60,104,31,663,143.958,14.574,33.4,68613.8,0.0,4.361531
C,3,44,Insert-flood,0.02,0.97,70,300,21000,35,58,12,663,142.401,22.717,35.2,44019.3,0.003356,4.361531
C,3,44,Insert-flood,0.02,0.97,71,300,21300,17.75,29,3,663,140.645,9.01,29.7,110991.9,0.0,4.361531
C,3,44,Insert-flood,0.02,0.97,72,300,21600,82.429,218,16,663,139.837,8.967,22.2,111524.2,0.0,4.361531
C,3,44,Insert-flood,0.02,0.97,73,300,21900,135,248,5,663,139.771,19.344,32.1,51696.5,0.0,4.361531
C,3,44,Insert-flood,0.02,0.97,74,300,22200,97.5,216,7,663,139.199,16.464,35.3,60737.3,0.0,4.361531
C,3,44,Insert-flood,0.02,0.97,75,300,22500,338.923,742,8,663,141.862,20.689,74.0,48335.7,0.0,4.361531
C,3,44,Insert-flood,0.02,0.97,76,300,22800,689.2,1029,356,689.2,149.064,25.695,72.1,38917.6,0.0,4.361531
C,3,44,Insert-flood,0.02,0.97,77,300,23100,0.0,0.0,0.0,689.2,147.128,30.685,73.0,32589.2,0.003333,4.361531
C,3,44,Insert-flood,0.02,0.97,78,300,23400,33,94,3,689.2,145.665,7.956,71.6,125696.6,0.0,4.361531
C,3,44,Insert-flood,0.02,0.97,79,300,23700,161.857,256,70,689.2,145.87,10.719,25.5,93292.3,0.0,4.361531
C,3,44,Insert-flood,0.02,0.97,80,300,24000,196.25,362,41,689.2,146.5,20.199,68.5,49506.6,0.0,4.361531
C,3,44,Insert-flood,0.02,0.97,81,300,24300,35,35,35,689.2,145.123,14.886,33.0,67177.2,0.0,4.361531
C,3,44,Insert-flood,0.02,0.97,82,300,24600,183.5,391,40,689.2,145.591,17.826,42.2,56097.8,0.0,4.361531
C,3,44,Insert-flood,0.02,0.97,83,300,24900,301.714,740,41,689.2,147.472,21.357,51.3,46823.8,0.0,4.361531
C,3,44,Insert-flood,0.02,0.97,84,100,25000,833,833,833,833,155.633,23.314,83.4,42892.7,0.0,4.361531
C,3,44,Delete-flood,0.02,0.05,1,300,300,29.75,44,13,29.75,29.75,20.02,43.8,49950.9,0.003378,4.030112
C,3,44,Delete-flood,0.02,0.05,2,300,600,33.375,54,11,33.375,31.562,13.951,45.2,71681.2,0.0,4.030112
C,3,44,Delete-flood,0.02,0.05,3,300,900,27.889,92,8,33.375,30.338,13.182,44.4,75861.0,0.0,4.030112
C,3,44,Delete-flood,0.02,0.05,4,300,1200,18.5,46,5,33.375,27.378,9.027,44.9,110782.9,0.0,4.030112
C,3,44,Delete-flood,0.02,0.05,5,300,1500,42.286,52,5,42.286,30.36,6.056,43.1,165134.5,0.0,4.030112
C,3,44,Delete-flood,0.02,0.05,6,300,1800,37.5,53,6,42.286,31.55,6.856,43.9,145864.8,0.0,4.030112
C,3,44,Delete-flood,0.02,0.05,7,300,2100,43.667,62,8,43.667,33.281,6.209,43.6,161065.2,0.0,4.030112
C,3,44,Delete-flood,0.02,0.05,8,300,2400,36.75,66,12,43.667,33.715,5.835,43.2,171369.8,0.0,4.030112
C,3,44,Delete-flood,0.02,0.05,9,300,2700,51.333,65,33,51.333,35.672,5.825,42.8,171663.9,0.0,4.030112
C,3,44,Delete-flood,0.02,0.05,10,300,3000,25.125,80,5,51.333,34.617,6.16,43.7,162337.6,0.0,4.030112
C,3,44,Delete-flood,0.02,0.05,11,300,3300,41.8,71,15,51.333,35.27,5.586,13.9,179029.8,0.0,4.030112
C,3,44,Delete-flood,0.02,0.05,12,300,3600,45.333,108,12,51.333,36.109,6.224,19.2,160668.3,0.0,4.030112
C,3,44,Delete-flood,0.02,0.05,13,300,3900,39.167,77,9,51.333,36.344,6.002,16.9,166601.9,0.0,4.030112
C,3,44,Delete-flood,0.02,0.05,14,300,4200,36.2,115,12,51.333,36.334,6.379,43.1,156756.2,0.0,4.030112
C,3,44,Delete-flood,0.02,0.05,15,300,4500,40.833,118,3,51.333,36.634,5.966,14.6,167607.1,0.0,4.030112
C,3,44,Delete-flood,0.02,0.05,16,300,4800,47.25,107,7,51.333,37.297,6.857,19.1,145836.3,0.0,4.030112
C,3,44,Delete-flood,0.02,0.05,17,300,5100,57.125,116,10,57.125,38.464,6.528,15.1,153194.0,0.0,4.030112
C,3,44,Delete-flood,0.02,0.05,18,300,5400,45.286,134,10,57.125,38.843,6.747,16.3,148221.4,0.0,4.030112
C,3,44,Delete-flood,0.02,0.05,19,300,5700,73.5,142,13,73.5,40.667,7.163,22.3,139599.8,0.0,4.030112
C,3,44,Delete-flood,0.02,0.05,20,300,6000,25.5,44,7,73.5,39.908,6.523,15.8,153303.7,0.0,4.030112
C,3,44,Delete-flood,0.02,0.05,21,300,6300,95.778,173,7,95.778,42.569,6.947,22.8,143953.9,0.0,4.030112
C,3,44,Delete-flood,0.02,0.05,22,300,6600,37.375,100,3,95.778,42.333,6.955,14.6,143788.3,0.0,4.030112
C,3,44,Delete-flood,0.02,0.05,23,300,6900,118.5,177,7,118.5,45.644,8.663,27.2,115437.9,0.0,4.030112
C,3,44,Delete-flood,0.02,0.05,24,300,7200,112.6,203,41,118.5,48.434,7.103,21.1,140779.1,0.0,4.030112
C,3,44,Delete-flood,0.02,0.05,25,300,7500,132.667,205,47,132.667,51.804,7.211,22.1,138670.7,0.0,4.030112
C,3,44,Delete-flood,0.02,0.05,26,300,7800,38.5,135,3,132.667,51.292,7.349,17.1,136073.0,0.0,4.030112
C,3,44,Delete-flood,0.02,0.05,27,300,8100,83.5,182,8,132.667,52.485,7.632,19.5,131027.2,0.0,4.030112
C,3,44,Delete-flood,0.02,0.05,28,300,8400,100.167,220,8,132.667,54.188,8.004,22.9,124932.4,0.0,4.030112
C,3,44,Delete-flood,0.02,0.05,29,300,8700,41.667,68,15,132.667,53.756,8.115,23.6,123228.6,0.0,4.030112
C,3,44,Delete-flood,0.02,0.05,30,300,9000,87.333,176,9,132.667,54.875,8.031,20.3,124517.5,0.0,4.030112
C,3,44,Delete-flood,0.02,0.05,31,300,9300,102,233,7,132.667,56.395,8.325,22.6,120115.2,0.0,4.030112
C,3,44,Delete-flood,0.02,0.05,32,300,9600,109.8,222,2,132.667,58.064,9.036,28.2,110664.3,0.0,4.030112
C,3,44,Delete-flood,0.02,0.05,33,300,9900,3,3,3,132.667,56.396,7.025,15.1,142348.7,0.0,4.030112
C,3,44,Delete-flood,0.02,0.05,34,300,10200,125.9,246,17,132.667,58.44,7.769,24.9,128716.7,0.0,4.030112
C,3,44,Delete-flood,0.02,0.05,35,300,10500,84,171,4,132.667,59.17,8.143,24.7,122810.0,0.0,4.030112
C,3,44,Delete-flood,0.02,0.05,36,300,10800,116,256,10,132.667,60.749,8.751,25.8,114272.7,0.0,4.030112
C,3,44,Delete-flood,0.02,0.05,37,300,11100,75.286,208,6,132.667,61.142,8.109,18.6,123324.9,0.0,4.030112
C,3,44,Delete-flood,0.02,0.05,38,300,11400,117.6,268,21,132.667,62.627,8.812,27.6,113477.3,0.0,4.030112
C,3,44,Delete-flood,0.02,0.05,39,300,11700,116.8,304,6,132.667,64.016,7.875,19.6,126978.7,0.0,4.030112
C,3,44,Delete-flood,0.02,0.05,40,300,12000,126.667,283,8,132.667,65.583,8.656,26.8,115531.2,0.0,4.030112
C,3,44,Delete-flood,0.02,0.05,41,300,12300,213.75,348,33,213.75,69.197,9.584,28.8,104336.9,0.0,4.030112
C,3,44,Delete-flood,0.02,0.05,42,300,12600,167,295,40,213.75,71.525,8.702,19.1,114911.7,0.0,4.030112
C,3,44,Delete-flood,0.02,0.05,43,300,12900,277.8,350,222,277.8,76.322,9.688,35.6,103220.5,0.0,4.030112
C,3,44,Delete-flood,0.02,0.05,44,300,13200,167.375,320,44,277.8,78.392,9.402,25.0,106364.1,0.0,4.030112
C,3,44,Delete-flood,0.02,0.05,45,300,13500,206,374,33,277.8,81.227,9.403,24.0,106345.3,0.0,4.030112
C,3,44,Delete-flood,0.02,0.05,46,300,13800,90,257,11,277.8,81.418,9.392,24.2,106477.4,0.0,4.030112
C,3,44,Delete-flood,0.02,0.05,47,300,14100,152.333,202,76,277.8,82.927,9.539,21.3,104832.8,0.0,4.030112
C,3,44,Delete-flood,0.02,0.05,48,300,14400,155.4,273,42,277.8,84.437,10.317,26.0,96924.2,0.0,4.030112
C,3,44,Delete-flood,0.02,0.05,49,300,14700,162.111,379,17,277.8,86.022,9.664,38.0,103476.8,0.0,4.030112
C,3,44,Delete-flood,0.02,0.05,50,300,15000,121,406,6,277.8,86.722,9.432,25.5,106025.8,0.0,4.030112
C,3,44,Delete-flood,0.02,0.05,51,300,15300,85,292,16,277.8,86.688,10.769,27.4,92862.0,0.0,4.030112
C,3,44,Delete-flood,0.02,0.05,52,300,15600,142.2,286,8,277.8,87.755,10.359,25.3,96531.3,0.0,4.030112
C,3,44,Delete-flood,0.02,0.05,53,300,15900,143.444,434,7,277.8,88.806,10.925,35.5,91533.2,0.0,4.030112
C,3,44,Delete-flood,0.02,0.05,54,300,16200,115.286,269,27,277.8,89.296,10.658,23.3,93826.2,0.0,4.030112
C,3,44,Delete-flood,0.02,0.05,55,300,16500,152.667,327,28,277.8,90.449,10.702,23.5,93440.5,0.0,4.030112
C,3,44,Delete-flood,0.02,0.05,56,300,16800,118.286,271,4,277.8,90.946,10.712,28.0,93353.2,0.0,4.030112
C,3,44,Delete-flood,0.02,0.05,57,300,17100,146,320,95,277.8,91.912,10.609,24.9,94256.6,0.0,4.030112
C,3,44,Delete-flood,0.02,0.05,58,300,17400,165.6,333,3,277.8,93.182,10.345,25.6,96665.1,0.0,4.030112
C,3,44,Delete-flood,0.02,0.05,59,300,17700,171.286,495,4,277.8,94.506,15.803,43.5,63279.2,0.003413,4.030112
C,3,44,Delete-flood,0.02,0.05,60,300,18000,83,432,3,277.8,94.314,11.018,35.2,90760.6,0.0,4.030112
C,3,44,Delete-flood,0.02,0.05,61,300,18300,167,471,2,277.8,95.506,10.639,27.9,93993.8,0.0,4.030112
C,3,44,Delete-flood,0.02,0.05,62,300,18600,283.2,538,3,283.2,98.533,10.68,46.1,93630.1,0.0,4.030112
C,3,44,Delete-flood,0.02,0.05,63,300,18900,266,552,36,283.2,101.191,10.998,35.1,90928.4,0.0,4.030112
C,3,44,Delete-flood,0.02,0.05,64,300,19200,205,459,23,283.2,102.813,11.558,39.4,86522.6,0.0,4.030112
C,3,44,Delete-flood,0.02,0.05,65,300,19500,159.25,556,4,283.2,103.681,10.927,27.8,91513.6,0.0,4.030112
C,3,44,Delete-flood,0.02,0.05,66,300,19800,181.6,544,14,283.2,104.862,11.013,27.7,90799.1,0.0,4.030112
C,3,44,Delete-flood,0.02,0.05,67,300,20100,228.4,577,15,283.2,106.706,18.9,70.4,52911.0,0.0,4.030112
C,3,44,Delete-flood,0.02,0.05,68,300,20400,294.1,565,7,294.1,109.462,11.581,52.3,86350.8,0.0,4.030112
C,3,44,Delete-flood,0.02,0.05,69,300,20700,100.333,389,18,294.1,109.329,11.179,30.4,89453.5,0.0,4.030112
C,3,44,Delete-flood,0.02,0.05,70,300,21000,31.4,72,6,294.1,108.216,11.786,36.9,84846.5,0.0,4.030112
C,3,44,Delete-flood,0.02,0.05,71,300,21300,129.333,504,16,294.1,108.514,11.653,43.6,85812.3,0.0,4.030112
C,3,44,Delete-flood,0.02,0.05,72,300,21600,100,253,12,294.1,108.395,11.759,30.7,85041.2,0.0,4.030112
C,3,44,Delete-flood,0.02,0.05,73,300,21900,189,397,12,294.1,109.499,12.33,30.5,81105.2,0.0,4.030112
C,3,44,Delete-flood,0.02,0.05,74,300,22200,212.75,536,15,294.1,110.895,12.772,38.6,78298.3,0.0,4.030112
C,3,44,Delete-flood,0.02,0.05,75,300,22500,273,493,71,294.1,113.056,12.471,49.0,80186.0,0.0,4.030112
C,3,44,Delete-flood,0.02,0.05,76,300,22800,218.25,611,9,294.1,114.44,12.625,48.9,79205.9,0.0,4.030112
C,3,44,Delete-flood,0.02,0.05,77,300,23100,307.667,485,185,307.667,116.95,13.411,33.6,74567.5,0.0,4.030112
C,3,44,Delete-flood,0.02,0.05,78,300,23400,186.375,565,5,307.667,117.84,13.391,56.8,74677.0,0.0,4.030112
C,3,44,Delete-flood,0.02,0.05,79,300,23700,175.333,307,71,307.667,118.568,13.814,32.9,72392.1,0.0,4.030112
C,3,44,Delete-flood,0.02,0.05,80,300,24000,270.111,636,4,307.667,120.462,13.407,57.7,74586.1,0.0,4.030112
C,3,44,Delete-flood,0.02,0.05,81,300,24300,169.091,538,7,307.667,121.062,13.626,44.2,73389.1,0.0,4.030112
C,3,44,Delete-flood,0.02,0.05,82,300,24600,294.8,535,46,307.667,123.181,14.724,37.9,67914.8,0.0,4.030112
C,3,44,Delete-flood,0.02,0.05,83,300,24900,253,580,90,307.667,124.745,14.453,59.6,69188.2,0.0,4.030112
C,3,44,Delete-flood,0.02,0.05,84,100,25000,19,19,19,307.667,123.486,13.295,33.1,75216.2,0.0,4.030112
C,4,45,Read-only,0.99,0.005,1,300,300,416.101,1216,3,416.101,416.101,42.948,121.7,23283.8,0.0,0.0
C,4,45,Read-only,0.99,0.005,2,300,600,66.439,1079,2,416.101,241.27,20.569,100.4,48616.1,0.25,0.0
C,4,45,Read-only,0.99,0.005,3,300,900,34.234,92,2,416.101,172.258,12.922,42.6,77387.4,0.0,0.0
C,4,45,Read-only,0.99,0.005,4,300,1200,32.345,92,3,416.101,137.28,13.402,49.3,74615.7,0.0,0.0
C,4,45,Read-only,0.99,0.005,5,300,1500,32.296,92,2,416.101,116.283,12.324,43.1,81144.7,0.0,0.0
C,4,45,Read-only,0.99,0.005,6,300,1800,30.595,92,2,416.101,102.002,11.709,43.5,85406.8,0.0,0.0
C,4,45,Read-only,0.99,0.005,7,300,2100,34.717,92,2,416.101,92.39,13.356,43.1,74872.7,0.0,0.0
C,4,45,Read-only,0.99,0.005,8,300,2400,30.305,92,3,416.101,84.629,11.236,45.8,88997.0,0.0,0.0
C,4,45,Read-only,0.99,0.005,9,300,2700,34.316,92,2,416.101,79.039,11.402,43.9,87706.5,0.0,0.0
C,4,45,Read-only,0.99,0.005,10,300,3000,34.599,92,2,416.101,74.595,11.68,46.9,85616.4,0.0,0.0
C,4,45,Read-only,0.99,0.005,11,300,3300,33.603,92,2,416.101,70.868,11.488,47.0,87044.9,0.0,0.0
C,4,45,Read-only,0.99,0.005,12,300,3600,31.292,92,2,416.101,67.57,9.912,43.1,100891.2,0.0,0.0
C,4,45,Read-only,0.99,0.005,13,300,3900,31.589,92,3,416.101,64.803,10.244,42.6,97618.1,0.0,0.0
C,4,45,Read-only,0.99,0.005,14,300,4200,32.424,92,3,416.101,62.49,10.31,42.4,96996.3,0.0,0.0
C,4,45,Read-only,0.99,0.005,15,300,4500,31.356,92,3,416.101,60.414,9.529,45.6,104946.5,0.0,0.0
C,4,45,Read-only,0.99,0.005,16,300,4800,32.93,92,3,416.101,58.696,10.564,44.6,94658.1,0.0,0.0
C,4,45,Read-only,0.99,0.005,17,300,5100,32.653,92,3,416.101,57.164,9.755,43.3,102508.0,0.0,0.0
C,4,45,Read-only,0.99,0.005,18,300,5400,33.453,92,2,416.101,55.847,9.67,42.8,103412.6,0.0,0.0
C,4,45,Read-only,0.99,0.005,19,300,5700,32.69,92,2,416.101,54.628,10.197,42.7,98068.0,0.0,0.0
C,4,45,Read-only,0.99,0.005,20,300,6000,32.309,92,3,416.101,53.512,10.392,54.2,96230.9,0.0,0.0
C,4,45,Read-only,0.99,0.005,21,300,6300,32.155,92,2,416.101,52.495,8.745,42.6,114355.4,0.0,0.0
C,4,45,Read-only,0.99,0.005,22,300,6600,32.43,92,3,416.101,51.583,8.074,24.4,123849.2,0.0,0.0
C,4,45,Read-only,0.99,0.005,23,300,6900,28.856,92,3,416.101,50.595,8.282,42.7,120748.6,0.0,0.0
C,4,45,Read-only,0.99,0.005,24,300,7200,32.128,92,3,416.101,49.826,8.389,17.6,119203.7,0.0,0.0
C,4,45,Read-only,0.99,0.005,25,300,7500,31.051,92,2,416.101,49.075,9.474,42.9,105548.3,0.0,0.0
C,4,45,Read-only,0.99,0.005,26,300,7800,29.775,92,3,416.101,48.332,8.08,17.9,123757.3,0.0,0.0
C,4,45,Read-only,0.99,0.005,27,300,8100,30.077,59,3,416.101,47.656,7.409,13.3,134977.1,0.0,0.0
C,4,45,Read-only,0.99,0.005,28,300,8400,29.328,92,2,416.101,47.002,7.525,13.9,132884.5,0.0,0.0
C,4,45,Read-only,0.99,0.005,29,300,8700,33.498,92,2,416.101,46.536,9.493,43.3,105340.8,0.0,0.0
C,4,45,Read-only,0.99,0.005,30,300,9000,30.758,92,3,416.101,46.01,8.744,43.2,114364.1,0.0,0.0
C,4,45,Read-only,0.99,0.005,31,300,9300,29.615,92,3,416.101,45.481,8.272,43.9,120894.6,0.0,0.0
C,4,45,Read-only,0.99,0.005,32,300,9600,32.325,92,2,416.101,45.07,8.684,43.2,115149.9,0.0,0.0
C,4,45,Read-only,0.99,0.005,33,300,9900,30.083,60,2,416.101,44.616,7.628,15.5,131095.9,0.0,0.0
C,4,45,Read-only,0.99,0.005,34,300,10200,30.361,92,2,416.101,44.197,8.104,43.7,123400.9,0.0,0.0
C,4,45,Read-only,0.99,0.005,35,300,10500,32.094,92,2,416.101,43.851,9.566,45.1,104533.2,0.0,0.0
C,4,45,Read-only,0.99,0.005,36,300,10800,30.05,92,3,416.101,43.468,8.721,22.9,114661.4,0.0,0.0
C,4,45,Read-only,0.99,0.005,37,300,11100,31.047,92,2,416.101,43.132,8.289,43.9,120646.7,0.0,0.0
C,4,45,Read-only,0.99,0.005,38,300,11400,30.202,92,2,416.101,42.792,7.877,15.4,126957.2,0.0,0.0
C,4,45,Read-only,0.99,0.005,39,300,11700,30.455,92,3,416.101,42.475,7.75,16.6,129032.3,0.0,0.0
C,4,45,Read-only,0.99,0.005,40,300,12000,31.923,92,3,416.101,42.211,9.037,44.1,110656.2,0.0,0.0
C,4,45,Read-only,0.99,0.005,41,300,12300,31.267,92,3,416.101,41.945,8.223,16.4,121605.2,0.0,0.0
C,4,45,Read-only,0.99,0.005,42,300,12600,31.02,92,2,416.101,41.684,8.578,43.4,116572.8,0.0,0.0
C,4,45,Read-only,0.99,0.005,43,300,12900,29.56,92,3,416.101,41.402,7.38,13.6,135495.2,0.0,0.0
C,4,45,Read-only,0.99,0.005,44,300,13200,30.236,92,3,416.101,41.149,7.979,43.4,125334.2,0.0,0.0
C,4,45,Read-only,0.99,0.005,45,300,13500,31.648,92,2,416.101,40.938,7.945,15.1,125870.6,0.0,0.0
C,4,45,Read-only,0.99,0.005,46,300,13800,33.364,92,3,416.101,40.773,8.791,43.1,113748.4,0.0,0.0
C,4,45,Read-only,0.99,0.005,47,300,14100,32.23,67,3,416.101,40.591,8.84,18.7,113126.4,0.0,0.0
C,4,45,Read-only,0.99,0.005,48,300,14400,30.595,92,2,416.101,40.383,8.214,41.8,121743.4,0.0,0.0
C,4,45,Read-only,0.99,0.005,49,300,14700,32.839,92,3,416.101,40.229,8.696,16.8,114995.4,0.0,0.0
C,4,45,Read-only,0.99,0.005,50,300,15000,32.327,92,2,416.101,40.071,8.048,42.6,124249.4,0.0,0.0
C,4,45,Read-only,0.99,0.005,51,300,15300,33.368,92,2,416.101,39.939,9.176,43.6,108976.0,0.0,0.0
C,4,45,Read-only,0.99,0.005,52,300,15600,31.936,92,3,416.101,39.786,8.593,41.3,116369.2,0.0,0.0
C,4,45,Read-only,0.99,0.005,53,300,15900,31.767,92,3,416.101,39.634,8.123,23.0,123102.2,0.0,0.0
C,4,45,Read-only,0.99,0.005,54,300,16200,31.436,92,2,416.101,39.482,8.455,42.0,118277.8,0.0,0.0
C,4,45,Read-only,0.99,0.005,55,300,16500,33.591,92,2,416.101,39.375,8.442,43.5,118450.7,0.0,0.0
C,4,45,Read-only,0.99,0.005,56,300,16800,32.773,92,3,416.101,39.257,8.498,18.6,117670.1,0.0,0.0
C,4,45,Read-only,0.99,0.005,57,300,17100,31.075,92,3,416.101,39.114,8.428,43.5,118652.1,0.0,0.0
C,4,45,Read-only,0.99,0.005,58,300,17400,31.651,71,3,416.101,38.985,8.083,15.9,123716.5,0.0,0.0
C,4,45,Read-only,0.99,0.005,59,300,17700,33.369,92,3,416.101,38.89,8.582,17.5,116522.9,0.0,0.0
C,4,45,Read-only,0.99,0.005,60,300,18000,29.774,92,2,416.101,38.738,8.058,21.8,124105.4,0.0,0.0
C,4,45,Read-only,0.99,0.005,61,300,18300,30.331,92,2,416.101,38.6,8.478,27.3,117952.4,0.0,0.0
C,4,45,Read-only,0.99,0.005,62,300,18600,33.144,92,3,416.101,38.512,8.126,16.9,123066.8,0.0,0.0
C,4,45,Read-only,0.99,0.005,63,300,18900,32.704,92,3,416.101,38.42,8.175,20.7,122329.1,0.0,0.0
C,4,45,Read-only,0.99,0.005,64,300,19200,32.071,92,3,416.101,38.321,8.13,16.4,123001.2,0.0,0.0
C,4,45,Read-only,0.99,0.005,65,300,19500,29.529,75,2,416.101,38.186,7.898,15.8,126608.9,0.0,0.0
C,4,45,Read-only,0.99,0.005,66,300,19800,34.634,92,3,416.101,38.132,9.538,47.7,104843.8,0.0,0.0
C,4,45,Read-only,0.99,0.005,67,300,20100,34.171,75,3,416.101,38.073,8.681,16.9,115194.1,0.0,0.0
C,4,45,Read-only,0.99,0.005,68,300,20400,34.648,92,3,416.101,38.022,9.016,43.5,110918.0,0.0,0.0
C,4,45,Read-only,0.99,0.005,69,300,20700,32.466,92,2,416.101,37.942,8.096,16.2,123512.7,0.0,0.0
C,4,45,Read-only,0.99,0.005,70,300,21000,32.619,92,2,416.101,37.866,8.7,43.8,114942.5,0.0,0.0
C,4,45,Read-only,0.99,0.005,71,300,21300,35.051,92,2,416.101,37.826,9.315,41.2,107357.6,0.0,0.0
C,4,45,Read-only,0.99,0.005,72,300,21600,32.159,92,3,416.101,37.747,7.965,15.8,125554.5,0.0,0.0
C,4,45,Read-only,0.99,0.005,73,300,21900,32.905,92,3,416.101,37.681,8.193,21.0,122060.4,0.0,0.0
C,4,45,Read-only,0.99,0.005,74,300,22200,33.853,92,3,416.101,37.629,8.04,16.7,124383.3,0.0,0.0
C,4,45,Read-only,0.99,0.005,75,300,22500,34.939,92,2,416.101,37.593,8.654,16.4,115549.1,0.0,0.0
C,4,45,Read-only,0.99,0.005,76,300,22800,34.809,92,2,416.101,37.557,9.364,43.5,106788.2,0.0,0.0
C,4,45,Read-only,0.99,0.005,77,300,23100,33.483,92,3,416.101,37.504,8.322,20.5,120158.6,0.0,0.0
C,4,45,Read-only,0.99,0.005,78,300,23400,34.962,92,3,416.101,37.471,8.751,43.1,114268.3,0.0,0.0
C,4,45,Read-only,0.99,0.005,79,300,23700,32.872,92,4,416.101,37.413,8.25,42.5,121217.0,0.0,0.0
C,4,45,Read-only,0.99,0.005,80,300,24000,35.246,92,2,416.101,37.386,9.41,24.3,106266.1,0.0,0.0
C,4,45,Read-only,0.99,0.005,81,300,24300,34.041,92,2,416.101,37.345,9.499,43.6,105274.2,0.0,0.0
C,4,45,Read-only,0.99,0.005,82,300,24600,37.094,92,3,416.101,37.342,9.312,43.7,107392.2,0.0,0.0
C,4,45,Read-only,0.99,0.005,83,300,24900,35.487,92,3,416.101,37.319,8.944,41.2,111810.9,0.0,0.0
C,4,45,Read-only,0.99,0.005,84,100,25000,27.808,77,3,416.101,37.206,7.726,16.0,129433.1,0.0,0.0
C,4,45,Search-heavy,0.8,0.15,1,300,300,32.906,1026,1,32.906,32.906,17.572,52.2,56907.6,0.015385,3.794267
C,4,45,Search-heavy,0.8,0.15,2,300,600,25.236,92,2,32.906,29.071,7.434,44.5,134517.1,0.0,3.794267
C,4,45,Search-heavy,0.8,0.15,3,300,900,30.807,76,3,32.906,29.65,6.884,16.7,145257.4,0.0,3.794267
C,4,45,Search-heavy,0.8,0.15,4,300,1200,35.686,86,3,35.686,31.159,7.052,17.0,141803.8,0.0,3.794267
C,4,45,Search-heavy,0.8,0.15,5,300,1500,43.114,96,2,43.114,33.55,8.354,21.8,119707.9,0.0,3.794267
C,4,45,Search-heavy,0.8,0.15,6,300,1800,52.328,113,2,52.328,36.68,8.329,18.5,120067.2,0.0,3.794267
C,4,45,Search-heavy,0.8,0.15,7,300,2100,59.663,120,2,59.663,39.963,8.694,14.8,115026.3,0.0,3.794267
C,4,45,Search-heavy,0.8,0.15,8,300,2400,64.823,140,3,64.823,43.07,9.157,18.5,109206.1,0.0,3.794267
C,4,45,Search-heavy,0.8,0.15,9,300,2700,71.347,162,2,71.347,46.212,10.488,27.5,95344.0,0.0,3.794267
C,4,45,Search-heavy,0.8,0.15,10,300,3000,72.779,177,3,72.779,48.869,10.414,18.8,96021.5,0.0,3.794267
C,4,45,Search-heavy,0.8,0.15,11,300,3300,84.893,202,3,84.893,52.144,14.306,20.3,69902.4,0.0,3.794267
C,4,45,Search-heavy,0.8,0.15,12,300,3600,88.359,222,3,88.359,55.162,10.904,21.6,91709.5,0.0,3.794267
C,4,45,Search-heavy,0.8,0.15,13,300,3900,97.165,237,2,97.165,58.393,12.244,24.0,81670.4,0.0,3.794267
C,4,45,Search-heavy,0.8,0.15,14,300,4200,99.294,266,3,99.294,61.314,11.998,25.0,83344.9,0.0,3.794267
C,4,45,Search-heavy,0.8,0.15,15,300,4500,107.113,293,2,107.113,64.367,12.747,27.9,78451.9,0.0,3.794267
C,4,45,Search-heavy,0.8,0.15,16,300,4800,116.453,303,6,116.453,67.623,14.239,40.4,70229.7,0.0,3.794267
C,4,45,Search-heavy,0.8,0.15,17,300,5100,118.42,327,3,118.42,70.611,13.689,31.3,73049.6,0.0,3.794267
C,4,45,Search-heavy,0.8,0.15,18,300,5400,105.94,340,2,118.42,72.574,12.884,34.5,77617.7,0.0,3.794267
C,4,45,Search-heavy,0.8,0.15,19,300,5700,45.229,255,2,118.42,71.134,7.252,26.4,137893.0,0.0,3.794267
C,4,45,Search-heavy,0.8,0.15,20,300,6000,64.247,281,2,118.42,70.79,8.25,27.0,121212.1,0.0,3.794267
C,4,45,Search-heavy,0.8,0.15,21,300,6300,63.587,283,2,118.42,70.447,8.322,26.8,120158.6,0.0,3.794267
C,4,45,Search-heavy,0.8,0.15,22,300,6600,78.675,293,2,118.42,70.821,13.856,28.8,72169.2,0.0,3.794267
C,4,45,Search-heavy,0.8,0.15,23,300,6900,89.303,302,3,118.42,71.625,10.742,35.6,93089.6,0.0,3.794267
C,4,45,Search-heavy,0.8,0.15,24,300,7200,94.148,320,3,118.42,72.563,10.693,31.1,93519.1,0.0,3.794267
C,4,45,Search-heavy,0.8,0.15,25,300,7500,129.623,329,3,129.623,74.845,13.243,31.9,75513.5,0.0,3.794267
C,4,45,Search-heavy,0.8,0.15,26,300,7800,117.512,338,2,129.623,76.486,12.581,33.2,79484.9,0.0,3.794267
C,4,45,Search-heavy,0.8,0.15,27,300,8100,141.667,361,4,141.667,78.901,15.036,36.2,66508.5,0.0,3.794267
C,4,45,Search-heavy,0.8,0.15,28,300,8400,121.32,376,3,141.667,80.416,13.098,36.3,76345.6,0.0,3.794267
C,4,45,Search-heavy,0.8,0.15,29,300,8700,137.467,380,4,141.667,82.383,14.439,38.2,69258.5,0.0,3.794267
C,4,45,Search-heavy,0.8,0.15,30,300,9000,158.354,406,2,158.354,84.915,22.594,68.2,44260.2,0.0,3.794267
C,4,45,Search-heavy,0.8,0.15,31,300,9300,153.162,399,2,158.354,87.117,24.846,80.5,40247.4,0.0,3.794267
C,4,45,Search-heavy,0.8,0.15,32,300,9600,172.033,412,3,172.033,89.77,19.658,51.3,50870.7,0.0,3.794267
C,4,45,Search-heavy,0.8,0.15,33,300,9900,180.131,429,3,180.131,92.509,18.583,44.7,53811.7,0.0,3.794267
C,4,45,Search-heavy,0.8,0.15,34,300,10200,195.53,452,3,195.53,95.539,19.338,46.0,51710.8,0.0,3.794267
C,4,45,Search-heavy,0.8,0.15,35,300,10500,211.353,450,2,211.353,98.848,20.309,44.7,49239.3,0.0,3.794267
C,4,45,Search-heavy,0.8,0.15,36,300,10800,235.135,473,2,235.135,102.633,22.448,46.9,44547.4,0.0,3.794267
C,4,45,Search-heavy,0.8,0.15,37,300,11100,237.258,491,3,237.258,106.272,23.379,48.2,42773.4,0.0,3.794267
C,4,45,Search-heavy,0.8,0.15,38,300,11400,250.498,528,3,250.498,110.067,23.423,51.7,42692.5,0.0,3.794267
C,4,45,Search-heavy,0.8,0.15,39,300,11700,275.266,554,3,275.266,114.303,26.662,86.5,37507.0,0.0,3.794267
C,4,45,Search-heavy,0.8,0.15,40,300,12000,273.061,582,3,275.266,118.272,25.55,56.3,39139.5,0.0,3.794267
C,4,45,Search-heavy,0.8,0.15,41,300,12300,261.508,612,2,275.266,121.766,25.712,61.7,38891.8,0.0,3.794267
C,4,45,Search-heavy,0.8,0.15,42,300,12600,286.204,631,3,286.204,125.681,27.975,62.9,35746.2,0.0,3.794267
C,4,45,Search-heavy,0.8,0.15,43,300,12900,293.935,661,5,293.935,129.594,28.297,67.1,35339.4,0.0,3.794267
C,4,45,Search-heavy,0.8,0.15,44,300,13200,306.845,689,4,306.845,133.622,30.696,102.9,32577.9,0.0,3.794267
C,4,45,Search-heavy,0.8,0.15,45,300,13500,145.52,706,2,306.845,133.887,25.771,69.9,38803.3,0.013699,3.794267
C,4,45,Search-heavy,0.8,0.15,46,300,13800,37.539,71,2,306.845,131.792,9.149,29.4,109297.6,0.0,3.794267
C,4,45,Search-heavy,0.8,0.15,47,300,14100,40.452,81,3,306.845,129.849,8.856,21.8,112922.0,0.0,3.794267
C,4,45,Search-heavy,0.8,0.15,48,300,14400,41.843,100,2,306.845,128.015,8.809,18.9,113524.5,0.0,3.794267
C,4,45,Search-heavy,0.8,0.15,49,300,14700,47.861,119,4,306.845,126.379,9.404,18.5,106337.8,0.0,3.794267
C,4,45,Search-heavy,0.8,0.15,50,300,15000,50.026,136,3,306.845,124.852,10.211,26.0,97936.8,0.0,3.794267
C,4,45,Search-heavy,0.8,0.15,51,300,15300,55.621,155,2,306.845,123.495,11.092,31.3,90152.3,0.0,3.794267
C,4,45,Search-heavy,0.8,0.15,52,300,15600,57.89,172,2,306.845,122.233,10.307,20.4,97018.3,0.0,3.794267
C,4,45,Search-heavy,0.8,0.15,53,300,15900,58.237,185,3,306.845,121.026,10.258,21.3,97488.0,0.0,3.794267
C,4,45,Search-heavy,0.8,0.15,54,300,16200,65.854,197,2,306.845,120.004,11.121,23.8,89920.0,0.0,3.794267
C,4,45,Search-heavy,0.8,0.15,55,300,16500,63.39,215,3,306.845,118.975,10.88,23.6,91911.8,0.0,3.794267
C,4,45,Search-heavy,0.8,0.15,56,300,16800,70.245,244,3,306.845,118.105,11.05,24.6,90500.5,0.0,3.794267
C,4,45,Search-heavy,0.8,0.15,57,300,17100,80.181,250,3,306.845,117.439,11.862,25.2,84300.5,0.0,3.794267
C,4,45,Search-heavy,0.8,0.15,58,300,17400,85.713,256,4,306.845,116.892,12.307,25.4,81256.8,0.0,3.794267
C,4,45,Search-heavy,0.8,0.15,59,300,17700,83.575,276,2,306.845,116.328,12.506,30.4,79963.7,0.0,3.794267
C,4,45,Search-heavy,0.8,0.15,60,300,18000,88.207,294,3,306.845,115.859,13.152,31.0,76036.0,0.0,3.794267
C,4,45,Search-heavy,0.8,0.15,61,300,18300,89.542,329,3,306.845,115.427,13.217,32.1,75662.1,0.0,3.794267
C,4,45,Search-heavy,0.8,0.15,62,300,18600,90.848,346,2,306.845,115.031,12.935,35.0,77309.6,0.0,3.794267
C,4,45,Search-heavy,0.8,0.15,63,300,18900,97.555,363,5,306.845,114.754,13.484,36.0,74160.1,0.0,3.794267
C,4,45,Search-heavy,0.8,0.15,64,300,19200,100.89,379,3,306.845,114.537,14.27,43.2,70077.1,0.0,3.794267
C,4,45,Search-heavy,0.8,0.15,65,300,19500,114.935,405,2,306.845,114.543,14.669,40.3,68172.5,0.0,3.794267
C,4,45,Search-heavy,0.8,0.15,66,300,19800,119.081,413,1,306.845,114.612,13.955,43.1,71658.9,0.0,3.794267
C,4,45,Search-heavy,0.8,0.15,67,300,20100,121.013,447,3,306.845,114.707,18.903,47.8,52902.6,0.0,3.794267
C,4,45,Search-heavy,0.8,0.15,68,300,20400,107.093,445,3,306.845,114.595,12.59,44.5,79430.2,0.0,3.794267
C,4,45,Search-heavy,0.8,0.15,69,300,20700,120.186,458,3,306.845,114.676,15.63,63.3,63978.1,0.0,3.794267
C,4,45,Search-heavy,0.8,0.15,70,300,21000,123.653,470,3,306.845,114.805,21.641,79.8,46209.3,0.0,3.794267
C,4,45,Search-heavy,0.8,0.15,71,300,21300,128.5,497,3,306.845,114.998,16.379,74.3,61052.5,0.0,3.794267
C,4,45,Search-heavy,0.8,0.15,72,300,21600,118.588,510,1,306.845,115.047,13.866,48.5,72117.1,0.0,3.794267
C,4,45,Search-heavy,0.8,0.15,73,300,21900,141.971,531,5,306.845,115.416,15.466,52.4,64656.6,0.0,3.794267
C,4,45,Search-heavy,0.8,0.15,74,300,22200,147.511,537,3,306.845,115.85,16.491,59.2,60637.9,0.0,3.794267
C,4,45,Search-heavy,0.8,0.15,75,300,22500,170.15,581,3,306.845,116.574,17.574,57.0,56902.2,0.0,3.794267
C,4,45,Search-heavy,0.8,0.15,76,300,22800,155.62,601,3,306.845,117.088,16.889,59.2,59211.3,0.0,3.794267
C,4,45,Search-heavy,0.8,0.15,77,300,23100,160.156,607,4,306.845,117.647,16.806,60.1,59503.7,0.0,3.794267
C,4,45,Search-heavy,0.8,0.15,78,300,23400,169.576,628,3,306.845,118.313,17.734,62.8,56389.9,0.0,3.794267
C,4,45,Search-heavy,0.8,0.15,79,300,23700,181.02,625,3,306.845,119.107,19.649,65.1,50892.3,0.0,3.794267
C,4,45,Search-heavy,0.8,0.15,80,300,24000,169.585,649,3,306.845,119.738,18.108,65.3,55225.2,0.0,3.794267
C,4,45,Search-heavy,0.8,0.15,81,300,24300,186.217,681,3,306.845,120.558,20.339,70.7,49167.4,0.0,3.794267
C,4,45,Search-heavy,0.8,0.15,82,300,24600,200.447,663,4,306.845,121.533,20.105,65.9,49738.9,0.0,3.794267
C,4,45,Search-heavy,0.8,0.15,83,300,24900,210.233,715,3,306.845,122.601,22.75,72.0,43956.0,0.0,3.794267
C,4,45,Search-heavy,0.8,0.15,84,100,25000,214.4,723,3,306.845,123.694,20.461,73.2,48873.5,0.0,3.794267
C,4,45,Balanced,0.34,0.33,1,300,300,30.049,92,2,30.049,30.049,17.608,44.7,56792.4,0.005076,5.131042
C,4,45,Balanced,0.34,0.33,2,300,600,34.95,88,4,34.95,32.499,9.551,25.2,104701.1,0.0,5.131042
C,4,45,Balanced,0.34,0.33,3,300,900,31.943,110,3,34.95,32.314,9.478,23.6,105503.8,0.0,5.131042
C,4,45,Balanced,0.34,0.33,4,300,1200,45.931,138,4,45.931,35.718,10.006,22.0,99940.0,0.0,5.131042
C,4,45,Balanced,0.34,0.33,5,300,1500,48.01,159,4,48.01,38.176,10.1,22.6,99009.9,0.0,5.131042
C,4,45,Balanced,0.34,0.33,6,300,1800,47.865,181,4,48.01,39.791,10.333,22.4,96780.4,0.0,5.131042
C,4,45,Balanced,0.34,0.33,7,300,2100,49.708,215,4,49.708,41.208,10.296,26.3,97122.0,0.0,5.131042
C,4,45,Balanced,0.34,0.33,8,300,2400,57.441,249,3,57.441,43.237,11.068,24.5,90347.8,0.0,5.131042
C,4,45,Balanced,0.34,0.33,9,300,2700,62.167,266,3,62.167,45.34,10.955,25.0,91279.8,0.0,5.131042
C,4,45,Balanced,0.34,0.33,10,300,3000,65.224,282,4,65.224,47.329,15.51,28.7,64475.9,0.004651,5.131042
C,4,45,Balanced,0.34,0.33,11,300,3300,31.411,113,3,65.224,45.882,10.369,30.7,96438.2,0.0,5.131042
C,4,45,Balanced,0.34,0.33,12,300,3600,36.295,170,1,65.224,45.083,5.753,15.9,173822.4,0.0,5.131042
C,4,45,Balanced,0.34,0.33,13,300,3900,54.845,144,2,65.224,45.834,6.903,16.0,144864.6,0.0,5.131042
C,4,45,Balanced,0.34,0.33,14,300,4200,79.472,201,2,79.472,48.236,8.112,18.3,123279.2,0.0,5.131042
C,4,45,Balanced,0.34,0.33,15,300,4500,121.32,240,4,121.32,53.109,10.694,25.4,93507.5,0.0,5.131042
C,4,45,Balanced,0.34,0.33,16,300,4800,129.396,307,2,129.396,57.877,11.013,29.5,90799.0,0.0,5.131042
C,4,45,Balanced,0.34,0.33,17,300,5100,154.821,372,2,154.821,63.579,12.478,34.0,80141.1,0.0,5.131042
C,4,45,Balanced,0.34,0.33,18,300,5400,184.752,469,2,184.752,70.311,14.134,44.8,70749.7,0.0,5.131042
C,4,45,Balanced,0.34,0.33,19,300,5700,200.615,483,2,200.615,77.169,16.0,45.4,62498.7,0.0,5.131042
C,4,45,Balanced,0.34,0.33,20,300,6000,145.616,549,3,200.615,80.592,22.952,71.7,43568.6,0.004975,5.131042
C,4,45,Balanced,0.34,0.33,21,300,6300,19.043,101,2,200.615,77.661,7.25,30.5,137937.4,0.0,5.131042
C,4,45,Balanced,0.34,0.33,22,300,6600,39.198,110,3,200.615,75.912,8.008,42.2,124875.2,0.0,5.131042
C,4,45,Balanced,0.34,0.33,23,300,6900,61.626,173,3,200.615,75.291,8.871,19.9,112726.8,0.0,5.131042
C,4,45,Balanced,0.34,0.33,24,300,7200,73.899,217,2,200.615,75.233,9.745,21.0,102620.2,0.0,5.131042
C,4,45,Balanced,0.34,0.33,25,300,7500,101.087,269,3,200.615,76.267,11.276,48.7,88681.3,0.0,5.131042
C,4,45,Balanced,0.34,0.33,26,300,7800,118.5,335,4,200.615,77.892,12.03,30.5,83127.9,0.0,5.131042
C,4,45,Balanced,0.34,0.33,27,300,8100,112.407,368,2,200.615,79.17,12.722,36.3,78601.9,0.0,5.131042
C,4,45,Balanced,0.34,0.33,28,300,8400,136.653,442,2,200.615,81.223,14.041,43.1,71218.3,0.0,5.131042
C,4,45,Balanced,0.34,0.33,29,300,8700,153.624,518,3,200.615,83.72,14.375,46.4,69563.6,0.0,5.131042
C,4,45,Balanced,0.34,0.33,30,300,9000,203.6,561,11,203.6,87.716,21.669,56.2,46148.9,0.0,5.131042
C,4,45,Balanced,0.34,0.33,31,300,9300,35.386,463,1,203.6,86.028,5.547,25.6,180288.4,0.0,5.131042
C,4,45,Balanced,0.34,0.33,32,300,9600,62.519,173,3,203.6,85.293,7.288,17.8,137211.9,0.0,5.131042
C,4,45,Balanced,0.34,0.33,33,300,9900,103.972,227,7,203.6,85.859,9.742,23.8,102644.8,0.0,5.131042
C,4,45,Balanced,0.34,0.33,34,300,10200,133.624,285,4,203.6,87.264,12.04,28.1,83054.2,0.0,5.131042
C,4,45,Balanced,0.34,0.33,35,300,10500,159.129,404,2,203.6,89.317,13.396,37.7,74649.1,0.0,5.131042
C,4,45,Balanced,0.34,0.33,36,300,10800,203.738,443,4,203.738,92.495,15.548,42.4,64317.0,0.0,5.131042
C,4,45,Balanced,0.34,0.33,37,300,11100,231,517,4,231,96.239,18.545,54.3,53921.9,0.0,5.131042
C,4,45,Balanced,0.34,0.33,38,300,11400,264.198,627,5,264.198,100.659,19.328,60.1,51737.5,0.0,5.131042
C,4,45,Balanced,0.34,0.33,39,300,11700,275.102,698,3,275.102,105.132,21.328,67.1,46886.0,0.0,5.131042
C,4,45,Balanced,0.34,0.33,40,300,12000,239.906,763,4,275.102,108.501,28.564,74.8,35009.1,0.004902,5.131042
C,4,45,Balanced,0.34,0.33,41,300,12300,30.515,105,2,275.102,106.599,9.608,50.4,104080.0,0.0,5.131042
C,4,45,Balanced,0.34,0.33,42,300,12600,32.042,96,3,275.102,104.824,9.272,23.4,107855.5,0.0,5.131042
C,4,45,Balanced,0.34,0.33,43,300,12900,42.091,115,2,275.102,103.365,10.367,50.6,96459.9,0.0,5.131042
C,4,45,Balanced,0.34,0.33,44,300,13200,35.935,143,1,275.102,101.832,7.75,22.2,129032.2,0.0,5.131042
C,4,45,Balanced,0.34,0.33,45,300,13500,43.623,167,2,275.102,100.539,6.236,18.1,160350.6,0.0,5.131042
C,4,45,Balanced,0.34,0.33,46,300,13800,62.782,189,4,275.102,99.718,7.24,19.3,138115.3,0.0,5.131042
C,4,45,Balanced,0.34,0.33,47,300,14100,80.552,219,3,275.102,99.31,8.833,22.3,113216.1,0.0,5.131042
C,4,45,Balanced,0.34,0.33,48,300,14400,110.911,245,6,275.102,99.552,9.953,24.7,100475.6,0.0,5.131042
C,4,45,Balanced,0.34,0.33,49,300,14700,114.063,255,5,275.102,99.848,10.693,24.7,93519.2,0.0,5.131042
C,4,45,Balanced,0.34,0.33,50,300,15000,128.08,337,2,275.102,100.413,16.903,47.2,59161.1,0.0,5.131042
C,4,45,Balanced,0.34,0.33,51,300,15300,174.071,391,6,275.102,101.857,13.863,39.0,72136.2,0.0,5.131042
C,4,45,Balanced,0.34,0.33,52,300,15600,173.634,458,4,275.102,103.237,14.417,45.5,69360.9,0.0,5.131042
C,4,45,Balanced,0.34,0.33,53,300,15900,198.364,479,6,275.102,105.032,15.904,45.7,62878.6,0.0,5.131042
C,4,45,Balanced,0.34,0.33,54,300,16200,197.556,541,12,275.102,106.746,16.498,46.6,60613.4,0.0,5.131042
C,4,45,Balanced,0.34,0.33,55,300,16500,252.058,606,3,275.102,109.388,19.142,59.5,52240.2,0.0,5.131042
C,4,45,Balanced,0.34,0.33,56,300,16800,249.776,673,3,275.102,111.895,20.208,67.9,49485.4,0.0,5.131042
C,4,45,Balanced,0.34,0.33,57,300,17100,270.48,727,3,275.102,114.677,22.113,72.9,45223.0,0.0,5.131042
C,4,45,Balanced,0.34,0.33,58,300,17400,321.61,787,5,321.61,118.245,23.545,79.9,42471.3,0.0,5.131042
C,4,45,Balanced,0.34,0.33,59,300,17700,324.685,832,4,324.685,121.744,24.602,83.0,40646.6,0.0,5.131042
C,4,45,Balanced,0.34,0.33,60,300,18000,252.794,862,5,324.685,123.928,32.446,139.1,30820.1,0.005051,5.131042
C,4,45,Balanced,0.34,0.33,61,300,18300,25.842,111,3,324.685,122.32,11.544,55.9,86625.1,0.0,5.131042
C,4,45,Balanced,0.34,0.33,62,300,18600,19.31,57,1,324.685,120.658,7.463,23.6,133994.4,0.0,5.131042
C,4,45,Balanced,0.34,0.33,63,300,18900,23.05,70,1,324.685,119.109,6.036,23.4,165672.7,0.0,5.131042
C,4,45,Balanced,0.34,0.33,64,300,19200,32.88,97,4,324.685,117.762,5.602,18.5,178507.8,0.0,5.131042
C,4,45,Balanced,0.34,0.33,65,300,19500,83.425,197,2,324.685,117.233,8.361,20.6,119602.9,0.0,5.131042
C,4,45,Balanced,0.34,0.33,66,300,19800,113.554,284,3,324.685,117.178,10.736,27.4,93147.5,0.0,5.131042
C,4,45,Balanced,0.34,0.33,67,300,20100,154.324,362,4,324.685,117.732,13.004,35.9,76899.4,0.0,5.131042
C,4,45,Balanced,0.34,0.33,68,300,20400,215.231,462,12,324.685,119.166,16.024,45.7,62407.7,0.0,5.131042
C,4,45,Balanced,0.34,0.33,69,300,20700,201.512,525,2,324.685,120.359,16.092,51.1,62144.0,0.0,5.131042
C,4,45,Balanced,0.34,0.33,70,300,21000,249.2,617,5,324.685,122.2,25.703,61.3,38906.5,0.0,5.131042
C,4,45,Balanced,0.34,0.33,71,300,21300,307.49,697,2,324.685,124.81,21.537,69.0,46431.0,0.0,5.131042
C,4,45,Balanced,0.34,0.33,72,300,21600,328.537,778,7,328.537,127.639,24.646,73.1,40574.5,0.0,5.131042
C,4,45,Balanced,0.34,0.33,73,300,21900,354.49,844,6,354.49,130.747,24.984,82.9,40026.1,0.0,5.131042
C,4,45,Balanced,0.34,0.33,74,300,22200,409.424,931,11,409.424,134.513,29.493,92.4,33906.3,0.0,5.131042
C,4,45,Balanced,0.34,0.33,75,300,22500,408.849,1005,8,409.424,138.17,30.281,115.0,33024.0,0.0,5.131042
C,4,45,Balanced,0.34,0.33,76,300,22800,416.872,1037,6,416.872,141.837,32.521,124.2,30749.0,0.0,5.131042
C,4,45,Balanced,0.34,0.33,77,300,23100,491.314,1145,6,491.314,146.376,35.064,112.5,28519.5,0.0,5.131042
C,4,45,Balanced,0.34,0.33,78,300,23400,477.396,1212,4,491.314,150.62,35.577,117.4,28108.3,0.0,5.131042
C,4,45,Balanced,0.34,0.33,79,300,23700,543.757,1312,3,543.757,155.596,39.587,129.2,25260.8,0.0,5.131042
C,4,45,Balanced,0.34,0.33,80,300,24000,490.946,1333,7,543.757,159.788,45.846,133.7,21812.3,0.004831,5.131042
C,4,45,Balanced,0.34,0.33,81,300,24300,34.722,118,4,543.757,158.244,10.687,55.2,93571.6,0.0,5.131042
C,4,45,Balanced,0.34,0.33,82,300,24600,39.463,104,3,543.757,156.796,10.648,36.0,93911.4,0.0,5.131042
C,4,45,Balanced,0.34,0.33,83,300,24900,35.951,126,3,543.757,155.34,9.252,24.3,108084.7,0.0,5.131042
C,4,45,Balanced,0.34,0.33,84,100,25000,40.463,136,3,543.757,153.972,6.123,15.3,163318.5,0.0,5.131042
C,4,45,Insert-heavy,0.15,0.7,1,300,300,35.419,92,2,35.419,35.419,16.261,46.5,61498.1,0.003891,1.520584
C,4,45,Insert-heavy,0.15,0.7,2,300,600,33.895,130,3,35.419,34.657,7.037,21.0,142112.7,0.0,1.520584
C,4,45,Insert-heavy,0.15,0.7,3,300,900,74.171,155,7,74.171,47.828,7.877,16.6,126946.5,0.0,1.520584
C,4,45,Insert-heavy,0.15,0.7,4,300,1200,113.4,266,7,113.4,64.221,10.222,22.6,97831.4,0.0,1.520584
C,4,45,Insert-heavy,0.15,0.7,5,300,1500,172.974,382,18,172.974,85.972,16.216,38.4,61668.8,0.0,1.520584
C,4,45,Insert-heavy,0.15,0.7,6,300,1800,205.081,483,6,205.081,105.823,15.016,47.4,66595.6,0.0,1.520584
C,4,45,Insert-heavy,0.15,0.7,7,300,2100,217.17,600,3,217.17,121.73,17.175,54.0,58224.2,0.0,1.520584
C,4,45,Insert-heavy,0.15,0.7,8,300,2400,245.771,748,4,245.771,137.235,18.371,70.1,54433.6,0.0,1.520584
C,4,45,Insert-heavy,0.15,0.7,9,300,2700,118.717,513,2,245.771,135.178,10.409,48.8,96067.6,0.0,1.520584
C,4,45,Insert-heavy,0.15,0.7,10,300,3000,79.636,508,2,245.771,129.623,14.986,48.4,66730.4,0.003906,1.520584
C,4,45,Insert-heavy,0.15,0.7,11,300,3300,66.34,192,3,245.771,123.87,8.1,20.1,123451.7,0.0,1.520584
C,4,45,Insert-heavy,0.15,0.7,12,300,3600,92.98,305,4,245.771,121.296,9.712,30.0,102965.4,0.0,1.520584
C,4,45,Insert-heavy,0.15,0.7,13,300,3900,121.234,382,1,245.771,121.291,11.833,38.9,84509.4,0.0,1.520584
C,4,45,Insert-heavy,0.15,0.7,14,300,4200,165.548,517,3,245.771,124.453,12.749,51.6,78435.5,0.0,1.520584
C,4,45,Insert-heavy,0.15,0.7,15,300,4500,160.241,621,3,245.771,126.838,20.541,110.8,48683.9,0.0,1.520584
C,4,45,Insert-heavy,0.15,0.7,16,300,4800,183.362,723,2,245.771,130.371,14.689,64.5,68078.1,0.0,1.520584
C,4,45,Insert-heavy,0.15,0.7,17,300,5100,271.318,834,3,271.318,138.662,17.128,76.7,58385.1,0.0,1.520584
C,4,45,Insert-heavy,0.15,0.7,18,300,5400,202.106,862,3,271.318,142.187,126.005,77.7,7936.2,0.0,1.520584
C,4,45,Insert-heavy,0.15,0.7,19,300,5700,273.514,897,14,273.514,149.099,27.247,91.6,36701.7,0.003802,1.520584
C,4,45,Insert-heavy,0.15,0.7,20,300,6000,30.067,97,7,273.514,143.147,10.805,47.3,92546.9,0.0,1.520584
C,4,45,Insert-heavy,0.15,0.7,21,300,6300,46.756,146,4,273.514,138.557,10.689,25.6,93551.2,0.0,1.520584
C,4,45,Insert-heavy,0.15,0.7,22,300,6600,46,193,2,273.514,134.35,9.608,21.7,104083.6,0.0,1.520584
C,4,45,Insert-heavy,0.15,0.7,23,300,6900,70.692,243,3,273.514,131.582,8.714,33.1,114753.5,0.0,1.520584
C,4,45,Insert-heavy,0.15,0.7,24,300,7200,114.548,337,6,273.514,130.872,14.778,35.7,67669.7,0.0,1.520584
C,4,45,Insert-heavy,0.15,0.7,25,300,7500,192.103,353,8,273.514,133.322,13.82,38.0,72360.6,0.0,1.520584
C,4,45,Insert-heavy,0.15,0.7,26,300,7800,252.422,499,13,273.514,137.902,15.835,48.9,63152.6,0.0,1.520584
C,4,45,Insert-heavy,0.15,0.7,27,300,8100,281.417,656,18,281.417,143.218,18.551,58.4,53906.4,0.0,1.520584
C,4,45,Insert-heavy,0.15,0.7,28,300,8400,305.744,740,8,305.744,149.022,20.66,70.0,48403.5,0.0,1.520584
C,4,45,Insert-heavy,0.15,0.7,29,300,8700,205.02,786,1,305.744,150.953,24.524,67.8,40776.4,0.004016,1.520584
C,4,45,Insert-heavy,0.15,0.7,30,300,9000,42.125,146,2,305.744,147.326,7.866,49.5,127129.4,0.0,1.520584
C,4,45,Insert-heavy,0.15,0.7,31,300,9300,134.587,274,14,305.744,146.915,10.406,26.9,96101.5,0.0,1.520584
C,4,45,Insert-heavy,0.15,0.7,32,300,9600,186.075,449,4,305.744,148.138,13.982,45.9,71522.2,0.0,1.520584
C,4,45,Insert-heavy,0.15,0.7,33,300,9900,230.574,589,4,305.744,150.637,13.472,53.2,74226.2,0.0,1.520584
C,4,45,Insert-heavy,0.15,0.7,34,300,10200,54.48,159,2,305.744,147.808,11.237,17.3,88991.7,0.0,1.520584
C,4,45,Insert-heavy,0.15,0.7,35,300,10500,124.196,358,7,305.744,147.134,10.773,29.2,92827.5,0.0,1.520584
C,4,45,Insert-heavy,0.15,0.7,36,300,10800,203.023,460,13,305.744,148.686,13.788,42.8,72528.6,0.0,1.520584
C,4,45,Insert-heavy,0.15,0.7,37,300,11100,254.366,645,2,305.744,151.542,17.924,60.6,55792.1,0.0,1.520584
C,4,45,Insert-heavy,0.15,0.7,38,300,11400,297,809,11,305.744,155.37,20.089,77.4,49777.7,0.0,1.520584
C,4,45,Insert-heavy,0.15,0.7,39,300,11700,153.105,798,2,305.744,155.312,24.361,77.1,41049.8,0.004115,1.520584
C,4,45,Insert-heavy,0.15,0.7,40,300,12000,44.389,118,1,305.744,152.539,10.115,29.0,98863.1,0.0,1.520584
C,4,45,Insert-heavy,0.15,0.7,41,300,12300,42.778,168,3,305.744,149.862,10.267,23.5,97396.2,0.0,1.520584
C,4,45,Insert-heavy,0.15,0.7,42,300,12600,52.391,199,4,305.744,147.541,10.47,27.0,95514.0,0.0,1.520584
C,4,45,Insert-heavy,0.15,0.7,43,300,12900,64.978,261,3,305.744,145.621,7.938,27.6,125981.6,0.0,1.520584
C,4,45,Insert-heavy,0.15,0.7,44,300,13200,71.66,298,8,305.744,143.94,14.119,30.7,70828.2,0.003953,1.520584
C,4,45,Insert-heavy,0.15,0.7,45,300,13500,77.93,365,5,305.744,142.473,10.654,38.3,93858.5,0.0,1.520584
C,4,45,Insert-heavy,0.15,0.7,46,300,13800,94.34,455,3,305.744,141.427,9.196,42.5,108742.9,0.0,1.520584
C,4,45,Insert-heavy,0.15,0.7,47,300,14100,103.406,450,3,305.744,140.618,10.053,25.3,99469.5,0.0,1.520584
C,4,45,Insert-heavy,0.15,0.7,48,300,14400,161.021,430,9,305.744,141.043,24.995,62.3,40008.0,0.003953,1.520584
C,4,45,Insert-heavy,0.15,0.7,49,300,14700,37,110,6,305.744,138.92,11.321,53.7,88328.8,0.0,1.520584
C,4,45,Insert-heavy,0.15,0.7,50,300,15000,38.618,111,4,305.744,136.914,6.864,22.5,145694.8,0.0,1.520584
C,4,45,Insert-heavy,0.15,0.7,51,300,15300,82.875,208,2,305.744,135.854,8.356,19.5,119669.8,0.0,1.520584
C,4,45,Insert-heavy,0.15,0.7,52,300,15600,112.667,279,3,305.744,135.408,10.192,23.4,98119.3,0.0,1.520584
C,4,45,Insert-heavy,0.15,0.7,53,300,15900,190.156,441,4,305.744,136.441,19.702,44.6,50755.4,0.0,1.520584
C,4,45,Insert-heavy,0.15,0.7,54,300,16200,93.891,391,2,305.744,135.653,9.28,31.5,107758.6,0.0,1.520584
C,4,45,Insert-heavy,0.15,0.7,55,300,16500,89.641,268,5,305.744,134.817,9.376,30.6,106655.3,0.0,1.520584
C,4,45,Insert-heavy,0.15,0.7,56,300,16800,158.679,399,8,305.744,135.243,12.043,27.8,83033.5,0.0,1.520584
C,4,45,Insert-heavy,0.15,0.7,57,300,17100,239.614,479,10,305.744,137.074,16.997,48.6,58833.9,0.0,1.520584
C,4,45,Insert-heavy,0.15,0.7,58,300,17400,114.738,513,3,305.744,136.689,18.409,52.2,54321.3,0.003876,1.520584
C,4,45,Insert-heavy,0.15,0.7,59,300,17700,44.163,143,2,305.744,135.12,7.457,20.7,134108.2,0.0,1.520584
C,4,45,Insert-heavy,0.15,0.7,60,300,18000,81.367,211,3,305.744,134.225,8.936,22.7,111906.9,0.0,1.520584
C,4,45,Insert-heavy,0.15,0.7,61,300,18300,126.304,335,3,305.744,134.095,10.426,33.8,95911.0,0.0,1.520584
C,4,45,Insert-heavy,0.15,0.7,62,300,18600,148.49,385,2,305.744,134.327,12.634,38.3,79149.4,0.0,1.520584
C,4,45,Insert-heavy,0.15,0.7,63,300,18900,211.761,493,5,305.744,135.556,19.807,49.8,50486.4,0.0,1.520584
C,4,45,Insert-heavy,0.15,0.7,64,300,19200,163.146,492,5,305.744,135.987,14.781,50.2,67652.9,0.0,1.520584
C,4,45,Insert-heavy,0.15,0.7,65,300,19500,242.133,667,5,305.744,137.62,16.687,59.2,59925.7,0.0,1.520584
C,4,45,Insert-heavy,0.15,0.7,66,300,19800,281.512,740,13,305.744,139.8,19.134,69.9,52263.9,0.0,1.520584
C,4,45,Insert-heavy,0.15,0.7,67,300,20100,288.289,842,3,305.744,142.017,29.348,86.2,34073.9,0.003922,1.520584
C,4,45,Insert-heavy,0.15,0.7,68,300,20400,59.354,140,5,305.744,140.801,9.909,55.5,100921.8,0.0,1.520584
C,4,45,Insert-heavy,0.15,0.7,69,300,20700,100.38,242,3,305.744,140.215,11.202,28.0,89267.1,0.0,1.520584
C,4,45,Insert-heavy,0.15,0.7,70,300,21000,154.711,395,7,305.744,140.422,13.258,39.5,75424.2,0.0,1.520584
C,4,45,Insert-heavy,0.15,0.7,71,300,21300,186.822,434,9,305.744,141.076,15.737,43.6,63544.5,0.0,1.520584
C,4,45,Insert-heavy,0.15,0.7,72,300,21600,233.17,635,3,305.744,142.355,24.144,63.7,41418.2,0.004049,1.520584
C,4,45,Insert-heavy,0.15,0.7,73,300,21900,82.953,277,6,305.744,141.541,10.788,23.6,92692.7,0.0,1.520584
C,4,45,Insert-heavy,0.15,0.7,74,300,22200,109.105,303,6,305.744,141.103,12.596,30.5,79390.3,0.0,1.520584
C,4,45,Insert-heavy,0.15,0.7,75,300,22500,162.545,345,3,305.744,141.389,14.012,35.9,71369.1,0.0,1.520584
C,4,45,Insert-heavy,0.15,0.7,76,300,22800,129.222,432,5,305.744,141.229,12.421,40.3,80511.0,0.0,1.520584
C,4,45,Insert-heavy,0.15,0.7,77,300,23100,100.053,408,17,305.744,140.694,20.528,54.7,48714.7,0.003817,1.520584
C,4,45,Insert-heavy,0.15,0.7,78,300,23400,79.368,201,5,305.744,139.908,9.993,55.4,100073.4,0.0,1.520584
C,4,45,Insert-heavy,0.15,0.7,79,300,23700,118.807,325,1,305.744,139.641,10.337,27.8,96736.8,0.0,1.520584
C,4,45,Insert-heavy,0.15,0.7,80,300,24000,141.306,446,5,305.744,139.661,12.878,52.2,77649.8,0.0,1.520584
C,4,45,Insert-heavy,0.15,0.7,81,300,24300,215.5,538,2,305.744,140.598,15.692,52.1,63726.8,0.0,1.520584
C,4,45,Insert-heavy,0.15,0.7,82,300,24600,262.326,748,2,305.744,142.082,23.99,72.3,41684.0,0.0,1.520584
C,4,45,Insert-heavy,0.15,0.7,83,300,24900,256.047,801,7,305.744,143.455,19.775,76.8,50569.8,0.0,1.520584
C,4,45,Insert-heavy,0.15,0.7,84,100,25000,326.467,819,7,326.467,145.634,23.208,82.6,43088.6,0.0,1.520584
C,4,45,Write-heavy,0.1,0.5,1,300,300,43.704,92,5,43.704,43.704,16.835,44.8,59401.2,0.003663,7.650165
C,4,45,Write-heavy,0.1,0.5,2,300,600,29.292,97,3,43.704,36.498,9.771,23.5,102347.1,0.0,7.650165
C,4,45,Write-heavy,0.1,0.5,3,300,900,40.929,118,4,43.704,37.975,10.811,26.6,92498.4,0.0,7.650165
C,4,45,Write-heavy,0.1,0.5,4,300,1200,31.69,179,3,43.704,36.403,9.506,22.8,105196.7,0.0,7.650165
C,4,45,Write-heavy,0.1,0.5,5,300,1500,42.188,208,3,43.704,37.56,6.506,20.1,153704.4,0.0,7.650165
C,4,45,Write-heavy,0.1,0.5,6,300,1800,77.102,166,3,77.102,44.151,7.863,17.9,127177.9,0.0,7.650165
C,4,45,Write-heavy,0.1,0.5,7,300,2100,141.632,289,2,141.632,58.076,13.48,27.3,74185.8,0.0,7.650165
C,4,45,Write-heavy,0.1,0.5,8,300,2400,208.423,358,25,208.423,76.87,12.118,34.1,82524.1,0.0,7.650165
C,4,45,Write-heavy,0.1,0.5,9,300,2700,188.407,437,7,208.423,89.263,12.891,39.6,77575.5,0.0,7.650165
C,4,45,Write-heavy,0.1,0.5,10,300,3000,229.345,519,5,229.345,103.271,15.325,45.1,65251.4,0.0,7.650165
C,4,45,Write-heavy,0.1,0.5,11,300,3300,240.29,483,9,240.29,115.727,17.328,45.7,57711.2,0.0,7.650165
C,4,45,Write-heavy,0.1,0.5,12,300,3600,250.424,742,7,250.424,126.952,18.279,60.1,54708.6,0.0,7.650165
C,4,45,Write-heavy,0.1,0.5,13,300,3900,313.893,816,10,313.893,141.332,20.389,80.6,49046.1,0.0,7.650165
C,4,45,Write-heavy,0.1,0.5,14,300,4200,126.531,708,7,313.893,140.275,21.439,60.4,46643.2,0.003731,7.650165
C,4,45,Write-heavy,0.1,0.5,15,300,4500,26,70,1,313.893,132.657,10.298,46.6,97103.1,0.0,7.650165
C,4,45,Write-heavy,0.1,0.5,16,300,4800,46.083,140,4,313.893,127.246,6.546,18.1,152757.3,0.0,7.650165
C,4,45,Write-heavy,0.1,0.5,17,300,5100,115.556,249,3,313.893,126.558,9.334,25.6,107139.0,0.0,7.650165
C,4,45,Write-heavy,0.1,0.5,18,300,5400,166.55,366,14,313.893,128.78,11.077,35.2,90277.2,0.0,7.650165
C,4,45,Write-heavy,0.1,0.5,19,300,5700,200.129,487,11,313.893,132.535,12.731,46.1,78546.4,0.0,7.650165
C,4,45,Write-heavy,0.1,0.5,20,300,6000,102.69,465,2,313.893,131.043,15.553,46.2,64296.3,0.0,7.650165
C,4,45,Write-heavy,0.1,0.5,21,300,6300,44.188,125,3,313.893,126.907,7.039,26.3,142072.3,0.0,7.650165
C,4,45,Write-heavy,0.1,0.5,22,300,6600,59.314,159,3,313.893,123.834,6.612,16.9,151240.2,0.0,7.650165
C,4,45,Write-heavy,0.1,0.5,23,300,6900,67.5,183,3,313.893,121.385,6.634,18.1,150738.8,0.0,7.650165
C,4,45,Write-heavy,0.1,0.5,24,300,7200,139.939,292,4,313.893,122.158,9.827,26.9,101760.5,0.0,7.650165
C,4,45,Write-heavy,0.1,0.5,25,300,7500,178.826,432,13,313.893,124.425,12.573,37.2,79535.5,0.0,7.650165
C,4,45,Write-heavy,0.1,0.5,26,300,7800,226.241,506,9,313.893,128.341,14.276,49.0,70046.0,0.0,7.650165
C,4,45,Write-heavy,0.1,0.5,27,300,8100,124.4,505,4,313.893,128.195,20.598,57.2,48549.2,0.003704,7.650165
C,4,45,Write-heavy,0.1,0.5,28,300,8400,33.938,121,2,313.893,124.829,6.976,48.9,143348.6,0.0,7.650165
C,4,45,Write-heavy,0.1,0.5,29,300,8700,41.75,156,3,313.893,121.964,6.729,17.4,148610.6,0.0,7.650165
C,4,45,Write-heavy,0.1,0.5,30,300,9000,77.5,189,4,313.893,120.482,7.806,20.5,128112.0,0.0,7.650165
C,4,45,Write-heavy,0.1,0.5,31,300,9300,135.571,262,12,313.893,120.969,9.267,27.1,107909.8,0.0,7.650165
C,4,45,Write-heavy,0.1,0.5,32,300,9600,112.1,265,11,313.893,120.691,10.267,23.0,97396.2,0.0,7.650165
C,4,45,Write-heavy,0.1,0.5,33,300,9900,205.19,372,25,313.893,123.252,12.188,37.4,82047.9,0.0,7.650165
C,4,45,Write-heavy,0.1,0.5,34,300,10200,169.952,404,19,313.893,124.626,17.416,38.7,57417.4,0.0,7.650165
C,4,45,Write-heavy,0.1,0.5,35,300,10500,177.304,459,4,313.893,126.131,13.798,36.5,72476.0,0.0,7.650165
C,4,45,Write-heavy,0.1,0.5,36,300,10800,233.379,491,19,313.893,129.11,15.72,49.5,63614.6,0.0,7.650165
C,4,45,Write-heavy,0.1,0.5,37,300,11100,284.111,586,23,313.893,133.299,16.461,59.7,60749.6,0.0,7.650165
C,4,45,Write-heavy,0.1,0.5,38,300,11400,277.8,653,8,313.893,137.102,18.046,57.6,55415.0,0.0,7.650165
C,4,45,Write-heavy,0.1,0.5,39,300,11700,238.897,688,16,313.893,139.712,19.46,63.1,51386.6,0.0,7.650165
C,4,45,Write-heavy,0.1,0.5,40,300,12000,251.25,766,6,313.893,142.5,28.107,64.2,35578.3,0.003788,7.650165
C,4,45,Write-heavy,0.1,0.5,41,300,12300,55.938,130,4,313.893,140.389,8.897,28.2,112393.2,0.0,7.650165
C,4,45,Write-heavy,0.1,0.5,42,300,12600,94.286,247,5,313.893,139.291,8.529,25.1,117251.7,0.0,7.650165
C,4,45,Write-heavy,0.1,0.5,43,300,12900,114.269,253,3,313.893,138.709,9.674,30.0,103373.4,0.0,7.650165
C,4,45,Write-heavy,0.1,0.5,44,300,13200,165.308,433,7,313.893,139.314,11.726,34.6,85278.1,0.0,7.650165
C,4,45,Write-heavy,0.1,0.5,45,300,13500,164.655,470,2,313.893,139.877,12.597,44.0,79386.1,0.0,7.650165
C,4,45,Write-heavy,0.1,0.5,46,300,13800,286.686,584,6,313.893,143.068,15.221,55.6,65700.1,0.0,7.650165
C,4,45,Write-heavy,0.1,0.5,47,300,14100,258.903,655,3,313.893,145.533,22.47,72.2,44504.5,0.0,7.650165
C,4,45,Write-heavy,0.1,0.5,48,300,14400,318.686,722,24,318.686,149.14,18.384,70.9,54394.1,0.0,7.650165
C,4,45,Write-heavy,0.1,0.5,49,300,14700,284.292,734,8,318.686,151.899,20.085,68.4,49788.4,0.0,7.650165
C,4,45,Write-heavy,0.1,0.5,50,300,15000,400.938,903,10,400.938,156.879,22.672,90.3,44107.3,0.0,7.650165
C,4,45,Write-heavy,0.1,0.5,51,300,15300,440.03,1003,19,440.03,162.431,24.617,108.2,40622.3,0.0,7.650165
C,4,45,Write-heavy,0.1,0.5,52,300,15600,378.839,1057,7,440.03,166.593,28.709,114.7,34831.9,0.0,7.650165
C,4,45,Write-heavy,0.1,0.5,53,300,15900,494.714,1238,30,494.714,172.784,26.248,113.9,38097.7,0.0,7.650165
C,4,45,Write-heavy,0.1,0.5,54,300,16200,231.771,1237,4,494.714,173.876,26.57,135.9,37636.4,0.003774,7.650165
C,4,45,Write-heavy,0.1,0.5,55,300,16500,80.48,204,10,494.714,172.178,9.272,49.1,107855.5,0.0,7.650165
C,4,45,Write-heavy,0.1,0.5,56,300,16800,152,321,8,494.714,171.818,12.083,32.8,82758.6,0.0,7.650165
C,4,45,Write-heavy,0.1,0.5,57,300,17100,181.1,444,11,494.714,171.981,12.736,44.6,78515.6,0.0,7.650165
C,4,45,Write-heavy,0.1,0.5,58,300,17400,240.639,533,2,494.714,173.165,15.614,53.0,64045.1,0.0,7.650165
C,4,45,Write-heavy,0.1,0.5,59,300,17700,208.552,639,3,494.714,173.764,16.84,50.7,59383.6,0.0,7.650165
C,4,45,Write-heavy,0.1,0.5,60,300,18000,309.68,720,15,494.714,176.03,19.08,71.1,52411.8,0.0,7.650165
C,4,45,Write-heavy,0.1,0.5,61,300,18300,348.25,870,2,494.714,178.853,26.98,88.3,37064.5,0.0,7.650165
C,4,45,Write-heavy,0.1,0.5,62,300,18600,370.833,982,1,494.714,181.949,22.695,94.5,44062.6,0.0,7.650165
C,4,45,Write-heavy,0.1,0.5,63,300,18900,416.222,1118,9,494.714,185.668,25.611,102.4,39045.7,0.0,7.650165
C,4,45,Write-heavy,0.1,0.5,64,300,19200,459.105,1211,5,494.714,189.94,28.879,124.3,34626.8,0.0,7.650165
C,4,45,Write-heavy,0.1,0.5,65,300,19500,587.708,1283,20,587.708,196.06,29.349,111.4,34072.3,0.0,7.650165
C,4,45,Write-heavy,0.1,0.5,66,300,19800,683.71,1431,9,683.71,203.449,33.423,134.6,29919.2,0.0,7.650165
C,4,45,Write-heavy,0.1,0.5,67,300,20100,531.133,1456,1,683.71,208.339,38.39,142.2,26048.7,0.003704,7.650165
C,4,45,Write-heavy,0.1,0.5,68,300,20400,69.292,138,12,683.71,206.295,7.88,50.6,126903.5,0.0,7.650165
C,4,45,Write-heavy,0.1,0.5,69,300,20700,108.714,261,15,683.71,204.88,10.267,24.6,97402.6,0.0,7.650165
C,4,45,Write-heavy,0.1,0.5,70,300,21000,177.611,413,7,683.71,204.491,13.821,37.6,72353.7,0.0,7.650165
C,4,45,Write-heavy,0.1,0.5,71,300,21300,214.324,511,5,683.71,204.629,14.991,51.7,66708.2,0.0,7.650165
C,4,45,Write-heavy,0.1,0.5,72,300,21600,241.081,615,6,683.71,205.136,17.376,54.5,57551.8,0.0,7.650165
C,4,45,Write-heavy,0.1,0.5,73,300,21900,398.037,745,24,683.71,207.778,19.911,67.5,50224.3,0.0,7.650165
C,4,45,Write-heavy,0.1,0.5,74,300,22200,389.25,828,24,683.71,210.23,29.175,106.5,34275.5,0.0,7.650165
C,4,45,Write-heavy,0.1,0.5,75,300,22500,523.806,1055,5,683.71,214.411,26.354,100.3,37944.4,0.0,7.650165
C,4,45,Write-heavy,0.1,0.5,76,300,22800,560.958,1138,3,683.71,218.971,29.294,105.7,34137.1,0.0,7.650165
C,4,45,Write-heavy,0.1,0.5,77,300,23100,558.357,1199,9,683.71,223.379,30.669,113.5,32605.9,0.0,7.650165
C,4,45,Write-heavy,0.1,0.5,78,300,23400,770.12,1386,15,770.12,230.388,34.922,138.0,28635.5,0.0,7.650165
C,4,45,Write-heavy,0.1,0.5,79,300,23700,605.517,1518,3,770.12,235.137,34.162,134.7,29272.3,0.0,7.650165
C,4,45,Write-heavy,0.1,0.5,80,300,24000,484.741,1551,2,770.12,238.257,44.526,157.0,22459.0,0.003663,7.650165
C,4,45,Write-heavy,0.1,0.5,81,300,24300,32.84,140,3,770.12,235.721,6.893,51.2,145074.8,0.0,7.650165
C,4,45,Write-heavy,0.1,0.5,82,300,24600,113.042,264,8,770.12,234.225,8.997,51.1,111152.2,0.0,7.650165
C,4,45,Write-heavy,0.1,0.5,83,300,24900,127.296,374,12,770.12,232.936,11.779,51.1,84896.9,0.0,7.650165
C,4,45,Write-heavy,0.1,0.5,84,100,25000,240.2,391,38,770.12,233.023,12.674,39.4,78901.7,0.0,7.650165
C,4,45,Insert-flood,0.02,0.97,1,300,300,18,45,4,18,18,17.538,45.3,57020.1,0.003401,7.21891
C,4,45,Insert-flood,0.02,0.97,2,300,600,25.4,51,13,25.4,21.7,7.449,20.0,134252.2,0.0,7.21891
C,4,45,Insert-flood,0.02,0.97,3,300,900,44,139,2,44,29.133,7.562,28.8,132246.0,0.0,7.21891
C,4,45,Insert-flood,0.02,0.97,4,300,1200,89.571,197,3,89.571,44.243,13.579,20.5,73643.1,0.0,7.21891
C,4,45,Insert-flood,0.02,0.97,5,300,1500,200,221,179,200,75.394,12.565,25.3,79584.0,0.0,7.21891
C,4,45,Insert-flood,0.02,0.97,6,300,1800,258.5,598,93,258.5,105.912,16.323,33.3,61262.0,0.0,7.21891
C,4,45,Insert-flood,0.02,0.97,7,300,2100,283.889,668,79,283.889,131.337,25.628,66.8,39019.3,0.003436,7.21891
C,4,45,Insert-flood,0.02,0.97,8,300,2400,33,61,5,283.889,119.045,8.962,47.7,111582.2,0.0,7.21891
C,4,45,Insert-flood,0.02,0.97,9,300,2700,90.333,198,24,283.889,115.855,8.85,21.7,112998.6,0.0,7.21891
C,4,45,Insert-flood,0.02,0.97,10,300,3000,136.25,330,13,283.889,117.894,8.614,34.4,116090.0,0.0,7.21891
C,4,45,Insert-flood,0.02,0.97,11,300,3300,166,281,51,283.889,122.268,15.252,27.3,65565.2,0.0,7.21891
C,4,45,Insert-flood,0.02,0.97,12,300,3600,153.889,339,10,283.889,124.903,14.499,30.4,68970.3,0.0,7.21891
C,4,45,Insert-flood,0.02,0.97,13,300,3900,303.333,549,36,303.333,138.628,16.017,52.4,62432.4,0.0,7.21891
C,4,45,Insert-flood,0.02,0.97,14,300,4200,325.6,590,125,325.6,151.983,23.678,61.5,42232.7,0.00339,7.21891
C,4,45,Insert-flood,0.02,0.97,15,300,4500,28.833,53,5,325.6,143.773,10.095,27.3,99059.0,0.0,7.21891
C,4,45,Insert-flood,0.02,0.97,16,300,4800,30.5,76,3,325.6,136.694,8.242,24.8,121334.7,0.0,7.21891
C,4,45,Insert-flood,0.02,0.97,17,300,5100,71.5,113,2,325.6,132.859,8.689,20.3,115088.1,0.0,7.21891
C,4,45,Insert-flood,0.02,0.97,18,300,5400,196.25,297,85,325.6,136.381,16.448,29.5,60798.9,0.0,7.21891
C,4,45,Insert-flood,0.02,0.97,19,300,5700,253.5,434,84,325.6,142.545,19.232,42.9,51997.6,0.0,7.21891
C,4,45,Insert-flood,0.02,0.97,20,300,6000,380.7,869,47,380.7,154.452,20.185,76.1,49542.6,0.0,7.21891
C,4,45,Insert-flood,0.02,0.97,21,300,6300,311.571,619,16,380.7,161.934,28.846,62.5,34666.8,0.003413,7.21891
C,4,45,Insert-flood,0.02,0.97,22,300,6600,12.4,37,2,380.7,155.137,10.043,27.6,99575.1,0.0,7.21891
C,4,45,Insert-flood,0.02,0.97,23,300,6900,60,187,6,380.7,151.001,7.69,19.3,130033.3,0.0,7.21891
C,4,45,Insert-flood,0.02,0.97,24,300,7200,248.8,445,46,380.7,155.076,12.0,44.9,83335.6,0.0,7.21891
C,4,45,Insert-flood,0.02,0.97,25,300,7500,385.8,492,156,385.8,164.305,20.025,44.2,49938.4,0.0,7.21891
C,4,45,Insert-flood,0.02,0.97,26,300,7800,447.5,781,6,447.5,175.197,18.405,61.6,54334.1,0.0,7.21891
C,4,45,Insert-flood,0.02,0.97,27,300,8100,349.444,901,12,447.5,181.651,21.961,74.9,45535.3,0.0,7.21891
C,4,45,Insert-flood,0.02,0.97,28,300,8400,349.8,1038,14,447.5,187.656,29.307,87.5,34121.5,0.00339,7.21891
C,4,45,Insert-flood,0.02,0.97,29,300,8700,32.167,59,9,447.5,182.294,12.634,30.8,79149.4,0.0,7.21891
C,4,45,Insert-flood,0.02,0.97,30,300,9000,21,38,6,447.5,176.918,11.822,27.5,84585.7,0.0,7.21891
C,4,45,Insert-flood,0.02,0.97,31,300,9300,28.75,40,22,447.5,172.138,12.253,29.2,81612.7,0.0,7.21891
C,4,45,Insert-flood,0.02,0.97,32,300,9600,35.857,71,10,447.5,167.879,16.607,30.0,60216.8,0.003413,7.21891
C,4,45,Insert-flood,0.02,0.97,33,300,9900,45.429,102,9,447.5,164.169,6.734,17.4,148492.9,0.0,7.21891
C,4,45,Insert-flood,0.02,0.97,34,300,10200,138.667,284,14,447.5,163.419,10.86,28.1,92081.0,0.0,7.21891
C,4,45,Insert-flood,0.02,0.97,35,300,10500,207.429,463,15,447.5,164.676,22.561,55.3,44324.9,0.003413,7.21891
C,4,45,Insert-flood,0.02,0.97,36,300,10800,49.111,122,4,447.5,161.466,8.258,25.6,121099.5,0.0,7.21891
C,4,45,Insert-flood,0.02,0.97,37,300,11100,46.2,113,9,447.5,158.351,8.162,16.7,122524.0,0.0,7.21891
C,4,45,Insert-flood,0.02,0.97,38,300,11400,56.889,168,9,447.5,155.681,7.996,16.4,125062.6,0.0,7.21891
C,4,45,Insert-flood,0.02,0.97,39,300,11700,177,357,80,447.5,156.227,16.987,27.6,58867.4,0.0,7.21891
C,4,45,Insert-flood,0.02,0.97,40,300,12000,247.286,445,11,447.5,158.504,16.491,44.9,60640.4,0.0,7.21891
C,4,45,Insert-flood,0.02,0.97,41,300,12300,432.5,623,170,447.5,165.187,20.887,55.8,47876.7,0.0,7.21891
C,4,45,Insert-flood,0.02,0.97,42,300,12600,271,730,15,447.5,167.706,31.78,75.6,31466.3,0.00339,7.21891
C,4,45,Insert-flood,0.02,0.97,43,300,12900,35.286,80,5,447.5,164.626,11.43,59.1,87486.5,0.0,7.21891
C,4,45,Insert-flood,0.02,0.97,44,300,13200,25.5,34,17,447.5,161.464,9.851,26.4,101516.0,0.0,7.21891
C,4,45,Insert-flood,0.02,0.97,45,300,13500,12,20,4,447.5,158.143,7.3,22.2,136980.2,0.0,7.21891
C,4,45,Insert-flood,0.02,0.97,46,300,13800,97.333,193,29,447.5,156.821,17.478,20.8,57215.9,0.0,7.21891
C,4,45,Insert-flood,0.02,0.97,47,300,14100,52.333,108,20,447.5,154.598,8.715,23.3,114749.0,0.0,7.21891
C,4,45,Insert-flood,0.02,0.97,48,300,14400,122.5,301,37,447.5,153.929,10.063,23.7,99373.9,0.0,7.21891
C,4,45,Insert-flood,0.02,0.97,49,300,14700,99,292,2,447.5,152.808,24.36,87.5,41050.9,0.003413,7.21891
C,4,45,Insert-flood,0.02,0.97,50,300,15000,26.333,35,15,447.5,150.279,8.225,19.9,121585.5,0.0,7.21891
C,4,45,Insert-flood,0.02,0.97,51,300,15300,137.571,440,26,447.5,150.03,12.2,51.1,81967.2,0.0,7.21891
C,4,45,Insert-flood,0.02,0.97,52,300,15600,213.4,478,3,447.5,151.248,21.652,50.8,46185.1,0.0,7.21891
C,4,45,Insert-flood,0.02,0.97,53,300,15900,289,689,21,447.5,153.847,19.042,45.6,52516.4,0.0,7.21891
C,4,45,Insert-flood,0.02,0.97,54,300,16200,480.6,1027,2,480.6,159.898,23.127,98.7,43240.1,0.0,7.21891
C,4,45,Insert-flood,0.02,0.97,55,300,16500,470,931,9,480.6,165.536,24.928,67.9,40115.0,0.0,7.21891
C,4,45,Insert-flood,0.02,0.97,56,300,16800,58.2,157,5,480.6,163.62,18.064,61.5,55357.7,0.00339,7.21891
C,4,45,Insert-flood,0.02,0.97,57,300,17100,23.5,44,11,480.6,161.162,12.572,62.3,79539.8,0.0,7.21891
C,4,45,Insert-flood,0.02,0.97,58,300,17400,41.5,98,10,480.6,159.098,7.981,27.2,125297.6,0.0,7.21891
C,4,45,Insert-flood,0.02,0.97,59,300,17700,84,84,84,480.6,157.826,13.236,20.7,75551.5,0.0,7.21891
C,4,45,Insert-flood,0.02,0.97,60,300,18000,83,134,41,480.6,156.578,7.49,20.3,133517.3,0.0,7.21891
C,4,45,Insert-flood,0.02,0.97,61,300,18300,105.875,225,15,480.6,155.747,10.084,23.3,99167.0,0.0,7.21891
C,4,45,Insert-flood,0.02,0.97,62,300,18600,255.5,370,23,480.6,157.356,13.273,35.2,75340.9,0.0,7.21891
C,4,45,Insert-flood,0.02,0.97,63,300,18900,54.5,169,4,480.6,155.724,22.007,64.1,45439.4,0.003378,7.21891
C,4,45,Insert-flood,0.02,0.97,64,300,19200,152.6,202,51,480.6,155.675,9.324,23.5,107250.1,0.0,7.21891
C,4,45,Insert-flood,0.02,0.97,65,300,19500,212.286,418,42,480.6,156.546,13.007,26.2,76883.6,0.0,7.21891
C,4,45,Insert-flood,0.02,0.97,66,300,19800,289.5,704,14,480.6,158.56,24.923,67.2,40124.1,0.0,7.21891
C,4,45,Insert-flood,0.02,0.97,67,300,20100,204.857,437,31,480.6,159.251,21.789,44.8,45895.4,0.0,7.21891
C,4,45,Insert-flood,0.02,0.97,68,300,20400,81.333,158,33,480.6,158.105,25.47,60.2,39262.4,0.0,7.21891
C,4,45,Insert-flood,0.02,0.97,69,300,20700,820.5,1218,61,820.5,167.705,31.191,112.1,32060.2,0.0,7.21891
C,4,45,Insert-flood,0.02,0.97,70,300,21000,331.667,1328,4,820.5,170.047,29.065,136.6,34405.6,0.003436,7.21891
C,4,45,Insert-flood,0.02,0.97,71,300,21300,44.429,147,10,820.5,168.278,8.143,30.8,122799.7,0.0,7.21891
C,4,45,Insert-flood,0.02,0.97,72,300,21600,104.444,221,18,820.5,167.392,9.036,31.3,110668.4,0.0,7.21891
C,4,45,Insert-flood,0.02,0.97,73,300,21900,91.25,327,22,820.5,166.349,18.244,30.5,54811.5,0.0,7.21891
C,4,45,Insert-flood,0.02,0.97,74,300,22200,56.8,114,8,820.5,164.868,15.515,34.1,64455.1,0.0,7.21891
C,4,45,Insert-flood,0.02,0.97,75,300,22500,516.375,865,93,820.5,169.555,19.482,71.3,51328.6,0.0,7.21891
C,4,45,Insert-flood,0.02,0.97,76,300,22800,400,737,49,820.5,172.587,23.11,58.1,43271.3,0.0,7.21891
C,4,45,Insert-flood,0.02,0.97,77,300,23100,88.3,476,6,820.5,171.492,23.959,79.3,41738.5,0.003448,7.21891
C,4,45,Insert-flood,0.02,0.97,78,300,23400,89.333,157,22,820.5,170.439,8.792,25.0,113735.5,0.0,7.21891
C,4,45,Insert-flood,0.02,0.97,79,300,23700,172.111,484,7,820.5,170.46,12.986,36.3,77004.0,0.0,7.21891
C,4,45,Insert-flood,0.02,0.97,80,300,24000,97.5,131,64,820.5,169.548,24.102,35.5,41490.9,0.0,7.21891
C,4,45,Insert-flood,0.02,0.97,81,300,24300,417.727,721,30,820.5,172.612,21.032,62.9,47545.8,0.0,7.21891
C,4,45,Insert-flood,0.02,0.97,82,300,24600,534.5,803,16,820.5,177.026,26.015,76.8,38439.9,0.0,7.21891
C,4,45,Insert-flood,0.02,0.97,83,300,24900,564.667,956,113,820.5,181.696,41.998,123.0,23810.5,0.0,7.21891
C,4,45,Insert-flood,0.02,0.97,84,100,25000,0.0,0.0,0.0,820.5,179.533,63.188,3904.7,15825.8,0.01,7.21891
C,4,45,Delete-flood,0.02,0.05,1,300,300,15,17,13,15,15,20.692,54.7,48327.9,0.003356,1.33845
C,4,45,Delete-flood,0.02,0.05,2,300,600,28,48,3,28,21.5,8.976,31.4,111408.1,0.0,1.33845
C,4,45,Delete-flood,0.02,0.05,3,300,900,35.125,48,10,35.125,26.042,8.955,25.1,111669.5,0.0,1.33845
C,4,45,Delete-flood,0.02,0.05,4,300,1200,30.556,53,3,35.125,27.17,8.526,21.8,117292.8,0.0,1.33845
C,4,45,Delete-flood,0.02,0.05,5,300,1500,35.3,60,12,35.3,28.796,9.034,34.2,110692.9,0.0,1.33845
C,4,45,Delete-flood,0.02,0.05,6,300,1800,29.714,59,10,35.3,28.949,9.099,22.3,109906.2,0.0,1.33845
C,4,45,Delete-flood,0.02,0.05,7,300,2100,31.667,59,5,35.3,29.337,8.435,20.3,118558.3,0.0,1.33845
C,4,45,Delete-flood,0.02,0.05,8,300,2400,30,53,11,35.3,29.42,8.497,27.6,117688.5,0.0,1.33845
C,4,45,Delete-flood,0.02,0.05,9,300,2700,36.25,53,8,36.25,30.179,8.934,23.0,111927.8,0.0,1.33845
C,4,45,Delete-flood,0.02,0.05,10,300,3000,33,65,13,36.25,30.461,8.795,21.1,113705.3,0.0,1.33845
C,4,45,Delete-flood,0.02,0.05,11,300,3300,34.625,71,12,36.25,30.84,9.06,24.3,110371.2,0.0,1.33845
C,4,45,Delete-flood,0.02,0.05,12,300,3600,40.625,83,12,40.625,31.655,8.722,24.5,114648.2,0.0,1.33845
C,4,45,Delete-flood,0.02,0.05,13,300,3900,46,73,10,46,32.759,8.305,21.1,120409.5,0.0,1.33845
C,4,45,Delete-flood,0.02,0.05,14,300,4200,50,100,27,50,33.99,9.164,23.4,109126.6,0.0,1.33845
C,4,45,Delete-flood,0.02,0.05,15,300,4500,39.167,95,7,50,34.335,9.555,23.4,104657.2,0.0,1.33845
C,4,45,Delete-flood,0.02,0.05,16,300,4800,34.167,76,10,50,34.325,8.56,21.3,116817.9,0.0,1.33845
C,4,45,Delete-flood,0.02,0.05,17,300,5100,35,81,8,50,34.364,9.239,40.2,108240.7,0.0,1.33845
C,4,45,Delete-flood,0.02,0.05,18,300,5400,14,17,11,50,33.233,8.876,20.2,112663.4,0.0,1.33845
C,4,45,Delete-flood,0.02,0.05,19,300,5700,55.778,119,14,55.778,34.42,8.991,21.6,111226.4,0.0,1.33845
C,4,45,Delete-flood,0.02,0.05,20,300,6000,57.75,114,21,57.75,35.586,9.772,28.0,102329.7,0.0,1.33845
C,4,45,Delete-flood,0.02,0.05,21,300,6300,41.8,91,12,57.75,35.882,9.031,26.3,110733.7,0.0,1.33845
C,4,45,Delete-flood,0.02,0.05,22,300,6600,60.4,109,17,60.4,36.996,9.088,22.2,110031.1,0.0,1.33845
C,4,45,Delete-flood,0.02,0.05,23,300,6900,48.917,135,4,60.4,37.515,9.616,23.8,103989.7,0.0,1.33845
C,4,45,Delete-flood,0.02,0.05,24,300,7200,70.5,135,6,70.5,38.889,8.975,22.8,111416.6,0.0,1.33845
C,4,45,Delete-flood,0.02,0.05,25,300,7500,27.833,37,23,70.5,38.447,8.784,23.3,113847.7,0.0,1.33845
C,4,45,Delete-flood,0.02,0.05,26,300,7800,50.25,126,3,70.5,38.901,9.593,26.6,104242.7,0.0,1.33845
C,4,45,Delete-flood,0.02,0.05,27,300,8100,48.667,111,8,70.5,39.263,9.093,22.3,109974.8,0.0,1.33845
C,4,45,Delete-flood,0.02,0.05,28,300,8400,41.833,102,16,70.5,39.354,9.338,26.3,107085.5,0.0,1.33845
C,4,45,Delete-flood,0.02,0.05,29,300,8700,22.5,47,9,70.5,38.773,10.008,27.3,99923.4,0.0,1.33845
C,4,45,Delete-flood,0.02,0.05,30,300,9000,64.2,146,3,70.5,39.621,9.779,24.0,102256.5,0.0,1.33845
C,4,45,Delete-flood,0.02,0.05,31,300,9300,31.2,58,15,70.5,39.349,9.734,24.6,102729.2,0.0,1.33845
C,4,45,Delete-flood,0.02,0.05,32,300,9600,41.2,104,6,70.5,39.407,9.222,24.8,108440.2,0.0,1.33845
C,4,45,Delete-flood,0.02,0.05,33,300,9900,35.667,60,8,70.5,39.294,9.297,22.9,107561.6,0.0,1.33845
C,4,45,Delete-flood,0.02,0.05,34,300,10200,32.4,68,12,70.5,39.091,10.054,29.6,99466.2,0.0,1.33845
C,4,45,Delete-flood,0.02,0.05,35,300,10500,35.75,63,16,70.5,38.995,9.624,31.7,103906.9,0.0,1.33845
C,4,45,Delete-flood,0.02,0.05,36,300,10800,24.25,30,11,70.5,38.586,9.171,22.7,109035.4,0.0,1.33845
C,4,45,Delete-flood,0.02,0.05,37,300,11100,54.4,148,9,70.5,39.013,9.815,36.8,101881.4,0.0,1.33845
C,4,45,Delete-flood,0.02,0.05,38,300,11400,41.5,58,25,70.5,39.079,9.77,22.7,102357.6,0.0,1.33845
C,4,45,Delete-flood,0.02,0.05,39,300,11700,54.75,132,9,70.5,39.48,9.226,23.0,108389.2,0.0,1.33845
C,4,45,Delete-flood,0.02,0.05,40,300,12000,38.6,107,16,70.5,39.458,9.849,28.6,101533.1,0.0,1.33845
C,4,45,Delete-flood,0.02,0.05,41,300,12300,47.5,125,11,70.5,39.655,9.629,23.4,103853.0,0.0,1.33845
C,4,45,Delete-flood,0.02,0.05,42,300,12600,23,40,10,70.5,39.258,10.044,25.4,99558.6,0.0,1.33845
C,4,45,Delete-flood,0.02,0.05,43,300,12900,62.444,169,10,70.5,39.797,9.206,21.9,108624.8,0.0,1.33845
C,4,45,Delete-flood,0.02,0.05,44,300,13200,55.571,179,2,70.5,40.156,7.891,21.5,126721.4,0.0,1.33845
C,4,45,Delete-flood,0.02,0.05,45,300,13500,44.143,172,4,70.5,40.244,6.599,20.7,151545.9,0.0,1.33845
C,4,45,Delete-flood,0.02,0.05,46,300,13800,34,155,3,70.5,40.109,6.736,21.3,148463.4,0.0,1.33845
C,4,45,Delete-flood,0.02,0.05,47,300,14100,22,139,3,70.5,39.723,6.902,20.9,144878.6,0.0,1.33845
C,4,45,Delete-flood,0.02,0.05,48,300,14400,14.6,27,4,70.5,39.2,6.595,18.8,151630.0,0.0,1.33845
C,4,45,Delete-flood,0.02,0.05,49,300,14700,64.091,208,5,70.5,39.708,7.037,22.7,142112.7,0.0,1.33845
C,4,45,Delete-flood,0.02,0.05,50,300,15000,24.429,40,8,70.5,39.402,6.592,17.1,151699.1,0.0,1.33845
C,4,45,Delete-flood,0.02,0.05,51,300,15300,67.375,151,3,70.5,39.951,12.228,25.0,81781.8,0.0,1.33845
C,4,45,Delete-flood,0.02,0.05,52,300,15600,54.25,151,10,70.5,40.226,7.212,20.1,138651.4,0.0,1.33845
C,4,45,Delete-flood,0.02,0.05,53,300,15900,68.75,202,9,70.5,40.764,7.031,21.8,142220.7,0.0,1.33845
C,4,45,Delete-flood,0.02,0.05,54,300,16200,33.125,65,10,70.5,40.623,7.574,17.5,132024.8,0.0,1.33845
C,4,45,Delete-flood,0.02,0.05,55,300,16500,69,209,13,70.5,41.138,7.177,20.7,139327.5,0.0,1.33845
C,4,45,Delete-flood,0.02,0.05,56,300,16800,86.2,225,12,86.2,41.943,7.571,30.9,132077.0,0.0,1.33845
C,4,45,Delete-flood,0.02,0.05,57,300,17100,54.2,149,6,86.2,42.158,7.361,16.7,135857.3,0.0,1.33845
C,4,45,Delete-flood,0.02,0.05,58,300,17400,39.8,71,12,86.2,42.118,7.761,20.3,128855.0,0.0,1.33845
C,4,45,Delete-flood,0.02,0.05,59,300,17700,41.5,78,10,86.2,42.107,7.96,22.7,125628.1,0.0,1.33845
C,4,45,Delete-flood,0.02,0.05,60,300,18000,69.714,233,17,86.2,42.567,7.441,23.9,134390.6,0.0,1.33845
C,4,45,Delete-flood,0.02,0.05,61,300,18300,39.25,87,13,86.2,42.513,7.852,17.6,127356.0,0.0,1.33845
C,4,45,Delete-flood,0.02,0.05,62,300,18600,62.625,98,8,86.2,42.837,8.14,20.3,122850.1,0.0,1.33845
C,4,45,Delete-flood,0.02,0.05,63,300,18900,46,98,17,86.2,42.887,8.133,18.2,122955.8,0.0,1.33845
C,4,45,Delete-flood,0.02,0.05,64,300,19200,64.4,108,21,86.2,43.224,8.032,18.9,124507.1,0.0,1.33845
C,4,45,Delete-flood,0.02,0.05,65,300,19500,66.286,158,18,86.2,43.578,8.434,25.1,118563.0,0.0,1.33845
C,4,45,Delete-flood,0.02,0.05,66,300,19800,129.5,260,57,129.5,44.88,8.216,21.7,121718.7,0.0,1.33845
C,4,45,Delete-flood,0.02,0.05,67,300,20100,70.571,125,16,129.5,45.264,8.683,28.4,115163.1,0.0,1.33845
C,4,45,Delete-flood,0.02,0.05,68,300,20400,109.75,145,34,129.5,46.212,9.037,25.1,110652.2,0.0,1.33845
C,4,45,Delete-flood,0.02,0.05,69,300,20700,120.75,156,94,129.5,47.292,8.32,20.6,120192.3,0.0,1.33845
C,4,45,Delete-flood,0.02,0.05,70,300,21000,47.333,100,29,129.5,47.293,8.1,19.9,123456.7,0.0,1.33845
C,4,45,Delete-flood,0.02,0.05,71,300,21300,95,157,26,129.5,47.965,8.359,21.6,119626.8,0.0,1.33845
C,4,45,Delete-flood,0.02,0.05,72,300,21600,67.778,129,26,129.5,48.24,7.952,21.8,125749.2,0.0,1.33845
C,4,45,Delete-flood,0.02,0.05,73,300,21900,59.5,123,7,129.5,48.394,8.185,18.8,122179.7,0.0,1.33845
C,4,45,Delete-flood,0.02,0.05,74,300,22200,97.833,203,33,129.5,49.062,8.786,24.4,113821.9,0.0,1.33845
C,4,45,Delete-flood,0.02,0.05,75,300,22500,99.714,156,10,129.5,49.738,8.298,16.6,120515.8,0.0,1.33845
C,4,45,Delete-flood,0.02,0.05,76,300,22800,52.125,172,7,129.5,49.769,8.321,19.0,120177.9,0.0,1.33845
C,4,45,Delete-flood,0.02,0.05,77,300,23100,76.2,165,12,129.5,50.112,8.496,21.6,117702.5,0.0,1.33845
C,4,45,Delete-flood,0.02,0.05,78,300,23400,52.429,151,6,129.5,50.142,8.607,19.8,116180.0,0.0,1.33845
C,4,45,Delete-flood,0.02,0.05,79,300,23700,73.333,164,9,129.5,50.436,8.165,17.9,122468.9,0.0,1.33845
C,4,45,Delete-flood,0.02,0.05,80,300,24000,132,196,23,132,51.455,8.967,24.3,111520.0,0.0,1.33845
C,4,45,Delete-flood,0.02,0.05,81,300,24300,103,154,43,132,52.091,8.642,18.8,115709.5,0.0,1.33845
C,4,45,Delete-flood,0.02,0.05,82,300,24600,110.625,185,5,132,52.805,9.063,21.4,110342.8,0.0,1.33845
C,4,45,Delete-flood,0.02,0.05,83,300,24900,199,267,120,199,54.567,8.95,26.2,111727.6,0.0,1.33845
C,4,45,Delete-flood,0.02,0.05,84,100,25000,54,54,54,199,54.56,8.849,19.1,113007.3,0.0,1.33845