bench,run,seed,pattern,workload,snapshot,executed_ops,n,seg_count,bad_shortcuts,bad_junctions,B2_ok,B3_ok,cumul_violations
B,1,42,Random,Balanced,1,300,30092,87,0,0,1,1,0
B,1,42,Random,Balanced,2,600,30187,87,0,0,1,1,0
B,1,42,Random,Balanced,3,900,30271,87,0,0,1,1,0
B,1,42,Random,Balanced,4,1200,30374,87,0,0,1,1,0
B,1,42,Random,Balanced,5,1500,30457,87,0,0,1,1,0
B,1,42,Random,Balanced,6,1800,30562,87,0,0,1,1,0
B,1,42,Random,Balanced,7,2100,30663,87,0,0,1,1,0
B,1,42,Random,Balanced,8,2400,30759,87,0,0,1,1,0
B,1,42,Random,Balanced,9,2700,30851,87,0,0,1,1,0
B,1,42,Random,Balanced,10,3000,30953,87,0,0,1,1,0
B,1,42,Random,Balanced,11,3300,31056,87,0,0,1,1,0
B,1,42,Random,Balanced,12,3600,31141,87,0,0,1,1,0
B,1,42,Random,Balanced,13,3900,31253,87,0,0,1,1,0
B,1,42,Random,Balanced,14,4200,31362,87,0,0,1,1,0
B,1,42,Random,Balanced,15,4500,31461,87,0,0,1,1,0
B,1,42,Random,Balanced,16,4800,31568,87,0,0,1,1,0
B,1,42,Random,Balanced,17,5100,31666,87,0,0,1,1,0
B,1,42,Random,Balanced,18,5400,31761,87,0,0,1,1,0
B,1,42,Random,Balanced,19,5700,31854,87,0,0,1,1,0
B,1,42,Random,Balanced,20,6000,31946,87,0,0,1,1,0
B,1,42,Random,Balanced,21,6300,32045,93,0,0,1,1,0
B,1,42,Random,Balanced,22,6600,32142,93,0,0,1,1,0
B,1,42,Random,Balanced,23,6900,32240,93,0,0,1,1,0
B,1,42,Random,Balanced,24,7200,32342,93,0,0,1,1,0
B,1,42,Random,Balanced,25,7500,32451,93,0,0,1,1,0
B,1,42,Random,Balanced,26,7800,32534,93,0,0,1,1,0
B,1,42,Random,Balanced,27,8100,32645,93,0,0,1,1,0
B,1,42,Random,Balanced,28,8400,32737,93,0,0,1,1,0
B,1,42,Random,Balanced,29,8700,32842,93,0,0,1,1,0
B,1,42,Random,Balanced,30,9000,32937,93,0,0,1,1,0
B,1,42,Random,Balanced,31,9300,33038,93,0,0,1,1,0
B,1,42,Random,Balanced,32,9600,33137,93,0,0,1,1,0
B,1,42,Random,Balanced,33,9900,33235,93,0,0,1,1,0
B,1,42,Random,Balanced,34,10200,33324,93,0,0,1,1,0
B,1,42,Random,Balanced,35,10500,33407,93,0,0,1,1,0
B,1,42,Random,Balanced,36,10800,33509,93,0,0,1,1,0
B,1,42,Random,Balanced,37,11100,33609,93,0,0,1,1,0
B,1,42,Random,Balanced,38,11400,33704,93,0,0,1,1,0
B,1,42,Random,Balanced,39,11700,33808,93,0,0,1,1,0
B,1,42,Random,Balanced,40,12000,33904,93,0,0,1,1,0
B,1,42,Random,Balanced,41,12300,34017,100,0,0,1,1,0
B,1,42,Random,Balanced,42,12600,34116,100,0,0,1,1,0
B,1,42,Random,Balanced,43,12900,34212,100,0,0,1,1,0
B,1,42,Random,Balanced,44,13200,34318,100,0,0,1,1,0
B,1,42,Random,Balanced,45,13500,34416,100,0,0,1,1,0
B,1,42,Random,Balanced,46,13800,34513,100,0,0,1,1,0
B,1,42,Random,Balanced,47,14100,34620,100,0,0,1,1,0
B,1,42,Random,Balanced,48,14400,34714,100,0,0,1,1,0
B,1,42,Random,Balanced,49,14700,34811,100,0,0,1,1,0
B,1,42,Random,Balanced,50,15000,34885,100,0,0,1,1,0
B,1,42,Random,Balanced,51,15300,34986,100,0,0,1,1,0
B,1,42,Random,Balanced,52,15600,35074,100,0,0,1,1,0
B,1,42,Random,Balanced,53,15900,35173,100,0,0,1,1,0
B,1,42,Random,Balanced,54,16200,35250,100,0,0,1,1,0
B,1,42,Random,Balanced,55,16500,35352,100,0,0,1,1,0
B,1,42,Random,Balanced,56,16800,35443,100,0,0,1,1,0
B,1,42,Random,Balanced,57,17100,35549,100,0,0,1,1,0
B,1,42,Random,Balanced,58,17400,35650,100,0,0,1,1,0
B,1,42,Random,Balanced,59,17700,35750,100,0,0,1,1,0
B,1,42,Random,Balanced,60,18000,35846,100,0,0,1,1,0
B,1,42,Random,Balanced,61,18300,35939,106,0,0,1,1,0
B,1,42,Random,Balanced,62,18600,36031,106,0,0,1,1,0
B,1,42,Random,Balanced,63,18900,36130,106,0,0,1,1,0
B,1,42,Random,Balanced,64,19200,36228,106,-1,-1,0,0,1
B,1,42,Random,Balanced,65,19500,36315,106,0,0,1,1,1
B,1,42,Random,Balanced,66,19800,36409,106,0,0,1,1,1
B,1,42,Random,Balanced,67,20100,36497,106,0,0,1,1,1
B,1,42,Random,Balanced,68,20400,36603,106,0,0,1,1,1
B,1,42,Random,Balanced,69,20700,36698,106,0,0,1,1,1
B,1,42,Random,Balanced,70,21000,36803,106,0,0,1,1,1
B,1,42,Random,Balanced,71,21300,36899,106,0,0,1,1,1
B,1,42,Random,Balanced,72,21600,37005,106,0,0,1,1,1
B,1,42,Random,Balanced,73,21900,37104,106,0,0,1,1,1
B,1,42,Random,Balanced,74,22200,37198,106,0,0,1,1,1
B,1,42,Random,Balanced,75,22500,37282,106,0,0,1,1,1
B,1,42,Random,Balanced,76,22800,37391,106,0,0,1,1,1
B,1,42,Random,Balanced,77,23100,37490,106,0,0,1,1,1
B,1,42,Random,Balanced,78,23400,37599,106,0,0,1,1,1
B,1,42,Random,Balanced,79,23700,37713,106,0,0,1,1,1
B,1,42,Random,Balanced,80,24000,37809,106,0,0,1,1,1
B,1,42,Random,Balanced,81,24300,37912,116,0,0,1,1,1
B,1,42,Random,Balanced,82,24600,38000,116,0,0,1,1,1
B,1,42,Random,Balanced,83,24900,38097,116,0,0,1,1,1
B,1,42,Random,Balanced,84,25000,38128,116,0,0,1,1,1
B,1,42,Random,Insert-flood,1,300,30283,87,0,0,1,1,0
B,1,42,Random,Insert-flood,2,600,30568,87,-1,-1,0,0,1
B,1,42,Random,Insert-flood,3,900,30856,87,0,0,1,1,1
B,1,42,Random,Insert-flood,4,1200,31140,87,0,0,1,1,1
B,1,42,Random,Insert-flood,5,1500,31425,87,0,0,1,1,1
B,1,42,Random,Insert-flood,6,1800,31715,87,0,0,1,1,1
B,1,42,Random,Insert-flood,7,2100,31999,87,0,0,1,1,1
B,1,42,Random,Insert-flood,8,2400,32285,93,0,0,1,1,1
B,1,42,Random,Insert-flood,9,2700,32565,93,0,0,1,1,1
B,1,42,Random,Insert-flood,10,3000,32851,93,0,0,1,1,1
B,1,42,Random,Insert-flood,11,3300,33138,93,0,0,1,1,1
B,1,42,Random,Insert-flood,12,3600,33424,93,0,0,1,1,1
B,1,42,Random,Insert-flood,13,3900,33718,93,0,0,1,1,1
B,1,42,Random,Insert-flood,14,4200,34008,98,-1,-1,0,0,2
B,1,42,Random,Insert-flood,15,4500,34297,98,-1,-1,0,0,3
B,1,42,Random,Insert-flood,16,4800,34585,98,-1,-1,0,0,4
B,1,42,Random,Insert-flood,17,5100,34871,98,-1,-1,0,0,5
B,1,42,Random,Insert-flood,18,5400,35159,98,-1,-1,0,0,6
B,1,42,Random,Insert-flood,19,5700,35445,98,-1,-1,0,0,7
B,1,42,Random,Insert-flood,20,6000,35735,98,-1,-1,0,0,8
B,1,42,Random,Insert-flood,21,6300,36021,107,-1,-1,0,0,9
B,1,42,Random,Insert-flood,22,6600,36306,107,-1,-1,0,0,10
B,1,42,Random,Insert-flood,23,6900,36591,107,-1,-1,0,0,11
B,1,42,Random,Insert-flood,24,7200,36874,107,-1,-1,0,0,12
B,1,42,Random,Insert-flood,25,7500,37166,107,-1,-1,0,0,13
B,1,42,Random,Insert-flood,26,7800,37452,107,-1,-1,0,0,14
B,1,42,Random,Insert-flood,27,8100,37734,107,-1,-1,0,0,15
B,1,42,Random,Insert-flood,28,8400,38022,110,-1,-1,0,0,16
B,1,42,Random,Insert-flood,29,8700,38304,110,-1,-1,0,0,17
B,1,42,Random,Insert-flood,30,9000,38588,110,-1,-1,0,0,18
B,1,42,Random,Insert-flood,31,9300,38881,110,-1,-1,0,0,19
B,1,42,Random,Insert-flood,32,9600,39171,110,-1,-1,0,0,20
B,1,42,Random,Insert-flood,33,9900,39459,110,-1,-1,0,0,21
B,1,42,Random,Insert-flood,34,10200,39749,110,-1,-1,0,0,22
B,1,42,Random,Insert-flood,35,10500,40042,113,-1,-1,0,0,23
B,1,42,Random,Insert-flood,36,10800,40333,113,-1,-1,0,0,24
B,1,42,Random,Insert-flood,37,11100,40624,113,-1,-1,0,0,25
B,1,42,Random,Insert-flood,38,11400,40916,113,-1,-1,0,0,26
B,1,42,Random,Insert-flood,39,11700,41204,113,-1,-1,0,0,27
B,1,42,Random,Insert-flood,40,12000,41495,113,-1,-1,0,0,28
B,1,42,Random,Insert-flood,41,12300,41788,113,-1,-1,0,0,29
B,1,42,Random,Insert-flood,42,12600,42082,116,-1,-1,0,0,30
B,1,42,Random,Insert-flood,43,12900,42367,116,-1,-1,0,0,31
B,1,42,Random,Insert-flood,44,13200,42656,116,-1,-1,0,0,32
B,1,42,Random,Insert-flood,45,13500,42939,116,-1,-1,0,0,33
B,1,42,Random,Insert-flood,46,13800,43225,116,-1,-1,0,0,34
B,1,42,Random,Insert-flood,47,14100,43515,116,-1,-1,0,0,35
B,1,42,Random,Insert-flood,48,14400,43800,116,-1,-1,0,0,36
B,1,42,Random,Insert-flood,49,14700,44094,119,-1,-1,0,0,37
B,1,42,Random,Insert-flood,50,15000,44385,119,-1,-1,0,0,38
B,1,42,Random,Insert-flood,51,15300,44678,119,-1,-1,0,0,39
B,1,42,Random,Insert-flood,52,15600,44967,119,-1,-1,0,0,40
B,1,42,Random,Insert-flood,53,15900,45249,119,-1,-1,0,0,41
B,1,42,Random,Insert-flood,54,16200,45537,119,-1,-1,0,0,42
B,1,42,Random,Insert-flood,55,16500,45828,119,-1,-1,0,0,43
B,1,42,Random,Insert-flood,56,16800,46119,121,-1,-1,0,0,44
B,1,42,Random,Insert-flood,57,17100,46401,121,-1,-1,0,0,45
B,1,42,Random,Insert-flood,58,17400,46695,121,-1,-1,0,0,46
B,1,42,Random,Insert-flood,59,17700,46978,121,-1,-1,0,0,47
B,1,42,Random,Insert-flood,60,18000,47268,121,-1,-1,0,0,48
B,1,42,Random,Insert-flood,61,18300,47557,121,-1,-1,0,0,49
B,1,42,Random,Insert-flood,62,18600,47849,121,-1,-1,0,0,50
B,1,42,Random,Insert-flood,63,18900,48138,123,-1,-1,0,0,51
B,1,42,Random,Insert-flood,64,19200,48421,123,-1,-1,0,0,52
B,1,42,Random,Insert-flood,65,19500,48705,123,-1,-1,0,0,53
B,1,42,Random,Insert-flood,66,19800,48997,123,-1,-1,0,0,54
B,1,42,Random,Insert-flood,67,20100,49289,123,-1,-1,0,0,55
B,1,42,Random,Insert-flood,68,20400,49577,123,-1,-1,0,0,56
B,1,42,Random,Insert-flood,69,20700,49870,123,-1,-1,0,0,57
B,1,42,Random,Insert-flood,70,21000,50154,131,-1,-1,0,0,58
B,1,42,Random,Insert-flood,71,21300,50438,131,-1,-1,0,0,59
B,1,42,Random,Insert-flood,72,21600,50731,131,-1,-1,0,0,60
B,1,42,Random,Insert-flood,73,21900,51021,131,-1,-1,0,0,61
B,1,42,Random,Insert-flood,74,22200,51310,131,-1,-1,0,0,62
B,1,42,Random,Insert-flood,75,22500,51596,131,-1,-1,0,0,63
B,1,42,Random,Insert-flood,76,22800,51882,131,-1,-1,0,0,64
B,1,42,Random,Insert-flood,77,23100,52173,132,-1,-1,0,0,65
B,1,42,Random,Insert-flood,78,23400,52453,132,0,0,1,1,65
B,1,42,Random,Insert-flood,79,23700,52737,132,0,0,1,1,65
B,1,42,Random,Insert-flood,80,24000,53024,132,0,0,1,1,65
B,1,42,Random,Insert-flood,81,24300,53313,132,0,0,1,1,65
B,1,42,Random,Insert-flood,82,24600,53598,132,0,0,1,1,65
B,1,42,Random,Insert-flood,83,24900,53877,132,-1,-1,0,0,66
B,1,42,Random,Insert-flood,84,25000,53975,132,-1,-1,0,0,67
B,1,42,Random,Delete-flood,1,300,30007,87,0,0,1,1,0
B,1,42,Random,Delete-flood,2,600,30011,87,0,0,1,1,0
B,1,42,Random,Delete-flood,3,900,30025,87,0,0,1,1,0
B,1,42,Random,Delete-flood,4,1200,30036,87,0,0,1,1,0
B,1,42,Random,Delete-flood,5,1500,30058,87,0,0,1,1,0
B,1,42,Random,Delete-flood,6,1800,30071,87,0,0,1,1,0
B,1,42,Random,Delete-flood,7,2100,30076,87,0,0,1,1,0
B,1,42,Random,Delete-flood,8,2400,30091,87,0,0,1,1,0
B,1,42,Random,Delete-flood,9,2700,30097,87,0,0,1,1,0
B,1,42,Random,Delete-flood,10,3000,30102,87,0,0,1,1,0
B,1,42,Random,Delete-flood,11,3300,30104,87,0,0,1,1,0
B,1,42,Random,Delete-flood,12,3600,30118,87,0,0,1,1,0
B,1,42,Random,Delete-flood,13,3900,30128,87,0,0,1,1,0
B,1,42,Random,Delete-flood,14,4200,30139,87,0,0,1,1,0
B,1,42,Random,Delete-flood,15,4500,30147,87,0,0,1,1,0
B,1,42,Random,Delete-flood,16,4800,30147,87,0,0,1,1,0
B,1,42,Random,Delete-flood,17,5100,30154,87,0,0,1,1,0
B,1,42,Random,Delete-flood,18,5400,30165,87,0,0,1,1,0
B,1,42,Random,Delete-flood,19,5700,30178,87,0,0,1,1,0
B,1,42,Random,Delete-flood,20,6000,30186,87,0,0,1,1,0
B,1,42,Random,Delete-flood,21,6300,30194,87,0,0,1,1,0
B,1,42,Random,Delete-flood,22,6600,30210,87,0,0,1,1,0
B,1,42,Random,Delete-flood,23,6900,30214,87,0,0,1,1,0
B,1,42,Random,Delete-flood,24,7200,30233,87,0,0,1,1,0
B,1,42,Random,Delete-flood,25,7500,30247,87,0,0,1,1,0
B,1,42,Random,Delete-flood,26,7800,30255,87,0,0,1,1,0
B,1,42,Random,Delete-flood,27,8100,30273,87,0,0,1,1,0
B,1,42,Random,Delete-flood,28,8400,30280,87,0,0,1,1,0
B,1,42,Random,Delete-flood,29,8700,30292,87,0,0,1,1,0
B,1,42,Random,Delete-flood,30,9000,30295,87,0,0,1,1,0
B,1,42,Random,Delete-flood,31,9300,30304,87,0,0,1,1,0
B,1,42,Random,Delete-flood,32,9600,30315,87,0,0,1,1,0
B,1,42,Random,Delete-flood,33,9900,30327,87,0,0,1,1,0
B,1,42,Random,Delete-flood,34,10200,30340,87,0,0,1,1,0
B,1,42,Random,Delete-flood,35,10500,30359,87,0,0,1,1,0
B,1,42,Random,Delete-flood,36,10800,30370,87,0,0,1,1,0
B,1,42,Random,Delete-flood,37,11100,30384,87,0,0,1,1,0
B,1,42,Random,Delete-flood,38,11400,30396,87,0,0,1,1,0
B,1,42,Random,Delete-flood,39,11700,30407,87,0,0,1,1,0
B,1,42,Random,Delete-flood,40,12000,30417,87,0,0,1,1,0
B,1,42,Random,Delete-flood,41,12300,30425,87,0,0,1,1,0
B,1,42,Random,Delete-flood,42,12600,30440,87,0,0,1,1,0
B,1,42,Random,Delete-flood,43,12900,30452,87,0,0,1,1,0
B,1,42,Random,Delete-flood,44,13200,30465,87,0,0,1,1,0
B,1,42,Random,Delete-flood,45,13500,30482,87,0,0,1,1,0
B,1,42,Random,Delete-flood,46,13800,30495,87,0,0,1,1,0
B,1,42,Random,Delete-flood,47,14100,30507,87,0,0,1,1,0
B,1,42,Random,Delete-flood,48,14400,30512,87,0,0,1,1,0
B,1,42,Random,Delete-flood,49,14700,30525,87,0,0,1,1,0
B,1,42,Random,Delete-flood,50,15000,30541,87,0,0,1,1,0
B,1,42,Random,Delete-flood,51,15300,30559,87,0,0,1,1,0
B,1,42,Random,Delete-flood,52,15600,30570,87,0,0,1,1,0
B,1,42,Random,Delete-flood,53,15900,30592,87,0,0,1,1,0
B,1,42,Random,Delete-flood,54,16200,30605,87,0,0,1,1,0
B,1,42,Random,Delete-flood,55,16500,30622,87,0,0,1,1,0
B,1,42,Random,Delete-flood,56,16800,30634,87,0,0,1,1,0
B,1,42,Random,Delete-flood,57,17100,30649,87,0,0,1,1,0
B,1,42,Random,Delete-flood,58,17400,30667,87,0,0,1,1,0
B,1,42,Random,Delete-flood,59,17700,30690,87,0,0,1,1,0
B,1,42,Random,Delete-flood,60,18000,30701,87,0,0,1,1,0
B,1,42,Random,Delete-flood,61,18300,30716,87,0,0,1,1,0
B,1,42,Random,Delete-flood,62,18600,30735,87,0,0,1,1,0
B,1,42,Random,Delete-flood,63,18900,30753,87,0,0,1,1,0
B,1,42,Random,Delete-flood,64,19200,30764,87,0,0,1,1,0
B,1,42,Random,Delete-flood,65,19500,30784,87,0,0,1,1,0
B,1,42,Random,Delete-flood,66,19800,30792,87,0,0,1,1,0
B,1,42,Random,Delete-flood,67,20100,30805,87,0,0,1,1,0
B,1,42,Random,Delete-flood,68,20400,30821,87,0,0,1,1,0
B,1,42,Random,Delete-flood,69,20700,30834,87,0,0,1,1,0
B,1,42,Random,Delete-flood,70,21000,30849,87,0,0,1,1,0
B,1,42,Random,Delete-flood,71,21300,30862,87,0,0,1,1,0
B,1,42,Random,Delete-flood,72,21600,30869,87,0,0,1,1,0
B,1,42,Random,Delete-flood,73,21900,30882,87,0,0,1,1,0
B,1,42,Random,Delete-flood,74,22200,30899,87,0,0,1,1,0
B,1,42,Random,Delete-flood,75,22500,30920,87,0,0,1,1,0
B,1,42,Random,Delete-flood,76,22800,30934,87,0,0,1,1,0
B,1,42,Random,Delete-flood,77,23100,30947,87,0,0,1,1,0
B,1,42,Random,Delete-flood,78,23400,30955,87,0,0,1,1,0
B,1,42,Random,Delete-flood,79,23700,30968,87,0,0,1,1,0
B,1,42,Random,Delete-flood,80,24000,30983,87,0,0,1,1,0
B,1,42,Random,Delete-flood,81,24300,31003,87,0,0,1,1,0
B,1,42,Random,Delete-flood,82,24600,31014,87,0,0,1,1,0
B,1,42,Random,Delete-flood,83,24900,31030,87,0,0,1,1,0
B,1,42,Random,Delete-flood,84,25000,31032,87,0,0,1,1,0
B,1,42,Random,Write-heavy,1,300,30153,87,0,0,1,1,0
B,1,42,Random,Write-heavy,2,600,30294,87,0,0,1,1,0
B,1,42,Random,Write-heavy,3,900,30421,87,0,0,1,1,0
B,1,42,Random,Write-heavy,4,1200,30563,87,0,0,1,1,0
B,1,42,Random,Write-heavy,5,1500,30713,87,0,0,1,1,0
B,1,42,Random,Write-heavy,6,1800,30848,87,0,0,1,1,0
B,1,42,Random,Write-heavy,7,2100,31006,87,0,0,1,1,0
B,1,42,Random,Write-heavy,8,2400,31134,87,0,0,1,1,0
B,1,42,Random,Write-heavy,9,2700,31270,86,0,0,1,1,0
B,1,42,Random,Write-heavy,10,3000,31395,86,0,0,1,1,0
B,1,42,Random,Write-heavy,11,3300,31550,86,0,0,1,1,0
B,1,42,Random,Write-heavy,12,3600,31687,86,0,0,1,1,0
B,1,42,Random,Write-heavy,13,3900,31845,86,0,0,1,1,0
B,1,42,Random,Write-heavy,14,4200,31991,91,0,0,1,1,0
B,1,42,Random,Write-heavy,15,4500,32141,91,0,0,1,1,0
B,1,42,Random,Write-heavy,16,4800,32284,91,0,0,1,1,0
B,1,42,Random,Write-heavy,17,5100,32431,91,0,0,1,1,0
B,1,42,Random,Write-heavy,18,5400,32578,91,0,0,1,1,0
B,1,42,Random,Write-heavy,19,5700,32731,91,0,0,1,1,0
B,1,42,Random,Write-heavy,20,6000,32874,91,0,0,1,1,0
B,1,42,Random,Write-heavy,21,6300,33022,91,0,0,1,1,0
B,1,42,Random,Write-heavy,22,6600,33159,91,0,0,1,1,0
B,1,42,Random,Write-heavy,23,6900,33303,91,0,0,1,1,0
B,1,42,Random,Write-heavy,24,7200,33480,91,0,0,1,1,0
B,1,42,Random,Write-heavy,25,7500,33619,91,0,0,1,1,0
B,1,42,Random,Write-heavy,26,7800,33761,91,0,0,1,1,0
B,1,42,Random,Write-heavy,27,8100,33907,94,0,0,1,1,0
B,1,42,Random,Write-heavy,28,8400,34059,94,0,0,1,1,0
B,1,42,Random,Write-heavy,29,8700,34216,94,0,0,1,1,0
B,1,42,Random,Write-heavy,30,9000,34366,94,0,0,1,1,0
B,1,42,Random,Write-heavy,31,9300,34497,94,0,0,1,1,0
B,1,42,Random,Write-heavy,32,9600,34655,94,0,0,1,1,0
B,1,42,Random,Write-heavy,33,9900,34796,94,0,0,1,1,0
B,1,42,Random,Write-heavy,34,10200,34944,94,0,0,1,1,0
B,1,42,Random,Write-heavy,35,10500,35093,94,0,0,1,1,0
B,1,42,Random,Write-heavy,36,10800,35235,94,0,0,1,1,0
B,1,42,Random,Write-heavy,37,11100,35378,94,0,0,1,1,0
B,1,42,Random,Write-heavy,38,11400,35516,94,0,0,1,1,0
B,1,42,Random,Write-heavy,39,11700,35672,94,0,0,1,1,0
B,1,42,Random,Write-heavy,40,12000,35837,96,0,0,1,1,0
B,1,42,Random,Write-heavy,41,12300,35988,96,-1,-1,0,0,1
B,1,42,Random,Write-heavy,42,12600,36124,96,-1,-1,0,0,2
B,1,42,Random,Write-heavy,43,12900,36263,96,0,0,1,1,2
B,1,42,Random,Write-heavy,44,13200,36423,96,0,0,1,1,2
B,1,42,Random,Write-heavy,45,13500,36566,96,0,0,1,1,2
B,1,42,Random,Write-heavy,46,13800,36709,96,0,0,1,1,2
B,1,42,Random,Write-heavy,47,14100,36858,96,0,0,1,1,2
B,1,42,Random,Write-heavy,48,14400,37010,96,0,0,1,1,2
B,1,42,Random,Write-heavy,49,14700,37156,96,0,0,1,1,2
B,1,42,Random,Write-heavy,50,15000,37305,95,0,0,1,1,2
B,1,42,Random,Write-heavy,51,15300,37441,95,-1,-1,0,0,3
B,1,42,Random,Write-heavy,52,15600,37586,95,-1,-1,0,0,4
B,1,42,Random,Write-heavy,53,15900,37740,95,-1,-1,0,0,5
B,1,42,Random,Write-heavy,54,16200,37888,101,0,0,1,1,5
B,1,42,Random,Write-heavy,55,16500,38035,101,0,0,1,1,5
B,1,42,Random,Write-heavy,56,16800,38184,101,0,0,1,1,5
B,1,42,Random,Write-heavy,57,17100,38328,101,0,0,1,1,5
B,1,42,Random,Write-heavy,58,17400,38473,101,0,0,1,1,5
B,1,42,Random,Write-heavy,59,17700,38612,101,0,0,1,1,5
B,1,42,Random,Write-heavy,60,18000,38749,101,0,0,1,1,5
B,1,42,Random,Write-heavy,61,18300,38897,101,0,0,1,1,5
B,1,42,Random,Write-heavy,62,18600,39032,101,0,0,1,1,5
B,1,42,Random,Write-heavy,63,18900,39179,101,0,0,1,1,5
B,1,42,Random,Write-heavy,64,19200,39335,101,0,0,1,1,5
B,1,42,Random,Write-heavy,65,19500,39482,101,0,0,1,1,5
B,1,42,Random,Write-heavy,66,19800,39643,101,0,0,1,1,5
B,1,42,Random,Write-heavy,67,20100,39808,110,0,0,1,1,5
B,1,42,Random,Write-heavy,68,20400,39965,110,0,0,1,1,5
B,1,42,Random,Write-heavy,69,20700,40116,110,0,0,1,1,5
B,1,42,Random,Write-heavy,70,21000,40263,110,0,0,1,1,5
B,1,42,Random,Write-heavy,71,21300,40410,110,0,0,1,1,5
B,1,42,Random,Write-heavy,72,21600,40556,110,0,0,1,1,5
B,1,42,Random,Write-heavy,73,21900,40717,110,0,0,1,1,5
B,1,42,Random,Write-heavy,74,22200,40852,110,0,0,1,1,5
B,1,42,Random,Write-heavy,75,22500,41007,110,0,0,1,1,5
B,1,42,Random,Write-heavy,76,22800,41152,110,0,0,1,1,5
B,1,42,Random,Write-heavy,77,23100,41301,110,0,0,1,1,5
B,1,42,Random,Write-heavy,78,23400,41458,110,0,0,1,1,5
B,1,42,Random,Write-heavy,79,23700,41600,110,0,0,1,1,5
B,1,42,Random,Write-heavy,80,24000,41724,110,0,0,1,1,5
B,1,42,Random,Write-heavy,81,24300,41863,116,0,0,1,1,5
B,1,42,Random,Write-heavy,82,24600,42003,116,0,0,1,1,5
B,1,42,Random,Write-heavy,83,24900,42146,116,0,0,1,1,5
B,1,42,Random,Write-heavy,84,25000,42188,116,0,0,1,1,5
B,1,42,Sorted-asc,Balanced,1,300,30068,172,-1,-1,0,0,1
B,1,42,Sorted-asc,Balanced,2,600,30139,172,-1,-1,0,0,2
B,1,42,Sorted-asc,Balanced,3,900,30218,172,-1,-1,0,0,3
B,1,42,Sorted-asc,Balanced,4,1200,30313,172,0,0,1,1,3
B,1,42,Sorted-asc,Balanced,5,1500,30395,172,0,0,1,1,3
B,1,42,Sorted-asc,Balanced,6,1800,30473,172,0,0,1,1,3
B,1,42,Sorted-asc,Balanced,7,2100,30538,172,0,0,1,1,3
B,1,42,Sorted-asc,Balanced,8,2400,30624,172,0,0,1,1,3
B,1,42,Sorted-asc,Balanced,9,2700,30713,172,0,0,1,1,3
B,1,42,Sorted-asc,Balanced,10,3000,30772,172,0,0,1,1,3
B,1,42,Sorted-asc,Balanced,11,3300,30852,172,0,0,1,1,3
B,1,42,Sorted-asc,Balanced,12,3600,30920,172,0,0,1,1,3
B,1,42,Sorted-asc,Balanced,13,3900,30987,172,0,0,1,1,3
B,1,42,Sorted-asc,Balanced,14,4200,31058,172,0,0,1,1,3
B,1,42,Sorted-asc,Balanced,15,4500,31142,172,0,0,1,1,3
B,1,42,Sorted-asc,Balanced,16,4800,31208,172,0,0,1,1,3
B,1,42,Sorted-asc,Balanced,17,5100,31293,172,0,0,1,1,3
B,1,42,Sorted-asc,Balanced,18,5400,31366,172,0,0,1,1,3
B,1,42,Sorted-asc,Balanced,19,5700,31444,172,0,0,1,1,3
B,1,42,Sorted-asc,Balanced,20,6000,31536,172,0,0,1,1,3
B,1,42,Sorted-asc,Balanced,21,6300,31645,182,0,0,1,1,3
B,1,42,Sorted-asc,Balanced,22,6600,31726,182,0,0,1,1,3
B,1,42,Sorted-asc,Balanced,23,6900,31797,182,0,0,1,1,3
B,1,42,Sorted-asc,Balanced,24,7200,31871,182,0,0,1,1,3
B,1,42,Sorted-asc,Balanced,25,7500,31952,182,0,0,1,1,3
B,1,42,Sorted-asc,Balanced,26,7800,32036,182,0,0,1,1,3
B,1,42,Sorted-asc,Balanced,27,8100,32107,182,0,0,1,1,3
B,1,42,Sorted-asc,Balanced,28,8400,32192,182,0,0,1,1,3
B,1,42,Sorted-asc,Balanced,29,8700,32263,182,0,0,1,1,3
B,1,42,Sorted-asc,Balanced,30,9000,32341,182,0,0,1,1,3
B,1,42,Sorted-asc,Balanced,31,9300,32417,182,0,0,1,1,3
B,1,42,Sorted-asc,Balanced,32,9600,32496,182,0,0,1,1,3
B,1,42,Sorted-asc,Balanced,33,9900,32583,182,0,0,1,1,3
B,1,42,Sorted-asc,Balanced,34,10200,32660,182,0,0,1,1,3
B,1,42,Sorted-asc,Balanced,35,10500,32736,182,0,0,1,1,3
B,1,42,Sorted-asc,Balanced,36,10800,32809,182,0,0,1,1,3
B,1,42,Sorted-asc,Balanced,37,11100,32884,182,0,0,1,1,3
B,1,42,Sorted-asc,Balanced,38,11400,32971,182,0,0,1,1,3
B,1,42,Sorted-asc,Balanced,39,11700,33036,182,0,0,1,1,3
B,1,42,Sorted-asc,Balanced,40,12000,33104,182,0,0,1,1,3
B,1,42,Sorted-asc,Balanced,41,12300,33193,186,0,0,1,1,3
B,1,42,Sorted-asc,Balanced,42,12600,33268,186,0,0,1,1,3
B,1,42,Sorted-asc,Balanced,43,12900,33340,186,0,0,1,1,3
B,1,42,Sorted-asc,Balanced,44,13200,33415,186,0,0,1,1,3
B,1,42,Sorted-asc,Balanced,45,13500,33494,186,0,0,1,1,3
B,1,42,Sorted-asc,Balanced,46,13800,33570,186,0,0,1,1,3
B,1,42,Sorted-asc,Balanced,47,14100,33640,186,0,0,1,1,3
B,1,42,Sorted-asc,Balanced,48,14400,33699,186,0,0,1,1,3
B,1,42,Sorted-asc,Balanced,49,14700,33772,186,0,0,1,1,3
B,1,42,Sorted-asc,Balanced,50,15000,33852,186,0,0,1,1,3
B,1,42,Sorted-asc,Balanced,51,15300,33931,186,0,0,1,1,3
B,1,42,Sorted-asc,Balanced,52,15600,34010,186,0,0,1,1,3
B,1,42,Sorted-asc,Balanced,53,15900,34093,186,0,0,1,1,3
B,1,42,Sorted-asc,Balanced,54,16200,34180,186,0,0,1,1,3
B,1,42,Sorted-asc,Balanced,55,16500,34249,186,0,0,1,1,3
B,1,42,Sorted-asc,Balanced,56,16800,34339,186,0,0,1,1,3
B,1,42,Sorted-asc,Balanced,57,17100,34423,186,0,0,1,1,3
B,1,42,Sorted-asc,Balanced,58,17400,34499,186,0,0,1,1,3
B,1,42,Sorted-asc,Balanced,59,17700,34592,186,0,0,1,1,3
B,1,42,Sorted-asc,Balanced,60,18000,34671,186,0,0,1,1,3
B,1,42,Sorted-asc,Balanced,61,18300,34756,194,0,0,1,1,3
B,1,42,Sorted-asc,Balanced,62,18600,34818,194,0,0,1,1,3
B,1,42,Sorted-asc,Balanced,63,18900,34891,194,0,0,1,1,3
B,1,42,Sorted-asc,Balanced,64,19200,34985,194,0,0,1,1,3
B,1,42,Sorted-asc,Balanced,65,19500,35063,194,0,0,1,1,3
B,1,42,Sorted-asc,Balanced,66,19800,35139,194,0,0,1,1,3
B,1,42,Sorted-asc,Balanced,67,20100,35229,194,0,0,1,1,3
B,1,42,Sorted-asc,Balanced,68,20400,35326,194,0,0,1,1,3
B,1,42,Sorted-asc,Balanced,69,20700,35415,194,0,0,1,1,3
B,1,42,Sorted-asc,Balanced,70,21000,35506,194,0,0,1,1,3
B,1,42,Sorted-asc,Balanced,71,21300,35589,194,0,0,1,1,3
B,1,42,Sorted-asc,Balanced,72,21600,35676,194,0,0,1,1,3
B,1,42,Sorted-asc,Balanced,73,21900,35744,194,0,0,1,1,3
B,1,42,Sorted-asc,Balanced,74,22200,35831,194,0,0,1,1,3
B,1,42,Sorted-asc,Balanced,75,22500,35920,194,0,0,1,1,3
B,1,42,Sorted-asc,Balanced,76,22800,35988,194,0,0,1,1,3
B,1,42,Sorted-asc,Balanced,77,23100,36080,194,0,0,1,1,3
B,1,42,Sorted-asc,Balanced,78,23400,36164,194,0,0,1,1,3
B,1,42,Sorted-asc,Balanced,79,23700,36247,194,0,0,1,1,3
B,1,42,Sorted-asc,Balanced,80,24000,36345,194,0,0,1,1,3
B,1,42,Sorted-asc,Balanced,81,24300,36429,199,0,0,1,1,3
B,1,42,Sorted-asc,Balanced,82,24600,36515,199,0,0,1,1,3
B,1,42,Sorted-asc,Balanced,83,24900,36587,199,0,0,1,1,3
B,1,42,Sorted-asc,Balanced,84,25000,36608,199,0,0,1,1,3
B,1,42,Sorted-asc,Insert-flood,1,300,30269,172,-1,-1,0,0,1
B,1,42,Sorted-asc,Insert-flood,2,600,30540,172,0,0,1,1,1
B,1,42,Sorted-asc,Insert-flood,3,900,30806,172,0,0,1,1,1
B,1,42,Sorted-asc,Insert-flood,4,1200,31066,172,0,0,1,1,1
B,1,42,Sorted-asc,Insert-flood,5,1500,31329,172,0,0,1,1,1
B,1,42,Sorted-asc,Insert-flood,6,1800,31584,172,0,0,1,1,1
B,1,42,Sorted-asc,Insert-flood,7,2100,31847,172,0,0,1,1,1
B,1,42,Sorted-asc,Insert-flood,8,2400,32101,183,0,0,1,1,1
B,1,42,Sorted-asc,Insert-flood,9,2700,32356,183,0,0,1,1,1
B,1,42,Sorted-asc,Insert-flood,10,3000,32612,183,0,0,1,1,1
B,1,42,Sorted-asc,Insert-flood,11,3300,32885,183,0,0,1,1,1
B,1,42,Sorted-asc,Insert-flood,12,3600,33156,183,0,0,1,1,1
B,1,42,Sorted-asc,Insert-flood,13,3900,33404,183,0,0,1,1,1
B,1,42,Sorted-asc,Insert-flood,14,4200,33665,183,-1,-1,0,0,2
B,1,42,Sorted-asc,Insert-flood,15,4500,33928,183,-1,-1,0,0,3
B,1,42,Sorted-asc,Insert-flood,16,4800,34191,189,0,0,1,1,3
B,1,42,Sorted-asc,Insert-flood,17,5100,34448,189,0,0,1,1,3
B,1,42,Sorted-asc,Insert-flood,18,5400,34710,189,0,0,1,1,3
B,1,42,Sorted-asc,Insert-flood,19,5700,34967,189,0,0,1,1,3
B,1,42,Sorted-asc,Insert-flood,20,6000,35221,189,0,0,1,1,3
B,1,42,Sorted-asc,Insert-flood,21,6300,35482,189,0,0,1,1,3
B,1,42,Sorted-asc,Insert-flood,22,6600,35753,189,0,0,1,1,3
B,1,42,Sorted-asc,Insert-flood,23,6900,36016,194,0,0,1,1,3
B,1,42,Sorted-asc,Insert-flood,24,7200,36268,194,-1,-1,0,0,4
B,1,42,Sorted-asc,Insert-flood,25,7500,36517,194,0,0,1,1,4
B,1,42,Sorted-asc,Insert-flood,26,7800,36772,194,0,0,1,1,4
B,1,42,Sorted-asc,Insert-flood,27,8100,37043,194,0,0,1,1,4
B,1,42,Sorted-asc,Insert-flood,28,8400,37314,194,0,0,1,1,4
B,1,42,Sorted-asc,Insert-flood,29,8700,37569,194,0,0,1,1,4
B,1,42,Sorted-asc,Insert-flood,30,9000,37823,194,0,0,1,1,4
B,1,42,Sorted-asc,Insert-flood,31,9300,38080,197,0,0,1,1,4
B,1,42,Sorted-asc,Insert-flood,32,9600,38342,197,0,0,1,1,4
B,1,42,Sorted-asc,Insert-flood,33,9900,38601,197,0,0,1,1,4
B,1,42,Sorted-asc,Insert-flood,34,10200,38863,197,0,0,1,1,4
B,1,42,Sorted-asc,Insert-flood,35,10500,39120,197,0,0,1,1,4
B,1,42,Sorted-asc,Insert-flood,36,10800,39382,197,0,0,1,1,4
B,1,42,Sorted-asc,Insert-flood,37,11100,39651,197,0,0,1,1,4
B,1,42,Sorted-asc,Insert-flood,38,11400,39917,197,0,0,1,1,4
B,1,42,Sorted-asc,Insert-flood,39,11700,40168,201,0,0,1,1,4
B,1,42,Sorted-asc,Insert-flood,40,12000,40422,201,0,0,1,1,4
B,1,42,Sorted-asc,Insert-flood,41,12300,40686,201,0,0,1,1,4
B,1,42,Sorted-asc,Insert-flood,42,12600,40936,201,0,0,1,1,4
B,1,42,Sorted-asc,Insert-flood,43,12900,41197,201,0,0,1,1,4
B,1,42,Sorted-asc,Insert-flood,44,13200,41461,201,0,0,1,1,4
B,1,42,Sorted-asc,Insert-flood,45,13500,41721,201,0,0,1,1,4
B,1,42,Sorted-asc,Insert-flood,46,13800,41981,201,0,0,1,1,4
B,1,42,Sorted-asc,Insert-flood,47,14100,42252,201,0,0,1,1,4
B,1,42,Sorted-asc,Insert-flood,48,14400,42514,201,0,0,1,1,4
B,1,42,Sorted-asc,Insert-flood,49,14700,42782,201,0,0,1,1,4
B,1,42,Sorted-asc,Insert-flood,50,15000,43041,201,0,0,1,1,4
B,1,42,Sorted-asc,Insert-flood,51,15300,43297,201,0,0,1,1,4
B,1,42,Sorted-asc,Insert-flood,52,15600,43562,201,0,0,1,1,4
B,1,42,Sorted-asc,Insert-flood,53,15900,43821,201,0,0,1,1,4
B,1,42,Sorted-asc,Insert-flood,54,16200,44091,202,-1,-1,0,0,5
B,1,42,Sorted-asc,Insert-flood,55,16500,44352,202,0,0,1,1,5
B,1,42,Sorted-asc,Insert-flood,56,16800,44618,202,0,0,1,1,5
B,1,42,Sorted-asc,Insert-flood,57,17100,44878,202,0,0,1,1,5
B,1,42,Sorted-asc,Insert-flood,58,17400,45143,202,-1,-1,0,0,6
B,1,42,Sorted-asc,Insert-flood,59,17700,45408,202,-1,-1,0,0,7
B,1,42,Sorted-asc,Insert-flood,60,18000,45665,202,0,0,1,1,7
B,1,42,Sorted-asc,Insert-flood,61,18300,45919,202,0,0,1,1,7
B,1,42,Sorted-asc,Insert-flood,62,18600,46176,215,0,0,1,1,7
B,1,42,Sorted-asc,Insert-flood,63,18900,46440,215,0,0,1,1,7
B,1,42,Sorted-asc,Insert-flood,64,19200,46694,215,0,0,1,1,7
B,1,42,Sorted-asc,Insert-flood,65,19500,46962,215,0,0,1,1,7
B,1,42,Sorted-asc,Insert-flood,66,19800,47235,215,0,0,1,1,7
B,1,42,Sorted-asc,Insert-flood,67,20100,47499,215,0,0,1,1,7
B,1,42,Sorted-asc,Insert-flood,68,20400,47748,215,0,0,1,1,7
B,1,42,Sorted-asc,Insert-flood,69,20700,48003,223,0,0,1,1,7
B,1,42,Sorted-asc,Insert-flood,70,21000,48268,223,0,0,1,1,7
B,1,42,Sorted-asc,Insert-flood,71,21300,48523,223,0,0,1,1,7
B,1,42,Sorted-asc,Insert-flood,72,21600,48780,223,0,0,1,1,7
B,1,42,Sorted-asc,Insert-flood,73,21900,49035,223,0,0,1,1,7
B,1,42,Sorted-asc,Insert-flood,74,22200,49291,223,0,0,1,1,7
B,1,42,Sorted-asc,Insert-flood,75,22500,49550,223,0,0,1,1,7
B,1,42,Sorted-asc,Insert-flood,76,22800,49813,223,0,0,1,1,7
B,1,42,Sorted-asc,Insert-flood,77,23100,50072,227,0,0,1,1,7
B,1,42,Sorted-asc,Insert-flood,78,23400,50337,227,0,0,1,1,7
B,1,42,Sorted-asc,Insert-flood,79,23700,50587,227,0,0,1,1,7
B,1,42,Sorted-asc,Insert-flood,80,24000,50854,227,0,0,1,1,7
B,1,42,Sorted-asc,Insert-flood,81,24300,51116,227,0,0,1,1,7
B,1,42,Sorted-asc,Insert-flood,82,24600,51382,227,0,0,1,1,7
B,1,42,Sorted-asc,Insert-flood,83,24900,51644,227,0,0,1,1,7
B,1,42,Sorted-asc,Insert-flood,84,25000,51730,227,0,0,1,1,7
B,1,42,Sorted-asc,Delete-flood,1,300,29979,172,0,0,1,1,0
B,1,42,Sorted-asc,Delete-flood,2,600,29958,172,0,0,1,1,0
B,1,42,Sorted-asc,Delete-flood,3,900,29936,172,-1,-1,0,0,1
B,1,42,Sorted-asc,Delete-flood,4,1200,29920,172,-1,-1,0,0,2
B,1,42,Sorted-asc,Delete-flood,5,1500,29910,172,-1,-1,0,0,3
B,1,42,Sorted-asc,Delete-flood,6,1800,29905,172,-1,-1,0,0,4
B,1,42,Sorted-asc,Delete-flood,7,2100,29876,172,0,0,1,1,4
B,1,42,Sorted-asc,Delete-flood,8,2400,29863,172,0,0,1,1,4
B,1,42,Sorted-asc,Delete-flood,9,2700,29841,172,0,0,1,1,4
B,1,42,Sorted-asc,Delete-flood,10,3000,29829,172,0,0,1,1,4
B,1,42,Sorted-asc,Delete-flood,11,3300,29808,172,0,0,1,1,4
B,1,42,Sorted-asc,Delete-flood,12,3600,29789,172,0,0,1,1,4
B,1,42,Sorted-asc,Delete-flood,13,3900,29779,172,0,0,1,1,4
B,1,42,Sorted-asc,Delete-flood,14,4200,29761,172,0,0,1,1,4
B,1,42,Sorted-asc,Delete-flood,15,4500,29747,172,0,0,1,1,4
B,1,42,Sorted-asc,Delete-flood,16,4800,29729,172,0,0,1,1,4
B,1,42,Sorted-asc,Delete-flood,17,5100,29720,172,-1,-1,0,0,5
B,1,42,Sorted-asc,Delete-flood,18,5400,29702,172,-1,-1,0,0,6
B,1,42,Sorted-asc,Delete-flood,19,5700,29682,172,-1,-1,0,0,7
B,1,42,Sorted-asc,Delete-flood,20,6000,29667,172,-1,-1,0,0,8
B,1,42,Sorted-asc,Delete-flood,21,6300,29657,172,0,0,1,1,8
B,1,42,Sorted-asc,Delete-flood,22,6600,29643,172,0,0,1,1,8
B,1,42,Sorted-asc,Delete-flood,23,6900,29628,172,0,0,1,1,8
B,1,42,Sorted-asc,Delete-flood,24,7200,29604,172,0,0,1,1,8
B,1,42,Sorted-asc,Delete-flood,25,7500,29584,172,0,0,1,1,8
B,1,42,Sorted-asc,Delete-flood,26,7800,29564,172,0,0,1,1,8
B,1,42,Sorted-asc,Delete-flood,27,8100,29548,172,0,0,1,1,8
B,1,42,Sorted-asc,Delete-flood,28,8400,29530,172,0,0,1,1,8
B,1,42,Sorted-asc,Delete-flood,29,8700,29527,172,0,0,1,1,8
B,1,42,Sorted-asc,Delete-flood,30,9000,29517,172,0,0,1,1,8
B,1,42,Sorted-asc,Delete-flood,31,9300,29503,172,0,0,1,1,8
B,1,42,Sorted-asc,Delete-flood,32,9600,29492,172,0,0,1,1,8
B,1,42,Sorted-asc,Delete-flood,33,9900,29479,172,0,0,1,1,8
B,1,42,Sorted-asc,Delete-flood,34,10200,29458,172,0,0,1,1,8
B,1,42,Sorted-asc,Delete-flood,35,10500,29432,172,0,0,1,1,8
B,1,42,Sorted-asc,Delete-flood,36,10800,29425,172,0,0,1,1,8
B,1,42,Sorted-asc,Delete-flood,37,11100,29410,172,0,0,1,1,8
B,1,42,Sorted-asc,Delete-flood,38,11400,29394,172,0,0,1,1,8
B,1,42,Sorted-asc,Delete-flood,39,11700,29390,172,0,0,1,1,8
B,1,42,Sorted-asc,Delete-flood,40,12000,29393,172,0,0,1,1,8
B,1,42,Sorted-asc,Delete-flood,41,12300,29373,172,0,0,1,1,8
B,1,42,Sorted-asc,Delete-flood,42,12600,29362,172,0,0,1,1,8
B,1,42,Sorted-asc,Delete-flood,43,12900,29345,172,0,0,1,1,8
B,1,42,Sorted-asc,Delete-flood,44,13200,29339,172,0,0,1,1,8
B,1,42,Sorted-asc,Delete-flood,45,13500,29324,172,0,0,1,1,8
B,1,42,Sorted-asc,Delete-flood,46,13800,29315,172,0,0,1,1,8
B,1,42,Sorted-asc,Delete-flood,47,14100,29299,172,0,0,1,1,8
B,1,42,Sorted-asc,Delete-flood,48,14400,29281,172,0,0,1,1,8
B,1,42,Sorted-asc,Delete-flood,49,14700,29260,175,0,0,1,1,8
B,1,42,Sorted-asc,Delete-flood,50,15000,29248,175,0,0,1,1,8
B,1,42,Sorted-asc,Delete-flood,51,15300,29237,175,0,0,1,1,8
B,1,42,Sorted-asc,Delete-flood,52,15600,29228,175,0,0,1,1,8
B,1,42,Sorted-asc,Delete-flood,53,15900,29215,175,0,0,1,1,8
B,1,42,Sorted-asc,Delete-flood,54,16200,29196,175,0,0,1,1,8
B,1,42,Sorted-asc,Delete-flood,55,16500,29179,175,0,0,1,1,8
B,1,42,Sorted-asc,Delete-flood,56,16800,29167,175,0,0,1,1,8
B,1,42,Sorted-asc,Delete-flood,57,17100,29160,175,0,0,1,1,8
B,1,42,Sorted-asc,Delete-flood,58,17400,29148,175,0,0,1,1,8
B,1,42,Sorted-asc,Delete-flood,59,17700,29141,175,0,0,1,1,8
B,1,42,Sorted-asc,Delete-flood,60,18000,29126,175,0,0,1,1,8
B,1,42,Sorted-asc,Delete-flood,61,18300,29116,175,0,0,1,1,8
B,1,42,Sorted-asc,Delete-flood,62,18600,29104,175,0,0,1,1,8
B,1,42,Sorted-asc,Delete-flood,63,18900,29100,175,0,0,1,1,8
B,1,42,Sorted-asc,Delete-flood,64,19200,29083,175,0,0,1,1,8
B,1,42,Sorted-asc,Delete-flood,65,19500,29077,175,0,0,1,1,8
B,1,42,Sorted-asc,Delete-flood,66,19800,29053,175,0,0,1,1,8
B,1,42,Sorted-asc,Delete-flood,67,20100,29039,175,0,0,1,1,8
B,1,42,Sorted-asc,Delete-flood,68,20400,29027,175,0,0,1,1,8
B,1,42,Sorted-asc,Delete-flood,69,20700,28995,175,0,0,1,1,8
B,1,42,Sorted-asc,Delete-flood,70,21000,28984,175,0,0,1,1,8
B,1,42,Sorted-asc,Delete-flood,71,21300,28978,174,0,0,1,1,8
B,1,42,Sorted-asc,Delete-flood,72,21600,28953,174,0,0,1,1,8
B,1,42,Sorted-asc,Delete-flood,73,21900,28929,174,0,0,1,1,8
B,1,42,Sorted-asc,Delete-flood,74,22200,28910,174,0,0,1,1,8
B,1,42,Sorted-asc,Delete-flood,75,22500,28892,174,0,0,1,1,8
B,1,42,Sorted-asc,Delete-flood,76,22800,28881,174,0,0,1,1,8
B,1,42,Sorted-asc,Delete-flood,77,23100,28870,174,0,0,1,1,8
B,1,42,Sorted-asc,Delete-flood,78,23400,28846,174,0,0,1,1,8
B,1,42,Sorted-asc,Delete-flood,79,23700,28837,174,0,0,1,1,8
B,1,42,Sorted-asc,Delete-flood,80,24000,28826,174,0,0,1,1,8
B,1,42,Sorted-asc,Delete-flood,81,24300,28816,174,0,0,1,1,8
B,1,42,Sorted-asc,Delete-flood,82,24600,28802,174,0,0,1,1,8
B,1,42,Sorted-asc,Delete-flood,83,24900,28796,174,0,0,1,1,8
B,1,42,Sorted-asc,Delete-flood,84,25000,28790,174,0,0,1,1,8
B,1,42,Sorted-asc,Write-heavy,1,300,30128,172,-1,-1,0,0,1
B,1,42,Sorted-asc,Write-heavy,2,600,30250,172,-1,-1,0,0,2
B,1,42,Sorted-asc,Write-heavy,3,900,30368,172,0,0,1,1,2
B,1,42,Sorted-asc,Write-heavy,4,1200,30487,172,0,0,1,1,2
B,1,42,Sorted-asc,Write-heavy,5,1500,30601,172,0,0,1,1,2
B,1,42,Sorted-asc,Write-heavy,6,1800,30709,172,0,0,1,1,2
B,1,42,Sorted-asc,Write-heavy,7,2100,30854,172,0,0,1,1,2
B,1,42,Sorted-asc,Write-heavy,8,2400,30972,172,0,0,1,1,2
B,1,42,Sorted-asc,Write-heavy,9,2700,31092,172,0,0,1,1,2
B,1,42,Sorted-asc,Write-heavy,10,3000,31232,172,0,0,1,1,2
B,1,42,Sorted-asc,Write-heavy,11,3300,31382,172,0,0,1,1,2
B,1,42,Sorted-asc,Write-heavy,12,3600,31506,172,0,0,1,1,2
B,1,42,Sorted-asc,Write-heavy,13,3900,31639,172,0,0,1,1,2
B,1,42,Sorted-asc,Write-heavy,14,4200,31757,182,0,0,1,1,2
B,1,42,Sorted-asc,Write-heavy,15,4500,31884,182,0,0,1,1,2
B,1,42,Sorted-asc,Write-heavy,16,4800,32006,182,0,0,1,1,2
B,1,42,Sorted-asc,Write-heavy,17,5100,32126,182,0,0,1,1,2
B,1,42,Sorted-asc,Write-heavy,18,5400,32260,182,0,0,1,1,2
B,1,42,Sorted-asc,Write-heavy,19,5700,32382,182,0,0,1,1,2
B,1,42,Sorted-asc,Write-heavy,20,6000,32525,182,0,0,1,1,2
B,1,42,Sorted-asc,Write-heavy,21,6300,32627,182,0,0,1,1,2
B,1,42,Sorted-asc,Write-heavy,22,6600,32731,182,0,0,1,1,2
B,1,42,Sorted-asc,Write-heavy,23,6900,32857,182,0,0,1,1,2
B,1,42,Sorted-asc,Write-heavy,24,7200,32963,182,0,0,1,1,2
B,1,42,Sorted-asc,Write-heavy,25,7500,33070,182,0,0,1,1,2
B,1,42,Sorted-asc,Write-heavy,26,7800,33203,182,0,0,1,1,2
B,1,42,Sorted-asc,Write-heavy,27,8100,33338,182,0,0,1,1,2
B,1,42,Sorted-asc,Write-heavy,28,8400,33454,186,0,0,1,1,2
B,1,42,Sorted-asc,Write-heavy,29,8700,33573,186,0,0,1,1,2
B,1,42,Sorted-asc,Write-heavy,30,9000,33683,186,0,0,1,1,2
B,1,42,Sorted-asc,Write-heavy,31,9300,33812,186,0,0,1,1,2
B,1,42,Sorted-asc,Write-heavy,32,9600,33931,186,-1,-1,0,0,3
B,1,42,Sorted-asc,Write-heavy,33,9900,34040,185,0,0,1,1,3
B,1,42,Sorted-asc,Write-heavy,34,10200,34154,185,0,0,1,1,3
B,1,42,Sorted-asc,Write-heavy,35,10500,34264,185,0,0,1,1,3
B,1,42,Sorted-asc,Write-heavy,36,10800,34364,185,0,0,1,1,3
B,1,42,Sorted-asc,Write-heavy,37,11100,34492,185,0,0,1,1,3
B,1,42,Sorted-asc,Write-heavy,38,11400,34617,185,-1,-1,0,0,4
B,1,42,Sorted-asc,Write-heavy,39,11700,34736,185,-1,-1,0,0,5
B,1,42,Sorted-asc,Write-heavy,40,12000,34859,185,0,0,1,1,5
B,1,42,Sorted-asc,Write-heavy,41,12300,34977,197,0,0,1,1,5
B,1,42,Sorted-asc,Write-heavy,42,12600,35105,197,0,0,1,1,5
B,1,42,Sorted-asc,Write-heavy,43,12900,35223,197,0,0,1,1,5
B,1,42,Sorted-asc,Write-heavy,44,13200,35336,197,0,0,1,1,5
B,1,42,Sorted-asc,Write-heavy,45,13500,35463,197,0,0,1,1,5
B,1,42,Sorted-asc,Write-heavy,46,13800,35596,197,0,0,1,1,5
B,1,42,Sorted-asc,Write-heavy,47,14100,35715,197,0,0,1,1,5
B,1,42,Sorted-asc,Write-heavy,48,14400,35818,197,0,0,1,1,5
B,1,42,Sorted-asc,Write-heavy,49,14700,35944,197,0,0,1,1,5
B,1,42,Sorted-asc,Write-heavy,50,15000,36063,197,0,0,1,1,5
B,1,42,Sorted-asc,Write-heavy,51,15300,36189,197,0,0,1,1,5
B,1,42,Sorted-asc,Write-heavy,52,15600,36324,197,0,0,1,1,5
B,1,42,Sorted-asc,Write-heavy,53,15900,36443,197,0,0,1,1,5
B,1,42,Sorted-asc,Write-heavy,54,16200,36565,199,0,0,1,1,5
B,1,42,Sorted-asc,Write-heavy,55,16500,36698,199,-1,-1,0,0,6
B,1,42,Sorted-asc,Write-heavy,56,16800,36804,199,0,0,1,1,6
B,1,42,Sorted-asc,Write-heavy,57,17100,36920,199,0,0,1,1,6
B,1,42,Sorted-asc,Write-heavy,58,17400,37042,199,0,0,1,1,6
B,1,42,Sorted-asc,Write-heavy,59,17700,37149,199,0,0,1,1,6
B,1,42,Sorted-asc,Write-heavy,60,18000,37265,199,0,0,1,1,6
B,1,42,Sorted-asc,Write-heavy,61,18300,37381,199,0,0,1,1,6
B,1,42,Sorted-asc,Write-heavy,62,18600,37502,199,0,0,1,1,6
B,1,42,Sorted-asc,Write-heavy,63,18900,37624,199,0,0,1,1,6
B,1,42,Sorted-asc,Write-heavy,64,19200,37752,199,0,0,1,1,6
B,1,42,Sorted-asc,Write-heavy,65,19500,37876,199,0,0,1,1,6
B,1,42,Sorted-asc,Write-heavy,66,19800,38002,199,0,0,1,1,6
B,1,42,Sorted-asc,Write-heavy,67,20100,38117,199,0,0,1,1,6
B,1,42,Sorted-asc,Write-heavy,68,20400,38228,201,0,0,1,1,6
B,1,42,Sorted-asc,Write-heavy,69,20700,38346,201,0,0,1,1,6
B,1,42,Sorted-asc,Write-heavy,70,21000,38480,201,0,0,1,1,6
B,1,42,Sorted-asc,Write-heavy,71,21300,38603,201,0,0,1,1,6
B,1,42,Sorted-asc,Write-heavy,72,21600,38720,201,0,0,1,1,6
B,1,42,Sorted-asc,Write-heavy,73,21900,38857,201,0,0,1,1,6
B,1,42,Sorted-asc,Write-heavy,74,22200,38985,201,0,0,1,1,6
B,1,42,Sorted-asc,Write-heavy,75,22500,39100,201,0,0,1,1,6
B,1,42,Sorted-asc,Write-heavy,76,22800,39222,201,0,0,1,1,6
B,1,42,Sorted-asc,Write-heavy,77,23100,39341,201,0,0,1,1,6
B,1,42,Sorted-asc,Write-heavy,78,23400,39470,201,0,0,1,1,6
B,1,42,Sorted-asc,Write-heavy,79,23700,39601,201,0,0,1,1,6
B,1,42,Sorted-asc,Write-heavy,80,24000,39731,201,0,0,1,1,6
B,1,42,Sorted-asc,Write-heavy,81,24300,39844,201,0,0,1,1,6
B,1,42,Sorted-asc,Write-heavy,82,24600,39985,205,0,0,1,1,6
B,1,42,Sorted-asc,Write-heavy,83,24900,40094,205,0,0,1,1,6
B,1,42,Sorted-asc,Write-heavy,84,25000,40143,205,0,0,1,1,6
B,1,42,Sorted-desc,Balanced,1,300,30063,180,-1,-1,0,0,1
B,1,42,Sorted-desc,Balanced,2,600,30133,180,-1,-1,0,0,2
B,1,42,Sorted-desc,Balanced,3,900,30221,180,-1,-1,0,0,3
B,1,42,Sorted-desc,Balanced,4,1200,30298,180,0,0,1,1,3
B,1,42,Sorted-desc,Balanced,5,1500,30381,180,0,0,1,1,3
B,1,42,Sorted-desc,Balanced,6,1800,30476,180,0,0,1,1,3
B,1,42,Sorted-desc,Balanced,7,2100,30557,180,0,0,1,1,3
B,1,42,Sorted-desc,Balanced,8,2400,30634,180,0,0,1,1,3
B,1,42,Sorted-desc,Balanced,9,2700,30718,180,0,0,1,1,3
B,1,42,Sorted-desc,Balanced,10,3000,30804,180,0,0,1,1,3
B,1,42,Sorted-desc,Balanced,11,3300,30881,180,0,0,1,1,3
B,1,42,Sorted-desc,Balanced,12,3600,30968,180,0,0,1,1,3
B,1,42,Sorted-desc,Balanced,13,3900,31035,180,0,0,1,1,3
B,1,42,Sorted-desc,Balanced,14,4200,31118,180,0,0,1,1,3
B,1,42,Sorted-desc,Balanced,15,4500,31196,180,0,0,1,1,3
B,1,42,Sorted-desc,Balanced,16,4800,31278,180,0,0,1,1,3
B,1,42,Sorted-desc,Balanced,17,5100,31348,180,0,0,1,1,3
B,1,42,Sorted-desc,Balanced,18,5400,31432,180,0,0,1,1,3
B,1,42,Sorted-desc,Balanced,19,5700,31505,180,0,0,1,1,3
B,1,42,Sorted-desc,Balanced,20,6000,31593,190,0,0,1,1,3
B,1,42,Sorted-desc,Balanced,21,6300,31676,190,0,0,1,1,3
B,1,42,Sorted-desc,Balanced,22,6600,31752,190,0,0,1,1,3
B,1,42,Sorted-desc,Balanced,23,6900,31848,190,0,0,1,1,3
B,1,42,Sorted-desc,Balanced,24,7200,31942,190,0,0,1,1,3
B,1,42,Sorted-desc,Balanced,25,7500,32018,190,0,0,1,1,3
B,1,42,Sorted-desc,Balanced,26,7800,32088,190,0,0,1,1,3
B,1,42,Sorted-desc,Balanced,27,8100,32168,190,0,0,1,1,3
B,1,42,Sorted-desc,Balanced,28,8400,32252,190,0,0,1,1,3
B,1,42,Sorted-desc,Balanced,29,8700,32343,190,0,0,1,1,3
B,1,42,Sorted-desc,Balanced,30,9000,32421,190,0,0,1,1,3
B,1,42,Sorted-desc,Balanced,31,9300,32487,190,0,0,1,1,3
B,1,42,Sorted-desc,Balanced,32,9600,32572,190,0,0,1,1,3
B,1,42,Sorted-desc,Balanced,33,9900,32658,190,0,0,1,1,3
B,1,42,Sorted-desc,Balanced,34,10200,32748,190,0,0,1,1,3
B,1,42,Sorted-desc,Balanced,35,10500,32839,190,0,0,1,1,3
B,1,42,Sorted-desc,Balanced,36,10800,32924,190,0,0,1,1,3
B,1,42,Sorted-desc,Balanced,37,11100,33001,190,0,0,1,1,3
B,1,42,Sorted-desc,Balanced,38,11400,33080,190,0,0,1,1,3
B,1,42,Sorted-desc,Balanced,39,11700,33160,190,0,0,1,1,3
B,1,42,Sorted-desc,Balanced,40,12000,33233,192,0,0,1,1,3
B,1,42,Sorted-desc,Balanced,41,12300,33315,192,0,0,1,1,3
B,1,42,Sorted-desc,Balanced,42,12600,33396,192,0,0,1,1,3
B,1,42,Sorted-desc,Balanced,43,12900,33474,192,0,0,1,1,3
B,1,42,Sorted-desc,Balanced,44,13200,33553,192,0,0,1,1,3
B,1,42,Sorted-desc,Balanced,45,13500,33639,192,0,0,1,1,3
B,1,42,Sorted-desc,Balanced,46,13800,33721,192,0,0,1,1,3
B,1,42,Sorted-desc,Balanced,47,14100,33798,192,0,0,1,1,3
B,1,42,Sorted-desc,Balanced,48,14400,33877,192,0,0,1,1,3
B,1,42,Sorted-desc,Balanced,49,14700,33968,192,0,0,1,1,3
B,1,42,Sorted-desc,Balanced,50,15000,34061,192,0,0,1,1,3
B,1,42,Sorted-desc,Balanced,51,15300,34152,192,0,0,1,1,3
B,1,42,Sorted-desc,Balanced,52,15600,34225,192,0,0,1,1,3
B,1,42,Sorted-desc,Balanced,53,15900,34302,192,0,0,1,1,3
B,1,42,Sorted-desc,Balanced,54,16200,34374,192,0,0,1,1,3
B,1,42,Sorted-desc,Balanced,55,16500,34444,192,0,0,1,1,3
B,1,42,Sorted-desc,Balanced,56,16800,34523,192,0,0,1,1,3
B,1,42,Sorted-desc,Balanced,57,17100,34606,192,0,0,1,1,3
B,1,42,Sorted-desc,Balanced,58,17400,34688,192,0,0,1,1,3
B,1,42,Sorted-desc,Balanced,59,17700,34769,192,0,0,1,1,3
B,1,42,Sorted-desc,Balanced,60,18000,34856,194,0,0,1,1,3
B,1,42,Sorted-desc,Balanced,61,18300,34926,194,0,0,1,1,3
B,1,42,Sorted-desc,Balanced,62,18600,35016,194,0,0,1,1,3
B,1,42,Sorted-desc,Balanced,63,18900,35105,194,0,0,1,1,3
B,1,42,Sorted-desc,Balanced,64,19200,35176,194,0,0,1,1,3
B,1,42,Sorted-desc,Balanced,65,19500,35261,194,0,0,1,1,3
B,1,42,Sorted-desc,Balanced,66,19800,35341,194,0,0,1,1,3
B,1,42,Sorted-desc,Balanced,67,20100,35414,194,0,0,1,1,3
B,1,42,Sorted-desc,Balanced,68,20400,35486,194,0,0,1,1,3
B,1,42,Sorted-desc,Balanced,69,20700,35582,194,0,0,1,1,3
B,1,42,Sorted-desc,Balanced,70,21000,35686,194,0,0,1,1,3
B,1,42,Sorted-desc,Balanced,71,21300,35772,194,0,0,1,1,3
B,1,42,Sorted-desc,Balanced,72,21600,35856,194,0,0,1,1,3
B,1,42,Sorted-desc,Balanced,73,21900,35930,194,0,0,1,1,3
B,1,42,Sorted-desc,Balanced,74,22200,36017,194,0,0,1,1,3
B,1,42,Sorted-desc,Balanced,75,22500,36111,194,0,0,1,1,3
B,1,42,Sorted-desc,Balanced,76,22800,36191,194,0,0,1,1,3
B,1,42,Sorted-desc,Balanced,77,23100,36277,194,0,0,1,1,3
B,1,42,Sorted-desc,Balanced,78,23400,36337,194,0,0,1,1,3
B,1,42,Sorted-desc,Balanced,79,23700,36430,194,0,0,1,1,3
B,1,42,Sorted-desc,Balanced,80,24000,36517,199,0,0,1,1,3
B,1,42,Sorted-desc,Balanced,81,24300,36612,199,0,0,1,1,3
B,1,42,Sorted-desc,Balanced,82,24600,36678,199,0,0,1,1,3
B,1,42,Sorted-desc,Balanced,83,24900,36768,199,0,0,1,1,3
B,1,42,Sorted-desc,Balanced,84,25000,36797,199,0,0,1,1,3
B,1,42,Sorted-desc,Insert-flood,1,300,30271,180,-1,-1,0,0,1
B,1,42,Sorted-desc,Insert-flood,2,600,30533,180,0,0,1,1,1
B,1,42,Sorted-desc,Insert-flood,3,900,30803,180,0,0,1,1,1
B,1,42,Sorted-desc,Insert-flood,4,1200,31068,180,0,0,1,1,1
B,1,42,Sorted-desc,Insert-flood,5,1500,31333,180,0,0,1,1,1
B,1,42,Sorted-desc,Insert-flood,6,1800,31583,180,0,0,1,1,1
B,1,42,Sorted-desc,Insert-flood,7,2100,31842,180,0,0,1,1,1
B,1,42,Sorted-desc,Insert-flood,8,2400,32099,191,0,0,1,1,1
B,1,42,Sorted-desc,Insert-flood,9,2700,32362,191,0,0,1,1,1
B,1,42,Sorted-desc,Insert-flood,10,3000,32620,191,0,0,1,1,1
B,1,42,Sorted-desc,Insert-flood,11,3300,32888,191,0,0,1,1,1
B,1,42,Sorted-desc,Insert-flood,12,3600,33156,191,0,0,1,1,1
B,1,42,Sorted-desc,Insert-flood,13,3900,33417,191,0,0,1,1,1
B,1,42,Sorted-desc,Insert-flood,14,4200,33665,191,0,0,1,1,1
B,1,42,Sorted-desc,Insert-flood,15,4500,33924,191,0,0,1,1,1
B,1,42,Sorted-desc,Insert-flood,16,4800,34183,192,0,0,1,1,1
B,1,42,Sorted-desc,Insert-flood,17,5100,34443,192,0,0,1,1,1
B,1,42,Sorted-desc,Insert-flood,18,5400,34701,192,0,0,1,1,1
B,1,42,Sorted-desc,Insert-flood,19,5700,34967,192,0,0,1,1,1
B,1,42,Sorted-desc,Insert-flood,20,6000,35223,192,0,0,1,1,1
B,1,42,Sorted-desc,Insert-flood,21,6300,35484,192,0,0,1,1,1
B,1,42,Sorted-desc,Insert-flood,22,6600,35745,192,0,0,1,1,1
B,1,42,Sorted-desc,Insert-flood,23,6900,36009,192,0,0,1,1,1
B,1,42,Sorted-desc,Insert-flood,24,7200,36264,192,0,0,1,1,1
B,1,42,Sorted-desc,Insert-flood,25,7500,36527,192,0,0,1,1,1
B,1,42,Sorted-desc,Insert-flood,26,7800,36785,192,0,0,1,1,1
B,1,42,Sorted-desc,Insert-flood,27,8100,37039,192,0,0,1,1,1
B,1,42,Sorted-desc,Insert-flood,28,8400,37284,192,0,0,1,1,1
B,1,42,Sorted-desc,Insert-flood,29,8700,37539,192,0,0,1,1,1
B,1,42,Sorted-desc,Insert-flood,30,9000,37797,192,0,0,1,1,1
B,1,42,Sorted-desc,Insert-flood,31,9300,38048,193,0,0,1,1,1
B,1,42,Sorted-desc,Insert-flood,32,9600,38303,193,0,0,1,1,1
B,1,42,Sorted-desc,Insert-flood,33,9900,38560,193,0,0,1,1,1
B,1,42,Sorted-desc,Insert-flood,34,10200,38827,193,0,0,1,1,1
B,1,42,Sorted-desc,Insert-flood,35,10500,39086,193,0,0,1,1,1
B,1,42,Sorted-desc,Insert-flood,36,10800,39353,193,0,0,1,1,1
B,1,42,Sorted-desc,Insert-flood,37,11100,39612,193,0,0,1,1,1
B,1,42,Sorted-desc,Insert-flood,38,11400,39866,193,0,0,1,1,1
B,1,42,Sorted-desc,Insert-flood,39,11700,40125,195,0,0,1,1,1
B,1,42,Sorted-desc,Insert-flood,40,12000,40385,195,0,0,1,1,1
B,1,42,Sorted-desc,Insert-flood,41,12300,40644,195,0,0,1,1,1
B,1,42,Sorted-desc,Insert-flood,42,12600,40909,195,0,0,1,1,1
B,1,42,Sorted-desc,Insert-flood,43,12900,41181,195,0,0,1,1,1
B,1,42,Sorted-desc,Insert-flood,44,13200,41425,195,0,0,1,1,1
B,1,42,Sorted-desc,Insert-flood,45,13500,41683,195,0,0,1,1,1
B,1,42,Sorted-desc,Insert-flood,46,13800,41948,195,0,0,1,1,1
B,1,42,Sorted-desc,Insert-flood,47,14100,42210,195,0,0,1,1,1
B,1,42,Sorted-desc,Insert-flood,48,14400,42468,195,0,0,1,1,1
B,1,42,Sorted-desc,Insert-flood,49,14700,42724,195,0,0,1,1,1
B,1,42,Sorted-desc,Insert-flood,50,15000,42982,195,0,0,1,1,1
B,1,42,Sorted-desc,Insert-flood,51,15300,43241,195,0,0,1,1,1
B,1,42,Sorted-desc,Insert-flood,52,15600,43508,195,0,0,1,1,1
B,1,42,Sorted-desc,Insert-flood,53,15900,43772,195,0,0,1,1,1
B,1,42,Sorted-desc,Insert-flood,54,16200,44025,197,0,0,1,1,1
B,1,42,Sorted-desc,Insert-flood,55,16500,44291,197,-1,-1,0,0,2
B,1,42,Sorted-desc,Insert-flood,56,16800,44550,197,0,0,1,1,2
B,1,42,Sorted-desc,Insert-flood,57,17100,44810,197,0,0,1,1,2
B,1,42,Sorted-desc,Insert-flood,58,17400,45072,197,0,0,1,1,2
B,1,42,Sorted-desc,Insert-flood,59,17700,45330,197,0,0,1,1,2
B,1,42,Sorted-desc,Insert-flood,60,18000,45589,197,-1,-1,0,0,3
B,1,42,Sorted-desc,Insert-flood,61,18300,45848,197,-1,-1,0,0,4
B,1,42,Sorted-desc,Insert-flood,62,18600,46108,200,0,0,1,1,4
B,1,42,Sorted-desc,Insert-flood,63,18900,46364,200,0,0,1,1,4
B,1,42,Sorted-desc,Insert-flood,64,19200,46618,200,0,0,1,1,4
B,1,42,Sorted-desc,Insert-flood,65,19500,46872,200,0,0,1,1,4
B,1,42,Sorted-desc,Insert-flood,66,19800,47134,200,0,0,1,1,4
B,1,42,Sorted-desc,Insert-flood,67,20100,47395,200,0,0,1,1,4
B,1,42,Sorted-desc,Insert-flood,68,20400,47647,200,0,0,1,1,4
B,1,42,Sorted-desc,Insert-flood,69,20700,47907,200,0,0,1,1,4
B,1,42,Sorted-desc,Insert-flood,70,21000,48174,204,0,0,1,1,4
B,1,42,Sorted-desc,Insert-flood,71,21300,48441,204,0,0,1,1,4
B,1,42,Sorted-desc,Insert-flood,72,21600,48709,204,0,0,1,1,4
B,1,42,Sorted-desc,Insert-flood,73,21900,48972,204,0,0,1,1,4
B,1,42,Sorted-desc,Insert-flood,74,22200,49224,204,0,0,1,1,4
B,1,42,Sorted-desc,Insert-flood,75,22500,49482,204,0,0,1,1,4
B,1,42,Sorted-desc,Insert-flood,76,22800,49740,204,0,0,1,1,4
B,1,42,Sorted-desc,Insert-flood,77,23100,50007,205,0,0,1,1,4
B,1,42,Sorted-desc,Insert-flood,78,23400,50262,205,-1,-1,0,0,5
B,1,42,Sorted-desc,Insert-flood,79,23700,50517,205,-1,-1,0,0,6
B,1,42,Sorted-desc,Insert-flood,80,24000,50781,205,0,0,1,1,6
B,1,42,Sorted-desc,Insert-flood,81,24300,51045,205,0,0,1,1,6
B,1,42,Sorted-desc,Insert-flood,82,24600,51311,205,0,0,1,1,6
B,1,42,Sorted-desc,Insert-flood,83,24900,51567,205,0,0,1,1,6
B,1,42,Sorted-desc,Insert-flood,84,25000,51656,205,0,0,1,1,6
B,1,42,Sorted-desc,Delete-flood,1,300,29993,180,0,0,1,1,0
B,1,42,Sorted-desc,Delete-flood,2,600,29972,180,-1,-1,0,0,1
B,1,42,Sorted-desc,Delete-flood,3,900,29951,180,-1,-1,0,0,2
B,1,42,Sorted-desc,Delete-flood,4,1200,29923,180,-1,-1,0,0,3
B,1,42,Sorted-desc,Delete-flood,5,1500,29902,180,-1,-1,0,0,4
B,1,42,Sorted-desc,Delete-flood,6,1800,29877,180,-1,-1,0,0,5
B,1,42,Sorted-desc,Delete-flood,7,2100,29868,180,0,0,1,1,5
B,1,42,Sorted-desc,Delete-flood,8,2400,29849,180,0,0,1,1,5
B,1,42,Sorted-desc,Delete-flood,9,2700,29837,180,0,0,1,1,5
B,1,42,Sorted-desc,Delete-flood,10,3000,29819,180,0,0,1,1,5
B,1,42,Sorted-desc,Delete-flood,11,3300,29810,180,0,0,1,1,5
B,1,42,Sorted-desc,Delete-flood,12,3600,29799,180,0,0,1,1,5
B,1,42,Sorted-desc,Delete-flood,13,3900,29788,180,0,0,1,1,5
B,1,42,Sorted-desc,Delete-flood,14,4200,29769,180,0,0,1,1,5
B,1,42,Sorted-desc,Delete-flood,15,4500,29759,180,-1,-1,0,0,6
B,1,42,Sorted-desc,Delete-flood,16,4800,29745,180,-1,-1,0,0,7
B,1,42,Sorted-desc,Delete-flood,17,5100,29730,180,-1,-1,0,0,8
B,1,42,Sorted-desc,Delete-flood,18,5400,29721,180,-1,-1,0,0,9
B,1,42,Sorted-desc,Delete-flood,19,5700,29704,180,-1,-1,0,0,10
B,1,42,Sorted-desc,Delete-flood,20,6000,29685,180,-1,-1,0,0,11
B,1,42,Sorted-desc,Delete-flood,21,6300,29673,180,0,0,1,1,11
B,1,42,Sorted-desc,Delete-flood,22,6600,29655,180,0,0,1,1,11
B,1,42,Sorted-desc,Delete-flood,23,6900,29646,180,0,0,1,1,11
B,1,42,Sorted-desc,Delete-flood,24,7200,29631,180,0,0,1,1,11
B,1,42,Sorted-desc,Delete-flood,25,7500,29616,180,0,0,1,1,11
B,1,42,Sorted-desc,Delete-flood,26,7800,29605,180,0,0,1,1,11
B,1,42,Sorted-desc,Delete-flood,27,8100,29593,180,0,0,1,1,11
B,1,42,Sorted-desc,Delete-flood,28,8400,29571,180,0,0,1,1,11
B,1,42,Sorted-desc,Delete-flood,29,8700,29549,180,0,0,1,1,11
B,1,42,Sorted-desc,Delete-flood,30,9000,29534,180,0,0,1,1,11
B,1,42,Sorted-desc,Delete-flood,31,9300,29521,180,0,0,1,1,11
B,1,42,Sorted-desc,Delete-flood,32,9600,29512,180,0,0,1,1,11
B,1,42,Sorted-desc,Delete-flood,33,9900,29503,180,0,0,1,1,11
B,1,42,Sorted-desc,Delete-flood,34,10200,29495,180,0,0,1,1,11
B,1,42,Sorted-desc,Delete-flood,35,10500,29476,180,0,0,1,1,11
B,1,42,Sorted-desc,Delete-flood,36,10800,29464,180,0,0,1,1,11
B,1,42,Sorted-desc,Delete-flood,37,11100,29451,180,0,0,1,1,11
B,1,42,Sorted-desc,Delete-flood,38,11400,29433,180,0,0,1,1,11
B,1,42,Sorted-desc,Delete-flood,39,11700,29412,180,0,0,1,1,11
B,1,42,Sorted-desc,Delete-flood,40,12000,29391,180,0,0,1,1,11
B,1,42,Sorted-desc,Delete-flood,41,12300,29378,180,0,0,1,1,11
B,1,42,Sorted-desc,Delete-flood,42,12600,29364,180,0,0,1,1,11
B,1,42,Sorted-desc,Delete-flood,43,12900,29348,180,0,0,1,1,11
B,1,42,Sorted-desc,Delete-flood,44,13200,29341,180,0,0,1,1,11
B,1,42,Sorted-desc,Delete-flood,45,13500,29328,180,0,0,1,1,11
B,1,42,Sorted-desc,Delete-flood,46,13800,29313,180,0,0,1,1,11
B,1,42,Sorted-desc,Delete-flood,47,14100,29302,180,0,0,1,1,11
B,1,42,Sorted-desc,Delete-flood,48,14400,29285,184,0,0,1,1,11
B,1,42,Sorted-desc,Delete-flood,49,14700,29274,184,0,0,1,1,11
B,1,42,Sorted-desc,Delete-flood,50,15000,29253,184,0,0,1,1,11
B,1,42,Sorted-desc,Delete-flood,51,15300,29248,184,0,0,1,1,11
B,1,42,Sorted-desc,Delete-flood,52,15600,29241,184,0,0,1,1,11
B,1,42,Sorted-desc,Delete-flood,53,15900,29239,184,0,0,1,1,11
B,1,42,Sorted-desc,Delete-flood,54,16200,29220,184,0,0,1,1,11
B,1,42,Sorted-desc,Delete-flood,55,16500,29209,184,0,0,1,1,11
B,1,42,Sorted-desc,Delete-flood,56,16800,29191,184,0,0,1,1,11
B,1,42,Sorted-desc,Delete-flood,57,17100,29177,184,0,0,1,1,11
B,1,42,Sorted-desc,Delete-flood,58,17400,29172,184,0,0,1,1,11
B,1,42,Sorted-desc,Delete-flood,59,17700,29145,184,0,0,1,1,11
B,1,42,Sorted-desc,Delete-flood,60,18000,29141,184,0,0,1,1,11
B,1,42,Sorted-desc,Delete-flood,61,18300,29109,184,0,0,1,1,11
B,1,42,Sorted-desc,Delete-flood,62,18600,29091,184,0,0,1,1,11
B,1,42,Sorted-desc,Delete-flood,63,18900,29086,184,0,0,1,1,11
B,1,42,Sorted-desc,Delete-flood,64,19200,29070,184,0,0,1,1,11
B,1,42,Sorted-desc,Delete-flood,65,19500,29056,184,0,0,1,1,11
B,1,42,Sorted-desc,Delete-flood,66,19800,29051,184,0,0,1,1,11
B,1,42,Sorted-desc,Delete-flood,67,20100,29044,184,0,0,1,1,11
B,1,42,Sorted-desc,Delete-flood,68,20400,29024,184,0,0,1,1,11
B,1,42,Sorted-desc,Delete-flood,69,20700,29013,184,0,0,1,1,11
B,1,42,Sorted-desc,Delete-flood,70,21000,28993,184,0,0,1,1,11
B,1,42,Sorted-desc,Delete-flood,71,21300,28993,184,0,0,1,1,11
B,1,42,Sorted-desc,Delete-flood,72,21600,28990,184,0,0,1,1,11
B,1,42,Sorted-desc,Delete-flood,73,21900,28967,184,0,0,1,1,11
B,1,42,Sorted-desc,Delete-flood,74,22200,28955,184,0,0,1,1,11
B,1,42,Sorted-desc,Delete-flood,75,22500,28943,184,0,0,1,1,11
B,1,42,Sorted-desc,Delete-flood,76,22800,28930,184,0,0,1,1,11
B,1,42,Sorted-desc,Delete-flood,77,23100,28922,184,0,0,1,1,11
B,1,42,Sorted-desc,Delete-flood,78,23400,28912,184,0,0,1,1,11
B,1,42,Sorted-desc,Delete-flood,79,23700,28900,184,0,0,1,1,11
B,1,42,Sorted-desc,Delete-flood,80,24000,28893,184,0,0,1,1,11
B,1,42,Sorted-desc,Delete-flood,81,24300,28871,184,0,0,1,1,11
B,1,42,Sorted-desc,Delete-flood,82,24600,28855,184,0,0,1,1,11
B,1,42,Sorted-desc,Delete-flood,83,24900,28836,184,0,0,1,1,11
B,1,42,Sorted-desc,Delete-flood,84,25000,28827,184,0,0,1,1,11
B,1,42,Sorted-desc,Write-heavy,1,300,30130,180,-1,-1,0,0,1
B,1,42,Sorted-desc,Write-heavy,2,600,30254,180,-1,-1,0,0,2
B,1,42,Sorted-desc,Write-heavy,3,900,30381,180,0,0,1,1,2
B,1,42,Sorted-desc,Write-heavy,4,1200,30488,180,0,0,1,1,2
B,1,42,Sorted-desc,Write-heavy,5,1500,30611,180,0,0,1,1,2
B,1,42,Sorted-desc,Write-heavy,6,1800,30733,180,0,0,1,1,2
B,1,42,Sorted-desc,Write-heavy,7,2100,30858,180,0,0,1,1,2
B,1,42,Sorted-desc,Write-heavy,8,2400,30986,180,0,0,1,1,2
B,1,42,Sorted-desc,Write-heavy,9,2700,31112,180,0,0,1,1,2
B,1,42,Sorted-desc,Write-heavy,10,3000,31243,180,0,0,1,1,2
B,1,42,Sorted-desc,Write-heavy,11,3300,31373,180,0,0,1,1,2
B,1,42,Sorted-desc,Write-heavy,12,3600,31506,180,0,0,1,1,2
B,1,42,Sorted-desc,Write-heavy,13,3900,31635,180,0,0,1,1,2
B,1,42,Sorted-desc,Write-heavy,14,4200,31759,190,0,0,1,1,2
B,1,42,Sorted-desc,Write-heavy,15,4500,31875,190,0,0,1,1,2
B,1,42,Sorted-desc,Write-heavy,16,4800,31995,190,0,0,1,1,2
B,1,42,Sorted-desc,Write-heavy,17,5100,32119,190,0,0,1,1,2
B,1,42,Sorted-desc,Write-heavy,18,5400,32235,190,0,0,1,1,2
B,1,42,Sorted-desc,Write-heavy,19,5700,32370,190,0,0,1,1,2
B,1,42,Sorted-desc,Write-heavy,20,6000,32476,190,0,0,1,1,2
B,1,42,Sorted-desc,Write-heavy,21,6300,32596,190,0,0,1,1,2
B,1,42,Sorted-desc,Write-heavy,22,6600,32716,190,0,0,1,1,2
B,1,42,Sorted-desc,Write-heavy,23,6900,32834,190,0,0,1,1,2
B,1,42,Sorted-desc,Write-heavy,24,7200,32958,190,0,0,1,1,2
B,1,42,Sorted-desc,Write-heavy,25,7500,33066,190,0,0,1,1,2
B,1,42,Sorted-desc,Write-heavy,26,7800,33182,190,0,0,1,1,2
B,1,42,Sorted-desc,Write-heavy,27,8100,33297,190,0,0,1,1,2
B,1,42,Sorted-desc,Write-heavy,28,8400,33410,196,0,0,1,1,2
B,1,42,Sorted-desc,Write-heavy,29,8700,33529,196,0,0,1,1,2
B,1,42,Sorted-desc,Write-heavy,30,9000,33658,196,0,0,1,1,2
B,1,42,Sorted-desc,Write-heavy,31,9300,33792,196,0,0,1,1,2
B,1,42,Sorted-desc,Write-heavy,32,9600,33926,196,0,0,1,1,2
B,1,42,Sorted-desc,Write-heavy,33,9900,34044,196,-1,-1,0,0,3
B,1,42,Sorted-desc,Write-heavy,34,10200,34170,196,-1,-1,0,0,4
B,1,42,Sorted-desc,Write-heavy,35,10500,34301,196,-1,-1,0,0,5
B,1,42,Sorted-desc,Write-heavy,36,10800,34415,196,0,0,1,1,5
B,1,42,Sorted-desc,Write-heavy,37,11100,34542,196,0,0,1,1,5
B,1,42,Sorted-desc,Write-heavy,38,11400,34654,196,0,0,1,1,5
B,1,42,Sorted-desc,Write-heavy,39,11700,34786,196,0,0,1,1,5
B,1,42,Sorted-desc,Write-heavy,40,12000,34911,196,0,0,1,1,5
B,1,42,Sorted-desc,Write-heavy,41,12300,35048,202,0,0,1,1,5
B,1,42,Sorted-desc,Write-heavy,42,12600,35188,202,0,0,1,1,5
B,1,42,Sorted-desc,Write-heavy,43,12900,35307,202,0,0,1,1,5
B,1,42,Sorted-desc,Write-heavy,44,13200,35411,202,0,0,1,1,5
B,1,42,Sorted-desc,Write-heavy,45,13500,35555,202,0,0,1,1,5
B,1,42,Sorted-desc,Write-heavy,46,13800,35671,202,0,0,1,1,5
B,1,42,Sorted-desc,Write-heavy,47,14100,35792,202,0,0,1,1,5
B,1,42,Sorted-desc,Write-heavy,48,14400,35920,202,0,0,1,1,5
B,1,42,Sorted-desc,Write-heavy,49,14700,36036,202,0,0,1,1,5
B,1,42,Sorted-desc,Write-heavy,50,15000,36153,202,0,0,1,1,5
B,1,42,Sorted-desc,Write-heavy,51,15300,36271,202,0,0,1,1,5
B,1,42,Sorted-desc,Write-heavy,52,15600,36406,202,0,0,1,1,5
B,1,42,Sorted-desc,Write-heavy,53,15900,36541,202,0,0,1,1,5
B,1,42,Sorted-desc,Write-heavy,54,16200,36663,202,0,0,1,1,5
B,1,42,Sorted-desc,Write-heavy,55,16500,36778,205,0,0,1,1,5
B,1,42,Sorted-desc,Write-heavy,56,16800,36902,205,0,0,1,1,5
B,1,42,Sorted-desc,Write-heavy,57,17100,37011,205,0,0,1,1,5
B,1,42,Sorted-desc,Write-heavy,58,17400,37135,205,0,0,1,1,5
B,1,42,Sorted-desc,Write-heavy,59,17700,37253,205,0,0,1,1,5
B,1,42,Sorted-desc,Write-heavy,60,18000,37375,205,0,0,1,1,5
B,1,42,Sorted-desc,Write-heavy,61,18300,37505,205,0,0,1,1,5
B,1,42,Sorted-desc,Write-heavy,62,18600,37607,205,0,0,1,1,5
B,1,42,Sorted-desc,Write-heavy,63,18900,37717,205,0,0,1,1,5
B,1,42,Sorted-desc,Write-heavy,64,19200,37830,205,0,0,1,1,5
B,1,42,Sorted-desc,Write-heavy,65,19500,37971,205,0,0,1,1,5
B,1,42,Sorted-desc,Write-heavy,66,19800,38073,205,0,0,1,1,5
B,1,42,Sorted-desc,Write-heavy,67,20100,38184,205,0,0,1,1,5
B,1,42,Sorted-desc,Write-heavy,68,20400,38303,205,0,0,1,1,5
B,1,42,Sorted-desc,Write-heavy,69,20700,38423,209,0,0,1,1,5
B,1,42,Sorted-desc,Write-heavy,70,21000,38542,209,0,0,1,1,5
B,1,42,Sorted-desc,Write-heavy,71,21300,38662,209,0,0,1,1,5
B,1,42,Sorted-desc,Write-heavy,72,21600,38785,209,0,0,1,1,5
B,1,42,Sorted-desc,Write-heavy,73,21900,38915,209,0,0,1,1,5
B,1,42,Sorted-desc,Write-heavy,74,22200,39036,209,0,0,1,1,5
B,1,42,Sorted-desc,Write-heavy,75,22500,39158,209,0,0,1,1,5
B,1,42,Sorted-desc,Write-heavy,76,22800,39277,209,-1,-1,0,0,6
B,1,42,Sorted-desc,Write-heavy,77,23100,39411,209,-1,-1,0,0,7
B,1,42,Sorted-desc,Write-heavy,78,23400,39534,209,0,0,1,1,7
B,1,42,Sorted-desc,Write-heavy,79,23700,39667,209,0,0,1,1,7
B,1,42,Sorted-desc,Write-heavy,80,24000,39779,209,0,0,1,1,7
B,1,42,Sorted-desc,Write-heavy,81,24300,39912,209,0,0,1,1,7
B,1,42,Sorted-desc,Write-heavy,82,24600,40034,212,0,0,1,1,7
B,1,42,Sorted-desc,Write-heavy,83,24900,40146,212,-1,-1,0,0,8
B,1,42,Sorted-desc,Write-heavy,84,25000,40182,212,-1,-1,0,0,9
B,1,42,Localized,Balanced,1,300,16913,46,0,0,1,1,0
B,1,42,Localized,Balanced,2,600,17019,46,0,0,1,1,0
B,1,42,Localized,Balanced,3,900,17092,46,0,0,1,1,0
B,1,42,Localized,Balanced,4,1200,17197,46,0,0,1,1,0
B,1,42,Localized,Balanced,5,1500,17298,46,0,0,1,1,0
B,1,42,Localized,Balanced,6,1800,17402,46,0,0,1,1,0
B,1,42,Localized,Balanced,7,2100,17517,46,0,0,1,1,0
B,1,42,Localized,Balanced,8,2400,17617,46,0,0,1,1,0
B,1,42,Localized,Balanced,9,2700,17708,46,0,0,1,1,0
B,1,42,Localized,Balanced,10,3000,17795,46,0,0,1,1,0
B,1,42,Localized,Balanced,11,3300,17888,46,0,0,1,1,0
B,1,42,Localized,Balanced,12,3600,17983,58,0,0,1,1,0
B,1,42,Localized,Balanced,13,3900,18066,58,0,0,1,1,0
B,1,42,Localized,Balanced,14,4200,18162,58,0,0,1,1,0
B,1,42,Localized,Balanced,15,4500,18265,58,0,0,1,1,0
B,1,42,Localized,Balanced,16,4800,18365,58,0,0,1,1,0
B,1,42,Localized,Balanced,17,5100,18474,58,0,0,1,1,0
B,1,42,Localized,Balanced,18,5400,18560,58,0,0,1,1,0
B,1,42,Localized,Balanced,19,5700,18666,58,0,0,1,1,0
B,1,42,Localized,Balanced,20,6000,18756,58,0,0,1,1,0
B,1,42,Localized,Balanced,21,6300,18855,58,0,0,1,1,0
B,1,42,Localized,Balanced,22,6600,18958,58,0,0,1,1,0
B,1,42,Localized,Balanced,23,6900,19067,58,0,0,1,1,0
B,1,42,Localized,Balanced,24,7200,19157,58,0,0,1,1,0
B,1,42,Localized,Balanced,25,7500,19247,58,0,0,1,1,0
B,1,42,Localized,Balanced,26,7800,19352,58,0,0,1,1,0
B,1,42,Localized,Balanced,27,8100,19446,58,0,0,1,1,0
B,1,42,Localized,Balanced,28,8400,19536,58,0,0,1,1,0
B,1,42,Localized,Balanced,29,8700,19629,58,0,0,1,1,0
B,1,42,Localized,Balanced,30,9000,19728,58,0,0,1,1,0
B,1,42,Localized,Balanced,31,9300,19828,58,0,0,1,1,0
B,1,42,Localized,Balanced,32,9600,19924,58,0,0,1,1,0
B,1,42,Localized,Balanced,33,9900,20024,67,0,0,1,1,0
B,1,42,Localized,Balanced,34,10200,20129,67,0,0,1,1,0
B,1,42,Localized,Balanced,35,10500,20235,67,0,0,1,1,0
B,1,42,Localized,Balanced,36,10800,20323,67,0,0,1,1,0
B,1,42,Localized,Balanced,37,11100,20417,67,0,0,1,1,0
B,1,42,Localized,Balanced,38,11400,20512,67,0,0,1,1,0
B,1,42,Localized,Balanced,39,11700,20618,67,0,0,1,1,0
B,1,42,Localized,Balanced,40,12000,20711,67,0,0,1,1,0
B,1,42,Localized,Balanced,41,12300,20807,67,0,0,1,1,0
B,1,42,Localized,Balanced,42,12600,20896,67,0,0,1,1,0
B,1,42,Localized,Balanced,43,12900,20989,67,0,0,1,1,0
B,1,42,Localized,Balanced,44,13200,21097,67,-1,-1,0,0,1
B,1,42,Localized,Balanced,45,13500,21194,67,0,0,1,1,1
B,1,42,Localized,Balanced,46,13800,21292,67,0,0,1,1,1
B,1,42,Localized,Balanced,47,14100,21393,67,0,0,1,1,1
B,1,42,Localized,Balanced,48,14400,21482,67,0,0,1,1,1
B,1,42,Localized,Balanced,49,14700,21586,67,0,0,1,1,1
B,1,42,Localized,Balanced,50,15000,21672,67,0,0,1,1,1
B,1,42,Localized,Balanced,51,15300,21760,67,0,0,1,1,1
B,1,42,Localized,Balanced,52,15600,21859,67,0,0,1,1,1
B,1,42,Localized,Balanced,53,15900,21945,70,0,0,1,1,1
B,1,42,Localized,Balanced,54,16200,22039,70,0,0,1,1,1
B,1,42,Localized,Balanced,55,16500,22142,70,0,0,1,1,1
B,1,42,Localized,Balanced,56,16800,22248,70,0,0,1,1,1
B,1,42,Localized,Balanced,57,17100,22360,70,0,0,1,1,1
B,1,42,Localized,Balanced,58,17400,22459,70,0,0,1,1,1
B,1,42,Localized,Balanced,59,17700,22541,70,0,0,1,1,1
B,1,42,Localized,Balanced,60,18000,22626,70,0,0,1,1,1
B,1,42,Localized,Balanced,61,18300,22724,70,0,0,1,1,1
B,1,42,Localized,Balanced,62,18600,22829,70,0,0,1,1,1
B,1,42,Localized,Balanced,63,18900,22922,70,0,0,1,1,1
B,1,42,Localized,Balanced,64,19200,23023,70,0,0,1,1,1
B,1,42,Localized,Balanced,65,19500,23123,70,0,0,1,1,1
B,1,42,Localized,Balanced,66,19800,23216,70,0,0,1,1,1
B,1,42,Localized,Balanced,67,20100,23310,70,0,0,1,1,1
B,1,42,Localized,Balanced,68,20400,23426,70,0,0,1,1,1
B,1,42,Localized,Balanced,69,20700,23532,70,0,0,1,1,1
B,1,42,Localized,Balanced,70,21000,23632,70,0,0,1,1,1
B,1,42,Localized,Balanced,71,21300,23728,70,0,0,1,1,1
B,1,42,Localized,Balanced,72,21600,23831,70,0,0,1,1,1
B,1,42,Localized,Balanced,73,21900,23923,70,0,0,1,1,1
B,1,42,Localized,Balanced,74,22200,24025,70,0,0,1,1,1
B,1,42,Localized,Balanced,75,22500,24117,70,0,0,1,1,1
B,1,42,Localized,Balanced,76,22800,24207,70,0,0,1,1,1
B,1,42,Localized,Balanced,77,23100,24311,70,0,0,1,1,1
B,1,42,Localized,Balanced,78,23400,24400,70,0,0,1,1,1
B,1,42,Localized,Balanced,79,23700,24491,70,0,0,1,1,1
B,1,42,Localized,Balanced,80,24000,24587,70,0,0,1,1,1
B,1,42,Localized,Balanced,81,24300,24700,70,0,0,1,1,1
B,1,42,Localized,Balanced,82,24600,24791,70,0,0,1,1,1
B,1,42,Localized,Balanced,83,24900,24897,70,0,0,1,1,1
B,1,42,Localized,Balanced,84,25000,24932,70,0,0,1,1,1
B,1,42,Localized,Insert-flood,1,300,17098,46,0,0,1,1,0
B,1,42,Localized,Insert-flood,2,600,17383,46,0,0,1,1,0
B,1,42,Localized,Insert-flood,3,900,17672,46,-1,-1,0,0,1
B,1,42,Localized,Insert-flood,4,1200,17959,46,0,0,1,1,1
B,1,42,Localized,Insert-flood,5,1500,18248,58,0,0,1,1,1
B,1,42,Localized,Insert-flood,6,1800,18532,58,0,0,1,1,1
B,1,42,Localized,Insert-flood,7,2100,18817,58,0,0,1,1,1
B,1,42,Localized,Insert-flood,8,2400,19104,58,0,0,1,1,1
B,1,42,Localized,Insert-flood,9,2700,19390,58,0,0,1,1,1
B,1,42,Localized,Insert-flood,10,3000,19675,58,0,0,1,1,1
B,1,42,Localized,Insert-flood,11,3300,19965,58,0,0,1,1,1
B,1,42,Localized,Insert-flood,12,3600,20247,68,0,0,1,1,1
B,1,42,Localized,Insert-flood,13,3900,20528,68,0,0,1,1,1
B,1,42,Localized,Insert-flood,14,4200,20816,68,0,0,1,1,1
B,1,42,Localized,Insert-flood,15,4500,21106,68,0,0,1,1,1
B,1,42,Localized,Insert-flood,16,4800,21391,68,0,0,1,1,1
B,1,42,Localized,Insert-flood,17,5100,21682,68,0,0,1,1,1
B,1,42,Localized,Insert-flood,18,5400,21971,68,0,0,1,1,1
B,1,42,Localized,Insert-flood,19,5700,22255,76,0,0,1,1,1
B,1,42,Localized,Insert-flood,20,6000,22541,76,0,0,1,1,1
B,1,42,Localized,Insert-flood,21,6300,22831,76,-1,-1,0,0,2
B,1,42,Localized,Insert-flood,22,6600,23118,76,0,0,1,1,2
B,1,42,Localized,Insert-flood,23,6900,23405,76,0,0,1,1,2
B,1,42,Localized,Insert-flood,24,7200,23693,76,0,0,1,1,2
B,1,42,Localized,Insert-flood,25,7500,23979,76,0,0,1,1,2
B,1,42,Localized,Insert-flood,26,7800,24269,82,0,0,1,1,2
B,1,42,Localized,Insert-flood,27,8100,24554,82,0,0,1,1,2
B,1,42,Localized,Insert-flood,28,8400,24844,82,0,0,1,1,2
B,1,42,Localized,Insert-flood,29,8700,25136,82,0,0,1,1,2
B,1,42,Localized,Insert-flood,30,9000,25427,82,0,0,1,1,2
B,1,42,Localized,Insert-flood,31,9300,25707,82,0,0,1,1,2
B,1,42,Localized,Insert-flood,32,9600,25994,88,0,0,1,1,2
B,1,42,Localized,Insert-flood,33,9900,26282,88,0,0,1,1,2
B,1,42,Localized,Insert-flood,34,10200,26572,88,0,0,1,1,2
B,1,42,Localized,Insert-flood,35,10500,26862,88,0,0,1,1,2
B,1,42,Localized,Insert-flood,36,10800,27144,88,0,0,1,1,2
B,1,42,Localized,Insert-flood,37,11100,27433,88,0,0,1,1,2
B,1,42,Localized,Insert-flood,38,11400,27722,88,0,0,1,1,2
B,1,42,Localized,Insert-flood,39,11700,28005,96,0,0,1,1,2
B,1,42,Localized,Insert-flood,40,12000,28286,96,0,0,1,1,2
B,1,42,Localized,Insert-flood,41,12300,28572,96,0,0,1,1,2
B,1,42,Localized,Insert-flood,42,12600,28861,96,0,0,1,1,2
B,1,42,Localized,Insert-flood,43,12900,29156,96,0,0,1,1,2
B,1,42,Localized,Insert-flood,44,13200,29442,96,0,0,1,1,2
B,1,42,Localized,Insert-flood,45,13500,29733,96,0,0,1,1,2
B,1,42,Localized,Insert-flood,46,13800,30019,100,0,0,1,1,2
B,1,42,Localized,Insert-flood,47,14100,30305,100,-1,-1,0,0,3
B,1,42,Localized,Insert-flood,48,14400,30592,100,0,0,1,1,3
B,1,42,Localized,Insert-flood,49,14700,30881,100,0,0,1,1,3
B,1,42,Localized,Insert-flood,50,15000,31170,100,0,0,1,1,3
B,1,42,Localized,Insert-flood,51,15300,31460,100,0,0,1,1,3
B,1,42,Localized,Insert-flood,52,15600,31746,100,0,0,1,1,3
B,1,42,Localized,Insert-flood,53,15900,32038,107,0,0,1,1,3
B,1,42,Localized,Insert-flood,54,16200,32322,107,0,0,1,1,3
B,1,42,Localized,Insert-flood,55,16500,32612,107,0,0,1,1,3
B,1,42,Localized,Insert-flood,56,16800,32892,107,0,0,1,1,3
B,1,42,Localized,Insert-flood,57,17100,33171,107,0,0,1,1,3
B,1,42,Localized,Insert-flood,58,17400,33462,107,0,0,1,1,3
B,1,42,Localized,Insert-flood,59,17700,33746,107,0,0,1,1,3
B,1,42,Localized,Insert-flood,60,18000,34035,111,-1,-1,0,0,4
B,1,42,Localized,Insert-flood,61,18300,34321,111,-1,-1,0,0,5
B,1,42,Localized,Insert-flood,62,18600,34607,111,-1,-1,0,0,6
B,1,42,Localized,Insert-flood,63,18900,34894,111,-1,-1,0,0,7
B,1,42,Localized,Insert-flood,64,19200,35179,111,-1,-1,0,0,8
B,1,42,Localized,Insert-flood,65,19500,35471,111,-1,-1,0,0,9
B,1,42,Localized,Insert-flood,66,19800,35758,111,-1,-1,0,0,10
B,1,42,Localized,Insert-flood,67,20100,36045,120,0,0,1,1,10
B,1,42,Localized,Insert-flood,68,20400,36328,120,0,0,1,1,10
B,1,42,Localized,Insert-flood,69,20700,36610,120,0,0,1,1,10
B,1,42,Localized,Insert-flood,70,21000,36897,120,0,0,1,1,10
B,1,42,Localized,Insert-flood,71,21300,37187,120,0,0,1,1,10
B,1,42,Localized,Insert-flood,72,21600,37473,120,0,0,1,1,10
B,1,42,Localized,Insert-flood,73,21900,37760,120,0,0,1,1,10
B,1,42,Localized,Insert-flood,74,22200,38046,124,0,0,1,1,10
B,1,42,Localized,Insert-flood,75,22500,38328,124,-1,-1,0,0,11
B,1,42,Localized,Insert-flood,76,22800,38610,124,0,0,1,1,11
B,1,42,Localized,Insert-flood,77,23100,38895,124,0,0,1,1,11
B,1,42,Localized,Insert-flood,78,23400,39183,124,0,0,1,1,11
B,1,42,Localized,Insert-flood,79,23700,39475,124,0,0,1,1,11
B,1,42,Localized,Insert-flood,80,24000,39757,124,0,0,1,1,11
B,1,42,Localized,Insert-flood,81,24300,40045,127,-1,-1,0,0,12
B,1,42,Localized,Insert-flood,82,24600,40334,127,0,0,1,1,12
B,1,42,Localized,Insert-flood,83,24900,40616,127,0,0,1,1,12
B,1,42,Localized,Insert-flood,84,25000,40707,127,0,0,1,1,12
B,1,42,Localized,Delete-flood,1,300,16819,46,0,0,1,1,0
B,1,42,Localized,Delete-flood,2,600,16828,46,0,0,1,1,0
B,1,42,Localized,Delete-flood,3,900,16843,46,0,0,1,1,0
B,1,42,Localized,Delete-flood,4,1200,16857,46,0,0,1,1,0
B,1,42,Localized,Delete-flood,5,1500,16876,46,0,0,1,1,0
B,1,42,Localized,Delete-flood,6,1800,16891,46,0,0,1,1,0
B,1,42,Localized,Delete-flood,7,2100,16909,46,0,0,1,1,0
B,1,42,Localized,Delete-flood,8,2400,16921,46,0,0,1,1,0
B,1,42,Localized,Delete-flood,9,2700,16942,46,0,0,1,1,0
B,1,42,Localized,Delete-flood,10,3000,16953,46,0,0,1,1,0
B,1,42,Localized,Delete-flood,11,3300,16966,46,0,0,1,1,0
B,1,42,Localized,Delete-flood,12,3600,16984,46,0,0,1,1,0
B,1,42,Localized,Delete-flood,13,3900,16988,46,0,0,1,1,0
B,1,42,Localized,Delete-flood,14,4200,17002,46,0,0,1,1,0
B,1,42,Localized,Delete-flood,15,4500,17016,46,0,0,1,1,0
B,1,42,Localized,Delete-flood,16,4800,17032,46,0,0,1,1,0
B,1,42,Localized,Delete-flood,17,5100,17049,46,0,0,1,1,0
B,1,42,Localized,Delete-flood,18,5400,17053,46,0,0,1,1,0
B,1,42,Localized,Delete-flood,19,5700,17067,46,0,0,1,1,0
B,1,42,Localized,Delete-flood,20,6000,17080,46,-1,-1,0,0,1
B,1,42,Localized,Delete-flood,21,6300,17094,46,-1,-1,0,0,2
B,1,42,Localized,Delete-flood,22,6600,17100,46,-1,-1,0,0,3
B,1,42,Localized,Delete-flood,23,6900,17109,46,-1,-1,0,0,4
B,1,42,Localized,Delete-flood,24,7200,17119,46,-1,-1,0,0,5
B,1,42,Localized,Delete-flood,25,7500,17143,46,-1,-1,0,0,6
B,1,42,Localized,Delete-flood,26,7800,17157,46,-1,-1,0,0,7
B,1,42,Localized,Delete-flood,27,8100,17169,46,-1,-1,0,0,8
B,1,42,Localized,Delete-flood,28,8400,17177,46,-1,-1,0,0,9
B,1,42,Localized,Delete-flood,29,8700,17190,46,-1,-1,0,0,10
B,1,42,Localized,Delete-flood,30,9000,17194,46,-1,-1,0,0,11
B,1,42,Localized,Delete-flood,31,9300,17205,46,-1,-1,0,0,12
B,1,42,Localized,Delete-flood,32,9600,17218,46,-1,-1,0,0,13
B,1,42,Localized,Delete-flood,33,9900,17221,46,-1,-1,0,0,14
B,1,42,Localized,Delete-flood,34,10200,17236,46,-1,-1,0,0,15
B,1,42,Localized,Delete-flood,35,10500,17249,46,-1,-1,0,0,16
B,1,42,Localized,Delete-flood,36,10800,17260,46,-1,-1,0,0,17
B,1,42,Localized,Delete-flood,37,11100,17269,46,-1,-1,0,0,18
B,1,42,Localized,Delete-flood,38,11400,17277,46,-1,-1,0,0,19
B,1,42,Localized,Delete-flood,39,11700,17288,46,-1,-1,0,0,20
B,1,42,Localized,Delete-flood,40,12000,17304,46,-1,-1,0,0,21
B,1,42,Localized,Delete-flood,41,12300,17316,46,-1,-1,0,0,22
B,1,42,Localized,Delete-flood,42,12600,17334,46,-1,-1,0,0,23
B,1,42,Localized,Delete-flood,43,12900,17351,46,-1,-1,0,0,24
B,1,42,Localized,Delete-flood,44,13200,17367,46,-1,-1,0,0,25
B,1,42,Localized,Delete-flood,45,13500,17377,46,-1,-1,0,0,26
B,1,42,Localized,Delete-flood,46,13800,17392,46,-1,-1,0,0,27
B,1,42,Localized,Delete-flood,47,14100,17397,46,-1,-1,0,0,28
B,1,42,Localized,Delete-flood,48,14400,17408,46,-1,-1,0,0,29
B,1,42,Localized,Delete-flood,49,14700,17423,46,-1,-1,0,0,30
B,1,42,Localized,Delete-flood,50,15000,17433,46,-1,-1,0,0,31
B,1,42,Localized,Delete-flood,51,15300,17440,46,-1,-1,0,0,32
B,1,42,Localized,Delete-flood,52,15600,17461,46,0,0,1,1,32
B,1,42,Localized,Delete-flood,53,15900,17472,46,0,0,1,1,32
B,1,42,Localized,Delete-flood,54,16200,17493,46,0,0,1,1,32
B,1,42,Localized,Delete-flood,55,16500,17500,46,0,0,1,1,32
B,1,42,Localized,Delete-flood,56,16800,17512,46,0,0,1,1,32
B,1,42,Localized,Delete-flood,57,17100,17526,46,0,0,1,1,32
B,1,42,Localized,Delete-flood,58,17400,17532,46,0,0,1,1,32
B,1,42,Localized,Delete-flood,59,17700,17543,46,0,0,1,1,32
B,1,42,Localized,Delete-flood,60,18000,17553,46,0,0,1,1,32
B,1,42,Localized,Delete-flood,61,18300,17565,46,0,0,1,1,32
B,1,42,Localized,Delete-flood,62,18600,17572,46,0,0,1,1,32
B,1,42,Localized,Delete-flood,63,18900,17583,46,0,0,1,1,32
B,1,42,Localized,Delete-flood,64,19200,17590,46,0,0,1,1,32
B,1,42,Localized,Delete-flood,65,19500,17607,46,0,0,1,1,32
B,1,42,Localized,Delete-flood,66,19800,17617,46,0,0,1,1,32
B,1,42,Localized,Delete-flood,67,20100,17630,46,0,0,1,1,32
B,1,42,Localized,Delete-flood,68,20400,17647,46,0,0,1,1,32
B,1,42,Localized,Delete-flood,69,20700,17650,46,0,0,1,1,32
B,1,42,Localized,Delete-flood,70,21000,17666,56,0,0,1,1,32
B,1,42,Localized,Delete-flood,71,21300,17671,56,0,0,1,1,32
B,1,42,Localized,Delete-flood,72,21600,17681,56,0,0,1,1,32
B,1,42,Localized,Delete-flood,73,21900,17697,56,0,0,1,1,32
B,1,42,Localized,Delete-flood,74,22200,17706,56,0,0,1,1,32
B,1,42,Localized,Delete-flood,75,22500,17714,56,0,0,1,1,32
B,1,42,Localized,Delete-flood,76,22800,17737,56,0,0,1,1,32
B,1,42,Localized,Delete-flood,77,23100,17748,56,0,0,1,1,32
B,1,42,Localized,Delete-flood,78,23400,17761,56,0,0,1,1,32
B,1,42,Localized,Delete-flood,79,23700,17762,56,0,0,1,1,32
B,1,42,Localized,Delete-flood,80,24000,17772,56,0,0,1,1,32
B,1,42,Localized,Delete-flood,81,24300,17784,56,0,0,1,1,32
B,1,42,Localized,Delete-flood,82,24600,17794,56,0,0,1,1,32
B,1,42,Localized,Delete-flood,83,24900,17807,56,0,0,1,1,32
B,1,42,Localized,Delete-flood,84,25000,17814,56,0,0,1,1,32
B,1,42,Localized,Write-heavy,1,300,16959,46,0,0,1,1,0
B,1,42,Localized,Write-heavy,2,600,17105,46,0,0,1,1,0
B,1,42,Localized,Write-heavy,3,900,17258,46,0,0,1,1,0
B,1,42,Localized,Write-heavy,4,1200,17412,46,0,0,1,1,0
B,1,42,Localized,Write-heavy,5,1500,17559,46,0,0,1,1,0
B,1,42,Localized,Write-heavy,6,1800,17697,46,0,0,1,1,0
B,1,42,Localized,Write-heavy,7,2100,17841,46,0,0,1,1,0
B,1,42,Localized,Write-heavy,8,2400,17978,46,0,0,1,1,0
B,1,42,Localized,Write-heavy,9,2700,18122,58,0,0,1,1,0
B,1,42,Localized,Write-heavy,10,3000,18288,58,0,0,1,1,0
B,1,42,Localized,Write-heavy,11,3300,18431,58,0,0,1,1,0
B,1,42,Localized,Write-heavy,12,3600,18584,58,0,0,1,1,0
B,1,42,Localized,Write-heavy,13,3900,18726,58,0,0,1,1,0
B,1,42,Localized,Write-heavy,14,4200,18875,58,0,0,1,1,0
B,1,42,Localized,Write-heavy,15,4500,19005,58,0,0,1,1,0
B,1,42,Localized,Write-heavy,16,4800,19158,58,0,0,1,1,0
B,1,42,Localized,Write-heavy,17,5100,19310,58,0,0,1,1,0
B,1,42,Localized,Write-heavy,18,5400,19460,58,0,0,1,1,0
B,1,42,Localized,Write-heavy,19,5700,19621,58,0,0,1,1,0
B,1,42,Localized,Write-heavy,20,6000,19750,58,0,0,1,1,0
B,1,42,Localized,Write-heavy,21,6300,19898,58,0,0,1,1,0
B,1,42,Localized,Write-heavy,22,6600,20039,61,0,0,1,1,0
B,1,42,Localized,Write-heavy,23,6900,20188,61,0,0,1,1,0
B,1,42,Localized,Write-heavy,24,7200,20323,61,0,0,1,1,0
B,1,42,Localized,Write-heavy,25,7500,20469,61,0,0,1,1,0
B,1,42,Localized,Write-heavy,26,7800,20609,61,0,0,1,1,0
B,1,42,Localized,Write-heavy,27,8100,20759,61,0,0,1,1,0
B,1,42,Localized,Write-heavy,28,8400,20915,61,-1,-1,0,0,1
B,1,42,Localized,Write-heavy,29,8700,21057,61,-1,-1,0,0,2
B,1,42,Localized,Write-heavy,30,9000,21203,61,0,0,1,1,2
B,1,42,Localized,Write-heavy,31,9300,21361,61,0,0,1,1,2
B,1,42,Localized,Write-heavy,32,9600,21515,61,0,0,1,1,2
B,1,42,Localized,Write-heavy,33,9900,21656,61,0,0,1,1,2
B,1,42,Localized,Write-heavy,34,10200,21807,61,0,0,1,1,2
B,1,42,Localized,Write-heavy,35,10500,21948,66,0,0,1,1,2
B,1,42,Localized,Write-heavy,36,10800,22099,66,0,0,1,1,2
B,1,42,Localized,Write-heavy,37,11100,22245,66,0,0,1,1,2
B,1,42,Localized,Write-heavy,38,11400,22403,65,0,0,1,1,2
B,1,42,Localized,Write-heavy,39,11700,22550,65,0,0,1,1,2
B,1,42,Localized,Write-heavy,40,12000,22704,65,-1,-1,0,0,3
B,1,42,Localized,Write-heavy,41,12300,22845,65,0,0,1,1,3
B,1,42,Localized,Write-heavy,42,12600,23003,65,0,0,1,1,3
B,1,42,Localized,Write-heavy,43,12900,23141,65,0,0,1,1,3
B,1,42,Localized,Write-heavy,44,13200,23291,65,0,0,1,1,3
B,1,42,Localized,Write-heavy,45,13500,23447,65,0,0,1,1,3
B,1,42,Localized,Write-heavy,46,13800,23606,65,0,0,1,1,3
B,1,42,Localized,Write-heavy,47,14100,23753,65,0,0,1,1,3
B,1,42,Localized,Write-heavy,48,14400,23906,69,0,0,1,1,3
B,1,42,Localized,Write-heavy,49,14700,24053,69,0,0,1,1,3
B,1,42,Localized,Write-heavy,50,15000,24210,69,0,0,1,1,3
B,1,42,Localized,Write-heavy,51,15300,24344,69,0,0,1,1,3
B,1,42,Localized,Write-heavy,52,15600,24494,69,0,0,1,1,3
B,1,42,Localized,Write-heavy,53,15900,24655,69,0,0,1,1,3
B,1,42,Localized,Write-heavy,54,16200,24817,69,0,0,1,1,3
B,1,42,Localized,Write-heavy,55,16500,24972,69,0,0,1,1,3
B,1,42,Localized,Write-heavy,56,16800,25126,69,0,0,1,1,3
B,1,42,Localized,Write-heavy,57,17100,25284,69,0,0,1,1,3
B,1,42,Localized,Write-heavy,58,17400,25434,69,0,0,1,1,3
B,1,42,Localized,Write-heavy,59,17700,25587,69,0,0,1,1,3
B,1,42,Localized,Write-heavy,60,18000,25726,69,0,0,1,1,3
B,1,42,Localized,Write-heavy,61,18300,25870,73,0,0,1,1,3
B,1,42,Localized,Write-heavy,62,18600,26015,73,0,0,1,1,3
B,1,42,Localized,Write-heavy,63,18900,26168,73,0,0,1,1,3
B,1,42,Localized,Write-heavy,64,19200,26311,73,0,0,1,1,3
B,1,42,Localized,Write-heavy,65,19500,26445,73,0,0,1,1,3
B,1,42,Localized,Write-heavy,66,19800,26598,73,0,0,1,1,3
B,1,42,Localized,Write-heavy,67,20100,26762,73,0,0,1,1,3
B,1,42,Localized,Write-heavy,68,20400,26904,73,0,0,1,1,3
B,1,42,Localized,Write-heavy,69,20700,27061,73,0,0,1,1,3
B,1,42,Localized,Write-heavy,70,21000,27194,73,0,0,1,1,3
B,1,42,Localized,Write-heavy,71,21300,27356,73,0,0,1,1,3
B,1,42,Localized,Write-heavy,72,21600,27507,73,0,0,1,1,3
B,1,42,Localized,Write-heavy,73,21900,27649,73,0,0,1,1,3
B,1,42,Localized,Write-heavy,74,22200,27800,77,-1,-1,0,0,4
B,1,42,Localized,Write-heavy,75,22500,27957,77,-1,-1,0,0,5
B,1,42,Localized,Write-heavy,76,22800,28092,77,-1,-1,0,0,6
B,1,42,Localized,Write-heavy,77,23100,28214,77,-1,-1,0,0,7
B,1,42,Localized,Write-heavy,78,23400,28376,77,-1,-1,0,0,8
B,1,42,Localized,Write-heavy,79,23700,28531,77,0,0,1,1,8
B,1,42,Localized,Write-heavy,80,24000,28655,77,0,0,1,1,8
B,1,42,Localized,Write-heavy,81,24300,28802,77,0,0,1,1,8
B,1,42,Localized,Write-heavy,82,24600,28944,77,0,0,1,1,8
B,1,42,Localized,Write-heavy,83,24900,29093,77,0,0,1,1,8
B,1,42,Localized,Write-heavy,84,25000,29152,77,0,0,1,1,8
B,1,42,Clustered,Balanced,1,300,1884,1,0,0,1,1,0
B,1,42,Clustered,Balanced,2,600,1986,1,0,0,1,1,0
B,1,42,Clustered,Balanced,3,900,2071,12,0,0,1,1,0
B,1,42,Clustered,Balanced,4,1200,2173,12,0,0,1,1,0
B,1,42,Clustered,Balanced,5,1500,2271,12,0,0,1,1,0
B,1,42,Clustered,Balanced,6,1800,2367,12,0,0,1,1,0
B,1,42,Clustered,Balanced,7,2100,2468,12,0,0,1,1,0
B,1,42,Clustered,Balanced,8,2400,2556,12,0,0,1,1,0
B,1,42,Clustered,Balanced,9,2700,2655,12,0,0,1,1,0
B,1,42,Clustered,Balanced,10,3000,2759,12,0,0,1,1,0
B,1,42,Clustered,Balanced,11,3300,2858,12,0,0,1,1,0
B,1,42,Clustered,Balanced,12,3600,2961,12,0,0,1,1,0
B,1,42,Clustered,Balanced,13,3900,3047,12,0,0,1,1,0
B,1,42,Clustered,Balanced,14,4200,3153,12,0,0,1,1,0
B,1,42,Clustered,Balanced,15,4500,3249,12,0,0,1,1,0
B,1,42,Clustered,Balanced,16,4800,3346,12,0,0,1,1,0
B,1,42,Clustered,Balanced,17,5100,3435,12,0,0,1,1,0
B,1,42,Clustered,Balanced,18,5400,3516,12,0,0,1,1,0
B,1,42,Clustered,Balanced,19,5700,3616,12,0,0,1,1,0
B,1,42,Clustered,Balanced,20,6000,3729,12,0,0,1,1,0
B,1,42,Clustered,Balanced,21,6300,3826,12,0,0,1,1,0
B,1,42,Clustered,Balanced,22,6600,3922,12,0,0,1,1,0
B,1,42,Clustered,Balanced,23,6900,4018,14,0,0,1,1,0
B,1,42,Clustered,Balanced,24,7200,4108,14,0,0,1,1,0
B,1,42,Clustered,Balanced,25,7500,4217,14,0,0,1,1,0
B,1,42,Clustered,Balanced,26,7800,4308,14,0,0,1,1,0
B,1,42,Clustered,Balanced,27,8100,4402,14,0,0,1,1,0
B,1,42,Clustered,Balanced,28,8400,4493,14,0,0,1,1,0
B,1,42,Clustered,Balanced,29,8700,4584,14,0,0,1,1,0
B,1,42,Clustered,Balanced,30,9000,4705,14,0,0,1,1,0
B,1,42,Clustered,Balanced,31,9300,4794,14,0,0,1,1,0
B,1,42,Clustered,Balanced,32,9600,4901,14,0,0,1,1,0
B,1,42,Clustered,Balanced,33,9900,4997,14,0,0,1,1,0
B,1,42,Clustered,Balanced,34,10200,5090,14,0,0,1,1,0
B,1,42,Clustered,Balanced,35,10500,5186,14,0,0,1,1,0
B,1,42,Clustered,Balanced,36,10800,5288,14,0,0,1,1,0
B,1,42,Clustered,Balanced,37,11100,5391,14,0,0,1,1,0
B,1,42,Clustered,Balanced,38,11400,5498,14,0,0,1,1,0
B,1,42,Clustered,Balanced,39,11700,5593,14,0,0,1,1,0
B,1,42,Clustered,Balanced,40,12000,5690,14,0,0,1,1,0
B,1,42,Clustered,Balanced,41,12300,5794,14,0,0,1,1,0
B,1,42,Clustered,Balanced,42,12600,5891,14,0,0,1,1,0
B,1,42,Clustered,Balanced,43,12900,5990,22,0,0,1,1,0
B,1,42,Clustered,Balanced,44,13200,6089,22,0,0,1,1,0
B,1,42,Clustered,Balanced,45,13500,6170,22,0,0,1,1,0
B,1,42,Clustered,Balanced,46,13800,6257,22,0,0,1,1,0
B,1,42,Clustered,Balanced,47,14100,6359,22,0,0,1,1,0
B,1,42,Clustered,Balanced,48,14400,6452,22,0,0,1,1,0
B,1,42,Clustered,Balanced,49,14700,6552,22,0,0,1,1,0
B,1,42,Clustered,Balanced,50,15000,6649,22,0,0,1,1,0
B,1,42,Clustered,Balanced,51,15300,6747,22,0,0,1,1,0
B,1,42,Clustered,Balanced,52,15600,6848,22,0,0,1,1,0
B,1,42,Clustered,Balanced,53,15900,6945,22,0,0,1,1,0
B,1,42,Clustered,Balanced,54,16200,7047,22,0,0,1,1,0
B,1,42,Clustered,Balanced,55,16500,7151,22,0,0,1,1,0
B,1,42,Clustered,Balanced,56,16800,7253,22,0,0,1,1,0
B,1,42,Clustered,Balanced,57,17100,7360,22,0,0,1,1,0
B,1,42,Clustered,Balanced,58,17400,7459,22,0,0,1,1,0
B,1,42,Clustered,Balanced,59,17700,7554,22,0,0,1,1,0
B,1,42,Clustered,Balanced,60,18000,7646,22,0,0,1,1,0
B,1,42,Clustered,Balanced,61,18300,7748,22,0,0,1,1,0
B,1,42,Clustered,Balanced,62,18600,7840,22,0,0,1,1,0
B,1,42,Clustered,Balanced,63,18900,7941,26,-1,-1,0,0,1
B,1,42,Clustered,Balanced,64,19200,8038,26,0,0,1,1,1
B,1,42,Clustered,Balanced,65,19500,8132,26,0,0,1,1,1
B,1,42,Clustered,Balanced,66,19800,8221,26,0,0,1,1,1
B,1,42,Clustered,Balanced,67,20100,8324,26,0,0,1,1,1
B,1,42,Clustered,Balanced,68,20400,8421,26,0,0,1,1,1
B,1,42,Clustered,Balanced,69,20700,8530,26,0,0,1,1,1
B,1,42,Clustered,Balanced,70,21000,8622,26,0,0,1,1,1
B,1,42,Clustered,Balanced,71,21300,8704,26,0,0,1,1,1
B,1,42,Clustered,Balanced,72,21600,8805,26,0,0,1,1,1
B,1,42,Clustered,Balanced,73,21900,8905,26,0,0,1,1,1
B,1,42,Clustered,Balanced,74,22200,8993,26,0,0,1,1,1
B,1,42,Clustered,Balanced,75,22500,9093,26,0,0,1,1,1
B,1,42,Clustered,Balanced,76,22800,9199,26,0,0,1,1,1
B,1,42,Clustered,Balanced,77,23100,9287,26,0,0,1,1,1
B,1,42,Clustered,Balanced,78,23400,9378,26,0,0,1,1,1
B,1,42,Clustered,Balanced,79,23700,9461,26,0,0,1,1,1
B,1,42,Clustered,Balanced,80,24000,9563,26,0,0,1,1,1
B,1,42,Clustered,Balanced,81,24300,9669,26,0,0,1,1,1
B,1,42,Clustered,Balanced,82,24600,9773,26,0,0,1,1,1
B,1,42,Clustered,Balanced,83,24900,9867,26,0,0,1,1,1
B,1,42,Clustered,Balanced,84,25000,9906,28,0,0,1,1,1
B,1,42,Clustered,Insert-flood,1,300,2071,12,0,0,1,1,0
B,1,42,Clustered,Insert-flood,2,600,2361,12,0,0,1,1,0
B,1,42,Clustered,Insert-flood,3,900,2650,12,0,0,1,1,0
B,1,42,Clustered,Insert-flood,4,1200,2934,12,0,0,1,1,0
B,1,42,Clustered,Insert-flood,5,1500,3220,12,0,0,1,1,0
B,1,42,Clustered,Insert-flood,6,1800,3506,12,0,0,1,1,0
B,1,42,Clustered,Insert-flood,7,2100,3798,12,0,0,1,1,0
B,1,42,Clustered,Insert-flood,8,2400,4091,18,0,0,1,1,0
B,1,42,Clustered,Insert-flood,9,2700,4379,18,0,0,1,1,0
B,1,42,Clustered,Insert-flood,10,3000,4668,18,0,0,1,1,0
B,1,42,Clustered,Insert-flood,11,3300,4955,18,0,0,1,1,0
B,1,42,Clustered,Insert-flood,12,3600,5244,18,0,0,1,1,0
B,1,42,Clustered,Insert-flood,13,3900,5531,18,0,0,1,1,0
B,1,42,Clustered,Insert-flood,14,4200,5820,18,0,0,1,1,0
B,1,42,Clustered,Insert-flood,15,4500,6111,22,0,0,1,1,0
B,1,42,Clustered,Insert-flood,16,4800,6402,22,0,0,1,1,0
B,1,42,Clustered,Insert-flood,17,5100,6691,22,0,0,1,1,0
B,1,42,Clustered,Insert-flood,18,5400,6983,22,0,0,1,1,0
B,1,42,Clustered,Insert-flood,19,5700,7272,22,0,0,1,1,0
B,1,42,Clustered,Insert-flood,20,6000,7563,22,0,0,1,1,0
B,1,42,Clustered,Insert-flood,21,6300,7856,22,0,0,1,1,0
B,1,42,Clustered,Insert-flood,22,6600,8152,23,-1,-1,0,0,1
B,1,42,Clustered,Insert-flood,23,6900,8441,23,0,0,1,1,1
B,1,42,Clustered,Insert-flood,24,7200,8730,23,0,0,1,1,1
B,1,42,Clustered,Insert-flood,25,7500,9020,23,0,0,1,1,1
B,1,42,Clustered,Insert-flood,26,7800,9304,23,-1,-1,0,0,2
B,1,42,Clustered,Insert-flood,27,8100,9592,23,0,0,1,1,2
B,1,42,Clustered,Insert-flood,28,8400,9885,23,-1,-1,0,0,3
B,1,42,Clustered,Insert-flood,29,8700,10176,25,-1,-1,0,0,4
B,1,42,Clustered,Insert-flood,30,9000,10464,25,0,0,1,1,4
B,1,42,Clustered,Insert-flood,31,9300,10755,25,-1,-1,0,0,5
B,1,42,Clustered,Insert-flood,32,9600,11033,25,0,0,1,1,5
B,1,42,Clustered,Insert-flood,33,9900,11322,25,0,0,1,1,5
B,1,42,Clustered,Insert-flood,34,10200,11609,25,0,0,1,1,5
B,1,42,Clustered,Insert-flood,35,10500,11896,25,0,0,1,1,5
B,1,42,Clustered,Insert-flood,36,10800,12181,26,0,0,1,1,5
B,1,42,Clustered,Insert-flood,37,11100,12473,26,-1,-1,0,0,6
B,1,42,Clustered,Insert-flood,38,11400,12751,26,0,0,1,1,6
B,1,42,Clustered,Insert-flood,39,11700,13043,26,0,0,1,1,6
B,1,42,Clustered,Insert-flood,40,12000,13330,26,0,0,1,1,6
B,1,42,Clustered,Insert-flood,41,12300,13621,26,0,0,1,1,6
B,1,42,Clustered,Insert-flood,42,12600,13910,26,0,0,1,1,6
B,1,42,Clustered,Insert-flood,43,12900,14197,27,-1,-1,0,0,7
B,1,42,Clustered,Insert-flood,44,13200,14484,27,0,0,1,1,7
B,1,42,Clustered,Insert-flood,45,13500,14764,27,0,0,1,1,7
B,1,42,Clustered,Insert-flood,46,13800,15055,27,0,0,1,1,7
B,1,42,Clustered,Insert-flood,47,14100,15344,27,0,0,1,1,7
B,1,42,Clustered,Insert-flood,48,14400,15638,27,0,0,1,1,7
B,1,42,Clustered,Insert-flood,49,14700,15925,27,0,0,1,1,7
B,1,42,Clustered,Insert-flood,50,15000,16211,39,0,0,1,1,7
B,1,42,Clustered,Insert-flood,51,15300,16499,39,0,0,1,1,7
B,1,42,Clustered,Insert-flood,52,15600,16790,39,0,0,1,1,7
B,1,42,Clustered,Insert-flood,53,15900,17078,39,0,0,1,1,7
B,1,42,Clustered,Insert-flood,54,16200,17367,39,0,0,1,1,7
B,1,42,Clustered,Insert-flood,55,16500,17654,39,0,0,1,1,7
B,1,42,Clustered,Insert-flood,56,16800,17943,39,0,0,1,1,7
B,1,42,Clustered,Insert-flood,57,17100,18233,47,0,0,1,1,7
B,1,42,Clustered,Insert-flood,58,17400,18524,47,0,0,1,1,7
B,1,42,Clustered,Insert-flood,59,17700,18819,47,0,0,1,1,7
B,1,42,Clustered,Insert-flood,60,18000,19110,47,0,0,1,1,7
B,1,42,Clustered,Insert-flood,61,18300,19397,47,0,0,1,1,7
B,1,42,Clustered,Insert-flood,62,18600,19690,47,0,0,1,1,7
B,1,42,Clustered,Insert-flood,63,18900,19969,47,0,0,1,1,7
B,1,42,Clustered,Insert-flood,64,19200,20258,54,0,0,1,1,7
B,1,42,Clustered,Insert-flood,65,19500,20544,54,0,0,1,1,7
B,1,42,Clustered,Insert-flood,66,19800,20829,54,0,0,1,1,7
B,1,42,Clustered,Insert-flood,67,20100,21122,54,0,0,1,1,7
B,1,42,Clustered,Insert-flood,68,20400,21412,54,0,0,1,1,7
B,1,42,Clustered,Insert-flood,69,20700,21705,54,0,0,1,1,7
B,1,42,Clustered,Insert-flood,70,21000,21992,54,0,0,1,1,7
B,1,42,Clustered,Insert-flood,71,21300,22279,57,-1,-1,0,0,8
B,1,42,Clustered,Insert-flood,72,21600,22572,57,0,0,1,1,8
B,1,42,Clustered,Insert-flood,73,21900,22861,57,0,0,1,1,8
B,1,42,Clustered,Insert-flood,74,22200,23156,57,0,0,1,1,8
B,1,42,Clustered,Insert-flood,75,22500,23448,57,0,0,1,1,8
B,1,42,Clustered,Insert-flood,76,22800,23743,57,0,0,1,1,8
B,1,42,Clustered,Insert-flood,77,23100,24031,69,0,0,1,1,8
B,1,42,Clustered,Insert-flood,78,23400,24319,69,0,0,1,1,8
B,1,42,Clustered,Insert-flood,79,23700,24609,69,0,0,1,1,8
B,1,42,Clustered,Insert-flood,80,24000,24903,69,0,0,1,1,8
B,1,42,Clustered,Insert-flood,81,24300,25187,69,0,0,1,1,8
B,1,42,Clustered,Insert-flood,82,24600,25473,69,0,0,1,1,8
B,1,42,Clustered,Insert-flood,83,24900,25760,69,0,0,1,1,8
B,1,42,Clustered,Insert-flood,84,25000,25854,69,0,0,1,1,8
B,1,42,Clustered,Delete-flood,1,300,1792,1,0,0,1,1,0
B,1,42,Clustered,Delete-flood,2,600,1803,1,0,0,1,1,0
B,1,42,Clustered,Delete-flood,3,900,1812,1,0,0,1,1,0
B,1,42,Clustered,Delete-flood,4,1200,1823,1,0,0,1,1,0
B,1,42,Clustered,Delete-flood,5,1500,1839,1,0,0,1,1,0
B,1,42,Clustered,Delete-flood,6,1800,1848,1,0,0,1,1,0
B,1,42,Clustered,Delete-flood,7,2100,1869,1,0,0,1,1,0
B,1,42,Clustered,Delete-flood,8,2400,1884,1,0,0,1,1,0
B,1,42,Clustered,Delete-flood,9,2700,1893,1,0,0,1,1,0
B,1,42,Clustered,Delete-flood,10,3000,1903,1,0,0,1,1,0
B,1,42,Clustered,Delete-flood,11,3300,1914,1,0,0,1,1,0
B,1,42,Clustered,Delete-flood,12,3600,1927,1,0,0,1,1,0
B,1,42,Clustered,Delete-flood,13,3900,1939,1,0,0,1,1,0
B,1,42,Clustered,Delete-flood,14,4200,1959,1,0,0,1,1,0
B,1,42,Clustered,Delete-flood,15,4500,1968,12,0,0,1,1,0
B,1,42,Clustered,Delete-flood,16,4800,1984,12,0,0,1,1,0
B,1,42,Clustered,Delete-flood,17,5100,2000,12,0,0,1,1,0
B,1,42,Clustered,Delete-flood,18,5400,2017,12,0,0,1,1,0
B,1,42,Clustered,Delete-flood,19,5700,2027,12,0,0,1,1,0
B,1,42,Clustered,Delete-flood,20,6000,2047,12,0,0,1,1,0
B,1,42,Clustered,Delete-flood,21,6300,2058,12,0,0,1,1,0
B,1,42,Clustered,Delete-flood,22,6600,2070,12,0,0,1,1,0
B,1,42,Clustered,Delete-flood,23,6900,2081,12,0,0,1,1,0
B,1,42,Clustered,Delete-flood,24,7200,2092,12,0,0,1,1,0
B,1,42,Clustered,Delete-flood,25,7500,2107,12,0,0,1,1,0
B,1,42,Clustered,Delete-flood,26,7800,2124,12,0,0,1,1,0
B,1,42,Clustered,Delete-flood,27,8100,2132,12,0,0,1,1,0
B,1,42,Clustered,Delete-flood,28,8400,2140,12,0,0,1,1,0
B,1,42,Clustered,Delete-flood,29,8700,2152,12,0,0,1,1,0
B,1,42,Clustered,Delete-flood,30,9000,2163,12,0,0,1,1,0
B,1,42,Clustered,Delete-flood,31,9300,2179,12,0,0,1,1,0
B,1,42,Clustered,Delete-flood,32,9600,2195,12,0,0,1,1,0
B,1,42,Clustered,Delete-flood,33,9900,2202,12,0,0,1,1,0
B,1,42,Clustered,Delete-flood,34,10200,2216,12,0,0,1,1,0
B,1,42,Clustered,Delete-flood,35,10500,2232,12,0,0,1,1,0
B,1,42,Clustered,Delete-flood,36,10800,2245,12,0,0,1,1,0
B,1,42,Clustered,Delete-flood,37,11100,2256,12,0,0,1,1,0
B,1,42,Clustered,Delete-flood,38,11400,2271,12,0,0,1,1,0
B,1,42,Clustered,Delete-flood,39,11700,2278,12,0,0,1,1,0
B,1,42,Clustered,Delete-flood,40,12000,2297,12,0,0,1,1,0
B,1,42,Clustered,Delete-flood,41,12300,2313,12,0,0,1,1,0
B,1,42,Clustered,Delete-flood,42,12600,2328,12,0,0,1,1,0
B,1,42,Clustered,Delete-flood,43,12900,2339,12,0,0,1,1,0
B,1,42,Clustered,Delete-flood,44,13200,2352,12,0,0,1,1,0
B,1,42,Clustered,Delete-flood,45,13500,2361,12,0,0,1,1,0
B,1,42,Clustered,Delete-flood,46,13800,2381,12,0,0,1,1,0
B,1,42,Clustered,Delete-flood,47,14100,2393,12,0,0,1,1,0
B,1,42,Clustered,Delete-flood,48,14400,2404,12,0,0,1,1,0
B,1,42,Clustered,Delete-flood,49,14700,2415,12,0,0,1,1,0
B,1,42,Clustered,Delete-flood,50,15000,2425,12,0,0,1,1,0
B,1,42,Clustered,Delete-flood,51,15300,2446,12,0,0,1,1,0
B,1,42,Clustered,Delete-flood,52,15600,2462,12,0,0,1,1,0
B,1,42,Clustered,Delete-flood,53,15900,2473,12,0,0,1,1,0
B,1,42,Clustered,Delete-flood,54,16200,2480,12,0,0,1,1,0
B,1,42,Clustered,Delete-flood,55,16500,2490,12,0,0,1,1,0
B,1,42,Clustered,Delete-flood,56,16800,2501,12,0,0,1,1,0
B,1,42,Clustered,Delete-flood,57,17100,2518,12,0,0,1,1,0
B,1,42,Clustered,Delete-flood,58,17400,2529,12,0,0,1,1,0
B,1,42,Clustered,Delete-flood,59,17700,2538,12,0,0,1,1,0
B,1,42,Clustered,Delete-flood,60,18000,2546,12,0,0,1,1,0
B,1,42,Clustered,Delete-flood,61,18300,2555,12,0,0,1,1,0
B,1,42,Clustered,Delete-flood,62,18600,2562,12,0,0,1,1,0
B,1,42,Clustered,Delete-flood,63,18900,2578,12,0,0,1,1,0
B,1,42,Clustered,Delete-flood,64,19200,2588,12,0,0,1,1,0
B,1,42,Clustered,Delete-flood,65,19500,2599,12,0,0,1,1,0
B,1,42,Clustered,Delete-flood,66,19800,2608,12,0,0,1,1,0
B,1,42,Clustered,Delete-flood,67,20100,2616,12,0,0,1,1,0
B,1,42,Clustered,Delete-flood,68,20400,2627,12,0,0,1,1,0
B,1,42,Clustered,Delete-flood,69,20700,2639,12,0,0,1,1,0
B,1,42,Clustered,Delete-flood,70,21000,2655,12,0,0,1,1,0
B,1,42,Clustered,Delete-flood,71,21300,2675,12,0,0,1,1,0
B,1,42,Clustered,Delete-flood,72,21600,2688,12,0,0,1,1,0
B,1,42,Clustered,Delete-flood,73,21900,2698,12,0,0,1,1,0
B,1,42,Clustered,Delete-flood,74,22200,2712,12,0,0,1,1,0
B,1,42,Clustered,Delete-flood,75,22500,2725,12,0,0,1,1,0
B,1,42,Clustered,Delete-flood,76,22800,2741,12,0,0,1,1,0
B,1,42,Clustered,Delete-flood,77,23100,2749,12,0,0,1,1,0
B,1,42,Clustered,Delete-flood,78,23400,2767,12,0,0,1,1,0
B,1,42,Clustered,Delete-flood,79,23700,2776,12,0,0,1,1,0
B,1,42,Clustered,Delete-flood,80,24000,2783,12,0,0,1,1,0
B,1,42,Clustered,Delete-flood,81,24300,2793,12,0,0,1,1,0
B,1,42,Clustered,Delete-flood,82,24600,2803,12,0,0,1,1,0
B,1,42,Clustered,Delete-flood,83,24900,2814,12,0,0,1,1,0
B,1,42,Clustered,Delete-flood,84,25000,2820,12,0,0,1,1,0
B,1,42,Clustered,Write-heavy,1,300,1931,1,0,0,1,1,0
B,1,42,Clustered,Write-heavy,2,600,2074,12,0,0,1,1,0
B,1,42,Clustered,Write-heavy,3,900,2214,12,0,0,1,1,0
B,1,42,Clustered,Write-heavy,4,1200,2363,12,0,0,1,1,0
B,1,42,Clustered,Write-heavy,5,1500,2512,12,0,0,1,1,0
B,1,42,Clustered,Write-heavy,6,1800,2650,12,0,0,1,1,0
B,1,42,Clustered,Write-heavy,7,2100,2800,12,0,0,1,1,0
B,1,42,Clustered,Write-heavy,8,2400,2955,12,0,0,1,1,0
B,1,42,Clustered,Write-heavy,9,2700,3104,12,0,0,1,1,0
B,1,42,Clustered,Write-heavy,10,3000,3237,12,0,0,1,1,0
B,1,42,Clustered,Write-heavy,11,3300,3373,12,0,0,1,1,0
B,1,42,Clustered,Write-heavy,12,3600,3521,12,0,0,1,1,0
B,1,42,Clustered,Write-heavy,13,3900,3662,12,0,0,1,1,0
B,1,42,Clustered,Write-heavy,14,4200,3813,12,0,0,1,1,0
B,1,42,Clustered,Write-heavy,15,4500,3963,12,0,0,1,1,0
B,1,42,Clustered,Write-heavy,16,4800,4106,20,0,0,1,1,0
B,1,42,Clustered,Write-heavy,17,5100,4257,20,0,0,1,1,0
B,1,42,Clustered,Write-heavy,18,5400,4402,20,0,0,1,1,0
B,1,42,Clustered,Write-heavy,19,5700,4545,20,0,0,1,1,0
B,1,42,Clustered,Write-heavy,20,6000,4696,20,0,0,1,1,0
B,1,42,Clustered,Write-heavy,21,6300,4837,20,0,0,1,1,0
B,1,42,Clustered,Write-heavy,22,6600,4987,20,0,0,1,1,0
B,1,42,Clustered,Write-heavy,23,6900,5139,20,0,0,1,1,0
B,1,42,Clustered,Write-heavy,24,7200,5293,20,0,0,1,1,0
B,1,42,Clustered,Write-heavy,25,7500,5447,20,0,0,1,1,0
B,1,42,Clustered,Write-heavy,26,7800,5605,20,0,0,1,1,0
B,1,42,Clustered,Write-heavy,27,8100,5754,20,0,0,1,1,0
B,1,42,Clustered,Write-heavy,28,8400,5890,20,0,0,1,1,0
B,1,42,Clustered,Write-heavy,29,8700,6028,27,0,0,1,1,0
B,1,42,Clustered,Write-heavy,30,9000,6174,27,0,0,1,1,0
B,1,42,Clustered,Write-heavy,31,9300,6316,27,-1,-1,0,0,1
B,1,42,Clustered,Write-heavy,32,9600,6452,27,-1,-1,0,0,2
B,1,42,Clustered,Write-heavy,33,9900,6608,27,0,0,1,1,2
B,1,42,Clustered,Write-heavy,34,10200,6758,27,0,0,1,1,2
B,1,42,Clustered,Write-heavy,35,10500,6911,27,0,0,1,1,2
B,1,42,Clustered,Write-heavy,36,10800,7076,27,0,0,1,1,2
B,1,42,Clustered,Write-heavy,37,11100,7213,27,0,0,1,1,2
B,1,42,Clustered,Write-heavy,38,11400,7367,27,0,0,1,1,2
B,1,42,Clustered,Write-heavy,39,11700,7520,27,0,0,1,1,2
B,1,42,Clustered,Write-heavy,40,12000,7662,27,0,0,1,1,2
B,1,42,Clustered,Write-heavy,41,12300,7798,27,0,0,1,1,2
B,1,42,Clustered,Write-heavy,42,12600,7953,34,0,0,1,1,2
B,1,42,Clustered,Write-heavy,43,12900,8110,34,0,0,1,1,2
B,1,42,Clustered,Write-heavy,44,13200,8266,34,0,0,1,1,2
B,1,42,Clustered,Write-heavy,45,13500,8416,34,0,0,1,1,2
B,1,42,Clustered,Write-heavy,46,13800,8574,34,0,0,1,1,2
B,1,42,Clustered,Write-heavy,47,14100,8725,34,0,0,1,1,2
B,1,42,Clustered,Write-heavy,48,14400,8891,34,0,0,1,1,2
B,1,42,Clustered,Write-heavy,49,14700,9058,34,0,0,1,1,2
B,1,42,Clustered,Write-heavy,50,15000,9223,34,0,0,1,1,2
B,1,42,Clustered,Write-heavy,51,15300,9382,34,0,0,1,1,2
B,1,42,Clustered,Write-heavy,52,15600,9518,34,0,0,1,1,2
B,1,42,Clustered,Write-heavy,53,15900,9665,34,0,0,1,1,2
B,1,42,Clustered,Write-heavy,54,16200,9814,34,0,0,1,1,2
B,1,42,Clustered,Write-heavy,55,16500,9954,36,0,0,1,1,2
B,1,42,Clustered,Write-heavy,56,16800,10099,36,-1,-1,0,0,3
B,1,42,Clustered,Write-heavy,57,17100,10258,36,0,0,1,1,3
B,1,42,Clustered,Write-heavy,58,17400,10410,36,0,0,1,1,3
B,1,42,Clustered,Write-heavy,59,17700,10542,36,0,0,1,1,3
B,1,42,Clustered,Write-heavy,60,18000,10679,36,0,0,1,1,3
B,1,42,Clustered,Write-heavy,61,18300,10821,36,0,0,1,1,3
B,1,42,Clustered,Write-heavy,62,18600,10973,36,0,0,1,1,3
B,1,42,Clustered,Write-heavy,63,18900,11133,36,0,0,1,1,3
B,1,42,Clustered,Write-heavy,64,19200,11303,36,0,0,1,1,3
B,1,42,Clustered,Write-heavy,65,19500,11458,36,0,0,1,1,3
B,1,42,Clustered,Write-heavy,66,19800,11598,36,0,0,1,1,3
B,1,42,Clustered,Write-heavy,67,20100,11742,36,0,0,1,1,3
B,1,42,Clustered,Write-heavy,68,20400,11903,41,0,0,1,1,3
B,1,42,Clustered,Write-heavy,69,20700,12047,41,0,0,1,1,3
B,1,42,Clustered,Write-heavy,70,21000,12205,41,0,0,1,1,3
B,1,42,Clustered,Write-heavy,71,21300,12350,41,0,0,1,1,3
B,1,42,Clustered,Write-heavy,72,21600,12505,41,0,0,1,1,3
B,1,42,Clustered,Write-heavy,73,21900,12657,41,0,0,1,1,3
B,1,42,Clustered,Write-heavy,74,22200,12804,41,0,0,1,1,3
B,1,42,Clustered,Write-heavy,75,22500,12951,41,0,0,1,1,3
B,1,42,Clustered,Write-heavy,76,22800,13093,41,0,0,1,1,3
B,1,42,Clustered,Write-heavy,77,23100,13238,41,0,0,1,1,3
B,1,42,Clustered,Write-heavy,78,23400,13387,41,0,0,1,1,3
B,1,42,Clustered,Write-heavy,79,23700,13538,41,0,0,1,1,3
B,1,42,Clustered,Write-heavy,80,24000,13682,41,0,0,1,1,3
B,1,42,Clustered,Write-heavy,81,24300,13831,41,0,0,1,1,3
B,1,42,Clustered,Write-heavy,82,24600,13967,46,0,0,1,1,3
B,1,42,Clustered,Write-heavy,83,24900,14115,46,-1,-1,0,0,4
B,1,42,Clustered,Write-heavy,84,25000,14165,46,-1,-1,0,0,5
B,2,43,Random,Balanced,1,300,30110,101,0,0,1,1,0
B,2,43,Random,Balanced,2,600,30213,101,0,0,1,1,0
B,2,43,Random,Balanced,3,900,30309,101,0,0,1,1,0
B,2,43,Random,Balanced,4,1200,30407,101,0,0,1,1,0
B,2,43,Random,Balanced,5,1500,30515,101,0,0,1,1,0
B,2,43,Random,Balanced,6,1800,30610,101,0,0,1,1,0
B,2,43,Random,Balanced,7,2100,30709,101,0,0,1,1,0
B,2,43,Random,Balanced,8,2400,30821,101,0,0,1,1,0
B,2,43,Random,Balanced,9,2700,30925,101,0,0,1,1,0
B,2,43,Random,Balanced,10,3000,31013,101,0,0,1,1,0
B,2,43,Random,Balanced,11,3300,31121,101,0,0,1,1,0
B,2,43,Random,Balanced,12,3600,31218,101,0,0,1,1,0
B,2,43,Random,Balanced,13,3900,31308,101,0,0,1,1,0
B,2,43,Random,Balanced,14,4200,31415,101,0,0,1,1,0
B,2,43,Random,Balanced,15,4500,31528,101,0,0,1,1,0
B,2,43,Random,Balanced,16,4800,31624,101,0,0,1,1,0
B,2,43,Random,Balanced,17,5100,31728,101,0,0,1,1,0
B,2,43,Random,Balanced,18,5400,31829,101,0,0,1,1,0
B,2,43,Random,Balanced,19,5700,31924,101,0,0,1,1,0
B,2,43,Random,Balanced,20,6000,32023,106,0,0,1,1,0
B,2,43,Random,Balanced,21,6300,32121,106,0,0,1,1,0
B,2,43,Random,Balanced,22,6600,32219,106,0,0,1,1,0
B,2,43,Random,Balanced,23,6900,32309,106,0,0,1,1,0
B,2,43,Random,Balanced,24,7200,32399,106,0,0,1,1,0
B,2,43,Random,Balanced,25,7500,32495,106,0,0,1,1,0
B,2,43,Random,Balanced,26,7800,32584,106,0,0,1,1,0
B,2,43,Random,Balanced,27,8100,32660,106,0,0,1,1,0
B,2,43,Random,Balanced,28,8400,32759,106,0,0,1,1,0
B,2,43,Random,Balanced,29,8700,32860,106,0,0,1,1,0
B,2,43,Random,Balanced,30,9000,32965,106,0,0,1,1,0
B,2,43,Random,Balanced,31,9300,33057,106,0,0,1,1,0
B,2,43,Random,Balanced,32,9600,33156,106,0,0,1,1,0
B,2,43,Random,Balanced,33,9900,33251,106,0,0,1,1,0
B,2,43,Random,Balanced,34,10200,33345,106,0,0,1,1,0
B,2,43,Random,Balanced,35,10500,33427,106,0,0,1,1,0
B,2,43,Random,Balanced,36,10800,33510,106,0,0,1,1,0
B,2,43,Random,Balanced,37,11100,33597,106,0,0,1,1,0
B,2,43,Random,Balanced,38,11400,33701,106,0,0,1,1,0
B,2,43,Random,Balanced,39,11700,33800,106,0,0,1,1,0
B,2,43,Random,Balanced,40,12000,33890,106,0,0,1,1,0
B,2,43,Random,Balanced,41,12300,33983,109,-1,-1,0,0,1
B,2,43,Random,Balanced,42,12600,34086,109,-1,-1,0,0,2
B,2,43,Random,Balanced,43,12900,34183,109,0,0,1,1,2
B,2,43,Random,Balanced,44,13200,34280,109,0,0,1,1,2
B,2,43,Random,Balanced,45,13500,34380,109,0,0,1,1,2
B,2,43,Random,Balanced,46,13800,34472,109,0,0,1,1,2
B,2,43,Random,Balanced,47,14100,34566,109,0,0,1,1,2
B,2,43,Random,Balanced,48,14400,34674,109,0,0,1,1,2
B,2,43,Random,Balanced,49,14700,34776,109,0,0,1,1,2
B,2,43,Random,Balanced,50,15000,34876,109,0,0,1,1,2
B,2,43,Random,Balanced,51,15300,34976,109,0,0,1,1,2
B,2,43,Random,Balanced,52,15600,35076,109,0,0,1,1,2
B,2,43,Random,Balanced,53,15900,35183,109,0,0,1,1,2
B,2,43,Random,Balanced,54,16200,35288,109,0,0,1,1,2
B,2,43,Random,Balanced,55,16500,35379,109,0,0,1,1,2
B,2,43,Random,Balanced,56,16800,35482,109,0,0,1,1,2
B,2,43,Random,Balanced,57,17100,35586,109,0,0,1,1,2
B,2,43,Random,Balanced,58,17400,35687,109,0,0,1,1,2
B,2,43,Random,Balanced,59,17700,35775,109,0,0,1,1,2
B,2,43,Random,Balanced,60,18000,35879,109,0,0,1,1,2
B,2,43,Random,Balanced,61,18300,35966,112,0,0,1,1,2
B,2,43,Random,Balanced,62,18600,36058,112,0,0,1,1,2
B,2,43,Random,Balanced,63,18900,36156,112,0,0,1,1,2
B,2,43,Random,Balanced,64,19200,36255,112,0,0,1,1,2
B,2,43,Random,Balanced,65,19500,36349,112,0,0,1,1,2
B,2,43,Random,Balanced,66,19800,36444,112,0,0,1,1,2
B,2,43,Random,Balanced,67,20100,36540,112,0,0,1,1,2
B,2,43,Random,Balanced,68,20400,36644,112,0,0,1,1,2
B,2,43,Random,Balanced,69,20700,36732,112,0,0,1,1,2
B,2,43,Random,Balanced,70,21000,36820,112,0,0,1,1,2
B,2,43,Random,Balanced,71,21300,36914,112,0,0,1,1,2
B,2,43,Random,Balanced,72,21600,37019,112,0,0,1,1,2
B,2,43,Random,Balanced,73,21900,37110,112,0,0,1,1,2
B,2,43,Random,Balanced,74,22200,37202,112,0,0,1,1,2
B,2,43,Random,Balanced,75,22500,37287,112,0,0,1,1,2
B,2,43,Random,Balanced,76,22800,37379,112,0,0,1,1,2
B,2,43,Random,Balanced,77,23100,37481,112,0,0,1,1,2
B,2,43,Random,Balanced,78,23400,37573,112,0,0,1,1,2
B,2,43,Random,Balanced,79,23700,37684,112,0,0,1,1,2
B,2,43,Random,Balanced,80,24000,37779,112,0,0,1,1,2
B,2,43,Random,Balanced,81,24300,37885,115,-1,-1,0,0,3
B,2,43,Random,Balanced,82,24600,37979,115,-1,-1,0,0,4
B,2,43,Random,Balanced,83,24900,38084,115,-1,-1,0,0,5
B,2,43,Random,Balanced,84,25000,38110,115,-1,-1,0,0,6
B,2,43,Random,Insert-flood,1,300,30292,101,0,0,1,1,0
B,2,43,Random,Insert-flood,2,600,30579,101,0,0,1,1,0
B,2,43,Random,Insert-flood,3,900,30868,101,0,0,1,1,0
B,2,43,Random,Insert-flood,4,1200,31162,101,0,0,1,1,0
B,2,43,Random,Insert-flood,5,1500,31446,101,0,0,1,1,0
B,2,43,Random,Insert-flood,6,1800,31736,101,0,0,1,1,0
B,2,43,Random,Insert-flood,7,2100,32028,107,0,0,1,1,0
B,2,43,Random,Insert-flood,8,2400,32318,107,0,0,1,1,0
B,2,43,Random,Insert-flood,9,2700,32606,107,0,0,1,1,0
B,2,43,Random,Insert-flood,10,3000,32893,107,0,0,1,1,0
B,2,43,Random,Insert-flood,11,3300,33183,107,0,0,1,1,0
B,2,43,Random,Insert-flood,12,3600,33470,107,0,0,1,1,0
B,2,43,Random,Insert-flood,13,3900,33752,107,0,0,1,1,0
B,2,43,Random,Insert-flood,14,4200,34039,112,0,0,1,1,0
B,2,43,Random,Insert-flood,15,4500,34329,112,0,0,1,1,0
B,2,43,Random,Insert-flood,16,4800,34619,112,0,0,1,1,0
B,2,43,Random,Insert-flood,17,5100,34909,112,0,0,1,1,0
B,2,43,Random,Insert-flood,18,5400,35199,112,0,0,1,1,0
B,2,43,Random,Insert-flood,19,5700,35491,112,0,0,1,1,0
B,2,43,Random,Insert-flood,20,6000,35782,112,0,0,1,1,0
B,2,43,Random,Insert-flood,21,6300,36070,115,0,0,1,1,0
B,2,43,Random,Insert-flood,22,6600,36358,115,0,0,1,1,0
B,2,43,Random,Insert-flood,23,6900,36648,115,0,0,1,1,0
B,2,43,Random,Insert-flood,24,7200,36936,115,0,0,1,1,0
B,2,43,Random,Insert-flood,25,7500,37227,115,0,0,1,1,0
B,2,43,Random,Insert-flood,26,7800,37508,115,0,0,1,1,0
B,2,43,Random,Insert-flood,27,8100,37796,115,0,0,1,1,0
B,2,43,Random,Insert-flood,28,8400,38082,118,0,0,1,1,0
B,2,43,Random,Insert-flood,29,8700,38374,118,0,0,1,1,0
B,2,43,Random,Insert-flood,30,9000,38669,118,0,0,1,1,0
B,2,43,Random,Insert-flood,31,9300,38962,118,0,0,1,1,0
B,2,43,Random,Insert-flood,32,9600,39250,118,0,0,1,1,0
B,2,43,Random,Insert-flood,33,9900,39536,118,0,0,1,1,0
B,2,43,Random,Insert-flood,34,10200,39820,118,0,0,1,1,0
B,2,43,Random,Insert-flood,35,10500,40107,121,0,0,1,1,0
B,2,43,Random,Insert-flood,36,10800,40395,121,0,0,1,1,0
B,2,43,Random,Insert-flood,37,11100,40685,121,0,0,1,1,0
B,2,43,Random,Insert-flood,38,11400,40974,121,0,0,1,1,0
B,2,43,Random,Insert-flood,39,11700,41262,121,0,0,1,1,0
B,2,43,Random,Insert-flood,40,12000,41549,121,0,0,1,1,0
B,2,43,Random,Insert-flood,41,12300,41831,121,0,0,1,1,0
B,2,43,Random,Insert-flood,42,12600,42121,123,0,0,1,1,0
B,2,43,Random,Insert-flood,43,12900,42408,123,-1,-1,0,0,1
B,2,43,Random,Insert-flood,44,13200,42695,123,0,0,1,1,1
B,2,43,Random,Insert-flood,45,13500,42981,123,0,0,1,1,1
B,2,43,Random,Insert-flood,46,13800,43266,123,0,0,1,1,1
B,2,43,Random,Insert-flood,47,14100,43557,123,0,0,1,1,1
B,2,43,Random,Insert-flood,48,14400,43845,123,0,0,1,1,1
B,2,43,Random,Insert-flood,49,14700,44133,128,-1,-1,0,0,2
B,2,43,Random,Insert-flood,50,15000,44422,128,-1,-1,0,0,3
B,2,43,Random,Insert-flood,51,15300,44706,128,-1,-1,0,0,4
B,2,43,Random,Insert-flood,52,15600,44998,128,-1,-1,0,0,5
B,2,43,Random,Insert-flood,53,15900,45284,128,-1,-1,0,0,6
B,2,43,Random,Insert-flood,54,16200,45567,128,-1,-1,0,0,7
B,2,43,Random,Insert-flood,55,16500,45860,128,-1,-1,0,0,8
B,2,43,Random,Insert-flood,56,16800,46154,129,-1,-1,0,0,9
B,2,43,Random,Insert-flood,57,17100,46443,129,-1,-1,0,0,10
B,2,43,Random,Insert-flood,58,17400,46730,129,-1,-1,0,0,11
B,2,43,Random,Insert-flood,59,17700,47020,129,-1,-1,0,0,12
B,2,43,Random,Insert-flood,60,18000,47304,129,-1,-1,0,0,13
B,2,43,Random,Insert-flood,61,18300,47590,129,-1,-1,0,0,14
B,2,43,Random,Insert-flood,62,18600,47876,129,-1,-1,0,0,15
B,2,43,Random,Insert-flood,63,18900,48166,129,-1,-1,0,0,16
B,2,43,Random,Insert-flood,64,19200,48455,129,-1,-1,0,0,17
B,2,43,Random,Insert-flood,65,19500,48742,129,0,0,1,1,17
B,2,43,Random,Insert-flood,66,19800,49031,129,0,0,1,1,17
B,2,43,Random,Insert-flood,67,20100,49320,129,0,0,1,1,17
B,2,43,Random,Insert-flood,68,20400,49605,129,0,0,1,1,17
B,2,43,Random,Insert-flood,69,20700,49887,129,0,0,1,1,17
B,2,43,Random,Insert-flood,70,21000,50174,132,-1,-1,0,0,18
B,2,43,Random,Insert-flood,71,21300,50459,132,-1,-1,0,0,19
B,2,43,Random,Insert-flood,72,21600,50740,132,0,0,1,1,19
B,2,43,Random,Insert-flood,73,21900,51030,132,0,0,1,1,19
B,2,43,Random,Insert-flood,74,22200,51317,132,0,0,1,1,19
B,2,43,Random,Insert-flood,75,22500,51604,132,0,0,1,1,19
B,2,43,Random,Insert-flood,76,22800,51892,132,0,0,1,1,19
B,2,43,Random,Insert-flood,77,23100,52177,135,0,0,1,1,19
B,2,43,Random,Insert-flood,78,23400,52469,135,0,0,1,1,19
B,2,43,Random,Insert-flood,79,23700,52755,135,0,0,1,1,19
B,2,43,Random,Insert-flood,80,24000,53040,135,0,0,1,1,19
B,2,43,Random,Insert-flood,81,24300,53328,135,0,0,1,1,19
B,2,43,Random,Insert-flood,82,24600,53618,135,0,0,1,1,19
B,2,43,Random,Insert-flood,83,24900,53901,135,0,0,1,1,19
B,2,43,Random,Insert-flood,84,25000,53996,139,0,0,1,1,19
B,2,43,Random,Delete-flood,1,300,30011,101,0,0,1,1,0
B,2,43,Random,Delete-flood,2,600,30027,101,0,0,1,1,0
B,2,43,Random,Delete-flood,3,900,30039,101,0,0,1,1,0
B,2,43,Random,Delete-flood,4,1200,30051,101,0,0,1,1,0
B,2,43,Random,Delete-flood,5,1500,30066,101,0,0,1,1,0
B,2,43,Random,Delete-flood,6,1800,30083,101,0,0,1,1,0
B,2,43,Random,Delete-flood,7,2100,30095,101,0,0,1,1,0
B,2,43,Random,Delete-flood,8,2400,30105,101,0,0,1,1,0
B,2,43,Random,Delete-flood,9,2700,30117,101,0,0,1,1,0
B,2,43,Random,Delete-flood,10,3000,30133,101,0,0,1,1,0
B,2,43,Random,Delete-flood,11,3300,30145,101,0,0,1,1,0
B,2,43,Random,Delete-flood,12,3600,30163,101,0,0,1,1,0
B,2,43,Random,Delete-flood,13,3900,30183,101,0,0,1,1,0
B,2,43,Random,Delete-flood,14,4200,30189,101,0,0,1,1,0
B,2,43,Random,Delete-flood,15,4500,30205,101,0,0,1,1,0
B,2,43,Random,Delete-flood,16,4800,30216,101,0,0,1,1,0
B,2,43,Random,Delete-flood,17,5100,30222,101,0,0,1,1,0
B,2,43,Random,Delete-flood,18,5400,30235,101,0,0,1,1,0
B,2,43,Random,Delete-flood,19,5700,30248,101,0,0,1,1,0
B,2,43,Random,Delete-flood,20,6000,30251,101,0,0,1,1,0
B,2,43,Random,Delete-flood,21,6300,30258,101,0,0,1,1,0
B,2,43,Random,Delete-flood,22,6600,30269,101,0,0,1,1,0
B,2,43,Random,Delete-flood,23,6900,30272,101,0,0,1,1,0
B,2,43,Random,Delete-flood,24,7200,30288,101,0,0,1,1,0
B,2,43,Random,Delete-flood,25,7500,30311,101,0,0,1,1,0
B,2,43,Random,Delete-flood,26,7800,30325,101,0,0,1,1,0
B,2,43,Random,Delete-flood,27,8100,30341,101,0,0,1,1,0
B,2,43,Random,Delete-flood,28,8400,30354,101,0,0,1,1,0
B,2,43,Random,Delete-flood,29,8700,30370,101,0,0,1,1,0
B,2,43,Random,Delete-flood,30,9000,30388,101,0,0,1,1,0
B,2,43,Random,Delete-flood,31,9300,30411,101,0,0,1,1,0
B,2,43,Random,Delete-flood,32,9600,30423,101,0,0,1,1,0
B,2,43,Random,Delete-flood,33,9900,30435,101,0,0,1,1,0
B,2,43,Random,Delete-flood,34,10200,30446,101,0,0,1,1,0
B,2,43,Random,Delete-flood,35,10500,30456,101,0,0,1,1,0
B,2,43,Random,Delete-flood,36,10800,30471,101,0,0,1,1,0
B,2,43,Random,Delete-flood,37,11100,30485,101,0,0,1,1,0
B,2,43,Random,Delete-flood,38,11400,30500,101,0,0,1,1,0
B,2,43,Random,Delete-flood,39,11700,30513,101,0,0,1,1,0
B,2,43,Random,Delete-flood,40,12000,30525,101,0,0,1,1,0
B,2,43,Random,Delete-flood,41,12300,30533,101,0,0,1,1,0
B,2,43,Random,Delete-flood,42,12600,30546,101,0,0,1,1,0
B,2,43,Random,Delete-flood,43,12900,30562,101,0,0,1,1,0
B,2,43,Random,Delete-flood,44,13200,30574,101,0,0,1,1,0
B,2,43,Random,Delete-flood,45,13500,30590,101,0,0,1,1,0
B,2,43,Random,Delete-flood,46,13800,30606,101,0,0,1,1,0
B,2,43,Random,Delete-flood,47,14100,30618,101,0,0,1,1,0
B,2,43,Random,Delete-flood,48,14400,30631,101,0,0,1,1,0
B,2,43,Random,Delete-flood,49,14700,30642,101,0,0,1,1,0
B,2,43,Random,Delete-flood,50,15000,30654,101,0,0,1,1,0
B,2,43,Random,Delete-flood,51,15300,30663,101,0,0,1,1,0
B,2,43,Random,Delete-flood,52,15600,30682,101,0,0,1,1,0
B,2,43,Random,Delete-flood,53,15900,30693,101,0,0,1,1,0
B,2,43,Random,Delete-flood,54,16200,30712,101,0,0,1,1,0
B,2,43,Random,Delete-flood,55,16500,30722,101,0,0,1,1,0
B,2,43,Random,Delete-flood,56,16800,30735,101,0,0,1,1,0
B,2,43,Random,Delete-flood,57,17100,30742,101,0,0,1,1,0
B,2,43,Random,Delete-flood,58,17400,30756,101,0,0,1,1,0
B,2,43,Random,Delete-flood,59,17700,30770,101,0,0,1,1,0
B,2,43,Random,Delete-flood,60,18000,30788,101,0,0,1,1,0
B,2,43,Random,Delete-flood,61,18300,30810,101,0,0,1,1,0
B,2,43,Random,Delete-flood,62,18600,30823,101,0,0,1,1,0
B,2,43,Random,Delete-flood,63,18900,30835,101,0,0,1,1,0
B,2,43,Random,Delete-flood,64,19200,30843,101,0,0,1,1,0
B,2,43,Random,Delete-flood,65,19500,30856,101,0,0,1,1,0
B,2,43,Random,Delete-flood,66,19800,30874,101,0,0,1,1,0
B,2,43,Random,Delete-flood,67,20100,30888,101,0,0,1,1,0
B,2,43,Random,Delete-flood,68,20400,30906,101,0,0,1,1,0
B,2,43,Random,Delete-flood,69,20700,30918,101,0,0,1,1,0
B,2,43,Random,Delete-flood,70,21000,30938,101,0,0,1,1,0
B,2,43,Random,Delete-flood,71,21300,30955,101,0,0,1,1,0
B,2,43,Random,Delete-flood,72,21600,30970,101,0,0,1,1,0
B,2,43,Random,Delete-flood,73,21900,30982,101,0,0,1,1,0
B,2,43,Random,Delete-flood,74,22200,30999,101,0,0,1,1,0
B,2,43,Random,Delete-flood,75,22500,31015,101,0,0,1,1,0
B,2,43,Random,Delete-flood,76,22800,31030,101,0,0,1,1,0
B,2,43,Random,Delete-flood,77,23100,31046,101,0,0,1,1,0
B,2,43,Random,Delete-flood,78,23400,31059,101,0,0,1,1,0
B,2,43,Random,Delete-flood,79,23700,31070,101,0,0,1,1,0
B,2,43,Random,Delete-flood,80,24000,31085,101,0,0,1,1,0
B,2,43,Random,Delete-flood,81,24300,31101,101,0,0,1,1,0
B,2,43,Random,Delete-flood,82,24600,31108,101,0,0,1,1,0
B,2,43,Random,Delete-flood,83,24900,31118,101,0,0,1,1,0
B,2,43,Random,Delete-flood,84,25000,31122,101,0,0,1,1,0
B,2,43,Random,Write-heavy,1,300,30148,101,0,0,1,1,0
B,2,43,Random,Write-heavy,2,600,30301,101,0,0,1,1,0
B,2,43,Random,Write-heavy,3,900,30444,101,0,0,1,1,0
B,2,43,Random,Write-heavy,4,1200,30592,101,0,0,1,1,0
B,2,43,Random,Write-heavy,5,1500,30754,101,0,0,1,1,0
B,2,43,Random,Write-heavy,6,1800,30919,101,0,0,1,1,0
B,2,43,Random,Write-heavy,7,2100,31070,101,0,0,1,1,0
B,2,43,Random,Write-heavy,8,2400,31211,101,0,0,1,1,0
B,2,43,Random,Write-heavy,9,2700,31364,101,0,0,1,1,0
B,2,43,Random,Write-heavy,10,3000,31503,101,0,0,1,1,0
B,2,43,Random,Write-heavy,11,3300,31641,101,0,0,1,1,0
B,2,43,Random,Write-heavy,12,3600,31797,101,0,0,1,1,0
B,2,43,Random,Write-heavy,13,3900,31935,101,0,0,1,1,0
B,2,43,Random,Write-heavy,14,4200,32075,101,0,0,1,1,0
B,2,43,Random,Write-heavy,15,4500,32218,101,0,0,1,1,0
B,2,43,Random,Write-heavy,16,4800,32366,101,0,0,1,1,0
B,2,43,Random,Write-heavy,17,5100,32500,101,0,0,1,1,0
B,2,43,Random,Write-heavy,18,5400,32649,101,0,0,1,1,0
B,2,43,Random,Write-heavy,19,5700,32805,101,0,0,1,1,0
B,2,43,Random,Write-heavy,20,6000,32964,101,0,0,1,1,0
B,2,43,Random,Write-heavy,21,6300,33114,101,0,0,1,1,0
B,2,43,Random,Write-heavy,22,6600,33249,101,0,0,1,1,0
B,2,43,Random,Write-heavy,23,6900,33400,101,0,0,1,1,0
B,2,43,Random,Write-heavy,24,7200,33540,101,0,0,1,1,0
B,2,43,Random,Write-heavy,25,7500,33699,101,0,0,1,1,0
B,2,43,Random,Write-heavy,26,7800,33848,101,0,0,1,1,0
B,2,43,Random,Write-heavy,27,8100,33987,109,0,0,1,1,0
B,2,43,Random,Write-heavy,28,8400,34146,109,0,0,1,1,0
B,2,43,Random,Write-heavy,29,8700,34305,109,0,0,1,1,0
B,2,43,Random,Write-heavy,30,9000,34468,109,0,0,1,1,0
B,2,43,Random,Write-heavy,31,9300,34597,109,0,0,1,1,0
B,2,43,Random,Write-heavy,32,9600,34748,109,0,0,1,1,0
B,2,43,Random,Write-heavy,33,9900,34901,109,0,0,1,1,0
B,2,43,Random,Write-heavy,34,10200,35069,109,0,0,1,1,0
B,2,43,Random,Write-heavy,35,10500,35218,109,0,0,1,1,0
B,2,43,Random,Write-heavy,36,10800,35372,109,0,0,1,1,0
B,2,43,Random,Write-heavy,37,11100,35518,109,0,0,1,1,0
B,2,43,Random,Write-heavy,38,11400,35659,109,0,0,1,1,0
B,2,43,Random,Write-heavy,39,11700,35818,109,0,0,1,1,0
B,2,43,Random,Write-heavy,40,12000,35946,114,0,0,1,1,0
B,2,43,Random,Write-heavy,41,12300,36089,114,-1,-1,0,0,1
B,2,43,Random,Write-heavy,42,12600,36239,114,-1,-1,0,0,2
B,2,43,Random,Write-heavy,43,12900,36388,114,0,0,1,1,2
B,2,43,Random,Write-heavy,44,13200,36543,114,0,0,1,1,2
B,2,43,Random,Write-heavy,45,13500,36682,114,0,0,1,1,2
B,2,43,Random,Write-heavy,46,13800,36847,114,0,0,1,1,2
B,2,43,Random,Write-heavy,47,14100,36995,114,-1,-1,0,0,3
B,2,43,Random,Write-heavy,48,14400,37153,114,-1,-1,0,0,4
B,2,43,Random,Write-heavy,49,14700,37317,114,0,0,1,1,4
B,2,43,Random,Write-heavy,50,15000,37448,114,0,0,1,1,4
B,2,43,Random,Write-heavy,51,15300,37592,114,0,0,1,1,4
B,2,43,Random,Write-heavy,52,15600,37758,114,0,0,1,1,4
B,2,43,Random,Write-heavy,53,15900,37901,117,0,0,1,1,4
B,2,43,Random,Write-heavy,54,16200,38054,117,-1,-1,0,0,5
B,2,43,Random,Write-heavy,55,16500,38195,117,-1,-1,0,0,6
B,2,43,Random,Write-heavy,56,16800,38340,117,-1,-1,0,0,7
B,2,43,Random,Write-heavy,57,17100,38498,117,0,0,1,1,7
B,2,43,Random,Write-heavy,58,17400,38642,117,0,0,1,1,7
B,2,43,Random,Write-heavy,59,17700,38781,117,0,0,1,1,7
B,2,43,Random,Write-heavy,60,18000,38930,117,0,0,1,1,7
B,2,43,Random,Write-heavy,61,18300,39095,117,0,0,1,1,7
B,2,43,Random,Write-heavy,62,18600,39243,117,0,0,1,1,7
B,2,43,Random,Write-heavy,63,18900,39380,117,0,0,1,1,7
B,2,43,Random,Write-heavy,64,19200,39533,117,0,0,1,1,7
B,2,43,Random,Write-heavy,65,19500,39686,117,0,0,1,1,7
B,2,43,Random,Write-heavy,66,19800,39826,117,0,0,1,1,7
B,2,43,Random,Write-heavy,67,20100,39975,119,-1,-1,0,0,8
B,2,43,Random,Write-heavy,68,20400,40111,119,-1,-1,0,0,9
B,2,43,Random,Write-heavy,69,20700,40260,119,-1,-1,0,0,10
B,2,43,Random,Write-heavy,70,21000,40399,119,-1,-1,0,0,11
B,2,43,Random,Write-heavy,71,21300,40543,119,-1,-1,0,0,12
B,2,43,Random,Write-heavy,72,21600,40688,119,-1,-1,0,0,13
B,2,43,Random,Write-heavy,73,21900,40835,119,-1,-1,0,0,14
B,2,43,Random,Write-heavy,74,22200,41003,119,-1,-1,0,0,15
B,2,43,Random,Write-heavy,75,22500,41145,119,-1,-1,0,0,16
B,2,43,Random,Write-heavy,76,22800,41284,119,-1,-1,0,0,17
B,2,43,Random,Write-heavy,77,23100,41430,119,-1,-1,0,0,18
B,2,43,Random,Write-heavy,78,23400,41567,119,-1,-1,0,0,19
B,2,43,Random,Write-heavy,79,23700,41714,119,-1,-1,0,0,20
B,2,43,Random,Write-heavy,80,24000,41864,119,0,0,1,1,20
B,2,43,Random,Write-heavy,81,24300,42019,119,0,0,1,1,20
B,2,43,Random,Write-heavy,82,24600,42179,119,-1,-1,0,0,21
B,2,43,Random,Write-heavy,83,24900,42321,119,-1,-1,0,0,22
B,2,43,Random,Write-heavy,84,25000,42368,119,-1,-1,0,0,23
B,2,43,Sorted-asc,Balanced,1,300,30068,172,-1,-1,0,0,1
B,2,43,Sorted-asc,Balanced,2,600,30154,172,-1,-1,0,0,2
B,2,43,Sorted-asc,Balanced,3,900,30246,172,-1,-1,0,0,3
B,2,43,Sorted-asc,Balanced,4,1200,30341,172,0,0,1,1,3
B,2,43,Sorted-asc,Balanced,5,1500,30418,172,0,0,1,1,3
B,2,43,Sorted-asc,Balanced,6,1800,30490,172,0,0,1,1,3
B,2,43,Sorted-asc,Balanced,7,2100,30569,172,0,0,1,1,3
B,2,43,Sorted-asc,Balanced,8,2400,30661,172,0,0,1,1,3
B,2,43,Sorted-asc,Balanced,9,2700,30728,172,0,0,1,1,3
B,2,43,Sorted-asc,Balanced,10,3000,30818,172,0,0,1,1,3
B,2,43,Sorted-asc,Balanced,11,3300,30883,172,0,0,1,1,3
B,2,43,Sorted-asc,Balanced,12,3600,30961,172,0,0,1,1,3
B,2,43,Sorted-asc,Balanced,13,3900,31043,172,0,0,1,1,3
B,2,43,Sorted-asc,Balanced,14,4200,31135,172,0,0,1,1,3
B,2,43,Sorted-asc,Balanced,15,4500,31213,172,0,0,1,1,3
B,2,43,Sorted-asc,Balanced,16,4800,31302,172,0,0,1,1,3
B,2,43,Sorted-asc,Balanced,17,5100,31400,172,0,0,1,1,3
B,2,43,Sorted-asc,Balanced,18,5400,31476,172,0,0,1,1,3
B,2,43,Sorted-asc,Balanced,19,5700,31553,172,0,0,1,1,3
B,2,43,Sorted-asc,Balanced,20,6000,31637,182,0,0,1,1,3
B,2,43,Sorted-asc,Balanced,21,6300,31718,182,0,0,1,1,3
B,2,43,Sorted-asc,Balanced,22,6600,31799,182,0,0,1,1,3
B,2,43,Sorted-asc,Balanced,23,6900,31881,182,0,0,1,1,3
B,2,43,Sorted-asc,Balanced,24,7200,31953,182,0,0,1,1,3
B,2,43,Sorted-asc,Balanced,25,7500,32042,182,0,0,1,1,3
B,2,43,Sorted-asc,Balanced,26,7800,32114,182,0,0,1,1,3
B,2,43,Sorted-asc,Balanced,27,8100,32191,182,0,0,1,1,3
B,2,43,Sorted-asc,Balanced,28,8400,32274,182,0,0,1,1,3
B,2,43,Sorted-asc,Balanced,29,8700,32363,182,0,0,1,1,3
B,2,43,Sorted-asc,Balanced,30,9000,32448,182,0,0,1,1,3
B,2,43,Sorted-asc,Balanced,31,9300,32528,182,0,0,1,1,3
B,2,43,Sorted-asc,Balanced,32,9600,32599,182,0,0,1,1,3
B,2,43,Sorted-asc,Balanced,33,9900,32671,182,0,0,1,1,3
B,2,43,Sorted-asc,Balanced,34,10200,32737,182,0,0,1,1,3
B,2,43,Sorted-asc,Balanced,35,10500,32809,182,0,0,1,1,3
B,2,43,Sorted-asc,Balanced,36,10800,32886,182,0,0,1,1,3
B,2,43,Sorted-asc,Balanced,37,11100,32977,182,0,0,1,1,3
B,2,43,Sorted-asc,Balanced,38,11400,33064,182,0,0,1,1,3
B,2,43,Sorted-asc,Balanced,39,11700,33140,182,0,0,1,1,3
B,2,43,Sorted-asc,Balanced,40,12000,33216,185,0,0,1,1,3
B,2,43,Sorted-asc,Balanced,41,12300,33316,185,0,0,1,1,3
B,2,43,Sorted-asc,Balanced,42,12600,33410,185,0,0,1,1,3
B,2,43,Sorted-asc,Balanced,43,12900,33493,185,0,0,1,1,3
B,2,43,Sorted-asc,Balanced,44,13200,33571,185,0,0,1,1,3
B,2,43,Sorted-asc,Balanced,45,13500,33646,185,0,0,1,1,3
B,2,43,Sorted-asc,Balanced,46,13800,33741,185,0,0,1,1,3
B,2,43,Sorted-asc,Balanced,47,14100,33822,185,0,0,1,1,3
B,2,43,Sorted-asc,Balanced,48,14400,33908,185,0,0,1,1,3
B,2,43,Sorted-asc,Balanced,49,14700,34000,185,0,0,1,1,3
B,2,43,Sorted-asc,Balanced,50,15000,34091,185,0,0,1,1,3
B,2,43,Sorted-asc,Balanced,51,15300,34165,185,0,0,1,1,3
B,2,43,Sorted-asc,Balanced,52,15600,34246,185,0,0,1,1,3
B,2,43,Sorted-asc,Balanced,53,15900,34315,185,0,0,1,1,3
B,2,43,Sorted-asc,Balanced,54,16200,34400,185,0,0,1,1,3
B,2,43,Sorted-asc,Balanced,55,16500,34478,185,0,0,1,1,3
B,2,43,Sorted-asc,Balanced,56,16800,34556,185,0,0,1,1,3
B,2,43,Sorted-asc,Balanced,57,17100,34639,185,0,0,1,1,3
B,2,43,Sorted-asc,Balanced,58,17400,34716,185,0,0,1,1,3
B,2,43,Sorted-asc,Balanced,59,17700,34777,185,0,0,1,1,3
B,2,43,Sorted-asc,Balanced,60,18000,34843,194,0,0,1,1,3
B,2,43,Sorted-asc,Balanced,61,18300,34923,194,0,0,1,1,3
B,2,43,Sorted-asc,Balanced,62,18600,34999,194,0,0,1,1,3
B,2,43,Sorted-asc,Balanced,63,18900,35081,194,0,0,1,1,3
B,2,43,Sorted-asc,Balanced,64,19200,35159,194,0,0,1,1,3
B,2,43,Sorted-asc,Balanced,65,19500,35235,194,0,0,1,1,3
B,2,43,Sorted-asc,Balanced,66,19800,35333,194,0,0,1,1,3
B,2,43,Sorted-asc,Balanced,67,20100,35402,194,0,0,1,1,3
B,2,43,Sorted-asc,Balanced,68,20400,35470,194,0,0,1,1,3
B,2,43,Sorted-asc,Balanced,69,20700,35549,194,0,0,1,1,3
B,2,43,Sorted-asc,Balanced,70,21000,35638,194,0,0,1,1,3
B,2,43,Sorted-asc,Balanced,71,21300,35721,194,0,0,1,1,3
B,2,43,Sorted-asc,Balanced,72,21600,35781,194,0,0,1,1,3
B,2,43,Sorted-asc,Balanced,73,21900,35857,194,0,0,1,1,3
B,2,43,Sorted-asc,Balanced,74,22200,35940,194,0,0,1,1,3
B,2,43,Sorted-asc,Balanced,75,22500,36019,194,0,0,1,1,3
B,2,43,Sorted-asc,Balanced,76,22800,36103,194,0,0,1,1,3
B,2,43,Sorted-asc,Balanced,77,23100,36196,194,0,0,1,1,3
B,2,43,Sorted-asc,Balanced,78,23400,36284,194,0,0,1,1,3
B,2,43,Sorted-asc,Balanced,79,23700,36358,194,0,0,1,1,3
B,2,43,Sorted-asc,Balanced,80,24000,36432,199,0,0,1,1,3
B,2,43,Sorted-asc,Balanced,81,24300,36514,199,0,0,1,1,3
B,2,43,Sorted-asc,Balanced,82,24600,36590,199,0,0,1,1,3
B,2,43,Sorted-asc,Balanced,83,24900,36675,199,0,0,1,1,3
B,2,43,Sorted-asc,Balanced,84,25000,36700,199,0,0,1,1,3
B,2,43,Sorted-asc,Insert-flood,1,300,30255,172,-1,-1,0,0,1
B,2,43,Sorted-asc,Insert-flood,2,600,30517,172,0,0,1,1,1
B,2,43,Sorted-asc,Insert-flood,3,900,30775,172,0,0,1,1,1
B,2,43,Sorted-asc,Insert-flood,4,1200,31043,172,0,0,1,1,1
B,2,43,Sorted-asc,Insert-flood,5,1500,31304,172,0,0,1,1,1
B,2,43,Sorted-asc,Insert-flood,6,1800,31576,172,0,0,1,1,1
B,2,43,Sorted-asc,Insert-flood,7,2100,31841,172,0,0,1,1,1
B,2,43,Sorted-asc,Insert-flood,8,2400,32107,183,0,0,1,1,1
B,2,43,Sorted-asc,Insert-flood,9,2700,32370,183,0,0,1,1,1
B,2,43,Sorted-asc,Insert-flood,10,3000,32632,183,0,0,1,1,1
B,2,43,Sorted-asc,Insert-flood,11,3300,32892,183,0,0,1,1,1
B,2,43,Sorted-asc,Insert-flood,12,3600,33152,183,0,0,1,1,1
B,2,43,Sorted-asc,Insert-flood,13,3900,33416,183,0,0,1,1,1
B,2,43,Sorted-asc,Insert-flood,14,4200,33673,183,0,0,1,1,1
B,2,43,Sorted-asc,Insert-flood,15,4500,33926,183,0,0,1,1,1
B,2,43,Sorted-asc,Insert-flood,16,4800,34184,188,0,0,1,1,1
B,2,43,Sorted-asc,Insert-flood,17,5100,34439,188,0,0,1,1,1
B,2,43,Sorted-asc,Insert-flood,18,5400,34699,188,0,0,1,1,1
B,2,43,Sorted-asc,Insert-flood,19,5700,34958,188,0,0,1,1,1
B,2,43,Sorted-asc,Insert-flood,20,6000,35215,188,0,0,1,1,1
B,2,43,Sorted-asc,Insert-flood,21,6300,35483,188,0,0,1,1,1
B,2,43,Sorted-asc,Insert-flood,22,6600,35739,188,0,0,1,1,1
B,2,43,Sorted-asc,Insert-flood,23,6900,36002,194,0,0,1,1,1
B,2,43,Sorted-asc,Insert-flood,24,7200,36250,194,0,0,1,1,1
B,2,43,Sorted-asc,Insert-flood,25,7500,36507,194,0,0,1,1,1
B,2,43,Sorted-asc,Insert-flood,26,7800,36752,194,0,0,1,1,1
B,2,43,Sorted-asc,Insert-flood,27,8100,37010,194,0,0,1,1,1
B,2,43,Sorted-asc,Insert-flood,28,8400,37279,194,0,0,1,1,1
B,2,43,Sorted-asc,Insert-flood,29,8700,37534,194,0,0,1,1,1
B,2,43,Sorted-asc,Insert-flood,30,9000,37802,194,0,0,1,1,1
B,2,43,Sorted-asc,Insert-flood,31,9300,38070,195,0,0,1,1,1
B,2,43,Sorted-asc,Insert-flood,32,9600,38329,195,0,0,1,1,1
B,2,43,Sorted-asc,Insert-flood,33,9900,38584,195,0,0,1,1,1
B,2,43,Sorted-asc,Insert-flood,34,10200,38829,195,0,0,1,1,1
B,2,43,Sorted-asc,Insert-flood,35,10500,39084,195,0,0,1,1,1
B,2,43,Sorted-asc,Insert-flood,36,10800,39344,195,0,0,1,1,1
B,2,43,Sorted-asc,Insert-flood,37,11100,39602,195,0,0,1,1,1
B,2,43,Sorted-asc,Insert-flood,38,11400,39865,195,0,0,1,1,1
B,2,43,Sorted-asc,Insert-flood,39,11700,40128,202,0,0,1,1,1
B,2,43,Sorted-asc,Insert-flood,40,12000,40391,202,0,0,1,1,1
B,2,43,Sorted-asc,Insert-flood,41,12300,40650,202,0,0,1,1,1
B,2,43,Sorted-asc,Insert-flood,42,12600,40921,202,0,0,1,1,1
B,2,43,Sorted-asc,Insert-flood,43,12900,41176,202,0,0,1,1,1
B,2,43,Sorted-asc,Insert-flood,44,13200,41432,202,0,0,1,1,1
B,2,43,Sorted-asc,Insert-flood,45,13500,41685,202,0,0,1,1,1
B,2,43,Sorted-asc,Insert-flood,46,13800,41937,202,0,0,1,1,1
B,2,43,Sorted-asc,Insert-flood,47,14100,42195,202,0,0,1,1,1
B,2,43,Sorted-asc,Insert-flood,48,14400,42452,202,0,0,1,1,1
B,2,43,Sorted-asc,Insert-flood,49,14700,42715,202,0,0,1,1,1
B,2,43,Sorted-asc,Insert-flood,50,15000,42987,202,0,0,1,1,1
B,2,43,Sorted-asc,Insert-flood,51,15300,43240,202,0,0,1,1,1
B,2,43,Sorted-asc,Insert-flood,52,15600,43492,202,0,0,1,1,1
B,2,43,Sorted-asc,Insert-flood,53,15900,43761,202,0,0,1,1,1
B,2,43,Sorted-asc,Insert-flood,54,16200,44017,209,0,0,1,1,1
B,2,43,Sorted-asc,Insert-flood,55,16500,44282,209,-1,-1,0,0,2
B,2,43,Sorted-asc,Insert-flood,56,16800,44540,209,0,0,1,1,2
B,2,43,Sorted-asc,Insert-flood,57,17100,44791,209,0,0,1,1,2
B,2,43,Sorted-asc,Insert-flood,58,17400,45053,209,0,0,1,1,2
B,2,43,Sorted-asc,Insert-flood,59,17700,45317,209,0,0,1,1,2
B,2,43,Sorted-asc,Insert-flood,60,18000,45579,209,0,0,1,1,2
B,2,43,Sorted-asc,Insert-flood,61,18300,45842,209,0,0,1,1,2
B,2,43,Sorted-asc,Insert-flood,62,18600,46102,215,0,0,1,1,2
B,2,43,Sorted-asc,Insert-flood,63,18900,46359,215,0,0,1,1,2
B,2,43,Sorted-asc,Insert-flood,64,19200,46626,215,0,0,1,1,2
B,2,43,Sorted-asc,Insert-flood,65,19500,46884,215,0,0,1,1,2
B,2,43,Sorted-asc,Insert-flood,66,19800,47142,215,0,0,1,1,2
B,2,43,Sorted-asc,Insert-flood,67,20100,47395,215,0,0,1,1,2
B,2,43,Sorted-asc,Insert-flood,68,20400,47655,215,0,0,1,1,2
B,2,43,Sorted-asc,Insert-flood,69,20700,47923,215,0,0,1,1,2
B,2,43,Sorted-asc,Insert-flood,70,21000,48179,218,0,0,1,1,2
B,2,43,Sorted-asc,Insert-flood,71,21300,48445,218,0,0,1,1,2
B,2,43,Sorted-asc,Insert-flood,72,21600,48714,218,0,0,1,1,2
B,2,43,Sorted-asc,Insert-flood,73,21900,48981,218,0,0,1,1,2
B,2,43,Sorted-asc,Insert-flood,74,22200,49240,218,0,0,1,1,2
B,2,43,Sorted-asc,Insert-flood,75,22500,49499,218,0,0,1,1,2
B,2,43,Sorted-asc,Insert-flood,76,22800,49754,218,0,0,1,1,2
B,2,43,Sorted-asc,Insert-flood,77,23100,50008,220,0,0,1,1,2
B,2,43,Sorted-asc,Insert-flood,78,23400,50261,220,0,0,1,1,2
B,2,43,Sorted-asc,Insert-flood,79,23700,50529,220,0,0,1,1,2
B,2,43,Sorted-asc,Insert-flood,80,24000,50795,220,0,0,1,1,2
B,2,43,Sorted-asc,Insert-flood,81,24300,51061,220,0,0,1,1,2
B,2,43,Sorted-asc,Insert-flood,82,24600,51323,220,0,0,1,1,2
B,2,43,Sorted-asc,Insert-flood,83,24900,51588,220,0,0,1,1,2
B,2,43,Sorted-asc,Insert-flood,84,25000,51675,220,0,0,1,1,2
B,2,43,Sorted-asc,Delete-flood,1,300,29981,172,0,0,1,1,0
B,2,43,Sorted-asc,Delete-flood,2,600,29971,172,0,0,1,1,0
B,2,43,Sorted-asc,Delete-flood,3,900,29952,172,-1,-1,0,0,1
B,2,43,Sorted-asc,Delete-flood,4,1200,29934,172,-1,-1,0,0,2
B,2,43,Sorted-asc,Delete-flood,5,1500,29916,172,-1,-1,0,0,3
B,2,43,Sorted-asc,Delete-flood,6,1800,29901,172,-1,-1,0,0,4
B,2,43,Sorted-asc,Delete-flood,7,2100,29880,172,-1,-1,0,0,5
B,2,43,Sorted-asc,Delete-flood,8,2400,29872,172,0,0,1,1,5
B,2,43,Sorted-asc,Delete-flood,9,2700,29854,172,0,0,1,1,5
B,2,43,Sorted-asc,Delete-flood,10,3000,29831,172,0,0,1,1,5
B,2,43,Sorted-asc,Delete-flood,11,3300,29826,172,0,0,1,1,5
B,2,43,Sorted-asc,Delete-flood,12,3600,29819,172,0,0,1,1,5
B,2,43,Sorted-asc,Delete-flood,13,3900,29801,172,0,0,1,1,5
B,2,43,Sorted-asc,Delete-flood,14,4200,29772,172,0,0,1,1,5
B,2,43,Sorted-asc,Delete-flood,15,4500,29764,172,0,0,1,1,5
B,2,43,Sorted-asc,Delete-flood,16,4800,29767,172,-1,-1,0,0,6
B,2,43,Sorted-asc,Delete-flood,17,5100,29748,172,-1,-1,0,0,7
B,2,43,Sorted-asc,Delete-flood,18,5400,29736,172,-1,-1,0,0,8
B,2,43,Sorted-asc,Delete-flood,19,5700,29716,172,-1,-1,0,0,9
B,2,43,Sorted-asc,Delete-flood,20,6000,29706,172,-1,-1,0,0,10
B,2,43,Sorted-asc,Delete-flood,21,6300,29689,172,-1,-1,0,0,11
B,2,43,Sorted-asc,Delete-flood,22,6600,29680,172,0,0,1,1,11
B,2,43,Sorted-asc,Delete-flood,23,6900,29671,172,0,0,1,1,11
B,2,43,Sorted-asc,Delete-flood,24,7200,29650,172,0,0,1,1,11
B,2,43,Sorted-asc,Delete-flood,25,7500,29630,172,0,0,1,1,11
B,2,43,Sorted-asc,Delete-flood,26,7800,29607,172,0,0,1,1,11
B,2,43,Sorted-asc,Delete-flood,27,8100,29601,172,0,0,1,1,11
B,2,43,Sorted-asc,Delete-flood,28,8400,29585,172,0,0,1,1,11
B,2,43,Sorted-asc,Delete-flood,29,8700,29585,172,0,0,1,1,11
B,2,43,Sorted-asc,Delete-flood,30,9000,29565,172,0,0,1,1,11
B,2,43,Sorted-asc,Delete-flood,31,9300,29550,172,0,0,1,1,11
B,2,43,Sorted-asc,Delete-flood,32,9600,29534,172,0,0,1,1,11
B,2,43,Sorted-asc,Delete-flood,33,9900,29527,172,0,0,1,1,11
B,2,43,Sorted-asc,Delete-flood,34,10200,29508,172,0,0,1,1,11
B,2,43,Sorted-asc,Delete-flood,35,10500,29500,172,0,0,1,1,11
B,2,43,Sorted-asc,Delete-flood,36,10800,29495,172,0,0,1,1,11
B,2,43,Sorted-asc,Delete-flood,37,11100,29474,172,0,0,1,1,11
B,2,43,Sorted-asc,Delete-flood,38,11400,29468,172,0,0,1,1,11
B,2,43,Sorted-asc,Delete-flood,39,11700,29448,172,0,0,1,1,11
B,2,43,Sorted-asc,Delete-flood,40,12000,29434,172,0,0,1,1,11
B,2,43,Sorted-asc,Delete-flood,41,12300,29413,172,0,0,1,1,11
B,2,43,Sorted-asc,Delete-flood,42,12600,29403,172,0,0,1,1,11
B,2,43,Sorted-asc,Delete-flood,43,12900,29394,172,0,0,1,1,11
B,2,43,Sorted-asc,Delete-flood,44,13200,29376,172,0,0,1,1,11
B,2,43,Sorted-asc,Delete-flood,45,13500,29358,172,0,0,1,1,11
B,2,43,Sorted-asc,Delete-flood,46,13800,29357,172,0,0,1,1,11
B,2,43,Sorted-asc,Delete-flood,47,14100,29333,172,0,0,1,1,11
B,2,43,Sorted-asc,Delete-flood,48,14400,29320,172,0,0,1,1,11
B,2,43,Sorted-asc,Delete-flood,49,14700,29293,172,0,0,1,1,11
B,2,43,Sorted-asc,Delete-flood,50,15000,29282,176,0,0,1,1,11
B,2,43,Sorted-asc,Delete-flood,51,15300,29273,176,0,0,1,1,11
B,2,43,Sorted-asc,Delete-flood,52,15600,29258,176,0,0,1,1,11
B,2,43,Sorted-asc,Delete-flood,53,15900,29253,176,0,0,1,1,11
B,2,43,Sorted-asc,Delete-flood,54,16200,29231,176,0,0,1,1,11
B,2,43,Sorted-asc,Delete-flood,55,16500,29221,176,0,0,1,1,11
B,2,43,Sorted-asc,Delete-flood,56,16800,29207,176,0,0,1,1,11
B,2,43,Sorted-asc,Delete-flood,57,17100,29193,176,0,0,1,1,11
B,2,43,Sorted-asc,Delete-flood,58,17400,29174,176,0,0,1,1,11
B,2,43,Sorted-asc,Delete-flood,59,17700,29149,176,0,0,1,1,11
B,2,43,Sorted-asc,Delete-flood,60,18000,29148,176,0,0,1,1,11
B,2,43,Sorted-asc,Delete-flood,61,18300,29122,176,0,0,1,1,11
B,2,43,Sorted-asc,Delete-flood,62,18600,29118,176,0,0,1,1,11
B,2,43,Sorted-asc,Delete-flood,63,18900,29099,176,0,0,1,1,11
B,2,43,Sorted-asc,Delete-flood,64,19200,29084,176,0,0,1,1,11
B,2,43,Sorted-asc,Delete-flood,65,19500,29069,176,0,0,1,1,11
B,2,43,Sorted-asc,Delete-flood,66,19800,29061,176,0,0,1,1,11
B,2,43,Sorted-asc,Delete-flood,67,20100,29057,176,0,0,1,1,11
B,2,43,Sorted-asc,Delete-flood,68,20400,29034,176,0,0,1,1,11
B,2,43,Sorted-asc,Delete-flood,69,20700,29014,176,0,0,1,1,11
B,2,43,Sorted-asc,Delete-flood,70,21000,28999,176,0,0,1,1,11
B,2,43,Sorted-asc,Delete-flood,71,21300,28988,176,0,0,1,1,11
B,2,43,Sorted-asc,Delete-flood,72,21600,28967,176,0,0,1,1,11
B,2,43,Sorted-asc,Delete-flood,73,21900,28948,176,0,0,1,1,11
B,2,43,Sorted-asc,Delete-flood,74,22200,28946,176,0,0,1,1,11
B,2,43,Sorted-asc,Delete-flood,75,22500,28943,176,0,0,1,1,11
B,2,43,Sorted-asc,Delete-flood,76,22800,28928,176,0,0,1,1,11
B,2,43,Sorted-asc,Delete-flood,77,23100,28914,176,0,0,1,1,11
B,2,43,Sorted-asc,Delete-flood,78,23400,28901,176,0,0,1,1,11
B,2,43,Sorted-asc,Delete-flood,79,23700,28891,176,0,0,1,1,11
B,2,43,Sorted-asc,Delete-flood,80,24000,28882,176,0,0,1,1,11
B,2,43,Sorted-asc,Delete-flood,81,24300,28872,176,0,0,1,1,11
B,2,43,Sorted-asc,Delete-flood,82,24600,28851,176,0,0,1,1,11
B,2,43,Sorted-asc,Delete-flood,83,24900,28843,176,0,0,1,1,11
B,2,43,Sorted-asc,Delete-flood,84,25000,28839,176,0,0,1,1,11
B,2,43,Sorted-asc,Write-heavy,1,300,30126,172,-1,-1,0,0,1
B,2,43,Sorted-asc,Write-heavy,2,600,30249,172,-1,-1,0,0,2
B,2,43,Sorted-asc,Write-heavy,3,900,30387,172,0,0,1,1,2
B,2,43,Sorted-asc,Write-heavy,4,1200,30502,172,0,0,1,1,2
B,2,43,Sorted-asc,Write-heavy,5,1500,30629,172,0,0,1,1,2
B,2,43,Sorted-asc,Write-heavy,6,1800,30760,172,0,0,1,1,2
B,2,43,Sorted-asc,Write-heavy,7,2100,30868,172,0,0,1,1,2
B,2,43,Sorted-asc,Write-heavy,8,2400,30995,172,0,0,1,1,2
B,2,43,Sorted-asc,Write-heavy,9,2700,31100,172,0,0,1,1,2
B,2,43,Sorted-asc,Write-heavy,10,3000,31234,172,0,0,1,1,2
B,2,43,Sorted-asc,Write-heavy,11,3300,31362,172,0,0,1,1,2
B,2,43,Sorted-asc,Write-heavy,12,3600,31500,172,0,0,1,1,2
B,2,43,Sorted-asc,Write-heavy,13,3900,31622,172,0,0,1,1,2
B,2,43,Sorted-asc,Write-heavy,14,4200,31761,182,0,0,1,1,2
B,2,43,Sorted-asc,Write-heavy,15,4500,31863,182,0,0,1,1,2
B,2,43,Sorted-asc,Write-heavy,16,4800,31974,182,0,0,1,1,2
B,2,43,Sorted-asc,Write-heavy,17,5100,32097,182,0,0,1,1,2
B,2,43,Sorted-asc,Write-heavy,18,5400,32210,182,0,0,1,1,2
B,2,43,Sorted-asc,Write-heavy,19,5700,32338,182,0,0,1,1,2
B,2,43,Sorted-asc,Write-heavy,20,6000,32467,182,0,0,1,1,2
B,2,43,Sorted-asc,Write-heavy,21,6300,32595,182,0,0,1,1,2
B,2,43,Sorted-asc,Write-heavy,22,6600,32707,182,0,0,1,1,2
B,2,43,Sorted-asc,Write-heavy,23,6900,32837,182,0,0,1,1,2
B,2,43,Sorted-asc,Write-heavy,24,7200,32955,182,0,0,1,1,2
B,2,43,Sorted-asc,Write-heavy,25,7500,33088,182,0,0,1,1,2
B,2,43,Sorted-asc,Write-heavy,26,7800,33198,182,0,0,1,1,2
B,2,43,Sorted-asc,Write-heavy,27,8100,33328,182,0,0,1,1,2
B,2,43,Sorted-asc,Write-heavy,28,8400,33451,191,0,0,1,1,2
B,2,43,Sorted-asc,Write-heavy,29,8700,33588,191,0,0,1,1,2
B,2,43,Sorted-asc,Write-heavy,30,9000,33721,191,0,0,1,1,2
B,2,43,Sorted-asc,Write-heavy,31,9300,33832,191,0,0,1,1,2
B,2,43,Sorted-asc,Write-heavy,32,9600,33952,191,0,0,1,1,2
B,2,43,Sorted-asc,Write-heavy,33,9900,34080,191,0,0,1,1,2
B,2,43,Sorted-asc,Write-heavy,34,10200,34207,191,0,0,1,1,2
B,2,43,Sorted-asc,Write-heavy,35,10500,34320,191,0,0,1,1,2
B,2,43,Sorted-asc,Write-heavy,36,10800,34436,191,0,0,1,1,2
B,2,43,Sorted-asc,Write-heavy,37,11100,34543,191,0,0,1,1,2
B,2,43,Sorted-asc,Write-heavy,38,11400,34654,191,0,0,1,1,2
B,2,43,Sorted-asc,Write-heavy,39,11700,34781,191,0,0,1,1,2
B,2,43,Sorted-asc,Write-heavy,40,12000,34895,191,0,0,1,1,2
B,2,43,Sorted-asc,Write-heavy,41,12300,35030,191,0,0,1,1,2
B,2,43,Sorted-asc,Write-heavy,42,12600,35134,195,-1,-1,0,0,3
B,2,43,Sorted-asc,Write-heavy,43,12900,35248,195,-1,-1,0,0,4
B,2,43,Sorted-asc,Write-heavy,44,13200,35356,195,-1,-1,0,0,5
B,2,43,Sorted-asc,Write-heavy,45,13500,35483,195,-1,-1,0,0,6
B,2,43,Sorted-asc,Write-heavy,46,13800,35588,195,-1,-1,0,0,7
B,2,43,Sorted-asc,Write-heavy,47,14100,35693,195,-1,-1,0,0,8
B,2,43,Sorted-asc,Write-heavy,48,14400,35821,195,-1,-1,0,0,9
B,2,43,Sorted-asc,Write-heavy,49,14700,35949,195,-1,-1,0,0,10
B,2,43,Sorted-asc,Write-heavy,50,15000,36065,195,-1,-1,0,0,11
B,2,43,Sorted-asc,Write-heavy,51,15300,36187,195,-1,-1,0,0,12
B,2,43,Sorted-asc,Write-heavy,52,15600,36311,195,-1,-1,0,0,13
B,2,43,Sorted-asc,Write-heavy,53,15900,36443,195,-1,-1,0,0,14
B,2,43,Sorted-asc,Write-heavy,54,16200,36556,195,-1,-1,0,0,15
B,2,43,Sorted-asc,Write-heavy,55,16500,36673,195,-1,-1,0,0,16
B,2,43,Sorted-asc,Write-heavy,56,16800,36813,199,0,0,1,1,16
B,2,43,Sorted-asc,Write-heavy,57,17100,36941,199,0,0,1,1,16
B,2,43,Sorted-asc,Write-heavy,58,17400,37058,199,0,0,1,1,16
B,2,43,Sorted-asc,Write-heavy,59,17700,37196,199,0,0,1,1,16
B,2,43,Sorted-asc,Write-heavy,60,18000,37324,199,0,0,1,1,16
B,2,43,Sorted-asc,Write-heavy,61,18300,37447,199,0,0,1,1,16
B,2,43,Sorted-asc,Write-heavy,62,18600,37554,199,0,0,1,1,16
B,2,43,Sorted-asc,Write-heavy,63,18900,37664,199,0,0,1,1,16
B,2,43,Sorted-asc,Write-heavy,64,19200,37787,199,0,0,1,1,16
B,2,43,Sorted-asc,Write-heavy,65,19500,37898,199,0,0,1,1,16
B,2,43,Sorted-asc,Write-heavy,66,19800,37995,199,0,0,1,1,16
B,2,43,Sorted-asc,Write-heavy,67,20100,38114,199,0,0,1,1,16
B,2,43,Sorted-asc,Write-heavy,68,20400,38239,199,0,0,1,1,16
B,2,43,Sorted-asc,Write-heavy,69,20700,38367,201,0,0,1,1,16
B,2,43,Sorted-asc,Write-heavy,70,21000,38484,201,-1,-1,0,0,17
B,2,43,Sorted-asc,Write-heavy,71,21300,38611,201,0,0,1,1,17
B,2,43,Sorted-asc,Write-heavy,72,21600,38728,201,0,0,1,1,17
B,2,43,Sorted-asc,Write-heavy,73,21900,38862,201,-1,-1,0,0,18
B,2,43,Sorted-asc,Write-heavy,74,22200,38973,201,0,0,1,1,18
B,2,43,Sorted-asc,Write-heavy,75,22500,39080,201,0,0,1,1,18
B,2,43,Sorted-asc,Write-heavy,76,22800,39200,200,0,0,1,1,18
B,2,43,Sorted-asc,Write-heavy,77,23100,39326,200,-1,-1,0,0,19
B,2,43,Sorted-asc,Write-heavy,78,23400,39442,200,0,0,1,1,19
B,2,43,Sorted-asc,Write-heavy,79,23700,39567,200,0,0,1,1,19
B,2,43,Sorted-asc,Write-heavy,80,24000,39696,200,0,0,1,1,19
B,2,43,Sorted-asc,Write-heavy,81,24300,39822,200,0,0,1,1,19
B,2,43,Sorted-asc,Write-heavy,82,24600,39952,200,0,0,1,1,19
B,2,43,Sorted-asc,Write-heavy,83,24900,40097,200,0,0,1,1,19
B,2,43,Sorted-asc,Write-heavy,84,25000,40139,200,-1,-1,0,0,20
B,2,43,Sorted-desc,Balanced,1,300,30065,180,-1,-1,0,0,1
B,2,43,Sorted-desc,Balanced,2,600,30147,180,-1,-1,0,0,2
B,2,43,Sorted-desc,Balanced,3,900,30234,180,-1,-1,0,0,3
B,2,43,Sorted-desc,Balanced,4,1200,30333,180,0,0,1,1,3
B,2,43,Sorted-desc,Balanced,5,1500,30411,180,0,0,1,1,3
B,2,43,Sorted-desc,Balanced,6,1800,30491,180,0,0,1,1,3
B,2,43,Sorted-desc,Balanced,7,2100,30578,180,0,0,1,1,3
B,2,43,Sorted-desc,Balanced,8,2400,30664,180,0,0,1,1,3
B,2,43,Sorted-desc,Balanced,9,2700,30744,180,0,0,1,1,3
B,2,43,Sorted-desc,Balanced,10,3000,30825,180,0,0,1,1,3
B,2,43,Sorted-desc,Balanced,11,3300,30926,180,0,0,1,1,3
B,2,43,Sorted-desc,Balanced,12,3600,30997,180,0,0,1,1,3
B,2,43,Sorted-desc,Balanced,13,3900,31088,180,0,0,1,1,3
B,2,43,Sorted-desc,Balanced,14,4200,31175,180,0,0,1,1,3
B,2,43,Sorted-desc,Balanced,15,4500,31266,180,0,0,1,1,3
B,2,43,Sorted-desc,Balanced,16,4800,31348,180,0,0,1,1,3
B,2,43,Sorted-desc,Balanced,17,5100,31410,180,0,0,1,1,3
B,2,43,Sorted-desc,Balanced,18,5400,31488,180,0,0,1,1,3
B,2,43,Sorted-desc,Balanced,19,5700,31585,180,0,0,1,1,3
B,2,43,Sorted-desc,Balanced,20,6000,31675,190,0,0,1,1,3
B,2,43,Sorted-desc,Balanced,21,6300,31756,190,0,0,1,1,3
B,2,43,Sorted-desc,Balanced,22,6600,31849,190,0,0,1,1,3
B,2,43,Sorted-desc,Balanced,23,6900,31940,190,0,0,1,1,3
B,2,43,Sorted-desc,Balanced,24,7200,32012,190,0,0,1,1,3
B,2,43,Sorted-desc,Balanced,25,7500,32087,190,0,0,1,1,3
B,2,43,Sorted-desc,Balanced,26,7800,32167,190,0,0,1,1,3
B,2,43,Sorted-desc,Balanced,27,8100,32245,190,0,0,1,1,3
B,2,43,Sorted-desc,Balanced,28,8400,32315,190,0,0,1,1,3
B,2,43,Sorted-desc,Balanced,29,8700,32399,190,0,0,1,1,3
B,2,43,Sorted-desc,Balanced,30,9000,32469,190,0,0,1,1,3
B,2,43,Sorted-desc,Balanced,31,9300,32544,190,0,0,1,1,3
B,2,43,Sorted-desc,Balanced,32,9600,32626,190,0,0,1,1,3
B,2,43,Sorted-desc,Balanced,33,9900,32703,190,0,0,1,1,3
B,2,43,Sorted-desc,Balanced,34,10200,32784,190,0,0,1,1,3
B,2,43,Sorted-desc,Balanced,35,10500,32871,190,0,0,1,1,3
B,2,43,Sorted-desc,Balanced,36,10800,32943,190,0,0,1,1,3
B,2,43,Sorted-desc,Balanced,37,11100,33012,190,-1,-1,0,0,4
B,2,43,Sorted-desc,Balanced,38,11400,33093,190,-1,-1,0,0,5
B,2,43,Sorted-desc,Balanced,39,11700,33168,190,-1,-1,0,0,6
B,2,43,Sorted-desc,Balanced,40,12000,33247,198,0,0,1,1,6
B,2,43,Sorted-desc,Balanced,41,12300,33336,198,0,0,1,1,6
B,2,43,Sorted-desc,Balanced,42,12600,33418,198,0,0,1,1,6
B,2,43,Sorted-desc,Balanced,43,12900,33491,198,0,0,1,1,6
B,2,43,Sorted-desc,Balanced,44,13200,33565,198,0,0,1,1,6
B,2,43,Sorted-desc,Balanced,45,13500,33640,198,0,0,1,1,6
B,2,43,Sorted-desc,Balanced,46,13800,33699,198,0,0,1,1,6
B,2,43,Sorted-desc,Balanced,47,14100,33778,198,0,0,1,1,6
B,2,43,Sorted-desc,Balanced,48,14400,33867,198,0,0,1,1,6
B,2,43,Sorted-desc,Balanced,49,14700,33951,198,0,0,1,1,6
B,2,43,Sorted-desc,Balanced,50,15000,34017,198,0,0,1,1,6
B,2,43,Sorted-desc,Balanced,51,15300,34091,198,0,0,1,1,6
B,2,43,Sorted-desc,Balanced,52,15600,34168,198,0,0,1,1,6
B,2,43,Sorted-desc,Balanced,53,15900,34255,198,0,0,1,1,6
B,2,43,Sorted-desc,Balanced,54,16200,34327,198,0,0,1,1,6
B,2,43,Sorted-desc,Balanced,55,16500,34402,198,0,0,1,1,6
B,2,43,Sorted-desc,Balanced,56,16800,34478,198,0,0,1,1,6
B,2,43,Sorted-desc,Balanced,57,17100,34555,198,0,0,1,1,6
B,2,43,Sorted-desc,Balanced,58,17400,34639,198,0,0,1,1,6
B,2,43,Sorted-desc,Balanced,59,17700,34722,198,0,0,1,1,6
B,2,43,Sorted-desc,Balanced,60,18000,34813,198,0,0,1,1,6
B,2,43,Sorted-desc,Balanced,61,18300,34889,204,0,0,1,1,6
B,2,43,Sorted-desc,Balanced,62,18600,34961,204,0,0,1,1,6
B,2,43,Sorted-desc,Balanced,63,18900,35041,204,0,0,1,1,6
B,2,43,Sorted-desc,Balanced,64,19200,35119,204,0,0,1,1,6
B,2,43,Sorted-desc,Balanced,65,19500,35198,204,0,0,1,1,6
B,2,43,Sorted-desc,Balanced,66,19800,35286,204,0,0,1,1,6
B,2,43,Sorted-desc,Balanced,67,20100,35371,204,0,0,1,1,6
B,2,43,Sorted-desc,Balanced,68,20400,35427,204,0,0,1,1,6
B,2,43,Sorted-desc,Balanced,69,20700,35513,204,0,0,1,1,6
B,2,43,Sorted-desc,Balanced,70,21000,35592,204,0,0,1,1,6
B,2,43,Sorted-desc,Balanced,71,21300,35668,204,0,0,1,1,6
B,2,43,Sorted-desc,Balanced,72,21600,35762,204,0,0,1,1,6
B,2,43,Sorted-desc,Balanced,73,21900,35843,204,0,0,1,1,6
B,2,43,Sorted-desc,Balanced,74,22200,35920,204,0,0,1,1,6
B,2,43,Sorted-desc,Balanced,75,22500,35993,204,0,0,1,1,6
B,2,43,Sorted-desc,Balanced,76,22800,36072,204,0,0,1,1,6
B,2,43,Sorted-desc,Balanced,77,23100,36152,204,0,0,1,1,6
B,2,43,Sorted-desc,Balanced,78,23400,36237,204,0,0,1,1,6
B,2,43,Sorted-desc,Balanced,79,23700,36309,204,0,0,1,1,6
B,2,43,Sorted-desc,Balanced,80,24000,36396,204,0,0,1,1,6
B,2,43,Sorted-desc,Balanced,81,24300,36469,211,0,0,1,1,6
B,2,43,Sorted-desc,Balanced,82,24600,36561,211,0,0,1,1,6
B,2,43,Sorted-desc,Balanced,83,24900,36639,211,0,0,1,1,6
B,2,43,Sorted-desc,Balanced,84,25000,36667,211,0,0,1,1,6
B,2,43,Sorted-desc,Insert-flood,1,300,30264,180,-1,-1,0,0,1
B,2,43,Sorted-desc,Insert-flood,2,600,30531,180,0,0,1,1,1
B,2,43,Sorted-desc,Insert-flood,3,900,30791,180,0,0,1,1,1
B,2,43,Sorted-desc,Insert-flood,4,1200,31051,180,0,0,1,1,1
B,2,43,Sorted-desc,Insert-flood,5,1500,31303,180,0,0,1,1,1
B,2,43,Sorted-desc,Insert-flood,6,1800,31565,180,0,0,1,1,1
B,2,43,Sorted-desc,Insert-flood,7,2100,31826,180,0,0,1,1,1
B,2,43,Sorted-desc,Insert-flood,8,2400,32071,191,0,0,1,1,1
B,2,43,Sorted-desc,Insert-flood,9,2700,32338,191,0,0,1,1,1
B,2,43,Sorted-desc,Insert-flood,10,3000,32595,191,0,0,1,1,1
B,2,43,Sorted-desc,Insert-flood,11,3300,32857,191,0,0,1,1,1
B,2,43,Sorted-desc,Insert-flood,12,3600,33114,191,0,0,1,1,1
B,2,43,Sorted-desc,Insert-flood,13,3900,33365,191,0,0,1,1,1
B,2,43,Sorted-desc,Insert-flood,14,4200,33621,191,0,0,1,1,1
B,2,43,Sorted-desc,Insert-flood,15,4500,33881,191,0,0,1,1,1
B,2,43,Sorted-desc,Insert-flood,16,4800,34145,195,0,0,1,1,1
B,2,43,Sorted-desc,Insert-flood,17,5100,34402,195,0,0,1,1,1
B,2,43,Sorted-desc,Insert-flood,18,5400,34670,195,0,0,1,1,1
B,2,43,Sorted-desc,Insert-flood,19,5700,34930,195,0,0,1,1,1
B,2,43,Sorted-desc,Insert-flood,20,6000,35183,195,0,0,1,1,1
B,2,43,Sorted-desc,Insert-flood,21,6300,35439,195,0,0,1,1,1
B,2,43,Sorted-desc,Insert-flood,22,6600,35702,195,0,0,1,1,1
B,2,43,Sorted-desc,Insert-flood,23,6900,35964,195,0,0,1,1,1
B,2,43,Sorted-desc,Insert-flood,24,7200,36205,206,0,0,1,1,1
B,2,43,Sorted-desc,Insert-flood,25,7500,36474,206,0,0,1,1,1
B,2,43,Sorted-desc,Insert-flood,26,7800,36737,206,0,0,1,1,1
B,2,43,Sorted-desc,Insert-flood,27,8100,37003,206,0,0,1,1,1
B,2,43,Sorted-desc,Insert-flood,28,8400,37265,206,0,0,1,1,1
B,2,43,Sorted-desc,Insert-flood,29,8700,37521,206,0,0,1,1,1
B,2,43,Sorted-desc,Insert-flood,30,9000,37781,206,0,0,1,1,1
B,2,43,Sorted-desc,Insert-flood,31,9300,38049,212,0,0,1,1,1
B,2,43,Sorted-desc,Insert-flood,32,9600,38305,212,0,0,1,1,1
B,2,43,Sorted-desc,Insert-flood,33,9900,38555,212,0,0,1,1,1
B,2,43,Sorted-desc,Insert-flood,34,10200,38822,212,0,0,1,1,1
B,2,43,Sorted-desc,Insert-flood,35,10500,39082,212,0,0,1,1,1
B,2,43,Sorted-desc,Insert-flood,36,10800,39350,212,0,0,1,1,1
B,2,43,Sorted-desc,Insert-flood,37,11100,39610,212,0,0,1,1,1
B,2,43,Sorted-desc,Insert-flood,38,11400,39864,212,0,0,1,1,1
B,2,43,Sorted-desc,Insert-flood,39,11700,40125,220,0,0,1,1,1
B,2,43,Sorted-desc,Insert-flood,40,12000,40382,220,0,0,1,1,1
B,2,43,Sorted-desc,Insert-flood,41,12300,40632,220,0,0,1,1,1
B,2,43,Sorted-desc,Insert-flood,42,12600,40889,220,0,0,1,1,1
B,2,43,Sorted-desc,Insert-flood,43,12900,41150,220,0,0,1,1,1
B,2,43,Sorted-desc,Insert-flood,44,13200,41403,220,0,0,1,1,1
B,2,43,Sorted-desc,Insert-flood,45,13500,41661,220,0,0,1,1,1
B,2,43,Sorted-desc,Insert-flood,46,13800,41905,220,0,0,1,1,1
B,2,43,Sorted-desc,Insert-flood,47,14100,42162,222,0,0,1,1,1
B,2,43,Sorted-desc,Insert-flood,48,14400,42416,222,0,0,1,1,1
B,2,43,Sorted-desc,Insert-flood,49,14700,42675,222,0,0,1,1,1
B,2,43,Sorted-desc,Insert-flood,50,15000,42931,222,0,0,1,1,1
B,2,43,Sorted-desc,Insert-flood,51,15300,43185,222,0,0,1,1,1
B,2,43,Sorted-desc,Insert-flood,52,15600,43448,222,0,0,1,1,1
B,2,43,Sorted-desc,Insert-flood,53,15900,43708,222,0,0,1,1,1
B,2,43,Sorted-desc,Insert-flood,54,16200,43960,222,0,0,1,1,1
B,2,43,Sorted-desc,Insert-flood,55,16500,44215,224,0,0,1,1,1
B,2,43,Sorted-desc,Insert-flood,56,16800,44472,224,0,0,1,1,1
B,2,43,Sorted-desc,Insert-flood,57,17100,44725,224,0,0,1,1,1
B,2,43,Sorted-desc,Insert-flood,58,17400,44985,224,0,0,1,1,1
B,2,43,Sorted-desc,Insert-flood,59,17700,45241,224,0,0,1,1,1
B,2,43,Sorted-desc,Insert-flood,60,18000,45489,224,0,0,1,1,1
B,2,43,Sorted-desc,Insert-flood,61,18300,45747,224,0,0,1,1,1
B,2,43,Sorted-desc,Insert-flood,62,18600,46008,226,0,0,1,1,1
B,2,43,Sorted-desc,Insert-flood,63,18900,46274,226,0,0,1,1,1
B,2,43,Sorted-desc,Insert-flood,64,19200,46536,226,-1,-1,0,0,2
B,2,43,Sorted-desc,Insert-flood,65,19500,46787,226,0,0,1,1,2
B,2,43,Sorted-desc,Insert-flood,66,19800,47052,226,0,0,1,1,2
B,2,43,Sorted-desc,Insert-flood,67,20100,47310,226,0,0,1,1,2
B,2,43,Sorted-desc,Insert-flood,68,20400,47566,226,0,0,1,1,2
B,2,43,Sorted-desc,Insert-flood,69,20700,47828,226,0,0,1,1,2
B,2,43,Sorted-desc,Insert-flood,70,21000,48089,226,0,0,1,1,2
B,2,43,Sorted-desc,Insert-flood,71,21300,48340,226,-1,-1,0,0,3
B,2,43,Sorted-desc,Insert-flood,72,21600,48589,226,-1,-1,0,0,4
B,2,43,Sorted-desc,Insert-flood,73,21900,48860,226,0,0,1,1,4
B,2,43,Sorted-desc,Insert-flood,74,22200,49122,226,0,0,1,1,4
B,2,43,Sorted-desc,Insert-flood,75,22500,49377,226,0,0,1,1,4
B,2,43,Sorted-desc,Insert-flood,76,22800,49638,226,0,0,1,1,4
B,2,43,Sorted-desc,Insert-flood,77,23100,49891,226,0,0,1,1,4
B,2,43,Sorted-desc,Insert-flood,78,23400,50150,230,0,0,1,1,4
B,2,43,Sorted-desc,Insert-flood,79,23700,50407,230,0,0,1,1,4
B,2,43,Sorted-desc,Insert-flood,80,24000,50665,230,0,0,1,1,4
B,2,43,Sorted-desc,Insert-flood,81,24300,50912,230,0,0,1,1,4
B,2,43,Sorted-desc,Insert-flood,82,24600,51160,230,0,0,1,1,4
B,2,43,Sorted-desc,Insert-flood,83,24900,51418,230,0,0,1,1,4
B,2,43,Sorted-desc,Insert-flood,84,25000,51501,230,0,0,1,1,4
B,2,43,Sorted-desc,Delete-flood,1,300,29988,180,0,0,1,1,0
B,2,43,Sorted-desc,Delete-flood,2,600,29985,180,-1,-1,0,0,1
B,2,43,Sorted-desc,Delete-flood,3,900,29974,180,-1,-1,0,0,2
B,2,43,Sorted-desc,Delete-flood,4,1200,29972,180,-1,-1,0,0,3
B,2,43,Sorted-desc,Delete-flood,5,1500,29953,180,-1,-1,0,0,4
B,2,43,Sorted-desc,Delete-flood,6,1800,29940,180,-1,-1,0,0,5
B,2,43,Sorted-desc,Delete-flood,7,2100,29932,180,-1,-1,0,0,6
B,2,43,Sorted-desc,Delete-flood,8,2400,29919,180,-1,-1,0,0,7
B,2,43,Sorted-desc,Delete-flood,9,2700,29904,180,0,0,1,1,7
B,2,43,Sorted-desc,Delete-flood,10,3000,29888,180,0,0,1,1,7
B,2,43,Sorted-desc,Delete-flood,11,3300,29865,180,0,0,1,1,7
B,2,43,Sorted-desc,Delete-flood,12,3600,29855,180,0,0,1,1,7
B,2,43,Sorted-desc,Delete-flood,13,3900,29842,180,0,0,1,1,7
B,2,43,Sorted-desc,Delete-flood,14,4200,29826,180,0,0,1,1,7
B,2,43,Sorted-desc,Delete-flood,15,4500,29820,180,0,0,1,1,7
B,2,43,Sorted-desc,Delete-flood,16,4800,29807,180,0,0,1,1,7
B,2,43,Sorted-desc,Delete-flood,17,5100,29791,180,0,0,1,1,7
B,2,43,Sorted-desc,Delete-flood,18,5400,29777,180,0,0,1,1,7
B,2,43,Sorted-desc,Delete-flood,19,5700,29757,180,0,0,1,1,7
B,2,43,Sorted-desc,Delete-flood,20,6000,29754,180,0,0,1,1,7
B,2,43,Sorted-desc,Delete-flood,21,6300,29729,180,0,0,1,1,7
B,2,43,Sorted-desc,Delete-flood,22,6600,29711,180,0,0,1,1,7
B,2,43,Sorted-desc,Delete-flood,23,6900,29701,180,0,0,1,1,7
B,2,43,Sorted-desc,Delete-flood,24,7200,29676,180,0,0,1,1,7
B,2,43,Sorted-desc,Delete-flood,25,7500,29657,180,0,0,1,1,7
B,2,43,Sorted-desc,Delete-flood,26,7800,29637,180,0,0,1,1,7
B,2,43,Sorted-desc,Delete-flood,27,8100,29624,180,0,0,1,1,7
B,2,43,Sorted-desc,Delete-flood,28,8400,29616,180,0,0,1,1,7
B,2,43,Sorted-desc,Delete-flood,29,8700,29605,180,-1,-1,0,0,8
B,2,43,Sorted-desc,Delete-flood,30,9000,29595,180,-1,-1,0,0,9
B,2,43,Sorted-desc,Delete-flood,31,9300,29582,180,-1,-1,0,0,10
B,2,43,Sorted-desc,Delete-flood,32,9600,29562,180,-1,-1,0,0,11
B,2,43,Sorted-desc,Delete-flood,33,9900,29552,180,-1,-1,0,0,12
B,2,43,Sorted-desc,Delete-flood,34,10200,29528,180,-1,-1,0,0,13
B,2,43,Sorted-desc,Delete-flood,35,10500,29511,180,0,0,1,1,13
B,2,43,Sorted-desc,Delete-flood,36,10800,29495,180,0,0,1,1,13
B,2,43,Sorted-desc,Delete-flood,37,11100,29485,180,0,0,1,1,13
B,2,43,Sorted-desc,Delete-flood,38,11400,29468,180,0,0,1,1,13
B,2,43,Sorted-desc,Delete-flood,39,11700,29459,180,0,0,1,1,13
B,2,43,Sorted-desc,Delete-flood,40,12000,29445,180,0,0,1,1,13
B,2,43,Sorted-desc,Delete-flood,41,12300,29427,180,0,0,1,1,13
B,2,43,Sorted-desc,Delete-flood,42,12600,29411,180,0,0,1,1,13
B,2,43,Sorted-desc,Delete-flood,43,12900,29396,180,0,0,1,1,13
B,2,43,Sorted-desc,Delete-flood,44,13200,29375,180,0,0,1,1,13
B,2,43,Sorted-desc,Delete-flood,45,13500,29368,180,0,0,1,1,13
B,2,43,Sorted-desc,Delete-flood,46,13800,29364,180,0,0,1,1,13
B,2,43,Sorted-desc,Delete-flood,47,14100,29349,180,0,0,1,1,13
B,2,43,Sorted-desc,Delete-flood,48,14400,29345,184,0,0,1,1,13
B,2,43,Sorted-desc,Delete-flood,49,14700,29332,184,0,0,1,1,13
B,2,43,Sorted-desc,Delete-flood,50,15000,29315,184,0,0,1,1,13
B,2,43,Sorted-desc,Delete-flood,51,15300,29309,184,0,0,1,1,13
B,2,43,Sorted-desc,Delete-flood,52,15600,29290,184,0,0,1,1,13
B,2,43,Sorted-desc,Delete-flood,53,15900,29273,184,0,0,1,1,13
B,2,43,Sorted-desc,Delete-flood,54,16200,29260,184,0,0,1,1,13
B,2,43,Sorted-desc,Delete-flood,55,16500,29241,184,0,0,1,1,13
B,2,43,Sorted-desc,Delete-flood,56,16800,29227,184,0,0,1,1,13
B,2,43,Sorted-desc,Delete-flood,57,17100,29218,184,0,0,1,1,13
B,2,43,Sorted-desc,Delete-flood,58,17400,29207,184,0,0,1,1,13
B,2,43,Sorted-desc,Delete-flood,59,17700,29194,184,0,0,1,1,13
B,2,43,Sorted-desc,Delete-flood,60,18000,29180,184,0,0,1,1,13
B,2,43,Sorted-desc,Delete-flood,61,18300,29162,184,0,0,1,1,13
B,2,43,Sorted-desc,Delete-flood,62,18600,29138,184,0,0,1,1,13
B,2,43,Sorted-desc,Delete-flood,63,18900,29127,184,0,0,1,1,13
B,2,43,Sorted-desc,Delete-flood,64,19200,29107,184,0,0,1,1,13
B,2,43,Sorted-desc,Delete-flood,65,19500,29101,184,0,0,1,1,13
B,2,43,Sorted-desc,Delete-flood,66,19800,29077,184,0,0,1,1,13
B,2,43,Sorted-desc,Delete-flood,67,20100,29072,184,0,0,1,1,13
B,2,43,Sorted-desc,Delete-flood,68,20400,29066,184,0,0,1,1,13
B,2,43,Sorted-desc,Delete-flood,69,20700,29045,184,0,0,1,1,13
B,2,43,Sorted-desc,Delete-flood,70,21000,29039,184,0,0,1,1,13
B,2,43,Sorted-desc,Delete-flood,71,21300,29026,184,0,0,1,1,13
B,2,43,Sorted-desc,Delete-flood,72,21600,29013,184,0,0,1,1,13
B,2,43,Sorted-desc,Delete-flood,73,21900,29003,184,0,0,1,1,13
B,2,43,Sorted-desc,Delete-flood,74,22200,28988,184,0,0,1,1,13
B,2,43,Sorted-desc,Delete-flood,75,22500,28976,184,0,0,1,1,13
B,2,43,Sorted-desc,Delete-flood,76,22800,28971,184,0,0,1,1,13
B,2,43,Sorted-desc,Delete-flood,77,23100,28960,184,0,0,1,1,13
B,2,43,Sorted-desc,Delete-flood,78,23400,28946,184,0,0,1,1,13
B,2,43,Sorted-desc,Delete-flood,79,23700,28931,184,0,0,1,1,13
B,2,43,Sorted-desc,Delete-flood,80,24000,28916,184,0,0,1,1,13
B,2,43,Sorted-desc,Delete-flood,81,24300,28906,184,0,0,1,1,13
B,2,43,Sorted-desc,Delete-flood,82,24600,28895,184,0,0,1,1,13
B,2,43,Sorted-desc,Delete-flood,83,24900,28878,184,0,0,1,1,13
B,2,43,Sorted-desc,Delete-flood,84,25000,28876,184,0,0,1,1,13
B,2,43,Sorted-desc,Write-heavy,1,300,30130,180,-1,-1,0,0,1
B,2,43,Sorted-desc,Write-heavy,2,600,30259,180,-1,-1,0,0,2
B,2,43,Sorted-desc,Write-heavy,3,900,30398,180,0,0,1,1,2
B,2,43,Sorted-desc,Write-heavy,4,1200,30530,180,0,0,1,1,2
B,2,43,Sorted-desc,Write-heavy,5,1500,30644,180,0,0,1,1,2
B,2,43,Sorted-desc,Write-heavy,6,1800,30764,180,0,0,1,1,2
B,2,43,Sorted-desc,Write-heavy,7,2100,30888,180,0,0,1,1,2
B,2,43,Sorted-desc,Write-heavy,8,2400,30994,180,0,0,1,1,2
B,2,43,Sorted-desc,Write-heavy,9,2700,31126,180,0,0,1,1,2
B,2,43,Sorted-desc,Write-heavy,10,3000,31257,180,0,0,1,1,2
B,2,43,Sorted-desc,Write-heavy,11,3300,31391,180,0,0,1,1,2
B,2,43,Sorted-desc,Write-heavy,12,3600,31521,180,0,0,1,1,2
B,2,43,Sorted-desc,Write-heavy,13,3900,31645,180,0,0,1,1,2
B,2,43,Sorted-desc,Write-heavy,14,4200,31768,190,0,0,1,1,2
B,2,43,Sorted-desc,Write-heavy,15,4500,31890,190,0,0,1,1,2
B,2,43,Sorted-desc,Write-heavy,16,4800,32014,190,0,0,1,1,2
B,2,43,Sorted-desc,Write-heavy,17,5100,32149,190,0,0,1,1,2
B,2,43,Sorted-desc,Write-heavy,18,5400,32285,190,0,0,1,1,2
B,2,43,Sorted-desc,Write-heavy,19,5700,32386,190,0,0,1,1,2
B,2,43,Sorted-desc,Write-heavy,20,6000,32496,190,0,0,1,1,2
B,2,43,Sorted-desc,Write-heavy,21,6300,32612,190,0,0,1,1,2
B,2,43,Sorted-desc,Write-heavy,22,6600,32747,190,0,0,1,1,2
B,2,43,Sorted-desc,Write-heavy,23,6900,32871,190,0,0,1,1,2
B,2,43,Sorted-desc,Write-heavy,24,7200,32998,190,0,0,1,1,2
B,2,43,Sorted-desc,Write-heavy,25,7500,33114,190,0,0,1,1,2
B,2,43,Sorted-desc,Write-heavy,26,7800,33233,190,0,0,1,1,2
B,2,43,Sorted-desc,Write-heavy,27,8100,33347,195,-1,-1,0,0,3
B,2,43,Sorted-desc,Write-heavy,28,8400,33460,195,0,0,1,1,3
B,2,43,Sorted-desc,Write-heavy,29,8700,33571,195,0,0,1,1,3
B,2,43,Sorted-desc,Write-heavy,30,9000,33692,195,0,0,1,1,3
B,2,43,Sorted-desc,Write-heavy,31,9300,33820,195,0,0,1,1,3
B,2,43,Sorted-desc,Write-heavy,32,9600,33942,195,0,0,1,1,3
B,2,43,Sorted-desc,Write-heavy,33,9900,34068,195,0,0,1,1,3
B,2,43,Sorted-desc,Write-heavy,34,10200,34174,195,0,0,1,1,3
B,2,43,Sorted-desc,Write-heavy,35,10500,34303,195,0,0,1,1,3
B,2,43,Sorted-desc,Write-heavy,36,10800,34421,195,0,0,1,1,3
B,2,43,Sorted-desc,Write-heavy,37,11100,34532,195,0,0,1,1,3
B,2,43,Sorted-desc,Write-heavy,38,11400,34651,195,0,0,1,1,3
B,2,43,Sorted-desc,Write-heavy,39,11700,34763,195,0,0,1,1,3
B,2,43,Sorted-desc,Write-heavy,40,12000,34892,195,0,0,1,1,3
B,2,43,Sorted-desc,Write-heavy,41,12300,35011,204,0,0,1,1,3
B,2,43,Sorted-desc,Write-heavy,42,12600,35111,204,0,0,1,1,3
B,2,43,Sorted-desc,Write-heavy,43,12900,35232,204,0,0,1,1,3
B,2,43,Sorted-desc,Write-heavy,44,13200,35350,204,0,0,1,1,3
B,2,43,Sorted-desc,Write-heavy,45,13500,35487,204,0,0,1,1,3
B,2,43,Sorted-desc,Write-heavy,46,13800,35614,204,0,0,1,1,3
B,2,43,Sorted-desc,Write-heavy,47,14100,35735,204,0,0,1,1,3
B,2,43,Sorted-desc,Write-heavy,48,14400,35865,204,0,0,1,1,3
B,2,43,Sorted-desc,Write-heavy,49,14700,35980,204,0,0,1,1,3
B,2,43,Sorted-desc,Write-heavy,50,15000,36085,204,0,0,1,1,3
B,2,43,Sorted-desc,Write-heavy,51,15300,36218,204,0,0,1,1,3
B,2,43,Sorted-desc,Write-heavy,52,15600,36348,204,0,0,1,1,3
B,2,43,Sorted-desc,Write-heavy,53,15900,36465,204,0,0,1,1,3
B,2,43,Sorted-desc,Write-heavy,54,16200,36585,204,0,0,1,1,3
B,2,43,Sorted-desc,Write-heavy,55,16500,36707,206,0,0,1,1,3
B,2,43,Sorted-desc,Write-heavy,56,16800,36818,206,0,0,1,1,3
B,2,43,Sorted-desc,Write-heavy,57,17100,36934,206,0,0,1,1,3
B,2,43,Sorted-desc,Write-heavy,58,17400,37054,206,0,0,1,1,3
B,2,43,Sorted-desc,Write-heavy,59,17700,37173,206,0,0,1,1,3
B,2,43,Sorted-desc,Write-heavy,60,18000,37309,206,0,0,1,1,3
B,2,43,Sorted-desc,Write-heavy,61,18300,37438,206,0,0,1,1,3
B,2,43,Sorted-desc,Write-heavy,62,18600,37561,206,0,0,1,1,3
B,2,43,Sorted-desc,Write-heavy,63,18900,37692,206,0,0,1,1,3
B,2,43,Sorted-desc,Write-heavy,64,19200,37806,206,0,0,1,1,3
B,2,43,Sorted-desc,Write-heavy,65,19500,37930,206,0,0,1,1,3
B,2,43,Sorted-desc,Write-heavy,66,19800,38061,206,0,0,1,1,3
B,2,43,Sorted-desc,Write-heavy,67,20100,38182,206,0,0,1,1,3
B,2,43,Sorted-desc,Write-heavy,68,20400,38307,208,0,0,1,1,3
B,2,43,Sorted-desc,Write-heavy,69,20700,38436,208,-1,-1,0,0,4
B,2,43,Sorted-desc,Write-heavy,70,21000,38544,208,0,0,1,1,4
B,2,43,Sorted-desc,Write-heavy,71,21300,38650,208,0,0,1,1,4
B,2,43,Sorted-desc,Write-heavy,72,21600,38764,208,-1,-1,0,0,5
B,2,43,Sorted-desc,Write-heavy,73,21900,38884,208,-1,-1,0,0,6
B,2,43,Sorted-desc,Write-heavy,74,22200,39013,208,0,0,1,1,6
B,2,43,Sorted-desc,Write-heavy,75,22500,39126,208,0,0,1,1,6
B,2,43,Sorted-desc,Write-heavy,76,22800,39253,208,0,0,1,1,6
B,2,43,Sorted-desc,Write-heavy,77,23100,39371,208,0,0,1,1,6
B,2,43,Sorted-desc,Write-heavy,78,23400,39513,208,0,0,1,1,6
B,2,43,Sorted-desc,Write-heavy,79,23700,39657,208,0,0,1,1,6
B,2,43,Sorted-desc,Write-heavy,80,24000,39803,208,0,0,1,1,6
B,2,43,Sorted-desc,Write-heavy,81,24300,39948,208,0,0,1,1,6
B,2,43,Sorted-desc,Write-heavy,82,24600,40089,211,0,0,1,1,6
B,2,43,Sorted-desc,Write-heavy,83,24900,40209,211,0,0,1,1,6
B,2,43,Sorted-desc,Write-heavy,84,25000,40253,211,0,0,1,1,6
B,2,43,Localized,Balanced,1,300,9647,28,-1,-1,0,0,1
B,2,43,Localized,Balanced,2,600,9737,28,-1,-1,0,0,2
B,2,43,Localized,Balanced,3,900,9841,28,-1,-1,0,0,3
B,2,43,Localized,Balanced,4,1200,9938,28,-1,-1,0,0,4
B,2,43,Localized,Balanced,5,1500,10037,32,-1,-1,0,0,5
B,2,43,Localized,Balanced,6,1800,10136,32,-1,-1,0,0,6
B,2,43,Localized,Balanced,7,2100,10217,32,-1,-1,0,0,7
B,2,43,Localized,Balanced,8,2400,10313,32,-1,-1,0,0,8
B,2,43,Localized,Balanced,9,2700,10403,32,-1,-1,0,0,9
B,2,43,Localized,Balanced,10,3000,10500,32,-1,-1,0,0,10
B,2,43,Localized,Balanced,11,3300,10596,32,-1,-1,0,0,11
B,2,43,Localized,Balanced,12,3600,10679,32,-1,-1,0,0,12
B,2,43,Localized,Balanced,13,3900,10782,32,-1,-1,0,0,13
B,2,43,Localized,Balanced,14,4200,10876,32,-1,-1,0,0,14
B,2,43,Localized,Balanced,15,4500,10969,32,-1,-1,0,0,15
B,2,43,Localized,Balanced,16,4800,11061,32,-1,-1,0,0,16
B,2,43,Localized,Balanced,17,5100,11147,32,-1,-1,0,0,17
B,2,43,Localized,Balanced,18,5400,11232,32,-1,-1,0,0,18
B,2,43,Localized,Balanced,19,5700,11323,32,-1,-1,0,0,19
B,2,43,Localized,Balanced,20,6000,11412,32,-1,-1,0,0,20
B,2,43,Localized,Balanced,21,6300,11503,32,-1,-1,0,0,21
B,2,43,Localized,Balanced,22,6600,11591,32,-1,-1,0,0,22
B,2,43,Localized,Balanced,23,6900,11688,32,-1,-1,0,0,23
B,2,43,Localized,Balanced,24,7200,11775,32,-1,-1,0,0,24
B,2,43,Localized,Balanced,25,7500,11874,32,-1,-1,0,0,25
B,2,43,Localized,Balanced,26,7800,11977,36,-1,-1,0,0,26
B,2,43,Localized,Balanced,27,8100,12063,36,-1,-1,0,0,27
B,2,43,Localized,Balanced,28,8400,12177,36,-1,-1,0,0,28
B,2,43,Localized,Balanced,29,8700,12266,36,-1,-1,0,0,29
B,2,43,Localized,Balanced,30,9000,12353,36,-1,-1,0,0,30
B,2,43,Localized,Balanced,31,9300,12436,36,-1,-1,0,0,31
B,2,43,Localized,Balanced,32,9600,12537,36,-1,-1,0,0,32
B,2,43,Localized,Balanced,33,9900,12631,36,-1,-1,0,0,33
B,2,43,Localized,Balanced,34,10200,12731,36,-1,-1,0,0,34
B,2,43,Localized,Balanced,35,10500,12829,36,-1,-1,0,0,35
B,2,43,Localized,Balanced,36,10800,12912,36,-1,-1,0,0,36
B,2,43,Localized,Balanced,37,11100,13006,36,-1,-1,0,0,37
B,2,43,Localized,Balanced,38,11400,13081,36,-1,-1,0,0,38
B,2,43,Localized,Balanced,39,11700,13160,36,-1,-1,0,0,39
B,2,43,Localized,Balanced,40,12000,13247,36,-1,-1,0,0,40
B,2,43,Localized,Balanced,41,12300,13336,36,-1,-1,0,0,41
B,2,43,Localized,Balanced,42,12600,13452,36,-1,-1,0,0,42
B,2,43,Localized,Balanced,43,12900,13558,36,-1,-1,0,0,43
B,2,43,Localized,Balanced,44,13200,13651,36,-1,-1,0,0,44
B,2,43,Localized,Balanced,45,13500,13744,36,-1,-1,0,0,45
B,2,43,Localized,Balanced,46,13800,13842,36,-1,-1,0,0,46
B,2,43,Localized,Balanced,47,14100,13951,42,-1,-1,0,0,47
B,2,43,Localized,Balanced,48,14400,14032,42,-1,-1,0,0,48
B,2,43,Localized,Balanced,49,14700,14126,42,-1,-1,0,0,49
B,2,43,Localized,Balanced,50,15000,14206,42,-1,-1,0,0,50
B,2,43,Localized,Balanced,51,15300,14308,42,-1,-1,0,0,51
B,2,43,Localized,Balanced,52,15600,14412,42,-1,-1,0,0,52
B,2,43,Localized,Balanced,53,15900,14503,42,-1,-1,0,0,53
B,2,43,Localized,Balanced,54,16200,14593,42,-1,-1,0,0,54
B,2,43,Localized,Balanced,55,16500,14683,42,-1,-1,0,0,55
B,2,43,Localized,Balanced,56,16800,14780,42,-1,-1,0,0,56
B,2,43,Localized,Balanced,57,17100,14888,42,-1,-1,0,0,57
B,2,43,Localized,Balanced,58,17400,14980,42,-1,-1,0,0,58
B,2,43,Localized,Balanced,59,17700,15071,42,-1,-1,0,0,59
B,2,43,Localized,Balanced,60,18000,15171,42,-1,-1,0,0,60
B,2,43,Localized,Balanced,61,18300,15270,42,-1,-1,0,0,61
B,2,43,Localized,Balanced,62,18600,15372,42,-1,-1,0,0,62
B,2,43,Localized,Balanced,63,18900,15469,42,-1,-1,0,0,63
B,2,43,Localized,Balanced,64,19200,15576,42,-1,-1,0,0,64
B,2,43,Localized,Balanced,65,19500,15674,42,-1,-1,0,0,65
B,2,43,Localized,Balanced,66,19800,15788,42,-1,-1,0,0,66
B,2,43,Localized,Balanced,67,20100,15879,45,-1,-1,0,0,67
B,2,43,Localized,Balanced,68,20400,15969,45,-1,-1,0,0,68
B,2,43,Localized,Balanced,69,20700,16064,45,-1,-1,0,0,69
B,2,43,Localized,Balanced,70,21000,16162,45,-1,-1,0,0,70
B,2,43,Localized,Balanced,71,21300,16273,45,-1,-1,0,0,71
B,2,43,Localized,Balanced,72,21600,16361,45,-1,-1,0,0,72
B,2,43,Localized,Balanced,73,21900,16449,45,-1,-1,0,0,73
B,2,43,Localized,Balanced,74,22200,16541,45,-1,-1,0,0,74
B,2,43,Localized,Balanced,75,22500,16641,45,-1,-1,0,0,75
B,2,43,Localized,Balanced,76,22800,16741,45,-1,-1,0,0,76
B,2,43,Localized,Balanced,77,23100,16853,45,-1,-1,0,0,77
B,2,43,Localized,Balanced,78,23400,16951,45,-1,-1,0,0,78
B,2,43,Localized,Balanced,79,23700,17050,45,-1,-1,0,0,79
B,2,43,Localized,Balanced,80,24000,17156,45,-1,-1,0,0,80
B,2,43,Localized,Balanced,81,24300,17251,45,-1,-1,0,0,81
B,2,43,Localized,Balanced,82,24600,17352,45,-1,-1,0,0,82
B,2,43,Localized,Balanced,83,24900,17440,45,-1,-1,0,0,83
B,2,43,Localized,Balanced,84,25000,17467,45,-1,-1,0,0,84
B,2,43,Localized,Insert-flood,1,300,9839,28,-1,-1,0,0,1
B,2,43,Localized,Insert-flood,2,600,10135,32,-1,-1,0,0,2
B,2,43,Localized,Insert-flood,3,900,10421,32,-1,-1,0,0,3
B,2,43,Localized,Insert-flood,4,1200,10710,32,-1,-1,0,0,4
B,2,43,Localized,Insert-flood,5,1500,10995,32,-1,-1,0,0,5
B,2,43,Localized,Insert-flood,6,1800,11280,32,-1,-1,0,0,6
B,2,43,Localized,Insert-flood,7,2100,11572,32,-1,-1,0,0,7
B,2,43,Localized,Insert-flood,8,2400,11865,32,-1,-1,0,0,8
B,2,43,Localized,Insert-flood,9,2700,12146,37,-1,-1,0,0,9
B,2,43,Localized,Insert-flood,10,3000,12432,37,-1,-1,0,0,10
B,2,43,Localized,Insert-flood,11,3300,12721,37,-1,-1,0,0,11
B,2,43,Localized,Insert-flood,12,3600,13010,37,-1,-1,0,0,12
B,2,43,Localized,Insert-flood,13,3900,13296,37,-1,-1,0,0,13
B,2,43,Localized,Insert-flood,14,4200,13587,37,-1,-1,0,0,14
B,2,43,Localized,Insert-flood,15,4500,13873,37,-1,-1,0,0,15
B,2,43,Localized,Insert-flood,16,4800,14157,41,-1,-1,0,0,16
B,2,43,Localized,Insert-flood,17,5100,14445,41,-1,-1,0,0,17
B,2,43,Localized,Insert-flood,18,5400,14733,41,-1,-1,0,0,18
B,2,43,Localized,Insert-flood,19,5700,15018,41,-1,-1,0,0,19
B,2,43,Localized,Insert-flood,20,6000,15307,41,-1,-1,0,0,20
B,2,43,Localized,Insert-flood,21,6300,15595,41,-1,-1,0,0,21
B,2,43,Localized,Insert-flood,22,6600,15885,41,-1,-1,0,0,22
B,2,43,Localized,Insert-flood,23,6900,16172,47,-1,-1,0,0,23
B,2,43,Localized,Insert-flood,24,7200,16457,47,-1,-1,0,0,24
B,2,43,Localized,Insert-flood,25,7500,16746,47,-1,-1,0,0,25
B,2,43,Localized,Insert-flood,26,7800,17035,47,-1,-1,0,0,26
B,2,43,Localized,Insert-flood,27,8100,17320,47,-1,-1,0,0,27
B,2,43,Localized,Insert-flood,28,8400,17605,47,-1,-1,0,0,28
B,2,43,Localized,Insert-flood,29,8700,17889,47,-1,-1,0,0,29
B,2,43,Localized,Insert-flood,30,9000,18177,53,-1,-1,0,0,30
B,2,43,Localized,Insert-flood,31,9300,18462,53,-1,-1,0,0,31
B,2,43,Localized,Insert-flood,32,9600,18750,53,-1,-1,0,0,32
B,2,43,Localized,Insert-flood,33,9900,19036,53,-1,-1,0,0,33
B,2,43,Localized,Insert-flood,34,10200,19313,53,-1,-1,0,0,34
B,2,43,Localized,Insert-flood,35,10500,19597,53,-1,-1,0,0,35
B,2,43,Localized,Insert-flood,36,10800,19885,53,-1,-1,0,0,36
B,2,43,Localized,Insert-flood,37,11100,20176,59,-1,-1,0,0,37
B,2,43,Localized,Insert-flood,38,11400,20463,59,-1,-1,0,0,38
B,2,43,Localized,Insert-flood,39,11700,20749,59,-1,-1,0,0,39
B,2,43,Localized,Insert-flood,40,12000,21034,59,-1,-1,0,0,40
B,2,43,Localized,Insert-flood,41,12300,21325,59,-1,-1,0,0,41
B,2,43,Localized,Insert-flood,42,12600,21610,59,-1,-1,0,0,42
B,2,43,Localized,Insert-flood,43,12900,21892,59,-1,-1,0,0,43
B,2,43,Localized,Insert-flood,44,13200,22181,63,-1,-1,0,0,44
B,2,43,Localized,Insert-flood,45,13500,22470,63,-1,-1,0,0,45
B,2,43,Localized,Insert-flood,46,13800,22761,63,-1,-1,0,0,46
B,2,43,Localized,Insert-flood,47,14100,23044,63,-1,-1,0,0,47
B,2,43,Localized,Insert-flood,48,14400,23332,63,-1,-1,0,0,48
B,2,43,Localized,Insert-flood,49,14700,23617,63,-1,-1,0,0,49
B,2,43,Localized,Insert-flood,50,15000,23905,63,-1,-1,0,0,50
B,2,43,Localized,Insert-flood,51,15300,24196,70,-1,-1,0,0,51
B,2,43,Localized,Insert-flood,52,15600,24480,70,-1,-1,0,0,52
B,2,43,Localized,Insert-flood,53,15900,24768,70,-1,-1,0,0,53
B,2,43,Localized,Insert-flood,54,16200,25056,70,-1,-1,0,0,54
B,2,43,Localized,Insert-flood,55,16500,25344,70,-1,-1,0,0,55
B,2,43,Localized,Insert-flood,56,16800,25623,70,-1,-1,0,0,56
B,2,43,Localized,Insert-flood,57,17100,25907,70,-1,-1,0,0,57
B,2,43,Localized,Insert-flood,58,17400,26184,74,-1,-1,0,0,58
B,2,43,Localized,Insert-flood,59,17700,26472,74,-1,-1,0,0,59
B,2,43,Localized,Insert-flood,60,18000,26755,74,-1,-1,0,0,60
B,2,43,Localized,Insert-flood,61,18300,27043,74,-1,-1,0,0,61
B,2,43,Localized,Insert-flood,62,18600,27330,74,-1,-1,0,0,62
B,2,43,Localized,Insert-flood,63,18900,27618,74,-1,-1,0,0,63
B,2,43,Localized,Insert-flood,64,19200,27901,74,-1,-1,0,0,64
B,2,43,Localized,Insert-flood,65,19500,28186,78,-1,-1,0,0,65
B,2,43,Localized,Insert-flood,66,19800,28469,78,-1,-1,0,0,66
B,2,43,Localized,Insert-flood,67,20100,28756,78,-1,-1,0,0,67
B,2,43,Localized,Insert-flood,68,20400,29044,78,-1,-1,0,0,68
B,2,43,Localized,Insert-flood,69,20700,29323,78,-1,-1,0,0,69
B,2,43,Localized,Insert-flood,70,21000,29609,78,-1,-1,0,0,70
B,2,43,Localized,Insert-flood,71,21300,29893,78,-1,-1,0,0,71
B,2,43,Localized,Insert-flood,72,21600,30179,82,-1,-1,0,0,72
B,2,43,Localized,Insert-flood,73,21900,30461,82,-1,-1,0,0,73
B,2,43,Localized,Insert-flood,74,22200,30745,82,-1,-1,0,0,74
B,2,43,Localized,Insert-flood,75,22500,31033,82,-1,-1,0,0,75
B,2,43,Localized,Insert-flood,76,22800,31324,82,-1,-1,0,0,76
B,2,43,Localized,Insert-flood,77,23100,31605,82,-1,-1,0,0,77
B,2,43,Localized,Insert-flood,78,23400,31889,82,-1,-1,0,0,78
B,2,43,Localized,Insert-flood,79,23700,32171,87,-1,-1,0,0,79
B,2,43,Localized,Insert-flood,80,24000,32454,87,-1,-1,0,0,80
B,2,43,Localized,Insert-flood,81,24300,32745,87,-1,-1,0,0,81
B,2,43,Localized,Insert-flood,82,24600,33030,87,-1,-1,0,0,82
B,2,43,Localized,Insert-flood,83,24900,33309,87,-1,-1,0,0,83
B,2,43,Localized,Insert-flood,84,25000,33406,87,-1,-1,0,0,84
B,2,43,Localized,Delete-flood,1,300,9562,28,-1,-1,0,0,1
B,2,43,Localized,Delete-flood,2,600,9573,28,-1,-1,0,0,2
B,2,43,Localized,Delete-flood,3,900,9581,28,-1,-1,0,0,3
B,2,43,Localized,Delete-flood,4,1200,9593,28,-1,-1,0,0,4
B,2,43,Localized,Delete-flood,5,1500,9602,28,-1,-1,0,0,5
B,2,43,Localized,Delete-flood,6,1800,9624,28,-1,-1,0,0,6
B,2,43,Localized,Delete-flood,7,2100,9640,28,-1,-1,0,0,7
B,2,43,Localized,Delete-flood,8,2400,9649,28,-1,-1,0,0,8
B,2,43,Localized,Delete-flood,9,2700,9659,28,-1,-1,0,0,9
B,2,43,Localized,Delete-flood,10,3000,9666,28,-1,-1,0,0,10
B,2,43,Localized,Delete-flood,11,3300,9674,28,-1,-1,0,0,11
B,2,43,Localized,Delete-flood,12,3600,9687,28,-1,-1,0,0,12
B,2,43,Localized,Delete-flood,13,3900,9700,28,-1,-1,0,0,13
B,2,43,Localized,Delete-flood,14,4200,9709,28,-1,-1,0,0,14
B,2,43,Localized,Delete-flood,15,4500,9721,28,-1,-1,0,0,15
B,2,43,Localized,Delete-flood,16,4800,9734,28,-1,-1,0,0,16
B,2,43,Localized,Delete-flood,17,5100,9748,28,-1,-1,0,0,17
B,2,43,Localized,Delete-flood,18,5400,9756,28,-1,-1,0,0,18
B,2,43,Localized,Delete-flood,19,5700,9771,28,-1,-1,0,0,19
B,2,43,Localized,Delete-flood,20,6000,9783,28,-1,-1,0,0,20
B,2,43,Localized,Delete-flood,21,6300,9793,28,-1,-1,0,0,21
B,2,43,Localized,Delete-flood,22,6600,9809,28,-1,-1,0,0,22
B,2,43,Localized,Delete-flood,23,6900,9817,28,-1,-1,0,0,23
B,2,43,Localized,Delete-flood,24,7200,9831,32,-1,-1,0,0,24
B,2,43,Localized,Delete-flood,25,7500,9840,32,-1,-1,0,0,25
B,2,43,Localized,Delete-flood,26,7800,9845,32,-1,-1,0,0,26
B,2,43,Localized,Delete-flood,27,8100,9853,32,-1,-1,0,0,27
B,2,43,Localized,Delete-flood,28,8400,9866,32,-1,-1,0,0,28
B,2,43,Localized,Delete-flood,29,8700,9877,32,-1,-1,0,0,29
B,2,43,Localized,Delete-flood,30,9000,9895,32,-1,-1,0,0,30
B,2,43,Localized,Delete-flood,31,9300,9906,32,-1,-1,0,0,31
B,2,43,Localized,Delete-flood,32,9600,9916,32,-1,-1,0,0,32
B,2,43,Localized,Delete-flood,33,9900,9931,32,-1,-1,0,0,33
B,2,43,Localized,Delete-flood,34,10200,9941,32,-1,-1,0,0,34
B,2,43,Localized,Delete-flood,35,10500,9952,32,-1,-1,0,0,35
B,2,43,Localized,Delete-flood,36,10800,9972,32,-1,-1,0,0,36
B,2,43,Localized,Delete-flood,37,11100,9978,32,-1,-1,0,0,37
B,2,43,Localized,Delete-flood,38,11400,9985,32,-1,-1,0,0,38
B,2,43,Localized,Delete-flood,39,11700,9997,32,-1,-1,0,0,39
B,2,43,Localized,Delete-flood,40,12000,10012,32,-1,-1,0,0,40
B,2,43,Localized,Delete-flood,41,12300,10015,32,-1,-1,0,0,41
B,2,43,Localized,Delete-flood,42,12600,10026,32,-1,-1,0,0,42
B,2,43,Localized,Delete-flood,43,12900,10038,32,-1,-1,0,0,43
B,2,43,Localized,Delete-flood,44,13200,10046,32,-1,-1,0,0,44
B,2,43,Localized,Delete-flood,45,13500,10059,32,-1,-1,0,0,45
B,2,43,Localized,Delete-flood,46,13800,10082,32,-1,-1,0,0,46
B,2,43,Localized,Delete-flood,47,14100,10095,32,-1,-1,0,0,47
B,2,43,Localized,Delete-flood,48,14400,10102,32,-1,-1,0,0,48
B,2,43,Localized,Delete-flood,49,14700,10107,32,-1,-1,0,0,49
B,2,43,Localized,Delete-flood,50,15000,10118,32,-1,-1,0,0,50
B,2,43,Localized,Delete-flood,51,15300,10126,32,-1,-1,0,0,51
B,2,43,Localized,Delete-flood,52,15600,10140,32,-1,-1,0,0,52
B,2,43,Localized,Delete-flood,53,15900,10144,32,-1,-1,0,0,53
B,2,43,Localized,Delete-flood,54,16200,10148,32,-1,-1,0,0,54
B,2,43,Localized,Delete-flood,55,16500,10166,32,-1,-1,0,0,55
B,2,43,Localized,Delete-flood,56,16800,10172,32,-1,-1,0,0,56
B,2,43,Localized,Delete-flood,57,17100,10178,32,-1,-1,0,0,57
B,2,43,Localized,Delete-flood,58,17400,10183,32,-1,-1,0,0,58
B,2,43,Localized,Delete-flood,59,17700,10192,32,-1,-1,0,0,59
B,2,43,Localized,Delete-flood,60,18000,10192,32,-1,-1,0,0,60
B,2,43,Localized,Delete-flood,61,18300,10201,32,-1,-1,0,0,61
B,2,43,Localized,Delete-flood,62,18600,10205,32,-1,-1,0,0,62
B,2,43,Localized,Delete-flood,63,18900,10214,32,-1,-1,0,0,63
B,2,43,Localized,Delete-flood,64,19200,10223,32,-1,-1,0,0,64
B,2,43,Localized,Delete-flood,65,19500,10233,32,-1,-1,0,0,65
B,2,43,Localized,Delete-flood,66,19800,10245,32,-1,-1,0,0,66
B,2,43,Localized,Delete-flood,67,20100,10252,32,-1,-1,0,0,67
B,2,43,Localized,Delete-flood,68,20400,10264,32,-1,-1,0,0,68
B,2,43,Localized,Delete-flood,69,20700,10271,32,-1,-1,0,0,69
B,2,43,Localized,Delete-flood,70,21000,10288,32,-1,-1,0,0,70
B,2,43,Localized,Delete-flood,71,21300,10299,32,-1,-1,0,0,71
B,2,43,Localized,Delete-flood,72,21600,10303,32,-1,-1,0,0,72
B,2,43,Localized,Delete-flood,73,21900,10315,32,-1,-1,0,0,73
B,2,43,Localized,Delete-flood,74,22200,10328,32,-1,-1,0,0,74
B,2,43,Localized,Delete-flood,75,22500,10343,32,-1,-1,0,0,75
B,2,43,Localized,Delete-flood,76,22800,10348,32,-1,-1,0,0,76
B,2,43,Localized,Delete-flood,77,23100,10356,32,-1,-1,0,0,77
B,2,43,Localized,Delete-flood,78,23400,10367,32,-1,-1,0,0,78
B,2,43,Localized,Delete-flood,79,23700,10380,32,-1,-1,0,0,79
B,2,43,Localized,Delete-flood,80,24000,10387,32,-1,-1,0,0,80
B,2,43,Localized,Delete-flood,81,24300,10404,32,-1,-1,0,0,81
B,2,43,Localized,Delete-flood,82,24600,10416,32,-1,-1,0,0,82
B,2,43,Localized,Delete-flood,83,24900,10426,32,-1,-1,0,0,83
B,2,43,Localized,Delete-flood,84,25000,10429,32,-1,-1,0,0,84
B,2,43,Localized,Write-heavy,1,300,9691,28,-1,-1,0,0,1
B,2,43,Localized,Write-heavy,2,600,9831,28,-1,-1,0,0,2
B,2,43,Localized,Write-heavy,3,900,9978,28,-1,-1,0,0,3
B,2,43,Localized,Write-heavy,4,1200,10140,32,-1,-1,0,0,4
B,2,43,Localized,Write-heavy,5,1500,10287,32,-1,-1,0,0,5
B,2,43,Localized,Write-heavy,6,1800,10435,32,-1,-1,0,0,6
B,2,43,Localized,Write-heavy,7,2100,10570,32,-1,-1,0,0,7
B,2,43,Localized,Write-heavy,8,2400,10703,32,-1,-1,0,0,8
B,2,43,Localized,Write-heavy,9,2700,10853,32,-1,-1,0,0,9
B,2,43,Localized,Write-heavy,10,3000,11013,32,-1,-1,0,0,10
B,2,43,Localized,Write-heavy,11,3300,11167,32,-1,-1,0,0,11
B,2,43,Localized,Write-heavy,12,3600,11327,32,-1,-1,0,0,12
B,2,43,Localized,Write-heavy,13,3900,11453,32,-1,-1,0,0,13
B,2,43,Localized,Write-heavy,14,4200,11607,32,-1,-1,0,0,14
B,2,43,Localized,Write-heavy,15,4500,11767,32,-1,-1,0,0,15
B,2,43,Localized,Write-heavy,16,4800,11919,32,-1,-1,0,0,16
B,2,43,Localized,Write-heavy,17,5100,12068,37,-1,-1,0,0,17
B,2,43,Localized,Write-heavy,18,5400,12220,37,-1,-1,0,0,18
B,2,43,Localized,Write-heavy,19,5700,12368,37,-1,-1,0,0,19
B,2,43,Localized,Write-heavy,20,6000,12501,37,-1,-1,0,0,20
B,2,43,Localized,Write-heavy,21,6300,12633,37,-1,-1,0,0,21
B,2,43,Localized,Write-heavy,22,6600,12773,37,-1,-1,0,0,22
B,2,43,Localized,Write-heavy,23,6900,12917,37,-1,-1,0,0,23
B,2,43,Localized,Write-heavy,24,7200,13061,37,-1,-1,0,0,24
B,2,43,Localized,Write-heavy,25,7500,13220,37,-1,-1,0,0,25
B,2,43,Localized,Write-heavy,26,7800,13370,37,-1,-1,0,0,26
B,2,43,Localized,Write-heavy,27,8100,13519,37,-1,-1,0,0,27
B,2,43,Localized,Write-heavy,28,8400,13676,37,-1,-1,0,0,28
B,2,43,Localized,Write-heavy,29,8700,13818,37,-1,-1,0,0,29
B,2,43,Localized,Write-heavy,30,9000,13968,37,-1,-1,0,0,30
B,2,43,Localized,Write-heavy,31,9300,14125,37,-1,-1,0,0,31
B,2,43,Localized,Write-heavy,32,9600,14263,37,-1,-1,0,0,32
B,2,43,Localized,Write-heavy,33,9900,14411,37,-1,-1,0,0,33
B,2,43,Localized,Write-heavy,34,10200,14564,37,-1,-1,0,0,34
B,2,43,Localized,Write-heavy,35,10500,14710,37,-1,-1,0,0,35
B,2,43,Localized,Write-heavy,36,10800,14841,37,-1,-1,0,0,36
B,2,43,Localized,Write-heavy,37,11100,14982,37,-1,-1,0,0,37
B,2,43,Localized,Write-heavy,38,11400,15131,37,-1,-1,0,0,38
B,2,43,Localized,Write-heavy,39,11700,15277,37,-1,-1,0,0,39
B,2,43,Localized,Write-heavy,40,12000,15422,37,-1,-1,0,0,40
B,2,43,Localized,Write-heavy,41,12300,15564,37,-1,-1,0,0,41
B,2,43,Localized,Write-heavy,42,12600,15708,37,-1,-1,0,0,42
B,2,43,Localized,Write-heavy,43,12900,15865,37,-1,-1,0,0,43
B,2,43,Localized,Write-heavy,44,13200,16026,41,-1,-1,0,0,44
B,2,43,Localized,Write-heavy,45,13500,16183,41,-1,-1,0,0,45
B,2,43,Localized,Write-heavy,46,13800,16321,41,-1,-1,0,0,46
B,2,43,Localized,Write-heavy,47,14100,16467,41,-1,-1,0,0,47
B,2,43,Localized,Write-heavy,48,14400,16616,41,-1,-1,0,0,48
B,2,43,Localized,Write-heavy,49,14700,16757,41,-1,-1,0,0,49
B,2,43,Localized,Write-heavy,50,15000,16907,41,-1,-1,0,0,50
B,2,43,Localized,Write-heavy,51,15300,17056,41,-1,-1,0,0,51
B,2,43,Localized,Write-heavy,52,15600,17192,41,-1,-1,0,0,52
B,2,43,Localized,Write-heavy,53,15900,17340,41,-1,-1,0,0,53
B,2,43,Localized,Write-heavy,54,16200,17490,41,-1,-1,0,0,54
B,2,43,Localized,Write-heavy,55,16500,17640,41,-1,-1,0,0,55
B,2,43,Localized,Write-heavy,56,16800,17790,41,-1,-1,0,0,56
B,2,43,Localized,Write-heavy,57,17100,17963,42,-1,-1,0,0,57
B,2,43,Localized,Write-heavy,58,17400,18110,42,-1,-1,0,0,58
B,2,43,Localized,Write-heavy,59,17700,18267,42,-1,-1,0,0,59
B,2,43,Localized,Write-heavy,60,18000,18419,42,-1,-1,0,0,60
B,2,43,Localized,Write-heavy,61,18300,18571,42,-1,-1,0,0,61
B,2,43,Localized,Write-heavy,62,18600,18730,42,-1,-1,0,0,62
B,2,43,Localized,Write-heavy,63,18900,18868,42,-1,-1,0,0,63
B,2,43,Localized,Write-heavy,64,19200,19016,42,-1,-1,0,0,64
B,2,43,Localized,Write-heavy,65,19500,19171,42,-1,-1,0,0,65
B,2,43,Localized,Write-heavy,66,19800,19329,41,-1,-1,0,0,66
B,2,43,Localized,Write-heavy,67,20100,19469,41,-1,-1,0,0,67
B,2,43,Localized,Write-heavy,68,20400,19610,41,-1,-1,0,0,68
B,2,43,Localized,Write-heavy,69,20700,19759,41,-1,-1,0,0,69
B,2,43,Localized,Write-heavy,70,21000,19921,45,-1,-1,0,0,70
B,2,43,Localized,Write-heavy,71,21300,20070,45,-1,-1,0,0,71
B,2,43,Localized,Write-heavy,72,21600,20212,45,-1,-1,0,0,72
B,2,43,Localized,Write-heavy,73,21900,20350,45,-1,-1,0,0,73
B,2,43,Localized,Write-heavy,74,22200,20496,45,-1,-1,0,0,74
B,2,43,Localized,Write-heavy,75,22500,20647,45,-1,-1,0,0,75
B,2,43,Localized,Write-heavy,76,22800,20783,45,-1,-1,0,0,76
B,2,43,Localized,Write-heavy,77,23100,20939,45,-1,-1,0,0,77
B,2,43,Localized,Write-heavy,78,23400,21085,45,-1,-1,0,0,78
B,2,43,Localized,Write-heavy,79,23700,21240,45,-1,-1,0,0,79
B,2,43,Localized,Write-heavy,80,24000,21393,45,-1,-1,0,0,80
B,2,43,Localized,Write-heavy,81,24300,21543,45,-1,-1,0,0,81
B,2,43,Localized,Write-heavy,82,24600,21701,45,-1,-1,0,0,82
B,2,43,Localized,Write-heavy,83,24900,21857,50,-1,-1,0,0,83
B,2,43,Localized,Write-heavy,84,25000,21906,50,-1,-1,0,0,84
B,2,43,Clustered,Balanced,1,300,1952,1,0,0,1,1,0
B,2,43,Clustered,Balanced,2,600,2048,12,0,0,1,1,0
B,2,43,Clustered,Balanced,3,900,2151,12,0,0,1,1,0
B,2,43,Clustered,Balanced,4,1200,2248,12,0,0,1,1,0
B,2,43,Clustered,Balanced,5,1500,2341,12,0,0,1,1,0
B,2,43,Clustered,Balanced,6,1800,2448,12,0,0,1,1,0
B,2,43,Clustered,Balanced,7,2100,2546,12,0,0,1,1,0
B,2,43,Clustered,Balanced,8,2400,2654,12,0,0,1,1,0
B,2,43,Clustered,Balanced,9,2700,2755,12,0,0,1,1,0
B,2,43,Clustered,Balanced,10,3000,2857,12,0,0,1,1,0
B,2,43,Clustered,Balanced,11,3300,2953,12,0,0,1,1,0
B,2,43,Clustered,Balanced,12,3600,3050,12,0,0,1,1,0
B,2,43,Clustered,Balanced,13,3900,3125,12,0,0,1,1,0
B,2,43,Clustered,Balanced,14,4200,3211,12,0,0,1,1,0
B,2,43,Clustered,Balanced,15,4500,3304,12,0,0,1,1,0
B,2,43,Clustered,Balanced,16,4800,3400,12,0,0,1,1,0
B,2,43,Clustered,Balanced,17,5100,3512,12,0,0,1,1,0
B,2,43,Clustered,Balanced,18,5400,3611,12,0,0,1,1,0
B,2,43,Clustered,Balanced,19,5700,3709,12,0,0,1,1,0
B,2,43,Clustered,Balanced,20,6000,3812,12,0,0,1,1,0
B,2,43,Clustered,Balanced,21,6300,3900,12,0,0,1,1,0
B,2,43,Clustered,Balanced,22,6600,3986,20,0,0,1,1,0
B,2,43,Clustered,Balanced,23,6900,4073,20,0,0,1,1,0
B,2,43,Clustered,Balanced,24,7200,4164,20,0,0,1,1,0
B,2,43,Clustered,Balanced,25,7500,4256,20,0,0,1,1,0
B,2,43,Clustered,Balanced,26,7800,4364,20,0,0,1,1,0
B,2,43,Clustered,Balanced,27,8100,4461,20,0,0,1,1,0
B,2,43,Clustered,Balanced,28,8400,4567,20,0,0,1,1,0
B,2,43,Clustered,Balanced,29,8700,4686,20,0,0,1,1,0
B,2,43,Clustered,Balanced,30,9000,4786,20,0,0,1,1,0
B,2,43,Clustered,Balanced,31,9300,4885,20,0,0,1,1,0
B,2,43,Clustered,Balanced,32,9600,4988,20,0,0,1,1,0
B,2,43,Clustered,Balanced,33,9900,5074,20,0,0,1,1,0
B,2,43,Clustered,Balanced,34,10200,5180,20,0,0,1,1,0
B,2,43,Clustered,Balanced,35,10500,5269,20,0,0,1,1,0
B,2,43,Clustered,Balanced,36,10800,5371,20,0,0,1,1,0
B,2,43,Clustered,Balanced,37,11100,5470,20,0,0,1,1,0
B,2,43,Clustered,Balanced,38,11400,5575,20,0,0,1,1,0
B,2,43,Clustered,Balanced,39,11700,5673,20,0,0,1,1,0
B,2,43,Clustered,Balanced,40,12000,5771,20,0,0,1,1,0
B,2,43,Clustered,Balanced,41,12300,5867,20,0,0,1,1,0
B,2,43,Clustered,Balanced,42,12600,5971,21,0,0,1,1,0
B,2,43,Clustered,Balanced,43,12900,6076,21,0,0,1,1,0
B,2,43,Clustered,Balanced,44,13200,6177,21,0,0,1,1,0
B,2,43,Clustered,Balanced,45,13500,6271,21,0,0,1,1,0
B,2,43,Clustered,Balanced,46,13800,6365,21,0,0,1,1,0
B,2,43,Clustered,Balanced,47,14100,6463,21,0,0,1,1,0
B,2,43,Clustered,Balanced,48,14400,6555,21,0,0,1,1,0
B,2,43,Clustered,Balanced,49,14700,6639,21,0,0,1,1,0
B,2,43,Clustered,Balanced,50,15000,6749,21,0,0,1,1,0
B,2,43,Clustered,Balanced,51,15300,6833,21,0,0,1,1,0
B,2,43,Clustered,Balanced,52,15600,6932,21,0,0,1,1,0
B,2,43,Clustered,Balanced,53,15900,7038,21,0,0,1,1,0
B,2,43,Clustered,Balanced,54,16200,7140,21,0,0,1,1,0
B,2,43,Clustered,Balanced,55,16500,7242,21,0,0,1,1,0
B,2,43,Clustered,Balanced,56,16800,7335,21,0,0,1,1,0
B,2,43,Clustered,Balanced,57,17100,7437,21,0,0,1,1,0
B,2,43,Clustered,Balanced,58,17400,7529,21,0,0,1,1,0
B,2,43,Clustered,Balanced,59,17700,7631,21,0,0,1,1,0
B,2,43,Clustered,Balanced,60,18000,7728,21,0,0,1,1,0
B,2,43,Clustered,Balanced,61,18300,7830,21,0,0,1,1,0
B,2,43,Clustered,Balanced,62,18600,7940,21,0,0,1,1,0
B,2,43,Clustered,Balanced,63,18900,8047,27,0,0,1,1,0
B,2,43,Clustered,Balanced,64,19200,8147,27,0,0,1,1,0
B,2,43,Clustered,Balanced,65,19500,8259,27,0,0,1,1,0
B,2,43,Clustered,Balanced,66,19800,8351,27,0,0,1,1,0
B,2,43,Clustered,Balanced,67,20100,8434,27,0,0,1,1,0
B,2,43,Clustered,Balanced,68,20400,8542,27,0,0,1,1,0
B,2,43,Clustered,Balanced,69,20700,8634,27,0,0,1,1,0
B,2,43,Clustered,Balanced,70,21000,8727,27,0,0,1,1,0
B,2,43,Clustered,Balanced,71,21300,8830,27,0,0,1,1,0
B,2,43,Clustered,Balanced,72,21600,8921,27,0,0,1,1,0
B,2,43,Clustered,Balanced,73,21900,9002,27,0,0,1,1,0
B,2,43,Clustered,Balanced,74,22200,9085,27,0,0,1,1,0
B,2,43,Clustered,Balanced,75,22500,9186,27,0,0,1,1,0
B,2,43,Clustered,Balanced,76,22800,9276,27,0,0,1,1,0
B,2,43,Clustered,Balanced,77,23100,9363,27,0,0,1,1,0
B,2,43,Clustered,Balanced,78,23400,9455,27,0,0,1,1,0
B,2,43,Clustered,Balanced,79,23700,9557,27,0,0,1,1,0
B,2,43,Clustered,Balanced,80,24000,9661,27,0,0,1,1,0
B,2,43,Clustered,Balanced,81,24300,9751,27,0,0,1,1,0
B,2,43,Clustered,Balanced,82,24600,9857,27,0,0,1,1,0
B,2,43,Clustered,Balanced,83,24900,9957,36,0,0,1,1,0
B,2,43,Clustered,Balanced,84,25000,9990,36,0,0,1,1,0
B,2,43,Clustered,Insert-flood,1,300,2143,12,0,0,1,1,0
B,2,43,Clustered,Insert-flood,2,600,2428,12,0,0,1,1,0
B,2,43,Clustered,Insert-flood,3,900,2715,12,0,0,1,1,0
B,2,43,Clustered,Insert-flood,4,1200,3006,12,0,0,1,1,0
B,2,43,Clustered,Insert-flood,5,1500,3296,12,0,0,1,1,0
B,2,43,Clustered,Insert-flood,6,1800,3584,12,0,0,1,1,0
B,2,43,Clustered,Insert-flood,7,2100,3875,12,0,0,1,1,0
B,2,43,Clustered,Insert-flood,8,2400,4164,16,0,0,1,1,0
B,2,43,Clustered,Insert-flood,9,2700,4454,16,0,0,1,1,0
B,2,43,Clustered,Insert-flood,10,3000,4748,16,0,0,1,1,0
B,2,43,Clustered,Insert-flood,11,3300,5036,16,0,0,1,1,0
B,2,43,Clustered,Insert-flood,12,3600,5324,16,0,0,1,1,0
B,2,43,Clustered,Insert-flood,13,3900,5612,16,0,0,1,1,0
B,2,43,Clustered,Insert-flood,14,4200,5904,16,0,0,1,1,0
B,2,43,Clustered,Insert-flood,15,4500,6190,21,0,0,1,1,0
B,2,43,Clustered,Insert-flood,16,4800,6479,21,0,0,1,1,0
B,2,43,Clustered,Insert-flood,17,5100,6764,21,0,0,1,1,0
B,2,43,Clustered,Insert-flood,18,5400,7048,21,0,0,1,1,0
B,2,43,Clustered,Insert-flood,19,5700,7336,21,0,0,1,1,0
B,2,43,Clustered,Insert-flood,20,6000,7621,21,0,0,1,1,0
B,2,43,Clustered,Insert-flood,21,6300,7904,21,0,0,1,1,0
B,2,43,Clustered,Insert-flood,22,6600,8192,29,0,0,1,1,0
B,2,43,Clustered,Insert-flood,23,6900,8484,29,0,0,1,1,0
B,2,43,Clustered,Insert-flood,24,7200,8773,29,0,0,1,1,0
B,2,43,Clustered,Insert-flood,25,7500,9062,29,0,0,1,1,0
B,2,43,Clustered,Insert-flood,26,7800,9351,29,0,0,1,1,0
B,2,43,Clustered,Insert-flood,27,8100,9642,29,0,0,1,1,0
B,2,43,Clustered,Insert-flood,28,8400,9931,29,0,0,1,1,0
B,2,43,Clustered,Insert-flood,29,8700,10219,33,-1,-1,0,0,1
B,2,43,Clustered,Insert-flood,30,9000,10506,33,0,0,1,1,1
B,2,43,Clustered,Insert-flood,31,9300,10790,33,0,0,1,1,1
B,2,43,Clustered,Insert-flood,32,9600,11076,33,0,0,1,1,1
B,2,43,Clustered,Insert-flood,33,9900,11363,33,0,0,1,1,1
B,2,43,Clustered,Insert-flood,34,10200,11653,33,0,0,1,1,1
B,2,43,Clustered,Insert-flood,35,10500,11943,33,0,0,1,1,1
B,2,43,Clustered,Insert-flood,36,10800,12238,39,0,0,1,1,1
B,2,43,Clustered,Insert-flood,37,11100,12533,39,0,0,1,1,1
B,2,43,Clustered,Insert-flood,38,11400,12826,39,0,0,1,1,1
B,2,43,Clustered,Insert-flood,39,11700,13112,39,0,0,1,1,1
B,2,43,Clustered,Insert-flood,40,12000,13400,39,0,0,1,1,1
B,2,43,Clustered,Insert-flood,41,12300,13688,39,0,0,1,1,1
B,2,43,Clustered,Insert-flood,42,12600,13980,39,0,0,1,1,1
B,2,43,Clustered,Insert-flood,43,12900,14266,46,-1,-1,0,0,2
B,2,43,Clustered,Insert-flood,44,13200,14556,46,0,0,1,1,2
B,2,43,Clustered,Insert-flood,45,13500,14841,46,0,0,1,1,2
B,2,43,Clustered,Insert-flood,46,13800,15128,46,0,0,1,1,2
B,2,43,Clustered,Insert-flood,47,14100,15419,46,0,0,1,1,2
B,2,43,Clustered,Insert-flood,48,14400,15702,46,0,0,1,1,2
B,2,43,Clustered,Insert-flood,49,14700,15989,46,0,0,1,1,2
B,2,43,Clustered,Insert-flood,50,15000,16280,46,-1,-1,0,0,3
B,2,43,Clustered,Insert-flood,51,15300,16569,46,0,0,1,1,3
B,2,43,Clustered,Insert-flood,52,15600,16859,46,0,0,1,1,3
B,2,43,Clustered,Insert-flood,53,15900,17149,46,0,0,1,1,3
B,2,43,Clustered,Insert-flood,54,16200,17435,46,0,0,1,1,3
B,2,43,Clustered,Insert-flood,55,16500,17725,46,0,0,1,1,3
B,2,43,Clustered,Insert-flood,56,16800,18014,52,0,0,1,1,3
B,2,43,Clustered,Insert-flood,57,17100,18304,52,0,0,1,1,3
B,2,43,Clustered,Insert-flood,58,17400,18594,52,0,0,1,1,3
B,2,43,Clustered,Insert-flood,59,17700,18880,52,0,0,1,1,3
B,2,43,Clustered,Insert-flood,60,18000,19160,52,0,0,1,1,3
B,2,43,Clustered,Insert-flood,61,18300,19444,52,0,0,1,1,3
B,2,43,Clustered,Insert-flood,62,18600,19727,52,0,0,1,1,3
B,2,43,Clustered,Insert-flood,63,18900,20019,58,0,0,1,1,3
B,2,43,Clustered,Insert-flood,64,19200,20315,58,0,0,1,1,3
B,2,43,Clustered,Insert-flood,65,19500,20605,58,0,0,1,1,3
B,2,43,Clustered,Insert-flood,66,19800,20890,58,0,0,1,1,3
B,2,43,Clustered,Insert-flood,67,20100,21177,58,0,0,1,1,3
B,2,43,Clustered,Insert-flood,68,20400,21458,58,0,0,1,1,3
B,2,43,Clustered,Insert-flood,69,20700,21744,58,0,0,1,1,3
B,2,43,Clustered,Insert-flood,70,21000,22035,61,0,0,1,1,3
B,2,43,Clustered,Insert-flood,71,21300,22322,61,-1,-1,0,0,4
B,2,43,Clustered,Insert-flood,72,21600,22615,61,0,0,1,1,4
B,2,43,Clustered,Insert-flood,73,21900,22909,61,0,0,1,1,4
B,2,43,Clustered,Insert-flood,74,22200,23198,61,0,0,1,1,4
B,2,43,Clustered,Insert-flood,75,22500,23482,61,0,0,1,1,4
B,2,43,Clustered,Insert-flood,76,22800,23774,61,0,0,1,1,4
B,2,43,Clustered,Insert-flood,77,23100,24062,64,-1,-1,0,0,5
B,2,43,Clustered,Insert-flood,78,23400,24349,64,0,0,1,1,5
B,2,43,Clustered,Insert-flood,79,23700,24640,64,0,0,1,1,5
B,2,43,Clustered,Insert-flood,80,24000,24926,64,0,0,1,1,5
B,2,43,Clustered,Insert-flood,81,24300,25215,64,0,0,1,1,5
B,2,43,Clustered,Insert-flood,82,24600,25507,64,0,0,1,1,5
B,2,43,Clustered,Insert-flood,83,24900,25791,64,0,0,1,1,5
B,2,43,Clustered,Insert-flood,84,25000,25882,64,0,0,1,1,5
B,2,43,Clustered,Delete-flood,1,300,1866,1,0,0,1,1,0
B,2,43,Clustered,Delete-flood,2,600,1877,1,0,0,1,1,0
B,2,43,Clustered,Delete-flood,3,900,1890,1,0,0,1,1,0
B,2,43,Clustered,Delete-flood,4,1200,1901,1,0,0,1,1,0
B,2,43,Clustered,Delete-flood,5,1500,1915,1,0,0,1,1,0
B,2,43,Clustered,Delete-flood,6,1800,1925,1,0,0,1,1,0
B,2,43,Clustered,Delete-flood,7,2100,1938,1,0,0,1,1,0
B,2,43,Clustered,Delete-flood,8,2400,1950,1,0,0,1,1,0
B,2,43,Clustered,Delete-flood,9,2700,1964,1,0,0,1,1,0
B,2,43,Clustered,Delete-flood,10,3000,1981,12,0,0,1,1,0
B,2,43,Clustered,Delete-flood,11,3300,1994,12,0,0,1,1,0
B,2,43,Clustered,Delete-flood,12,3600,2001,12,0,0,1,1,0
B,2,43,Clustered,Delete-flood,13,3900,2017,12,0,0,1,1,0
B,2,43,Clustered,Delete-flood,14,4200,2036,12,0,0,1,1,0
B,2,43,Clustered,Delete-flood,15,4500,2049,12,0,0,1,1,0
B,2,43,Clustered,Delete-flood,16,4800,2068,12,0,0,1,1,0
B,2,43,Clustered,Delete-flood,17,5100,2082,12,0,0,1,1,0
B,2,43,Clustered,Delete-flood,18,5400,2096,12,0,0,1,1,0
B,2,43,Clustered,Delete-flood,19,5700,2117,12,0,0,1,1,0
B,2,43,Clustered,Delete-flood,20,6000,2135,12,0,0,1,1,0
B,2,43,Clustered,Delete-flood,21,6300,2147,12,0,0,1,1,0
B,2,43,Clustered,Delete-flood,22,6600,2163,12,0,0,1,1,0
B,2,43,Clustered,Delete-flood,23,6900,2179,12,0,0,1,1,0
B,2,43,Clustered,Delete-flood,24,7200,2198,12,0,0,1,1,0
B,2,43,Clustered,Delete-flood,25,7500,2212,12,0,0,1,1,0
B,2,43,Clustered,Delete-flood,26,7800,2229,12,0,0,1,1,0
B,2,43,Clustered,Delete-flood,27,8100,2248,12,0,0,1,1,0
B,2,43,Clustered,Delete-flood,28,8400,2266,12,0,0,1,1,0
B,2,43,Clustered,Delete-flood,29,8700,2282,12,0,0,1,1,0
B,2,43,Clustered,Delete-flood,30,9000,2289,12,0,0,1,1,0
B,2,43,Clustered,Delete-flood,31,9300,2305,12,0,0,1,1,0
B,2,43,Clustered,Delete-flood,32,9600,2314,12,0,0,1,1,0
B,2,43,Clustered,Delete-flood,33,9900,2322,12,0,0,1,1,0
B,2,43,Clustered,Delete-flood,34,10200,2336,12,0,0,1,1,0
B,2,43,Clustered,Delete-flood,35,10500,2346,12,0,0,1,1,0
B,2,43,Clustered,Delete-flood,36,10800,2358,12,0,0,1,1,0
B,2,43,Clustered,Delete-flood,37,11100,2367,12,0,0,1,1,0
B,2,43,Clustered,Delete-flood,38,11400,2387,12,0,0,1,1,0
B,2,43,Clustered,Delete-flood,39,11700,2395,12,0,0,1,1,0
B,2,43,Clustered,Delete-flood,40,12000,2403,12,0,0,1,1,0
B,2,43,Clustered,Delete-flood,41,12300,2415,12,0,0,1,1,0
B,2,43,Clustered,Delete-flood,42,12600,2422,12,0,0,1,1,0
B,2,43,Clustered,Delete-flood,43,12900,2434,12,0,0,1,1,0
B,2,43,Clustered,Delete-flood,44,13200,2441,12,0,0,1,1,0
B,2,43,Clustered,Delete-flood,45,13500,2455,12,0,0,1,1,0
B,2,43,Clustered,Delete-flood,46,13800,2469,12,0,0,1,1,0
B,2,43,Clustered,Delete-flood,47,14100,2477,12,0,0,1,1,0
B,2,43,Clustered,Delete-flood,48,14400,2489,12,0,0,1,1,0
B,2,43,Clustered,Delete-flood,49,14700,2501,12,0,0,1,1,0
B,2,43,Clustered,Delete-flood,50,15000,2514,12,0,0,1,1,0
B,2,43,Clustered,Delete-flood,51,15300,2529,12,0,0,1,1,0
B,2,43,Clustered,Delete-flood,52,15600,2541,12,0,0,1,1,0
B,2,43,Clustered,Delete-flood,53,15900,2556,12,0,0,1,1,0
B,2,43,Clustered,Delete-flood,54,16200,2567,12,0,0,1,1,0
B,2,43,Clustered,Delete-flood,55,16500,2582,12,0,0,1,1,0
B,2,43,Clustered,Delete-flood,56,16800,2592,12,0,0,1,1,0
B,2,43,Clustered,Delete-flood,57,17100,2608,12,0,0,1,1,0
B,2,43,Clustered,Delete-flood,58,17400,2622,12,0,0,1,1,0
B,2,43,Clustered,Delete-flood,59,17700,2642,12,0,0,1,1,0
B,2,43,Clustered,Delete-flood,60,18000,2655,12,0,0,1,1,0
B,2,43,Clustered,Delete-flood,61,18300,2667,12,0,0,1,1,0
B,2,43,Clustered,Delete-flood,62,18600,2675,12,0,0,1,1,0
B,2,43,Clustered,Delete-flood,63,18900,2695,12,0,0,1,1,0
B,2,43,Clustered,Delete-flood,64,19200,2704,12,0,0,1,1,0
B,2,43,Clustered,Delete-flood,65,19500,2723,12,0,0,1,1,0
B,2,43,Clustered,Delete-flood,66,19800,2740,12,0,0,1,1,0
B,2,43,Clustered,Delete-flood,67,20100,2750,12,0,0,1,1,0
B,2,43,Clustered,Delete-flood,68,20400,2761,12,0,0,1,1,0
B,2,43,Clustered,Delete-flood,69,20700,2775,12,0,0,1,1,0
B,2,43,Clustered,Delete-flood,70,21000,2790,12,0,0,1,1,0
B,2,43,Clustered,Delete-flood,71,21300,2808,12,0,0,1,1,0
B,2,43,Clustered,Delete-flood,72,21600,2813,12,0,0,1,1,0
B,2,43,Clustered,Delete-flood,73,21900,2828,12,0,0,1,1,0
B,2,43,Clustered,Delete-flood,74,22200,2847,12,0,0,1,1,0
B,2,43,Clustered,Delete-flood,75,22500,2861,12,0,0,1,1,0
B,2,43,Clustered,Delete-flood,76,22800,2871,12,0,0,1,1,0
B,2,43,Clustered,Delete-flood,77,23100,2886,12,0,0,1,1,0
B,2,43,Clustered,Delete-flood,78,23400,2893,12,0,0,1,1,0
B,2,43,Clustered,Delete-flood,79,23700,2910,12,0,0,1,1,0
B,2,43,Clustered,Delete-flood,80,24000,2921,12,0,0,1,1,0
B,2,43,Clustered,Delete-flood,81,24300,2932,12,0,0,1,1,0
B,2,43,Clustered,Delete-flood,82,24600,2951,12,0,0,1,1,0
B,2,43,Clustered,Delete-flood,83,24900,2973,12,0,0,1,1,0
B,2,43,Clustered,Delete-flood,84,25000,2978,12,0,0,1,1,0
B,2,43,Clustered,Write-heavy,1,300,2000,1,0,0,1,1,0
B,2,43,Clustered,Write-heavy,2,600,2163,12,0,0,1,1,0
B,2,43,Clustered,Write-heavy,3,900,2324,12,0,0,1,1,0
B,2,43,Clustered,Write-heavy,4,1200,2488,12,0,0,1,1,0
B,2,43,Clustered,Write-heavy,5,1500,2638,12,0,0,1,1,0
B,2,43,Clustered,Write-heavy,6,1800,2789,12,0,0,1,1,0
B,2,43,Clustered,Write-heavy,7,2100,2938,12,0,0,1,1,0
B,2,43,Clustered,Write-heavy,8,2400,3085,12,0,0,1,1,0
B,2,43,Clustered,Write-heavy,9,2700,3226,12,0,0,1,1,0
B,2,43,Clustered,Write-heavy,10,3000,3378,12,0,0,1,1,0
B,2,43,Clustered,Write-heavy,11,3300,3527,12,0,0,1,1,0
B,2,43,Clustered,Write-heavy,12,3600,3695,12,0,0,1,1,0
B,2,43,Clustered,Write-heavy,13,3900,3852,12,0,0,1,1,0
B,2,43,Clustered,Write-heavy,14,4200,4014,20,0,0,1,1,0
B,2,43,Clustered,Write-heavy,15,4500,4173,20,0,0,1,1,0
B,2,43,Clustered,Write-heavy,16,4800,4324,20,0,0,1,1,0
B,2,43,Clustered,Write-heavy,17,5100,4467,20,0,0,1,1,0
B,2,43,Clustered,Write-heavy,18,5400,4625,20,0,0,1,1,0
B,2,43,Clustered,Write-heavy,19,5700,4761,20,0,0,1,1,0
B,2,43,Clustered,Write-heavy,20,6000,4917,20,0,0,1,1,0
B,2,43,Clustered,Write-heavy,21,6300,5066,20,0,0,1,1,0
B,2,43,Clustered,Write-heavy,22,6600,5224,20,0,0,1,1,0
B,2,43,Clustered,Write-heavy,23,6900,5379,20,0,0,1,1,0
B,2,43,Clustered,Write-heavy,24,7200,5517,20,0,0,1,1,0
B,2,43,Clustered,Write-heavy,25,7500,5671,20,0,0,1,1,0
B,2,43,Clustered,Write-heavy,26,7800,5805,20,0,0,1,1,0
B,2,43,Clustered,Write-heavy,27,8100,5948,20,0,0,1,1,0
B,2,43,Clustered,Write-heavy,28,8400,6103,28,0,0,1,1,0
B,2,43,Clustered,Write-heavy,29,8700,6252,28,0,0,1,1,0
B,2,43,Clustered,Write-heavy,30,9000,6416,28,0,0,1,1,0
B,2,43,Clustered,Write-heavy,31,9300,6575,28,0,0,1,1,0
B,2,43,Clustered,Write-heavy,32,9600,6713,28,0,0,1,1,0
B,2,43,Clustered,Write-heavy,33,9900,6857,28,0,0,1,1,0
B,2,43,Clustered,Write-heavy,34,10200,7003,28,0,0,1,1,0
B,2,43,Clustered,Write-heavy,35,10500,7144,28,0,0,1,1,0
B,2,43,Clustered,Write-heavy,36,10800,7288,28,0,0,1,1,0
B,2,43,Clustered,Write-heavy,37,11100,7422,28,0,0,1,1,0
B,2,43,Clustered,Write-heavy,38,11400,7578,28,0,0,1,1,0
B,2,43,Clustered,Write-heavy,39,11700,7736,28,0,0,1,1,0
B,2,43,Clustered,Write-heavy,40,12000,7888,28,0,0,1,1,0
B,2,43,Clustered,Write-heavy,41,12300,8016,35,0,0,1,1,0
B,2,43,Clustered,Write-heavy,42,12600,8157,35,0,0,1,1,0
B,2,43,Clustered,Write-heavy,43,12900,8313,35,0,0,1,1,0
B,2,43,Clustered,Write-heavy,44,13200,8480,35,0,0,1,1,0
B,2,43,Clustered,Write-heavy,45,13500,8638,35,0,0,1,1,0
B,2,43,Clustered,Write-heavy,46,13800,8799,35,0,0,1,1,0
B,2,43,Clustered,Write-heavy,47,14100,8942,35,0,0,1,1,0
B,2,43,Clustered,Write-heavy,48,14400,9091,35,0,0,1,1,0
B,2,43,Clustered,Write-heavy,49,14700,9243,35,0,0,1,1,0
B,2,43,Clustered,Write-heavy,50,15000,9402,35,0,0,1,1,0
B,2,43,Clustered,Write-heavy,51,15300,9544,35,0,0,1,1,0
B,2,43,Clustered,Write-heavy,52,15600,9684,35,0,0,1,1,0
B,2,43,Clustered,Write-heavy,53,15900,9832,35,0,0,1,1,0
B,2,43,Clustered,Write-heavy,54,16200,9974,40,0,0,1,1,0
B,2,43,Clustered,Write-heavy,55,16500,10117,40,0,0,1,1,0
B,2,43,Clustered,Write-heavy,56,16800,10265,40,0,0,1,1,0
B,2,43,Clustered,Write-heavy,57,17100,10407,40,0,0,1,1,0
B,2,43,Clustered,Write-heavy,58,17400,10542,40,0,0,1,1,0
B,2,43,Clustered,Write-heavy,59,17700,10690,40,0,0,1,1,0
B,2,43,Clustered,Write-heavy,60,18000,10828,40,0,0,1,1,0
B,2,43,Clustered,Write-heavy,61,18300,10965,40,0,0,1,1,0
B,2,43,Clustered,Write-heavy,62,18600,11107,40,0,0,1,1,0
B,2,43,Clustered,Write-heavy,63,18900,11263,40,0,0,1,1,0
B,2,43,Clustered,Write-heavy,64,19200,11400,40,0,0,1,1,0
B,2,43,Clustered,Write-heavy,65,19500,11558,40,0,0,1,1,0
B,2,43,Clustered,Write-heavy,66,19800,11703,40,0,0,1,1,0
B,2,43,Clustered,Write-heavy,67,20100,11855,40,0,0,1,1,0
B,2,43,Clustered,Write-heavy,68,20400,11992,43,0,0,1,1,0
B,2,43,Clustered,Write-heavy,69,20700,12148,43,-1,-1,0,0,1
B,2,43,Clustered,Write-heavy,70,21000,12275,43,-1,-1,0,0,2
B,2,43,Clustered,Write-heavy,71,21300,12424,43,-1,-1,0,0,3
B,2,43,Clustered,Write-heavy,72,21600,12574,43,0,0,1,1,3
B,2,43,Clustered,Write-heavy,73,21900,12728,43,0,0,1,1,3
B,2,43,Clustered,Write-heavy,74,22200,12879,43,0,0,1,1,3
B,2,43,Clustered,Write-heavy,75,22500,13022,43,0,0,1,1,3
B,2,43,Clustered,Write-heavy,76,22800,13162,43,0,0,1,1,3
B,2,43,Clustered,Write-heavy,77,23100,13302,43,0,0,1,1,3
B,2,43,Clustered,Write-heavy,78,23400,13472,43,0,0,1,1,3
B,2,43,Clustered,Write-heavy,79,23700,13615,43,0,0,1,1,3
B,2,43,Clustered,Write-heavy,80,24000,13768,43,0,0,1,1,3
B,2,43,Clustered,Write-heavy,81,24300,13923,45,0,0,1,1,3
B,2,43,Clustered,Write-heavy,82,24600,14087,45,-1,-1,0,0,4
B,2,43,Clustered,Write-heavy,83,24900,14224,45,-1,-1,0,0,5
B,2,43,Clustered,Write-heavy,84,25000,14270,45,0,0,1,1,5
B,3,44,Random,Balanced,1,300,30078,90,0,0,1,1,0
B,3,44,Random,Balanced,2,600,30169,90,0,0,1,1,0
B,3,44,Random,Balanced,3,900,30270,90,0,0,1,1,0
B,3,44,Random,Balanced,4,1200,30359,90,0,0,1,1,0
B,3,44,Random,Balanced,5,1500,30455,90,0,0,1,1,0
B,3,44,Random,Balanced,6,1800,30549,90,0,0,1,1,0
B,3,44,Random,Balanced,7,2100,30643,90,0,0,1,1,0
B,3,44,Random,Balanced,8,2400,30756,90,0,0,1,1,0
B,3,44,Random,Balanced,9,2700,30839,90,0,0,1,1,0
B,3,44,Random,Balanced,10,3000,30939,90,0,0,1,1,0
B,3,44,Random,Balanced,11,3300,31026,90,0,0,1,1,0
B,3,44,Random,Balanced,12,3600,31116,90,0,0,1,1,0
B,3,44,Random,Balanced,13,3900,31203,90,0,0,1,1,0
B,3,44,Random,Balanced,14,4200,31294,90,0,0,1,1,0
B,3,44,Random,Balanced,15,4500,31384,90,0,0,1,1,0
B,3,44,Random,Balanced,16,4800,31466,90,0,0,1,1,0
B,3,44,Random,Balanced,17,5100,31564,90,0,0,1,1,0
B,3,44,Random,Balanced,18,5400,31666,90,0,0,1,1,0
B,3,44,Random,Balanced,19,5700,31756,90,0,0,1,1,0
B,3,44,Random,Balanced,20,6000,31850,90,0,0,1,1,0
B,3,44,Random,Balanced,21,6300,31938,90,0,0,1,1,0
B,3,44,Random,Balanced,22,6600,32040,95,0,0,1,1,0
B,3,44,Random,Balanced,23,6900,32147,95,-1,-1,0,0,1
B,3,44,Random,Balanced,24,7200,32243,95,0,0,1,1,1
B,3,44,Random,Balanced,25,7500,32341,95,0,0,1,1,1
B,3,44,Random,Balanced,26,7800,32430,95,0,0,1,1,1
B,3,44,Random,Balanced,27,8100,32523,95,0,0,1,1,1
B,3,44,Random,Balanced,28,8400,32620,95,0,0,1,1,1
B,3,44,Random,Balanced,29,8700,32721,95,0,0,1,1,1
B,3,44,Random,Balanced,30,9000,32833,95,0,0,1,1,1
B,3,44,Random,Balanced,31,9300,32935,95,0,0,1,1,1
B,3,44,Random,Balanced,32,9600,33044,95,0,0,1,1,1
B,3,44,Random,Balanced,33,9900,33128,95,0,0,1,1,1
B,3,44,Random,Balanced,34,10200,33224,95,0,0,1,1,1
B,3,44,Random,Balanced,35,10500,33318,95,0,0,1,1,1
B,3,44,Random,Balanced,36,10800,33421,95,0,0,1,1,1
B,3,44,Random,Balanced,37,11100,33512,95,0,0,1,1,1
B,3,44,Random,Balanced,38,11400,33611,95,0,0,1,1,1
B,3,44,Random,Balanced,39,11700,33714,95,0,0,1,1,1
B,3,44,Random,Balanced,40,12000,33798,95,0,0,1,1,1
B,3,44,Random,Balanced,41,12300,33892,95,0,0,1,1,1
B,3,44,Random,Balanced,42,12600,33993,101,0,0,1,1,1
B,3,44,Random,Balanced,43,12900,34096,101,0,0,1,1,1
B,3,44,Random,Balanced,44,13200,34185,101,0,0,1,1,1
B,3,44,Random,Balanced,45,13500,34270,101,0,0,1,1,1
B,3,44,Random,Balanced,46,13800,34377,101,0,0,1,1,1
B,3,44,Random,Balanced,47,14100,34458,101,0,0,1,1,1
B,3,44,Random,Balanced,48,14400,34557,101,0,0,1,1,1
B,3,44,Random,Balanced,49,14700,34654,101,0,0,1,1,1
B,3,44,Random,Balanced,50,15000,34757,101,0,0,1,1,1
B,3,44,Random,Balanced,51,15300,34846,101,0,0,1,1,1
B,3,44,Random,Balanced,52,15600,34947,101,0,0,1,1,1
B,3,44,Random,Balanced,53,15900,35040,101,0,0,1,1,1
B,3,44,Random,Balanced,54,16200,35135,101,0,0,1,1,1
B,3,44,Random,Balanced,55,16500,35248,101,0,0,1,1,1
B,3,44,Random,Balanced,56,16800,35336,101,0,0,1,1,1
B,3,44,Random,Balanced,57,17100,35438,101,0,0,1,1,1
B,3,44,Random,Balanced,58,17400,35533,101,0,0,1,1,1
B,3,44,Random,Balanced,59,17700,35620,101,0,0,1,1,1
B,3,44,Random,Balanced,60,18000,35729,101,0,0,1,1,1
B,3,44,Random,Balanced,61,18300,35830,101,0,0,1,1,1
B,3,44,Random,Balanced,62,18600,35912,106,0,0,1,1,1
B,3,44,Random,Balanced,63,18900,36005,106,0,0,1,1,1
B,3,44,Random,Balanced,64,19200,36102,106,0,0,1,1,1
B,3,44,Random,Balanced,65,19500,36200,106,-1,-1,0,0,2
B,3,44,Random,Balanced,66,19800,36296,106,0,0,1,1,2
B,3,44,Random,Balanced,67,20100,36385,106,0,0,1,1,2
B,3,44,Random,Balanced,68,20400,36465,106,0,0,1,1,2
B,3,44,Random,Balanced,69,20700,36563,106,0,0,1,1,2
B,3,44,Random,Balanced,70,21000,36663,106,0,0,1,1,2
B,3,44,Random,Balanced,71,21300,36758,106,0,0,1,1,2
B,3,44,Random,Balanced,72,21600,36848,106,0,0,1,1,2
B,3,44,Random,Balanced,73,21900,36967,106,-1,-1,0,0,3
B,3,44,Random,Balanced,74,22200,37067,106,-1,-1,0,0,4
B,3,44,Random,Balanced,75,22500,37159,106,0,0,1,1,4
B,3,44,Random,Balanced,76,22800,37247,106,0,0,1,1,4
B,3,44,Random,Balanced,77,23100,37335,106,0,0,1,1,4
B,3,44,Random,Balanced,78,23400,37442,106,0,0,1,1,4
B,3,44,Random,Balanced,79,23700,37531,106,0,0,1,1,4
B,3,44,Random,Balanced,80,24000,37632,106,0,0,1,1,4
B,3,44,Random,Balanced,81,24300,37722,106,0,0,1,1,4
B,3,44,Random,Balanced,82,24600,37832,106,0,0,1,1,4
B,3,44,Random,Balanced,83,24900,37916,111,-1,-1,0,0,5
B,3,44,Random,Balanced,84,25000,37943,111,-1,-1,0,0,6
B,3,44,Random,Insert-flood,1,300,30289,90,0,0,1,1,0
B,3,44,Random,Insert-flood,2,600,30578,90,0,0,1,1,0
B,3,44,Random,Insert-flood,3,900,30865,90,0,0,1,1,0
B,3,44,Random,Insert-flood,4,1200,31158,90,0,0,1,1,0
B,3,44,Random,Insert-flood,5,1500,31452,90,0,0,1,1,0
B,3,44,Random,Insert-flood,6,1800,31742,90,0,0,1,1,0
B,3,44,Random,Insert-flood,7,2100,32027,96,0,0,1,1,0
B,3,44,Random,Insert-flood,8,2400,32314,96,0,0,1,1,0
B,3,44,Random,Insert-flood,9,2700,32603,96,0,0,1,1,0
B,3,44,Random,Insert-flood,10,3000,32890,96,0,0,1,1,0
B,3,44,Random,Insert-flood,11,3300,33175,96,0,0,1,1,0
B,3,44,Random,Insert-flood,12,3600,33463,96,0,0,1,1,0
B,3,44,Random,Insert-flood,13,3900,33746,96,0,0,1,1,0
B,3,44,Random,Insert-flood,14,4200,34031,99,0,0,1,1,0
B,3,44,Random,Insert-flood,15,4500,34316,99,0,0,1,1,0
B,3,44,Random,Insert-flood,16,4800,34604,99,-1,-1,0,0,1
B,3,44,Random,Insert-flood,17,5100,34894,99,0,0,1,1,1
B,3,44,Random,Insert-flood,18,5400,35185,99,0,0,1,1,1
B,3,44,Random,Insert-flood,19,5700,35469,99,0,0,1,1,1
B,3,44,Random,Insert-flood,20,6000,35754,99,0,0,1,1,1
B,3,44,Random,Insert-flood,21,6300,36034,104,0,0,1,1,1
B,3,44,Random,Insert-flood,22,6600,36320,104,0,0,1,1,1
B,3,44,Random,Insert-flood,23,6900,36607,104,0,0,1,1,1
B,3,44,Random,Insert-flood,24,7200,36900,104,0,0,1,1,1
B,3,44,Random,Insert-flood,25,7500,37191,104,0,0,1,1,1
B,3,44,Random,Insert-flood,26,7800,37477,104,0,0,1,1,1
B,3,44,Random,Insert-flood,27,8100,37766,104,0,0,1,1,1
B,3,44,Random,Insert-flood,28,8400,38051,110,0,0,1,1,1
B,3,44,Random,Insert-flood,29,8700,38337,110,0,0,1,1,1
B,3,44,Random,Insert-flood,30,9000,38625,110,0,0,1,1,1
B,3,44,Random,Insert-flood,31,9300,38914,110,0,0,1,1,1
B,3,44,Random,Insert-flood,32,9600,39202,110,0,0,1,1,1
B,3,44,Random,Insert-flood,33,9900,39488,110,0,0,1,1,1
B,3,44,Random,Insert-flood,34,10200,39777,110,0,0,1,1,1
B,3,44,Random,Insert-flood,35,10500,40067,110,0,0,1,1,1
B,3,44,Random,Insert-flood,36,10800,40350,110,0,0,1,1,1
B,3,44,Random,Insert-flood,37,11100,40634,110,-1,-1,0,0,2
B,3,44,Random,Insert-flood,38,11400,40922,110,0,0,1,1,2
B,3,44,Random,Insert-flood,39,11700,41210,110,0,0,1,1,2
B,3,44,Random,Insert-flood,40,12000,41496,110,0,0,1,1,2
B,3,44,Random,Insert-flood,41,12300,41783,110,0,0,1,1,2
B,3,44,Random,Insert-flood,42,12600,42068,116,0,0,1,1,2
B,3,44,Random,Insert-flood,43,12900,42345,116,-1,-1,0,0,3
B,3,44,Random,Insert-flood,44,13200,42630,116,0,0,1,1,3
B,3,44,Random,Insert-flood,45,13500,42913,116,0,0,1,1,3
B,3,44,Random,Insert-flood,46,13800,43193,116,0,0,1,1,3
B,3,44,Random,Insert-flood,47,14100,43479,116,0,0,1,1,3
B,3,44,Random,Insert-flood,48,14400,43758,116,0,0,1,1,3
B,3,44,Random,Insert-flood,49,14700,44043,120,-1,-1,0,0,4
B,3,44,Random,Insert-flood,50,15000,44327,120,-1,-1,0,0,5
B,3,44,Random,Insert-flood,51,15300,44613,120,-1,-1,0,0,6
B,3,44,Random,Insert-flood,52,15600,44899,120,-1,-1,0,0,7
B,3,44,Random,Insert-flood,53,15900,45189,120,-1,-1,0,0,8
B,3,44,Random,Insert-flood,54,16200,45475,120,-1,-1,0,0,9
B,3,44,Random,Insert-flood,55,16500,45765,120,-1,-1,0,0,10
B,3,44,Random,Insert-flood,56,16800,46049,125,0,0,1,1,10
B,3,44,Random,Insert-flood,57,17100,46340,125,0,0,1,1,10
B,3,44,Random,Insert-flood,58,17400,46626,125,0,0,1,1,10
B,3,44,Random,Insert-flood,59,17700,46913,125,0,0,1,1,10
B,3,44,Random,Insert-flood,60,18000,47200,125,0,0,1,1,10
B,3,44,Random,Insert-flood,61,18300,47487,125,0,0,1,1,10
B,3,44,Random,Insert-flood,62,18600,47780,125,0,0,1,1,10
B,3,44,Random,Insert-flood,63,18900,48072,129,0,0,1,1,10
B,3,44,Random,Insert-flood,64,19200,48356,129,0,0,1,1,10
B,3,44,Random,Insert-flood,65,19500,48644,129,0,0,1,1,10
B,3,44,Random,Insert-flood,66,19800,48933,129,0,0,1,1,10
B,3,44,Random,Insert-flood,67,20100,49225,129,0,0,1,1,10
B,3,44,Random,Insert-flood,68,20400,49518,129,0,0,1,1,10
B,3,44,Random,Insert-flood,69,20700,49803,129,0,0,1,1,10
B,3,44,Random,Insert-flood,70,21000,50085,136,0,0,1,1,10
B,3,44,Random,Insert-flood,71,21300,50369,136,0,0,1,1,10
B,3,44,Random,Insert-flood,72,21600,50662,136,0,0,1,1,10
B,3,44,Random,Insert-flood,73,21900,50942,136,0,0,1,1,10
B,3,44,Random,Insert-flood,74,22200,51234,136,0,0,1,1,10
B,3,44,Random,Insert-flood,75,22500,51518,136,0,0,1,1,10
B,3,44,Random,Insert-flood,76,22800,51810,136,0,0,1,1,10
B,3,44,Random,Insert-flood,77,23100,52092,139,0,0,1,1,10
B,3,44,Random,Insert-flood,78,23400,52386,139,0,0,1,1,10
B,3,44,Random,Insert-flood,79,23700,52667,139,0,0,1,1,10
B,3,44,Random,Insert-flood,80,24000,52953,139,0,0,1,1,10
B,3,44,Random,Insert-flood,81,24300,53240,139,0,0,1,1,10
B,3,44,Random,Insert-flood,82,24600,53523,139,0,0,1,1,10
B,3,44,Random,Insert-flood,83,24900,53811,139,0,0,1,1,10
B,3,44,Random,Insert-flood,84,25000,53902,139,0,0,1,1,10
B,3,44,Random,Delete-flood,1,300,30011,90,0,0,1,1,0
B,3,44,Random,Delete-flood,2,600,30024,90,0,0,1,1,0
B,3,44,Random,Delete-flood,3,900,30028,90,0,0,1,1,0
B,3,44,Random,Delete-flood,4,1200,30044,90,0,0,1,1,0
B,3,44,Random,Delete-flood,5,1500,30050,90,0,0,1,1,0
B,3,44,Random,Delete-flood,6,1800,30074,90,0,0,1,1,0
B,3,44,Random,Delete-flood,7,2100,30082,90,0,0,1,1,0
B,3,44,Random,Delete-flood,8,2400,30093,90,0,0,1,1,0
B,3,44,Random,Delete-flood,9,2700,30105,90,0,0,1,1,0
B,3,44,Random,Delete-flood,10,3000,30118,90,0,0,1,1,0
B,3,44,Random,Delete-flood,11,3300,30131,90,0,0,1,1,0
B,3,44,Random,Delete-flood,12,3600,30149,90,0,0,1,1,0
B,3,44,Random,Delete-flood,13,3900,30162,89,0,0,1,1,0
B,3,44,Random,Delete-flood,14,4200,30175,89,0,0,1,1,0
B,3,44,Random,Delete-flood,15,4500,30182,89,0,0,1,1,0
B,3,44,Random,Delete-flood,16,4800,30196,89,0,0,1,1,0
B,3,44,Random,Delete-flood,17,5100,30206,89,0,0,1,1,0
B,3,44,Random,Delete-flood,18,5400,30225,89,0,0,1,1,0
B,3,44,Random,Delete-flood,19,5700,30236,89,0,0,1,1,0
B,3,44,Random,Delete-flood,20,6000,30250,89,0,0,1,1,0
B,3,44,Random,Delete-flood,21,6300,30267,89,0,0,1,1,0
B,3,44,Random,Delete-flood,22,6600,30270,89,0,0,1,1,0
B,3,44,Random,Delete-flood,23,6900,30286,89,0,0,1,1,0
B,3,44,Random,Delete-flood,24,7200,30299,89,0,0,1,1,0
B,3,44,Random,Delete-flood,25,7500,30314,89,0,0,1,1,0
B,3,44,Random,Delete-flood,26,7800,30317,89,0,0,1,1,0
B,3,44,Random,Delete-flood,27,8100,30326,89,0,0,1,1,0
B,3,44,Random,Delete-flood,28,8400,30337,89,0,0,1,1,0
B,3,44,Random,Delete-flood,29,8700,30352,89,0,0,1,1,0
B,3,44,Random,Delete-flood,30,9000,30371,89,0,0,1,1,0
B,3,44,Random,Delete-flood,31,9300,30385,89,0,0,1,1,0
B,3,44,Random,Delete-flood,32,9600,30397,89,0,0,1,1,0
B,3,44,Random,Delete-flood,33,9900,30416,89,0,0,1,1,0
B,3,44,Random,Delete-flood,34,10200,30428,89,0,0,1,1,0
B,3,44,Random,Delete-flood,35,10500,30440,89,0,0,1,1,0
B,3,44,Random,Delete-flood,36,10800,30456,89,0,0,1,1,0
B,3,44,Random,Delete-flood,37,11100,30470,89,0,0,1,1,0
B,3,44,Random,Delete-flood,38,11400,30480,89,0,0,1,1,0
B,3,44,Random,Delete-flood,39,11700,30496,89,0,0,1,1,0
B,3,44,Random,Delete-flood,40,12000,30507,89,0,0,1,1,0
B,3,44,Random,Delete-flood,41,12300,30526,89,0,0,1,1,0
B,3,44,Random,Delete-flood,42,12600,30535,89,0,0,1,1,0
B,3,44,Random,Delete-flood,43,12900,30537,89,0,0,1,1,0
B,3,44,Random,Delete-flood,44,13200,30550,89,0,0,1,1,0
B,3,44,Random,Delete-flood,45,13500,30567,89,0,0,1,1,0
B,3,44,Random,Delete-flood,46,13800,30586,89,0,0,1,1,0
B,3,44,Random,Delete-flood,47,14100,30601,89,0,0,1,1,0
B,3,44,Random,Delete-flood,48,14400,30616,89,0,0,1,1,0
B,3,44,Random,Delete-flood,49,14700,30630,89,0,0,1,1,0
B,3,44,Random,Delete-flood,50,15000,30645,89,0,0,1,1,0
B,3,44,Random,Delete-flood,51,15300,30654,89,0,0,1,1,0
B,3,44,Random,Delete-flood,52,15600,30663,89,0,0,1,1,0
B,3,44,Random,Delete-flood,53,15900,30678,89,0,0,1,1,0
B,3,44,Random,Delete-flood,54,16200,30685,89,0,0,1,1,0
B,3,44,Random,Delete-flood,55,16500,30704,89,0,0,1,1,0
B,3,44,Random,Delete-flood,56,16800,30725,89,0,0,1,1,0
B,3,44,Random,Delete-flood,57,17100,30735,89,0,0,1,1,0
B,3,44,Random,Delete-flood,58,17400,30752,89,0,0,1,1,0
B,3,44,Random,Delete-flood,59,17700,30767,89,0,0,1,1,0
B,3,44,Random,Delete-flood,60,18000,30776,89,0,0,1,1,0
B,3,44,Random,Delete-flood,61,18300,30790,89,0,0,1,1,0
B,3,44,Random,Delete-flood,62,18600,30797,89,0,0,1,1,0
B,3,44,Random,Delete-flood,63,18900,30815,89,0,0,1,1,0
B,3,44,Random,Delete-flood,64,19200,30823,89,0,0,1,1,0
B,3,44,Random,Delete-flood,65,19500,30835,89,0,0,1,1,0
B,3,44,Random,Delete-flood,66,19800,30849,89,0,0,1,1,0
B,3,44,Random,Delete-flood,67,20100,30863,89,0,0,1,1,0
B,3,44,Random,Delete-flood,68,20400,30882,89,0,0,1,1,0
B,3,44,Random,Delete-flood,69,20700,30886,89,0,0,1,1,0
B,3,44,Random,Delete-flood,70,21000,30898,89,0,0,1,1,0
B,3,44,Random,Delete-flood,71,21300,30913,89,0,0,1,1,0
B,3,44,Random,Delete-flood,72,21600,30929,89,0,0,1,1,0
B,3,44,Random,Delete-flood,73,21900,30947,89,0,0,1,1,0
B,3,44,Random,Delete-flood,74,22200,30970,89,0,0,1,1,0
B,3,44,Random,Delete-flood,75,22500,30986,89,0,0,1,1,0
B,3,44,Random,Delete-flood,76,22800,30995,89,0,0,1,1,0
B,3,44,Random,Delete-flood,77,23100,31009,89,0,0,1,1,0
B,3,44,Random,Delete-flood,78,23400,31015,89,0,0,1,1,0
B,3,44,Random,Delete-flood,79,23700,31020,89,0,0,1,1,0
B,3,44,Random,Delete-flood,80,24000,31028,89,0,0,1,1,0
B,3,44,Random,Delete-flood,81,24300,31052,89,0,0,1,1,0
B,3,44,Random,Delete-flood,82,24600,31072,89,0,0,1,1,0
B,3,44,Random,Delete-flood,83,24900,31082,89,0,0,1,1,0
B,3,44,Random,Delete-flood,84,25000,31088,89,0,0,1,1,0
B,3,44,Random,Write-heavy,1,300,30136,90,0,0,1,1,0
B,3,44,Random,Write-heavy,2,600,30299,90,0,0,1,1,0
B,3,44,Random,Write-heavy,3,900,30441,90,0,0,1,1,0
B,3,44,Random,Write-heavy,4,1200,30592,90,0,0,1,1,0
B,3,44,Random,Write-heavy,5,1500,30733,90,0,0,1,1,0
B,3,44,Random,Write-heavy,6,1800,30876,90,0,0,1,1,0
B,3,44,Random,Write-heavy,7,2100,31015,90,0,0,1,1,0
B,3,44,Random,Write-heavy,8,2400,31153,90,0,0,1,1,0
B,3,44,Random,Write-heavy,9,2700,31284,90,0,0,1,1,0
B,3,44,Random,Write-heavy,10,3000,31427,90,0,0,1,1,0
B,3,44,Random,Write-heavy,11,3300,31568,90,0,0,1,1,0
B,3,44,Random,Write-heavy,12,3600,31713,90,0,0,1,1,0
B,3,44,Random,Write-heavy,13,3900,31853,90,0,0,1,1,0
B,3,44,Random,Write-heavy,14,4200,32009,95,0,0,1,1,0
B,3,44,Random,Write-heavy,15,4500,32154,95,0,0,1,1,0
B,3,44,Random,Write-heavy,16,4800,32323,95,0,0,1,1,0
B,3,44,Random,Write-heavy,17,5100,32480,95,0,0,1,1,0
B,3,44,Random,Write-heavy,18,5400,32632,95,0,0,1,1,0
B,3,44,Random,Write-heavy,19,5700,32775,95,0,0,1,1,0
B,3,44,Random,Write-heavy,20,6000,32943,95,0,0,1,1,0
B,3,44,Random,Write-heavy,21,6300,33090,95,0,0,1,1,0
B,3,44,Random,Write-heavy,22,6600,33228,95,0,0,1,1,0
B,3,44,Random,Write-heavy,23,6900,33372,95,0,0,1,1,0
B,3,44,Random,Write-heavy,24,7200,33507,95,0,0,1,1,0
B,3,44,Random,Write-heavy,25,7500,33658,95,0,0,1,1,0
B,3,44,Random,Write-heavy,26,7800,33810,95,0,0,1,1,0
B,3,44,Random,Write-heavy,27,8100,33962,104,0,0,1,1,0
B,3,44,Random,Write-heavy,28,8400,34110,104,0,0,1,1,0
B,3,44,Random,Write-heavy,29,8700,34248,104,0,0,1,1,0
B,3,44,Random,Write-heavy,30,9000,34404,104,0,0,1,1,0
B,3,44,Random,Write-heavy,31,9300,34537,104,0,0,1,1,0
B,3,44,Random,Write-heavy,32,9600,34671,104,0,0,1,1,0
B,3,44,Random,Write-heavy,33,9900,34825,104,0,0,1,1,0
B,3,44,Random,Write-heavy,34,10200,34970,104,0,0,1,1,0
B,3,44,Random,Write-heavy,35,10500,35112,104,0,0,1,1,0
B,3,44,Random,Write-heavy,36,10800,35268,104,0,0,1,1,0
B,3,44,Random,Write-heavy,37,11100,35433,104,0,0,1,1,0
B,3,44,Random,Write-heavy,38,11400,35574,104,0,0,1,1,0
B,3,44,Random,Write-heavy,39,11700,35719,104,0,0,1,1,0
B,3,44,Random,Write-heavy,40,12000,35853,104,0,0,1,1,0
B,3,44,Random,Write-heavy,41,12300,36004,108,0,0,1,1,0
B,3,44,Random,Write-heavy,42,12600,36143,108,0,0,1,1,0
B,3,44,Random,Write-heavy,43,12900,36300,108,0,0,1,1,0
B,3,44,Random,Write-heavy,44,13200,36442,108,0,0,1,1,0
B,3,44,Random,Write-heavy,45,13500,36587,108,0,0,1,1,0
B,3,44,Random,Write-heavy,46,13800,36732,108,0,0,1,1,0
B,3,44,Random,Write-heavy,47,14100,36887,108,0,0,1,1,0
B,3,44,Random,Write-heavy,48,14400,37049,108,0,0,1,1,0
B,3,44,Random,Write-heavy,49,14700,37198,108,0,0,1,1,0
B,3,44,Random,Write-heavy,50,15000,37347,108,0,0,1,1,0
B,3,44,Random,Write-heavy,51,15300,37498,108,0,0,1,1,0
B,3,44,Random,Write-heavy,52,15600,37645,108,0,0,1,1,0
B,3,44,Random,Write-heavy,53,15900,37807,108,0,0,1,1,0
B,3,44,Random,Write-heavy,54,16200,37951,109,0,0,1,1,0
B,3,44,Random,Write-heavy,55,16500,38103,109,0,0,1,1,0
B,3,44,Random,Write-heavy,56,16800,38252,109,0,0,1,1,0
B,3,44,Random,Write-heavy,57,17100,38420,109,0,0,1,1,0
B,3,44,Random,Write-heavy,58,17400,38567,109,-1,-1,0,0,1
B,3,44,Random,Write-heavy,59,17700,38724,109,-1,-1,0,0,2
B,3,44,Random,Write-heavy,60,18000,38858,109,-1,-1,0,0,3
B,3,44,Random,Write-heavy,61,18300,39011,109,0,0,1,1,3
B,3,44,Random,Write-heavy,62,18600,39150,109,0,0,1,1,3
B,3,44,Random,Write-heavy,63,18900,39280,109,0,0,1,1,3
B,3,44,Random,Write-heavy,64,19200,39437,109,0,0,1,1,3
B,3,44,Random,Write-heavy,65,19500,39576,109,0,0,1,1,3
B,3,44,Random,Write-heavy,66,19800,39727,109,0,0,1,1,3
B,3,44,Random,Write-heavy,67,20100,39884,124,0,0,1,1,3
B,3,44,Random,Write-heavy,68,20400,40036,124,0,0,1,1,3
B,3,44,Random,Write-heavy,69,20700,40172,124,0,0,1,1,3
B,3,44,Random,Write-heavy,70,21000,40304,124,0,0,1,1,3
B,3,44,Random,Write-heavy,71,21300,40451,124,0,0,1,1,3
B,3,44,Random,Write-heavy,72,21600,40615,124,0,0,1,1,3
B,3,44,Random,Write-heavy,73,21900,40770,124,0,0,1,1,3
B,3,44,Random,Write-heavy,74,22200,40909,124,0,0,1,1,3
B,3,44,Random,Write-heavy,75,22500,41065,124,0,0,1,1,3
B,3,44,Random,Write-heavy,76,22800,41197,124,0,0,1,1,3
B,3,44,Random,Write-heavy,77,23100,41343,124,0,0,1,1,3
B,3,44,Random,Write-heavy,78,23400,41492,124,0,0,1,1,3
B,3,44,Random,Write-heavy,79,23700,41618,124,0,0,1,1,3
B,3,44,Random,Write-heavy,80,24000,41766,129,0,0,1,1,3
B,3,44,Random,Write-heavy,81,24300,41913,129,0,0,1,1,3
B,3,44,Random,Write-heavy,82,24600,42033,129,0,0,1,1,3
B,3,44,Random,Write-heavy,83,24900,42180,129,0,0,1,1,3
B,3,44,Random,Write-heavy,84,25000,42228,129,0,0,1,1,3
B,3,44,Sorted-asc,Balanced,1,300,30083,172,-1,-1,0,0,1
B,3,44,Sorted-asc,Balanced,2,600,30155,172,-1,-1,0,0,2
B,3,44,Sorted-asc,Balanced,3,900,30251,172,-1,-1,0,0,3
B,3,44,Sorted-asc,Balanced,4,1200,30322,172,0,0,1,1,3
B,3,44,Sorted-asc,Balanced,5,1500,30401,172,0,0,1,1,3
B,3,44,Sorted-asc,Balanced,6,1800,30482,172,0,0,1,1,3
B,3,44,Sorted-asc,Balanced,7,2100,30554,172,0,0,1,1,3
B,3,44,Sorted-asc,Balanced,8,2400,30630,172,0,0,1,1,3
B,3,44,Sorted-asc,Balanced,9,2700,30721,172,0,0,1,1,3
B,3,44,Sorted-asc,Balanced,10,3000,30806,172,0,0,1,1,3
B,3,44,Sorted-asc,Balanced,11,3300,30872,172,0,0,1,1,3
B,3,44,Sorted-asc,Balanced,12,3600,30951,172,0,0,1,1,3
B,3,44,Sorted-asc,Balanced,13,3900,31035,172,0,0,1,1,3
B,3,44,Sorted-asc,Balanced,14,4200,31106,172,0,0,1,1,3
B,3,44,Sorted-asc,Balanced,15,4500,31188,172,0,0,1,1,3
B,3,44,Sorted-asc,Balanced,16,4800,31261,172,0,0,1,1,3
B,3,44,Sorted-asc,Balanced,17,5100,31343,172,0,0,1,1,3
B,3,44,Sorted-asc,Balanced,18,5400,31428,172,0,0,1,1,3
B,3,44,Sorted-asc,Balanced,19,5700,31507,172,0,0,1,1,3
B,3,44,Sorted-asc,Balanced,20,6000,31585,172,0,0,1,1,3
B,3,44,Sorted-asc,Balanced,21,6300,31672,182,0,0,1,1,3
B,3,44,Sorted-asc,Balanced,22,6600,31760,182,0,0,1,1,3
B,3,44,Sorted-asc,Balanced,23,6900,31834,182,0,0,1,1,3
B,3,44,Sorted-asc,Balanced,24,7200,31895,182,0,0,1,1,3
B,3,44,Sorted-asc,Balanced,25,7500,31970,182,0,0,1,1,3
B,3,44,Sorted-asc,Balanced,26,7800,32057,182,0,0,1,1,3
B,3,44,Sorted-asc,Balanced,27,8100,32136,182,0,0,1,1,3
B,3,44,Sorted-asc,Balanced,28,8400,32225,182,0,0,1,1,3
B,3,44,Sorted-asc,Balanced,29,8700,32315,182,0,0,1,1,3
B,3,44,Sorted-asc,Balanced,30,9000,32379,182,0,0,1,1,3
B,3,44,Sorted-asc,Balanced,31,9300,32458,182,0,0,1,1,3
B,3,44,Sorted-asc,Balanced,32,9600,32539,182,0,0,1,1,3
B,3,44,Sorted-asc,Balanced,33,9900,32614,182,0,0,1,1,3
B,3,44,Sorted-asc,Balanced,34,10200,32685,182,0,0,1,1,3
B,3,44,Sorted-asc,Balanced,35,10500,32759,182,0,0,1,1,3
B,3,44,Sorted-asc,Balanced,36,10800,32832,182,0,0,1,1,3
B,3,44,Sorted-asc,Balanced,37,11100,32916,182,0,0,1,1,3
B,3,44,Sorted-asc,Balanced,38,11400,33010,182,0,0,1,1,3
B,3,44,Sorted-asc,Balanced,39,11700,33091,182,0,0,1,1,3
B,3,44,Sorted-asc,Balanced,40,12000,33171,182,-1,-1,0,0,4
B,3,44,Sorted-asc,Balanced,41,12300,33257,188,0,0,1,1,4
B,3,44,Sorted-asc,Balanced,42,12600,33342,188,0,0,1,1,4
B,3,44,Sorted-asc,Balanced,43,12900,33427,188,0,0,1,1,4
B,3,44,Sorted-asc,Balanced,44,13200,33490,188,0,0,1,1,4
B,3,44,Sorted-asc,Balanced,45,13500,33571,188,0,0,1,1,4
B,3,44,Sorted-asc,Balanced,46,13800,33656,188,0,0,1,1,4
B,3,44,Sorted-asc,Balanced,47,14100,33737,188,0,0,1,1,4
B,3,44,Sorted-asc,Balanced,48,14400,33826,188,0,0,1,1,4
B,3,44,Sorted-asc,Balanced,49,14700,33896,188,0,0,1,1,4
B,3,44,Sorted-asc,Balanced,50,15000,33967,188,0,0,1,1,4
B,3,44,Sorted-asc,Balanced,51,15300,34026,188,0,0,1,1,4
B,3,44,Sorted-asc,Balanced,52,15600,34104,188,0,0,1,1,4
B,3,44,Sorted-asc,Balanced,53,15900,34191,188,0,0,1,1,4
B,3,44,Sorted-asc,Balanced,54,16200,34267,188,0,0,1,1,4
B,3,44,Sorted-asc,Balanced,55,16500,34341,188,0,0,1,1,4
B,3,44,Sorted-asc,Balanced,56,16800,34413,188,0,0,1,1,4
B,3,44,Sorted-asc,Balanced,57,17100,34500,188,0,0,1,1,4
B,3,44,Sorted-asc,Balanced,58,17400,34576,188,0,0,1,1,4
B,3,44,Sorted-asc,Balanced,59,17700,34653,188,0,0,1,1,4
B,3,44,Sorted-asc,Balanced,60,18000,34725,188,0,0,1,1,4
B,3,44,Sorted-asc,Balanced,61,18300,34820,193,0,0,1,1,4
B,3,44,Sorted-asc,Balanced,62,18600,34903,193,0,0,1,1,4
B,3,44,Sorted-asc,Balanced,63,18900,34989,193,0,0,1,1,4
B,3,44,Sorted-asc,Balanced,64,19200,35063,193,0,0,1,1,4
B,3,44,Sorted-asc,Balanced,65,19500,35130,193,0,0,1,1,4
B,3,44,Sorted-asc,Balanced,66,19800,35226,193,0,0,1,1,4
B,3,44,Sorted-asc,Balanced,67,20100,35301,193,0,0,1,1,4
B,3,44,Sorted-asc,Balanced,68,20400,35374,193,0,0,1,1,4
B,3,44,Sorted-asc,Balanced,69,20700,35463,193,0,0,1,1,4
B,3,44,Sorted-asc,Balanced,70,21000,35541,193,0,0,1,1,4
B,3,44,Sorted-asc,Balanced,71,21300,35618,193,0,0,1,1,4
B,3,44,Sorted-asc,Balanced,72,21600,35695,193,0,0,1,1,4
B,3,44,Sorted-asc,Balanced,73,21900,35767,193,0,0,1,1,4
B,3,44,Sorted-asc,Balanced,74,22200,35845,193,0,0,1,1,4
B,3,44,Sorted-asc,Balanced,75,22500,35923,193,0,0,1,1,4
B,3,44,Sorted-asc,Balanced,76,22800,36011,193,0,0,1,1,4
B,3,44,Sorted-asc,Balanced,77,23100,36090,193,0,0,1,1,4
B,3,44,Sorted-asc,Balanced,78,23400,36171,193,0,0,1,1,4
B,3,44,Sorted-asc,Balanced,79,23700,36240,193,0,0,1,1,4
B,3,44,Sorted-asc,Balanced,80,24000,36323,193,0,0,1,1,4
B,3,44,Sorted-asc,Balanced,81,24300,36388,193,0,0,1,1,4
B,3,44,Sorted-asc,Balanced,82,24600,36475,198,-1,-1,0,0,5
B,3,44,Sorted-asc,Balanced,83,24900,36556,198,-1,-1,0,0,6
B,3,44,Sorted-asc,Balanced,84,25000,36576,198,-1,-1,0,0,7
B,3,44,Sorted-asc,Insert-flood,1,300,30250,172,-1,-1,0,0,1
B,3,44,Sorted-asc,Insert-flood,2,600,30510,172,0,0,1,1,1
B,3,44,Sorted-asc,Insert-flood,3,900,30768,172,0,0,1,1,1
B,3,44,Sorted-asc,Insert-flood,4,1200,31026,172,0,0,1,1,1
B,3,44,Sorted-asc,Insert-flood,5,1500,31289,172,0,0,1,1,1
B,3,44,Sorted-asc,Insert-flood,6,1800,31542,172,0,0,1,1,1
B,3,44,Sorted-asc,Insert-flood,7,2100,31802,172,0,0,1,1,1
B,3,44,Sorted-asc,Insert-flood,8,2400,32055,183,0,0,1,1,1
B,3,44,Sorted-asc,Insert-flood,9,2700,32320,183,0,0,1,1,1
B,3,44,Sorted-asc,Insert-flood,10,3000,32585,183,0,0,1,1,1
B,3,44,Sorted-asc,Insert-flood,11,3300,32844,183,0,0,1,1,1
B,3,44,Sorted-asc,Insert-flood,12,3600,33106,183,0,0,1,1,1
B,3,44,Sorted-asc,Insert-flood,13,3900,33367,183,0,0,1,1,1
B,3,44,Sorted-asc,Insert-flood,14,4200,33622,183,0,0,1,1,1
B,3,44,Sorted-asc,Insert-flood,15,4500,33877,183,0,0,1,1,1
B,3,44,Sorted-asc,Insert-flood,16,4800,34139,189,0,0,1,1,1
B,3,44,Sorted-asc,Insert-flood,17,5100,34406,189,0,0,1,1,1
B,3,44,Sorted-asc,Insert-flood,18,5400,34669,189,0,0,1,1,1
B,3,44,Sorted-asc,Insert-flood,19,5700,34923,189,0,0,1,1,1
B,3,44,Sorted-asc,Insert-flood,20,6000,35187,189,0,0,1,1,1
B,3,44,Sorted-asc,Insert-flood,21,6300,35442,189,0,0,1,1,1
B,3,44,Sorted-asc,Insert-flood,22,6600,35707,189,0,0,1,1,1
B,3,44,Sorted-asc,Insert-flood,23,6900,35971,189,0,0,1,1,1
B,3,44,Sorted-asc,Insert-flood,24,7200,36237,192,-1,-1,0,0,2
B,3,44,Sorted-asc,Insert-flood,25,7500,36495,192,0,0,1,1,2
B,3,44,Sorted-asc,Insert-flood,26,7800,36752,192,0,0,1,1,2
B,3,44,Sorted-asc,Insert-flood,27,8100,37012,192,0,0,1,1,2
B,3,44,Sorted-asc,Insert-flood,28,8400,37274,192,0,0,1,1,2
B,3,44,Sorted-asc,Insert-flood,29,8700,37535,192,0,0,1,1,2
B,3,44,Sorted-asc,Insert-flood,30,9000,37801,192,0,0,1,1,2
B,3,44,Sorted-asc,Insert-flood,31,9300,38053,194,0,0,1,1,2
B,3,44,Sorted-asc,Insert-flood,32,9600,38307,194,-1,-1,0,0,3
B,3,44,Sorted-asc,Insert-flood,33,9900,38557,194,0,0,1,1,3
B,3,44,Sorted-asc,Insert-flood,34,10200,38824,194,0,0,1,1,3
B,3,44,Sorted-asc,Insert-flood,35,10500,39078,194,0,0,1,1,3
B,3,44,Sorted-asc,Insert-flood,36,10800,39339,194,0,0,1,1,3
B,3,44,Sorted-asc,Insert-flood,37,11100,39607,194,0,0,1,1,3
B,3,44,Sorted-asc,Insert-flood,38,11400,39871,194,0,0,1,1,3
B,3,44,Sorted-asc,Insert-flood,39,11700,40125,194,-1,-1,0,0,4
B,3,44,Sorted-asc,Insert-flood,40,12000,40379,194,0,0,1,1,4
B,3,44,Sorted-asc,Insert-flood,41,12300,40631,194,-1,-1,0,0,5
B,3,44,Sorted-asc,Insert-flood,42,12600,40894,194,0,0,1,1,5
B,3,44,Sorted-asc,Insert-flood,43,12900,41156,194,0,0,1,1,5
B,3,44,Sorted-asc,Insert-flood,44,13200,41421,194,0,0,1,1,5
B,3,44,Sorted-asc,Insert-flood,45,13500,41686,194,0,0,1,1,5
B,3,44,Sorted-asc,Insert-flood,46,13800,41937,194,0,0,1,1,5
B,3,44,Sorted-asc,Insert-flood,47,14100,42195,195,0,0,1,1,5
B,3,44,Sorted-asc,Insert-flood,48,14400,42442,195,0,0,1,1,5
B,3,44,Sorted-asc,Insert-flood,49,14700,42691,195,0,0,1,1,5
B,3,44,Sorted-asc,Insert-flood,50,15000,42961,195,0,0,1,1,5
B,3,44,Sorted-asc,Insert-flood,51,15300,43221,195,0,0,1,1,5
B,3,44,Sorted-asc,Insert-flood,52,15600,43479,195,0,0,1,1,5
B,3,44,Sorted-asc,Insert-flood,53,15900,43730,195,0,0,1,1,5
B,3,44,Sorted-asc,Insert-flood,54,16200,43989,195,0,0,1,1,5
B,3,44,Sorted-asc,Insert-flood,55,16500,44260,195,-1,-1,0,0,6
B,3,44,Sorted-asc,Insert-flood,56,16800,44529,195,0,0,1,1,6
B,3,44,Sorted-asc,Insert-flood,57,17100,44802,195,0,0,1,1,6
B,3,44,Sorted-asc,Insert-flood,58,17400,45060,195,0,0,1,1,6
B,3,44,Sorted-asc,Insert-flood,59,17700,45324,195,0,0,1,1,6
B,3,44,Sorted-asc,Insert-flood,60,18000,45594,195,0,0,1,1,6
B,3,44,Sorted-asc,Insert-flood,61,18300,45852,195,0,0,1,1,6
B,3,44,Sorted-asc,Insert-flood,62,18600,46115,208,0,0,1,1,6
B,3,44,Sorted-asc,Insert-flood,63,18900,46378,208,0,0,1,1,6
B,3,44,Sorted-asc,Insert-flood,64,19200,46642,208,0,0,1,1,6
B,3,44,Sorted-asc,Insert-flood,65,19500,46898,208,0,0,1,1,6
B,3,44,Sorted-asc,Insert-flood,66,19800,47161,208,0,0,1,1,6
B,3,44,Sorted-asc,Insert-flood,67,20100,47433,208,0,0,1,1,6
B,3,44,Sorted-asc,Insert-flood,68,20400,47697,208,0,0,1,1,6
B,3,44,Sorted-asc,Insert-flood,69,20700,47966,208,0,0,1,1,6
B,3,44,Sorted-asc,Insert-flood,70,21000,48229,217,0,0,1,1,6
B,3,44,Sorted-asc,Insert-flood,71,21300,48485,217,0,0,1,1,6
B,3,44,Sorted-asc,Insert-flood,72,21600,48746,217,0,0,1,1,6
B,3,44,Sorted-asc,Insert-flood,73,21900,49008,217,0,0,1,1,6
B,3,44,Sorted-asc,Insert-flood,74,22200,49270,217,0,0,1,1,6
B,3,44,Sorted-asc,Insert-flood,75,22500,49525,217,0,0,1,1,6
B,3,44,Sorted-asc,Insert-flood,76,22800,49798,217,0,0,1,1,6
B,3,44,Sorted-asc,Insert-flood,77,23100,50067,222,0,0,1,1,6
B,3,44,Sorted-asc,Insert-flood,78,23400,50334,222,0,0,1,1,6
B,3,44,Sorted-asc,Insert-flood,79,23700,50594,222,0,0,1,1,6
B,3,44,Sorted-asc,Insert-flood,80,24000,50853,222,0,0,1,1,6
B,3,44,Sorted-asc,Insert-flood,81,24300,51116,222,0,0,1,1,6
B,3,44,Sorted-asc,Insert-flood,82,24600,51369,222,0,0,1,1,6
B,3,44,Sorted-asc,Insert-flood,83,24900,51626,222,0,0,1,1,6
B,3,44,Sorted-asc,Insert-flood,84,25000,51715,222,0,0,1,1,6
B,3,44,Sorted-asc,Delete-flood,1,300,29978,172,0,0,1,1,0
B,3,44,Sorted-asc,Delete-flood,2,600,29958,172,0,0,1,1,0
B,3,44,Sorted-asc,Delete-flood,3,900,29939,172,0,0,1,1,0
B,3,44,Sorted-asc,Delete-flood,4,1200,29917,172,-1,-1,0,0,1
B,3,44,Sorted-asc,Delete-flood,5,1500,29896,172,-1,-1,0,0,2
B,3,44,Sorted-asc,Delete-flood,6,1800,29888,172,-1,-1,0,0,3
B,3,44,Sorted-asc,Delete-flood,7,2100,29890,172,-1,-1,0,0,4
B,3,44,Sorted-asc,Delete-flood,8,2400,29877,172,-1,-1,0,0,5
B,3,44,Sorted-asc,Delete-flood,9,2700,29861,172,0,0,1,1,5
B,3,44,Sorted-asc,Delete-flood,10,3000,29845,172,0,0,1,1,5
B,3,44,Sorted-asc,Delete-flood,11,3300,29822,172,0,0,1,1,5
B,3,44,Sorted-asc,Delete-flood,12,3600,29811,172,0,0,1,1,5
B,3,44,Sorted-asc,Delete-flood,13,3900,29800,172,0,0,1,1,5
B,3,44,Sorted-asc,Delete-flood,14,4200,29774,172,0,0,1,1,5
B,3,44,Sorted-asc,Delete-flood,15,4500,29751,172,0,0,1,1,5
B,3,44,Sorted-asc,Delete-flood,16,4800,29746,172,-1,-1,0,0,6
B,3,44,Sorted-asc,Delete-flood,17,5100,29717,172,-1,-1,0,0,7
B,3,44,Sorted-asc,Delete-flood,18,5400,29699,172,-1,-1,0,0,8
B,3,44,Sorted-asc,Delete-flood,19,5700,29689,172,-1,-1,0,0,9
B,3,44,Sorted-asc,Delete-flood,20,6000,29688,172,-1,-1,0,0,10
B,3,44,Sorted-asc,Delete-flood,21,6300,29674,172,-1,-1,0,0,11
B,3,44,Sorted-asc,Delete-flood,22,6600,29667,172,-1,-1,0,0,12
B,3,44,Sorted-asc,Delete-flood,23,6900,29649,172,0,0,1,1,12
B,3,44,Sorted-asc,Delete-flood,24,7200,29636,172,0,0,1,1,12
B,3,44,Sorted-asc,Delete-flood,25,7500,29621,172,0,0,1,1,12
B,3,44,Sorted-asc,Delete-flood,26,7800,29610,172,0,0,1,1,12
B,3,44,Sorted-asc,Delete-flood,27,8100,29586,172,0,0,1,1,12
B,3,44,Sorted-asc,Delete-flood,28,8400,29576,172,0,0,1,1,12
B,3,44,Sorted-asc,Delete-flood,29,8700,29559,172,0,0,1,1,12
B,3,44,Sorted-asc,Delete-flood,30,9000,29559,172,0,0,1,1,12
B,3,44,Sorted-asc,Delete-flood,31,9300,29546,172,0,0,1,1,12
B,3,44,Sorted-asc,Delete-flood,32,9600,29541,172,0,0,1,1,12
B,3,44,Sorted-asc,Delete-flood,33,9900,29520,172,0,0,1,1,12
B,3,44,Sorted-asc,Delete-flood,34,10200,29510,172,0,0,1,1,12
B,3,44,Sorted-asc,Delete-flood,35,10500,29484,172,0,0,1,1,12
B,3,44,Sorted-asc,Delete-flood,36,10800,29485,172,0,0,1,1,12
B,3,44,Sorted-asc,Delete-flood,37,11100,29467,172,0,0,1,1,12
B,3,44,Sorted-asc,Delete-flood,38,11400,29444,172,0,0,1,1,12
B,3,44,Sorted-asc,Delete-flood,39,11700,29438,172,0,0,1,1,12
B,3,44,Sorted-asc,Delete-flood,40,12000,29425,172,0,0,1,1,12
B,3,44,Sorted-asc,Delete-flood,41,12300,29416,172,0,0,1,1,12
B,3,44,Sorted-asc,Delete-flood,42,12600,29394,172,0,0,1,1,12
B,3,44,Sorted-asc,Delete-flood,43,12900,29394,172,0,0,1,1,12
B,3,44,Sorted-asc,Delete-flood,44,13200,29378,172,0,0,1,1,12
B,3,44,Sorted-asc,Delete-flood,45,13500,29361,172,0,0,1,1,12
B,3,44,Sorted-asc,Delete-flood,46,13800,29332,172,0,0,1,1,12
B,3,44,Sorted-asc,Delete-flood,47,14100,29322,172,0,0,1,1,12
B,3,44,Sorted-asc,Delete-flood,48,14400,29318,172,0,0,1,1,12
B,3,44,Sorted-asc,Delete-flood,49,14700,29303,176,0,0,1,1,12
B,3,44,Sorted-asc,Delete-flood,50,15000,29286,176,0,0,1,1,12
B,3,44,Sorted-asc,Delete-flood,51,15300,29281,176,0,0,1,1,12
B,3,44,Sorted-asc,Delete-flood,52,15600,29282,176,0,0,1,1,12
B,3,44,Sorted-asc,Delete-flood,53,15900,29269,176,0,0,1,1,12
B,3,44,Sorted-asc,Delete-flood,54,16200,29262,176,0,0,1,1,12
B,3,44,Sorted-asc,Delete-flood,55,16500,29263,176,0,0,1,1,12
B,3,44,Sorted-asc,Delete-flood,56,16800,29250,176,0,0,1,1,12
B,3,44,Sorted-asc,Delete-flood,57,17100,29243,176,0,0,1,1,12
B,3,44,Sorted-asc,Delete-flood,58,17400,29227,176,0,0,1,1,12
B,3,44,Sorted-asc,Delete-flood,59,17700,29214,176,0,0,1,1,12
B,3,44,Sorted-asc,Delete-flood,60,18000,29188,176,0,0,1,1,12
B,3,44,Sorted-asc,Delete-flood,61,18300,29173,176,0,0,1,1,12
B,3,44,Sorted-asc,Delete-flood,62,18600,29166,176,0,0,1,1,12
B,3,44,Sorted-asc,Delete-flood,63,18900,29150,176,0,0,1,1,12
B,3,44,Sorted-asc,Delete-flood,64,19200,29137,176,0,0,1,1,12
B,3,44,Sorted-asc,Delete-flood,65,19500,29126,176,0,0,1,1,12
B,3,44,Sorted-asc,Delete-flood,66,19800,29106,176,0,0,1,1,12
B,3,44,Sorted-asc,Delete-flood,67,20100,29094,176,0,0,1,1,12
B,3,44,Sorted-asc,Delete-flood,68,20400,29071,176,0,0,1,1,12
B,3,44,Sorted-asc,Delete-flood,69,20700,29054,176,0,0,1,1,12
B,3,44,Sorted-asc,Delete-flood,70,21000,29039,176,0,0,1,1,12
B,3,44,Sorted-asc,Delete-flood,71,21300,29032,176,0,0,1,1,12
B,3,44,Sorted-asc,Delete-flood,72,21600,29014,176,0,0,1,1,12
B,3,44,Sorted-asc,Delete-flood,73,21900,28991,176,0,0,1,1,12
B,3,44,Sorted-asc,Delete-flood,74,22200,28967,176,0,0,1,1,12
B,3,44,Sorted-asc,Delete-flood,75,22500,28957,176,0,0,1,1,12
B,3,44,Sorted-asc,Delete-flood,76,22800,28944,176,0,0,1,1,12
B,3,44,Sorted-asc,Delete-flood,77,23100,28934,176,0,0,1,1,12
B,3,44,Sorted-asc,Delete-flood,78,23400,28921,176,0,0,1,1,12
B,3,44,Sorted-asc,Delete-flood,79,23700,28912,176,0,0,1,1,12
B,3,44,Sorted-asc,Delete-flood,80,24000,28904,176,0,0,1,1,12
B,3,44,Sorted-asc,Delete-flood,81,24300,28889,176,0,0,1,1,12
B,3,44,Sorted-asc,Delete-flood,82,24600,28876,176,0,0,1,1,12
B,3,44,Sorted-asc,Delete-flood,83,24900,28866,176,0,0,1,1,12
B,3,44,Sorted-asc,Delete-flood,84,25000,28863,176,0,0,1,1,12
B,3,44,Sorted-asc,Write-heavy,1,300,30131,172,-1,-1,0,0,1
B,3,44,Sorted-asc,Write-heavy,2,600,30247,172,-1,-1,0,0,2
B,3,44,Sorted-asc,Write-heavy,3,900,30388,172,0,0,1,1,2
B,3,44,Sorted-asc,Write-heavy,4,1200,30504,172,0,0,1,1,2
B,3,44,Sorted-asc,Write-heavy,5,1500,30641,172,0,0,1,1,2
B,3,44,Sorted-asc,Write-heavy,6,1800,30761,172,0,0,1,1,2
B,3,44,Sorted-asc,Write-heavy,7,2100,30872,172,0,0,1,1,2
B,3,44,Sorted-asc,Write-heavy,8,2400,31015,172,0,0,1,1,2
B,3,44,Sorted-asc,Write-heavy,9,2700,31136,172,0,0,1,1,2
B,3,44,Sorted-asc,Write-heavy,10,3000,31262,172,0,0,1,1,2
B,3,44,Sorted-asc,Write-heavy,11,3300,31380,172,0,0,1,1,2
B,3,44,Sorted-asc,Write-heavy,12,3600,31494,172,0,0,1,1,2
B,3,44,Sorted-asc,Write-heavy,13,3900,31622,172,0,0,1,1,2
B,3,44,Sorted-asc,Write-heavy,14,4200,31739,182,0,0,1,1,2
B,3,44,Sorted-asc,Write-heavy,15,4500,31860,182,0,0,1,1,2
B,3,44,Sorted-asc,Write-heavy,16,4800,31966,182,0,0,1,1,2
B,3,44,Sorted-asc,Write-heavy,17,5100,32095,182,0,0,1,1,2
B,3,44,Sorted-asc,Write-heavy,18,5400,32224,182,0,0,1,1,2
B,3,44,Sorted-asc,Write-heavy,19,5700,32341,182,0,0,1,1,2
B,3,44,Sorted-asc,Write-heavy,20,6000,32457,182,0,0,1,1,2
B,3,44,Sorted-asc,Write-heavy,21,6300,32562,182,0,0,1,1,2
B,3,44,Sorted-asc,Write-heavy,22,6600,32700,182,0,0,1,1,2
B,3,44,Sorted-asc,Write-heavy,23,6900,32813,182,0,0,1,1,2
B,3,44,Sorted-asc,Write-heavy,24,7200,32926,182,0,0,1,1,2
B,3,44,Sorted-asc,Write-heavy,25,7500,33063,182,0,0,1,1,2
B,3,44,Sorted-asc,Write-heavy,26,7800,33186,182,0,0,1,1,2
B,3,44,Sorted-asc,Write-heavy,27,8100,33304,182,0,0,1,1,2
B,3,44,Sorted-asc,Write-heavy,28,8400,33428,189,0,0,1,1,2
B,3,44,Sorted-asc,Write-heavy,29,8700,33539,189,0,0,1,1,2
B,3,44,Sorted-asc,Write-heavy,30,9000,33661,189,0,0,1,1,2
B,3,44,Sorted-asc,Write-heavy,31,9300,33761,189,0,0,1,1,2
B,3,44,Sorted-asc,Write-heavy,32,9600,33896,189,0,0,1,1,2
B,3,44,Sorted-asc,Write-heavy,33,9900,34001,189,0,0,1,1,2
B,3,44,Sorted-asc,Write-heavy,34,10200,34112,189,0,0,1,1,2
B,3,44,Sorted-asc,Write-heavy,35,10500,34262,189,0,0,1,1,2
B,3,44,Sorted-asc,Write-heavy,36,10800,34377,189,0,0,1,1,2
B,3,44,Sorted-asc,Write-heavy,37,11100,34490,189,0,0,1,1,2
B,3,44,Sorted-asc,Write-heavy,38,11400,34602,189,0,0,1,1,2
B,3,44,Sorted-asc,Write-heavy,39,11700,34726,189,0,0,1,1,2
B,3,44,Sorted-asc,Write-heavy,40,12000,34845,189,0,0,1,1,2
B,3,44,Sorted-asc,Write-heavy,41,12300,34969,189,0,0,1,1,2
B,3,44,Sorted-asc,Write-heavy,42,12600,35093,191,0,0,1,1,2
B,3,44,Sorted-asc,Write-heavy,43,12900,35206,191,0,0,1,1,2
B,3,44,Sorted-asc,Write-heavy,44,13200,35324,191,0,0,1,1,2
B,3,44,Sorted-asc,Write-heavy,45,13500,35451,191,0,0,1,1,2
B,3,44,Sorted-asc,Write-heavy,46,13800,35564,191,0,0,1,1,2
B,3,44,Sorted-asc,Write-heavy,47,14100,35687,191,0,0,1,1,2
B,3,44,Sorted-asc,Write-heavy,48,14400,35821,191,0,0,1,1,2
B,3,44,Sorted-asc,Write-heavy,49,14700,35934,191,0,0,1,1,2
B,3,44,Sorted-asc,Write-heavy,50,15000,36049,191,0,0,1,1,2
B,3,44,Sorted-asc,Write-heavy,51,15300,36166,191,0,0,1,1,2
B,3,44,Sorted-asc,Write-heavy,52,15600,36299,191,0,0,1,1,2
B,3,44,Sorted-asc,Write-heavy,53,15900,36416,191,0,0,1,1,2
B,3,44,Sorted-asc,Write-heavy,54,16200,36521,191,-1,-1,0,0,3
B,3,44,Sorted-asc,Write-heavy,55,16500,36651,191,-1,-1,0,0,4
B,3,44,Sorted-asc,Write-heavy,56,16800,36767,198,-1,-1,0,0,5
B,3,44,Sorted-asc,Write-heavy,57,17100,36905,198,-1,-1,0,0,6
B,3,44,Sorted-asc,Write-heavy,58,17400,37020,198,-1,-1,0,0,7
B,3,44,Sorted-asc,Write-heavy,59,17700,37150,198,-1,-1,0,0,8
B,3,44,Sorted-asc,Write-heavy,60,18000,37290,198,-1,-1,0,0,9
B,3,44,Sorted-asc,Write-heavy,61,18300,37419,198,-1,-1,0,0,10
B,3,44,Sorted-asc,Write-heavy,62,18600,37536,198,-1,-1,0,0,11
B,3,44,Sorted-asc,Write-heavy,63,18900,37663,198,-1,-1,0,0,12
B,3,44,Sorted-asc,Write-heavy,64,19200,37779,198,-1,-1,0,0,13
B,3,44,Sorted-asc,Write-heavy,65,19500,37909,198,-1,-1,0,0,14
B,3,44,Sorted-asc,Write-heavy,66,19800,38024,198,-1,-1,0,0,15
B,3,44,Sorted-asc,Write-heavy,67,20100,38152,198,-1,-1,0,0,16
B,3,44,Sorted-asc,Write-heavy,68,20400,38277,198,-1,-1,0,0,17
B,3,44,Sorted-asc,Write-heavy,69,20700,38412,200,0,0,1,1,17
B,3,44,Sorted-asc,Write-heavy,70,21000,38526,200,-1,-1,0,0,18
B,3,44,Sorted-asc,Write-heavy,71,21300,38650,200,0,0,1,1,18
B,3,44,Sorted-asc,Write-heavy,72,21600,38774,200,0,0,1,1,18
B,3,44,Sorted-asc,Write-heavy,73,21900,38899,200,0,0,1,1,18
B,3,44,Sorted-asc,Write-heavy,74,22200,39034,200,0,0,1,1,18
B,3,44,Sorted-asc,Write-heavy,75,22500,39148,200,0,0,1,1,18
B,3,44,Sorted-asc,Write-heavy,76,22800,39253,200,0,0,1,1,18
B,3,44,Sorted-asc,Write-heavy,77,23100,39360,200,-1,-1,0,0,19
B,3,44,Sorted-asc,Write-heavy,78,23400,39494,200,0,0,1,1,19
B,3,44,Sorted-asc,Write-heavy,79,23700,39626,200,0,0,1,1,19
B,3,44,Sorted-asc,Write-heavy,80,24000,39741,200,0,0,1,1,19
B,3,44,Sorted-asc,Write-heavy,81,24300,39860,200,0,0,1,1,19
B,3,44,Sorted-asc,Write-heavy,82,24600,39968,200,0,0,1,1,19
B,3,44,Sorted-asc,Write-heavy,83,24900,40074,202,0,0,1,1,19
B,3,44,Sorted-asc,Write-heavy,84,25000,40116,202,0,0,1,1,19
B,3,44,Sorted-desc,Balanced,1,300,30073,180,-1,-1,0,0,1
B,3,44,Sorted-desc,Balanced,2,600,30144,180,-1,-1,0,0,2
B,3,44,Sorted-desc,Balanced,3,900,30228,180,-1,-1,0,0,3
B,3,44,Sorted-desc,Balanced,4,1200,30296,180,0,0,1,1,3
B,3,44,Sorted-desc,Balanced,5,1500,30377,180,0,0,1,1,3
B,3,44,Sorted-desc,Balanced,6,1800,30451,180,0,0,1,1,3
B,3,44,Sorted-desc,Balanced,7,2100,30537,180,0,0,1,1,3
B,3,44,Sorted-desc,Balanced,8,2400,30611,180,0,0,1,1,3
B,3,44,Sorted-desc,Balanced,9,2700,30695,180,0,0,1,1,3
B,3,44,Sorted-desc,Balanced,10,3000,30767,180,0,0,1,1,3
B,3,44,Sorted-desc,Balanced,11,3300,30839,180,0,0,1,1,3
B,3,44,Sorted-desc,Balanced,12,3600,30923,180,0,0,1,1,3
B,3,44,Sorted-desc,Balanced,13,3900,30994,180,0,0,1,1,3
B,3,44,Sorted-desc,Balanced,14,4200,31078,180,0,0,1,1,3
B,3,44,Sorted-desc,Balanced,15,4500,31145,180,0,0,1,1,3
B,3,44,Sorted-desc,Balanced,16,4800,31222,180,0,0,1,1,3
B,3,44,Sorted-desc,Balanced,17,5100,31315,180,0,0,1,1,3
B,3,44,Sorted-desc,Balanced,18,5400,31376,180,0,0,1,1,3
B,3,44,Sorted-desc,Balanced,19,5700,31456,180,0,0,1,1,3
B,3,44,Sorted-desc,Balanced,20,6000,31523,180,0,0,1,1,3
B,3,44,Sorted-desc,Balanced,21,6300,31606,190,0,0,1,1,3
B,3,44,Sorted-desc,Balanced,22,6600,31682,190,0,0,1,1,3
B,3,44,Sorted-desc,Balanced,23,6900,31749,190,0,0,1,1,3
B,3,44,Sorted-desc,Balanced,24,7200,31837,190,0,0,1,1,3
B,3,44,Sorted-desc,Balanced,25,7500,31923,190,0,0,1,1,3
B,3,44,Sorted-desc,Balanced,26,7800,31987,190,0,0,1,1,3
B,3,44,Sorted-desc,Balanced,27,8100,32079,190,0,0,1,1,3
B,3,44,Sorted-desc,Balanced,28,8400,32155,190,0,0,1,1,3
B,3,44,Sorted-desc,Balanced,29,8700,32228,190,0,0,1,1,3
B,3,44,Sorted-desc,Balanced,30,9000,32299,190,0,0,1,1,3
B,3,44,Sorted-desc,Balanced,31,9300,32374,190,0,0,1,1,3
B,3,44,Sorted-desc,Balanced,32,9600,32457,190,0,0,1,1,3
B,3,44,Sorted-desc,Balanced,33,9900,32550,190,0,0,1,1,3
B,3,44,Sorted-desc,Balanced,34,10200,32623,190,0,0,1,1,3
B,3,44,Sorted-desc,Balanced,35,10500,32703,190,0,0,1,1,3
B,3,44,Sorted-desc,Balanced,36,10800,32770,190,0,0,1,1,3
B,3,44,Sorted-desc,Balanced,37,11100,32851,190,0,0,1,1,3
B,3,44,Sorted-desc,Balanced,38,11400,32932,190,0,0,1,1,3
B,3,44,Sorted-desc,Balanced,39,11700,33008,190,0,0,1,1,3
B,3,44,Sorted-desc,Balanced,40,12000,33085,190,0,0,1,1,3
B,3,44,Sorted-desc,Balanced,41,12300,33158,194,0,0,1,1,3
B,3,44,Sorted-desc,Balanced,42,12600,33243,194,0,0,1,1,3
B,3,44,Sorted-desc,Balanced,43,12900,33301,194,0,0,1,1,3
B,3,44,Sorted-desc,Balanced,44,13200,33380,194,0,0,1,1,3
B,3,44,Sorted-desc,Balanced,45,13500,33469,194,0,0,1,1,3
B,3,44,Sorted-desc,Balanced,46,13800,33557,194,0,0,1,1,3
B,3,44,Sorted-desc,Balanced,47,14100,33634,194,0,0,1,1,3
B,3,44,Sorted-desc,Balanced,48,14400,33708,194,0,0,1,1,3
B,3,44,Sorted-desc,Balanced,49,14700,33770,194,0,0,1,1,3
B,3,44,Sorted-desc,Balanced,50,15000,33846,194,0,0,1,1,3
B,3,44,Sorted-desc,Balanced,51,15300,33927,194,0,0,1,1,3
B,3,44,Sorted-desc,Balanced,52,15600,34002,194,-1,-1,0,0,4
B,3,44,Sorted-desc,Balanced,53,15900,34077,194,-1,-1,0,0,5
B,3,44,Sorted-desc,Balanced,54,16200,34165,194,0,0,1,1,5
B,3,44,Sorted-desc,Balanced,55,16500,34250,194,0,0,1,1,5
B,3,44,Sorted-desc,Balanced,56,16800,34328,194,0,0,1,1,5
B,3,44,Sorted-desc,Balanced,57,17100,34398,194,0,0,1,1,5
B,3,44,Sorted-desc,Balanced,58,17400,34478,194,0,0,1,1,5
B,3,44,Sorted-desc,Balanced,59,17700,34555,194,0,0,1,1,5
B,3,44,Sorted-desc,Balanced,60,18000,34639,194,0,0,1,1,5
B,3,44,Sorted-desc,Balanced,61,18300,34714,194,0,0,1,1,5
B,3,44,Sorted-desc,Balanced,62,18600,34787,198,-1,-1,0,0,6
B,3,44,Sorted-desc,Balanced,63,18900,34857,198,-1,-1,0,0,7
B,3,44,Sorted-desc,Balanced,64,19200,34958,198,-1,-1,0,0,8
B,3,44,Sorted-desc,Balanced,65,19500,35030,198,-1,-1,0,0,9
B,3,44,Sorted-desc,Balanced,66,19800,35101,198,-1,-1,0,0,10
B,3,44,Sorted-desc,Balanced,67,20100,35176,198,-1,-1,0,0,11
B,3,44,Sorted-desc,Balanced,68,20400,35237,198,-1,-1,0,0,12
B,3,44,Sorted-desc,Balanced,69,20700,35298,198,-1,-1,0,0,13
B,3,44,Sorted-desc,Balanced,70,21000,35378,198,-1,-1,0,0,14
B,3,44,Sorted-desc,Balanced,71,21300,35458,198,-1,-1,0,0,15
B,3,44,Sorted-desc,Balanced,72,21600,35532,198,-1,-1,0,0,16
B,3,44,Sorted-desc,Balanced,73,21900,35618,198,-1,-1,0,0,17
B,3,44,Sorted-desc,Balanced,74,22200,35691,198,-1,-1,0,0,18
B,3,44,Sorted-desc,Balanced,75,22500,35785,198,-1,-1,0,0,19
B,3,44,Sorted-desc,Balanced,76,22800,35852,198,-1,-1,0,0,20
B,3,44,Sorted-desc,Balanced,77,23100,35932,198,-1,-1,0,0,21
B,3,44,Sorted-desc,Balanced,78,23400,36023,198,-1,-1,0,0,22
B,3,44,Sorted-desc,Balanced,79,23700,36099,198,-1,-1,0,0,23
B,3,44,Sorted-desc,Balanced,80,24000,36165,198,-1,-1,0,0,24
B,3,44,Sorted-desc,Balanced,81,24300,36246,198,-1,-1,0,0,25
B,3,44,Sorted-desc,Balanced,82,24600,36323,199,0,0,1,1,25
B,3,44,Sorted-desc,Balanced,83,24900,36417,199,-1,-1,0,0,26
B,3,44,Sorted-desc,Balanced,84,25000,36438,199,-1,-1,0,0,27
B,3,44,Sorted-desc,Insert-flood,1,300,30257,180,-1,-1,0,0,1
B,3,44,Sorted-desc,Insert-flood,2,600,30523,180,0,0,1,1,1
B,3,44,Sorted-desc,Insert-flood,3,900,30788,180,0,0,1,1,1
B,3,44,Sorted-desc,Insert-flood,4,1200,31049,180,0,0,1,1,1
B,3,44,Sorted-desc,Insert-flood,5,1500,31313,180,0,0,1,1,1
B,3,44,Sorted-desc,Insert-flood,6,1800,31574,180,0,0,1,1,1
B,3,44,Sorted-desc,Insert-flood,7,2100,31830,180,0,0,1,1,1
B,3,44,Sorted-desc,Insert-flood,8,2400,32088,191,0,0,1,1,1
B,3,44,Sorted-desc,Insert-flood,9,2700,32343,191,0,0,1,1,1
B,3,44,Sorted-desc,Insert-flood,10,3000,32605,191,0,0,1,1,1
B,3,44,Sorted-desc,Insert-flood,11,3300,32864,191,0,0,1,1,1
B,3,44,Sorted-desc,Insert-flood,12,3600,33134,191,0,0,1,1,1
B,3,44,Sorted-desc,Insert-flood,13,3900,33406,191,0,0,1,1,1
B,3,44,Sorted-desc,Insert-flood,14,4200,33666,191,0,0,1,1,1
B,3,44,Sorted-desc,Insert-flood,15,4500,33937,191,0,0,1,1,1
B,3,44,Sorted-desc,Insert-flood,16,4800,34194,196,0,0,1,1,1
B,3,44,Sorted-desc,Insert-flood,17,5100,34452,196,0,0,1,1,1
B,3,44,Sorted-desc,Insert-flood,18,5400,34702,196,0,0,1,1,1
B,3,44,Sorted-desc,Insert-flood,19,5700,34954,196,-1,-1,0,0,2
B,3,44,Sorted-desc,Insert-flood,20,6000,35219,196,-1,-1,0,0,3
B,3,44,Sorted-desc,Insert-flood,21,6300,35481,196,0,0,1,1,3
B,3,44,Sorted-desc,Insert-flood,22,6600,35739,196,0,0,1,1,3
B,3,44,Sorted-desc,Insert-flood,23,6900,36006,204,0,0,1,1,3
B,3,44,Sorted-desc,Insert-flood,24,7200,36258,204,0,0,1,1,3
B,3,44,Sorted-desc,Insert-flood,25,7500,36512,204,0,0,1,1,3
B,3,44,Sorted-desc,Insert-flood,26,7800,36779,204,0,0,1,1,3
B,3,44,Sorted-desc,Insert-flood,27,8100,37036,204,0,0,1,1,3
B,3,44,Sorted-desc,Insert-flood,28,8400,37296,204,0,0,1,1,3
B,3,44,Sorted-desc,Insert-flood,29,8700,37547,204,0,0,1,1,3
B,3,44,Sorted-desc,Insert-flood,30,9000,37809,204,0,0,1,1,3
B,3,44,Sorted-desc,Insert-flood,31,9300,38066,206,0,0,1,1,3
B,3,44,Sorted-desc,Insert-flood,32,9600,38327,206,0,0,1,1,3
B,3,44,Sorted-desc,Insert-flood,33,9900,38585,206,0,0,1,1,3
B,3,44,Sorted-desc,Insert-flood,34,10200,38846,206,0,0,1,1,3
B,3,44,Sorted-desc,Insert-flood,35,10500,39102,206,0,0,1,1,3
B,3,44,Sorted-desc,Insert-flood,36,10800,39350,206,0,0,1,1,3
B,3,44,Sorted-desc,Insert-flood,37,11100,39607,206,0,0,1,1,3
B,3,44,Sorted-desc,Insert-flood,38,11400,39856,206,0,0,1,1,3
B,3,44,Sorted-desc,Insert-flood,39,11700,40120,210,-1,-1,0,0,4
B,3,44,Sorted-desc,Insert-flood,40,12000,40376,210,0,0,1,1,4
B,3,44,Sorted-desc,Insert-flood,41,12300,40632,210,0,0,1,1,4
B,3,44,Sorted-desc,Insert-flood,42,12600,40899,210,0,0,1,1,4
B,3,44,Sorted-desc,Insert-flood,43,12900,41158,210,0,0,1,1,4
B,3,44,Sorted-desc,Insert-flood,44,13200,41417,210,0,0,1,1,4
B,3,44,Sorted-desc,Insert-flood,45,13500,41680,210,0,0,1,1,4
B,3,44,Sorted-desc,Insert-flood,46,13800,41933,210,0,0,1,1,4
B,3,44,Sorted-desc,Insert-flood,47,14100,42189,220,0,0,1,1,4
B,3,44,Sorted-desc,Insert-flood,48,14400,42446,220,0,0,1,1,4
B,3,44,Sorted-desc,Insert-flood,49,14700,42708,220,0,0,1,1,4
B,3,44,Sorted-desc,Insert-flood,50,15000,42973,220,0,0,1,1,4
B,3,44,Sorted-desc,Insert-flood,51,15300,43243,220,0,0,1,1,4
B,3,44,Sorted-desc,Insert-flood,52,15600,43505,220,0,0,1,1,4
B,3,44,Sorted-desc,Insert-flood,53,15900,43768,220,0,0,1,1,4
B,3,44,Sorted-desc,Insert-flood,54,16200,44023,221,0,0,1,1,4
B,3,44,Sorted-desc,Insert-flood,55,16500,44292,221,0,0,1,1,4
B,3,44,Sorted-desc,Insert-flood,56,16800,44555,221,0,0,1,1,4
B,3,44,Sorted-desc,Insert-flood,57,17100,44813,221,0,0,1,1,4
B,3,44,Sorted-desc,Insert-flood,58,17400,45067,221,0,0,1,1,4
B,3,44,Sorted-desc,Insert-flood,59,17700,45321,221,0,0,1,1,4
B,3,44,Sorted-desc,Insert-flood,60,18000,45591,221,0,0,1,1,4
B,3,44,Sorted-desc,Insert-flood,61,18300,45861,221,0,0,1,1,4
B,3,44,Sorted-desc,Insert-flood,62,18600,46113,228,0,0,1,1,4
B,3,44,Sorted-desc,Insert-flood,63,18900,46366,228,0,0,1,1,4
B,3,44,Sorted-desc,Insert-flood,64,19200,46629,228,0,0,1,1,4
B,3,44,Sorted-desc,Insert-flood,65,19500,46891,228,0,0,1,1,4
B,3,44,Sorted-desc,Insert-flood,66,19800,47151,228,0,0,1,1,4
B,3,44,Sorted-desc,Insert-flood,67,20100,47418,228,0,0,1,1,4
B,3,44,Sorted-desc,Insert-flood,68,20400,47670,228,0,0,1,1,4
B,3,44,Sorted-desc,Insert-flood,69,20700,47929,228,0,0,1,1,4
B,3,44,Sorted-desc,Insert-flood,70,21000,48196,232,0,0,1,1,4
B,3,44,Sorted-desc,Insert-flood,71,21300,48464,232,0,0,1,1,4
B,3,44,Sorted-desc,Insert-flood,72,21600,48729,232,0,0,1,1,4
B,3,44,Sorted-desc,Insert-flood,73,21900,48988,232,0,0,1,1,4
B,3,44,Sorted-desc,Insert-flood,74,22200,49254,232,0,0,1,1,4
B,3,44,Sorted-desc,Insert-flood,75,22500,49517,232,0,0,1,1,4
B,3,44,Sorted-desc,Insert-flood,76,22800,49769,232,-1,-1,0,0,5
B,3,44,Sorted-desc,Insert-flood,77,23100,50021,245,-1,-1,0,0,6
B,3,44,Sorted-desc,Insert-flood,78,23400,50279,245,-1,-1,0,0,7
B,3,44,Sorted-desc,Insert-flood,79,23700,50541,245,0,0,1,1,7
B,3,44,Sorted-desc,Insert-flood,80,24000,50795,245,0,0,1,1,7
B,3,44,Sorted-desc,Insert-flood,81,24300,51056,245,0,0,1,1,7
B,3,44,Sorted-desc,Insert-flood,82,24600,51308,245,0,0,1,1,7
B,3,44,Sorted-desc,Insert-flood,83,24900,51559,245,0,0,1,1,7
B,3,44,Sorted-desc,Insert-flood,84,25000,51646,245,0,0,1,1,7
B,3,44,Sorted-desc,Delete-flood,1,300,29997,180,0,0,1,1,0
B,3,44,Sorted-desc,Delete-flood,2,600,29991,180,0,0,1,1,0
B,3,44,Sorted-desc,Delete-flood,3,900,29974,180,-1,-1,0,0,1
B,3,44,Sorted-desc,Delete-flood,4,1200,29965,180,-1,-1,0,0,2
B,3,44,Sorted-desc,Delete-flood,5,1500,29945,180,-1,-1,0,0,3
B,3,44,Sorted-desc,Delete-flood,6,1800,29927,180,-1,-1,0,0,4
B,3,44,Sorted-desc,Delete-flood,7,2100,29914,180,-1,-1,0,0,5
B,3,44,Sorted-desc,Delete-flood,8,2400,29890,180,-1,-1,0,0,6
B,3,44,Sorted-desc,Delete-flood,9,2700,29877,180,0,0,1,1,6
B,3,44,Sorted-desc,Delete-flood,10,3000,29861,180,0,0,1,1,6
B,3,44,Sorted-desc,Delete-flood,11,3300,29846,180,0,0,1,1,6
B,3,44,Sorted-desc,Delete-flood,12,3600,29838,180,0,0,1,1,6
B,3,44,Sorted-desc,Delete-flood,13,3900,29822,180,0,0,1,1,6
B,3,44,Sorted-desc,Delete-flood,14,4200,29809,180,0,0,1,1,6
B,3,44,Sorted-desc,Delete-flood,15,4500,29809,180,0,0,1,1,6
B,3,44,Sorted-desc,Delete-flood,16,4800,29794,180,0,0,1,1,6
B,3,44,Sorted-desc,Delete-flood,17,5100,29783,180,0,0,1,1,6
B,3,44,Sorted-desc,Delete-flood,18,5400,29779,180,-1,-1,0,0,7
B,3,44,Sorted-desc,Delete-flood,19,5700,29752,180,-1,-1,0,0,8
B,3,44,Sorted-desc,Delete-flood,20,6000,29747,180,-1,-1,0,0,9
B,3,44,Sorted-desc,Delete-flood,21,6300,29735,180,-1,-1,0,0,10
B,3,44,Sorted-desc,Delete-flood,22,6600,29727,180,0,0,1,1,10
B,3,44,Sorted-desc,Delete-flood,23,6900,29706,180,0,0,1,1,10
B,3,44,Sorted-desc,Delete-flood,24,7200,29699,180,0,0,1,1,10
B,3,44,Sorted-desc,Delete-flood,25,7500,29685,180,0,0,1,1,10
B,3,44,Sorted-desc,Delete-flood,26,7800,29678,180,0,0,1,1,10
B,3,44,Sorted-desc,Delete-flood,27,8100,29664,180,0,0,1,1,10
B,3,44,Sorted-desc,Delete-flood,28,8400,29659,180,0,0,1,1,10
B,3,44,Sorted-desc,Delete-flood,29,8700,29647,180,0,0,1,1,10
B,3,44,Sorted-desc,Delete-flood,30,9000,29633,180,0,0,1,1,10
B,3,44,Sorted-desc,Delete-flood,31,9300,29620,180,0,0,1,1,10
B,3,44,Sorted-desc,Delete-flood,32,9600,29598,180,0,0,1,1,10
B,3,44,Sorted-desc,Delete-flood,33,9900,29581,180,0,0,1,1,10
B,3,44,Sorted-desc,Delete-flood,34,10200,29570,180,0,0,1,1,10
B,3,44,Sorted-desc,Delete-flood,35,10500,29566,180,0,0,1,1,10
B,3,44,Sorted-desc,Delete-flood,36,10800,29551,180,0,0,1,1,10
B,3,44,Sorted-desc,Delete-flood,37,11100,29541,180,0,0,1,1,10
B,3,44,Sorted-desc,Delete-flood,38,11400,29527,180,0,0,1,1,10
B,3,44,Sorted-desc,Delete-flood,39,11700,29529,180,0,0,1,1,10
B,3,44,Sorted-desc,Delete-flood,40,12000,29524,180,0,0,1,1,10
B,3,44,Sorted-desc,Delete-flood,41,12300,29515,180,0,0,1,1,10
B,3,44,Sorted-desc,Delete-flood,42,12600,29495,180,0,0,1,1,10
B,3,44,Sorted-desc,Delete-flood,43,12900,29479,180,0,0,1,1,10
B,3,44,Sorted-desc,Delete-flood,44,13200,29457,180,0,0,1,1,10
B,3,44,Sorted-desc,Delete-flood,45,13500,29443,180,0,0,1,1,10
B,3,44,Sorted-desc,Delete-flood,46,13800,29432,180,0,0,1,1,10
B,3,44,Sorted-desc,Delete-flood,47,14100,29424,180,0,0,1,1,10
B,3,44,Sorted-desc,Delete-flood,48,14400,29405,180,0,0,1,1,10
B,3,44,Sorted-desc,Delete-flood,49,14700,29378,180,0,0,1,1,10
B,3,44,Sorted-desc,Delete-flood,50,15000,29357,184,0,0,1,1,10
B,3,44,Sorted-desc,Delete-flood,51,15300,29347,184,0,0,1,1,10
B,3,44,Sorted-desc,Delete-flood,52,15600,29341,184,0,0,1,1,10
B,3,44,Sorted-desc,Delete-flood,53,15900,29316,184,0,0,1,1,10
B,3,44,Sorted-desc,Delete-flood,54,16200,29308,184,0,0,1,1,10
B,3,44,Sorted-desc,Delete-flood,55,16500,29307,184,0,0,1,1,10
B,3,44,Sorted-desc,Delete-flood,56,16800,29302,184,0,0,1,1,10
B,3,44,Sorted-desc,Delete-flood,57,17100,29293,184,0,0,1,1,10
B,3,44,Sorted-desc,Delete-flood,58,17400,29287,184,0,0,1,1,10
B,3,44,Sorted-desc,Delete-flood,59,17700,29268,184,0,0,1,1,10
B,3,44,Sorted-desc,Delete-flood,60,18000,29254,184,0,0,1,1,10
B,3,44,Sorted-desc,Delete-flood,61,18300,29232,184,0,0,1,1,10
B,3,44,Sorted-desc,Delete-flood,62,18600,29210,184,0,0,1,1,10
B,3,44,Sorted-desc,Delete-flood,63,18900,29195,184,0,0,1,1,10
B,3,44,Sorted-desc,Delete-flood,64,19200,29174,184,0,0,1,1,10
B,3,44,Sorted-desc,Delete-flood,65,19500,29163,184,0,0,1,1,10
B,3,44,Sorted-desc,Delete-flood,66,19800,29157,184,0,0,1,1,10
B,3,44,Sorted-desc,Delete-flood,67,20100,29141,184,0,0,1,1,10
B,3,44,Sorted-desc,Delete-flood,68,20400,29124,184,0,0,1,1,10
B,3,44,Sorted-desc,Delete-flood,69,20700,29109,184,0,0,1,1,10
B,3,44,Sorted-desc,Delete-flood,70,21000,29089,184,0,0,1,1,10
B,3,44,Sorted-desc,Delete-flood,71,21300,29077,184,0,0,1,1,10
B,3,44,Sorted-desc,Delete-flood,72,21600,29063,184,0,0,1,1,10
B,3,44,Sorted-desc,Delete-flood,73,21900,29046,184,0,0,1,1,10
B,3,44,Sorted-desc,Delete-flood,74,22200,29031,184,0,0,1,1,10
B,3,44,Sorted-desc,Delete-flood,75,22500,29011,184,0,0,1,1,10
B,3,44,Sorted-desc,Delete-flood,76,22800,28997,184,0,0,1,1,10
B,3,44,Sorted-desc,Delete-flood,77,23100,28983,184,0,0,1,1,10
B,3,44,Sorted-desc,Delete-flood,78,23400,28970,184,0,0,1,1,10
B,3,44,Sorted-desc,Delete-flood,79,23700,28961,184,0,0,1,1,10
B,3,44,Sorted-desc,Delete-flood,80,24000,28944,184,0,0,1,1,10
B,3,44,Sorted-desc,Delete-flood,81,24300,28937,184,0,0,1,1,10
B,3,44,Sorted-desc,Delete-flood,82,24600,28932,184,0,0,1,1,10
B,3,44,Sorted-desc,Delete-flood,83,24900,28916,184,0,0,1,1,10
B,3,44,Sorted-desc,Delete-flood,84,25000,28912,184,0,0,1,1,10
B,3,44,Sorted-desc,Write-heavy,1,300,30116,180,-1,-1,0,0,1
B,3,44,Sorted-desc,Write-heavy,2,600,30250,180,-1,-1,0,0,2
B,3,44,Sorted-desc,Write-heavy,3,900,30386,180,0,0,1,1,2
B,3,44,Sorted-desc,Write-heavy,4,1200,30495,180,0,0,1,1,2
B,3,44,Sorted-desc,Write-heavy,5,1500,30606,180,0,0,1,1,2
B,3,44,Sorted-desc,Write-heavy,6,1800,30731,180,0,0,1,1,2
B,3,44,Sorted-desc,Write-heavy,7,2100,30860,180,0,0,1,1,2
B,3,44,Sorted-desc,Write-heavy,8,2400,31001,180,0,0,1,1,2
B,3,44,Sorted-desc,Write-heavy,9,2700,31108,180,0,0,1,1,2
B,3,44,Sorted-desc,Write-heavy,10,3000,31237,180,0,0,1,1,2
B,3,44,Sorted-desc,Write-heavy,11,3300,31362,180,0,0,1,1,2
B,3,44,Sorted-desc,Write-heavy,12,3600,31471,180,0,0,1,1,2
B,3,44,Sorted-desc,Write-heavy,13,3900,31586,180,0,0,1,1,2
B,3,44,Sorted-desc,Write-heavy,14,4200,31713,190,0,0,1,1,2
B,3,44,Sorted-desc,Write-heavy,15,4500,31855,190,0,0,1,1,2
B,3,44,Sorted-desc,Write-heavy,16,4800,31980,190,0,0,1,1,2
B,3,44,Sorted-desc,Write-heavy,17,5100,32116,190,0,0,1,1,2
B,3,44,Sorted-desc,Write-heavy,18,5400,32238,190,0,0,1,1,2
B,3,44,Sorted-desc,Write-heavy,19,5700,32352,190,0,0,1,1,2
B,3,44,Sorted-desc,Write-heavy,20,6000,32454,190,0,0,1,1,2
B,3,44,Sorted-desc,Write-heavy,21,6300,32562,190,0,0,1,1,2
B,3,44,Sorted-desc,Write-heavy,22,6600,32691,190,0,0,1,1,2
B,3,44,Sorted-desc,Write-heavy,23,6900,32790,190,0,0,1,1,2
B,3,44,Sorted-desc,Write-heavy,24,7200,32911,190,0,0,1,1,2
B,3,44,Sorted-desc,Write-heavy,25,7500,33045,190,0,0,1,1,2
B,3,44,Sorted-desc,Write-heavy,26,7800,33172,190,0,0,1,1,2
B,3,44,Sorted-desc,Write-heavy,27,8100,33297,190,-1,-1,0,0,3
B,3,44,Sorted-desc,Write-heavy,28,8400,33416,197,0,0,1,1,3
B,3,44,Sorted-desc,Write-heavy,29,8700,33536,197,0,0,1,1,3
B,3,44,Sorted-desc,Write-heavy,30,9000,33656,197,0,0,1,1,3
B,3,44,Sorted-desc,Write-heavy,31,9300,33774,197,0,0,1,1,3
B,3,44,Sorted-desc,Write-heavy,32,9600,33900,197,0,0,1,1,3
B,3,44,Sorted-desc,Write-heavy,33,9900,34043,197,0,0,1,1,3
B,3,44,Sorted-desc,Write-heavy,34,10200,34180,197,0,0,1,1,3
B,3,44,Sorted-desc,Write-heavy,35,10500,34311,197,0,0,1,1,3
B,3,44,Sorted-desc,Write-heavy,36,10800,34440,197,0,0,1,1,3
B,3,44,Sorted-desc,Write-heavy,37,11100,34586,197,0,0,1,1,3
B,3,44,Sorted-desc,Write-heavy,38,11400,34730,197,0,0,1,1,3
B,3,44,Sorted-desc,Write-heavy,39,11700,34866,197,0,0,1,1,3
B,3,44,Sorted-desc,Write-heavy,40,12000,35008,197,0,0,1,1,3
B,3,44,Sorted-desc,Write-heavy,41,12300,35157,197,0,0,1,1,3
B,3,44,Sorted-desc,Write-heavy,42,12600,35281,197,0,0,1,1,3
B,3,44,Sorted-desc,Write-heavy,43,12900,35414,197,0,0,1,1,3
B,3,44,Sorted-desc,Write-heavy,44,13200,35545,197,0,0,1,1,3
B,3,44,Sorted-desc,Write-heavy,45,13500,35665,197,0,0,1,1,3
B,3,44,Sorted-desc,Write-heavy,46,13800,35796,197,0,0,1,1,3
B,3,44,Sorted-desc,Write-heavy,47,14100,35931,197,0,0,1,1,3
B,3,44,Sorted-desc,Write-heavy,48,14400,36079,197,0,0,1,1,3
B,3,44,Sorted-desc,Write-heavy,49,14700,36220,197,0,0,1,1,3
B,3,44,Sorted-desc,Write-heavy,50,15000,36361,197,0,0,1,1,3
B,3,44,Sorted-desc,Write-heavy,51,15300,36487,197,0,0,1,1,3
B,3,44,Sorted-desc,Write-heavy,52,15600,36634,197,0,0,1,1,3
B,3,44,Sorted-desc,Write-heavy,53,15900,36762,197,0,0,1,1,3
B,3,44,Sorted-desc,Write-heavy,54,16200,36897,197,0,0,1,1,3
B,3,44,Sorted-desc,Write-heavy,55,16500,37025,198,0,0,1,1,3
B,3,44,Sorted-desc,Write-heavy,56,16800,37158,198,0,0,1,1,3
B,3,44,Sorted-desc,Write-heavy,57,17100,37275,198,0,0,1,1,3
B,3,44,Sorted-desc,Write-heavy,58,17400,37418,198,0,0,1,1,3
B,3,44,Sorted-desc,Write-heavy,59,17700,37551,198,0,0,1,1,3
B,3,44,Sorted-desc,Write-heavy,60,18000,37675,198,0,0,1,1,3
B,3,44,Sorted-desc,Write-heavy,61,18300,37809,197,0,0,1,1,3
B,3,44,Sorted-desc,Write-heavy,62,18600,37950,197,-1,-1,0,0,4
B,3,44,Sorted-desc,Write-heavy,63,18900,38084,197,0,0,1,1,4
B,3,44,Sorted-desc,Write-heavy,64,19200,38226,197,-1,-1,0,0,5
B,3,44,Sorted-desc,Write-heavy,65,19500,38359,197,-1,-1,0,0,6
B,3,44,Sorted-desc,Write-heavy,66,19800,38491,197,0,0,1,1,6
B,3,44,Sorted-desc,Write-heavy,67,20100,38618,197,0,0,1,1,6
B,3,44,Sorted-desc,Write-heavy,68,20400,38742,197,0,0,1,1,6
B,3,44,Sorted-desc,Write-heavy,69,20700,38877,204,0,0,1,1,6
B,3,44,Sorted-desc,Write-heavy,70,21000,38997,204,0,0,1,1,6
B,3,44,Sorted-desc,Write-heavy,71,21300,39119,204,0,0,1,1,6
B,3,44,Sorted-desc,Write-heavy,72,21600,39238,204,0,0,1,1,6
B,3,44,Sorted-desc,Write-heavy,73,21900,39353,204,0,0,1,1,6
B,3,44,Sorted-desc,Write-heavy,74,22200,39482,204,0,0,1,1,6
B,3,44,Sorted-desc,Write-heavy,75,22500,39602,204,0,0,1,1,6
B,3,44,Sorted-desc,Write-heavy,76,22800,39719,204,0,0,1,1,6
B,3,44,Sorted-desc,Write-heavy,77,23100,39838,204,0,0,1,1,6
B,3,44,Sorted-desc,Write-heavy,78,23400,39948,204,0,0,1,1,6
B,3,44,Sorted-desc,Write-heavy,79,23700,40077,204,0,0,1,1,6
B,3,44,Sorted-desc,Write-heavy,80,24000,40187,204,0,0,1,1,6
B,3,44,Sorted-desc,Write-heavy,81,24300,40305,204,0,0,1,1,6
B,3,44,Sorted-desc,Write-heavy,82,24600,40444,208,0,0,1,1,6
B,3,44,Sorted-desc,Write-heavy,83,24900,40570,208,0,0,1,1,6
B,3,44,Sorted-desc,Write-heavy,84,25000,40609,208,0,0,1,1,6
B,3,44,Localized,Balanced,1,300,13396,40,-1,-1,0,0,1
B,3,44,Localized,Balanced,2,600,13489,40,-1,-1,0,0,2
B,3,44,Localized,Balanced,3,900,13596,40,-1,-1,0,0,3
B,3,44,Localized,Balanced,4,1200,13695,40,-1,-1,0,0,4
B,3,44,Localized,Balanced,5,1500,13789,40,-1,-1,0,0,5
B,3,44,Localized,Balanced,6,1800,13883,40,-1,-1,0,0,6
B,3,44,Localized,Balanced,7,2100,13981,40,-1,-1,0,0,7
B,3,44,Localized,Balanced,8,2400,14080,39,-1,-1,0,0,8
B,3,44,Localized,Balanced,9,2700,14193,39,-1,-1,0,0,9
B,3,44,Localized,Balanced,10,3000,14296,39,-1,-1,0,0,10
B,3,44,Localized,Balanced,11,3300,14400,39,-1,-1,0,0,11
B,3,44,Localized,Balanced,12,3600,14505,39,-1,-1,0,0,12
B,3,44,Localized,Balanced,13,3900,14614,39,-1,-1,0,0,13
B,3,44,Localized,Balanced,14,4200,14718,39,-1,-1,0,0,14
B,3,44,Localized,Balanced,15,4500,14814,39,-1,-1,0,0,15
B,3,44,Localized,Balanced,16,4800,14913,39,-1,-1,0,0,16
B,3,44,Localized,Balanced,17,5100,15020,39,-1,-1,0,0,17
B,3,44,Localized,Balanced,18,5400,15111,39,-1,-1,0,0,18
B,3,44,Localized,Balanced,19,5700,15226,39,-1,-1,0,0,19
B,3,44,Localized,Balanced,20,6000,15313,39,-1,-1,0,0,20
B,3,44,Localized,Balanced,21,6300,15426,39,-1,-1,0,0,21
B,3,44,Localized,Balanced,22,6600,15522,39,-1,-1,0,0,22
B,3,44,Localized,Balanced,23,6900,15622,39,-1,-1,0,0,23
B,3,44,Localized,Balanced,24,7200,15704,39,-1,-1,0,0,24
B,3,44,Localized,Balanced,25,7500,15800,39,-1,-1,0,0,25
B,3,44,Localized,Balanced,26,7800,15888,39,-1,-1,0,0,26
B,3,44,Localized,Balanced,27,8100,15987,51,-1,-1,0,0,27
B,3,44,Localized,Balanced,28,8400,16081,51,-1,-1,0,0,28
B,3,44,Localized,Balanced,29,8700,16177,51,-1,-1,0,0,29
B,3,44,Localized,Balanced,30,9000,16274,51,-1,-1,0,0,30
B,3,44,Localized,Balanced,31,9300,16378,51,-1,-1,0,0,31
B,3,44,Localized,Balanced,32,9600,16481,51,-1,-1,0,0,32
B,3,44,Localized,Balanced,33,9900,16576,51,-1,-1,0,0,33
B,3,44,Localized,Balanced,34,10200,16685,51,-1,-1,0,0,34
B,3,44,Localized,Balanced,35,10500,16767,51,-1,-1,0,0,35
B,3,44,Localized,Balanced,36,10800,16861,51,-1,-1,0,0,36
B,3,44,Localized,Balanced,37,11100,16956,51,-1,-1,0,0,37
B,3,44,Localized,Balanced,38,11400,17070,51,-1,-1,0,0,38
B,3,44,Localized,Balanced,39,11700,17174,51,-1,-1,0,0,39
B,3,44,Localized,Balanced,40,12000,17275,51,-1,-1,0,0,40
B,3,44,Localized,Balanced,41,12300,17371,51,-1,-1,0,0,41
B,3,44,Localized,Balanced,42,12600,17472,51,-1,-1,0,0,42
B,3,44,Localized,Balanced,43,12900,17567,51,-1,-1,0,0,43
B,3,44,Localized,Balanced,44,13200,17670,51,-1,-1,0,0,44
B,3,44,Localized,Balanced,45,13500,17751,51,-1,-1,0,0,45
B,3,44,Localized,Balanced,46,13800,17851,51,-1,-1,0,0,46
B,3,44,Localized,Balanced,47,14100,17951,61,-1,-1,0,0,47
B,3,44,Localized,Balanced,48,14400,18047,61,-1,-1,0,0,48
B,3,44,Localized,Balanced,49,14700,18141,61,-1,-1,0,0,49
B,3,44,Localized,Balanced,50,15000,18250,61,-1,-1,0,0,50
B,3,44,Localized,Balanced,51,15300,18352,61,-1,-1,0,0,51
B,3,44,Localized,Balanced,52,15600,18456,61,-1,-1,0,0,52
B,3,44,Localized,Balanced,53,15900,18550,61,-1,-1,0,0,53
B,3,44,Localized,Balanced,54,16200,18637,61,-1,-1,0,0,54
B,3,44,Localized,Balanced,55,16500,18730,61,-1,-1,0,0,55
B,3,44,Localized,Balanced,56,16800,18830,61,-1,-1,0,0,56
B,3,44,Localized,Balanced,57,17100,18920,61,-1,-1,0,0,57
B,3,44,Localized,Balanced,58,17400,19024,61,-1,-1,0,0,58
B,3,44,Localized,Balanced,59,17700,19115,61,-1,-1,0,0,59
B,3,44,Localized,Balanced,60,18000,19205,61,-1,-1,0,0,60
B,3,44,Localized,Balanced,61,18300,19289,61,-1,-1,0,0,61
B,3,44,Localized,Balanced,62,18600,19392,61,-1,-1,0,0,62
B,3,44,Localized,Balanced,63,18900,19479,61,-1,-1,0,0,63
B,3,44,Localized,Balanced,64,19200,19560,61,-1,-1,0,0,64
B,3,44,Localized,Balanced,65,19500,19664,61,-1,-1,0,0,65
B,3,44,Localized,Balanced,66,19800,19762,61,-1,-1,0,0,66
B,3,44,Localized,Balanced,67,20100,19861,61,-1,-1,0,0,67
B,3,44,Localized,Balanced,68,20400,19958,66,-1,-1,0,0,68
B,3,44,Localized,Balanced,69,20700,20039,66,-1,-1,0,0,69
B,3,44,Localized,Balanced,70,21000,20125,66,-1,-1,0,0,70
B,3,44,Localized,Balanced,71,21300,20208,66,-1,-1,0,0,71
B,3,44,Localized,Balanced,72,21600,20296,66,-1,-1,0,0,72
B,3,44,Localized,Balanced,73,21900,20389,66,-1,-1,0,0,73
B,3,44,Localized,Balanced,74,22200,20492,66,-1,-1,0,0,74
B,3,44,Localized,Balanced,75,22500,20596,66,-1,-1,0,0,75
B,3,44,Localized,Balanced,76,22800,20696,66,-1,-1,0,0,76
B,3,44,Localized,Balanced,77,23100,20798,66,-1,-1,0,0,77
B,3,44,Localized,Balanced,78,23400,20896,66,-1,-1,0,0,78
B,3,44,Localized,Balanced,79,23700,20983,66,-1,-1,0,0,79
B,3,44,Localized,Balanced,80,24000,21087,66,-1,-1,0,0,80
B,3,44,Localized,Balanced,81,24300,21170,66,-1,-1,0,0,81
B,3,44,Localized,Balanced,82,24600,21266,66,-1,-1,0,0,82
B,3,44,Localized,Balanced,83,24900,21369,66,-1,-1,0,0,83
B,3,44,Localized,Balanced,84,25000,21399,66,-1,-1,0,0,84
B,3,44,Localized,Insert-flood,1,300,13602,40,-1,-1,0,0,1
B,3,44,Localized,Insert-flood,2,600,13895,40,-1,-1,0,0,2
B,3,44,Localized,Insert-flood,3,900,14178,39,-1,-1,0,0,3
B,3,44,Localized,Insert-flood,4,1200,14465,39,-1,-1,0,0,4
B,3,44,Localized,Insert-flood,5,1500,14760,39,-1,-1,0,0,5
B,3,44,Localized,Insert-flood,6,1800,15048,39,-1,-1,0,0,6
B,3,44,Localized,Insert-flood,7,2100,15338,39,-1,-1,0,0,7
B,3,44,Localized,Insert-flood,8,2400,15630,39,-1,-1,0,0,8
B,3,44,Localized,Insert-flood,9,2700,15921,39,-1,-1,0,0,9
B,3,44,Localized,Insert-flood,10,3000,16212,51,-1,-1,0,0,10
B,3,44,Localized,Insert-flood,11,3300,16499,51,-1,-1,0,0,11
B,3,44,Localized,Insert-flood,12,3600,16785,51,-1,-1,0,0,12
B,3,44,Localized,Insert-flood,13,3900,17072,51,-1,-1,0,0,13
B,3,44,Localized,Insert-flood,14,4200,17358,51,-1,-1,0,0,14
B,3,44,Localized,Insert-flood,15,4500,17645,51,-1,-1,0,0,15
B,3,44,Localized,Insert-flood,16,4800,17932,51,-1,-1,0,0,16
B,3,44,Localized,Insert-flood,17,5100,18217,55,-1,-1,0,0,17
B,3,44,Localized,Insert-flood,18,5400,18508,55,-1,-1,0,0,18
B,3,44,Localized,Insert-flood,19,5700,18802,55,-1,-1,0,0,19
B,3,44,Localized,Insert-flood,20,6000,19091,55,-1,-1,0,0,20
B,3,44,Localized,Insert-flood,21,6300,19387,55,-1,-1,0,0,21
B,3,44,Localized,Insert-flood,22,6600,19675,55,-1,-1,0,0,22
B,3,44,Localized,Insert-flood,23,6900,19962,55,-1,-1,0,0,23
B,3,44,Localized,Insert-flood,24,7200,20254,63,-1,-1,0,0,24
B,3,44,Localized,Insert-flood,25,7500,20545,63,-1,-1,0,0,25
B,3,44,Localized,Insert-flood,26,7800,20834,63,-1,-1,0,0,26
B,3,44,Localized,Insert-flood,27,8100,21125,63,-1,-1,0,0,27
B,3,44,Localized,Insert-flood,28,8400,21411,63,-1,-1,0,0,28
B,3,44,Localized,Insert-flood,29,8700,21704,63,-1,-1,0,0,29
B,3,44,Localized,Insert-flood,30,9000,21989,63,-1,-1,0,0,30
B,3,44,Localized,Insert-flood,31,9300,22278,71,-1,-1,0,0,31
B,3,44,Localized,Insert-flood,32,9600,22561,71,-1,-1,0,0,32
B,3,44,Localized,Insert-flood,33,9900,22846,71,-1,-1,0,0,33
B,3,44,Localized,Insert-flood,34,10200,23135,71,-1,-1,0,0,34
B,3,44,Localized,Insert-flood,35,10500,23429,71,-1,-1,0,0,35
B,3,44,Localized,Insert-flood,36,10800,23718,71,-1,-1,0,0,36
B,3,44,Localized,Insert-flood,37,11100,24011,78,-1,-1,0,0,37
B,3,44,Localized,Insert-flood,38,11400,24291,78,-1,-1,0,0,38
B,3,44,Localized,Insert-flood,39,11700,24583,78,-1,-1,0,0,39
B,3,44,Localized,Insert-flood,40,12000,24870,78,-1,-1,0,0,40
B,3,44,Localized,Insert-flood,41,12300,25151,78,-1,-1,0,0,41
B,3,44,Localized,Insert-flood,42,12600,25442,78,-1,-1,0,0,42
B,3,44,Localized,Insert-flood,43,12900,25727,78,-1,-1,0,0,43
B,3,44,Localized,Insert-flood,44,13200,26014,85,-1,-1,0,0,44
B,3,44,Localized,Insert-flood,45,13500,26297,85,-1,-1,0,0,45
B,3,44,Localized,Insert-flood,46,13800,26582,85,-1,-1,0,0,46
B,3,44,Localized,Insert-flood,47,14100,26872,85,-1,-1,0,0,47
B,3,44,Localized,Insert-flood,48,14400,27157,85,-1,-1,0,0,48
B,3,44,Localized,Insert-flood,49,14700,27446,85,-1,-1,0,0,49
B,3,44,Localized,Insert-flood,50,15000,27736,85,-1,-1,0,0,50
B,3,44,Localized,Insert-flood,51,15300,28027,87,-1,-1,0,0,51
B,3,44,Localized,Insert-flood,52,15600,28314,87,-1,-1,0,0,52
B,3,44,Localized,Insert-flood,53,15900,28597,87,-1,-1,0,0,53
B,3,44,Localized,Insert-flood,54,16200,28880,87,-1,-1,0,0,54
B,3,44,Localized,Insert-flood,55,16500,29162,87,-1,-1,0,0,55
B,3,44,Localized,Insert-flood,56,16800,29453,87,-1,-1,0,0,56
B,3,44,Localized,Insert-flood,57,17100,29736,87,-1,-1,0,0,57
B,3,44,Localized,Insert-flood,58,17400,30022,90,-1,-1,0,0,58
B,3,44,Localized,Insert-flood,59,17700,30310,90,-1,-1,0,0,59
B,3,44,Localized,Insert-flood,60,18000,30602,90,-1,-1,0,0,60
B,3,44,Localized,Insert-flood,61,18300,30892,90,-1,-1,0,0,61
B,3,44,Localized,Insert-flood,62,18600,31177,90,-1,-1,0,0,62
B,3,44,Localized,Insert-flood,63,18900,31468,90,-1,-1,0,0,63
B,3,44,Localized,Insert-flood,64,19200,31758,90,-1,-1,0,0,64
B,3,44,Localized,Insert-flood,65,19500,32049,90,-1,-1,0,0,65
B,3,44,Localized,Insert-flood,66,19800,32336,90,-1,-1,0,0,66
B,3,44,Localized,Insert-flood,67,20100,32623,90,-1,-1,0,0,67
B,3,44,Localized,Insert-flood,68,20400,32907,90,-1,-1,0,0,68
B,3,44,Localized,Insert-flood,69,20700,33197,90,-1,-1,0,0,69
B,3,44,Localized,Insert-flood,70,21000,33479,90,-1,-1,0,0,70
B,3,44,Localized,Insert-flood,71,21300,33766,90,-1,-1,0,0,71
B,3,44,Localized,Insert-flood,72,21600,34058,93,-1,-1,0,0,72
B,3,44,Localized,Insert-flood,73,21900,34348,93,-1,-1,0,0,73
B,3,44,Localized,Insert-flood,74,22200,34639,93,-1,-1,0,0,74
B,3,44,Localized,Insert-flood,75,22500,34933,93,-1,-1,0,0,75
B,3,44,Localized,Insert-flood,76,22800,35223,93,-1,-1,0,0,76
B,3,44,Localized,Insert-flood,77,23100,35514,93,-1,-1,0,0,77
B,3,44,Localized,Insert-flood,78,23400,35803,93,-1,-1,0,0,78
B,3,44,Localized,Insert-flood,79,23700,36094,93,-1,-1,0,0,79
B,3,44,Localized,Insert-flood,80,24000,36382,93,-1,-1,0,0,80
B,3,44,Localized,Insert-flood,81,24300,36668,93,-1,-1,0,0,81
B,3,44,Localized,Insert-flood,82,24600,36955,93,-1,-1,0,0,82
B,3,44,Localized,Insert-flood,83,24900,37246,93,-1,-1,0,0,83
B,3,44,Localized,Insert-flood,84,25000,37342,93,-1,-1,0,0,84
B,3,44,Localized,Delete-flood,1,300,13327,40,-1,-1,0,0,1
B,3,44,Localized,Delete-flood,2,600,13340,40,-1,-1,0,0,2
B,3,44,Localized,Delete-flood,3,900,13352,40,-1,-1,0,0,3
B,3,44,Localized,Delete-flood,4,1200,13363,40,-1,-1,0,0,4
B,3,44,Localized,Delete-flood,5,1500,13376,40,-1,-1,0,0,5
B,3,44,Localized,Delete-flood,6,1800,13385,40,-1,-1,0,0,6
B,3,44,Localized,Delete-flood,7,2100,13398,40,-1,-1,0,0,7
B,3,44,Localized,Delete-flood,8,2400,13404,40,-1,-1,0,0,8
B,3,44,Localized,Delete-flood,9,2700,13415,40,-1,-1,0,0,9
B,3,44,Localized,Delete-flood,10,3000,13429,40,-1,-1,0,0,10
B,3,44,Localized,Delete-flood,11,3300,13452,40,-1,-1,0,0,11
B,3,44,Localized,Delete-flood,12,3600,13468,40,-1,-1,0,0,12
B,3,44,Localized,Delete-flood,13,3900,13477,40,-1,-1,0,0,13
B,3,44,Localized,Delete-flood,14,4200,13488,40,-1,-1,0,0,14
B,3,44,Localized,Delete-flood,15,4500,13504,40,-1,-1,0,0,15
B,3,44,Localized,Delete-flood,16,4800,13523,40,-1,-1,0,0,16
B,3,44,Localized,Delete-flood,17,5100,13527,40,-1,-1,0,0,17
B,3,44,Localized,Delete-flood,18,5400,13538,40,-1,-1,0,0,18
B,3,44,Localized,Delete-flood,19,5700,13560,40,-1,-1,0,0,19
B,3,44,Localized,Delete-flood,20,6000,13570,40,-1,-1,0,0,20
B,3,44,Localized,Delete-flood,21,6300,13585,40,-1,-1,0,0,21
B,3,44,Localized,Delete-flood,22,6600,13598,40,-1,-1,0,0,22
B,3,44,Localized,Delete-flood,23,6900,13608,40,-1,-1,0,0,23
B,3,44,Localized,Delete-flood,24,7200,13612,40,-1,-1,0,0,24
B,3,44,Localized,Delete-flood,25,7500,13628,40,-1,-1,0,0,25
B,3,44,Localized,Delete-flood,26,7800,13642,40,-1,-1,0,0,26
B,3,44,Localized,Delete-flood,27,8100,13661,40,-1,-1,0,0,27
B,3,44,Localized,Delete-flood,28,8400,13675,40,-1,-1,0,0,28
B,3,44,Localized,Delete-flood,29,8700,13688,40,-1,-1,0,0,29
B,3,44,Localized,Delete-flood,30,9000,13705,40,-1,-1,0,0,30
B,3,44,Localized,Delete-flood,31,9300,13716,40,-1,-1,0,0,31
B,3,44,Localized,Delete-flood,32,9600,13732,40,-1,-1,0,0,32
B,3,44,Localized,Delete-flood,33,9900,13752,40,-1,-1,0,0,33
B,3,44,Localized,Delete-flood,34,10200,13758,40,-1,-1,0,0,34
B,3,44,Localized,Delete-flood,35,10500,13774,40,-1,-1,0,0,35
B,3,44,Localized,Delete-flood,36,10800,13790,40,-1,-1,0,0,36
B,3,44,Localized,Delete-flood,37,11100,13805,40,-1,-1,0,0,37
B,3,44,Localized,Delete-flood,38,11400,13820,40,-1,-1,0,0,38
B,3,44,Localized,Delete-flood,39,11700,13830,39,-1,-1,0,0,39
B,3,44,Localized,Delete-flood,40,12000,13844,39,-1,-1,0,0,40
B,3,44,Localized,Delete-flood,41,12300,13855,39,-1,-1,0,0,41
B,3,44,Localized,Delete-flood,42,12600,13875,39,-1,-1,0,0,42
B,3,44,Localized,Delete-flood,43,12900,13887,39,-1,-1,0,0,43
B,3,44,Localized,Delete-flood,44,13200,13898,39,-1,-1,0,0,44
B,3,44,Localized,Delete-flood,45,13500,13914,39,-1,-1,0,0,45
B,3,44,Localized,Delete-flood,46,13800,13925,39,-1,-1,0,0,46
B,3,44,Localized,Delete-flood,47,14100,13945,39,-1,-1,0,0,47
B,3,44,Localized,Delete-flood,48,14400,13959,39,-1,-1,0,0,48
B,3,44,Localized,Delete-flood,49,14700,13983,39,-1,-1,0,0,49
B,3,44,Localized,Delete-flood,50,15000,13998,39,-1,-1,0,0,50
B,3,44,Localized,Delete-flood,51,15300,14012,39,-1,-1,0,0,51
B,3,44,Localized,Delete-flood,52,15600,14028,39,-1,-1,0,0,52
B,3,44,Localized,Delete-flood,53,15900,14040,39,-1,-1,0,0,53
B,3,44,Localized,Delete-flood,54,16200,14056,39,-1,-1,0,0,54
B,3,44,Localized,Delete-flood,55,16500,14071,39,-1,-1,0,0,55
B,3,44,Localized,Delete-flood,56,16800,14084,39,-1,-1,0,0,56
B,3,44,Localized,Delete-flood,57,17100,14094,39,-1,-1,0,0,57
B,3,44,Localized,Delete-flood,58,17400,14103,39,-1,-1,0,0,58
B,3,44,Localized,Delete-flood,59,17700,14115,39,-1,-1,0,0,59
B,3,44,Localized,Delete-flood,60,18000,14130,39,-1,-1,0,0,60
B,3,44,Localized,Delete-flood,61,18300,14140,39,-1,-1,0,0,61
B,3,44,Localized,Delete-flood,62,18600,14160,39,-1,-1,0,0,62
B,3,44,Localized,Delete-flood,63,18900,14177,39,-1,-1,0,0,63
B,3,44,Localized,Delete-flood,64,19200,14198,39,-1,-1,0,0,64
B,3,44,Localized,Delete-flood,65,19500,14219,39,-1,-1,0,0,65
B,3,44,Localized,Delete-flood,66,19800,14229,39,-1,-1,0,0,66
B,3,44,Localized,Delete-flood,67,20100,14248,39,-1,-1,0,0,67
B,3,44,Localized,Delete-flood,68,20400,14264,39,-1,-1,0,0,68
B,3,44,Localized,Delete-flood,69,20700,14281,39,-1,-1,0,0,69
B,3,44,Localized,Delete-flood,70,21000,14298,39,-1,-1,0,0,70
B,3,44,Localized,Delete-flood,71,21300,14312,39,-1,-1,0,0,71
B,3,44,Localized,Delete-flood,72,21600,14323,39,-1,-1,0,0,72
B,3,44,Localized,Delete-flood,73,21900,14335,39,-1,-1,0,0,73
B,3,44,Localized,Delete-flood,74,22200,14345,39,-1,-1,0,0,74
B,3,44,Localized,Delete-flood,75,22500,14352,39,-1,-1,0,0,75
B,3,44,Localized,Delete-flood,76,22800,14363,39,-1,-1,0,0,76
B,3,44,Localized,Delete-flood,77,23100,14375,39,-1,-1,0,0,77
B,3,44,Localized,Delete-flood,78,23400,14385,39,-1,-1,0,0,78
B,3,44,Localized,Delete-flood,79,23700,14401,39,-1,-1,0,0,79
B,3,44,Localized,Delete-flood,80,24000,14412,39,-1,-1,0,0,80
B,3,44,Localized,Delete-flood,81,24300,14426,39,-1,-1,0,0,81
B,3,44,Localized,Delete-flood,82,24600,14432,39,-1,-1,0,0,82
B,3,44,Localized,Delete-flood,83,24900,14450,39,-1,-1,0,0,83
B,3,44,Localized,Delete-flood,84,25000,14453,39,-1,-1,0,0,84
B,3,44,Localized,Write-heavy,1,300,13464,40,-1,-1,0,0,1
B,3,44,Localized,Write-heavy,2,600,13607,40,-1,-1,0,0,2
B,3,44,Localized,Write-heavy,3,900,13759,40,-1,-1,0,0,3
B,3,44,Localized,Write-heavy,4,1200,13907,40,-1,-1,0,0,4
B,3,44,Localized,Write-heavy,5,1500,14066,39,-1,-1,0,0,5
B,3,44,Localized,Write-heavy,6,1800,14219,39,-1,-1,0,0,6
B,3,44,Localized,Write-heavy,7,2100,14365,39,-1,-1,0,0,7
B,3,44,Localized,Write-heavy,8,2400,14504,39,-1,-1,0,0,8
B,3,44,Localized,Write-heavy,9,2700,14647,39,-1,-1,0,0,9
B,3,44,Localized,Write-heavy,10,3000,14812,39,-1,-1,0,0,10
B,3,44,Localized,Write-heavy,11,3300,14957,39,-1,-1,0,0,11
B,3,44,Localized,Write-heavy,12,3600,15101,39,-1,-1,0,0,12
B,3,44,Localized,Write-heavy,13,3900,15231,39,-1,-1,0,0,13
B,3,44,Localized,Write-heavy,14,4200,15384,39,-1,-1,0,0,14
B,3,44,Localized,Write-heavy,15,4500,15541,39,-1,-1,0,0,15
B,3,44,Localized,Write-heavy,16,4800,15688,39,-1,-1,0,0,16
B,3,44,Localized,Write-heavy,17,5100,15838,39,-1,-1,0,0,17
B,3,44,Localized,Write-heavy,18,5400,15993,51,-1,-1,0,0,18
B,3,44,Localized,Write-heavy,19,5700,16128,51,-1,-1,0,0,19
B,3,44,Localized,Write-heavy,20,6000,16282,51,-1,-1,0,0,20
B,3,44,Localized,Write-heavy,21,6300,16439,51,-1,-1,0,0,21
B,3,44,Localized,Write-heavy,22,6600,16563,51,-1,-1,0,0,22
B,3,44,Localized,Write-heavy,23,6900,16705,51,-1,-1,0,0,23
B,3,44,Localized,Write-heavy,24,7200,16841,51,-1,-1,0,0,24
B,3,44,Localized,Write-heavy,25,7500,16994,51,-1,-1,0,0,25
B,3,44,Localized,Write-heavy,26,7800,17148,51,-1,-1,0,0,26
B,3,44,Localized,Write-heavy,27,8100,17301,51,-1,-1,0,0,27
B,3,44,Localized,Write-heavy,28,8400,17437,51,-1,-1,0,0,28
B,3,44,Localized,Write-heavy,29,8700,17571,51,-1,-1,0,0,29
B,3,44,Localized,Write-heavy,30,9000,17710,51,-1,-1,0,0,30
B,3,44,Localized,Write-heavy,31,9300,17864,51,-1,-1,0,0,31
B,3,44,Localized,Write-heavy,32,9600,18002,56,-1,-1,0,0,32
B,3,44,Localized,Write-heavy,33,9900,18159,56,-1,-1,0,0,33
B,3,44,Localized,Write-heavy,34,10200,18307,56,-1,-1,0,0,34
B,3,44,Localized,Write-heavy,35,10500,18439,56,-1,-1,0,0,35
B,3,44,Localized,Write-heavy,36,10800,18577,56,-1,-1,0,0,36
B,3,44,Localized,Write-heavy,37,11100,18721,56,-1,-1,0,0,37
B,3,44,Localized,Write-heavy,38,11400,18871,56,-1,-1,0,0,38
B,3,44,Localized,Write-heavy,39,11700,19023,56,-1,-1,0,0,39
B,3,44,Localized,Write-heavy,40,12000,19186,56,-1,-1,0,0,40
B,3,44,Localized,Write-heavy,41,12300,19341,56,-1,-1,0,0,41
B,3,44,Localized,Write-heavy,42,12600,19492,56,-1,-1,0,0,42
B,3,44,Localized,Write-heavy,43,12900,19635,56,-1,-1,0,0,43
B,3,44,Localized,Write-heavy,44,13200,19778,56,-1,-1,0,0,44
B,3,44,Localized,Write-heavy,45,13500,19920,67,-1,-1,0,0,45
B,3,44,Localized,Write-heavy,46,13800,20077,67,-1,-1,0,0,46
B,3,44,Localized,Write-heavy,47,14100,20221,67,-1,-1,0,0,47
B,3,44,Localized,Write-heavy,48,14400,20382,67,-1,-1,0,0,48
B,3,44,Localized,Write-heavy,49,14700,20520,67,-1,-1,0,0,49
B,3,44,Localized,Write-heavy,50,15000,20688,67,-1,-1,0,0,50
B,3,44,Localized,Write-heavy,51,15300,20837,67,-1,-1,0,0,51
B,3,44,Localized,Write-heavy,52,15600,20983,67,-1,-1,0,0,52
B,3,44,Localized,Write-heavy,53,15900,21131,67,-1,-1,0,0,53
B,3,44,Localized,Write-heavy,54,16200,21287,67,-1,-1,0,0,54
B,3,44,Localized,Write-heavy,55,16500,21419,67,-1,-1,0,0,55
B,3,44,Localized,Write-heavy,56,16800,21560,67,-1,-1,0,0,56
B,3,44,Localized,Write-heavy,57,17100,21697,67,-1,-1,0,0,57
B,3,44,Localized,Write-heavy,58,17400,21842,67,-1,-1,0,0,58
B,3,44,Localized,Write-heavy,59,17700,22000,73,-1,-1,0,0,59
B,3,44,Localized,Write-heavy,60,18000,22138,73,-1,-1,0,0,60
B,3,44,Localized,Write-heavy,61,18300,22276,73,-1,-1,0,0,61
B,3,44,Localized,Write-heavy,62,18600,22434,73,-1,-1,0,0,62
B,3,44,Localized,Write-heavy,63,18900,22576,73,-1,-1,0,0,63
B,3,44,Localized,Write-heavy,64,19200,22722,73,-1,-1,0,0,64
B,3,44,Localized,Write-heavy,65,19500,22874,73,-1,-1,0,0,65
B,3,44,Localized,Write-heavy,66,19800,23027,73,-1,-1,0,0,66
B,3,44,Localized,Write-heavy,67,20100,23181,73,-1,-1,0,0,67
B,3,44,Localized,Write-heavy,68,20400,23330,73,-1,-1,0,0,68
B,3,44,Localized,Write-heavy,69,20700,23479,73,-1,-1,0,0,69
B,3,44,Localized,Write-heavy,70,21000,23634,73,-1,-1,0,0,70
B,3,44,Localized,Write-heavy,71,21300,23779,73,-1,-1,0,0,71
B,3,44,Localized,Write-heavy,72,21600,23910,82,-1,-1,0,0,72
B,3,44,Localized,Write-heavy,73,21900,24061,82,-1,-1,0,0,73
B,3,44,Localized,Write-heavy,74,22200,24205,82,-1,-1,0,0,74
B,3,44,Localized,Write-heavy,75,22500,24343,82,-1,-1,0,0,75
B,3,44,Localized,Write-heavy,76,22800,24494,82,-1,-1,0,0,76
B,3,44,Localized,Write-heavy,77,23100,24646,82,-1,-1,0,0,77
B,3,44,Localized,Write-heavy,78,23400,24788,82,-1,-1,0,0,78
B,3,44,Localized,Write-heavy,79,23700,24938,82,-1,-1,0,0,79
B,3,44,Localized,Write-heavy,80,24000,25091,82,-1,-1,0,0,80
B,3,44,Localized,Write-heavy,81,24300,25239,82,-1,-1,0,0,81
B,3,44,Localized,Write-heavy,82,24600,25377,82,-1,-1,0,0,82
B,3,44,Localized,Write-heavy,83,24900,25538,82,-1,-1,0,0,83
B,3,44,Localized,Write-heavy,84,25000,25577,82,-1,-1,0,0,84
B,3,44,Clustered,Balanced,1,300,1863,1,0,0,1,1,0
B,3,44,Clustered,Balanced,2,600,1957,1,0,0,1,1,0
B,3,44,Clustered,Balanced,3,900,2045,12,0,0,1,1,0
B,3,44,Clustered,Balanced,4,1200,2134,12,0,0,1,1,0
B,3,44,Clustered,Balanced,5,1500,2251,12,0,0,1,1,0
B,3,44,Clustered,Balanced,6,1800,2348,12,0,0,1,1,0
B,3,44,Clustered,Balanced,7,2100,2432,12,0,0,1,1,0
B,3,44,Clustered,Balanced,8,2400,2526,12,0,0,1,1,0
B,3,44,Clustered,Balanced,9,2700,2635,12,0,0,1,1,0
B,3,44,Clustered,Balanced,10,3000,2732,12,0,0,1,1,0
B,3,44,Clustered,Balanced,11,3300,2835,12,0,0,1,1,0
B,3,44,Clustered,Balanced,12,3600,2929,12,0,0,1,1,0
B,3,44,Clustered,Balanced,13,3900,3037,12,0,0,1,1,0
B,3,44,Clustered,Balanced,14,4200,3136,12,0,0,1,1,0
B,3,44,Clustered,Balanced,15,4500,3235,12,0,0,1,1,0
B,3,44,Clustered,Balanced,16,4800,3321,12,0,0,1,1,0
B,3,44,Clustered,Balanced,17,5100,3414,12,0,0,1,1,0
B,3,44,Clustered,Balanced,18,5400,3518,12,0,0,1,1,0
B,3,44,Clustered,Balanced,19,5700,3625,12,0,0,1,1,0
B,3,44,Clustered,Balanced,20,6000,3706,12,0,0,1,1,0
B,3,44,Clustered,Balanced,21,6300,3812,12,0,0,1,1,0
B,3,44,Clustered,Balanced,22,6600,3917,12,0,0,1,1,0
B,3,44,Clustered,Balanced,23,6900,4010,22,0,0,1,1,0
B,3,44,Clustered,Balanced,24,7200,4107,22,0,0,1,1,0
B,3,44,Clustered,Balanced,25,7500,4206,22,0,0,1,1,0
B,3,44,Clustered,Balanced,26,7800,4293,22,0,0,1,1,0
B,3,44,Clustered,Balanced,27,8100,4393,22,0,0,1,1,0
B,3,44,Clustered,Balanced,28,8400,4483,22,0,0,1,1,0
B,3,44,Clustered,Balanced,29,8700,4574,22,0,0,1,1,0
B,3,44,Clustered,Balanced,30,9000,4677,22,0,0,1,1,0
B,3,44,Clustered,Balanced,31,9300,4774,22,0,0,1,1,0
B,3,44,Clustered,Balanced,32,9600,4872,22,0,0,1,1,0
B,3,44,Clustered,Balanced,33,9900,4964,22,0,0,1,1,0
B,3,44,Clustered,Balanced,34,10200,5075,22,0,0,1,1,0
B,3,44,Clustered,Balanced,35,10500,5174,22,0,0,1,1,0
B,3,44,Clustered,Balanced,36,10800,5269,22,0,0,1,1,0
B,3,44,Clustered,Balanced,37,11100,5370,22,0,0,1,1,0
B,3,44,Clustered,Balanced,38,11400,5467,22,0,0,1,1,0
B,3,44,Clustered,Balanced,39,11700,5570,22,0,0,1,1,0
B,3,44,Clustered,Balanced,40,12000,5673,22,0,0,1,1,0
B,3,44,Clustered,Balanced,41,12300,5766,22,0,0,1,1,0
B,3,44,Clustered,Balanced,42,12600,5859,22,0,0,1,1,0
B,3,44,Clustered,Balanced,43,12900,5949,22,0,0,1,1,0
B,3,44,Clustered,Balanced,44,13200,6046,28,0,0,1,1,0
B,3,44,Clustered,Balanced,45,13500,6147,28,0,0,1,1,0
B,3,44,Clustered,Balanced,46,13800,6236,28,0,0,1,1,0
B,3,44,Clustered,Balanced,47,14100,6334,28,0,0,1,1,0
B,3,44,Clustered,Balanced,48,14400,6429,28,0,0,1,1,0
B,3,44,Clustered,Balanced,49,14700,6517,28,0,0,1,1,0
B,3,44,Clustered,Balanced,50,15000,6630,28,0,0,1,1,0
B,3,44,Clustered,Balanced,51,15300,6734,28,0,0,1,1,0
B,3,44,Clustered,Balanced,52,15600,6827,28,0,0,1,1,0
B,3,44,Clustered,Balanced,53,15900,6929,28,0,0,1,1,0
B,3,44,Clustered,Balanced,54,16200,7024,28,0,0,1,1,0
B,3,44,Clustered,Balanced,55,16500,7105,28,0,0,1,1,0
B,3,44,Clustered,Balanced,56,16800,7217,28,0,0,1,1,0
B,3,44,Clustered,Balanced,57,17100,7315,28,0,0,1,1,0
B,3,44,Clustered,Balanced,58,17400,7420,28,0,0,1,1,0
B,3,44,Clustered,Balanced,59,17700,7523,28,0,0,1,1,0
B,3,44,Clustered,Balanced,60,18000,7611,28,0,0,1,1,0
B,3,44,Clustered,Balanced,61,18300,7700,28,0,0,1,1,0
B,3,44,Clustered,Balanced,62,18600,7796,28,0,0,1,1,0
B,3,44,Clustered,Balanced,63,18900,7881,28,0,0,1,1,0
B,3,44,Clustered,Balanced,64,19200,7972,33,-1,-1,0,0,1
B,3,44,Clustered,Balanced,65,19500,8078,33,-1,-1,0,0,2
B,3,44,Clustered,Balanced,66,19800,8173,33,-1,-1,0,0,3
B,3,44,Clustered,Balanced,67,20100,8271,32,-1,-1,0,0,4
B,3,44,Clustered,Balanced,68,20400,8368,32,-1,-1,0,0,5
B,3,44,Clustered,Balanced,69,20700,8468,31,-1,-1,0,0,6
B,3,44,Clustered,Balanced,70,21000,8562,30,-1,-1,0,0,7
B,3,44,Clustered,Balanced,71,21300,8667,30,-1,-1,0,0,8
B,3,44,Clustered,Balanced,72,21600,8772,30,-1,-1,0,0,9
B,3,44,Clustered,Balanced,73,21900,8869,30,-1,-1,0,0,10
B,3,44,Clustered,Balanced,74,22200,8971,30,-1,-1,0,0,11
B,3,44,Clustered,Balanced,75,22500,9060,30,-1,-1,0,0,12
B,3,44,Clustered,Balanced,76,22800,9159,30,-1,-1,0,0,13
B,3,44,Clustered,Balanced,77,23100,9252,30,-1,-1,0,0,14
B,3,44,Clustered,Balanced,78,23400,9323,30,-1,-1,0,0,15
B,3,44,Clustered,Balanced,79,23700,9422,30,-1,-1,0,0,16
B,3,44,Clustered,Balanced,80,24000,9527,30,-1,-1,0,0,17
B,3,44,Clustered,Balanced,81,24300,9623,30,-1,-1,0,0,18
B,3,44,Clustered,Balanced,82,24600,9722,30,-1,-1,0,0,19
B,3,44,Clustered,Balanced,83,24900,9823,30,-1,-1,0,0,20
B,3,44,Clustered,Balanced,84,25000,9858,30,-1,-1,0,0,21
B,3,44,Clustered,Insert-flood,1,300,2058,12,0,0,1,1,0
B,3,44,Clustered,Insert-flood,2,600,2345,12,0,0,1,1,0
B,3,44,Clustered,Insert-flood,3,900,2635,12,0,0,1,1,0
B,3,44,Clustered,Insert-flood,4,1200,2928,12,0,0,1,1,0
B,3,44,Clustered,Insert-flood,5,1500,3217,12,0,0,1,1,0
B,3,44,Clustered,Insert-flood,6,1800,3506,12,0,0,1,1,0
B,3,44,Clustered,Insert-flood,7,2100,3792,12,0,0,1,1,0
B,3,44,Clustered,Insert-flood,8,2400,4076,13,0,0,1,1,0
B,3,44,Clustered,Insert-flood,9,2700,4369,13,0,0,1,1,0
B,3,44,Clustered,Insert-flood,10,3000,4652,13,0,0,1,1,0
B,3,44,Clustered,Insert-flood,11,3300,4938,13,0,0,1,1,0
B,3,44,Clustered,Insert-flood,12,3600,5225,13,0,0,1,1,0
B,3,44,Clustered,Insert-flood,13,3900,5520,13,0,0,1,1,0
B,3,44,Clustered,Insert-flood,14,4200,5813,13,0,0,1,1,0
B,3,44,Clustered,Insert-flood,15,4500,6101,18,0,0,1,1,0
B,3,44,Clustered,Insert-flood,16,4800,6393,18,0,0,1,1,0
B,3,44,Clustered,Insert-flood,17,5100,6687,18,0,0,1,1,0
B,3,44,Clustered,Insert-flood,18,5400,6982,18,0,0,1,1,0
B,3,44,Clustered,Insert-flood,19,5700,7271,18,0,0,1,1,0
B,3,44,Clustered,Insert-flood,20,6000,7561,18,0,0,1,1,0
B,3,44,Clustered,Insert-flood,21,6300,7852,18,0,0,1,1,0
B,3,44,Clustered,Insert-flood,22,6600,8142,21,0,0,1,1,0
B,3,44,Clustered,Insert-flood,23,6900,8431,21,0,0,1,1,0
B,3,44,Clustered,Insert-flood,24,7200,8726,21,0,0,1,1,0
B,3,44,Clustered,Insert-flood,25,7500,9016,21,0,0,1,1,0
B,3,44,Clustered,Insert-flood,26,7800,9308,21,0,0,1,1,0
B,3,44,Clustered,Insert-flood,27,8100,9602,21,0,0,1,1,0
B,3,44,Clustered,Insert-flood,28,8400,9891,21,0,0,1,1,0
B,3,44,Clustered,Insert-flood,29,8700,10184,25,0,0,1,1,0
B,3,44,Clustered,Insert-flood,30,9000,10470,25,0,0,1,1,0
B,3,44,Clustered,Insert-flood,31,9300,10762,25,0,0,1,1,0
B,3,44,Clustered,Insert-flood,32,9600,11050,25,0,0,1,1,0
B,3,44,Clustered,Insert-flood,33,9900,11343,25,0,0,1,1,0
B,3,44,Clustered,Insert-flood,34,10200,11636,25,0,0,1,1,0
B,3,44,Clustered,Insert-flood,35,10500,11925,25,0,0,1,1,0
B,3,44,Clustered,Insert-flood,36,10800,12214,27,0,0,1,1,0
B,3,44,Clustered,Insert-flood,37,11100,12496,27,0,0,1,1,0
B,3,44,Clustered,Insert-flood,38,11400,12787,27,0,0,1,1,0
B,3,44,Clustered,Insert-flood,39,11700,13080,27,0,0,1,1,0
B,3,44,Clustered,Insert-flood,40,12000,13368,27,0,0,1,1,0
B,3,44,Clustered,Insert-flood,41,12300,13662,27,0,0,1,1,0
B,3,44,Clustered,Insert-flood,42,12600,13952,27,0,0,1,1,0
B,3,44,Clustered,Insert-flood,43,12900,14238,30,0,0,1,1,0
B,3,44,Clustered,Insert-flood,44,13200,14528,30,0,0,1,1,0
B,3,44,Clustered,Insert-flood,45,13500,14823,30,0,0,1,1,0
B,3,44,Clustered,Insert-flood,46,13800,15112,30,0,0,1,1,0
B,3,44,Clustered,Insert-flood,47,14100,15403,30,0,0,1,1,0
B,3,44,Clustered,Insert-flood,48,14400,15693,30,0,0,1,1,0
B,3,44,Clustered,Insert-flood,49,14700,15982,30,0,0,1,1,0
B,3,44,Clustered,Insert-flood,50,15000,16269,32,-1,-1,0,0,1
B,3,44,Clustered,Insert-flood,51,15300,16558,32,-1,-1,0,0,2
B,3,44,Clustered,Insert-flood,52,15600,16846,32,0,0,1,1,2
B,3,44,Clustered,Insert-flood,53,15900,17137,32,0,0,1,1,2
B,3,44,Clustered,Insert-flood,54,16200,17423,32,0,0,1,1,2
B,3,44,Clustered,Insert-flood,55,16500,17715,32,0,0,1,1,2
B,3,44,Clustered,Insert-flood,56,16800,18003,34,0,0,1,1,2
B,3,44,Clustered,Insert-flood,57,17100,18284,34,0,0,1,1,2
B,3,44,Clustered,Insert-flood,58,17400,18573,34,-1,-1,0,0,3
B,3,44,Clustered,Insert-flood,59,17700,18862,34,0,0,1,1,3
B,3,44,Clustered,Insert-flood,60,18000,19144,34,0,0,1,1,3
B,3,44,Clustered,Insert-flood,61,18300,19432,34,0,0,1,1,3
B,3,44,Clustered,Insert-flood,62,18600,19719,34,0,0,1,1,3
B,3,44,Clustered,Insert-flood,63,18900,20009,38,0,0,1,1,3
B,3,44,Clustered,Insert-flood,64,19200,20298,38,0,0,1,1,3
B,3,44,Clustered,Insert-flood,65,19500,20583,38,0,0,1,1,3
B,3,44,Clustered,Insert-flood,66,19800,20864,38,0,0,1,1,3
B,3,44,Clustered,Insert-flood,67,20100,21156,38,0,0,1,1,3
B,3,44,Clustered,Insert-flood,68,20400,21442,38,0,0,1,1,3
B,3,44,Clustered,Insert-flood,69,20700,21730,38,0,0,1,1,3
B,3,44,Clustered,Insert-flood,70,21000,22014,41,0,0,1,1,3
B,3,44,Clustered,Insert-flood,71,21300,22307,41,-1,-1,0,0,4
B,3,44,Clustered,Insert-flood,72,21600,22595,41,0,0,1,1,4
B,3,44,Clustered,Insert-flood,73,21900,22883,41,0,0,1,1,4
B,3,44,Clustered,Insert-flood,74,22200,23171,41,0,0,1,1,4
B,3,44,Clustered,Insert-flood,75,22500,23463,41,0,0,1,1,4
B,3,44,Clustered,Insert-flood,76,22800,23753,41,0,0,1,1,4
B,3,44,Clustered,Insert-flood,77,23100,24037,42,-1,-1,0,0,5
B,3,44,Clustered,Insert-flood,78,23400,24327,42,0,0,1,1,5
B,3,44,Clustered,Insert-flood,79,23700,24617,42,0,0,1,1,5
B,3,44,Clustered,Insert-flood,80,24000,24906,42,0,0,1,1,5
B,3,44,Clustered,Insert-flood,81,24300,25196,42,0,0,1,1,5
B,3,44,Clustered,Insert-flood,82,24600,25485,42,0,0,1,1,5
B,3,44,Clustered,Insert-flood,83,24900,25775,42,0,0,1,1,5
B,3,44,Clustered,Insert-flood,84,25000,25872,42,0,0,1,1,5
B,3,44,Clustered,Delete-flood,1,300,1783,1,0,0,1,1,0
B,3,44,Clustered,Delete-flood,2,600,1799,1,0,0,1,1,0
B,3,44,Clustered,Delete-flood,3,900,1810,1,0,0,1,1,0
B,3,44,Clustered,Delete-flood,4,1200,1819,1,0,0,1,1,0
B,3,44,Clustered,Delete-flood,5,1500,1834,1,0,0,1,1,0
B,3,44,Clustered,Delete-flood,6,1800,1847,1,0,0,1,1,0
B,3,44,Clustered,Delete-flood,7,2100,1862,1,0,0,1,1,0
B,3,44,Clustered,Delete-flood,8,2400,1871,1,0,0,1,1,0
B,3,44,Clustered,Delete-flood,9,2700,1882,1,0,0,1,1,0
B,3,44,Clustered,Delete-flood,10,3000,1896,1,0,0,1,1,0
B,3,44,Clustered,Delete-flood,11,3300,1921,1,0,0,1,1,0
B,3,44,Clustered,Delete-flood,12,3600,1928,1,0,0,1,1,0
B,3,44,Clustered,Delete-flood,13,3900,1942,1,0,0,1,1,0
B,3,44,Clustered,Delete-flood,14,4200,1957,1,0,0,1,1,0
B,3,44,Clustered,Delete-flood,15,4500,1972,12,0,0,1,1,0
B,3,44,Clustered,Delete-flood,16,4800,1991,12,0,0,1,1,0
B,3,44,Clustered,Delete-flood,17,5100,2006,12,0,0,1,1,0
B,3,44,Clustered,Delete-flood,18,5400,2026,12,0,0,1,1,0
B,3,44,Clustered,Delete-flood,19,5700,2050,12,0,0,1,1,0
B,3,44,Clustered,Delete-flood,20,6000,2067,12,0,0,1,1,0
B,3,44,Clustered,Delete-flood,21,6300,2087,12,0,0,1,1,0
B,3,44,Clustered,Delete-flood,22,6600,2100,12,0,0,1,1,0
B,3,44,Clustered,Delete-flood,23,6900,2120,12,0,0,1,1,0
B,3,44,Clustered,Delete-flood,24,7200,2137,12,0,0,1,1,0
B,3,44,Clustered,Delete-flood,25,7500,2157,12,0,0,1,1,0
B,3,44,Clustered,Delete-flood,26,7800,2174,12,0,0,1,1,0
B,3,44,Clustered,Delete-flood,27,8100,2192,12,0,0,1,1,0
B,3,44,Clustered,Delete-flood,28,8400,2207,12,0,0,1,1,0
B,3,44,Clustered,Delete-flood,29,8700,2222,12,0,0,1,1,0
B,3,44,Clustered,Delete-flood,30,9000,2234,12,0,0,1,1,0
B,3,44,Clustered,Delete-flood,31,9300,2253,12,0,0,1,1,0
B,3,44,Clustered,Delete-flood,32,9600,2272,12,0,0,1,1,0
B,3,44,Clustered,Delete-flood,33,9900,2286,12,0,0,1,1,0
B,3,44,Clustered,Delete-flood,34,10200,2297,12,0,0,1,1,0
B,3,44,Clustered,Delete-flood,35,10500,2308,12,0,0,1,1,0
B,3,44,Clustered,Delete-flood,36,10800,2322,12,0,0,1,1,0
B,3,44,Clustered,Delete-flood,37,11100,2334,12,0,0,1,1,0
B,3,44,Clustered,Delete-flood,38,11400,2344,12,0,0,1,1,0
B,3,44,Clustered,Delete-flood,39,11700,2365,12,0,0,1,1,0
B,3,44,Clustered,Delete-flood,40,12000,2378,12,0,0,1,1,0
B,3,44,Clustered,Delete-flood,41,12300,2393,12,0,0,1,1,0
B,3,44,Clustered,Delete-flood,42,12600,2409,12,0,0,1,1,0
B,3,44,Clustered,Delete-flood,43,12900,2424,12,0,0,1,1,0
B,3,44,Clustered,Delete-flood,44,13200,2442,12,0,0,1,1,0
B,3,44,Clustered,Delete-flood,45,13500,2450,12,0,0,1,1,0
B,3,44,Clustered,Delete-flood,46,13800,2457,12,0,0,1,1,0
B,3,44,Clustered,Delete-flood,47,14100,2468,12,0,0,1,1,0
B,3,44,Clustered,Delete-flood,48,14400,2478,12,0,0,1,1,0
B,3,44,Clustered,Delete-flood,49,14700,2493,12,0,0,1,1,0
B,3,44,Clustered,Delete-flood,50,15000,2506,12,0,0,1,1,0
B,3,44,Clustered,Delete-flood,51,15300,2519,12,0,0,1,1,0
B,3,44,Clustered,Delete-flood,52,15600,2527,12,0,0,1,1,0
B,3,44,Clustered,Delete-flood,53,15900,2539,12,0,0,1,1,0
B,3,44,Clustered,Delete-flood,54,16200,2557,12,0,0,1,1,0
B,3,44,Clustered,Delete-flood,55,16500,2575,12,0,0,1,1,0
B,3,44,Clustered,Delete-flood,56,16800,2581,12,0,0,1,1,0
B,3,44,Clustered,Delete-flood,57,17100,2595,12,0,0,1,1,0
B,3,44,Clustered,Delete-flood,58,17400,2612,12,0,0,1,1,0
B,3,44,Clustered,Delete-flood,59,17700,2621,12,0,0,1,1,0
B,3,44,Clustered,Delete-flood,60,18000,2632,12,0,0,1,1,0
B,3,44,Clustered,Delete-flood,61,18300,2650,12,0,0,1,1,0
B,3,44,Clustered,Delete-flood,62,18600,2662,12,0,0,1,1,0
B,3,44,Clustered,Delete-flood,63,18900,2669,12,0,0,1,1,0
B,3,44,Clustered,Delete-flood,64,19200,2685,12,0,0,1,1,0
B,3,44,Clustered,Delete-flood,65,19500,2702,12,0,0,1,1,0
B,3,44,Clustered,Delete-flood,66,19800,2722,12,0,0,1,1,0
B,3,44,Clustered,Delete-flood,67,20100,2729,12,0,0,1,1,0
B,3,44,Clustered,Delete-flood,68,20400,2747,12,0,0,1,1,0
B,3,44,Clustered,Delete-flood,69,20700,2757,12,0,0,1,1,0
B,3,44,Clustered,Delete-flood,70,21000,2774,12,0,0,1,1,0
B,3,44,Clustered,Delete-flood,71,21300,2792,12,0,0,1,1,0
B,3,44,Clustered,Delete-flood,72,21600,2802,12,0,0,1,1,0
B,3,44,Clustered,Delete-flood,73,21900,2815,12,0,0,1,1,0
B,3,44,Clustered,Delete-flood,74,22200,2837,12,0,0,1,1,0
B,3,44,Clustered,Delete-flood,75,22500,2855,12,0,0,1,1,0
B,3,44,Clustered,Delete-flood,76,22800,2867,12,0,0,1,1,0
B,3,44,Clustered,Delete-flood,77,23100,2878,12,0,0,1,1,0
B,3,44,Clustered,Delete-flood,78,23400,2887,12,0,0,1,1,0
B,3,44,Clustered,Delete-flood,79,23700,2900,12,0,0,1,1,0
B,3,44,Clustered,Delete-flood,80,24000,2908,12,0,0,1,1,0
B,3,44,Clustered,Delete-flood,81,24300,2927,12,0,0,1,1,0
B,3,44,Clustered,Delete-flood,82,24600,2932,12,0,0,1,1,0
B,3,44,Clustered,Delete-flood,83,24900,2945,12,0,0,1,1,0
B,3,44,Clustered,Delete-flood,84,25000,2947,12,0,0,1,1,0
B,3,44,Clustered,Write-heavy,1,300,1917,1,0,0,1,1,0
B,3,44,Clustered,Write-heavy,2,600,2061,12,0,0,1,1,0
B,3,44,Clustered,Write-heavy,3,900,2221,12,0,0,1,1,0
B,3,44,Clustered,Write-heavy,4,1200,2371,12,0,0,1,1,0
B,3,44,Clustered,Write-heavy,5,1500,2520,12,0,0,1,1,0
B,3,44,Clustered,Write-heavy,6,1800,2678,12,0,0,1,1,0
B,3,44,Clustered,Write-heavy,7,2100,2831,12,0,0,1,1,0
B,3,44,Clustered,Write-heavy,8,2400,2979,12,0,0,1,1,0
B,3,44,Clustered,Write-heavy,9,2700,3124,12,0,0,1,1,0
B,3,44,Clustered,Write-heavy,10,3000,3279,12,0,0,1,1,0
B,3,44,Clustered,Write-heavy,11,3300,3436,12,0,0,1,1,0
B,3,44,Clustered,Write-heavy,12,3600,3573,12,0,0,1,1,0
B,3,44,Clustered,Write-heavy,13,3900,3719,12,0,0,1,1,0
B,3,44,Clustered,Write-heavy,14,4200,3869,12,0,0,1,1,0
B,3,44,Clustered,Write-heavy,15,4500,4013,22,0,0,1,1,0
B,3,44,Clustered,Write-heavy,16,4800,4168,22,0,0,1,1,0
B,3,44,Clustered,Write-heavy,17,5100,4318,22,0,0,1,1,0
B,3,44,Clustered,Write-heavy,18,5400,4473,22,0,0,1,1,0
B,3,44,Clustered,Write-heavy,19,5700,4617,22,0,0,1,1,0
B,3,44,Clustered,Write-heavy,20,6000,4765,22,0,0,1,1,0
B,3,44,Clustered,Write-heavy,21,6300,4911,22,0,0,1,1,0
B,3,44,Clustered,Write-heavy,22,6600,5062,22,0,0,1,1,0
B,3,44,Clustered,Write-heavy,23,6900,5224,22,0,0,1,1,0
B,3,44,Clustered,Write-heavy,24,7200,5380,22,0,0,1,1,0
B,3,44,Clustered,Write-heavy,25,7500,5538,22,0,0,1,1,0
B,3,44,Clustered,Write-heavy,26,7800,5694,22,0,0,1,1,0
B,3,44,Clustered,Write-heavy,27,8100,5839,22,0,0,1,1,0
B,3,44,Clustered,Write-heavy,28,8400,5992,26,0,0,1,1,0
B,3,44,Clustered,Write-heavy,29,8700,6132,26,0,0,1,1,0
B,3,44,Clustered,Write-heavy,30,9000,6274,26,0,0,1,1,0
B,3,44,Clustered,Write-heavy,31,9300,6430,26,0,0,1,1,0
B,3,44,Clustered,Write-heavy,32,9600,6579,26,0,0,1,1,0
B,3,44,Clustered,Write-heavy,33,9900,6723,26,0,0,1,1,0
B,3,44,Clustered,Write-heavy,34,10200,6874,26,0,0,1,1,0
B,3,44,Clustered,Write-heavy,35,10500,7026,26,0,0,1,1,0
B,3,44,Clustered,Write-heavy,36,10800,7181,26,0,0,1,1,0
B,3,44,Clustered,Write-heavy,37,11100,7327,26,0,0,1,1,0
B,3,44,Clustered,Write-heavy,38,11400,7478,26,0,0,1,1,0
B,3,44,Clustered,Write-heavy,39,11700,7620,26,0,0,1,1,0
B,3,44,Clustered,Write-heavy,40,12000,7771,26,0,0,1,1,0
B,3,44,Clustered,Write-heavy,41,12300,7936,26,0,0,1,1,0
B,3,44,Clustered,Write-heavy,42,12600,8068,31,0,0,1,1,0
B,3,44,Clustered,Write-heavy,43,12900,8210,31,-1,-1,0,0,1
B,3,44,Clustered,Write-heavy,44,13200,8365,31,0,0,1,1,1
B,3,44,Clustered,Write-heavy,45,13500,8525,31,0,0,1,1,1
B,3,44,Clustered,Write-heavy,46,13800,8678,31,0,0,1,1,1
B,3,44,Clustered,Write-heavy,47,14100,8838,31,0,0,1,1,1
B,3,44,Clustered,Write-heavy,48,14400,8997,31,0,0,1,1,1
B,3,44,Clustered,Write-heavy,49,14700,9135,31,0,0,1,1,1
B,3,44,Clustered,Write-heavy,50,15000,9273,31,0,0,1,1,1
B,3,44,Clustered,Write-heavy,51,15300,9434,31,0,0,1,1,1
B,3,44,Clustered,Write-heavy,52,15600,9591,31,0,0,1,1,1
B,3,44,Clustered,Write-heavy,53,15900,9732,31,0,0,1,1,1
B,3,44,Clustered,Write-heavy,54,16200,9863,31,0,0,1,1,1
B,3,44,Clustered,Write-heavy,55,16500,10021,36,0,0,1,1,1
B,3,44,Clustered,Write-heavy,56,16800,10174,36,0,0,1,1,1
B,3,44,Clustered,Write-heavy,57,17100,10340,36,0,0,1,1,1
B,3,44,Clustered,Write-heavy,58,17400,10482,36,0,0,1,1,1
B,3,44,Clustered,Write-heavy,59,17700,10639,36,0,0,1,1,1
B,3,44,Clustered,Write-heavy,60,18000,10782,36,0,0,1,1,1
B,3,44,Clustered,Write-heavy,61,18300,10920,36,0,0,1,1,1
B,3,44,Clustered,Write-heavy,62,18600,11051,36,0,0,1,1,1
B,3,44,Clustered,Write-heavy,63,18900,11201,36,0,0,1,1,1
B,3,44,Clustered,Write-heavy,64,19200,11341,36,0,0,1,1,1
B,3,44,Clustered,Write-heavy,65,19500,11486,36,0,0,1,1,1
B,3,44,Clustered,Write-heavy,66,19800,11631,36,0,0,1,1,1
B,3,44,Clustered,Write-heavy,67,20100,11777,36,-1,-1,0,0,2
B,3,44,Clustered,Write-heavy,68,20400,11938,41,0,0,1,1,2
B,3,44,Clustered,Write-heavy,69,20700,12101,41,0,0,1,1,2
B,3,44,Clustered,Write-heavy,70,21000,12244,41,0,0,1,1,2
B,3,44,Clustered,Write-heavy,71,21300,12386,41,0,0,1,1,2
B,3,44,Clustered,Write-heavy,72,21600,12547,41,0,0,1,1,2
B,3,44,Clustered,Write-heavy,73,21900,12707,41,0,0,1,1,2
B,3,44,Clustered,Write-heavy,74,22200,12854,41,0,0,1,1,2
B,3,44,Clustered,Write-heavy,75,22500,12999,41,0,0,1,1,2
B,3,44,Clustered,Write-heavy,76,22800,13136,41,0,0,1,1,2
B,3,44,Clustered,Write-heavy,77,23100,13291,41,0,0,1,1,2
B,3,44,Clustered,Write-heavy,78,23400,13432,41,0,0,1,1,2
B,3,44,Clustered,Write-heavy,79,23700,13604,41,0,0,1,1,2
B,3,44,Clustered,Write-heavy,80,24000,13762,41,0,0,1,1,2
B,3,44,Clustered,Write-heavy,81,24300,13908,48,0,0,1,1,2
B,3,44,Clustered,Write-heavy,82,24600,14047,48,-1,-1,0,0,3
B,3,44,Clustered,Write-heavy,83,24900,14201,48,0,0,1,1,3
B,3,44,Clustered,Write-heavy,84,25000,14259,48,0,0,1,1,3
B,4,45,Random,Balanced,1,300,30104,84,-1,-1,0,0,1
B,4,45,Random,Balanced,2,600,30192,84,-1,-1,0,0,2
B,4,45,Random,Balanced,3,900,30288,84,-1,-1,0,0,3
B,4,45,Random,Balanced,4,1200,30384,84,-1,-1,0,0,4
B,4,45,Random,Balanced,5,1500,30496,84,-1,-1,0,0,5
B,4,45,Random,Balanced,6,1800,30588,84,-1,-1,0,0,6
B,4,45,Random,Balanced,7,2100,30692,84,-1,-1,0,0,7
B,4,45,Random,Balanced,8,2400,30787,84,-1,-1,0,0,8
B,4,45,Random,Balanced,9,2700,30888,84,-1,-1,0,0,9
B,4,45,Random,Balanced,10,3000,30986,84,-1,-1,0,0,10
B,4,45,Random,Balanced,11,3300,31074,84,-1,-1,0,0,11
B,4,45,Random,Balanced,12,3600,31168,84,-1,-1,0,0,12
B,4,45,Random,Balanced,13,3900,31266,84,-1,-1,0,0,13
B,4,45,Random,Balanced,14,4200,31379,84,-1,-1,0,0,14
B,4,45,Random,Balanced,15,4500,31474,84,-1,-1,0,0,15
B,4,45,Random,Balanced,16,4800,31555,84,-1,-1,0,0,16
B,4,45,Random,Balanced,17,5100,31657,84,-1,-1,0,0,17
B,4,45,Random,Balanced,18,5400,31760,84,-1,-1,0,0,18
B,4,45,Random,Balanced,19,5700,31855,84,-1,-1,0,0,19
B,4,45,Random,Balanced,20,6000,31948,84,-1,-1,0,0,20
B,4,45,Random,Balanced,21,6300,32059,96,-1,-1,0,0,21
B,4,45,Random,Balanced,22,6600,32157,96,-1,-1,0,0,22
B,4,45,Random,Balanced,23,6900,32246,96,-1,-1,0,0,23
B,4,45,Random,Balanced,24,7200,32334,96,-1,-1,0,0,24
B,4,45,Random,Balanced,25,7500,32431,96,-1,-1,0,0,25
B,4,45,Random,Balanced,26,7800,32536,96,-1,-1,0,0,26
B,4,45,Random,Balanced,27,8100,32632,96,-1,-1,0,0,27
B,4,45,Random,Balanced,28,8400,32732,96,-1,-1,0,0,28
B,4,45,Random,Balanced,29,8700,32827,96,-1,-1,0,0,29
B,4,45,Random,Balanced,30,9000,32921,96,-1,-1,0,0,30
B,4,45,Random,Balanced,31,9300,33025,96,-1,-1,0,0,31
B,4,45,Random,Balanced,32,9600,33130,96,-1,-1,0,0,32
B,4,45,Random,Balanced,33,9900,33242,96,-1,-1,0,0,33
B,4,45,Random,Balanced,34,10200,33354,96,-1,-1,0,0,34
B,4,45,Random,Balanced,35,10500,33442,96,-1,-1,0,0,35
B,4,45,Random,Balanced,36,10800,33536,96,-1,-1,0,0,36
B,4,45,Random,Balanced,37,11100,33626,96,-1,-1,0,0,37
B,4,45,Random,Balanced,38,11400,33730,96,-1,-1,0,0,38
B,4,45,Random,Balanced,39,11700,33831,96,-1,-1,0,0,39
B,4,45,Random,Balanced,40,12000,33936,96,-1,-1,0,0,40
B,4,45,Random,Balanced,41,12300,34033,105,-1,-1,0,0,41
B,4,45,Random,Balanced,42,12600,34126,105,-1,-1,0,0,42
B,4,45,Random,Balanced,43,12900,34222,105,-1,-1,0,0,43
B,4,45,Random,Balanced,44,13200,34308,105,-1,-1,0,0,44
B,4,45,Random,Balanced,45,13500,34395,105,-1,-1,0,0,45
B,4,45,Random,Balanced,46,13800,34481,105,-1,-1,0,0,46
B,4,45,Random,Balanced,47,14100,34581,105,-1,-1,0,0,47
B,4,45,Random,Balanced,48,14400,34668,105,-1,-1,0,0,48
B,4,45,Random,Balanced,49,14700,34764,105,-1,-1,0,0,49
B,4,45,Random,Balanced,50,15000,34861,105,-1,-1,0,0,50
B,4,45,Random,Balanced,51,15300,34959,105,-1,-1,0,0,51
B,4,45,Random,Balanced,52,15600,35052,105,-1,-1,0,0,52
B,4,45,Random,Balanced,53,15900,35156,105,-1,-1,0,0,53
B,4,45,Random,Balanced,54,16200,35249,105,-1,-1,0,0,54
B,4,45,Random,Balanced,55,16500,35352,105,-1,-1,0,0,55
B,4,45,Random,Balanced,56,16800,35468,105,-1,-1,0,0,56
B,4,45,Random,Balanced,57,17100,35572,105,-1,-1,0,0,57
B,4,45,Random,Balanced,58,17400,35676,105,-1,-1,0,0,58
B,4,45,Random,Balanced,59,17700,35769,105,-1,-1,0,0,59
B,4,45,Random,Balanced,60,18000,35866,105,-1,-1,0,0,60
B,4,45,Random,Balanced,61,18300,35970,110,-1,-1,0,0,61
B,4,45,Random,Balanced,62,18600,36066,110,-1,-1,0,0,62
B,4,45,Random,Balanced,63,18900,36164,110,-1,-1,0,0,63
B,4,45,Random,Balanced,64,19200,36265,110,-1,-1,0,0,64
B,4,45,Random,Balanced,65,19500,36371,110,-1,-1,0,0,65
B,4,45,Random,Balanced,66,19800,36480,110,-1,-1,0,0,66
B,4,45,Random,Balanced,67,20100,36569,110,-1,-1,0,0,67
B,4,45,Random,Balanced,68,20400,36680,110,-1,-1,0,0,68
B,4,45,Random,Balanced,69,20700,36767,110,-1,-1,0,0,69
B,4,45,Random,Balanced,70,21000,36868,110,-1,-1,0,0,70
B,4,45,Random,Balanced,71,21300,36962,110,-1,-1,0,0,71
B,4,45,Random,Balanced,72,21600,37055,110,-1,-1,0,0,72
B,4,45,Random,Balanced,73,21900,37150,110,-1,-1,0,0,73
B,4,45,Random,Balanced,74,22200,37242,110,-1,-1,0,0,74
B,4,45,Random,Balanced,75,22500,37322,110,-1,-1,0,0,75
B,4,45,Random,Balanced,76,22800,37419,110,-1,-1,0,0,76
B,4,45,Random,Balanced,77,23100,37530,110,-1,-1,0,0,77
B,4,45,Random,Balanced,78,23400,37620,110,-1,-1,0,0,78
B,4,45,Random,Balanced,79,23700,37733,110,-1,-1,0,0,79
B,4,45,Random,Balanced,80,24000,37837,110,-1,-1,0,0,80
B,4,45,Random,Balanced,81,24300,37934,113,-1,-1,0,0,81
B,4,45,Random,Balanced,82,24600,38025,113,-1,-1,0,0,82
B,4,45,Random,Balanced,83,24900,38130,113,-1,-1,0,0,83
B,4,45,Random,Balanced,84,25000,38164,113,-1,-1,0,0,84
B,4,45,Random,Insert-flood,1,300,30292,84,-1,-1,0,0,1
B,4,45,Random,Insert-flood,2,600,30582,84,-1,-1,0,0,2
B,4,45,Random,Insert-flood,3,900,30871,84,-1,-1,0,0,3
B,4,45,Random,Insert-flood,4,1200,31162,84,-1,-1,0,0,4
B,4,45,Random,Insert-flood,5,1500,31451,84,-1,-1,0,0,5
B,4,45,Random,Insert-flood,6,1800,31741,84,-1,-1,0,0,6
B,4,45,Random,Insert-flood,7,2100,32030,84,-1,-1,0,0,7
B,4,45,Random,Insert-flood,8,2400,32321,84,-1,-1,0,0,8
B,4,45,Random,Insert-flood,9,2700,32613,84,-1,-1,0,0,9
B,4,45,Random,Insert-flood,10,3000,32903,84,-1,-1,0,0,10
B,4,45,Random,Insert-flood,11,3300,33193,84,-1,-1,0,0,11
B,4,45,Random,Insert-flood,12,3600,33485,84,-1,-1,0,0,12
B,4,45,Random,Insert-flood,13,3900,33773,84,-1,-1,0,0,13
B,4,45,Random,Insert-flood,14,4200,34060,85,-1,-1,0,0,14
B,4,45,Random,Insert-flood,15,4500,34352,85,-1,-1,0,0,15
B,4,45,Random,Insert-flood,16,4800,34640,85,-1,-1,0,0,16
B,4,45,Random,Insert-flood,17,5100,34928,85,-1,-1,0,0,17
B,4,45,Random,Insert-flood,18,5400,35216,85,-1,-1,0,0,18
B,4,45,Random,Insert-flood,19,5700,35507,85,-1,-1,0,0,19
B,4,45,Random,Insert-flood,20,6000,35797,85,-1,-1,0,0,20
B,4,45,Random,Insert-flood,21,6300,36085,87,-1,-1,0,0,21
B,4,45,Random,Insert-flood,22,6600,36371,87,-1,-1,0,0,22
B,4,45,Random,Insert-flood,23,6900,36661,87,-1,-1,0,0,23
B,4,45,Random,Insert-flood,24,7200,36947,87,-1,-1,0,0,24
B,4,45,Random,Insert-flood,25,7500,37236,87,-1,-1,0,0,25
B,4,45,Random,Insert-flood,26,7800,37523,87,-1,-1,0,0,26
B,4,45,Random,Insert-flood,27,8100,37813,87,-1,-1,0,0,27
B,4,45,Random,Insert-flood,28,8400,38102,88,-1,-1,0,0,28
B,4,45,Random,Insert-flood,29,8700,38391,88,-1,-1,0,0,29
B,4,45,Random,Insert-flood,30,9000,38683,88,-1,-1,0,0,30
B,4,45,Random,Insert-flood,31,9300,38972,88,-1,-1,0,0,31
B,4,45,Random,Insert-flood,32,9600,39264,88,-1,-1,0,0,32
B,4,45,Random,Insert-flood,33,9900,39555,88,-1,-1,0,0,33
B,4,45,Random,Insert-flood,34,10200,39842,88,-1,-1,0,0,34
B,4,45,Random,Insert-flood,35,10500,40131,101,-1,-1,0,0,35
B,4,45,Random,Insert-flood,36,10800,40420,101,-1,-1,0,0,36
B,4,45,Random,Insert-flood,37,11100,40706,101,-1,-1,0,0,37
B,4,45,Random,Insert-flood,38,11400,40992,101,-1,-1,0,0,38
B,4,45,Random,Insert-flood,39,11700,41286,101,-1,-1,0,0,39
B,4,45,Random,Insert-flood,40,12000,41577,101,-1,-1,0,0,40
B,4,45,Random,Insert-flood,41,12300,41855,101,-1,-1,0,0,41
B,4,45,Random,Insert-flood,42,12600,42145,104,-1,-1,0,0,42
B,4,45,Random,Insert-flood,43,12900,42431,104,-1,-1,0,0,43
B,4,45,Random,Insert-flood,44,13200,42717,104,-1,-1,0,0,44
B,4,45,Random,Insert-flood,45,13500,43005,104,-1,-1,0,0,45
B,4,45,Random,Insert-flood,46,13800,43293,104,-1,-1,0,0,46
B,4,45,Random,Insert-flood,47,14100,43582,104,-1,-1,0,0,47
B,4,45,Random,Insert-flood,48,14400,43868,104,-1,-1,0,0,48
B,4,45,Random,Insert-flood,49,14700,44152,110,-1,-1,0,0,49
B,4,45,Random,Insert-flood,50,15000,44437,110,-1,-1,0,0,50
B,4,45,Random,Insert-flood,51,15300,44728,110,-1,-1,0,0,51
B,4,45,Random,Insert-flood,52,15600,45016,110,-1,-1,0,0,52
B,4,45,Random,Insert-flood,53,15900,45306,110,-1,-1,0,0,53
B,4,45,Random,Insert-flood,54,16200,45595,110,-1,-1,0,0,54
B,4,45,Random,Insert-flood,55,16500,45885,110,-1,-1,0,0,55
B,4,45,Random,Insert-flood,56,16800,46168,114,-1,-1,0,0,56
B,4,45,Random,Insert-flood,57,17100,46454,114,-1,-1,0,0,57
B,4,45,Random,Insert-flood,58,17400,46743,114,-1,-1,0,0,58
B,4,45,Random,Insert-flood,59,17700,47036,114,-1,-1,0,0,59
B,4,45,Random,Insert-flood,60,18000,47326,114,-1,-1,0,0,60
B,4,45,Random,Insert-flood,61,18300,47609,114,-1,-1,0,0,61
B,4,45,Random,Insert-flood,62,18600,47901,114,-1,-1,0,0,62
B,4,45,Random,Insert-flood,63,18900,48188,125,-1,-1,0,0,63
B,4,45,Random,Insert-flood,64,19200,48477,125,-1,-1,0,0,64
B,4,45,Random,Insert-flood,65,19500,48765,125,-1,-1,0,0,65
B,4,45,Random,Insert-flood,66,19800,49052,125,-1,-1,0,0,66
B,4,45,Random,Insert-flood,67,20100,49343,125,-1,-1,0,0,67
B,4,45,Random,Insert-flood,68,20400,49628,125,-1,-1,0,0,68
B,4,45,Random,Insert-flood,69,20700,49914,125,-1,-1,0,0,69
B,4,45,Random,Insert-flood,70,21000,50196,133,-1,-1,0,0,70
B,4,45,Random,Insert-flood,71,21300,50488,133,-1,-1,0,0,71
B,4,45,Random,Insert-flood,72,21600,50776,133,-1,-1,0,0,72
B,4,45,Random,Insert-flood,73,21900,51066,133,-1,-1,0,0,73
B,4,45,Random,Insert-flood,74,22200,51355,133,-1,-1,0,0,74
B,4,45,Random,Insert-flood,75,22500,51642,133,-1,-1,0,0,75
B,4,45,Random,Insert-flood,76,22800,51924,133,-1,-1,0,0,76
B,4,45,Random,Insert-flood,77,23100,52214,139,-1,-1,0,0,77
B,4,45,Random,Insert-flood,78,23400,52499,139,-1,-1,0,0,78
B,4,45,Random,Insert-flood,79,23700,52782,139,-1,-1,0,0,79
B,4,45,Random,Insert-flood,80,24000,53068,139,-1,-1,0,0,80
B,4,45,Random,Insert-flood,81,24300,53355,139,-1,-1,0,0,81
B,4,45,Random,Insert-flood,82,24600,53640,139,-1,-1,0,0,82
B,4,45,Random,Insert-flood,83,24900,53924,139,-1,-1,0,0,83
B,4,45,Random,Insert-flood,84,25000,54021,146,-1,-1,0,0,84
B,4,45,Random,Delete-flood,1,300,30012,84,-1,-1,0,0,1
B,4,45,Random,Delete-flood,2,600,30026,84,-1,-1,0,0,2
B,4,45,Random,Delete-flood,3,900,30036,84,-1,-1,0,0,3
B,4,45,Random,Delete-flood,4,1200,30051,84,-1,-1,0,0,4
B,4,45,Random,Delete-flood,5,1500,30073,84,-1,-1,0,0,5
B,4,45,Random,Delete-flood,6,1800,30081,84,-1,-1,0,0,6
B,4,45,Random,Delete-flood,7,2100,30099,84,-1,-1,0,0,7
B,4,45,Random,Delete-flood,8,2400,30117,84,-1,-1,0,0,8
B,4,45,Random,Delete-flood,9,2700,30130,84,-1,-1,0,0,9
B,4,45,Random,Delete-flood,10,3000,30141,84,-1,-1,0,0,10
B,4,45,Random,Delete-flood,11,3300,30152,84,-1,-1,0,0,11
B,4,45,Random,Delete-flood,12,3600,30164,84,-1,-1,0,0,12
B,4,45,Random,Delete-flood,13,3900,30179,84,-1,-1,0,0,13
B,4,45,Random,Delete-flood,14,4200,30188,84,-1,-1,0,0,14
B,4,45,Random,Delete-flood,15,4500,30197,84,-1,-1,0,0,15
B,4,45,Random,Delete-flood,16,4800,30208,84,-1,-1,0,0,16
B,4,45,Random,Delete-flood,17,5100,30219,84,-1,-1,0,0,17
B,4,45,Random,Delete-flood,18,5400,30229,84,-1,-1,0,0,18
B,4,45,Random,Delete-flood,19,5700,30246,84,-1,-1,0,0,19
B,4,45,Random,Delete-flood,20,6000,30262,84,-1,-1,0,0,20
B,4,45,Random,Delete-flood,21,6300,30274,84,-1,-1,0,0,21
B,4,45,Random,Delete-flood,22,6600,30286,84,-1,-1,0,0,22
B,4,45,Random,Delete-flood,23,6900,30298,84,-1,-1,0,0,23
B,4,45,Random,Delete-flood,24,7200,30310,84,-1,-1,0,0,24
B,4,45,Random,Delete-flood,25,7500,30331,84,-1,-1,0,0,25
B,4,45,Random,Delete-flood,26,7800,30349,84,-1,-1,0,0,26
B,4,45,Random,Delete-flood,27,8100,30370,84,-1,-1,0,0,27
B,4,45,Random,Delete-flood,28,8400,30386,84,-1,-1,0,0,28
B,4,45,Random,Delete-flood,29,8700,30392,84,-1,-1,0,0,29
B,4,45,Random,Delete-flood,30,9000,30410,84,-1,-1,0,0,30
B,4,45,Random,Delete-flood,31,9300,30424,84,-1,-1,0,0,31
B,4,45,Random,Delete-flood,32,9600,30435,84,-1,-1,0,0,32
B,4,45,Random,Delete-flood,33,9900,30451,84,-1,-1,0,0,33
B,4,45,Random,Delete-flood,34,10200,30459,84,-1,-1,0,0,34
B,4,45,Random,Delete-flood,35,10500,30472,84,-1,-1,0,0,35
B,4,45,Random,Delete-flood,36,10800,30492,84,-1,-1,0,0,36
B,4,45,Random,Delete-flood,37,11100,30510,84,-1,-1,0,0,37
B,4,45,Random,Delete-flood,38,11400,30526,84,-1,-1,0,0,38
B,4,45,Random,Delete-flood,39,11700,30540,84,-1,-1,0,0,39
B,4,45,Random,Delete-flood,40,12000,30556,84,-1,-1,0,0,40
B,4,45,Random,Delete-flood,41,12300,30569,84,-1,-1,0,0,41
B,4,45,Random,Delete-flood,42,12600,30581,84,-1,-1,0,0,42
B,4,45,Random,Delete-flood,43,12900,30601,84,-1,-1,0,0,43
B,4,45,Random,Delete-flood,44,13200,30613,84,-1,-1,0,0,44
B,4,45,Random,Delete-flood,45,13500,30625,84,-1,-1,0,0,45
B,4,45,Random,Delete-flood,46,13800,30636,84,-1,-1,0,0,46
B,4,45,Random,Delete-flood,47,14100,30646,84,-1,-1,0,0,47
B,4,45,Random,Delete-flood,48,14400,30661,84,-1,-1,0,0,48
B,4,45,Random,Delete-flood,49,14700,30674,84,-1,-1,0,0,49
B,4,45,Random,Delete-flood,50,15000,30681,84,-1,-1,0,0,50
B,4,45,Random,Delete-flood,51,15300,30694,84,-1,-1,0,0,51
B,4,45,Random,Delete-flood,52,15600,30715,84,-1,-1,0,0,52
B,4,45,Random,Delete-flood,53,15900,30728,84,-1,-1,0,0,53
B,4,45,Random,Delete-flood,54,16200,30739,84,-1,-1,0,0,54
B,4,45,Random,Delete-flood,55,16500,30747,84,-1,-1,0,0,55
B,4,45,Random,Delete-flood,56,16800,30763,84,-1,-1,0,0,56
B,4,45,Random,Delete-flood,57,17100,30768,84,-1,-1,0,0,57
B,4,45,Random,Delete-flood,58,17400,30786,84,-1,-1,0,0,58
B,4,45,Random,Delete-flood,59,17700,30796,84,-1,-1,0,0,59
B,4,45,Random,Delete-flood,60,18000,30815,84,-1,-1,0,0,60
B,4,45,Random,Delete-flood,61,18300,30827,84,-1,-1,0,0,61
B,4,45,Random,Delete-flood,62,18600,30835,84,-1,-1,0,0,62
B,4,45,Random,Delete-flood,63,18900,30847,84,-1,-1,0,0,63
B,4,45,Random,Delete-flood,64,19200,30858,84,-1,-1,0,0,64
B,4,45,Random,Delete-flood,65,19500,30872,84,-1,-1,0,0,65
B,4,45,Random,Delete-flood,66,19800,30884,84,-1,-1,0,0,66
B,4,45,Random,Delete-flood,67,20100,30900,84,-1,-1,0,0,67
B,4,45,Random,Delete-flood,68,20400,30910,84,-1,-1,0,0,68
B,4,45,Random,Delete-flood,69,20700,30922,84,-1,-1,0,0,69
B,4,45,Random,Delete-flood,70,21000,30938,84,-1,-1,0,0,70
B,4,45,Random,Delete-flood,71,21300,30955,84,-1,-1,0,0,71
B,4,45,Random,Delete-flood,72,21600,30971,84,-1,-1,0,0,72
B,4,45,Random,Delete-flood,73,21900,30976,84,-1,-1,0,0,73
B,4,45,Random,Delete-flood,74,22200,30986,84,-1,-1,0,0,74
B,4,45,Random,Delete-flood,75,22500,30999,84,-1,-1,0,0,75
B,4,45,Random,Delete-flood,76,22800,31008,84,-1,-1,0,0,76
B,4,45,Random,Delete-flood,77,23100,31022,84,-1,-1,0,0,77
B,4,45,Random,Delete-flood,78,23400,31032,84,-1,-1,0,0,78
B,4,45,Random,Delete-flood,79,23700,31042,84,-1,-1,0,0,79
B,4,45,Random,Delete-flood,80,24000,31050,84,-1,-1,0,0,80
B,4,45,Random,Delete-flood,81,24300,31066,84,-1,-1,0,0,81
B,4,45,Random,Delete-flood,82,24600,31072,84,-1,-1,0,0,82
B,4,45,Random,Delete-flood,83,24900,31085,84,-1,-1,0,0,83
B,4,45,Random,Delete-flood,84,25000,31088,84,-1,-1,0,0,84
B,4,45,Random,Write-heavy,1,300,30151,84,-1,-1,0,0,1
B,4,45,Random,Write-heavy,2,600,30302,84,-1,-1,0,0,2
B,4,45,Random,Write-heavy,3,900,30445,84,-1,-1,0,0,3
B,4,45,Random,Write-heavy,4,1200,30582,84,-1,-1,0,0,4
B,4,45,Random,Write-heavy,5,1500,30734,84,-1,-1,0,0,5
B,4,45,Random,Write-heavy,6,1800,30886,84,-1,-1,0,0,6
B,4,45,Random,Write-heavy,7,2100,31042,84,-1,-1,0,0,7
B,4,45,Random,Write-heavy,8,2400,31181,84,-1,-1,0,0,8
B,4,45,Random,Write-heavy,9,2700,31336,84,-1,-1,0,0,9
B,4,45,Random,Write-heavy,10,3000,31512,84,-1,-1,0,0,10
B,4,45,Random,Write-heavy,11,3300,31667,84,-1,-1,0,0,11
B,4,45,Random,Write-heavy,12,3600,31812,84,-1,-1,0,0,12
B,4,45,Random,Write-heavy,13,3900,31952,84,-1,-1,0,0,13
B,4,45,Random,Write-heavy,14,4200,32113,84,-1,-1,0,0,14
B,4,45,Random,Write-heavy,15,4500,32276,84,-1,-1,0,0,15
B,4,45,Random,Write-heavy,16,4800,32425,84,-1,-1,0,0,16
B,4,45,Random,Write-heavy,17,5100,32577,84,-1,-1,0,0,17
B,4,45,Random,Write-heavy,18,5400,32720,84,-1,-1,0,0,18
B,4,45,Random,Write-heavy,19,5700,32868,84,-1,-1,0,0,19
B,4,45,Random,Write-heavy,20,6000,33008,84,-1,-1,0,0,20
B,4,45,Random,Write-heavy,21,6300,33161,84,-1,-1,0,0,21
B,4,45,Random,Write-heavy,22,6600,33327,84,-1,-1,0,0,22
B,4,45,Random,Write-heavy,23,6900,33466,84,-1,-1,0,0,23
B,4,45,Random,Write-heavy,24,7200,33620,84,-1,-1,0,0,24
B,4,45,Random,Write-heavy,25,7500,33774,84,-1,-1,0,0,25
B,4,45,Random,Write-heavy,26,7800,33925,84,-1,-1,0,0,26
B,4,45,Random,Write-heavy,27,8100,34067,87,-1,-1,0,0,27
B,4,45,Random,Write-heavy,28,8400,34209,87,-1,-1,0,0,28
B,4,45,Random,Write-heavy,29,8700,34365,87,-1,-1,0,0,29
B,4,45,Random,Write-heavy,30,9000,34513,87,-1,-1,0,0,30
B,4,45,Random,Write-heavy,31,9300,34645,87,-1,-1,0,0,31
B,4,45,Random,Write-heavy,32,9600,34785,87,-1,-1,0,0,32
B,4,45,Random,Write-heavy,33,9900,34922,87,-1,-1,0,0,33
B,4,45,Random,Write-heavy,34,10200,35062,87,-1,-1,0,0,34
B,4,45,Random,Write-heavy,35,10500,35208,87,-1,-1,0,0,35
B,4,45,Random,Write-heavy,36,10800,35355,87,-1,-1,0,0,36
B,4,45,Random,Write-heavy,37,11100,35505,87,-1,-1,0,0,37
B,4,45,Random,Write-heavy,38,11400,35647,87,-1,-1,0,0,38
B,4,45,Random,Write-heavy,39,11700,35799,87,-1,-1,0,0,39
B,4,45,Random,Write-heavy,40,12000,35950,88,-1,-1,0,0,40
B,4,45,Random,Write-heavy,41,12300,36103,88,-1,-1,0,0,41
B,4,45,Random,Write-heavy,42,12600,36249,88,-1,-1,0,0,42
B,4,45,Random,Write-heavy,43,12900,36402,88,-1,-1,0,0,43
B,4,45,Random,Write-heavy,44,13200,36540,88,-1,-1,0,0,44
B,4,45,Random,Write-heavy,45,13500,36688,88,-1,-1,0,0,45
B,4,45,Random,Write-heavy,46,13800,36839,88,-1,-1,0,0,46
B,4,45,Random,Write-heavy,47,14100,36993,88,-1,-1,0,0,47
B,4,45,Random,Write-heavy,48,14400,37139,88,-1,-1,0,0,48
B,4,45,Random,Write-heavy,49,14700,37316,88,-1,-1,0,0,49
B,4,45,Random,Write-heavy,50,15000,37452,88,-1,-1,0,0,50
B,4,45,Random,Write-heavy,51,15300,37597,88,-1,-1,0,0,51
B,4,45,Random,Write-heavy,52,15600,37740,88,-1,-1,0,0,52
B,4,45,Random,Write-heavy,53,15900,37885,88,-1,-1,0,0,53
B,4,45,Random,Write-heavy,54,16200,38036,100,-1,-1,0,0,54
B,4,45,Random,Write-heavy,55,16500,38188,100,-1,-1,0,0,55
B,4,45,Random,Write-heavy,56,16800,38352,100,-1,-1,0,0,56
B,4,45,Random,Write-heavy,57,17100,38496,100,-1,-1,0,0,57
B,4,45,Random,Write-heavy,58,17400,38643,100,-1,-1,0,0,58
B,4,45,Random,Write-heavy,59,17700,38795,100,-1,-1,0,0,59
B,4,45,Random,Write-heavy,60,18000,38954,100,-1,-1,0,0,60
B,4,45,Random,Write-heavy,61,18300,39122,100,-1,-1,0,0,61
B,4,45,Random,Write-heavy,62,18600,39260,100,-1,-1,0,0,62
B,4,45,Random,Write-heavy,63,18900,39408,100,-1,-1,0,0,63
B,4,45,Random,Write-heavy,64,19200,39565,100,-1,-1,0,0,64
B,4,45,Random,Write-heavy,65,19500,39718,100,-1,-1,0,0,65
B,4,45,Random,Write-heavy,66,19800,39873,104,-1,-1,0,0,66
B,4,45,Random,Write-heavy,67,20100,40004,104,-1,-1,0,0,67
B,4,45,Random,Write-heavy,68,20400,40160,104,-1,-1,0,0,68
B,4,45,Random,Write-heavy,69,20700,40314,104,-1,-1,0,0,69
B,4,45,Random,Write-heavy,70,21000,40445,104,-1,-1,0,0,70
B,4,45,Random,Write-heavy,71,21300,40590,104,-1,-1,0,0,71
B,4,45,Random,Write-heavy,72,21600,40730,104,-1,-1,0,0,72
B,4,45,Random,Write-heavy,73,21900,40889,104,-1,-1,0,0,73
B,4,45,Random,Write-heavy,74,22200,41043,104,-1,-1,0,0,74
B,4,45,Random,Write-heavy,75,22500,41185,104,-1,-1,0,0,75
B,4,45,Random,Write-heavy,76,22800,41332,104,-1,-1,0,0,76
B,4,45,Random,Write-heavy,77,23100,41484,104,-1,-1,0,0,77
B,4,45,Random,Write-heavy,78,23400,41629,104,-1,-1,0,0,78
B,4,45,Random,Write-heavy,79,23700,41770,104,-1,-1,0,0,79
B,4,45,Random,Write-heavy,80,24000,41915,110,-1,-1,0,0,80
B,4,45,Random,Write-heavy,81,24300,42067,110,-1,-1,0,0,81
B,4,45,Random,Write-heavy,82,24600,42208,110,-1,-1,0,0,82
B,4,45,Random,Write-heavy,83,24900,42347,110,-1,-1,0,0,83
B,4,45,Random,Write-heavy,84,25000,42403,110,-1,-1,0,0,84
B,4,45,Sorted-asc,Balanced,1,300,30093,172,-1,-1,0,0,1
B,4,45,Sorted-asc,Balanced,2,600,30186,172,-1,-1,0,0,2
B,4,45,Sorted-asc,Balanced,3,900,30262,172,-1,-1,0,0,3
B,4,45,Sorted-asc,Balanced,4,1200,30355,172,0,0,1,1,3
B,4,45,Sorted-asc,Balanced,5,1500,30449,172,0,0,1,1,3
B,4,45,Sorted-asc,Balanced,6,1800,30537,172,0,0,1,1,3
B,4,45,Sorted-asc,Balanced,7,2100,30618,172,0,0,1,1,3
B,4,45,Sorted-asc,Balanced,8,2400,30698,172,0,0,1,1,3
B,4,45,Sorted-asc,Balanced,9,2700,30779,172,0,0,1,1,3
B,4,45,Sorted-asc,Balanced,10,3000,30846,172,0,0,1,1,3
B,4,45,Sorted-asc,Balanced,11,3300,30921,172,0,0,1,1,3
B,4,45,Sorted-asc,Balanced,12,3600,30986,172,0,0,1,1,3
B,4,45,Sorted-asc,Balanced,13,3900,31057,172,0,0,1,1,3
B,4,45,Sorted-asc,Balanced,14,4200,31131,172,0,0,1,1,3
B,4,45,Sorted-asc,Balanced,15,4500,31216,172,0,0,1,1,3
B,4,45,Sorted-asc,Balanced,16,4800,31292,172,0,0,1,1,3
B,4,45,Sorted-asc,Balanced,17,5100,31371,172,0,0,1,1,3
B,4,45,Sorted-asc,Balanced,18,5400,31450,172,0,0,1,1,3
B,4,45,Sorted-asc,Balanced,19,5700,31522,172,0,0,1,1,3
B,4,45,Sorted-asc,Balanced,20,6000,31591,172,0,0,1,1,3
B,4,45,Sorted-asc,Balanced,21,6300,31677,182,0,0,1,1,3
B,4,45,Sorted-asc,Balanced,22,6600,31739,182,0,0,1,1,3
B,4,45,Sorted-asc,Balanced,23,6900,31828,182,0,0,1,1,3
B,4,45,Sorted-asc,Balanced,24,7200,31912,182,0,0,1,1,3
B,4,45,Sorted-asc,Balanced,25,7500,31991,182,0,0,1,1,3
B,4,45,Sorted-asc,Balanced,26,7800,32075,182,0,0,1,1,3
B,4,45,Sorted-asc,Balanced,27,8100,32153,182,0,0,1,1,3
B,4,45,Sorted-asc,Balanced,28,8400,32222,182,0,0,1,1,3
B,4,45,Sorted-asc,Balanced,29,8700,32287,182,0,0,1,1,3
B,4,45,Sorted-asc,Balanced,30,9000,32369,182,0,0,1,1,3
B,4,45,Sorted-asc,Balanced,31,9300,32444,182,0,0,1,1,3
B,4,45,Sorted-asc,Balanced,32,9600,32527,182,0,0,1,1,3
B,4,45,Sorted-asc,Balanced,33,9900,32606,182,0,0,1,1,3
B,4,45,Sorted-asc,Balanced,34,10200,32695,182,0,0,1,1,3
B,4,45,Sorted-asc,Balanced,35,10500,32779,182,0,0,1,1,3
B,4,45,Sorted-asc,Balanced,36,10800,32856,182,0,0,1,1,3
B,4,45,Sorted-asc,Balanced,37,11100,32941,182,0,0,1,1,3
B,4,45,Sorted-asc,Balanced,38,11400,33032,182,0,0,1,1,3
B,4,45,Sorted-asc,Balanced,39,11700,33100,182,0,0,1,1,3
B,4,45,Sorted-asc,Balanced,40,12000,33169,182,0,0,1,1,3
B,4,45,Sorted-asc,Balanced,41,12300,33226,182,0,0,1,1,3
B,4,45,Sorted-asc,Balanced,42,12600,33294,182,0,0,1,1,3
B,4,45,Sorted-asc,Balanced,43,12900,33370,182,0,0,1,1,3
B,4,45,Sorted-asc,Balanced,44,13200,33447,182,0,0,1,1,3
B,4,45,Sorted-asc,Balanced,45,13500,33517,182,0,0,1,1,3
B,4,45,Sorted-asc,Balanced,46,13800,33590,182,0,0,1,1,3
B,4,45,Sorted-asc,Balanced,47,14100,33665,182,0,0,1,1,3
B,4,45,Sorted-asc,Balanced,48,14400,33749,182,0,0,1,1,3
B,4,45,Sorted-asc,Balanced,49,14700,33836,182,0,0,1,1,3
B,4,45,Sorted-asc,Balanced,50,15000,33912,182,0,0,1,1,3
B,4,45,Sorted-asc,Balanced,51,15300,33983,182,0,0,1,1,3
B,4,45,Sorted-asc,Balanced,52,15600,34069,182,0,0,1,1,3
B,4,45,Sorted-asc,Balanced,53,15900,34152,182,0,0,1,1,3
B,4,45,Sorted-asc,Balanced,54,16200,34225,182,0,0,1,1,3
B,4,45,Sorted-asc,Balanced,55,16500,34300,182,0,0,1,1,3
B,4,45,Sorted-asc,Balanced,56,16800,34374,182,0,0,1,1,3
B,4,45,Sorted-asc,Balanced,57,17100,34437,182,0,0,1,1,3
B,4,45,Sorted-asc,Balanced,58,17400,34533,182,0,0,1,1,3
B,4,45,Sorted-asc,Balanced,59,17700,34599,182,0,0,1,1,3
B,4,45,Sorted-asc,Balanced,60,18000,34692,182,0,0,1,1,3
B,4,45,Sorted-asc,Balanced,61,18300,34781,183,0,0,1,1,3
B,4,45,Sorted-asc,Balanced,62,18600,34866,183,0,0,1,1,3
B,4,45,Sorted-asc,Balanced,63,18900,34940,183,0,0,1,1,3
B,4,45,Sorted-asc,Balanced,64,19200,35006,183,0,0,1,1,3
B,4,45,Sorted-asc,Balanced,65,19500,35085,183,0,0,1,1,3
B,4,45,Sorted-asc,Balanced,66,19800,35163,183,0,0,1,1,3
B,4,45,Sorted-asc,Balanced,67,20100,35238,183,0,0,1,1,3
B,4,45,Sorted-asc,Balanced,68,20400,35326,183,0,0,1,1,3
B,4,45,Sorted-asc,Balanced,69,20700,35406,183,0,0,1,1,3
B,4,45,Sorted-asc,Balanced,70,21000,35471,183,0,0,1,1,3
B,4,45,Sorted-asc,Balanced,71,21300,35535,183,0,0,1,1,3
B,4,45,Sorted-asc,Balanced,72,21600,35607,183,0,0,1,1,3
B,4,45,Sorted-asc,Balanced,73,21900,35684,183,0,0,1,1,3
B,4,45,Sorted-asc,Balanced,74,22200,35764,183,0,0,1,1,3
B,4,45,Sorted-asc,Balanced,75,22500,35844,183,0,0,1,1,3
B,4,45,Sorted-asc,Balanced,76,22800,35926,183,0,0,1,1,3
B,4,45,Sorted-asc,Balanced,77,23100,35996,183,0,0,1,1,3
B,4,45,Sorted-asc,Balanced,78,23400,36076,183,0,0,1,1,3
B,4,45,Sorted-asc,Balanced,79,23700,36160,183,0,0,1,1,3
B,4,45,Sorted-asc,Balanced,80,24000,36244,183,0,0,1,1,3
B,4,45,Sorted-asc,Balanced,81,24300,36324,183,0,0,1,1,3
B,4,45,Sorted-asc,Balanced,82,24600,36392,187,0,0,1,1,3
B,4,45,Sorted-asc,Balanced,83,24900,36480,187,0,0,1,1,3
B,4,45,Sorted-asc,Balanced,84,25000,36504,187,0,0,1,1,3
B,4,45,Sorted-asc,Insert-flood,1,300,30258,172,-1,-1,0,0,1
B,4,45,Sorted-asc,Insert-flood,2,600,30524,172,0,0,1,1,1
B,4,45,Sorted-asc,Insert-flood,3,900,30781,172,0,0,1,1,1
B,4,45,Sorted-asc,Insert-flood,4,1200,31044,172,0,0,1,1,1
B,4,45,Sorted-asc,Insert-flood,5,1500,31312,172,0,0,1,1,1
B,4,45,Sorted-asc,Insert-flood,6,1800,31566,172,0,0,1,1,1
B,4,45,Sorted-asc,Insert-flood,7,2100,31815,172,0,0,1,1,1
B,4,45,Sorted-asc,Insert-flood,8,2400,32094,183,0,0,1,1,1
B,4,45,Sorted-asc,Insert-flood,9,2700,32359,183,0,0,1,1,1
B,4,45,Sorted-asc,Insert-flood,10,3000,32626,183,0,0,1,1,1
B,4,45,Sorted-asc,Insert-flood,11,3300,32897,183,0,0,1,1,1
B,4,45,Sorted-asc,Insert-flood,12,3600,33168,183,0,0,1,1,1
B,4,45,Sorted-asc,Insert-flood,13,3900,33433,183,0,0,1,1,1
B,4,45,Sorted-asc,Insert-flood,14,4200,33689,183,0,0,1,1,1
B,4,45,Sorted-asc,Insert-flood,15,4500,33961,183,0,0,1,1,1
B,4,45,Sorted-asc,Insert-flood,16,4800,34221,188,0,0,1,1,1
B,4,45,Sorted-asc,Insert-flood,17,5100,34482,188,0,0,1,1,1
B,4,45,Sorted-asc,Insert-flood,18,5400,34750,188,0,0,1,1,1
B,4,45,Sorted-asc,Insert-flood,19,5700,35009,188,0,0,1,1,1
B,4,45,Sorted-asc,Insert-flood,20,6000,35268,188,0,0,1,1,1
B,4,45,Sorted-asc,Insert-flood,21,6300,35526,188,-1,-1,0,0,2
B,4,45,Sorted-asc,Insert-flood,22,6600,35783,188,-1,-1,0,0,3
B,4,45,Sorted-asc,Insert-flood,23,6900,36036,194,0,0,1,1,3
B,4,45,Sorted-asc,Insert-flood,24,7200,36301,194,0,0,1,1,3
B,4,45,Sorted-asc,Insert-flood,25,7500,36558,194,0,0,1,1,3
B,4,45,Sorted-asc,Insert-flood,26,7800,36823,194,0,0,1,1,3
B,4,45,Sorted-asc,Insert-flood,27,8100,37079,194,0,0,1,1,3
B,4,45,Sorted-asc,Insert-flood,28,8400,37343,194,0,0,1,1,3
B,4,45,Sorted-asc,Insert-flood,29,8700,37605,194,0,0,1,1,3
B,4,45,Sorted-asc,Insert-flood,30,9000,37871,194,0,0,1,1,3
B,4,45,Sorted-asc,Insert-flood,31,9300,38129,197,-1,-1,0,0,4
B,4,45,Sorted-asc,Insert-flood,32,9600,38392,197,0,0,1,1,4
B,4,45,Sorted-asc,Insert-flood,33,9900,38663,197,0,0,1,1,4
B,4,45,Sorted-asc,Insert-flood,34,10200,38935,197,0,0,1,1,4
B,4,45,Sorted-asc,Insert-flood,35,10500,39198,197,0,0,1,1,4
B,4,45,Sorted-asc,Insert-flood,36,10800,39450,197,0,0,1,1,4
B,4,45,Sorted-asc,Insert-flood,37,11100,39706,197,0,0,1,1,4
B,4,45,Sorted-asc,Insert-flood,38,11400,39964,197,0,0,1,1,4
B,4,45,Sorted-asc,Insert-flood,39,11700,40225,198,0,0,1,1,4
B,4,45,Sorted-asc,Insert-flood,40,12000,40481,198,0,0,1,1,4
B,4,45,Sorted-asc,Insert-flood,41,12300,40746,198,-1,-1,0,0,5
B,4,45,Sorted-asc,Insert-flood,42,12600,41001,198,0,0,1,1,5
B,4,45,Sorted-asc,Insert-flood,43,12900,41263,198,0,0,1,1,5
B,4,45,Sorted-asc,Insert-flood,44,13200,41531,198,0,0,1,1,5
B,4,45,Sorted-asc,Insert-flood,45,13500,41796,198,0,0,1,1,5
B,4,45,Sorted-asc,Insert-flood,46,13800,42058,211,0,0,1,1,5
B,4,45,Sorted-asc,Insert-flood,47,14100,42317,211,0,0,1,1,5
B,4,45,Sorted-asc,Insert-flood,48,14400,42576,211,0,0,1,1,5
B,4,45,Sorted-asc,Insert-flood,49,14700,42841,211,0,0,1,1,5
B,4,45,Sorted-asc,Insert-flood,50,15000,43112,211,0,0,1,1,5
B,4,45,Sorted-asc,Insert-flood,51,15300,43372,211,0,0,1,1,5
B,4,45,Sorted-asc,Insert-flood,52,15600,43628,211,0,0,1,1,5
B,4,45,Sorted-asc,Insert-flood,53,15900,43896,211,0,0,1,1,5
B,4,45,Sorted-asc,Insert-flood,54,16200,44158,215,0,0,1,1,5
B,4,45,Sorted-asc,Insert-flood,55,16500,44420,215,0,0,1,1,5
B,4,45,Sorted-asc,Insert-flood,56,16800,44672,215,0,0,1,1,5
B,4,45,Sorted-asc,Insert-flood,57,17100,44936,215,0,0,1,1,5
B,4,45,Sorted-asc,Insert-flood,58,17400,45209,215,0,0,1,1,5
B,4,45,Sorted-asc,Insert-flood,59,17700,45473,215,0,0,1,1,5
B,4,45,Sorted-asc,Insert-flood,60,18000,45740,215,0,0,1,1,5
B,4,45,Sorted-asc,Insert-flood,61,18300,45998,217,0,0,1,1,5
B,4,45,Sorted-asc,Insert-flood,62,18600,46264,217,0,0,1,1,5
B,4,45,Sorted-asc,Insert-flood,63,18900,46521,217,0,0,1,1,5
B,4,45,Sorted-asc,Insert-flood,64,19200,46785,217,0,0,1,1,5
B,4,45,Sorted-asc,Insert-flood,65,19500,47045,217,0,0,1,1,5
B,4,45,Sorted-asc,Insert-flood,66,19800,47314,217,0,0,1,1,5
B,4,45,Sorted-asc,Insert-flood,67,20100,47570,217,0,0,1,1,5
B,4,45,Sorted-asc,Insert-flood,68,20400,47830,217,0,0,1,1,5
B,4,45,Sorted-asc,Insert-flood,69,20700,48089,227,0,0,1,1,5
B,4,45,Sorted-asc,Insert-flood,70,21000,48353,227,0,0,1,1,5
B,4,45,Sorted-asc,Insert-flood,71,21300,48616,227,0,0,1,1,5
B,4,45,Sorted-asc,Insert-flood,72,21600,48875,227,0,0,1,1,5
B,4,45,Sorted-asc,Insert-flood,73,21900,49132,227,0,0,1,1,5
B,4,45,Sorted-asc,Insert-flood,74,22200,49393,227,0,0,1,1,5
B,4,45,Sorted-asc,Insert-flood,75,22500,49640,227,0,0,1,1,5
B,4,45,Sorted-asc,Insert-flood,76,22800,49894,227,0,0,1,1,5
B,4,45,Sorted-asc,Insert-flood,77,23100,50157,232,0,0,1,1,5
B,4,45,Sorted-asc,Insert-flood,78,23400,50421,232,0,0,1,1,5
B,4,45,Sorted-asc,Insert-flood,79,23700,50680,232,0,0,1,1,5
B,4,45,Sorted-asc,Insert-flood,80,24000,50945,232,0,0,1,1,5
B,4,45,Sorted-asc,Insert-flood,81,24300,51207,232,0,0,1,1,5
B,4,45,Sorted-asc,Insert-flood,82,24600,51471,232,0,0,1,1,5
B,4,45,Sorted-asc,Insert-flood,83,24900,51747,232,0,0,1,1,5
B,4,45,Sorted-asc,Insert-flood,84,25000,51838,232,0,0,1,1,5
B,4,45,Sorted-asc,Delete-flood,1,300,29982,172,0,0,1,1,0
B,4,45,Sorted-asc,Delete-flood,2,600,29970,172,-1,-1,0,0,1
B,4,45,Sorted-asc,Delete-flood,3,900,29960,172,-1,-1,0,0,2
B,4,45,Sorted-asc,Delete-flood,4,1200,29945,172,-1,-1,0,0,3
B,4,45,Sorted-asc,Delete-flood,5,1500,29930,172,-1,-1,0,0,4
B,4,45,Sorted-asc,Delete-flood,6,1800,29910,172,-1,-1,0,0,5
B,4,45,Sorted-asc,Delete-flood,7,2100,29899,172,-1,-1,0,0,6
B,4,45,Sorted-asc,Delete-flood,8,2400,29897,172,0,0,1,1,6
B,4,45,Sorted-asc,Delete-flood,9,2700,29883,172,0,0,1,1,6
B,4,45,Sorted-asc,Delete-flood,10,3000,29865,172,0,0,1,1,6
B,4,45,Sorted-asc,Delete-flood,11,3300,29856,172,0,0,1,1,6
B,4,45,Sorted-asc,Delete-flood,12,3600,29843,172,0,0,1,1,6
B,4,45,Sorted-asc,Delete-flood,13,3900,29834,172,0,0,1,1,6
B,4,45,Sorted-asc,Delete-flood,14,4200,29819,172,0,0,1,1,6
B,4,45,Sorted-asc,Delete-flood,15,4500,29803,172,0,0,1,1,6
B,4,45,Sorted-asc,Delete-flood,16,4800,29797,172,0,0,1,1,6
B,4,45,Sorted-asc,Delete-flood,17,5100,29790,172,-1,-1,0,0,7
B,4,45,Sorted-asc,Delete-flood,18,5400,29779,172,-1,-1,0,0,8
B,4,45,Sorted-asc,Delete-flood,19,5700,29766,172,-1,-1,0,0,9
B,4,45,Sorted-asc,Delete-flood,20,6000,29747,172,-1,-1,0,0,10
B,4,45,Sorted-asc,Delete-flood,21,6300,29737,172,-1,-1,0,0,11
B,4,45,Sorted-asc,Delete-flood,22,6600,29731,172,0,0,1,1,11
B,4,45,Sorted-asc,Delete-flood,23,6900,29720,172,0,0,1,1,11
B,4,45,Sorted-asc,Delete-flood,24,7200,29693,172,0,0,1,1,11
B,4,45,Sorted-asc,Delete-flood,25,7500,29675,172,0,0,1,1,11
B,4,45,Sorted-asc,Delete-flood,26,7800,29670,172,0,0,1,1,11
B,4,45,Sorted-asc,Delete-flood,27,8100,29658,172,0,0,1,1,11
B,4,45,Sorted-asc,Delete-flood,28,8400,29643,172,0,0,1,1,11
B,4,45,Sorted-asc,Delete-flood,29,8700,29627,172,0,0,1,1,11
B,4,45,Sorted-asc,Delete-flood,30,9000,29602,172,0,0,1,1,11
B,4,45,Sorted-asc,Delete-flood,31,9300,29585,172,0,0,1,1,11
B,4,45,Sorted-asc,Delete-flood,32,9600,29573,172,0,0,1,1,11
B,4,45,Sorted-asc,Delete-flood,33,9900,29566,172,0,0,1,1,11
B,4,45,Sorted-asc,Delete-flood,34,10200,29551,172,0,0,1,1,11
B,4,45,Sorted-asc,Delete-flood,35,10500,29546,172,0,0,1,1,11
B,4,45,Sorted-asc,Delete-flood,36,10800,29534,172,0,0,1,1,11
B,4,45,Sorted-asc,Delete-flood,37,11100,29511,172,0,0,1,1,11
B,4,45,Sorted-asc,Delete-flood,38,11400,29497,172,0,0,1,1,11
B,4,45,Sorted-asc,Delete-flood,39,11700,29477,172,0,0,1,1,11
B,4,45,Sorted-asc,Delete-flood,40,12000,29461,172,0,0,1,1,11
B,4,45,Sorted-asc,Delete-flood,41,12300,29449,172,0,0,1,1,11
B,4,45,Sorted-asc,Delete-flood,42,12600,29431,172,0,0,1,1,11
B,4,45,Sorted-asc,Delete-flood,43,12900,29418,172,0,0,1,1,11
B,4,45,Sorted-asc,Delete-flood,44,13200,29389,172,0,0,1,1,11
B,4,45,Sorted-asc,Delete-flood,45,13500,29387,172,0,0,1,1,11
B,4,45,Sorted-asc,Delete-flood,46,13800,29372,172,0,0,1,1,11
B,4,45,Sorted-asc,Delete-flood,47,14100,29348,172,0,0,1,1,11
B,4,45,Sorted-asc,Delete-flood,48,14400,29334,176,0,0,1,1,11
B,4,45,Sorted-asc,Delete-flood,49,14700,29313,176,0,0,1,1,11
B,4,45,Sorted-asc,Delete-flood,50,15000,29311,176,0,0,1,1,11
B,4,45,Sorted-asc,Delete-flood,51,15300,29306,176,0,0,1,1,11
B,4,45,Sorted-asc,Delete-flood,52,15600,29300,176,0,0,1,1,11
B,4,45,Sorted-asc,Delete-flood,53,15900,29292,176,0,0,1,1,11
B,4,45,Sorted-asc,Delete-flood,54,16200,29277,176,0,0,1,1,11
B,4,45,Sorted-asc,Delete-flood,55,16500,29271,176,0,0,1,1,11
B,4,45,Sorted-asc,Delete-flood,56,16800,29259,176,0,0,1,1,11
B,4,45,Sorted-asc,Delete-flood,57,17100,29251,176,0,0,1,1,11
B,4,45,Sorted-asc,Delete-flood,58,17400,29224,176,0,0,1,1,11
B,4,45,Sorted-asc,Delete-flood,59,17700,29203,176,0,0,1,1,11
B,4,45,Sorted-asc,Delete-flood,60,18000,29186,176,0,0,1,1,11
B,4,45,Sorted-asc,Delete-flood,61,18300,29175,176,0,0,1,1,11
B,4,45,Sorted-asc,Delete-flood,62,18600,29166,176,0,0,1,1,11
B,4,45,Sorted-asc,Delete-flood,63,18900,29151,176,0,0,1,1,11
B,4,45,Sorted-asc,Delete-flood,64,19200,29143,176,0,0,1,1,11
B,4,45,Sorted-asc,Delete-flood,65,19500,29138,176,0,0,1,1,11
B,4,45,Sorted-asc,Delete-flood,66,19800,29122,176,0,0,1,1,11
B,4,45,Sorted-asc,Delete-flood,67,20100,29105,176,0,0,1,1,11
B,4,45,Sorted-asc,Delete-flood,68,20400,29094,176,0,0,1,1,11
B,4,45,Sorted-asc,Delete-flood,69,20700,29083,176,0,0,1,1,11
B,4,45,Sorted-asc,Delete-flood,70,21000,29075,176,0,0,1,1,11
B,4,45,Sorted-asc,Delete-flood,71,21300,29051,176,0,0,1,1,11
B,4,45,Sorted-asc,Delete-flood,72,21600,29029,176,0,0,1,1,11
B,4,45,Sorted-asc,Delete-flood,73,21900,29018,176,0,0,1,1,11
B,4,45,Sorted-asc,Delete-flood,74,22200,29007,176,0,0,1,1,11
B,4,45,Sorted-asc,Delete-flood,75,22500,28996,176,0,0,1,1,11
B,4,45,Sorted-asc,Delete-flood,76,22800,28981,176,0,0,1,1,11
B,4,45,Sorted-asc,Delete-flood,77,23100,28975,176,0,0,1,1,11
B,4,45,Sorted-asc,Delete-flood,78,23400,28962,176,0,0,1,1,11
B,4,45,Sorted-asc,Delete-flood,79,23700,28958,176,0,0,1,1,11
B,4,45,Sorted-asc,Delete-flood,80,24000,28944,176,0,0,1,1,11
B,4,45,Sorted-asc,Delete-flood,81,24300,28931,176,0,0,1,1,11
B,4,45,Sorted-asc,Delete-flood,82,24600,28917,176,0,0,1,1,11
B,4,45,Sorted-asc,Delete-flood,83,24900,28908,176,0,0,1,1,11
B,4,45,Sorted-asc,Delete-flood,84,25000,28903,176,0,0,1,1,11
B,4,45,Sorted-asc,Write-heavy,1,300,30115,172,-1,-1,0,0,1
B,4,45,Sorted-asc,Write-heavy,2,600,30250,172,-1,-1,0,0,2
B,4,45,Sorted-asc,Write-heavy,3,900,30377,172,0,0,1,1,2
B,4,45,Sorted-asc,Write-heavy,4,1200,30495,172,0,0,1,1,2
B,4,45,Sorted-asc,Write-heavy,5,1500,30616,172,0,0,1,1,2
B,4,45,Sorted-asc,Write-heavy,6,1800,30727,172,0,0,1,1,2
B,4,45,Sorted-asc,Write-heavy,7,2100,30847,172,0,0,1,1,2
B,4,45,Sorted-asc,Write-heavy,8,2400,30976,172,0,0,1,1,2
B,4,45,Sorted-asc,Write-heavy,9,2700,31102,172,0,0,1,1,2
B,4,45,Sorted-asc,Write-heavy,10,3000,31215,172,0,0,1,1,2
B,4,45,Sorted-asc,Write-heavy,11,3300,31343,172,0,0,1,1,2
B,4,45,Sorted-asc,Write-heavy,12,3600,31456,172,0,0,1,1,2
B,4,45,Sorted-asc,Write-heavy,13,3900,31578,172,0,0,1,1,2
B,4,45,Sorted-asc,Write-heavy,14,4200,31717,182,0,0,1,1,2
B,4,45,Sorted-asc,Write-heavy,15,4500,31840,182,0,0,1,1,2
B,4,45,Sorted-asc,Write-heavy,16,4800,31981,182,0,0,1,1,2
B,4,45,Sorted-asc,Write-heavy,17,5100,32100,182,0,0,1,1,2
B,4,45,Sorted-asc,Write-heavy,18,5400,32211,182,0,0,1,1,2
B,4,45,Sorted-asc,Write-heavy,19,5700,32349,182,0,0,1,1,2
B,4,45,Sorted-asc,Write-heavy,20,6000,32470,182,0,0,1,1,2
B,4,45,Sorted-asc,Write-heavy,21,6300,32593,182,0,0,1,1,2
B,4,45,Sorted-asc,Write-heavy,22,6600,32715,182,0,0,1,1,2
B,4,45,Sorted-asc,Write-heavy,23,6900,32830,182,0,0,1,1,2
B,4,45,Sorted-asc,Write-heavy,24,7200,32953,182,0,0,1,1,2
B,4,45,Sorted-asc,Write-heavy,25,7500,33087,182,0,0,1,1,2
B,4,45,Sorted-asc,Write-heavy,26,7800,33202,182,0,0,1,1,2
B,4,45,Sorted-asc,Write-heavy,27,8100,33338,182,-1,-1,0,0,3
B,4,45,Sorted-asc,Write-heavy,28,8400,33469,186,0,0,1,1,3
B,4,45,Sorted-asc,Write-heavy,29,8700,33597,186,0,0,1,1,3
B,4,45,Sorted-asc,Write-heavy,30,9000,33718,186,0,0,1,1,3
B,4,45,Sorted-asc,Write-heavy,31,9300,33843,186,0,0,1,1,3
B,4,45,Sorted-asc,Write-heavy,32,9600,33951,186,0,0,1,1,3
B,4,45,Sorted-asc,Write-heavy,33,9900,34075,186,0,0,1,1,3
B,4,45,Sorted-asc,Write-heavy,34,10200,34204,186,0,0,1,1,3
B,4,45,Sorted-asc,Write-heavy,35,10500,34333,186,0,0,1,1,3
B,4,45,Sorted-asc,Write-heavy,36,10800,34448,186,0,0,1,1,3
B,4,45,Sorted-asc,Write-heavy,37,11100,34562,186,0,0,1,1,3
B,4,45,Sorted-asc,Write-heavy,38,11400,34666,186,0,0,1,1,3
B,4,45,Sorted-asc,Write-heavy,39,11700,34793,186,0,0,1,1,3
B,4,45,Sorted-asc,Write-heavy,40,12000,34910,186,0,0,1,1,3
B,4,45,Sorted-asc,Write-heavy,41,12300,35031,186,0,0,1,1,3
B,4,45,Sorted-asc,Write-heavy,42,12600,35136,186,0,0,1,1,3
B,4,45,Sorted-asc,Write-heavy,43,12900,35239,186,-1,-1,0,0,4
B,4,45,Sorted-asc,Write-heavy,44,13200,35361,186,0,0,1,1,4
B,4,45,Sorted-asc,Write-heavy,45,13500,35487,186,0,0,1,1,4
B,4,45,Sorted-asc,Write-heavy,46,13800,35606,186,0,0,1,1,4
B,4,45,Sorted-asc,Write-heavy,47,14100,35717,186,0,0,1,1,4
B,4,45,Sorted-asc,Write-heavy,48,14400,35850,186,-1,-1,0,0,5
B,4,45,Sorted-asc,Write-heavy,49,14700,35970,186,-1,-1,0,0,6
B,4,45,Sorted-asc,Write-heavy,50,15000,36111,186,-1,-1,0,0,7
B,4,45,Sorted-asc,Write-heavy,51,15300,36236,186,-1,-1,0,0,8
B,4,45,Sorted-asc,Write-heavy,52,15600,36360,186,0,0,1,1,8
B,4,45,Sorted-asc,Write-heavy,53,15900,36485,186,0,0,1,1,8
B,4,45,Sorted-asc,Write-heavy,54,16200,36609,186,0,0,1,1,8
B,4,45,Sorted-asc,Write-heavy,55,16500,36720,186,0,0,1,1,8
B,4,45,Sorted-asc,Write-heavy,56,16800,36836,198,0,0,1,1,8
B,4,45,Sorted-asc,Write-heavy,57,17100,36972,198,0,0,1,1,8
B,4,45,Sorted-asc,Write-heavy,58,17400,37093,198,0,0,1,1,8
B,4,45,Sorted-asc,Write-heavy,59,17700,37227,198,0,0,1,1,8
B,4,45,Sorted-asc,Write-heavy,60,18000,37350,198,0,0,1,1,8
B,4,45,Sorted-asc,Write-heavy,61,18300,37475,198,0,0,1,1,8
B,4,45,Sorted-asc,Write-heavy,62,18600,37577,198,0,0,1,1,8
B,4,45,Sorted-asc,Write-heavy,63,18900,37696,198,0,0,1,1,8
B,4,45,Sorted-asc,Write-heavy,64,19200,37808,198,0,0,1,1,8
B,4,45,Sorted-asc,Write-heavy,65,19500,37943,198,0,0,1,1,8
B,4,45,Sorted-asc,Write-heavy,66,19800,38063,198,0,0,1,1,8
B,4,45,Sorted-asc,Write-heavy,67,20100,38190,198,0,0,1,1,8
B,4,45,Sorted-asc,Write-heavy,68,20400,38318,198,0,0,1,1,8
B,4,45,Sorted-asc,Write-heavy,69,20700,38445,205,0,0,1,1,8
B,4,45,Sorted-asc,Write-heavy,70,21000,38568,205,0,0,1,1,8
B,4,45,Sorted-asc,Write-heavy,71,21300,38673,205,0,0,1,1,8
B,4,45,Sorted-asc,Write-heavy,72,21600,38806,205,0,0,1,1,8
B,4,45,Sorted-asc,Write-heavy,73,21900,38923,205,0,0,1,1,8
B,4,45,Sorted-asc,Write-heavy,74,22200,39043,205,0,0,1,1,8
B,4,45,Sorted-asc,Write-heavy,75,22500,39161,205,0,0,1,1,8
B,4,45,Sorted-asc,Write-heavy,76,22800,39284,205,0,0,1,1,8
B,4,45,Sorted-asc,Write-heavy,77,23100,39415,205,0,0,1,1,8
B,4,45,Sorted-asc,Write-heavy,78,23400,39532,205,0,0,1,1,8
B,4,45,Sorted-asc,Write-heavy,79,23700,39665,205,0,0,1,1,8
B,4,45,Sorted-asc,Write-heavy,80,24000,39774,205,0,0,1,1,8
B,4,45,Sorted-asc,Write-heavy,81,24300,39896,205,0,0,1,1,8
B,4,45,Sorted-asc,Write-heavy,82,24600,40025,205,0,0,1,1,8
B,4,45,Sorted-asc,Write-heavy,83,24900,40160,211,0,0,1,1,8
B,4,45,Sorted-asc,Write-heavy,84,25000,40198,211,0,0,1,1,8
B,4,45,Sorted-desc,Balanced,1,300,30072,180,-1,-1,0,0,1
B,4,45,Sorted-desc,Balanced,2,600,30147,180,-1,-1,0,0,2
B,4,45,Sorted-desc,Balanced,3,900,30227,180,-1,-1,0,0,3
B,4,45,Sorted-desc,Balanced,4,1200,30298,180,0,0,1,1,3
B,4,45,Sorted-desc,Balanced,5,1500,30373,180,0,0,1,1,3
B,4,45,Sorted-desc,Balanced,6,1800,30464,180,0,0,1,1,3
B,4,45,Sorted-desc,Balanced,7,2100,30535,180,0,0,1,1,3
B,4,45,Sorted-desc,Balanced,8,2400,30608,180,0,0,1,1,3
B,4,45,Sorted-desc,Balanced,9,2700,30700,180,0,0,1,1,3
B,4,45,Sorted-desc,Balanced,10,3000,30790,180,0,0,1,1,3
B,4,45,Sorted-desc,Balanced,11,3300,30865,180,0,0,1,1,3
B,4,45,Sorted-desc,Balanced,12,3600,30933,180,0,0,1,1,3
B,4,45,Sorted-desc,Balanced,13,3900,31013,180,0,0,1,1,3
B,4,45,Sorted-desc,Balanced,14,4200,31093,180,0,0,1,1,3
B,4,45,Sorted-desc,Balanced,15,4500,31170,180,0,0,1,1,3
B,4,45,Sorted-desc,Balanced,16,4800,31254,180,0,0,1,1,3
B,4,45,Sorted-desc,Balanced,17,5100,31326,180,0,0,1,1,3
B,4,45,Sorted-desc,Balanced,18,5400,31409,180,0,0,1,1,3
B,4,45,Sorted-desc,Balanced,19,5700,31483,180,0,0,1,1,3
B,4,45,Sorted-desc,Balanced,20,6000,31569,190,0,0,1,1,3
B,4,45,Sorted-desc,Balanced,21,6300,31639,190,0,0,1,1,3
B,4,45,Sorted-desc,Balanced,22,6600,31709,190,0,0,1,1,3
B,4,45,Sorted-desc,Balanced,23,6900,31793,190,0,0,1,1,3
B,4,45,Sorted-desc,Balanced,24,7200,31878,190,0,0,1,1,3
B,4,45,Sorted-desc,Balanced,25,7500,31952,190,0,0,1,1,3
B,4,45,Sorted-desc,Balanced,26,7800,32033,190,0,0,1,1,3
B,4,45,Sorted-desc,Balanced,27,8100,32116,190,0,0,1,1,3
B,4,45,Sorted-desc,Balanced,28,8400,32202,190,0,0,1,1,3
B,4,45,Sorted-desc,Balanced,29,8700,32270,190,0,0,1,1,3
B,4,45,Sorted-desc,Balanced,30,9000,32348,190,0,0,1,1,3
B,4,45,Sorted-desc,Balanced,31,9300,32418,190,0,0,1,1,3
B,4,45,Sorted-desc,Balanced,32,9600,32487,190,0,0,1,1,3
B,4,45,Sorted-desc,Balanced,33,9900,32562,190,0,0,1,1,3
B,4,45,Sorted-desc,Balanced,34,10200,32640,190,0,0,1,1,3
B,4,45,Sorted-desc,Balanced,35,10500,32723,190,0,0,1,1,3
B,4,45,Sorted-desc,Balanced,36,10800,32790,190,0,0,1,1,3
B,4,45,Sorted-desc,Balanced,37,11100,32875,190,0,0,1,1,3
B,4,45,Sorted-desc,Balanced,38,11400,32959,190,0,0,1,1,3
B,4,45,Sorted-desc,Balanced,39,11700,33043,190,0,0,1,1,3
B,4,45,Sorted-desc,Balanced,40,12000,33117,190,0,0,1,1,3
B,4,45,Sorted-desc,Balanced,41,12300,33218,198,0,0,1,1,3
B,4,45,Sorted-desc,Balanced,42,12600,33286,198,0,0,1,1,3
B,4,45,Sorted-desc,Balanced,43,12900,33368,198,0,0,1,1,3
B,4,45,Sorted-desc,Balanced,44,13200,33453,198,0,0,1,1,3
B,4,45,Sorted-desc,Balanced,45,13500,33535,198,0,0,1,1,3
B,4,45,Sorted-desc,Balanced,46,13800,33609,198,0,0,1,1,3
B,4,45,Sorted-desc,Balanced,47,14100,33688,198,0,0,1,1,3
B,4,45,Sorted-desc,Balanced,48,14400,33777,198,0,0,1,1,3
B,4,45,Sorted-desc,Balanced,49,14700,33866,198,0,0,1,1,3
B,4,45,Sorted-desc,Balanced,50,15000,33941,198,0,0,1,1,3
B,4,45,Sorted-desc,Balanced,51,15300,34027,198,0,0,1,1,3
B,4,45,Sorted-desc,Balanced,52,15600,34104,198,0,0,1,1,3
B,4,45,Sorted-desc,Balanced,53,15900,34196,198,0,0,1,1,3
B,4,45,Sorted-desc,Balanced,54,16200,34266,198,0,0,1,1,3
B,4,45,Sorted-desc,Balanced,55,16500,34327,198,0,0,1,1,3
B,4,45,Sorted-desc,Balanced,56,16800,34413,198,0,0,1,1,3
B,4,45,Sorted-desc,Balanced,57,17100,34502,198,0,0,1,1,3
B,4,45,Sorted-desc,Balanced,58,17400,34573,198,0,0,1,1,3
B,4,45,Sorted-desc,Balanced,59,17700,34646,198,0,0,1,1,3
B,4,45,Sorted-desc,Balanced,60,18000,34724,198,0,0,1,1,3
B,4,45,Sorted-desc,Balanced,61,18300,34813,202,0,0,1,1,3
B,4,45,Sorted-desc,Balanced,62,18600,34908,202,0,0,1,1,3
B,4,45,Sorted-desc,Balanced,63,18900,34968,202,0,0,1,1,3
B,4,45,Sorted-desc,Balanced,64,19200,35055,202,0,0,1,1,3
B,4,45,Sorted-desc,Balanced,65,19500,35136,202,0,0,1,1,3
B,4,45,Sorted-desc,Balanced,66,19800,35224,202,0,0,1,1,3
B,4,45,Sorted-desc,Balanced,67,20100,35292,202,0,0,1,1,3
B,4,45,Sorted-desc,Balanced,68,20400,35372,202,0,0,1,1,3
B,4,45,Sorted-desc,Balanced,69,20700,35456,202,0,0,1,1,3
B,4,45,Sorted-desc,Balanced,70,21000,35530,202,0,0,1,1,3
B,4,45,Sorted-desc,Balanced,71,21300,35628,202,0,0,1,1,3
B,4,45,Sorted-desc,Balanced,72,21600,35722,202,0,0,1,1,3
B,4,45,Sorted-desc,Balanced,73,21900,35813,202,0,0,1,1,3
B,4,45,Sorted-desc,Balanced,74,22200,35884,202,0,0,1,1,3
B,4,45,Sorted-desc,Balanced,75,22500,35958,202,0,0,1,1,3
B,4,45,Sorted-desc,Balanced,76,22800,36042,202,0,0,1,1,3
B,4,45,Sorted-desc,Balanced,77,23100,36127,202,0,0,1,1,3
B,4,45,Sorted-desc,Balanced,78,23400,36219,202,0,0,1,1,3
B,4,45,Sorted-desc,Balanced,79,23700,36299,202,0,0,1,1,3
B,4,45,Sorted-desc,Balanced,80,24000,36383,202,0,0,1,1,3
B,4,45,Sorted-desc,Balanced,81,24300,36476,202,0,0,1,1,3
B,4,45,Sorted-desc,Balanced,82,24600,36581,203,0,0,1,1,3
B,4,45,Sorted-desc,Balanced,83,24900,36675,203,0,0,1,1,3
B,4,45,Sorted-desc,Balanced,84,25000,36698,203,0,0,1,1,3
B,4,45,Sorted-desc,Insert-flood,1,300,30257,180,-1,-1,0,0,1
B,4,45,Sorted-desc,Insert-flood,2,600,30524,180,0,0,1,1,1
B,4,45,Sorted-desc,Insert-flood,3,900,30785,180,0,0,1,1,1
B,4,45,Sorted-desc,Insert-flood,4,1200,31042,180,0,0,1,1,1
B,4,45,Sorted-desc,Insert-flood,5,1500,31309,180,0,0,1,1,1
B,4,45,Sorted-desc,Insert-flood,6,1800,31569,180,0,0,1,1,1
B,4,45,Sorted-desc,Insert-flood,7,2100,31841,180,0,0,1,1,1
B,4,45,Sorted-desc,Insert-flood,8,2400,32106,191,0,0,1,1,1
B,4,45,Sorted-desc,Insert-flood,9,2700,32375,191,0,0,1,1,1
B,4,45,Sorted-desc,Insert-flood,10,3000,32641,191,0,0,1,1,1
B,4,45,Sorted-desc,Insert-flood,11,3300,32908,191,0,0,1,1,1
B,4,45,Sorted-desc,Insert-flood,12,3600,33160,191,0,0,1,1,1
B,4,45,Sorted-desc,Insert-flood,13,3900,33417,191,0,0,1,1,1
B,4,45,Sorted-desc,Insert-flood,14,4200,33685,191,0,0,1,1,1
B,4,45,Sorted-desc,Insert-flood,15,4500,33950,191,0,0,1,1,1
B,4,45,Sorted-desc,Insert-flood,16,4800,34207,193,0,0,1,1,1
B,4,45,Sorted-desc,Insert-flood,17,5100,34481,193,-1,-1,0,0,2
B,4,45,Sorted-desc,Insert-flood,18,5400,34734,193,0,0,1,1,2
B,4,45,Sorted-desc,Insert-flood,19,5700,34990,193,0,0,1,1,2
B,4,45,Sorted-desc,Insert-flood,20,6000,35247,193,0,0,1,1,2
B,4,45,Sorted-desc,Insert-flood,21,6300,35493,193,0,0,1,1,2
B,4,45,Sorted-desc,Insert-flood,22,6600,35754,193,0,0,1,1,2
B,4,45,Sorted-desc,Insert-flood,23,6900,36014,204,0,0,1,1,2
B,4,45,Sorted-desc,Insert-flood,24,7200,36281,204,0,0,1,1,2
B,4,45,Sorted-desc,Insert-flood,25,7500,36541,204,0,0,1,1,2
B,4,45,Sorted-desc,Insert-flood,26,7800,36796,204,0,0,1,1,2
B,4,45,Sorted-desc,Insert-flood,27,8100,37059,204,0,0,1,1,2
B,4,45,Sorted-desc,Insert-flood,28,8400,37321,204,0,0,1,1,2
B,4,45,Sorted-desc,Insert-flood,29,8700,37590,204,0,0,1,1,2
B,4,45,Sorted-desc,Insert-flood,30,9000,37838,204,0,0,1,1,2
B,4,45,Sorted-desc,Insert-flood,31,9300,38100,213,0,0,1,1,2
B,4,45,Sorted-desc,Insert-flood,32,9600,38362,213,0,0,1,1,2
B,4,45,Sorted-desc,Insert-flood,33,9900,38613,213,0,0,1,1,2
B,4,45,Sorted-desc,Insert-flood,34,10200,38866,213,0,0,1,1,2
B,4,45,Sorted-desc,Insert-flood,35,10500,39126,213,0,0,1,1,2
B,4,45,Sorted-desc,Insert-flood,36,10800,39389,213,0,0,1,1,2
B,4,45,Sorted-desc,Insert-flood,37,11100,39651,213,0,0,1,1,2
B,4,45,Sorted-desc,Insert-flood,38,11400,39902,213,0,0,1,1,2
B,4,45,Sorted-desc,Insert-flood,39,11700,40161,221,0,0,1,1,2
B,4,45,Sorted-desc,Insert-flood,40,12000,40426,221,0,0,1,1,2
B,4,45,Sorted-desc,Insert-flood,41,12300,40685,221,0,0,1,1,2
B,4,45,Sorted-desc,Insert-flood,42,12600,40949,221,0,0,1,1,2
B,4,45,Sorted-desc,Insert-flood,43,12900,41200,221,0,0,1,1,2
B,4,45,Sorted-desc,Insert-flood,44,13200,41465,221,0,0,1,1,2
B,4,45,Sorted-desc,Insert-flood,45,13500,41732,221,0,0,1,1,2
B,4,45,Sorted-desc,Insert-flood,46,13800,41990,226,0,0,1,1,2
B,4,45,Sorted-desc,Insert-flood,47,14100,42242,226,0,0,1,1,2
B,4,45,Sorted-desc,Insert-flood,48,14400,42494,226,0,0,1,1,2
B,4,45,Sorted-desc,Insert-flood,49,14700,42758,226,0,0,1,1,2
B,4,45,Sorted-desc,Insert-flood,50,15000,43023,226,0,0,1,1,2
B,4,45,Sorted-desc,Insert-flood,51,15300,43289,226,0,0,1,1,2
B,4,45,Sorted-desc,Insert-flood,52,15600,43559,226,0,0,1,1,2
B,4,45,Sorted-desc,Insert-flood,53,15900,43822,226,0,0,1,1,2
B,4,45,Sorted-desc,Insert-flood,54,16200,44088,232,0,0,1,1,2
B,4,45,Sorted-desc,Insert-flood,55,16500,44340,232,0,0,1,1,2
B,4,45,Sorted-desc,Insert-flood,56,16800,44604,232,0,0,1,1,2
B,4,45,Sorted-desc,Insert-flood,57,17100,44869,232,0,0,1,1,2
B,4,45,Sorted-desc,Insert-flood,58,17400,45121,232,0,0,1,1,2
B,4,45,Sorted-desc,Insert-flood,59,17700,45387,232,0,0,1,1,2
B,4,45,Sorted-desc,Insert-flood,60,18000,45654,232,0,0,1,1,2
B,4,45,Sorted-desc,Insert-flood,61,18300,45917,232,0,0,1,1,2
B,4,45,Sorted-desc,Insert-flood,62,18600,46173,239,0,0,1,1,2
B,4,45,Sorted-desc,Insert-flood,63,18900,46443,239,0,0,1,1,2
B,4,45,Sorted-desc,Insert-flood,64,19200,46704,239,0,0,1,1,2
B,4,45,Sorted-desc,Insert-flood,65,19500,46969,239,0,0,1,1,2
B,4,45,Sorted-desc,Insert-flood,66,19800,47230,239,0,0,1,1,2
B,4,45,Sorted-desc,Insert-flood,67,20100,47489,239,0,0,1,1,2
B,4,45,Sorted-desc,Insert-flood,68,20400,47744,239,0,0,1,1,2
B,4,45,Sorted-desc,Insert-flood,69,20700,48003,244,0,0,1,1,2
B,4,45,Sorted-desc,Insert-flood,70,21000,48264,244,0,0,1,1,2
B,4,45,Sorted-desc,Insert-flood,71,21300,48527,244,-1,-1,0,0,3
B,4,45,Sorted-desc,Insert-flood,72,21600,48791,244,0,0,1,1,3
B,4,45,Sorted-desc,Insert-flood,73,21900,49040,244,0,0,1,1,3
B,4,45,Sorted-desc,Insert-flood,74,22200,49298,244,0,0,1,1,3
B,4,45,Sorted-desc,Insert-flood,75,22500,49555,244,0,0,1,1,3
B,4,45,Sorted-desc,Insert-flood,76,22800,49815,244,0,0,1,1,3
B,4,45,Sorted-desc,Insert-flood,77,23100,50073,246,0,0,1,1,3
B,4,45,Sorted-desc,Insert-flood,78,23400,50328,246,0,0,1,1,3
B,4,45,Sorted-desc,Insert-flood,79,23700,50587,246,0,0,1,1,3
B,4,45,Sorted-desc,Insert-flood,80,24000,50844,246,0,0,1,1,3
B,4,45,Sorted-desc,Insert-flood,81,24300,51098,246,0,0,1,1,3
B,4,45,Sorted-desc,Insert-flood,82,24600,51358,246,0,0,1,1,3
B,4,45,Sorted-desc,Insert-flood,83,24900,51619,246,0,0,1,1,3
B,4,45,Sorted-desc,Insert-flood,84,25000,51711,246,0,0,1,1,3
B,4,45,Sorted-desc,Delete-flood,1,300,29998,180,0,0,1,1,0
B,4,45,Sorted-desc,Delete-flood,2,600,29975,180,0,0,1,1,0
B,4,45,Sorted-desc,Delete-flood,3,900,29951,180,-1,-1,0,0,1
B,4,45,Sorted-desc,Delete-flood,4,1200,29937,180,-1,-1,0,0,2
B,4,45,Sorted-desc,Delete-flood,5,1500,29919,180,-1,-1,0,0,3
B,4,45,Sorted-desc,Delete-flood,6,1800,29905,180,-1,-1,0,0,4
B,4,45,Sorted-desc,Delete-flood,7,2100,29895,180,-1,-1,0,0,5
B,4,45,Sorted-desc,Delete-flood,8,2400,29874,180,-1,-1,0,0,6
B,4,45,Sorted-desc,Delete-flood,9,2700,29859,180,0,0,1,1,6
B,4,45,Sorted-desc,Delete-flood,10,3000,29850,180,0,0,1,1,6
B,4,45,Sorted-desc,Delete-flood,11,3300,29836,180,0,0,1,1,6
B,4,45,Sorted-desc,Delete-flood,12,3600,29818,180,0,0,1,1,6
B,4,45,Sorted-desc,Delete-flood,13,3900,29802,180,0,0,1,1,6
B,4,45,Sorted-desc,Delete-flood,14,4200,29802,180,0,0,1,1,6
B,4,45,Sorted-desc,Delete-flood,15,4500,29784,180,-1,-1,0,0,7
B,4,45,Sorted-desc,Delete-flood,16,4800,29767,180,-1,-1,0,0,8
B,4,45,Sorted-desc,Delete-flood,17,5100,29762,180,-1,-1,0,0,9
B,4,45,Sorted-desc,Delete-flood,18,5400,29736,180,-1,-1,0,0,10
B,4,45,Sorted-desc,Delete-flood,19,5700,29714,180,-1,-1,0,0,11
B,4,45,Sorted-desc,Delete-flood,20,6000,29694,180,-1,-1,0,0,12
B,4,45,Sorted-desc,Delete-flood,21,6300,29688,180,-1,-1,0,0,13
B,4,45,Sorted-desc,Delete-flood,22,6600,29678,180,0,0,1,1,13
B,4,45,Sorted-desc,Delete-flood,23,6900,29660,180,0,0,1,1,13
B,4,45,Sorted-desc,Delete-flood,24,7200,29632,180,0,0,1,1,13
B,4,45,Sorted-desc,Delete-flood,25,7500,29624,180,0,0,1,1,13
B,4,45,Sorted-desc,Delete-flood,26,7800,29612,180,0,0,1,1,13
B,4,45,Sorted-desc,Delete-flood,27,8100,29603,180,0,0,1,1,13
B,4,45,Sorted-desc,Delete-flood,28,8400,29600,180,0,0,1,1,13
B,4,45,Sorted-desc,Delete-flood,29,8700,29591,180,0,0,1,1,13
B,4,45,Sorted-desc,Delete-flood,30,9000,29578,180,0,0,1,1,13
B,4,45,Sorted-desc,Delete-flood,31,9300,29573,180,0,0,1,1,13
B,4,45,Sorted-desc,Delete-flood,32,9600,29565,180,0,0,1,1,13
B,4,45,Sorted-desc,Delete-flood,33,9900,29546,180,0,0,1,1,13
B,4,45,Sorted-desc,Delete-flood,34,10200,29537,180,0,0,1,1,13
B,4,45,Sorted-desc,Delete-flood,35,10500,29537,180,0,0,1,1,13
B,4,45,Sorted-desc,Delete-flood,36,10800,29519,180,0,0,1,1,13
B,4,45,Sorted-desc,Delete-flood,37,11100,29516,180,0,0,1,1,13
B,4,45,Sorted-desc,Delete-flood,38,11400,29499,180,0,0,1,1,13
B,4,45,Sorted-desc,Delete-flood,39,11700,29486,180,0,0,1,1,13
B,4,45,Sorted-desc,Delete-flood,40,12000,29474,180,0,0,1,1,13
B,4,45,Sorted-desc,Delete-flood,41,12300,29460,180,0,0,1,1,13
B,4,45,Sorted-desc,Delete-flood,42,12600,29442,180,0,0,1,1,13
B,4,45,Sorted-desc,Delete-flood,43,12900,29433,180,0,0,1,1,13
B,4,45,Sorted-desc,Delete-flood,44,13200,29422,180,0,0,1,1,13
B,4,45,Sorted-desc,Delete-flood,45,13500,29410,180,0,0,1,1,13
B,4,45,Sorted-desc,Delete-flood,46,13800,29397,180,0,0,1,1,13
B,4,45,Sorted-desc,Delete-flood,47,14100,29381,180,0,0,1,1,13
B,4,45,Sorted-desc,Delete-flood,48,14400,29367,180,0,0,1,1,13
B,4,45,Sorted-desc,Delete-flood,49,14700,29348,184,0,0,1,1,13
B,4,45,Sorted-desc,Delete-flood,50,15000,29341,184,0,0,1,1,13
B,4,45,Sorted-desc,Delete-flood,51,15300,29338,184,0,0,1,1,13
B,4,45,Sorted-desc,Delete-flood,52,15600,29319,184,0,0,1,1,13
B,4,45,Sorted-desc,Delete-flood,53,15900,29306,184,0,0,1,1,13
B,4,45,Sorted-desc,Delete-flood,54,16200,29283,184,0,0,1,1,13
B,4,45,Sorted-desc,Delete-flood,55,16500,29282,184,0,0,1,1,13
B,4,45,Sorted-desc,Delete-flood,56,16800,29272,184,0,0,1,1,13
B,4,45,Sorted-desc,Delete-flood,57,17100,29272,184,0,0,1,1,13
B,4,45,Sorted-desc,Delete-flood,58,17400,29259,184,0,0,1,1,13
B,4,45,Sorted-desc,Delete-flood,59,17700,29255,184,0,0,1,1,13
B,4,45,Sorted-desc,Delete-flood,60,18000,29247,184,0,0,1,1,13
B,4,45,Sorted-desc,Delete-flood,61,18300,29240,184,0,0,1,1,13
B,4,45,Sorted-desc,Delete-flood,62,18600,29228,184,0,0,1,1,13
B,4,45,Sorted-desc,Delete-flood,63,18900,29218,184,0,0,1,1,13
B,4,45,Sorted-desc,Delete-flood,64,19200,29199,184,0,0,1,1,13
B,4,45,Sorted-desc,Delete-flood,65,19500,29190,184,0,0,1,1,13
B,4,45,Sorted-desc,Delete-flood,66,19800,29174,184,0,0,1,1,13
B,4,45,Sorted-desc,Delete-flood,67,20100,29165,184,0,0,1,1,13
B,4,45,Sorted-desc,Delete-flood,68,20400,29148,184,0,0,1,1,13
B,4,45,Sorted-desc,Delete-flood,69,20700,29132,184,0,0,1,1,13
B,4,45,Sorted-desc,Delete-flood,70,21000,29121,184,0,0,1,1,13
B,4,45,Sorted-desc,Delete-flood,71,21300,29112,184,0,0,1,1,13
B,4,45,Sorted-desc,Delete-flood,72,21600,29095,184,0,0,1,1,13
B,4,45,Sorted-desc,Delete-flood,73,21900,29084,184,0,0,1,1,13
B,4,45,Sorted-desc,Delete-flood,74,22200,29068,184,0,0,1,1,13
B,4,45,Sorted-desc,Delete-flood,75,22500,29058,184,0,0,1,1,13
B,4,45,Sorted-desc,Delete-flood,76,22800,29048,184,0,0,1,1,13
B,4,45,Sorted-desc,Delete-flood,77,23100,29034,184,0,0,1,1,13
B,4,45,Sorted-desc,Delete-flood,78,23400,29017,184,0,0,1,1,13
B,4,45,Sorted-desc,Delete-flood,79,23700,29014,184,0,0,1,1,13
B,4,45,Sorted-desc,Delete-flood,80,24000,28989,184,0,0,1,1,13
B,4,45,Sorted-desc,Delete-flood,81,24300,28968,184,0,0,1,1,13
B,4,45,Sorted-desc,Delete-flood,82,24600,28952,184,0,0,1,1,13
B,4,45,Sorted-desc,Delete-flood,83,24900,28932,184,0,0,1,1,13
B,4,45,Sorted-desc,Delete-flood,84,25000,28932,184,0,0,1,1,13
B,4,45,Sorted-desc,Write-heavy,1,300,30118,180,-1,-1,0,0,1
B,4,45,Sorted-desc,Write-heavy,2,600,30236,180,-1,-1,0,0,2
B,4,45,Sorted-desc,Write-heavy,3,900,30354,180,0,0,1,1,2
B,4,45,Sorted-desc,Write-heavy,4,1200,30480,180,0,0,1,1,2
B,4,45,Sorted-desc,Write-heavy,5,1500,30609,180,0,0,1,1,2
B,4,45,Sorted-desc,Write-heavy,6,1800,30719,180,0,0,1,1,2
B,4,45,Sorted-desc,Write-heavy,7,2100,30830,180,0,0,1,1,2
B,4,45,Sorted-desc,Write-heavy,8,2400,30971,180,0,0,1,1,2
B,4,45,Sorted-desc,Write-heavy,9,2700,31100,180,0,0,1,1,2
B,4,45,Sorted-desc,Write-heavy,10,3000,31205,180,0,0,1,1,2
B,4,45,Sorted-desc,Write-heavy,11,3300,31346,180,0,0,1,1,2
B,4,45,Sorted-desc,Write-heavy,12,3600,31460,180,0,0,1,1,2
B,4,45,Sorted-desc,Write-heavy,13,3900,31582,180,0,0,1,1,2
B,4,45,Sorted-desc,Write-heavy,14,4200,31713,190,0,0,1,1,2
B,4,45,Sorted-desc,Write-heavy,15,4500,31830,190,0,0,1,1,2
B,4,45,Sorted-desc,Write-heavy,16,4800,31952,190,0,0,1,1,2
B,4,45,Sorted-desc,Write-heavy,17,5100,32080,190,0,0,1,1,2
B,4,45,Sorted-desc,Write-heavy,18,5400,32215,190,0,0,1,1,2
B,4,45,Sorted-desc,Write-heavy,19,5700,32328,190,0,0,1,1,2
B,4,45,Sorted-desc,Write-heavy,20,6000,32448,190,0,0,1,1,2
B,4,45,Sorted-desc,Write-heavy,21,6300,32563,190,0,0,1,1,2
B,4,45,Sorted-desc,Write-heavy,22,6600,32686,190,0,0,1,1,2
B,4,45,Sorted-desc,Write-heavy,23,6900,32805,190,0,0,1,1,2
B,4,45,Sorted-desc,Write-heavy,24,7200,32919,190,0,0,1,1,2
B,4,45,Sorted-desc,Write-heavy,25,7500,33049,190,-1,-1,0,0,3
B,4,45,Sorted-desc,Write-heavy,26,7800,33156,190,-1,-1,0,0,4
B,4,45,Sorted-desc,Write-heavy,27,8100,33290,190,-1,-1,0,0,5
B,4,45,Sorted-desc,Write-heavy,28,8400,33425,198,0,0,1,1,5
B,4,45,Sorted-desc,Write-heavy,29,8700,33549,198,0,0,1,1,5
B,4,45,Sorted-desc,Write-heavy,30,9000,33677,198,0,0,1,1,5
B,4,45,Sorted-desc,Write-heavy,31,9300,33800,198,0,0,1,1,5
B,4,45,Sorted-desc,Write-heavy,32,9600,33897,198,0,0,1,1,5
B,4,45,Sorted-desc,Write-heavy,33,9900,34006,198,0,0,1,1,5
B,4,45,Sorted-desc,Write-heavy,34,10200,34122,198,0,0,1,1,5
B,4,45,Sorted-desc,Write-heavy,35,10500,34263,198,0,0,1,1,5
B,4,45,Sorted-desc,Write-heavy,36,10800,34390,198,0,0,1,1,5
B,4,45,Sorted-desc,Write-heavy,37,11100,34503,198,0,0,1,1,5
B,4,45,Sorted-desc,Write-heavy,38,11400,34636,198,0,0,1,1,5
B,4,45,Sorted-desc,Write-heavy,39,11700,34761,198,0,0,1,1,5
B,4,45,Sorted-desc,Write-heavy,40,12000,34881,198,0,0,1,1,5
B,4,45,Sorted-desc,Write-heavy,41,12300,34986,198,0,0,1,1,5
B,4,45,Sorted-desc,Write-heavy,42,12600,35108,203,0,0,1,1,5
B,4,45,Sorted-desc,Write-heavy,43,12900,35234,203,0,0,1,1,5
B,4,45,Sorted-desc,Write-heavy,44,13200,35353,203,0,0,1,1,5
B,4,45,Sorted-desc,Write-heavy,45,13500,35493,203,0,0,1,1,5
B,4,45,Sorted-desc,Write-heavy,46,13800,35626,203,0,0,1,1,5
B,4,45,Sorted-desc,Write-heavy,47,14100,35756,203,0,0,1,1,5
B,4,45,Sorted-desc,Write-heavy,48,14400,35887,203,0,0,1,1,5
B,4,45,Sorted-desc,Write-heavy,49,14700,36011,203,0,0,1,1,5
B,4,45,Sorted-desc,Write-heavy,50,15000,36125,203,0,0,1,1,5
B,4,45,Sorted-desc,Write-heavy,51,15300,36250,203,0,0,1,1,5
B,4,45,Sorted-desc,Write-heavy,52,15600,36382,203,0,0,1,1,5
B,4,45,Sorted-desc,Write-heavy,53,15900,36493,203,-1,-1,0,0,6
B,4,45,Sorted-desc,Write-heavy,54,16200,36627,203,-1,-1,0,0,7
B,4,45,Sorted-desc,Write-heavy,55,16500,36759,207,0,0,1,1,7
B,4,45,Sorted-desc,Write-heavy,56,16800,36875,207,0,0,1,1,7
B,4,45,Sorted-desc,Write-heavy,57,17100,37002,207,0,0,1,1,7
B,4,45,Sorted-desc,Write-heavy,58,17400,37139,207,0,0,1,1,7
B,4,45,Sorted-desc,Write-heavy,59,17700,37266,207,0,0,1,1,7
B,4,45,Sorted-desc,Write-heavy,60,18000,37382,207,0,0,1,1,7
B,4,45,Sorted-desc,Write-heavy,61,18300,37496,207,0,0,1,1,7
B,4,45,Sorted-desc,Write-heavy,62,18600,37625,207,0,0,1,1,7
B,4,45,Sorted-desc,Write-heavy,63,18900,37728,207,0,0,1,1,7
B,4,45,Sorted-desc,Write-heavy,64,19200,37843,207,0,0,1,1,7
B,4,45,Sorted-desc,Write-heavy,65,19500,37958,207,0,0,1,1,7
B,4,45,Sorted-desc,Write-heavy,66,19800,38095,207,0,0,1,1,7
B,4,45,Sorted-desc,Write-heavy,67,20100,38223,207,0,0,1,1,7
B,4,45,Sorted-desc,Write-heavy,68,20400,38369,211,0,0,1,1,7
B,4,45,Sorted-desc,Write-heavy,69,20700,38509,211,0,0,1,1,7
B,4,45,Sorted-desc,Write-heavy,70,21000,38635,211,0,0,1,1,7
B,4,45,Sorted-desc,Write-heavy,71,21300,38762,211,0,0,1,1,7
B,4,45,Sorted-desc,Write-heavy,72,21600,38880,211,0,0,1,1,7
B,4,45,Sorted-desc,Write-heavy,73,21900,39008,211,0,0,1,1,7
B,4,45,Sorted-desc,Write-heavy,74,22200,39126,211,0,0,1,1,7
B,4,45,Sorted-desc,Write-heavy,75,22500,39247,211,0,0,1,1,7
B,4,45,Sorted-desc,Write-heavy,76,22800,39369,211,0,0,1,1,7
B,4,45,Sorted-desc,Write-heavy,77,23100,39481,211,0,0,1,1,7
B,4,45,Sorted-desc,Write-heavy,78,23400,39615,211,0,0,1,1,7
B,4,45,Sorted-desc,Write-heavy,79,23700,39745,211,0,0,1,1,7
B,4,45,Sorted-desc,Write-heavy,80,24000,39853,211,0,0,1,1,7
B,4,45,Sorted-desc,Write-heavy,81,24300,39971,211,0,0,1,1,7
B,4,45,Sorted-desc,Write-heavy,82,24600,40103,213,0,0,1,1,7
B,4,45,Sorted-desc,Write-heavy,83,24900,40238,213,0,0,1,1,7
B,4,45,Sorted-desc,Write-heavy,84,25000,40280,213,0,0,1,1,7
B,4,45,Localized,Balanced,1,300,17281,40,-1,-1,0,0,1
B,4,45,Localized,Balanced,2,600,17388,40,-1,-1,0,0,2
B,4,45,Localized,Balanced,3,900,17480,40,-1,-1,0,0,3
B,4,45,Localized,Balanced,4,1200,17581,40,-1,-1,0,0,4
B,4,45,Localized,Balanced,5,1500,17681,40,-1,-1,0,0,5
B,4,45,Localized,Balanced,6,1800,17781,40,-1,-1,0,0,6
B,4,45,Localized,Balanced,7,2100,17881,40,-1,-1,0,0,7
B,4,45,Localized,Balanced,8,2400,17976,40,-1,-1,0,0,8
B,4,45,Localized,Balanced,9,2700,18063,51,-1,-1,0,0,9
B,4,45,Localized,Balanced,10,3000,18156,51,-1,-1,0,0,10
B,4,45,Localized,Balanced,11,3300,18261,51,-1,-1,0,0,11
B,4,45,Localized,Balanced,12,3600,18358,51,-1,-1,0,0,12
B,4,45,Localized,Balanced,13,3900,18467,51,-1,-1,0,0,13
B,4,45,Localized,Balanced,14,4200,18569,51,-1,-1,0,0,14
B,4,45,Localized,Balanced,15,4500,18661,51,-1,-1,0,0,15
B,4,45,Localized,Balanced,16,4800,18757,51,-1,-1,0,0,16
B,4,45,Localized,Balanced,17,5100,18856,51,-1,-1,0,0,17
B,4,45,Localized,Balanced,18,5400,18955,51,-1,-1,0,0,18
B,4,45,Localized,Balanced,19,5700,19049,51,-1,-1,0,0,19
B,4,45,Localized,Balanced,20,6000,19137,51,-1,-1,0,0,20
B,4,45,Localized,Balanced,21,6300,19229,51,-1,-1,0,0,21
B,4,45,Localized,Balanced,22,6600,19328,51,-1,-1,0,0,22
B,4,45,Localized,Balanced,23,6900,19418,51,-1,-1,0,0,23
B,4,45,Localized,Balanced,24,7200,19508,51,-1,-1,0,0,24
B,4,45,Localized,Balanced,25,7500,19611,51,-1,-1,0,0,25
B,4,45,Localized,Balanced,26,7800,19694,51,-1,-1,0,0,26
B,4,45,Localized,Balanced,27,8100,19798,51,-1,-1,0,0,27
B,4,45,Localized,Balanced,28,8400,19888,51,-1,-1,0,0,28
B,4,45,Localized,Balanced,29,8700,19984,55,-1,-1,0,0,29
B,4,45,Localized,Balanced,30,9000,20084,55,-1,-1,0,0,30
B,4,45,Localized,Balanced,31,9300,20204,55,-1,-1,0,0,31
B,4,45,Localized,Balanced,32,9600,20303,55,-1,-1,0,0,32
B,4,45,Localized,Balanced,33,9900,20402,55,-1,-1,0,0,33
B,4,45,Localized,Balanced,34,10200,20504,55,-1,-1,0,0,34
B,4,45,Localized,Balanced,35,10500,20595,55,-1,-1,0,0,35
B,4,45,Localized,Balanced,36,10800,20685,55,-1,-1,0,0,36
B,4,45,Localized,Balanced,37,11100,20791,55,-1,-1,0,0,37
B,4,45,Localized,Balanced,38,11400,20879,55,-1,-1,0,0,38
B,4,45,Localized,Balanced,39,11700,20970,55,-1,-1,0,0,39
B,4,45,Localized,Balanced,40,12000,21070,55,-1,-1,0,0,40
B,4,45,Localized,Balanced,41,12300,21169,55,-1,-1,0,0,41
B,4,45,Localized,Balanced,42,12600,21266,55,-1,-1,0,0,42
B,4,45,Localized,Balanced,43,12900,21373,55,-1,-1,0,0,43
B,4,45,Localized,Balanced,44,13200,21458,55,-1,-1,0,0,44
B,4,45,Localized,Balanced,45,13500,21556,55,-1,-1,0,0,45
B,4,45,Localized,Balanced,46,13800,21648,55,-1,-1,0,0,46
B,4,45,Localized,Balanced,47,14100,21763,55,-1,-1,0,0,47
B,4,45,Localized,Balanced,48,14400,21854,55,-1,-1,0,0,48
B,4,45,Localized,Balanced,49,14700,21961,63,-1,-1,0,0,49
B,4,45,Localized,Balanced,50,15000,22068,63,-1,-1,0,0,50
B,4,45,Localized,Balanced,51,15300,22155,63,-1,-1,0,0,51
B,4,45,Localized,Balanced,52,15600,22249,63,-1,-1,0,0,52
B,4,45,Localized,Balanced,53,15900,22345,63,-1,-1,0,0,53
B,4,45,Localized,Balanced,54,16200,22444,63,-1,-1,0,0,54
B,4,45,Localized,Balanced,55,16500,22540,63,-1,-1,0,0,55
B,4,45,Localized,Balanced,56,16800,22645,63,-1,-1,0,0,56
B,4,45,Localized,Balanced,57,17100,22737,63,-1,-1,0,0,57
B,4,45,Localized,Balanced,58,17400,22837,63,-1,-1,0,0,58
B,4,45,Localized,Balanced,59,17700,22938,63,-1,-1,0,0,59
B,4,45,Localized,Balanced,60,18000,23039,63,-1,-1,0,0,60
B,4,45,Localized,Balanced,61,18300,23126,63,-1,-1,0,0,61
B,4,45,Localized,Balanced,62,18600,23217,63,-1,-1,0,0,62
B,4,45,Localized,Balanced,63,18900,23317,63,-1,-1,0,0,63
B,4,45,Localized,Balanced,64,19200,23411,63,-1,-1,0,0,64
B,4,45,Localized,Balanced,65,19500,23512,63,-1,-1,0,0,65
B,4,45,Localized,Balanced,66,19800,23602,63,-1,-1,0,0,66
B,4,45,Localized,Balanced,67,20100,23707,63,-1,-1,0,0,67
B,4,45,Localized,Balanced,68,20400,23794,63,-1,-1,0,0,68
B,4,45,Localized,Balanced,69,20700,23903,69,-1,-1,0,0,69
B,4,45,Localized,Balanced,70,21000,23999,69,-1,-1,0,0,70
B,4,45,Localized,Balanced,71,21300,24094,69,-1,-1,0,0,71
B,4,45,Localized,Balanced,72,21600,24203,69,-1,-1,0,0,72
B,4,45,Localized,Balanced,73,21900,24298,69,-1,-1,0,0,73
B,4,45,Localized,Balanced,74,22200,24398,69,-1,-1,0,0,74
B,4,45,Localized,Balanced,75,22500,24502,69,-1,-1,0,0,75
B,4,45,Localized,Balanced,76,22800,24593,69,-1,-1,0,0,76
B,4,45,Localized,Balanced,77,23100,24685,69,-1,-1,0,0,77
B,4,45,Localized,Balanced,78,23400,24790,69,-1,-1,0,0,78
B,4,45,Localized,Balanced,79,23700,24883,69,-1,-1,0,0,79
B,4,45,Localized,Balanced,80,24000,24973,69,-1,-1,0,0,80
B,4,45,Localized,Balanced,81,24300,25064,69,-1,-1,0,0,81
B,4,45,Localized,Balanced,82,24600,25162,69,-1,-1,0,0,82
B,4,45,Localized,Balanced,83,24900,25265,69,-1,-1,0,0,83
B,4,45,Localized,Balanced,84,25000,25293,69,-1,-1,0,0,84
B,4,45,Localized,Insert-flood,1,300,17484,40,-1,-1,0,0,1
B,4,45,Localized,Insert-flood,2,600,17772,40,-1,-1,0,0,2
B,4,45,Localized,Insert-flood,3,900,18063,51,-1,-1,0,0,3
B,4,45,Localized,Insert-flood,4,1200,18344,51,-1,-1,0,0,4
B,4,45,Localized,Insert-flood,5,1500,18638,51,-1,-1,0,0,5
B,4,45,Localized,Insert-flood,6,1800,18931,51,-1,-1,0,0,6
B,4,45,Localized,Insert-flood,7,2100,19221,51,-1,-1,0,0,7
B,4,45,Localized,Insert-flood,8,2400,19495,51,-1,-1,0,0,8
B,4,45,Localized,Insert-flood,9,2700,19786,51,-1,-1,0,0,9
B,4,45,Localized,Insert-flood,10,3000,20074,55,-1,-1,0,0,10
B,4,45,Localized,Insert-flood,11,3300,20365,55,-1,-1,0,0,11
B,4,45,Localized,Insert-flood,12,3600,20645,55,-1,-1,0,0,12
B,4,45,Localized,Insert-flood,13,3900,20934,55,-1,-1,0,0,13
B,4,45,Localized,Insert-flood,14,4200,21225,55,-1,-1,0,0,14
B,4,45,Localized,Insert-flood,15,4500,21511,55,-1,-1,0,0,15
B,4,45,Localized,Insert-flood,16,4800,21792,55,-1,-1,0,0,16
B,4,45,Localized,Insert-flood,17,5100,22084,66,-1,-1,0,0,17
B,4,45,Localized,Insert-flood,18,5400,22376,66,-1,-1,0,0,18
B,4,45,Localized,Insert-flood,19,5700,22664,66,-1,-1,0,0,19
B,4,45,Localized,Insert-flood,20,6000,22948,66,-1,-1,0,0,20
B,4,45,Localized,Insert-flood,21,6300,23232,66,-1,-1,0,0,21
B,4,45,Localized,Insert-flood,22,6600,23523,66,-1,-1,0,0,22
B,4,45,Localized,Insert-flood,23,6900,23810,66,-1,-1,0,0,23
B,4,45,Localized,Insert-flood,24,7200,24097,66,-1,-1,0,0,24
B,4,45,Localized,Insert-flood,25,7500,24385,66,-1,-1,0,0,25
B,4,45,Localized,Insert-flood,26,7800,24674,66,-1,-1,0,0,26
B,4,45,Localized,Insert-flood,27,8100,24966,66,-1,-1,0,0,27
B,4,45,Localized,Insert-flood,28,8400,25256,66,-1,-1,0,0,28
B,4,45,Localized,Insert-flood,29,8700,25542,66,-1,-1,0,0,29
B,4,45,Localized,Insert-flood,30,9000,25827,66,-1,-1,0,0,30
B,4,45,Localized,Insert-flood,31,9300,26116,74,-1,-1,0,0,31
B,4,45,Localized,Insert-flood,32,9600,26402,74,-1,-1,0,0,32
B,4,45,Localized,Insert-flood,33,9900,26688,74,-1,-1,0,0,33
B,4,45,Localized,Insert-flood,34,10200,26979,74,-1,-1,0,0,34
B,4,45,Localized,Insert-flood,35,10500,27270,74,-1,-1,0,0,35
B,4,45,Localized,Insert-flood,36,10800,27562,74,-1,-1,0,0,36
B,4,45,Localized,Insert-flood,37,11100,27847,74,-1,-1,0,0,37
B,4,45,Localized,Insert-flood,38,11400,28140,82,-1,-1,0,0,38
B,4,45,Localized,Insert-flood,39,11700,28430,82,-1,-1,0,0,39
B,4,45,Localized,Insert-flood,40,12000,28718,82,-1,-1,0,0,40
B,4,45,Localized,Insert-flood,41,12300,29007,82,-1,-1,0,0,41
B,4,45,Localized,Insert-flood,42,12600,29293,82,-1,-1,0,0,42
B,4,45,Localized,Insert-flood,43,12900,29583,82,-1,-1,0,0,43
B,4,45,Localized,Insert-flood,44,13200,29861,82,-1,-1,0,0,44
B,4,45,Localized,Insert-flood,45,13500,30145,87,-1,-1,0,0,45
B,4,45,Localized,Insert-flood,46,13800,30424,87,-1,-1,0,0,46
B,4,45,Localized,Insert-flood,47,14100,30711,87,-1,-1,0,0,47
B,4,45,Localized,Insert-flood,48,14400,31000,87,-1,-1,0,0,48
B,4,45,Localized,Insert-flood,49,14700,31287,87,-1,-1,0,0,49
B,4,45,Localized,Insert-flood,50,15000,31572,87,-1,-1,0,0,50
B,4,45,Localized,Insert-flood,51,15300,31859,87,-1,-1,0,0,51
B,4,45,Localized,Insert-flood,52,15600,32151,90,-1,-1,0,0,52
B,4,45,Localized,Insert-flood,53,15900,32441,90,-1,-1,0,0,53
B,4,45,Localized,Insert-flood,54,16200,32728,90,-1,-1,0,0,54
B,4,45,Localized,Insert-flood,55,16500,33021,90,-1,-1,0,0,55
B,4,45,Localized,Insert-flood,56,16800,33310,90,-1,-1,0,0,56
B,4,45,Localized,Insert-flood,57,17100,33593,90,-1,-1,0,0,57
B,4,45,Localized,Insert-flood,58,17400,33881,90,-1,-1,0,0,58
B,4,45,Localized,Insert-flood,59,17700,34162,95,-1,-1,0,0,59
B,4,45,Localized,Insert-flood,60,18000,34453,95,-1,-1,0,0,60
B,4,45,Localized,Insert-flood,61,18300,34743,95,-1,-1,0,0,61
B,4,45,Localized,Insert-flood,62,18600,35036,95,-1,-1,0,0,62
B,4,45,Localized,Insert-flood,63,18900,35324,95,-1,-1,0,0,63
B,4,45,Localized,Insert-flood,64,19200,35609,95,-1,-1,0,0,64
B,4,45,Localized,Insert-flood,65,19500,35896,95,-1,-1,0,0,65
B,4,45,Localized,Insert-flood,66,19800,36187,102,-1,-1,0,0,66
B,4,45,Localized,Insert-flood,67,20100,36477,102,-1,-1,0,0,67
B,4,45,Localized,Insert-flood,68,20400,36768,102,-1,-1,0,0,68
B,4,45,Localized,Insert-flood,69,20700,37059,102,-1,-1,0,0,69
B,4,45,Localized,Insert-flood,70,21000,37352,102,-1,-1,0,0,70
B,4,45,Localized,Insert-flood,71,21300,37646,102,-1,-1,0,0,71
B,4,45,Localized,Insert-flood,72,21600,37941,102,-1,-1,0,0,72
B,4,45,Localized,Insert-flood,73,21900,38236,105,-1,-1,0,0,73
B,4,45,Localized,Insert-flood,74,22200,38529,105,-1,-1,0,0,74
B,4,45,Localized,Insert-flood,75,22500,38816,105,-1,-1,0,0,75
B,4,45,Localized,Insert-flood,76,22800,39097,105,-1,-1,0,0,76
B,4,45,Localized,Insert-flood,77,23100,39384,105,-1,-1,0,0,77
B,4,45,Localized,Insert-flood,78,23400,39676,105,-1,-1,0,0,78
B,4,45,Localized,Insert-flood,79,23700,39965,105,-1,-1,0,0,79
B,4,45,Localized,Insert-flood,80,24000,40253,107,-1,-1,0,0,80
B,4,45,Localized,Insert-flood,81,24300,40541,107,-1,-1,0,0,81
B,4,45,Localized,Insert-flood,82,24600,40822,107,-1,-1,0,0,82
B,4,45,Localized,Insert-flood,83,24900,41104,107,-1,-1,0,0,83
B,4,45,Localized,Insert-flood,84,25000,41197,107,-1,-1,0,0,84
B,4,45,Localized,Delete-flood,1,300,17210,40,-1,-1,0,0,1
B,4,45,Localized,Delete-flood,2,600,17221,40,-1,-1,0,0,2
B,4,45,Localized,Delete-flood,3,900,17226,40,-1,-1,0,0,3
B,4,45,Localized,Delete-flood,4,1200,17238,40,-1,-1,0,0,4
B,4,45,Localized,Delete-flood,5,1500,17248,40,-1,-1,0,0,5
B,4,45,Localized,Delete-flood,6,1800,17253,40,-1,-1,0,0,6
B,4,45,Localized,Delete-flood,7,2100,17264,40,-1,-1,0,0,7
B,4,45,Localized,Delete-flood,8,2400,17279,40,-1,-1,0,0,8
B,4,45,Localized,Delete-flood,9,2700,17298,40,-1,-1,0,0,9
B,4,45,Localized,Delete-flood,10,3000,17311,40,-1,-1,0,0,10
B,4,45,Localized,Delete-flood,11,3300,17326,40,-1,-1,0,0,11
B,4,45,Localized,Delete-flood,12,3600,17330,40,-1,-1,0,0,12
B,4,45,Localized,Delete-flood,13,3900,17342,40,-1,-1,0,0,13
B,4,45,Localized,Delete-flood,14,4200,17358,40,-1,-1,0,0,14
B,4,45,Localized,Delete-flood,15,4500,17372,40,-1,-1,0,0,15
B,4,45,Localized,Delete-flood,16,4800,17382,40,-1,-1,0,0,16
B,4,45,Localized,Delete-flood,17,5100,17399,40,-1,-1,0,0,17
B,4,45,Localized,Delete-flood,18,5400,17414,40,-1,-1,0,0,18
B,4,45,Localized,Delete-flood,19,5700,17429,40,-1,-1,0,0,19
B,4,45,Localized,Delete-flood,20,6000,17437,40,-1,-1,0,0,20
B,4,45,Localized,Delete-flood,21,6300,17444,40,-1,-1,0,0,21
B,4,45,Localized,Delete-flood,22,6600,17461,40,-1,-1,0,0,22
B,4,45,Localized,Delete-flood,23,6900,17476,40,-1,-1,0,0,23
B,4,45,Localized,Delete-flood,24,7200,17484,40,-1,-1,0,0,24
B,4,45,Localized,Delete-flood,25,7500,17498,40,-1,-1,0,0,25
B,4,45,Localized,Delete-flood,26,7800,17507,40,-1,-1,0,0,26
B,4,45,Localized,Delete-flood,27,8100,17520,40,-1,-1,0,0,27
B,4,45,Localized,Delete-flood,28,8400,17530,40,-1,-1,0,0,28
B,4,45,Localized,Delete-flood,29,8700,17553,40,-1,-1,0,0,29
B,4,45,Localized,Delete-flood,30,9000,17573,40,-1,-1,0,0,30
B,4,45,Localized,Delete-flood,31,9300,17581,40,-1,-1,0,0,31
B,4,45,Localized,Delete-flood,32,9600,17592,40,-1,-1,0,0,32
B,4,45,Localized,Delete-flood,33,9900,17611,40,-1,-1,0,0,33
B,4,45,Localized,Delete-flood,34,10200,17624,40,-1,-1,0,0,34
B,4,45,Localized,Delete-flood,35,10500,17631,40,-1,-1,0,0,35
B,4,45,Localized,Delete-flood,36,10800,17638,40,-1,-1,0,0,36
B,4,45,Localized,Delete-flood,37,11100,17651,40,-1,-1,0,0,37
B,4,45,Localized,Delete-flood,38,11400,17670,40,-1,-1,0,0,38
B,4,45,Localized,Delete-flood,39,11700,17676,40,-1,-1,0,0,39
B,4,45,Localized,Delete-flood,40,12000,17691,40,-1,-1,0,0,40
B,4,45,Localized,Delete-flood,41,12300,17705,40,-1,-1,0,0,41
B,4,45,Localized,Delete-flood,42,12600,17712,40,-1,-1,0,0,42
B,4,45,Localized,Delete-flood,43,12900,17732,40,-1,-1,0,0,43
B,4,45,Localized,Delete-flood,44,13200,17739,40,-1,-1,0,0,44
B,4,45,Localized,Delete-flood,45,13500,17756,40,-1,-1,0,0,45
B,4,45,Localized,Delete-flood,46,13800,17770,40,-1,-1,0,0,46
B,4,45,Localized,Delete-flood,47,14100,17783,40,-1,-1,0,0,47
B,4,45,Localized,Delete-flood,48,14400,17795,40,-1,-1,0,0,48
B,4,45,Localized,Delete-flood,49,14700,17810,50,-1,-1,0,0,49
B,4,45,Localized,Delete-flood,50,15000,17818,50,-1,-1,0,0,50
B,4,45,Localized,Delete-flood,51,15300,17831,50,-1,-1,0,0,51
B,4,45,Localized,Delete-flood,52,15600,17842,50,-1,-1,0,0,52
B,4,45,Localized,Delete-flood,53,15900,17857,50,-1,-1,0,0,53
B,4,45,Localized,Delete-flood,54,16200,17867,50,-1,-1,0,0,54
B,4,45,Localized,Delete-flood,55,16500,17883,50,-1,-1,0,0,55
B,4,45,Localized,Delete-flood,56,16800,17899,50,-1,-1,0,0,56
B,4,45,Localized,Delete-flood,57,17100,17906,50,-1,-1,0,0,57
B,4,45,Localized,Delete-flood,58,17400,17922,50,-1,-1,0,0,58
B,4,45,Localized,Delete-flood,59,17700,17935,50,-1,-1,0,0,59
B,4,45,Localized,Delete-flood,60,18000,17949,50,-1,-1,0,0,60
B,4,45,Localized,Delete-flood,61,18300,17963,50,-1,-1,0,0,61
B,4,45,Localized,Delete-flood,62,18600,17978,50,-1,-1,0,0,62
B,4,45,Localized,Delete-flood,63,18900,17987,50,-1,-1,0,0,63
B,4,45,Localized,Delete-flood,64,19200,17994,50,-1,-1,0,0,64
B,4,45,Localized,Delete-flood,65,19500,18010,50,-1,-1,0,0,65
B,4,45,Localized,Delete-flood,66,19800,18021,50,-1,-1,0,0,66
B,4,45,Localized,Delete-flood,67,20100,18036,50,-1,-1,0,0,67
B,4,45,Localized,Delete-flood,68,20400,18050,50,-1,-1,0,0,68
B,4,45,Localized,Delete-flood,69,20700,18063,50,-1,-1,0,0,69
B,4,45,Localized,Delete-flood,70,21000,18080,50,-1,-1,0,0,70
B,4,45,Localized,Delete-flood,71,21300,18093,50,-1,-1,0,0,71
B,4,45,Localized,Delete-flood,72,21600,18114,50,-1,-1,0,0,72
B,4,45,Localized,Delete-flood,73,21900,18126,50,-1,-1,0,0,73
B,4,45,Localized,Delete-flood,74,22200,18141,50,-1,-1,0,0,74
B,4,45,Localized,Delete-flood,75,22500,18150,50,-1,-1,0,0,75
B,4,45,Localized,Delete-flood,76,22800,18165,50,-1,-1,0,0,76
B,4,45,Localized,Delete-flood,77,23100,18171,50,-1,-1,0,0,77
B,4,45,Localized,Delete-flood,78,23400,18180,50,-1,-1,0,0,78
B,4,45,Localized,Delete-flood,79,23700,18184,50,-1,-1,0,0,79
B,4,45,Localized,Delete-flood,80,24000,18198,50,-1,-1,0,0,80
B,4,45,Localized,Delete-flood,81,24300,18202,50,-1,-1,0,0,81
B,4,45,Localized,Delete-flood,82,24600,18214,50,-1,-1,0,0,82
B,4,45,Localized,Delete-flood,83,24900,18220,50,-1,-1,0,0,83
B,4,45,Localized,Delete-flood,84,25000,18229,50,-1,-1,0,0,84
B,4,45,Localized,Write-heavy,1,300,17349,40,-1,-1,0,0,1
B,4,45,Localized,Write-heavy,2,600,17503,40,-1,-1,0,0,2
B,4,45,Localized,Write-heavy,3,900,17654,40,-1,-1,0,0,3
B,4,45,Localized,Write-heavy,4,1200,17797,40,-1,-1,0,0,4
B,4,45,Localized,Write-heavy,5,1500,17946,40,-1,-1,0,0,5
B,4,45,Localized,Write-heavy,6,1800,18094,51,-1,-1,0,0,6
B,4,45,Localized,Write-heavy,7,2100,18241,51,-1,-1,0,0,7
B,4,45,Localized,Write-heavy,8,2400,18370,51,-1,-1,0,0,8
B,4,45,Localized,Write-heavy,9,2700,18517,51,-1,-1,0,0,9
B,4,45,Localized,Write-heavy,10,3000,18675,51,-1,-1,0,0,10
B,4,45,Localized,Write-heavy,11,3300,18819,51,-1,-1,0,0,11
B,4,45,Localized,Write-heavy,12,3600,18975,51,-1,-1,0,0,12
B,4,45,Localized,Write-heavy,13,3900,19104,51,-1,-1,0,0,13
B,4,45,Localized,Write-heavy,14,4200,19249,51,-1,-1,0,0,14
B,4,45,Localized,Write-heavy,15,4500,19390,51,-1,-1,0,0,15
B,4,45,Localized,Write-heavy,16,4800,19537,51,-1,-1,0,0,16
B,4,45,Localized,Write-heavy,17,5100,19694,51,-1,-1,0,0,17
B,4,45,Localized,Write-heavy,18,5400,19836,51,-1,-1,0,0,18
B,4,45,Localized,Write-heavy,19,5700,19985,59,-1,-1,0,0,19
B,4,45,Localized,Write-heavy,20,6000,20118,59,-1,-1,0,0,20
B,4,45,Localized,Write-heavy,21,6300,20281,59,-1,-1,0,0,21
B,4,45,Localized,Write-heavy,22,6600,20442,59,-1,-1,0,0,22
B,4,45,Localized,Write-heavy,23,6900,20579,59,-1,-1,0,0,23
B,4,45,Localized,Write-heavy,24,7200,20737,59,-1,-1,0,0,24
B,4,45,Localized,Write-heavy,25,7500,20893,59,-1,-1,0,0,25
B,4,45,Localized,Write-heavy,26,7800,21038,59,-1,-1,0,0,26
B,4,45,Localized,Write-heavy,27,8100,21184,59,-1,-1,0,0,27
B,4,45,Localized,Write-heavy,28,8400,21329,59,-1,-1,0,0,28
B,4,45,Localized,Write-heavy,29,8700,21469,59,-1,-1,0,0,29
B,4,45,Localized,Write-heavy,30,9000,21612,59,-1,-1,0,0,30
B,4,45,Localized,Write-heavy,31,9300,21765,59,-1,-1,0,0,31
B,4,45,Localized,Write-heavy,32,9600,21914,59,-1,-1,0,0,32
B,4,45,Localized,Write-heavy,33,9900,22079,66,-1,-1,0,0,33
B,4,45,Localized,Write-heavy,34,10200,22233,66,-1,-1,0,0,34
B,4,45,Localized,Write-heavy,35,10500,22371,66,-1,-1,0,0,35
B,4,45,Localized,Write-heavy,36,10800,22534,66,-1,-1,0,0,36
B,4,45,Localized,Write-heavy,37,11100,22685,66,-1,-1,0,0,37
B,4,45,Localized,Write-heavy,38,11400,22836,66,-1,-1,0,0,38
B,4,45,Localized,Write-heavy,39,11700,22992,66,-1,-1,0,0,39
B,4,45,Localized,Write-heavy,40,12000,23156,66,-1,-1,0,0,40
B,4,45,Localized,Write-heavy,41,12300,23303,66,-1,-1,0,0,41
B,4,45,Localized,Write-heavy,42,12600,23451,66,-1,-1,0,0,42
B,4,45,Localized,Write-heavy,43,12900,23591,66,-1,-1,0,0,43
B,4,45,Localized,Write-heavy,44,13200,23727,66,-1,-1,0,0,44
B,4,45,Localized,Write-heavy,45,13500,23884,66,-1,-1,0,0,45
B,4,45,Localized,Write-heavy,46,13800,24034,72,-1,-1,0,0,46
B,4,45,Localized,Write-heavy,47,14100,24189,72,-1,-1,0,0,47
B,4,45,Localized,Write-heavy,48,14400,24332,72,-1,-1,0,0,48
B,4,45,Localized,Write-heavy,49,14700,24499,72,-1,-1,0,0,49
B,4,45,Localized,Write-heavy,50,15000,24640,72,-1,-1,0,0,50
B,4,45,Localized,Write-heavy,51,15300,24769,72,-1,-1,0,0,51
B,4,45,Localized,Write-heavy,52,15600,24916,72,-1,-1,0,0,52
B,4,45,Localized,Write-heavy,53,15900,25076,72,-1,-1,0,0,53
B,4,45,Localized,Write-heavy,54,16200,25216,72,-1,-1,0,0,54
B,4,45,Localized,Write-heavy,55,16500,25371,72,-1,-1,0,0,55
B,4,45,Localized,Write-heavy,56,16800,25504,72,-1,-1,0,0,56
B,4,45,Localized,Write-heavy,57,17100,25654,72,-1,-1,0,0,57
B,4,45,Localized,Write-heavy,58,17400,25796,72,-1,-1,0,0,58
B,4,45,Localized,Write-heavy,59,17700,25955,77,-1,-1,0,0,59
B,4,45,Localized,Write-heavy,60,18000,26101,77,-1,-1,0,0,60
B,4,45,Localized,Write-heavy,61,18300,26242,77,-1,-1,0,0,61
B,4,45,Localized,Write-heavy,62,18600,26393,77,-1,-1,0,0,62
B,4,45,Localized,Write-heavy,63,18900,26543,77,-1,-1,0,0,63
B,4,45,Localized,Write-heavy,64,19200,26692,77,-1,-1,0,0,64
B,4,45,Localized,Write-heavy,65,19500,26831,77,-1,-1,0,0,65
B,4,45,Localized,Write-heavy,66,19800,26976,77,-1,-1,0,0,66
B,4,45,Localized,Write-heavy,67,20100,27134,77,-1,-1,0,0,67
B,4,45,Localized,Write-heavy,68,20400,27284,77,-1,-1,0,0,68
B,4,45,Localized,Write-heavy,69,20700,27430,77,-1,-1,0,0,69
B,4,45,Localized,Write-heavy,70,21000,27565,77,-1,-1,0,0,70
B,4,45,Localized,Write-heavy,71,21300,27705,77,-1,-1,0,0,71
B,4,45,Localized,Write-heavy,72,21600,27853,85,-1,-1,0,0,72
B,4,45,Localized,Write-heavy,73,21900,27985,85,-1,-1,0,0,73
B,4,45,Localized,Write-heavy,74,22200,28148,85,-1,-1,0,0,74
B,4,45,Localized,Write-heavy,75,22500,28296,85,-1,-1,0,0,75
B,4,45,Localized,Write-heavy,76,22800,28440,85,-1,-1,0,0,76
B,4,45,Localized,Write-heavy,77,23100,28604,85,-1,-1,0,0,77
B,4,45,Localized,Write-heavy,78,23400,28756,85,-1,-1,0,0,78
B,4,45,Localized,Write-heavy,79,23700,28902,85,-1,-1,0,0,79
B,4,45,Localized,Write-heavy,80,24000,29032,85,-1,-1,0,0,80
B,4,45,Localized,Write-heavy,81,24300,29174,85,-1,-1,0,0,81
B,4,45,Localized,Write-heavy,82,24600,29319,85,-1,-1,0,0,82
B,4,45,Localized,Write-heavy,83,24900,29465,85,-1,-1,0,0,83
B,4,45,Localized,Write-heavy,84,25000,29509,85,-1,-1,0,0,84
B,4,45,Clustered,Balanced,1,300,1928,1,0,0,1,1,0
B,4,45,Clustered,Balanced,2,600,2027,12,0,0,1,1,0
B,4,45,Clustered,Balanced,3,900,2117,12,0,0,1,1,0
B,4,45,Clustered,Balanced,4,1200,2223,12,0,0,1,1,0
B,4,45,Clustered,Balanced,5,1500,2312,12,0,0,1,1,0
B,4,45,Clustered,Balanced,6,1800,2391,12,0,0,1,1,0
B,4,45,Clustered,Balanced,7,2100,2487,12,0,0,1,1,0
B,4,45,Clustered,Balanced,8,2400,2587,12,0,0,1,1,0
B,4,45,Clustered,Balanced,9,2700,2684,12,0,0,1,1,0
B,4,45,Clustered,Balanced,10,3000,2768,12,0,0,1,1,0
B,4,45,Clustered,Balanced,11,3300,2875,12,0,0,1,1,0
B,4,45,Clustered,Balanced,12,3600,2970,12,0,0,1,1,0
B,4,45,Clustered,Balanced,13,3900,3066,12,0,0,1,1,0
B,4,45,Clustered,Balanced,14,4200,3179,12,0,0,1,1,0
B,4,45,Clustered,Balanced,15,4500,3268,12,0,0,1,1,0
B,4,45,Clustered,Balanced,16,4800,3359,12,0,0,1,1,0
B,4,45,Clustered,Balanced,17,5100,3452,12,0,0,1,1,0
B,4,45,Clustered,Balanced,18,5400,3547,12,0,0,1,1,0
B,4,45,Clustered,Balanced,19,5700,3646,12,0,0,1,1,0
B,4,45,Clustered,Balanced,20,6000,3751,12,0,0,1,1,0
B,4,45,Clustered,Balanced,21,6300,3861,12,0,0,1,1,0
B,4,45,Clustered,Balanced,22,6600,3957,12,0,0,1,1,0
B,4,45,Clustered,Balanced,23,6900,4061,19,0,0,1,1,0
B,4,45,Clustered,Balanced,24,7200,4185,19,0,0,1,1,0
B,4,45,Clustered,Balanced,25,7500,4276,19,0,0,1,1,0
B,4,45,Clustered,Balanced,26,7800,4373,19,0,0,1,1,0
B,4,45,Clustered,Balanced,27,8100,4464,19,0,0,1,1,0
B,4,45,Clustered,Balanced,28,8400,4544,19,0,0,1,1,0
B,4,45,Clustered,Balanced,29,8700,4651,19,0,0,1,1,0
B,4,45,Clustered,Balanced,30,9000,4741,19,0,0,1,1,0
B,4,45,Clustered,Balanced,31,9300,4839,19,0,0,1,1,0
B,4,45,Clustered,Balanced,32,9600,4943,19,0,0,1,1,0
B,4,45,Clustered,Balanced,33,9900,5037,19,0,0,1,1,0
B,4,45,Clustered,Balanced,34,10200,5131,19,0,0,1,1,0
B,4,45,Clustered,Balanced,35,10500,5227,19,0,0,1,1,0
B,4,45,Clustered,Balanced,36,10800,5330,19,0,0,1,1,0
B,4,45,Clustered,Balanced,37,11100,5432,19,0,0,1,1,0
B,4,45,Clustered,Balanced,38,11400,5548,19,0,0,1,1,0
B,4,45,Clustered,Balanced,39,11700,5656,19,0,0,1,1,0
B,4,45,Clustered,Balanced,40,12000,5751,19,0,0,1,1,0
B,4,45,Clustered,Balanced,41,12300,5843,19,0,0,1,1,0
B,4,45,Clustered,Balanced,42,12600,5949,24,0,0,1,1,0
B,4,45,Clustered,Balanced,43,12900,6049,24,0,0,1,1,0
B,4,45,Clustered,Balanced,44,13200,6166,24,0,0,1,1,0
B,4,45,Clustered,Balanced,45,13500,6265,24,0,0,1,1,0
B,4,45,Clustered,Balanced,46,13800,6368,24,0,0,1,1,0
B,4,45,Clustered,Balanced,47,14100,6464,24,0,0,1,1,0
B,4,45,Clustered,Balanced,48,14400,6569,24,0,0,1,1,0
B,4,45,Clustered,Balanced,49,14700,6663,24,0,0,1,1,0
B,4,45,Clustered,Balanced,50,15000,6770,24,0,0,1,1,0
B,4,45,Clustered,Balanced,51,15300,6876,24,0,0,1,1,0
B,4,45,Clustered,Balanced,52,15600,6968,24,0,0,1,1,0
B,4,45,Clustered,Balanced,53,15900,7076,24,0,0,1,1,0
B,4,45,Clustered,Balanced,54,16200,7182,24,0,0,1,1,0
B,4,45,Clustered,Balanced,55,16500,7279,24,0,0,1,1,0
B,4,45,Clustered,Balanced,56,16800,7385,24,0,0,1,1,0
B,4,45,Clustered,Balanced,57,17100,7464,24,0,0,1,1,0
B,4,45,Clustered,Balanced,58,17400,7566,24,0,0,1,1,0
B,4,45,Clustered,Balanced,59,17700,7658,24,0,0,1,1,0
B,4,45,Clustered,Balanced,60,18000,7772,24,0,0,1,1,0
B,4,45,Clustered,Balanced,61,18300,7869,24,0,0,1,1,0
B,4,45,Clustered,Balanced,62,18600,7978,29,0,0,1,1,0
B,4,45,Clustered,Balanced,63,18900,8085,29,-1,-1,0,0,1
B,4,45,Clustered,Balanced,64,19200,8175,29,-1,-1,0,0,2
B,4,45,Clustered,Balanced,65,19500,8276,29,0,0,1,1,2
B,4,45,Clustered,Balanced,66,19800,8367,29,0,0,1,1,2
B,4,45,Clustered,Balanced,67,20100,8478,29,0,0,1,1,2
B,4,45,Clustered,Balanced,68,20400,8582,29,0,0,1,1,2
B,4,45,Clustered,Balanced,69,20700,8689,29,0,0,1,1,2
B,4,45,Clustered,Balanced,70,21000,8789,29,0,0,1,1,2
B,4,45,Clustered,Balanced,71,21300,8883,29,0,0,1,1,2
B,4,45,Clustered,Balanced,72,21600,8975,29,0,0,1,1,2
B,4,45,Clustered,Balanced,73,21900,9065,29,0,0,1,1,2
B,4,45,Clustered,Balanced,74,22200,9165,29,0,0,1,1,2
B,4,45,Clustered,Balanced,75,22500,9256,29,0,0,1,1,2
B,4,45,Clustered,Balanced,76,22800,9351,29,0,0,1,1,2
B,4,45,Clustered,Balanced,77,23100,9455,29,0,0,1,1,2
B,4,45,Clustered,Balanced,78,23400,9556,29,0,0,1,1,2
B,4,45,Clustered,Balanced,79,23700,9644,29,0,0,1,1,2
B,4,45,Clustered,Balanced,80,24000,9747,29,0,0,1,1,2
B,4,45,Clustered,Balanced,81,24300,9840,29,0,0,1,1,2
B,4,45,Clustered,Balanced,82,24600,9936,31,0,0,1,1,2
B,4,45,Clustered,Balanced,83,24900,10031,31,0,0,1,1,2
B,4,45,Clustered,Balanced,84,25000,10061,31,0,0,1,1,2
B,4,45,Clustered,Insert-flood,1,300,2101,12,0,0,1,1,0
B,4,45,Clustered,Insert-flood,2,600,2385,12,0,0,1,1,0
B,4,45,Clustered,Insert-flood,3,900,2676,12,0,0,1,1,0
B,4,45,Clustered,Insert-flood,4,1200,2962,12,0,0,1,1,0
B,4,45,Clustered,Insert-flood,5,1500,3249,12,0,0,1,1,0
B,4,45,Clustered,Insert-flood,6,1800,3537,12,0,0,1,1,0
B,4,45,Clustered,Insert-flood,7,2100,3820,12,0,0,1,1,0
B,4,45,Clustered,Insert-flood,8,2400,4110,16,0,0,1,1,0
B,4,45,Clustered,Insert-flood,9,2700,4400,16,-1,-1,0,0,1
B,4,45,Clustered,Insert-flood,10,3000,4690,16,-1,-1,0,0,2
B,4,45,Clustered,Insert-flood,11,3300,4979,16,0,0,1,1,2
B,4,45,Clustered,Insert-flood,12,3600,5270,16,0,0,1,1,2
B,4,45,Clustered,Insert-flood,13,3900,5562,16,0,0,1,1,2
B,4,45,Clustered,Insert-flood,14,4200,5852,16,0,0,1,1,2
B,4,45,Clustered,Insert-flood,15,4500,6144,29,0,0,1,1,2
B,4,45,Clustered,Insert-flood,16,4800,6440,29,0,0,1,1,2
B,4,45,Clustered,Insert-flood,17,5100,6727,29,0,0,1,1,2
B,4,45,Clustered,Insert-flood,18,5400,7015,29,0,0,1,1,2
B,4,45,Clustered,Insert-flood,19,5700,7301,29,0,0,1,1,2
B,4,45,Clustered,Insert-flood,20,6000,7595,29,0,0,1,1,2
B,4,45,Clustered,Insert-flood,21,6300,7886,29,0,0,1,1,2
B,4,45,Clustered,Insert-flood,22,6600,8173,31,0,0,1,1,2
B,4,45,Clustered,Insert-flood,23,6900,8461,31,0,0,1,1,2
B,4,45,Clustered,Insert-flood,24,7200,8747,31,-1,-1,0,0,3
B,4,45,Clustered,Insert-flood,25,7500,9038,31,0,0,1,1,3
B,4,45,Clustered,Insert-flood,26,7800,9325,31,0,0,1,1,3
B,4,45,Clustered,Insert-flood,27,8100,9614,31,0,0,1,1,3
B,4,45,Clustered,Insert-flood,28,8400,9902,31,0,0,1,1,3
B,4,45,Clustered,Insert-flood,29,8700,10189,30,0,0,1,1,3
B,4,45,Clustered,Insert-flood,30,9000,10474,30,0,0,1,1,3
B,4,45,Clustered,Insert-flood,31,9300,10767,30,0,0,1,1,3
B,4,45,Clustered,Insert-flood,32,9600,11056,30,0,0,1,1,3
B,4,45,Clustered,Insert-flood,33,9900,11340,30,0,0,1,1,3
B,4,45,Clustered,Insert-flood,34,10200,11630,30,0,0,1,1,3
B,4,45,Clustered,Insert-flood,35,10500,11915,30,0,0,1,1,3
B,4,45,Clustered,Insert-flood,36,10800,12208,36,0,0,1,1,3
B,4,45,Clustered,Insert-flood,37,11100,12496,36,0,0,1,1,3
B,4,45,Clustered,Insert-flood,38,11400,12787,36,0,0,1,1,3
B,4,45,Clustered,Insert-flood,39,11700,13070,36,0,0,1,1,3
B,4,45,Clustered,Insert-flood,40,12000,13358,36,0,0,1,1,3
B,4,45,Clustered,Insert-flood,41,12300,13651,36,0,0,1,1,3
B,4,45,Clustered,Insert-flood,42,12600,13942,36,0,0,1,1,3
B,4,45,Clustered,Insert-flood,43,12900,14233,41,0,0,1,1,3
B,4,45,Clustered,Insert-flood,44,13200,14522,41,0,0,1,1,3
B,4,45,Clustered,Insert-flood,45,13500,14810,41,0,0,1,1,3
B,4,45,Clustered,Insert-flood,46,13800,15099,41,0,0,1,1,3
B,4,45,Clustered,Insert-flood,47,14100,15386,41,0,0,1,1,3
B,4,45,Clustered,Insert-flood,48,14400,15677,41,0,0,1,1,3
B,4,45,Clustered,Insert-flood,49,14700,15962,41,0,0,1,1,3
B,4,45,Clustered,Insert-flood,50,15000,16255,43,0,0,1,1,3
B,4,45,Clustered,Insert-flood,51,15300,16545,43,-1,-1,0,0,4
B,4,45,Clustered,Insert-flood,52,15600,16839,43,0,0,1,1,4
B,4,45,Clustered,Insert-flood,53,15900,17125,43,0,0,1,1,4
B,4,45,Clustered,Insert-flood,54,16200,17424,43,0,0,1,1,4
B,4,45,Clustered,Insert-flood,55,16500,17710,43,0,0,1,1,4
B,4,45,Clustered,Insert-flood,56,16800,17995,43,0,0,1,1,4
B,4,45,Clustered,Insert-flood,57,17100,18277,57,0,0,1,1,4
B,4,45,Clustered,Insert-flood,58,17400,18564,57,0,0,1,1,4
B,4,45,Clustered,Insert-flood,59,17700,18856,57,0,0,1,1,4
B,4,45,Clustered,Insert-flood,60,18000,19145,57,0,0,1,1,4
B,4,45,Clustered,Insert-flood,61,18300,19434,57,0,0,1,1,4
B,4,45,Clustered,Insert-flood,62,18600,19726,57,0,0,1,1,4
B,4,45,Clustered,Insert-flood,63,18900,20016,64,0,0,1,1,4
B,4,45,Clustered,Insert-flood,64,19200,20311,64,0,0,1,1,4
B,4,45,Clustered,Insert-flood,65,19500,20599,64,-1,-1,0,0,5
B,4,45,Clustered,Insert-flood,66,19800,20884,64,0,0,1,1,5
B,4,45,Clustered,Insert-flood,67,20100,21167,64,0,0,1,1,5
B,4,45,Clustered,Insert-flood,68,20400,21453,64,0,0,1,1,5
B,4,45,Clustered,Insert-flood,69,20700,21740,64,0,0,1,1,5
B,4,45,Clustered,Insert-flood,70,21000,22029,69,0,0,1,1,5
B,4,45,Clustered,Insert-flood,71,21300,22320,69,0,0,1,1,5
B,4,45,Clustered,Insert-flood,72,21600,22606,69,0,0,1,1,5
B,4,45,Clustered,Insert-flood,73,21900,22898,69,0,0,1,1,5
B,4,45,Clustered,Insert-flood,74,22200,23191,69,0,0,1,1,5
B,4,45,Clustered,Insert-flood,75,22500,23479,69,0,0,1,1,5
B,4,45,Clustered,Insert-flood,76,22800,23767,69,0,0,1,1,5
B,4,45,Clustered,Insert-flood,77,23100,24049,76,0,0,1,1,5
B,4,45,Clustered,Insert-flood,78,23400,24337,76,0,0,1,1,5
B,4,45,Clustered,Insert-flood,79,23700,24619,76,0,0,1,1,5
B,4,45,Clustered,Insert-flood,80,24000,24901,76,0,0,1,1,5
B,4,45,Clustered,Insert-flood,81,24300,25193,76,0,0,1,1,5
B,4,45,Clustered,Insert-flood,82,24600,25481,76,0,0,1,1,5
B,4,45,Clustered,Insert-flood,83,24900,25768,76,0,0,1,1,5
B,4,45,Clustered,Insert-flood,84,25000,25867,76,0,0,1,1,5
B,4,45,Clustered,Delete-flood,1,300,1826,1,0,0,1,1,0
B,4,45,Clustered,Delete-flood,2,600,1836,1,0,0,1,1,0
B,4,45,Clustered,Delete-flood,3,900,1849,1,0,0,1,1,0
B,4,45,Clustered,Delete-flood,4,1200,1863,1,0,0,1,1,0
B,4,45,Clustered,Delete-flood,5,1500,1869,1,0,0,1,1,0
B,4,45,Clustered,Delete-flood,6,1800,1883,1,0,0,1,1,0
B,4,45,Clustered,Delete-flood,7,2100,1895,1,0,0,1,1,0
B,4,45,Clustered,Delete-flood,8,2400,1900,1,0,0,1,1,0
B,4,45,Clustered,Delete-flood,9,2700,1912,1,0,0,1,1,0
B,4,45,Clustered,Delete-flood,10,3000,1923,1,0,0,1,1,0
B,4,45,Clustered,Delete-flood,11,3300,1935,1,0,0,1,1,0
B,4,45,Clustered,Delete-flood,12,3600,1949,1,0,0,1,1,0
B,4,45,Clustered,Delete-flood,13,3900,1966,12,0,0,1,1,0
B,4,45,Clustered,Delete-flood,14,4200,1972,12,0,0,1,1,0
B,4,45,Clustered,Delete-flood,15,4500,1984,12,0,0,1,1,0
B,4,45,Clustered,Delete-flood,16,4800,1991,12,0,0,1,1,0
B,4,45,Clustered,Delete-flood,17,5100,2004,12,0,0,1,1,0
B,4,45,Clustered,Delete-flood,18,5400,2013,12,0,0,1,1,0
B,4,45,Clustered,Delete-flood,19,5700,2027,12,0,0,1,1,0
B,4,45,Clustered,Delete-flood,20,6000,2041,12,0,0,1,1,0
B,4,45,Clustered,Delete-flood,21,6300,2057,12,0,0,1,1,0
B,4,45,Clustered,Delete-flood,22,6600,2069,12,0,0,1,1,0
B,4,45,Clustered,Delete-flood,23,6900,2079,12,0,0,1,1,0
B,4,45,Clustered,Delete-flood,24,7200,2094,12,0,0,1,1,0
B,4,45,Clustered,Delete-flood,25,7500,2108,12,0,0,1,1,0
B,4,45,Clustered,Delete-flood,26,7800,2118,12,0,0,1,1,0
B,4,45,Clustered,Delete-flood,27,8100,2129,12,0,0,1,1,0
B,4,45,Clustered,Delete-flood,28,8400,2139,12,0,0,1,1,0
B,4,45,Clustered,Delete-flood,29,8700,2150,12,0,0,1,1,0
B,4,45,Clustered,Delete-flood,30,9000,2161,12,0,0,1,1,0
B,4,45,Clustered,Delete-flood,31,9300,2170,12,0,0,1,1,0
B,4,45,Clustered,Delete-flood,32,9600,2188,12,0,0,1,1,0
B,4,45,Clustered,Delete-flood,33,9900,2201,12,0,0,1,1,0
B,4,45,Clustered,Delete-flood,34,10200,2214,12,0,0,1,1,0
B,4,45,Clustered,Delete-flood,35,10500,2227,12,0,0,1,1,0
B,4,45,Clustered,Delete-flood,36,10800,2235,12,0,0,1,1,0
B,4,45,Clustered,Delete-flood,37,11100,2249,12,0,0,1,1,0
B,4,45,Clustered,Delete-flood,38,11400,2273,12,0,0,1,1,0
B,4,45,Clustered,Delete-flood,39,11700,2283,12,0,0,1,1,0
B,4,45,Clustered,Delete-flood,40,12000,2297,12,0,0,1,1,0
B,4,45,Clustered,Delete-flood,41,12300,2313,12,0,0,1,1,0
B,4,45,Clustered,Delete-flood,42,12600,2329,12,0,0,1,1,0
B,4,45,Clustered,Delete-flood,43,12900,2348,12,0,0,1,1,0
B,4,45,Clustered,Delete-flood,44,13200,2360,12,0,0,1,1,0
B,4,45,Clustered,Delete-flood,45,13500,2365,12,0,0,1,1,0
B,4,45,Clustered,Delete-flood,46,13800,2379,12,0,0,1,1,0
B,4,45,Clustered,Delete-flood,47,14100,2399,12,0,0,1,1,0
B,4,45,Clustered,Delete-flood,48,14400,2416,12,0,0,1,1,0
B,4,45,Clustered,Delete-flood,49,14700,2427,12,0,0,1,1,0
B,4,45,Clustered,Delete-flood,50,15000,2441,12,0,0,1,1,0
B,4,45,Clustered,Delete-flood,51,15300,2453,12,0,0,1,1,0
B,4,45,Clustered,Delete-flood,52,15600,2463,12,0,0,1,1,0
B,4,45,Clustered,Delete-flood,53,15900,2473,12,0,0,1,1,0
B,4,45,Clustered,Delete-flood,54,16200,2494,12,0,0,1,1,0
B,4,45,Clustered,Delete-flood,55,16500,2510,12,0,0,1,1,0
B,4,45,Clustered,Delete-flood,56,16800,2520,12,0,0,1,1,0
B,4,45,Clustered,Delete-flood,57,17100,2532,12,0,0,1,1,0
B,4,45,Clustered,Delete-flood,58,17400,2543,12,0,0,1,1,0
B,4,45,Clustered,Delete-flood,59,17700,2555,12,0,0,1,1,0
B,4,45,Clustered,Delete-flood,60,18000,2565,12,0,0,1,1,0
B,4,45,Clustered,Delete-flood,61,18300,2577,12,0,0,1,1,0
B,4,45,Clustered,Delete-flood,62,18600,2587,12,0,0,1,1,0
B,4,45,Clustered,Delete-flood,63,18900,2598,12,0,0,1,1,0
B,4,45,Clustered,Delete-flood,64,19200,2613,12,0,0,1,1,0
B,4,45,Clustered,Delete-flood,65,19500,2628,12,0,0,1,1,0
B,4,45,Clustered,Delete-flood,66,19800,2637,12,0,0,1,1,0
B,4,45,Clustered,Delete-flood,67,20100,2656,12,0,0,1,1,0
B,4,45,Clustered,Delete-flood,68,20400,2674,12,0,0,1,1,0
B,4,45,Clustered,Delete-flood,69,20700,2689,12,0,0,1,1,0
B,4,45,Clustered,Delete-flood,70,21000,2695,12,0,0,1,1,0
B,4,45,Clustered,Delete-flood,71,21300,2710,12,0,0,1,1,0
B,4,45,Clustered,Delete-flood,72,21600,2725,12,0,0,1,1,0
B,4,45,Clustered,Delete-flood,73,21900,2745,12,0,0,1,1,0
B,4,45,Clustered,Delete-flood,74,22200,2755,12,0,0,1,1,0
B,4,45,Clustered,Delete-flood,75,22500,2771,12,0,0,1,1,0
B,4,45,Clustered,Delete-flood,76,22800,2781,12,0,0,1,1,0
B,4,45,Clustered,Delete-flood,77,23100,2796,12,0,0,1,1,0
B,4,45,Clustered,Delete-flood,78,23400,2813,12,0,0,1,1,0
B,4,45,Clustered,Delete-flood,79,23700,2823,12,0,0,1,1,0
B,4,45,Clustered,Delete-flood,80,24000,2839,12,0,0,1,1,0
B,4,45,Clustered,Delete-flood,81,24300,2847,12,0,0,1,1,0
B,4,45,Clustered,Delete-flood,82,24600,2862,12,0,0,1,1,0
B,4,45,Clustered,Delete-flood,83,24900,2878,12,0,0,1,1,0
B,4,45,Clustered,Delete-flood,84,25000,2885,12,0,0,1,1,0
B,4,45,Clustered,Write-heavy,1,300,1979,1,0,0,1,1,0
B,4,45,Clustered,Write-heavy,2,600,2124,12,0,0,1,1,0
B,4,45,Clustered,Write-heavy,3,900,2267,12,0,0,1,1,0
B,4,45,Clustered,Write-heavy,4,1200,2423,12,0,0,1,1,0
B,4,45,Clustered,Write-heavy,5,1500,2586,12,0,0,1,1,0
B,4,45,Clustered,Write-heavy,6,1800,2736,12,0,0,1,1,0
B,4,45,Clustered,Write-heavy,7,2100,2901,12,0,0,1,1,0
B,4,45,Clustered,Write-heavy,8,2400,3036,12,0,0,1,1,0
B,4,45,Clustered,Write-heavy,9,2700,3186,12,0,0,1,1,0
B,4,45,Clustered,Write-heavy,10,3000,3329,12,0,0,1,1,0
B,4,45,Clustered,Write-heavy,11,3300,3467,12,0,0,1,1,0
B,4,45,Clustered,Write-heavy,12,3600,3628,12,0,0,1,1,0
B,4,45,Clustered,Write-heavy,13,3900,3771,12,0,0,1,1,0
B,4,45,Clustered,Write-heavy,14,4200,3907,12,-1,-1,0,0,1
B,4,45,Clustered,Write-heavy,15,4500,4050,21,0,0,1,1,1
B,4,45,Clustered,Write-heavy,16,4800,4198,21,0,0,1,1,1
B,4,45,Clustered,Write-heavy,17,5100,4339,21,0,0,1,1,1
B,4,45,Clustered,Write-heavy,18,5400,4479,21,0,0,1,1,1
B,4,45,Clustered,Write-heavy,19,5700,4640,21,0,0,1,1,1
B,4,45,Clustered,Write-heavy,20,6000,4787,21,0,0,1,1,1
B,4,45,Clustered,Write-heavy,21,6300,4938,21,0,0,1,1,1
B,4,45,Clustered,Write-heavy,22,6600,5086,21,0,0,1,1,1
B,4,45,Clustered,Write-heavy,23,6900,5226,21,0,0,1,1,1
B,4,45,Clustered,Write-heavy,24,7200,5381,21,0,0,1,1,1
B,4,45,Clustered,Write-heavy,25,7500,5536,21,0,0,1,1,1
B,4,45,Clustered,Write-heavy,26,7800,5682,21,0,0,1,1,1
B,4,45,Clustered,Write-heavy,27,8100,5833,21,0,0,1,1,1
B,4,45,Clustered,Write-heavy,28,8400,5967,29,0,0,1,1,1
B,4,45,Clustered,Write-heavy,29,8700,6121,29,0,0,1,1,1
B,4,45,Clustered,Write-heavy,30,9000,6260,29,0,0,1,1,1
B,4,45,Clustered,Write-heavy,31,9300,6399,29,0,0,1,1,1
B,4,45,Clustered,Write-heavy,32,9600,6554,29,0,0,1,1,1
B,4,45,Clustered,Write-heavy,33,9900,6711,29,0,0,1,1,1
B,4,45,Clustered,Write-heavy,34,10200,6851,29,0,0,1,1,1
B,4,45,Clustered,Write-heavy,35,10500,7006,29,0,0,1,1,1
B,4,45,Clustered,Write-heavy,36,10800,7156,29,0,0,1,1,1
B,4,45,Clustered,Write-heavy,37,11100,7314,29,0,0,1,1,1
B,4,45,Clustered,Write-heavy,38,11400,7464,29,0,0,1,1,1
B,4,45,Clustered,Write-heavy,39,11700,7622,29,0,0,1,1,1
B,4,45,Clustered,Write-heavy,40,12000,7786,29,0,0,1,1,1
B,4,45,Clustered,Write-heavy,41,12300,7928,29,0,0,1,1,1
B,4,45,Clustered,Write-heavy,42,12600,8080,34,0,0,1,1,1
B,4,45,Clustered,Write-heavy,43,12900,8245,34,0,0,1,1,1
B,4,45,Clustered,Write-heavy,44,13200,8386,34,0,0,1,1,1
B,4,45,Clustered,Write-heavy,45,13500,8555,34,0,0,1,1,1
B,4,45,Clustered,Write-heavy,46,13800,8717,34,0,0,1,1,1
B,4,45,Clustered,Write-heavy,47,14100,8857,34,0,0,1,1,1
B,4,45,Clustered,Write-heavy,48,14400,9011,34,0,0,1,1,1
B,4,45,Clustered,Write-heavy,49,14700,9168,34,0,0,1,1,1
B,4,45,Clustered,Write-heavy,50,15000,9316,34,0,0,1,1,1
B,4,45,Clustered,Write-heavy,51,15300,9465,34,0,0,1,1,1
B,4,45,Clustered,Write-heavy,52,15600,9609,34,0,0,1,1,1
B,4,45,Clustered,Write-heavy,53,15900,9763,34,0,0,1,1,1
B,4,45,Clustered,Write-heavy,54,16200,9906,34,0,0,1,1,1
B,4,45,Clustered,Write-heavy,55,16500,10051,36,0,0,1,1,1
B,4,45,Clustered,Write-heavy,56,16800,10211,36,0,0,1,1,1
B,4,45,Clustered,Write-heavy,57,17100,10364,36,0,0,1,1,1
B,4,45,Clustered,Write-heavy,58,17400,10516,36,0,0,1,1,1
B,4,45,Clustered,Write-heavy,59,17700,10669,36,0,0,1,1,1
B,4,45,Clustered,Write-heavy,60,18000,10816,36,0,0,1,1,1
B,4,45,Clustered,Write-heavy,61,18300,10979,36,0,0,1,1,1
B,4,45,Clustered,Write-heavy,62,18600,11135,36,0,0,1,1,1
B,4,45,Clustered,Write-heavy,63,18900,11288,36,0,0,1,1,1
B,4,45,Clustered,Write-heavy,64,19200,11431,36,0,0,1,1,1
B,4,45,Clustered,Write-heavy,65,19500,11587,36,0,0,1,1,1
B,4,45,Clustered,Write-heavy,66,19800,11725,36,0,0,1,1,1
B,4,45,Clustered,Write-heavy,67,20100,11876,36,0,0,1,1,1
B,4,45,Clustered,Write-heavy,68,20400,12032,47,0,0,1,1,1
B,4,45,Clustered,Write-heavy,69,20700,12183,47,0,0,1,1,1
B,4,45,Clustered,Write-heavy,70,21000,12333,47,0,0,1,1,1
B,4,45,Clustered,Write-heavy,71,21300,12482,47,0,0,1,1,1
B,4,45,Clustered,Write-heavy,72,21600,12630,47,0,0,1,1,1
B,4,45,Clustered,Write-heavy,73,21900,12784,47,0,0,1,1,1
B,4,45,Clustered,Write-heavy,74,22200,12932,47,0,0,1,1,1
B,4,45,Clustered,Write-heavy,75,22500,13076,47,0,0,1,1,1
B,4,45,Clustered,Write-heavy,76,22800,13242,47,0,0,1,1,1
B,4,45,Clustered,Write-heavy,77,23100,13400,47,0,0,1,1,1
B,4,45,Clustered,Write-heavy,78,23400,13553,47,0,0,1,1,1
B,4,45,Clustered,Write-heavy,79,23700,13708,47,0,0,1,1,1
B,4,45,Clustered,Write-heavy,80,24000,13852,47,0,0,1,1,1
B,4,45,Clustered,Write-heavy,81,24300,13992,52,0,0,1,1,1
B,4,45,Clustered,Write-heavy,82,24600,14132,52,0,0,1,1,1
B,4,45,Clustered,Write-heavy,83,24900,14275,52,0,0,1,1,1
B,4,45,Clustered,Write-heavy,84,25000,14326,52,0,0,1,1,1
